Workbook

Sheet Instructions & Legend
A1: ISMS-IMP-A.5.9.3 - Quality Compliance ISO/IEC 27001:2022 - Control A.5.9: Inventory of Information and Assets
A3: Document Information
A4: Document ID | B4: ISMS-IMP-A.5.9.3
A5: Workbook Title | B5: Quality Compliance
A6: Control Reference | B6: ISO/IEC 27001:2022 - Control A.5.9: Inventory of Information and Assets
A7: Version | B7: 1.0
A8: Assessment Date
A9: Completed By
A10: Organisation
A12: Instructions
A13: 1. Complete the Accuracy Sampling sheet using statistical sampling methodology.
A14: 2. Complete the Completeness Assessment sheet for all mandatory fields.
A15: 3. Complete the Currency Assessment sheet for data freshness verification.
A16: 4. Complete the Consistency Checks sheet for cross-system alignment.
A17: 5. Complete the Policy Compliance Matrix sheet for policy adherence.
A18: 6. Review the Quality Metrics and Scoring sheet for the overall quality index.
A19: 7. Link evidence in the Evidence Register sheet.
A20: 8. Obtain approvals in the Approval Sign-Off sheet.
A22: Status Legend
A23: Symbol | B23: Status | C23: Description
A24: ✓ | B24: Compliant / Complete | C24: Requirement fully met
A25: ⚠ | B25: Partial / In Progress | C25: Partially met or in progress
A26: ✗ | B26: Non-Compliant / Not Started | C26: Requirement not met
A27: — | B27: Not Applicable | C27: Not applicable to this assessment

Sheet Accuracy Sampling
A1: ACCURACY SAMPLING
A2: ISO/IEC 27001:2022 - Control A.5.9: Inventory of Information and Assets
A3: Sample ID | B3: Asset Category | C3: Asset ID (Inventory) | D3: Attribute Verified | E3: Inventory Value | F3: Ground Truth Value | G3: Match? | H3: Discrepancy Type | I3: Verification Method | J3: Verified By | K3: Verification Date | L3: Corrected? | M3: Evidence ID | N3: Notes
A4: ACC-001 | B4: Information Assets | C4: DB-PROD-001 | D4: Database Size | E4: 500 GB | F4: 482 GB | G4: No
A5: ACC-002 | B5: IT Infrastructure | C5: SRV-WEB-023 | D5: IP Address | E5: 10.1.2.45 | F5: 10.1.2.45 | G5: Yes
A6: ACC-003 | B6: Applications | C6: APP-JIRA-001 | D6: Owner | E6: John Doe | F6: Jane Smith | G6: No
A7: ACC-004 | B7: Personnel Assets | C7: PER-ENG-042 | D7: Department | E7: Engineering | F7: Engineering | G7: Yes
A60: ACCURACY SAMPLING SUMMARY
A61: Total Samples | B61: =COUNTA(A4:A7)
A62: Matches (Accurate) | B62: =COUNTIF(G4:G7,"Yes")
A63: Accuracy % | B63: =IFERROR(B62/B61*100,0)
A64: Target | B64: 98%
A65: Gap | B65: =B63-98
A66: Status | B66: =IF(B63>=98,"✅ High Quality",IF(B63>=93,"⚠️ Needs Improvement","❌ Poor Quality"))

Sheet Completeness Assessment
A1: COMPLETENESS ASSESSMENT
A2: ISO/IEC 27001:2022 - Control A.5.9: Inventory of Information and Assets
A3: Asset Category | B3: Mandatory Field | C3: Total Assets | D3: Assets with Field Populated | E3: Completeness % | F3: Target % | G3: Gap | H3: Status | I3: Missing Count | J3: Evidence ID | K3: Notes
A4: Information Assets | B4: Asset Name | E4: =IFERROR(D4/C4*100,0) | F4: 95% | G4: =E4-95 | H4: =IF(E4>=95,"✅ Complete",IF(E4>=90,"⚠️ At Risk","❌ Incomplete")) | I4: =C4-D4
A5: Information Assets | B5: Owner | E5: =IFERROR(D5/C5*100,0) | F5: 95% | G5: =E5-95 | H5: =IF(E5>=95,"✅ Complete",IF(E5>=90,"⚠️ At Risk","❌ Incomplete")) | I5: =C5-D5
A6: Information Assets | B6: Classification | E6: =IFERROR(D6/C6*100,0) | F6: 95% | G6: =E6-95 | H6: =IF(E6>=95,"✅ Complete",IF(E6>=90,"⚠️ At Risk","❌ Incomplete")) | I6: =C6-D6
A7: Information Assets | B7: Location | E7: =IFERROR(D7/C7*100,0) | F7: 95% | G7: =E7-95 | H7: =IF(E7>=95,"✅ Complete",IF(E7>=90,"⚠️ At Risk","❌ Incomplete")) | I7: =C7-D7
A8: IT Infrastructure | B8: Asset Name | E8: =IFERROR(D8/C8*100,0) | F8: 95% | G8: =E8-95 | H8: =IF(E8>=95,"✅ Complete",IF(E8>=90,"⚠️ At Risk","❌ Incomplete")) | I8: =C8-D8
A9: IT Infrastructure | B9: IP Address / Hostname | E9: =IFERROR(D9/C9*100,0) | F9: 95% | G9: =E9-95 | H9: =IF(E9>=95,"✅ Complete",IF(E9>=90,"⚠️ At Risk","❌ Incomplete")) | I9: =C9-D9
A10: IT Infrastructure | B10: Owner | E10: =IFERROR(D10/C10*100,0) | F10: 95% | G10: =E10-95 | H10: =IF(E10>=95,"✅ Complete",IF(E10>=90,"⚠️ At Risk","❌ Incomplete")) | I10: =C10-D10
A11: IT Infrastructure | B11: Location | E11: =IFERROR(D11/C11*100,0) | F11: 95% | G11: =E11-95 | H11: =IF(E11>=95,"✅ Complete",IF(E11>=90,"⚠️ At Risk","❌ Incomplete")) | I11: =C11-D11
A12: Applications | B12: Application Name | E12: =IFERROR(D12/C12*100,0) | F12: 95% | G12: =E12-95 | H12: =IF(E12>=95,"✅ Complete",IF(E12>=90,"⚠️ At Risk","❌ Incomplete")) | I12: =C12-D12
A13: Applications | B13: Version | E13: =IFERROR(D13/C13*100,0) | F13: 95% | G13: =E13-95 | H13: =IF(E13>=95,"✅ Complete",IF(E13>=90,"⚠️ At Risk","❌ Incomplete")) | I13: =C13-D13
A14: Applications | B14: Owner | E14: =IFERROR(D14/C14*100,0) | F14: 95% | G14: =E14-95 | H14: =IF(E14>=95,"✅ Complete",IF(E14>=90,"⚠️ At Risk","❌ Incomplete")) | I14: =C14-D14
A15: Applications | B15: Business Purpose | E15: =IFERROR(D15/C15*100,0) | F15: 95% | G15: =E15-95 | H15: =IF(E15>=95,"✅ Complete",IF(E15>=90,"⚠️ At Risk","❌ Incomplete")) | I15: =C15-D15
... A18: Physical Assets | B18: Custodian | E18: =IFERROR(D18/C18*100,0) | F18: 95% | G18: =E18-95 | H18: =IF(E18>=95,"✅ Complete",IF(E18>=90,"⚠️ At Risk","❌ Incomplete")) | I18: =C18-D18
A19: Personnel Assets | B19: Name | E19: =IFERROR(D19/C19*100,0) | F19: 100% | G19: =E19-100 | H19: =IF(E19>=100,"✅ Complete",IF(E19>=95,"⚠️ At Risk","❌ Incomplete")) | I19: =C19-D19
A20: Personnel Assets | B20: Role | E20: =IFERROR(D20/C20*100,0) | F20: 100% | G20: =E20-100 | H20: =IF(E20>=100,"✅ Complete",IF(E20>=95,"⚠️ At Risk","❌ Incomplete")) | I20: =C20-D20
A21: Personnel Assets | B21: Department | E21: =IFERROR(D21/C21*100,0) | F21: 100% | G21: =E21-100 | H21: =IF(E21>=100,"✅ Complete",IF(E21>=95,"⚠️ At Risk","❌ Incomplete")) | I21: =C21-D21
A22: Personnel Assets | B22: Manager | E22: =IFERROR(D22/C22*100,0) | F22: 100% | G22: =E22-100 | H22: =IF(E22>=100,"✅ Complete",IF(E22>=95,"⚠️ At Risk","❌ Incomplete")) | I22: =C22-D22
A25: COMPLETENESS SUMMARY
A26: Average Completeness % | B26: =IFERROR(AVERAGE(E4:E22),0)
A27: Target | B27: 95%
A28: Gap | B28: =B26-95
A29: Status | B29: =IF(B26>=95,"✅ High Quality",IF(B26>=90,"⚠️ Needs Improvement","❌ Poor Quality"))

Sheet Currency Assessment
A1: CURRENCY ASSESSMENT
A2: ISO/IEC 27001:2022 - Control A.5.9: Inventory of Information and Assets
A3: Asset Category | B3: Currency Metric | C3: Total Assets | D3: Assets Meeting Currency Target | E3: Currency % | F3: Target % | G3: Gap | H3: Status | I3: Stale Assets Count | J3: Evidence ID | K3: Notes
A4: Information Assets | B4: Last Reviewed <90 days | E4: =IFERROR(D4/C4*100,0) | F4: 90% | G4: =E4-90 | H4: =IF(E4>=90,"✅ Current",IF(E4>=85,"⚠️ At Risk","❌ Stale")) | I4: =C4-D4
A5: Information Assets | B5: Last Updated <180 days | E5: =IFERROR(D5/C5*100,0) | F5: 90% | G5: =E5-90 | H5: =IF(E5>=90,"✅ Current",IF(E5>=85,"⚠️ At Risk","❌ Stale")) | I5: =C5-D5
A6: IT Infrastructure | B6: Last Reviewed <90 days | E6: =IFERROR(D6/C6*100,0) | F6: 90% | G6: =E6-90 | H6: =IF(E6>=90,"✅ Current",IF(E6>=85,"⚠️ At Risk","❌ Stale")) | I6: =C6-D6
A7: IT Infrastructure | B7: Last Scanned <30 days | E7: =IFERROR(D7/C7*100,0) | F7: 90% | G7: =E7-90 | H7: =IF(E7>=90,"✅ Current",IF(E7>=85,"⚠️ At Risk","❌ Stale")) | I7: =C7-D7
A8: Applications | B8: Last Reviewed <180 days | E8: =IFERROR(D8/C8*100,0) | F8: 90% | G8: =E8-90 | H8: =IF(E8>=90,"✅ Current",IF(E8>=85,"⚠️ At Risk","❌ Stale")) | I8: =C8-D8
A9: Applications | B9: Version Current | E9: =IFERROR(D9/C9*100,0) | F9: 90% | G9: =E9-90 | H9: =IF(E9>=90,"✅ Current",IF(E9>=85,"⚠️ At Risk","❌ Stale")) | I9: =C9-D9
A10: Physical Assets | B10: Last Inspected <365 days | E10: =IFERROR(D10/C10*100,0) | F10: 90% | G10: =E10-90 | H10: =IF(E10>=90,"✅ Current",IF(E10>=85,"⚠️ At Risk","❌ Stale")) | I10: =C10-D10
A11: Personnel Assets | B11: Last Updated <30 days | E11: =IFERROR(D11/C11*100,0) | F11: 100% | G11: =E11-100 | H11: =IF(E11>=100,"✅ Current",IF(E11>=95,"⚠️ At Risk","❌ Stale")) | I11: =C11-D11
A14: CURRENCY SUMMARY
A15: Average Currency % | B15: =IFERROR(AVERAGE(E4:E11),0)
A16: Target | B16: 90%
A17: Gap | B17: =B15-90
A18: Status | B18: =IF(B15>=90,"✅ High Quality",IF(B15>=85,"⚠️ Needs Improvement","❌ Poor Quality"))

Sheet Consistency Checks
A1: CONSISTENCY CHECKS
A2: ISO/IEC 27001:2022 - Control A.5.9: Inventory of Information and Assets
A3: Consistency Check | B3: System A | C3: System B | D3: Records in A | E3: Records in B | F3: Matches | G3: Consistency % | H3: Target % | I3: Gap | J3: Status | K3: Evidence ID | L3: Notes
A4: IT Assets: Inventory ↔ CMDB | B4: Asset Inventory | C4: CMDB | G4: =IFERROR(F4/MAX(D4,E4)*100,0) | H4: 95% | I4: =G4-95 | J4: =IF(G4>=95,"✅ Consistent",IF(G4>=90,"⚠️ At Risk","❌ Inconsistent"))
A5: Servers: Inventory ↔ Network Scan | B5: Asset Inventory | C5: Network Scan Results | G5: =IFERROR(F5/MAX(D5,E5)*100,0) | H5: 95% | I5: =G5-95 | J5: =IF(G5>=95,"✅ Consistent",IF(G5>=90,"⚠️ At Risk","❌ Inconsistent"))
A6: Personnel: Inventory ↔ HR System | B6: Asset Inventory | C6: HR System | G6: =IFERROR(F6/MAX(D6,E6)*100,0) | H6: 100% | I6: =G6-100 | J6: =IF(G6>=100,"✅ Consistent",IF(G6>=95,"⚠️ At Risk","❌ Inconsistent"))
A7: Applications: Inventory ↔ License DB | B7: Asset Inventory | C7: License Database | G7: =IFERROR(F7/MAX(D7,E7)*100,0) | H7: 95% | I7: =G7-95 | J7: =IF(G7>=95,"✅ Consistent",IF(G7>=90,"⚠️ At Risk","❌ Inconsistent"))
A8: Hardware: Inventory ↔ Procurement | B8: Asset Inventory | C8: Procurement Records | G8: =IFERROR(F8/MAX(D8,E8)*100,0) | H8: 95% | I8: =G8-95 | J8: =IF(G8>=95,"✅ Consistent",IF(G8>=90,"⚠️ At Risk","❌ Inconsistent"))
A9: Cloud Resources: Inventory ↔ Cloud API | B9: Asset Inventory | C9: AWS/Azure API | G9: =IFERROR(F9/MAX(D9,E9)*100,0) | H9: 95% | I9: =G9-95 | J9: =IF(G9>=95,"✅ Consistent",IF(G9>=90,"⚠️ At Risk","❌ Inconsistent"))
A12: CONSISTENCY SUMMARY
A13: Average Consistency % | B13: =IFERROR(AVERAGE(G4:G9),0)
A14: Target | B14: 95%
A15: Gap | B15: =B13-95
A16: Status | B16: =IF(B13>=95,"✅ High Quality",IF(B13>=90,"⚠️ Needs Improvement","❌ Poor Quality"))

Sheet Policy Compliance Matrix
A1: POLICY COMPLIANCE MATRIX
A2: ISO/IEC 27001:2022 - Control A.5.9: Inventory of Information and Assets
A3: Policy Requirement | B3: SHALL Requirement | C3: Compliant Assets | D3: Total Assets | E3: Compliance % | F3: Target | G3: Gap | H3: Status | I3: Evidence ID | J3: Notes
A4: Asset Ownership | B4: [Organisation] SHALL assign an owner to each asset | E4: =IFERROR(C4/D4*100,0) | F4: 100% | G4: =E4-100 | H4: =IF(E4=100,"✅ Compliant",IF(E4>=95,"⚠️ Minor Gap","❌ Non-Compliant"))
A5: Classification | B5: [Organisation] SHALL classify information assets by sensitivity | E5: =IFERROR(C5/D5*100,0) | F5: 100% | G5: =E5-100 | H5: =IF(E5=100,"✅ Compliant",IF(E5>=95,"⚠️ Minor Gap","❌ Non-Compliant"))
A6: Acceptable Use | B6: Asset owners SHALL define acceptable use restrictions | E6: =IFERROR(C6/D6*100,0) | F6: 100% | G6: =E6-100 | H6: =IF(E6=100,"✅ Compliant",IF(E6>=95,"⚠️ Minor Gap","❌ Non-Compliant"))
A7: Handling Requirements | B7: Asset owners SHALL document handling requirements | E7: =IFERROR(C7/D7*100,0) | F7: 100% | G7: =E7-100 | H7: =IF(E7=100,"✅ Compliant",IF(E7>=95,"⚠️ Minor Gap","❌ Non-Compliant"))
A8: Inventory Maintenance | B8: [Organisation] SHALL maintain current and accurate inventory | E8: =IFERROR(C8/D8*100,0) | F8: 100% | G8: =E8-100 | H8: =IF(E8=100,"✅ Compliant",IF(E8>=95,"⚠️ Minor Gap","❌ Non-Compliant"))
A9: Periodic Review | B9: Asset owners SHALL review assets at least annually | E9: =IFERROR(C9/D9*100,0) | F9: 100% | G9: =E9-100 | H9: =IF(E9=100,"✅ Compliant",IF(E9>=95,"⚠️ Minor Gap","❌ Non-Compliant"))
A10: Decommissioning | B10: [Organisation] SHALL follow secure decommissioning procedures | E10: =IFERROR(C10/D10*100,0) | F10: 100% | G10: =E10-100 | H10: =IF(E10=100,"✅ Compliant",IF(E10>=95,"⚠️ Minor Gap","❌ Non-Compliant"))
A13: POLICY COMPLIANCE SUMMARY
A14: Average Policy Compliance % | B14: =IFERROR(AVERAGE(E4:E10),0)
A15: Target | B15: 100%
A16: Gap | B16: =B14-100
A17: Status | B17: =IF(B14=100,"✅ Fully Compliant",IF(B14>=95,"⚠️ Minor Gaps","❌ Non-Compliant"))

Sheet Quality Metrics & Scoring
A1: QUALITY METRICS & SCORING
A3: Quality Dimension | B3: Score % | C3: Weight % | D3: Weighted Score | E3: Target % | F3: Gap | G3: Status
A4: Accuracy | B4: ='Accuracy Sampling'!B62 | C4: 30% | D4: =B4*30/100 | E4: 98% | F4: =B4-98/100 | G4: =IF(B4>=98/100,"✅ High",IF(B4>=98/100-0.05,"⚠️ Medium","❌ Low"))
A5: Completeness | B5: ='Completeness Assessment'!B28 | C5: 25% | D5: =B5*25/100 | E5: 95% | F5: =B5-95/100 | G5: =IF(B5>=95/100,"✅ High",IF(B5>=95/100-0.05,"⚠️ Medium","❌ Low"))
A6: Currency | B6: ='Currency Assessment'!B16 | C6: 20% | D6: =B6*20/100 | E6: 90% | F6: =B6-90/100 | G6: =IF(B6>=90/100,"✅ High",IF(B6>=90/100-0.05,"⚠️ Medium","❌ Low"))
A7: Consistency | B7: ='Consistency Checks'!B13 | C7: 15% | D7: =B7*15/100 | E7: 95% | F7: =B7-95/100 | G7: =IF(B7>=95/100,"✅ High",IF(B7>=95/100-0.05,"⚠️ Medium","❌ Low"))
A8: Policy Compliance | B8: ='Policy Compliance Matrix'!B15 | C8: 10% | D8: =B8*10/100 | E8: 100% | F8: =B8-100/100 | G8: =IF(B8>=100/100,"✅ High",IF(B8>=100/100-0.05,"⚠️ Medium","❌ Low"))
A11: OVERALL QUALITY INDEX | B11: =SUM(D4:D8)
A12: Overall Target | B12: 97%
A13: Overall Gap | B13: =B11-0.97
A14: Overall Status | B14: =IF(B11>=0.97,"✅ High Quality",IF(B11>=0.92,"⚠️ Needs Improvement","❌ Poor Quality"))
A17: CSV EXPORT FOR DASHBOARD (Copy rows below)
A18: Quality_Dimension | B18: Score_% | C18: Status
A19: =A4 | B19: =B4 | C19: =G4
A20: =A5 | B20: =B5 | C20: =G5
A21: =A6 | B21: =B6 | C21: =G6
A22: =A7 | B22: =B7 | C22: =G7
A23: =A8 | B23: =B8 | C23: =G8

Sheet Evidence Register
A1: EVIDENCE REGISTER
A2: ISO/IEC 27001:2022 - Control A.5.9: Inventory of Information and Assets
A4: Evidence ID | B4: Evidence Type | C4: Description | D4: Related Control / Section | E4: Collection Date (DD.MM.YYYY) | F4: Storage Location / Reference | G4: Collected By | H4: Verification Status
A5: EV-001 | B5: Document | C5: Sample evidence entry — replace with actual evidence | D5: A.5.9 All Domains | E5: 01.01.2026 | F5: SharePoint/ISMS/Evidence/ | G5: ISMS Team | H5: Not verified

Sheet Summary Dashboard
A1: QUALITY & COMPLIANCE ASSESSMENT — SUMMARY DASHBOARD
A2: ISO 27001:2022 · Control A.5.9 · Inventory of Information and Assets
A4: TABLE 1: COMPLIANCE ASSESSMENT
A5: Assessment Area | B5: Compliant | C5: Non-Compliant | D5: Total Items | E5: Compliance %
A6: Inventory Data Accuracy | B6: =COUNTIF('Accuracy Sampling'!G4:G57,"Yes") | C6: =D6-B6 | D6: =COUNTA('Accuracy Sampling'!A4:A57) | E6: =IFERROR(B6/D6,0)
A7: Inventory Data Completeness | B7: =COUNTIF('Completeness Assessment'!H4:H53,"✅ Complete") | C7: =D7-B7 | D7: =COUNTA('Completeness Assessment'!A4:A53) | E7: =IFERROR(B7/D7,0)
A8: Inventory Data Currency | B8: =COUNTIF('Currency Assessment'!H4:H53,"✅ Current") | C8: =D8-B8 | D8: =COUNTA('Currency Assessment'!A4:A53) | E8: =IFERROR(B8/D8,0)
A9: Cross-System Data Consistency | B9: =COUNTIF('Consistency Checks'!J4:J53,"✅ Consistent") | C9: =D9-B9 | D9: =COUNTA('Consistency Checks'!A4:A53) | E9: =IFERROR(B9/D9,0)
A10: Policy Compliance Coverage | B10: =COUNTIF('Policy Compliance Matrix'!H4:H53,"✅ Compliant") | C10: =D10-B10 | D10: =COUNTA('Policy Compliance Matrix'!A4:A53) | E10: =IFERROR(B10/D10,0)
A11: TOTAL | B11: =SUM(B6:B10) | C11: =SUM(C6:C10) | D11: =SUM(D6:D10) | E11: =IFERROR(B11/D11,0)
A13: TABLE 2: KEY PERFORMANCE INDICATORS
A14: Accuracy Sampling
A15: Total Accuracy Samples Reviewed | B15: =COUNTA('Accuracy Sampling'!A4:A57)
A16: Accurate Matches (Yes) | B16: =COUNTIF('Accuracy Sampling'!G4:G57,"Yes")
A17: Corrected Discrepancies | B17: =COUNTIF('Accuracy Sampling'!L4:L57,"Yes")
A18: Quality Dimensions
A19: Complete Records | B19: =COUNTIF('Completeness Assessment'!H4:H53,"✅ Complete")
A20: Current (Not Stale) Records | B20: =COUNTIF('Currency Assessment'!H4:H53,"✅ Current")
A21: Consistent Cross-System Records | B21: =COUNTIF('Consistency Checks'!J4:J53,"✅ Consistent")
A22: Policy Compliance
A23: Policy Compliant Assets | B23: =COUNTIF('Policy Compliance Matrix'!H4:H53,"✅ Compliant")
A24: Policy Non-Compliant Assets | B24: =COUNTIF('Policy Compliance Matrix'!H4:H53,"❌ Non-Compliant")
A25: Gaps & Evidence
A26: Uncorrected Discrepancies | B26: =COUNTIF('Accuracy Sampling'!L4:L57,"No")
A27: Unverified Evidence Items | B27: =COUNTIF('Evidence Register'!H6:H105,"Not verified")
A29: TABLE 3: CRITICAL FINDINGS & RISK INDICATORS
A30: Critical Finding | B30: Count | C30: Severity | D30: ISO Reference | E30: Action Required
A31: Data accuracy failures (not matching ground truth) | B31: =COUNTIF('Accuracy Sampling'!G4:G57,"No") | C31: CRITICAL | D31: A.5.9 §4.1 | E31: Immediate — inaccurate inventory data undermines all dependent security decisions
A32: Policy non-compliance findings | B32: =COUNTIF('Policy Compliance Matrix'!H4:H53,"❌ Non-Compliant") | C32: CRITICAL | D32: A.5.9 §4.5 | E32: Immediate — policy violations require documented remediation and CISO escalation
A33: Incomplete records (below completeness threshold) | B33: =COUNTIF('Completeness Assessment'!H4:H53,"❌ Incomplete") | C33: HIGH | D33: A.5.9 §4.2 | E33: Urgent — incomplete records cannot support risk assessment or audit evidence
A34: Stale records (currency failures) | B34: =COUNTIF('Currency Assessment'!H4:H53,"❌ Stale") | C34: HIGH | D34: A.5.9 §4.3 | E34: Urgent — outdated data does not reflect current risk posture
A35: Cross-system inconsistencies | B35: =COUNTIF('Consistency Checks'!J4:J53,"❌ Inconsistent") | C35: HIGH | D35: A.5.9 §4.4 | E35: Urgent — inconsistent data creates conflicting security decisions across teams
A36: Uncorrected accuracy discrepancies | B36: =COUNTIF('Accuracy Sampling'!L4:L57,"No") | C36: HIGH | D36: A.5.9 §4.1 | E36: Plan — identified inaccuracies not corrected must be formally tracked
A37: Policy minor gaps | B37: =COUNTIF('Policy Compliance Matrix'!H4:H53,"⚠️ Minor Gap") | C37: MEDIUM | D37: A.5.9 §4.5 | E37: Plan — minor gaps require remediation plan and owner assignment
A38: Unverified evidence items | B38: =COUNTIF('Evidence Register'!H6:H105,"Not verified") | C38: MEDIUM | D38: A.5.9 §3 | E38: Plan — evidence requires verification before next audit

Sheet Approval Sign-Off
A1: ASSESSMENT APPROVAL AND SIGN-OFF
A2: ISO/IEC 27001:2022 - Control A.5.9: Inventory of Information and Assets
A3: ASSESSMENT SUMMARY
A4: Document: | B4: ISMS-IMP-A.5.9.3 - Quality Compliance
A5: Assessment Period:
A6: Overall Compliance Rating: | B6: =IFERROR(AVERAGE('Summary Dashboard'!G6:G10),"")
A7: Assessment Status:
A8: Assessed By:
A11: COMPLETED BY (ASSESSOR)
A12: Name:
A13: Title:
A14: Date:
A15: Signature:
A16: Comments:
A18: REVIEWED BY (INFORMATION SECURITY OFFICER)
A19: Name:
A20: Title:
A21: Date:
... A38: Special Considerations:
