Workbook

Sheet Instructions & Legend
A1: ISMS-IMP-A.5.9.1 - Asset Discovery ISO/IEC 27001:2022 - Control A.5.9: Inventory of Information and Assets
A3: Document Information
A4: Document ID | B4: ISMS-IMP-A.5.9.1
A5: Workbook Title | B5: Asset Discovery
A6: Control Reference | B6: ISO/IEC 27001:2022 - Control A.5.9: Inventory of Information and Assets
A7: Version | B7: 1.0
A8: Assessment Date
A9: Completed By
A10: Organisation
A12: Instructions
A13: 1. Complete the Information Assets Discovery sheet with all information asset subcategories.
A14: 2. Complete the IT Infrastructure Discovery sheet with all IT infrastructure assets.
A15: 3. Complete the Applications Discovery sheet with all application assets.
A16: 4. Complete the Physical Assets Discovery sheet with all physical assets.
A17: 5. Complete the Personnel Assets Discovery sheet with all personnel asset roles.
A18: 6. Review the Discovery Metrics & Summary sheet for completeness scores.
A19: 7. Link evidence in the Evidence Register sheet.
A20: 8. Obtain approvals in the Approval Sign-Off sheet.
A22: Status Legend
A23: Symbol | B23: Status | C23: Description
A24: ✓ | B24: Compliant / Complete | C24: Requirement fully met
A25: ⚠ | B25: Partial / In Progress | C25: Partially met or in progress
A26: ✗ | B26: Non-Compliant / Not Started | C26: Requirement not met
A27: — | B27: Not Applicable | C27: Not applicable to this assessment

Sheet Information Assets Discovery
A1: INFORMATION ASSETS DISCOVERY ASSESSMENT
A2: ISO/IEC 27001:2022 - Control A.5.9: Inventory of Information and Assets
A3: Asset Subcategory | B3: Discovery Method | C3: Expected Count | D3: Discovered Count | E3: Completeness % | F3: Compliance Status | G3: Gaps Identified | H3: Discovery Evidence | I3: Next Discovery Actions | J3: Responsible Party | K3: Target Date | L3: Evidence ID | M3: Notes
A4: Databases (Production) | E4: =IFERROR(D4/C4*100,0) | F4: =IF(E4>=95,"✅ Compliant",IF(E4>=85,"⚠️ At Risk","❌ Non-Compliant"))
A5: Databases (Development/Test) | E5: =IFERROR(D5/C5*100,0) | F5: =IF(E5>=95,"✅ Compliant",IF(E5>=85,"⚠️ At Risk","❌ Non-Compliant"))
A6: Data Warehouses / Analytics | E6: =IFERROR(D6/C6*100,0) | F6: =IF(E6>=95,"✅ Compliant",IF(E6>=85,"⚠️ At Risk","❌ Non-Compliant"))
A7: File Shares (Departmental) | E7: =IFERROR(D7/C7*100,0) | F7: =IF(E7>=95,"✅ Compliant",IF(E7>=85,"⚠️ At Risk","❌ Non-Compliant"))
A8: SharePoint / Document Management | E8: =IFERROR(D8/C8*100,0) | F8: =IF(E8>=95,"✅ Compliant",IF(E8>=85,"⚠️ At Risk","❌ Non-Compliant"))
A9: Business Records / Archives | E9: =IFERROR(D9/C9*100,0) | F9: =IF(E9>=95,"✅ Compliant",IF(E9>=85,"⚠️ At Risk","❌ Non-Compliant"))
A10: Email Archives | E10: =IFERROR(D10/C10*100,0) | F10: =IF(E10>=95,"✅ Compliant",IF(E10>=85,"⚠️ At Risk","❌ Non-Compliant"))
A11: Intellectual Property (Patents, Trade Secrets) | E11: =IFERROR(D11/C11*100,0) | F11: =IF(E11>=95,"✅ Compliant",IF(E11>=85,"⚠️ At Risk","❌ Non-Compliant"))
A12: Source Code Repositories | E12: =IFERROR(D12/C12*100,0) | F12: =IF(E12>=95,"✅ Compliant",IF(E12>=85,"⚠️ At Risk","❌ Non-Compliant"))
A13: Customer Data Collections | E13: =IFERROR(D13/C13*100,0) | F13: =IF(E13>=95,"✅ Compliant",IF(E13>=85,"⚠️ At Risk","❌ Non-Compliant"))
A14: Financial Records | E14: =IFERROR(D14/C14*100,0) | F14: =IF(E14>=95,"✅ Compliant",IF(E14>=85,"⚠️ At Risk","❌ Non-Compliant"))
A15: HR Records (Personnel Files) | E15: =IFERROR(D15/C15*100,0) | F15: =IF(E15>=95,"✅ Compliant",IF(E15>=85,"⚠️ At Risk","❌ Non-Compliant"))
... A18: Marketing / Sales Materials | E18: =IFERROR(D18/C18*100,0) | F18: =IF(E18>=95,"✅ Compliant",IF(E18>=85,"⚠️ At Risk","❌ Non-Compliant"))
A21: INFORMATION ASSETS SUMMARY
A22: Total Expected | B22: =SUM(C4:C18)
A23: Total Discovered | B23: =SUM(D4:D18)
A24: Overall Completeness % | B24: =IFERROR(B23/B22*100,0)
A25: Target | B25: 95%
A26: Gap vs. Target | B26: =B24-95

Sheet IT Infrastructure Discovery
A1: IT INFRASTRUCTURE DISCOVERY ASSESSMENT
A2: ISO/IEC 27001:2022 - Control A.5.9: Inventory of Information and Assets
A3: Asset Subcategory | B3: Discovery Method | C3: Expected Count | D3: Discovered Count | E3: Completeness % | F3: Compliance Status | G3: Gaps Identified | H3: Discovery Evidence | I3: Next Discovery Actions | J3: Responsible Party | K3: Target Date | L3: Evidence ID | M3: Notes
A4: Physical Servers (Production) | E4: =IFERROR(D4/C4*100,0) | F4: =IF(E4>=98,"✅ Compliant",IF(E4>=88,"⚠️ At Risk","❌ Non-Compliant"))
A5: Physical Servers (Non-Production) | E5: =IFERROR(D5/C5*100,0) | F5: =IF(E5>=98,"✅ Compliant",IF(E5>=88,"⚠️ At Risk","❌ Non-Compliant"))
A6: Virtual Servers / VMs | E6: =IFERROR(D6/C6*100,0) | F6: =IF(E6>=98,"✅ Compliant",IF(E6>=88,"⚠️ At Risk","❌ Non-Compliant"))
A7: Network Routers | E7: =IFERROR(D7/C7*100,0) | F7: =IF(E7>=98,"✅ Compliant",IF(E7>=88,"⚠️ At Risk","❌ Non-Compliant"))
A8: Network Switches | E8: =IFERROR(D8/C8*100,0) | F8: =IF(E8>=98,"✅ Compliant",IF(E8>=88,"⚠️ At Risk","❌ Non-Compliant"))
A9: Firewalls | E9: =IFERROR(D9/C9*100,0) | F9: =IF(E9>=98,"✅ Compliant",IF(E9>=88,"⚠️ At Risk","❌ Non-Compliant"))
A10: Load Balancers | E10: =IFERROR(D10/C10*100,0) | F10: =IF(E10>=98,"✅ Compliant",IF(E10>=88,"⚠️ At Risk","❌ Non-Compliant"))
A11: Storage Arrays / NAS / SAN | E11: =IFERROR(D11/C11*100,0) | F11: =IF(E11>=98,"✅ Compliant",IF(E11>=88,"⚠️ At Risk","❌ Non-Compliant"))
A12: Backup Devices / Tape Libraries | E12: =IFERROR(D12/C12*100,0) | F12: =IF(E12>=98,"✅ Compliant",IF(E12>=88,"⚠️ At Risk","❌ Non-Compliant"))
A13: Workstations / Desktops | E13: =IFERROR(D13/C13*100,0) | F13: =IF(E13>=98,"✅ Compliant",IF(E13>=88,"⚠️ At Risk","❌ Non-Compliant"))
A14: Laptops / Mobile Devices | E14: =IFERROR(D14/C14*100,0) | F14: =IF(E14>=98,"✅ Compliant",IF(E14>=88,"⚠️ At Risk","❌ Non-Compliant"))
A15: Tablets / iPads | E15: =IFERROR(D15/C15*100,0) | F15: =IF(E15>=98,"✅ Compliant",IF(E15>=88,"⚠️ At Risk","❌ Non-Compliant"))
... A19: Network Attached Devices | E19: =IFERROR(D19/C19*100,0) | F19: =IF(E19>=98,"✅ Compliant",IF(E19>=88,"⚠️ At Risk","❌ Non-Compliant"))
A22: IT INFRASTRUCTURE SUMMARY
A23: Total Expected | B23: =SUM(C4:C19)
A24: Total Discovered | B24: =SUM(D4:D19)
A25: Overall Completeness % | B25: =IFERROR(B24/B23*100,0)
A26: Target | B26: 98%
A27: Gap vs. Target | B27: =B25-98

Sheet Applications Discovery
A1: APPLICATIONS DISCOVERY ASSESSMENT
A2: ISO/IEC 27001:2022 - Control A.5.9: Inventory of Information and Assets
A3: Asset Subcategory | B3: Discovery Method | C3: Expected Count | D3: Discovered Count | E3: Completeness % | F3: Compliance Status | G3: Gaps Identified | H3: Discovery Evidence | I3: Next Discovery Actions | J3: Responsible Party | K3: Target Date | L3: Evidence ID | M3: Notes
A4: SaaS Applications (Licensed) | E4: =IFERROR(D4/C4*100,0) | F4: =IF(E4>=90,"✅ Compliant",IF(E4>=80,"⚠️ At Risk","❌ Non-Compliant"))
A5: Cloud-Hosted Applications (Custom) | E5: =IFERROR(D5/C5*100,0) | F5: =IF(E5>=90,"✅ Compliant",IF(E5>=80,"⚠️ At Risk","❌ Non-Compliant"))
A6: On-Premise Applications (COTS) | E6: =IFERROR(D6/C6*100,0) | F6: =IF(E6>=90,"✅ Compliant",IF(E6>=80,"⚠️ At Risk","❌ Non-Compliant"))
A7: On-Premise Applications (Custom/In-House) | E7: =IFERROR(D7/C7*100,0) | F7: =IF(E7>=90,"✅ Compliant",IF(E7>=80,"⚠️ At Risk","❌ Non-Compliant"))
A8: Database Management Systems | E8: =IFERROR(D8/C8*100,0) | F8: =IF(E8>=90,"✅ Compliant",IF(E8>=80,"⚠️ At Risk","❌ Non-Compliant"))
A9: Middleware / Integration Platforms | E9: =IFERROR(D9/C9*100,0) | F9: =IF(E9>=90,"✅ Compliant",IF(E9>=80,"⚠️ At Risk","❌ Non-Compliant"))
A10: Development Tools / IDEs | E10: =IFERROR(D10/C10*100,0) | F10: =IF(E10>=90,"✅ Compliant",IF(E10>=80,"⚠️ At Risk","❌ Non-Compliant"))
A11: Security Tools (SIEM, EDR, Firewall) | E11: =IFERROR(D11/C11*100,0) | F11: =IF(E11>=90,"✅ Compliant",IF(E11>=80,"⚠️ At Risk","❌ Non-Compliant"))
A12: Monitoring / Observability Tools | E12: =IFERROR(D12/C12*100,0) | F12: =IF(E12>=90,"✅ Compliant",IF(E12>=80,"⚠️ At Risk","❌ Non-Compliant"))
A13: Backup / Recovery Software | E13: =IFERROR(D13/C13*100,0) | F13: =IF(E13>=90,"✅ Compliant",IF(E13>=80,"⚠️ At Risk","❌ Non-Compliant"))
A14: Collaboration Tools (Slack, Teams, etc.) | E14: =IFERROR(D14/C14*100,0) | F14: =IF(E14>=90,"✅ Compliant",IF(E14>=80,"⚠️ At Risk","❌ Non-Compliant"))
A15: Productivity Suites (Office 365, G Suite) | E15: =IFERROR(D15/C15*100,0) | F15: =IF(E15>=90,"✅ Compliant",IF(E15>=80,"⚠️ At Risk","❌ Non-Compliant"))
... A18: Shadow IT (Unauthorised SaaS) | E18: =IFERROR(D18/C18*100,0) | F18: =IF(E18>=90,"✅ Compliant",IF(E18>=80,"⚠️ At Risk","❌ Non-Compliant"))
A21: APPLICATIONS SUMMARY
A22: Total Expected | B22: =SUM(C4:C18)
A23: Total Discovered | B23: =SUM(D4:D18)
A24: Overall Completeness % | B24: =IFERROR(B23/B22*100,0)
A25: Target | B25: 90%
A26: Gap vs. Target | B26: =B24-90

Sheet Physical Assets Discovery
A1: PHYSICAL ASSETS DISCOVERY ASSESSMENT
A2: ISO/IEC 27001:2022 - Control A.5.9: Inventory of Information and Assets
A3: Asset Subcategory | B3: Discovery Method | C3: Expected Count | D3: Discovered Count | E3: Completeness % | F3: Compliance Status | G3: Gaps Identified | H3: Discovery Evidence | I3: Next Discovery Actions | J3: Responsible Party | K3: Target Date | L3: Evidence ID | M3: Notes
A4: Data Centers / Server Rooms | E4: =IFERROR(D4/C4*100,0) | F4: =IF(E4>=90,"✅ Compliant",IF(E4>=80,"⚠️ At Risk","❌ Non-Compliant"))
A5: Office Facilities | E5: =IFERROR(D5/C5*100,0) | F5: =IF(E5>=90,"✅ Compliant",IF(E5>=80,"⚠️ At Risk","❌ Non-Compliant"))
A6: Storage Facilities (Offsite) | E6: =IFERROR(D6/C6*100,0) | F6: =IF(E6>=90,"✅ Compliant",IF(E6>=80,"⚠️ At Risk","❌ Non-Compliant"))
A7: Backup Tape Libraries (Offsite) | E7: =IFERROR(D7/C7*100,0) | F7: =IF(E7>=90,"✅ Compliant",IF(E7>=80,"⚠️ At Risk","❌ Non-Compliant"))
A8: Removable Media (USB Drives, External HDDs) | E8: =IFERROR(D8/C8*100,0) | F8: =IF(E8>=90,"✅ Compliant",IF(E8>=80,"⚠️ At Risk","❌ Non-Compliant"))
A9: Paper Records / File Cabinets | E9: =IFERROR(D9/C9*100,0) | F9: =IF(E9>=90,"✅ Compliant",IF(E9>=80,"⚠️ At Risk","❌ Non-Compliant"))
A10: Safes / Secure Storage | E10: =IFERROR(D10/C10*100,0) | F10: =IF(E10>=90,"✅ Compliant",IF(E10>=80,"⚠️ At Risk","❌ Non-Compliant"))
A11: Badge Readers / Access Control Systems | E11: =IFERROR(D11/C11*100,0) | F11: =IF(E11>=90,"✅ Compliant",IF(E11>=80,"⚠️ At Risk","❌ Non-Compliant"))
A12: CCTV / Surveillance Systems | E12: =IFERROR(D12/C12*100,0) | F12: =IF(E12>=90,"✅ Compliant",IF(E12>=80,"⚠️ At Risk","❌ Non-Compliant"))
A13: Environmental Controls (HVAC, Fire Suppression) | E13: =IFERROR(D13/C13*100,0) | F13: =IF(E13>=90,"✅ Compliant",IF(E13>=80,"⚠️ At Risk","❌ Non-Compliant"))
A14: Power Infrastructure (UPS, Generators) | E14: =IFERROR(D14/C14*100,0) | F14: =IF(E14>=90,"✅ Compliant",IF(E14>=80,"⚠️ At Risk","❌ Non-Compliant"))
A15: Network Cabling Infrastructure | E15: =IFERROR(D15/C15*100,0) | F15: =IF(E15>=90,"✅ Compliant",IF(E15>=80,"⚠️ At Risk","❌ Non-Compliant"))
A18: PHYSICAL ASSETS SUMMARY
A19: Total Expected | B19: =SUM(C4:C15)
A20: Total Discovered | B20: =SUM(D4:D15)
A21: Overall Completeness % | B21: =IFERROR(B20/B19*100,0)
A22: Target | B22: 90%
A23: Gap vs. Target | B23: =B21-90

Sheet Personnel Assets Discovery
A1: PERSONNEL ASSETS DISCOVERY ASSESSMENT
A2: ISO/IEC 27001:2022 - Control A.5.9: Inventory of Information and Assets
A3: Asset Subcategory | B3: Discovery Method | C3: Expected Count | D3: Discovered Count | E3: Completeness % | F3: Compliance Status | G3: Gaps Identified | H3: Discovery Evidence | I3: Next Discovery Actions | J3: Responsible Party | K3: Target Date | L3: Evidence ID | M3: Notes
A4: Executive Management (C-Suite) | E4: =IFERROR(D4/C4*100,0) | F4: =IF(E4=100,"✅ Compliant",IF(E4>=90,"⚠️ At Risk","❌ Non-Compliant"))
A5: Department Heads / Managers | E5: =IFERROR(D5/C5*100,0) | F5: =IF(E5=100,"✅ Compliant",IF(E5>=90,"⚠️ At Risk","❌ Non-Compliant"))
A6: Information Security Team | E6: =IFERROR(D6/C6*100,0) | F6: =IF(E6=100,"✅ Compliant",IF(E6>=90,"⚠️ At Risk","❌ Non-Compliant"))
A7: IT Operations Team | E7: =IFERROR(D7/C7*100,0) | F7: =IF(E7=100,"✅ Compliant",IF(E7>=90,"⚠️ At Risk","❌ Non-Compliant"))
A8: Developers / Engineers | E8: =IFERROR(D8/C8*100,0) | F8: =IF(E8=100,"✅ Compliant",IF(E8>=90,"⚠️ At Risk","❌ Non-Compliant"))
A9: Database Administrators | E9: =IFERROR(D9/C9*100,0) | F9: =IF(E9=100,"✅ Compliant",IF(E9>=90,"⚠️ At Risk","❌ Non-Compliant"))
A10: System Administrators | E10: =IFERROR(D10/C10*100,0) | F10: =IF(E10=100,"✅ Compliant",IF(E10>=90,"⚠️ At Risk","❌ Non-Compliant"))
A11: Network Engineers | E11: =IFERROR(D11/C11*100,0) | F11: =IF(E11=100,"✅ Compliant",IF(E11>=90,"⚠️ At Risk","❌ Non-Compliant"))
A12: Security Analysts / SOC | E12: =IFERROR(D12/C12*100,0) | F12: =IF(E12=100,"✅ Compliant",IF(E12>=90,"⚠️ At Risk","❌ Non-Compliant"))
A13: Compliance Officers | E13: =IFERROR(D13/C13*100,0) | F13: =IF(E13=100,"✅ Compliant",IF(E13>=90,"⚠️ At Risk","❌ Non-Compliant"))
A14: Data Protection Officers | E14: =IFERROR(D14/C14*100,0) | F14: =IF(E14=100,"✅ Compliant",IF(E14>=90,"⚠️ At Risk","❌ Non-Compliant"))
A15: Key Subject Matter Experts | E15: =IFERROR(D15/C15*100,0) | F15: =IF(E15=100,"✅ Compliant",IF(E15>=90,"⚠️ At Risk","❌ Non-Compliant"))
... A18: External Service Providers (Key Personnel) | E18: =IFERROR(D18/C18*100,0) | F18: =IF(E18=100,"✅ Compliant",IF(E18>=90,"⚠️ At Risk","❌ Non-Compliant"))
A21: PERSONNEL ASSETS SUMMARY
A22: Total Expected | B22: =SUM(C4:C18)
A23: Total Discovered | B23: =SUM(D4:D18)
A24: Overall Completeness % | B24: =IFERROR(B23/B22*100,0)
A25: Target | B25: 100%
A26: Gap vs. Target | B26: =B24-100

Sheet Discovery Metrics & Summary
A1: DISCOVERY METRICS & SUMMARY
A3: Asset Category | B3: Expected Count | C3: Discovered Count | D3: Completeness % | E3: Target % | F3: Gap vs. Target | G3: Compliance Status | H3: Priority | I3: Key Gaps | J3: Next Actions
A4: Information Assets | B4: ='Information Assets Discovery'!B22 | C4: ='Information Assets Discovery'!B23 | D4: =IFERROR(C4/B4*100,0) | E4: 95% | F4: =D4-95 | G4: =IF(D4>=95,"✅ Compliant",IF(D4>=95-10,"⚠️ At Risk","❌ Non-Compliant")) | H4: =IF(F4<-10,"[!] Critical",IF(F4<0,"[~] High","[OK] Low"))
A5: IT Infrastructure | B5: ='IT Infrastructure Discovery'!B22 | C5: ='IT Infrastructure Discovery'!B23 | D5: =IFERROR(C5/B5*100,0) | E5: 98% | F5: =D5-98 | G5: =IF(D5>=98,"✅ Compliant",IF(D5>=98-10,"⚠️ At Risk","❌ Non-Compliant")) | H5: =IF(F5<-10,"[!] Critical",IF(F5<0,"[~] High","[OK] Low"))
A6: Applications | B6: ='Applications Discovery'!B22 | C6: ='Applications Discovery'!B23 | D6: =IFERROR(C6/B6*100,0) | E6: 90% | F6: =D6-90 | G6: =IF(D6>=90,"✅ Compliant",IF(D6>=90-10,"⚠️ At Risk","❌ Non-Compliant")) | H6: =IF(F6<-10,"[!] Critical",IF(F6<0,"[~] High","[OK] Low"))
A7: Physical Assets | B7: ='Physical Assets Discovery'!B22 | C7: ='Physical Assets Discovery'!B23 | D7: =IFERROR(C7/B7*100,0) | E7: 90% | F7: =D7-90 | G7: =IF(D7>=90,"✅ Compliant",IF(D7>=90-10,"⚠️ At Risk","❌ Non-Compliant")) | H7: =IF(F7<-10,"[!] Critical",IF(F7<0,"[~] High","[OK] Low"))
A8: Personnel Assets | B8: ='Personnel Assets Discovery'!B22 | C8: ='Personnel Assets Discovery'!B23 | D8: =IFERROR(C8/B8*100,0) | E8: 100% | F8: =D8-100 | G8: =IF(D8>=100,"✅ Compliant",IF(D8>=100-10,"⚠️ At Risk","❌ Non-Compliant")) | H8: =IF(F8<-10,"[!] Critical",IF(F8<0,"[~] High","[OK] Low"))
A11: OVERALL DISCOVERY SUMMARY
A12: Total Assets Expected (All Categories) | B12: =SUM(B4:B8)
A13: Total Assets Discovered | B13: =SUM(C4:C8)
A14: Overall Discovery Completeness % | B14: =IFERROR(B13/B12*100,0)
A15: Overall Target | B15: 95%
A16: Gap vs. Overall Target | B16: =B14-95
A19: CSV EXPORT FOR DASHBOARD (Copy rows below)
A20: Discovery_Category | B20: Completeness_% | C20: Compliance_Status
A21: =A4 | B21: =D4 | C21: =G4
A22: =A5 | B22: =D5 | C22: =G5
A23: =A6 | B23: =D6 | C23: =G6
A24: =A7 | B24: =D7 | C24: =G7
A25: =A8 | B25: =D8 | C25: =G8

Sheet Evidence Register
A1: EVIDENCE REGISTER
A2: ISO/IEC 27001:2022 - Control A.5.9: Inventory of Information and Assets
A4: Evidence ID | B4: Evidence Type | C4: Description | D4: Related Control / Section | E4: Collection Date (DD.MM.YYYY) | F4: Storage Location / Reference | G4: Collected By | H4: Verification Status
A5: EV-001 | B5: Document | C5: Sample evidence entry — replace with actual evidence | D5: A.5.9 All Domains | E5: 01.01.2026 | F5: SharePoint/ISMS/Evidence/ | G5: ISMS Team | H5: Not verified

Sheet Summary Dashboard
A1: ASSET DISCOVERY ASSESSMENT — SUMMARY DASHBOARD
A2: ISO 27001:2022 · Control A.5.9 · Inventory of Information and Assets
A4: TABLE 1: COMPLIANCE ASSESSMENT
A5: Assessment Area | B5: Compliant | C5: Non-Compliant | D5: Total Items | E5: Compliance %
A6: Information Asset Discovery Coverage | B6: =COUNTIF('Information Assets Discovery'!F4:F18,"✅ Compliant") | C6: =D6-B6 | D6: =COUNTA('Information Assets Discovery'!A4:A18) | E6: =IFERROR(B6/D6,0)
A7: IT Infrastructure Discovery Coverage | B7: =COUNTIF('IT Infrastructure Discovery'!F4:F19,"✅ Compliant") | C7: =D7-B7 | D7: =COUNTA('IT Infrastructure Discovery'!A4:A19) | E7: =IFERROR(B7/D7,0)
A8: Application Discovery Coverage | B8: =COUNTIF('Applications Discovery'!F4:F18,"✅ Compliant") | C8: =D8-B8 | D8: =COUNTA('Applications Discovery'!A4:A18) | E8: =IFERROR(B8/D8,0)
A9: Physical Assets Discovery Coverage | B9: =COUNTIF('Physical Assets Discovery'!F4:F15,"✅ Compliant") | C9: =D9-B9 | D9: =COUNTA('Physical Assets Discovery'!A4:A15) | E9: =IFERROR(B9/D9,0)
A10: Personnel Assets Discovery Coverage | B10: =COUNTIF('Personnel Assets Discovery'!F4:F18,"✅ Compliant") | C10: =D10-B10 | D10: =COUNTA('Personnel Assets Discovery'!A4:A18) | E10: =IFERROR(B10/D10,0)
A11: TOTAL | B11: =SUM(B6:B10) | C11: =SUM(C6:C10) | D11: =SUM(D6:D10) | E11: =IFERROR(B11/D11,0)
A13: TABLE 2: KEY PERFORMANCE INDICATORS
A14: Discovery Overview
A15: Information Assets Discovered | B15: =COUNTA('Information Assets Discovery'!A4:A18)
A16: IT Infrastructure Discovered | B16: =COUNTA('IT Infrastructure Discovery'!A4:A19)
A17: Applications Discovered | B17: =COUNTA('Applications Discovery'!A4:A18)
A18: Discovery Coverage
A19: Physical Assets Discovered | B19: =COUNTA('Physical Assets Discovery'!A4:A15)
A20: Personnel Assets Discovered | B20: =COUNTA('Personnel Assets Discovery'!A4:A18)
A21: Total Asset Subcategories Assessed | B21: =B15+B16+B17+B19+B20
A22: Compliance Status
A23: Non-Compliant Information Asset Types | B23: =COUNTIF('Information Assets Discovery'!F4:F18,"❌ Non-Compliant")
A24: Non-Compliant IT Infrastructure Types | B24: =COUNTIF('IT Infrastructure Discovery'!F4:F19,"❌ Non-Compliant")
A25: Non-Compliant Application Types | B25: =COUNTIF('Applications Discovery'!F4:F18,"❌ Non-Compliant")
A26: Gaps & Evidence
A27: Non-Compliant Physical Asset Types | B27: =COUNTIF('Physical Assets Discovery'!F4:F15,"❌ Non-Compliant")
A28: Non-Compliant Personnel Asset Types | B28: =COUNTIF('Personnel Assets Discovery'!F4:F18,"❌ Non-Compliant")
A29: Unverified Evidence Items | B29: =COUNTIF('Evidence Register'!H6:H105,"Not verified")
A31: TABLE 3: CRITICAL FINDINGS & RISK INDICATORS
A32: Critical Finding | B32: Count | C32: Severity | D32: ISO Reference | E32: Action Required
A33: Non-compliant information asset types | B33: =COUNTIF('Information Assets Discovery'!F4:F18,"❌ Non-Compliant") | C33: CRITICAL | D33: A.5.9 §2.1 | E33: Immediate — missing information assets create data blind spots and unquantified risk
A34: Non-compliant IT infrastructure types | B34: =COUNTIF('IT Infrastructure Discovery'!F4:F19,"❌ Non-Compliant") | C34: CRITICAL | D34: A.5.9 §2.2 | E34: Immediate — undiscovered IT assets cannot be patched, monitored, or protected
A35: Non-compliant application types | B35: =COUNTIF('Applications Discovery'!F4:F18,"❌ Non-Compliant") | C35: HIGH | D35: A.5.9 §2.2 | E35: Urgent — unknown applications may process data without appropriate controls
A36: Non-compliant physical asset types | B36: =COUNTIF('Physical Assets Discovery'!F4:F15,"❌ Non-Compliant") | C36: HIGH | D36: A.5.9 §2.2 | E36: Urgent — undiscovered physical assets may contain sensitive data without protection
A37: Non-compliant personnel asset types | B37: =COUNTIF('Personnel Assets Discovery'!F4:F18,"❌ Non-Compliant") | C37: HIGH | D37: A.5.9 §2.2 | E37: Urgent — unmapped personnel create succession and knowledge transfer risk
A38: Asset subcategories at-risk of non-compliance | B38: =COUNTIF('Information Assets Discovery'!F4:F18,"⚠️ At Risk")+COUNTIF('IT Infrastructure Discovery'!F4:F19,"⚠️ At Risk")+COUNTIF('Applications Discovery'!F4:F18,"⚠️ At Risk") | C38: HIGH | D38: A.5.9 §3 | E38: Plan — subcategories approaching threshold require enhanced discovery activity
A39: Open discovery gaps (non-compliant physical + personnel) | B39: =COUNTIF('Physical Assets Discovery'!F4:F15,"❌ Non-Compliant")+COUNTIF('Personnel Assets Discovery'!F4:F18,"❌ Non-Compliant") | C39: MEDIUM | D39: A.5.9 §3 | E39: Plan — remediation required for all non-compliant subcategories
A40: Unverified evidence items | B40: =COUNTIF('Evidence Register'!H6:H105,"Not verified") | C40: MEDIUM | D40: A.5.9 §3 | E40: Plan — evidence requires verification before next audit

Sheet Approval Sign-Off
A1: ASSESSMENT APPROVAL AND SIGN-OFF
A2: ISO/IEC 27001:2022 - Control A.5.9: Inventory of Information and Assets
A3: ASSESSMENT SUMMARY
A4: Document: | B4: ISMS-IMP-A.5.9.1 - Asset Discovery
A5: Assessment Period:
A6: Overall Compliance Rating: | B6: =IFERROR(AVERAGE('Summary Dashboard'!G6:G10),"")
A7: Assessment Status:
A8: Assessed By:
A11: COMPLETED BY (ASSESSOR)
A12: Name:
A13: Title:
A14: Date:
A15: Signature:
A16: Comments:
A18: REVIEWED BY (INFORMATION SECURITY OFFICER)
A19: Name:
A20: Title:
A21: Date:
... A38: Special Considerations:
