Workbook

Sheet Instructions & Legend
A1: ISMS-IMP-A.5.9.4 - Owner Accountability ISO/IEC 27001:2022 - Control A.5.9: Inventory of Information and Assets
A3: Document Information
A4: Document ID | B4: ISMS-IMP-A.5.9.4
A5: Workbook Title | B5: Owner Accountability
A6: Control Reference | B6: ISO/IEC 27001:2022 - Control A.5.9: Inventory of Information and Assets
A7: Version | B7: 1.0
A8: Assessment Date
A9: Completed By
A10: Organisation
A12: Instructions
A13: 1. Complete the Ownership Coverage sheet with all asset types and owner assignments.
A14: 2. Complete the Owner Acknowledgment sheet tracking attestation campaign responses.
A15: 3. Complete the Owner Awareness sheet verifying owner knowledge of their assets.
A16: 4. Complete the Owner Performance sheet measuring active ownership engagement.
A17: 5. Review the Accountability Metrics sheet for the overall accountability index.
A18: 6. Link evidence in the Evidence Register sheet.
A19: 7. Obtain approvals in the Approval Sign-Off sheet.
A21: Status Legend
A22: Symbol | B22: Status | C22: Description
A23: ✓ | B23: Compliant / Complete | C23: Requirement fully met
A24: ⚠ | B24: Partial / In Progress | C24: Partially met or in progress
A25: ✗ | B25: Non-Compliant / Not Started | C25: Requirement not met
A26: — | B26: Not Applicable | C26: Not applicable to this assessment

Sheet Ownership Coverage
A1: OWNERSHIP COVERAGE
A2: ISO/IEC 27001:2022 - Control A.5.9: Inventory of Information and Assets
A3: Asset Category | B3: Total Assets | C3: Assets with Owner | D3: Assets without Owner | E3: Coverage % | F3: Target % | G3: Gap | H3: Status | I3: Unique Owners Count | J3: Avg Assets per Owner | K3: Evidence ID | L3: Notes
A4: Information Assets | D4: =B4-C4 | E4: =IFERROR(C4/B4*100,0) | F4: 100% | G4: =E4-100 | H4: =IF(E4=100,"✅ Full Coverage",IF(E4>=95,"⚠️ Minor Gaps","❌ Major Gaps")) | J4: =IFERROR(B4/I4,0)
A5: IT Infrastructure | D5: =B5-C5 | E5: =IFERROR(C5/B5*100,0) | F5: 100% | G5: =E5-100 | H5: =IF(E5=100,"✅ Full Coverage",IF(E5>=95,"⚠️ Minor Gaps","❌ Major Gaps")) | J5: =IFERROR(B5/I5,0)
A6: Applications | D6: =B6-C6 | E6: =IFERROR(C6/B6*100,0) | F6: 100% | G6: =E6-100 | H6: =IF(E6=100,"✅ Full Coverage",IF(E6>=95,"⚠️ Minor Gaps","❌ Major Gaps")) | J6: =IFERROR(B6/I6,0)
A7: Physical Assets | D7: =B7-C7 | E7: =IFERROR(C7/B7*100,0) | F7: 100% | G7: =E7-100 | H7: =IF(E7=100,"✅ Full Coverage",IF(E7>=95,"⚠️ Minor Gaps","❌ Major Gaps")) | J7: =IFERROR(B7/I7,0)
A8: Personnel Assets | D8: =B8-C8 | E8: =IFERROR(C8/B8*100,0) | F8: 100% | G8: =E8-100 | H8: =IF(E8=100,"✅ Full Coverage",IF(E8>=95,"⚠️ Minor Gaps","❌ Major Gaps")) | J8: =IFERROR(B8/I8,0)
A11: OWNERSHIP COVERAGE SUMMARY
A12: Total Assets | B12: =SUM(B4:B8)
A13: Assets with Owner | B13: =SUM(C4:C8)
A14: Assets without Owner | B14: =SUM(D4:D8)
A15: Overall Coverage % | B15: =IFERROR(B13/B12*100,0)
A16: Target | B16: 100%
A17: Gap | B17: =B15-100
A18: Status | B18: =IF(B15=100,"✅ Strong",IF(B15>=95,"⚠️ Needs Improvement","❌ Weak"))

Sheet Owner Acknowledgment
A1: OWNER ACKNOWLEDGMENT
A2: ISO/IEC 27001:2022 - Control A.5.9: Inventory of Information and Assets
A3: Owner Name | B3: Owner Email | C3: Department | D3: Assets Count | E3: Email Sent Date | F3: Reminder 1 (Day 7) | G3: Reminder 2 (Day 14) | H3: Reminder 3 (Day 21) | I3: Escalation (Day 28) | J3: Response Date | K3: Days to Respond | L3: Attestation Status | M3: Next Action | N3: Evidence ID | O3: Notes
A4: John Doe | B4: john.doe@org.ch | C4: Engineering | D4: 15 | K4: =IF(AND(E4<>"",J4<>""),J4-E4,"")
A5: Jane Smith | B5: jane.smith@org.ch | C5: IT Operations | D5: 42 | K5: =IF(AND(E5<>"",J5<>""),J5-E5,"")
A6: Bob Johnson | B6: bob.johnson@org.ch | C6: Security | D6: 8 | K6: =IF(AND(E6<>"",J6<>""),J6-E6,"")
A7: Alice Williams | B7: alice.williams@org.ch | C7: HR | D7: 5 | K7: =IF(AND(E7<>"",J7<>""),J7-E7,"")
K8: =IF(AND(E8<>"",J8<>""),J8-E8,"")
K9: =IF(AND(E9<>"",J9<>""),J9-E9,"")
K10: =IF(AND(E10<>"",J10<>""),J10-E10,"")
K11: =IF(AND(E11<>"",J11<>""),J11-E11,"")
K12: =IF(AND(E12<>"",J12<>""),J12-E12,"")
K13: =IF(AND(E13<>"",J13<>""),J13-E13,"")
K14: =IF(AND(E14<>"",J14<>""),J14-E14,"")
K15: =IF(AND(E15<>"",J15<>""),J15-E15,"")
K16: =IF(AND(E16<>"",J16<>""),J16-E16,"")
K17: =IF(AND(E17<>"",J17<>""),J17-E17,"")
K18: =IF(AND(E18<>"",J18<>""),J18-E18,"")
K19: =IF(AND(E19<>"",J19<>""),J19-E19,"")
... K37: =IF(AND(E37<>"",J37<>""),J37-E37,"")
A40: ACKNOWLEDGMENT SUMMARY
A41: Total Owners | B41: =COUNTA(A4:A7)
A42: Attested (On Time + Late) | B42: =COUNTIFS(L4:L7,"Attested*")
A43: Acknowledgment Rate % | B43: =IFERROR(B42/B41*100,0)
A44: Target | B44: 95%
A45: Gap | B45: =B43-95
A46: Average Response Time (Days) | B46: =IFERROR(AVERAGE(K4:K7),0)
A47: Status | B47: =IF(B43>=95,"✅ Strong",IF(B43>=90,"⚠️ Needs Improvement","❌ Weak"))

Sheet Owner Awareness
A1: OWNER AWARENESS
A2: ISO/IEC 27001:2022 - Control A.5.9: Inventory of Information and Assets
A3: Owner Name | B3: Assets Assigned | C3: Assets Identified by Owner | D3: Awareness % | E3: Target % | F3: Gap | G3: Status | H3: Verification Method | I3: Verification Date | J3: Evidence ID | K3: Notes
A4: John Doe | D4: =IFERROR(C4/B4*100,0) | E4: 100% | F4: =D4-100 | G4: =IF(D4=100,"✅ Fully Aware",IF(D4>=95,"⚠️ Mostly Aware","❌ Unaware"))
A5: Jane Smith | D5: =IFERROR(C5/B5*100,0) | E5: 100% | F5: =D5-100 | G5: =IF(D5=100,"✅ Fully Aware",IF(D5>=95,"⚠️ Mostly Aware","❌ Unaware"))
A6: Bob Johnson | D6: =IFERROR(C6/B6*100,0) | E6: 100% | F6: =D6-100 | G6: =IF(D6=100,"✅ Fully Aware",IF(D6>=95,"⚠️ Mostly Aware","❌ Unaware"))
A7: Alice Williams | D7: =IFERROR(C7/B7*100,0) | E7: 100% | F7: =D7-100 | G7: =IF(D7=100,"✅ Fully Aware",IF(D7>=95,"⚠️ Mostly Aware","❌ Unaware"))
D8: =IFERROR(C8/B8*100,0) | E8: 100% | F8: =D8-100 | G8: =IF(D8=100,"✅ Fully Aware",IF(D8>=95,"⚠️ Mostly Aware","❌ Unaware"))
D9: =IFERROR(C9/B9*100,0) | E9: 100% | F9: =D9-100 | G9: =IF(D9=100,"✅ Fully Aware",IF(D9>=95,"⚠️ Mostly Aware","❌ Unaware"))
D10: =IFERROR(C10/B10*100,0) | E10: 100% | F10: =D10-100 | G10: =IF(D10=100,"✅ Fully Aware",IF(D10>=95,"⚠️ Mostly Aware","❌ Unaware"))
D11: =IFERROR(C11/B11*100,0) | E11: 100% | F11: =D11-100 | G11: =IF(D11=100,"✅ Fully Aware",IF(D11>=95,"⚠️ Mostly Aware","❌ Unaware"))
D12: =IFERROR(C12/B12*100,0) | E12: 100% | F12: =D12-100 | G12: =IF(D12=100,"✅ Fully Aware",IF(D12>=95,"⚠️ Mostly Aware","❌ Unaware"))
D13: =IFERROR(C13/B13*100,0) | E13: 100% | F13: =D13-100 | G13: =IF(D13=100,"✅ Fully Aware",IF(D13>=95,"⚠️ Mostly Aware","❌ Unaware"))
D14: =IFERROR(C14/B14*100,0) | E14: 100% | F14: =D14-100 | G14: =IF(D14=100,"✅ Fully Aware",IF(D14>=95,"⚠️ Mostly Aware","❌ Unaware"))
D15: =IFERROR(C15/B15*100,0) | E15: 100% | F15: =D15-100 | G15: =IF(D15=100,"✅ Fully Aware",IF(D15>=95,"⚠️ Mostly Aware","❌ Unaware"))
D16: =IFERROR(C16/B16*100,0) | E16: 100% | F16: =D16-100 | G16: =IF(D16=100,"✅ Fully Aware",IF(D16>=95,"⚠️ Mostly Aware","❌ Unaware"))
D17: =IFERROR(C17/B17*100,0) | E17: 100% | F17: =D17-100 | G17: =IF(D17=100,"✅ Fully Aware",IF(D17>=95,"⚠️ Mostly Aware","❌ Unaware"))
D18: =IFERROR(C18/B18*100,0) | E18: 100% | F18: =D18-100 | G18: =IF(D18=100,"✅ Fully Aware",IF(D18>=95,"⚠️ Mostly Aware","❌ Unaware"))
D19: =IFERROR(C19/B19*100,0) | E19: 100% | F19: =D19-100 | G19: =IF(D19=100,"✅ Fully Aware",IF(D19>=95,"⚠️ Mostly Aware","❌ Unaware"))
... D37: =IFERROR(C37/B37*100,0) | E37: 100% | F37: =D37-100 | G37: =IF(D37=100,"✅ Fully Aware",IF(D37>=95,"⚠️ Mostly Aware","❌ Unaware"))
A40: AWARENESS SUMMARY
A41: Average Awareness % | B41: =IFERROR(AVERAGE(D4:D7),0)
A42: Target | B42: 100%
A43: Gap | B43: =B41-100
A44: Status | B44: =IF(B41=100,"✅ Strong",IF(B41>=95,"⚠️ Needs Improvement","❌ Weak"))

Sheet Owner Performance
A1: OWNER PERFORMANCE
A2: ISO/IEC 27001:2022 - Control A.5.9: Inventory of Information and Assets
A3: Owner Name | B3: Assets Count | C3: Reviews Due | D3: Reviews Completed | E3: Review Compliance % | F3: Avg Response Time (Days) | G3: Target Response (Days) | H3: Responsiveness % | I3: Performance Score | J3: Target | K3: Status | L3: Evidence ID | M3: Notes
A4: John Doe | B4: 15 | E4: =IFERROR(D4/C4*100,0) | G4: 3 | H4: =IF(F4="","",MAX(0,100-((F4-G4)/G4*100))) | I4: =IF(OR(E4="",H4=""),"",(E4*0.6)+(H4*0.4)) | J4: 80% | K4: =IF(I4="","",IF(I4>=80,"✅ Strong",IF(I4>=75,"⚠️ Needs Improvement","❌ Weak")))
A5: Jane Smith | B5: 42 | E5: =IFERROR(D5/C5*100,0) | G5: 3 | H5: =IF(F5="","",MAX(0,100-((F5-G5)/G5*100))) | I5: =IF(OR(E5="",H5=""),"",(E5*0.6)+(H5*0.4)) | J5: 80% | K5: =IF(I5="","",IF(I5>=80,"✅ Strong",IF(I5>=75,"⚠️ Needs Improvement","❌ Weak")))
A6: Bob Johnson | B6: 8 | E6: =IFERROR(D6/C6*100,0) | G6: 3 | H6: =IF(F6="","",MAX(0,100-((F6-G6)/G6*100))) | I6: =IF(OR(E6="",H6=""),"",(E6*0.6)+(H6*0.4)) | J6: 80% | K6: =IF(I6="","",IF(I6>=80,"✅ Strong",IF(I6>=75,"⚠️ Needs Improvement","❌ Weak")))
A7: Alice Williams | B7: 5 | E7: =IFERROR(D7/C7*100,0) | G7: 3 | H7: =IF(F7="","",MAX(0,100-((F7-G7)/G7*100))) | I7: =IF(OR(E7="",H7=""),"",(E7*0.6)+(H7*0.4)) | J7: 80% | K7: =IF(I7="","",IF(I7>=80,"✅ Strong",IF(I7>=75,"⚠️ Needs Improvement","❌ Weak")))
E8: =IFERROR(D8/C8*100,0) | G8: 3 | H8: =IF(F8="","",MAX(0,100-((F8-G8)/G8*100))) | I8: =IF(OR(E8="",H8=""),"",(E8*0.6)+(H8*0.4)) | J8: 80% | K8: =IF(I8="","",IF(I8>=80,"✅ Strong",IF(I8>=75,"⚠️ Needs Improvement","❌ Weak")))
E9: =IFERROR(D9/C9*100,0) | G9: 3 | H9: =IF(F9="","",MAX(0,100-((F9-G9)/G9*100))) | I9: =IF(OR(E9="",H9=""),"",(E9*0.6)+(H9*0.4)) | J9: 80% | K9: =IF(I9="","",IF(I9>=80,"✅ Strong",IF(I9>=75,"⚠️ Needs Improvement","❌ Weak")))
E10: =IFERROR(D10/C10*100,0) | G10: 3 | H10: =IF(F10="","",MAX(0,100-((F10-G10)/G10*100))) | I10: =IF(OR(E10="",H10=""),"",(E10*0.6)+(H10*0.4)) | J10: 80% | K10: =IF(I10="","",IF(I10>=80,"✅ Strong",IF(I10>=75,"⚠️ Needs Improvement","❌ Weak")))
E11: =IFERROR(D11/C11*100,0) | G11: 3 | H11: =IF(F11="","",MAX(0,100-((F11-G11)/G11*100))) | I11: =IF(OR(E11="",H11=""),"",(E11*0.6)+(H11*0.4)) | J11: 80% | K11: =IF(I11="","",IF(I11>=80,"✅ Strong",IF(I11>=75,"⚠️ Needs Improvement","❌ Weak")))
E12: =IFERROR(D12/C12*100,0) | G12: 3 | H12: =IF(F12="","",MAX(0,100-((F12-G12)/G12*100))) | I12: =IF(OR(E12="",H12=""),"",(E12*0.6)+(H12*0.4)) | J12: 80% | K12: =IF(I12="","",IF(I12>=80,"✅ Strong",IF(I12>=75,"⚠️ Needs Improvement","❌ Weak")))
E13: =IFERROR(D13/C13*100,0) | G13: 3 | H13: =IF(F13="","",MAX(0,100-((F13-G13)/G13*100))) | I13: =IF(OR(E13="",H13=""),"",(E13*0.6)+(H13*0.4)) | J13: 80% | K13: =IF(I13="","",IF(I13>=80,"✅ Strong",IF(I13>=75,"⚠️ Needs Improvement","❌ Weak")))
E14: =IFERROR(D14/C14*100,0) | G14: 3 | H14: =IF(F14="","",MAX(0,100-((F14-G14)/G14*100))) | I14: =IF(OR(E14="",H14=""),"",(E14*0.6)+(H14*0.4)) | J14: 80% | K14: =IF(I14="","",IF(I14>=80,"✅ Strong",IF(I14>=75,"⚠️ Needs Improvement","❌ Weak")))
E15: =IFERROR(D15/C15*100,0) | G15: 3 | H15: =IF(F15="","",MAX(0,100-((F15-G15)/G15*100))) | I15: =IF(OR(E15="",H15=""),"",(E15*0.6)+(H15*0.4)) | J15: 80% | K15: =IF(I15="","",IF(I15>=80,"✅ Strong",IF(I15>=75,"⚠️ Needs Improvement","❌ Weak")))
E16: =IFERROR(D16/C16*100,0) | G16: 3 | H16: =IF(F16="","",MAX(0,100-((F16-G16)/G16*100))) | I16: =IF(OR(E16="",H16=""),"",(E16*0.6)+(H16*0.4)) | J16: 80% | K16: =IF(I16="","",IF(I16>=80,"✅ Strong",IF(I16>=75,"⚠️ Needs Improvement","❌ Weak")))
E17: =IFERROR(D17/C17*100,0) | G17: 3 | H17: =IF(F17="","",MAX(0,100-((F17-G17)/G17*100))) | I17: =IF(OR(E17="",H17=""),"",(E17*0.6)+(H17*0.4)) | J17: 80% | K17: =IF(I17="","",IF(I17>=80,"✅ Strong",IF(I17>=75,"⚠️ Needs Improvement","❌ Weak")))
E18: =IFERROR(D18/C18*100,0) | G18: 3 | H18: =IF(F18="","",MAX(0,100-((F18-G18)/G18*100))) | I18: =IF(OR(E18="",H18=""),"",(E18*0.6)+(H18*0.4)) | J18: 80% | K18: =IF(I18="","",IF(I18>=80,"✅ Strong",IF(I18>=75,"⚠️ Needs Improvement","❌ Weak")))
E19: =IFERROR(D19/C19*100,0) | G19: 3 | H19: =IF(F19="","",MAX(0,100-((F19-G19)/G19*100))) | I19: =IF(OR(E19="",H19=""),"",(E19*0.6)+(H19*0.4)) | J19: 80% | K19: =IF(I19="","",IF(I19>=80,"✅ Strong",IF(I19>=75,"⚠️ Needs Improvement","❌ Weak")))
... E37: =IFERROR(D37/C37*100,0) | G37: 3 | H37: =IF(F37="","",MAX(0,100-((F37-G37)/G37*100))) | I37: =IF(OR(E37="",H37=""),"",(E37*0.6)+(H37*0.4)) | J37: 80% | K37: =IF(I37="","",IF(I37>=80,"✅ Strong",IF(I37>=75,"⚠️ Needs Improvement","❌ Weak")))
A40: PERFORMANCE SUMMARY
A41: Average Performance Score % | B41: =IFERROR(AVERAGE(I4:I7),0)
A42: Target | B42: 80%
A43: Gap | B43: =B41-80
A44: Status | B44: =IF(B41>=80,"✅ Strong",IF(B41>=75,"⚠️ Needs Improvement","❌ Weak"))

Sheet Accountability Metrics
A1: ACCOUNTABILITY METRICS
A3: Accountability Domain | B3: Score % | C3: Weight % | D3: Weighted Score | E3: Target % | F3: Gap | G3: Status
A4: Coverage | B4: ='Ownership Coverage'!B17 | C4: 40% | D4: =B4*40/100 | E4: 100% | F4: =B4-100/100 | G4: =IF(B4>=100/100,"✅ Strong",IF(B4>=100/100-0.05,"⚠️ Medium","❌ Weak"))
A5: Acknowledgment | B5: ='Owner Acknowledgment'!B45 | C5: 25% | D5: =B5*25/100 | E5: 95% | F5: =B5-95/100 | G5: =IF(B5>=95/100,"✅ Strong",IF(B5>=95/100-0.05,"⚠️ Medium","❌ Weak"))
A6: Awareness | B6: ='Owner Awareness'!B40 | C6: 20% | D6: =B6*20/100 | E6: 100% | F6: =B6-100/100 | G6: =IF(B6>=100/100,"✅ Strong",IF(B6>=100/100-0.05,"⚠️ Medium","❌ Weak"))
A7: Performance | B7: ='Owner Performance'!B41 | C7: 15% | D7: =B7*15/100 | E7: 80% | F7: =B7-80/100 | G7: =IF(B7>=80/100,"✅ Strong",IF(B7>=80/100-0.05,"⚠️ Medium","❌ Weak"))
A10: OVERALL ACCOUNTABILITY INDEX | B10: =SUM(D4:D7)
A11: Overall Target | B11: 94%
A12: Overall Gap | B12: =B10-0.94
A13: Overall Status | B13: =IF(B10>=0.94,"✅ Strong",IF(B10>=0.89,"⚠️ Needs Improvement","❌ Weak"))
A16: CSV EXPORT FOR DASHBOARD (Copy rows below)
A17: Accountability_Domain | B17: Score_% | C17: Status
A18: =A4 | B18: =B4 | C18: =G4
A19: =A5 | B19: =B5 | C19: =G5
A20: =A6 | B20: =B6 | C20: =G6
A21: =A7 | B21: =B7 | C21: =G7

Sheet Evidence Register
A1: EVIDENCE REGISTER
A2: ISO/IEC 27001:2022 - Control A.5.9: Inventory of Information and Assets
A4: Evidence ID | B4: Evidence Type | C4: Description | D4: Related Control / Section | E4: Collection Date (DD.MM.YYYY) | F4: Storage Location / Reference | G4: Collected By | H4: Verification Status
A5: EV-001 | B5: Document | C5: Sample evidence entry — replace with actual evidence | D5: A.5.9 All Domains | E5: 01.01.2026 | F5: SharePoint/ISMS/Evidence/ | G5: ISMS Team | H5: Not verified

Sheet Summary Dashboard
A1: OWNER ACCOUNTABILITY ASSESSMENT — SUMMARY DASHBOARD
A2: ISO 27001:2022 · Control A.5.9 · Inventory of Information and Assets
A4: TABLE 1: COMPLIANCE ASSESSMENT
A5: Assessment Area | B5: Compliant | C5: Non-Compliant | D5: Total Items | E5: Compliance %
A6: Ownership Coverage (All Categories) | B6: =COUNTIF('Ownership Coverage'!H4:H8,"✅ Full Coverage") | C6: =D6-B6 | D6: =COUNTA('Ownership Coverage'!A4:A8) | E6: =IFERROR(B6/D6,0)
A7: Owner Acknowledgment & Attestation | B7: =COUNTIFS('Owner Acknowledgment'!L4:L53,"Attested*") | C7: =D7-B7 | D7: =COUNTA('Owner Acknowledgment'!A4:A53) | E7: =IFERROR(B7/D7,0)
A8: Owner Awareness Compliance | B8: =COUNTIF('Owner Awareness'!G4:G53,"✅ Fully Aware") | C8: =D8-B8 | D8: =COUNTA('Owner Awareness'!A4:A53) | E8: =IFERROR(B8/D8,0)
A9: Owner Performance — Threshold Met | B9: =COUNTIF('Owner Performance'!K4:K53,"✅ Strong") | C9: =D9-B9 | D9: =COUNTA('Owner Performance'!A4:A53) | E9: =IFERROR(B9/D9,0)
A10: Accountability Governance Strength | B10: =COUNTIF('Accountability Metrics'!G4:G13,"✅ Strong") | C10: =D10-B10 | D10: =COUNTA('Accountability Metrics'!A4:A13) | E10: =IFERROR(B10/D10,0)
A11: TOTAL | B11: =SUM(B6:B10) | C11: =SUM(C6:C10) | D11: =SUM(D6:D10) | E11: =IFERROR(B11/D11,0)
A13: TABLE 2: KEY PERFORMANCE INDICATORS
A14: Ownership Coverage
A15: Asset Categories with Full Coverage | B15: =COUNTIF('Ownership Coverage'!H4:H8,"✅ Full Coverage")
A16: Asset Categories with Gaps | B16: =COUNTIF('Ownership Coverage'!H4:H8,"⚠️ Minor Gaps")+COUNTIF('Ownership Coverage'!H4:H8,"❌ Major Gaps")
A17: Total Assets Without Owner | B17: =SUM('Ownership Coverage'!D4:D8)
A18: Acknowledgment & Awareness
A19: Owners Attested | B19: =COUNTIFS('Owner Acknowledgment'!L4:L53,"Attested*")
A20: Owners Not Yet Attested | B20: =COUNTA('Owner Acknowledgment'!A4:A53)-COUNTIFS('Owner Acknowledgment'!L4:L53,"Attested*")
A21: Fully Aware Owners | B21: =COUNTIF('Owner Awareness'!G4:G53,"✅ Fully Aware")
A22: Owner Performance
A23: Strong-Performing Owners | B23: =COUNTIF('Owner Performance'!K4:K53,"✅ Strong")
A24: Underperforming Owners | B24: =COUNTIF('Owner Performance'!K4:K53,"❌ Weak")
A25: Gaps & Evidence
A26: Awareness Gaps (Unaware) | B26: =COUNTIF('Owner Awareness'!G4:G53,"❌ Unaware")
A27: Unverified Evidence Items | B27: =COUNTIF('Evidence Register'!H6:H105,"Not verified")
A29: TABLE 3: CRITICAL FINDINGS & RISK INDICATORS
A30: Critical Finding | B30: Count | C30: Severity | D30: ISO Reference | E30: Action Required
A31: Asset categories with major ownership gaps | B31: =COUNTIF('Ownership Coverage'!H4:H8,"❌ Major Gaps") | C31: CRITICAL | D31: A.5.9 §5.1 | E31: Immediate — unowned assets have no accountability for protection, classification, or disposal
A32: Total assets without an assigned owner | B32: =SUM('Ownership Coverage'!D4:D8) | C32: CRITICAL | D32: A.5.9 §5.1 | E32: Immediate — every asset must have a named responsible owner per A.5.9
A33: Owners who have not attested responsibilities | B33: =COUNTA('Owner Acknowledgment'!A4:A53)-COUNTIFS('Owner Acknowledgment'!L4:L53,"Attested*") | C33: HIGH | D33: A.5.9 §5.2 | E33: Urgent — unacknowledged ownership cannot be relied upon for compliance
A34: Unaware asset owners | B34: =COUNTIF('Owner Awareness'!G4:G53,"❌ Unaware") | C34: HIGH | D34: A.5.9 §5.3 | E34: Urgent — owners who are unaware cannot fulfil classification or review duties
A35: Underperforming owners (Weak rating) | B35: =COUNTIF('Owner Performance'!K4:K53,"❌ Weak") | C35: HIGH | D35: A.5.9 §5.4 | E35: Plan — underperforming owners require coaching, re-assignment, or escalation
A36: Asset categories with minor coverage gaps | B36: =COUNTIF('Ownership Coverage'!H4:H8,"⚠️ Minor Gaps") | C36: HIGH | D36: A.5.9 §5.1 | E36: Plan — minor gaps require formal gap-closure plan before next review cycle
A37: Owners needing improvement in performance | B37: =COUNTIF('Owner Performance'!K4:K53,"⚠️ Needs Improvement") | C37: MEDIUM | D37: A.5.9 §5.4 | E37: Plan — performance improvement plans required for owners below target
A38: Unverified evidence items | B38: =COUNTIF('Evidence Register'!H6:H105,"Not verified") | C38: MEDIUM | D38: A.5.9 §3 | E38: Plan — evidence requires verification before next audit

Sheet Approval Sign-Off
A1: ASSESSMENT APPROVAL AND SIGN-OFF
A2: ISO/IEC 27001:2022 - Control A.5.9: Inventory of Information and Assets
A3: ASSESSMENT SUMMARY
A4: Document: | B4: ISMS-IMP-A.5.9.4 - Owner Accountability
A5: Assessment Period:
A6: Overall Compliance Rating: | B6: =IFERROR(AVERAGE('Summary Dashboard'!G6:G10),"")
A7: Assessment Status:
A8: Assessed By:
A11: COMPLETED BY (ASSESSOR)
A12: Name:
A13: Title:
A14: Date:
A15: Signature:
A16: Comments:
A18: REVIEWED BY (INFORMATION SECURITY OFFICER)
A19: Name:
A20: Title:
A21: Date:
... A38: Special Considerations:
