Workbook

Sheet Instructions & Legend
A1: ISMS-IMP-A.5.9.2 - Inventory Maintenance ISO/IEC 27001:2022 - Control A.5.9: Inventory of Information and Assets
A3: Document Information
A4: Document ID | B4: ISMS-IMP-A.5.9.2
A5: Workbook Title | B5: Inventory Maintenance
A6: Control Reference | B6: ISO/IEC 27001:2022 - Control A.5.9: Inventory of Information and Assets
A7: Version | B7: 1.0
A8: Assessment Date
A9: Completed By
A10: Organisation
A12: Instructions
A13: 1. Complete the Inventory Structure and Access sheet with your system architecture.
A14: 2. Complete the Update Triggers and Workflows sheet with all trigger events.
A15: 3. Complete the Integration Architecture sheet with all automated data feeds.
A16: 4. Complete the Quality Control Processes sheet with all QC procedures.
A17: 5. Review the Maintenance Metrics sheet for overall effectiveness scores.
A18: 6. Link evidence in the Evidence Register sheet.
A19: 7. Obtain approvals in the Approval Sign-Off sheet.
A21: Status Legend
A22: Symbol | B22: Status | C22: Description
A23: ✓ | B23: Compliant / Complete | C23: Requirement fully met
A24: ⚠ | B24: Partial / In Progress | C24: Partially met or in progress
A25: ✗ | B25: Non-Compliant / Not Started | C25: Requirement not met
A26: — | B26: Not Applicable | C26: Not applicable to this assessment

Sheet Inventory Structure & Access
A1: INVENTORY STRUCTURE & ACCESS CONTROLS
A3: TABLE 1: INVENTORY SYSTEM ARCHITECTURE
A4: System Component | B4: Technology/Platform | C4: Purpose | D4: Data Stored | E4: Owner | F4: Backup Frequency | G4: Availability | H4: Documentation | I4: Last Review | J4: Status | K4: Evidence ID | L4: Notes
A5: Asset Inventory Database | B5: PostgreSQL / MySQL / SQL Server / Other | C5: Master inventory database
A6: CMDB (Configuration Management DB) | B6: ServiceNow / BMC / Jira / Other | C6: IT infrastructure CMDB
A7: Asset Management Tool | B7: Commercial Tool / Spreadsheet / Custom | C7: Asset tracking and management
A8: HR System Integration | B8: Workday / SAP SuccessFactors / Other | C8: Personnel asset integration
A9: Procurement System Integration | B9: SAP / Oracle / Coupa / Other | C9: Purchase order integration
A17: TABLE 2: ACCESS CONTROL MATRIX
A18: Role / User Group | B18: View Access | C18: Create Access | D18: Modify Access | E18: Delete Access | F18: Export Access | G18: Admin Access | H18: Justification | I18: Approved By | J18: Last Review | K18: Evidence ID | L18: Notes
A19: Asset Owners
A20: IT Operations
A21: Security Team
A22: Auditors (Read-Only)
A23: Executive Management (Reports)
A24: Procurement Team
A25: HR Team

Sheet Update Triggers & Workflows
A1: UPDATE TRIGGERS & WORKFLOWS
A2: ISO/IEC 27001:2022 - Control A.5.9: Inventory of Information and Assets
A3: Update Trigger Event | B3: Trigger Source | C3: Workflow Documented? | D3: Automation Level | E3: Target SLA (Days) | F3: Actual Avg Time (Days) | G3: SLA Compliance % | H3: Compliance Status | I3: Responsible Party | J3: Procedure Location | K3: Last Review | L3: Evidence ID | M3: Notes
A4: New Asset Procurement | B4: Procurement System | E4: 5 | G4: =IF(F4="","",IF(F4<=E4,100,MAX(0,100-(F4-E4)/E4*100))) | H4: =IF(G4="","",IF(G4>=95,"✅ Compliant",IF(G4>=80,"⚠️ At Risk","❌ Non-Compliant")))
A5: Asset Deployment / Go-Live | B5: Change Management | E5: 3 | G5: =IF(F5="","",IF(F5<=E5,100,MAX(0,100-(F5-E5)/E5*100))) | H5: =IF(G5="","",IF(G5>=95,"✅ Compliant",IF(G5>=80,"⚠️ At Risk","❌ Non-Compliant")))
A6: Asset Configuration Change | B6: Change Management | E6: 3 | G6: =IF(F6="","",IF(F6<=E6,100,MAX(0,100-(F6-E6)/E6*100))) | H6: =IF(G6="","",IF(G6>=95,"✅ Compliant",IF(G6>=80,"⚠️ At Risk","❌ Non-Compliant")))
A7: Asset Relocation / Transfer | B7: Facilities / IT Ops | E7: 3 | G7: =IF(F7="","",IF(F7<=E7,100,MAX(0,100-(F7-E7)/E7*100))) | H7: =IF(G7="","",IF(G7>=95,"✅ Compliant",IF(G7>=80,"⚠️ At Risk","❌ Non-Compliant")))
A8: Asset Decommission / Disposal | B8: Change Management | E8: 2 | G8: =IF(F8="","",IF(F8<=E8,100,MAX(0,100-(F8-E8)/E8*100))) | H8: =IF(G8="","",IF(G8>=95,"✅ Compliant",IF(G8>=80,"⚠️ At Risk","❌ Non-Compliant")))
A9: Personnel Onboarding (Joiner) | B9: HR System | E9: 1 | G9: =IF(F9="","",IF(F9<=E9,100,MAX(0,100-(F9-E9)/E9*100))) | H9: =IF(G9="","",IF(G9>=95,"✅ Compliant",IF(G9>=80,"⚠️ At Risk","❌ Non-Compliant")))
A10: Personnel Offboarding (Leaver) | B10: HR System | E10: 1 | G10: =IF(F10="","",IF(F10<=E10,100,MAX(0,100-(F10-E10)/E10*100))) | H10: =IF(G10="","",IF(G10>=95,"✅ Compliant",IF(G10>=80,"⚠️ At Risk","❌ Non-Compliant")))
A11: Personnel Role Change | B11: HR System | E11: 2 | G11: =IF(F11="","",IF(F11<=E11,100,MAX(0,100-(F11-E11)/E11*100))) | H11: =IF(G11="","",IF(G11>=95,"✅ Compliant",IF(G11>=80,"⚠️ At Risk","❌ Non-Compliant")))
A12: Ownership Transfer | B12: Asset Owner / Security | E12: 3 | G12: =IF(F12="","",IF(F12<=E12,100,MAX(0,100-(F12-E12)/E12*100))) | H12: =IF(G12="","",IF(G12>=95,"✅ Compliant",IF(G12>=80,"⚠️ At Risk","❌ Non-Compliant")))
A13: Security Incident (Asset Affected) | B13: Security Team | E13: 1 | G13: =IF(F13="","",IF(F13<=E13,100,MAX(0,100-(F13-E13)/E13*100))) | H13: =IF(G13="","",IF(G13>=95,"✅ Compliant",IF(G13>=80,"⚠️ At Risk","❌ Non-Compliant")))
A14: Discovery Scan Finds New Asset | B14: Network Monitoring | E14: 5 | G14: =IF(F14="","",IF(F14<=E14,100,MAX(0,100-(F14-E14)/E14*100))) | H14: =IF(G14="","",IF(G14>=95,"✅ Compliant",IF(G14>=80,"⚠️ At Risk","❌ Non-Compliant")))
A15: Periodic Review Identifies Change | B15: Asset Owner | E15: 7 | G15: =IF(F15="","",IF(F15<=E15,100,MAX(0,100-(F15-E15)/E15*100))) | H15: =IF(G15="","",IF(G15>=95,"✅ Compliant",IF(G15>=80,"⚠️ At Risk","❌ Non-Compliant")))
A18: UPDATE WORKFLOW SUMMARY
A19: Total Update Triggers | B19: =COUNTA(A4:A15)
A20: Triggers with Documented Workflow | B20: =COUNTIF(C4:C15,"Yes")
A21: Workflow Documentation % | B21: =IFERROR(B20/B19*100,0)
A22: Fully Automated Triggers | B22: =COUNTIF(D4:D15,"Fully Automated")
A23: Automation Rate % | B23: =IFERROR(B22/B19*100,0)
A24: Average SLA Compliance % | B24: =IFERROR(AVERAGE(G4:G15),0)

Sheet Integration Architecture
A1: INTEGRATION ARCHITECTURE
A2: ISO/IEC 27001:2022 - Control A.5.9: Inventory of Information and Assets
A3: Source System | B3: Integration Type | C3: Data Flow | D3: Frequency | E3: Status | F3: Last Successful Run | G3: Success Rate % | H3: Health Status | I3: Owner | J3: Documentation | K3: Monitoring | L3: Evidence ID | M3: Notes
A4: HR System (Personnel) | B4: Scheduled Batch (Daily) | C4: Employee data → Personnel Assets | D4: Daily 02:00 | H4: =IF(G4="","",IF(G4>=98,"✅ Healthy",IF(G4>=90,"⚠️ Degraded","❌ Unhealthy")))
A5: Procurement System | B5: Webhook / Event-driven | C5: PO Approval → New Asset Record | D5: Real-time | H5: =IF(G5="","",IF(G5>=98,"✅ Healthy",IF(G5>=90,"⚠️ Degraded","❌ Unhealthy")))
A6: Network Monitoring (Nmap/Nessus) | B6: Scheduled Batch (Weekly) | C6: Scan Results → IT Infrastructure | D6: Weekly Sunday | H6: =IF(G6="","",IF(G6>=98,"✅ Healthy",IF(G6>=90,"⚠️ Degraded","❌ Unhealthy")))
A7: CMDB / ServiceNow | B7: Real-time API | C7: CI Updates → Inventory Sync | D7: Real-time | H7: =IF(G7="","",IF(G7>=98,"✅ Healthy",IF(G7>=90,"⚠️ Degraded","❌ Unhealthy")))
A8: Cloud Provider APIs (AWS/Azure) | B8: Scheduled Batch (Daily) | C8: Cloud Resources → IT Infrastructure | D8: Daily 03:00 | H8: =IF(G8="","",IF(G8>=98,"✅ Healthy",IF(G8>=90,"⚠️ Degraded","❌ Unhealthy")))
A9: Active Directory | B9: Database Replication | C9: User/Group Data → Personnel/Access | D9: Hourly | H9: =IF(G9="","",IF(G9>=98,"✅ Healthy",IF(G9>=90,"⚠️ Degraded","❌ Unhealthy")))
A10: Asset Management Tool | B10: Real-time API | C10: Asset Changes → Inventory Sync | D10: Real-time | H10: =IF(G10="","",IF(G10>=98,"✅ Healthy",IF(G10>=90,"⚠️ Degraded","❌ Unhealthy")))
A18: INTEGRATION HEALTH SUMMARY
A19: Total Integrations | B19: =COUNTA(A4:A10)
A20: Active Integrations | B20: =COUNTIF(E4:E10,"Active")
A21: Healthy Integrations | B21: =COUNTIF(H4:H10,"✅ Healthy")
A22: Integration Health % | B22: =IFERROR(B21/B20*100,0)
A23: Average Success Rate | B23: =IFERROR(AVERAGE(G4:G10),0)

Sheet Quality Control Processes
A1: QUALITY CONTROL PROCESSES
A3: Quality Control Process | B3: Frequency | C3: Documented? | D3: Last Performed | E3: Responsible Party | F3: Issues Found (Last Run) | G3: Issues Resolved | H3: Effectiveness % | I3: Status | J3: Evidence ID | K3: Notes
A4: Data Validation Rules (Automated) | B4: Real-time | H4: =IF(OR(F4="",G4=""),"",IF(F4=0,100,G4/F4*100)) | I4: =IF(H4="","",IF(H4>=90,"✅ Effective",IF(H4>=70,"⚠️ Needs Improvement","❌ Ineffective")))
A5: Duplicate Detection / Deduplication | B5: Weekly | H5: =IF(OR(F5="",G5=""),"",IF(F5=0,100,G5/F5*100)) | I5: =IF(H5="","",IF(H5>=90,"✅ Effective",IF(H5>=70,"⚠️ Needs Improvement","❌ Ineffective")))
A6: Orphan Record Detection | B6: Weekly | H6: =IF(OR(F6="",G6=""),"",IF(F6=0,100,G6/F6*100)) | I6: =IF(H6="","",IF(H6>=90,"✅ Effective",IF(H6>=70,"⚠️ Needs Improvement","❌ Ineffective")))
A7: Consistency Checks (Cross-System) | B7: Monthly | H7: =IF(OR(F7="",G7=""),"",IF(F7=0,100,G7/F7*100)) | I7: =IF(H7="","",IF(H7>=90,"✅ Effective",IF(H7>=70,"⚠️ Needs Improvement","❌ Ineffective")))
A8: Completeness Checks (Mandatory Fields) | B8: Daily | H8: =IF(OR(F8="",G8=""),"",IF(F8=0,100,G8/F8*100)) | I8: =IF(H8="","",IF(H8>=90,"✅ Effective",IF(H8>=70,"⚠️ Needs Improvement","❌ Ineffective")))
A9: Ownership Verification | B9: Quarterly | H9: =IF(OR(F9="",G9=""),"",IF(F9=0,100,G9/F9*100)) | I9: =IF(H9="","",IF(H9>=90,"✅ Effective",IF(H9>=70,"⚠️ Needs Improvement","❌ Ineffective")))
A10: Stale Record Review | B10: Monthly | H10: =IF(OR(F10="",G10=""),"",IF(F10=0,100,G10/F10*100)) | I10: =IF(H10="","",IF(H10>=90,"✅ Effective",IF(H10>=70,"⚠️ Needs Improvement","❌ Ineffective")))
A11: Access Control Audit | B11: Quarterly | H11: =IF(OR(F11="",G11=""),"",IF(F11=0,100,G11/F11*100)) | I11: =IF(H11="","",IF(H11>=90,"✅ Effective",IF(H11>=70,"⚠️ Needs Improvement","❌ Ineffective")))
A12: Integration Reconciliation | B12: Weekly | H12: =IF(OR(F12="",G12=""),"",IF(F12=0,100,G12/F12*100)) | I12: =IF(H12="","",IF(H12>=90,"✅ Effective",IF(H12>=70,"⚠️ Needs Improvement","❌ Ineffective")))
A13: Periodic Full Inventory Reconciliation | B13: Annually | H13: =IF(OR(F13="",G13=""),"",IF(F13=0,100,G13/F13*100)) | I13: =IF(H13="","",IF(H13>=90,"✅ Effective",IF(H13>=70,"⚠️ Needs Improvement","❌ Ineffective")))
A16: QUALITY CONTROL SUMMARY
A17: Total QC Processes | B17: =COUNTA(A4:A13)
A18: Documented Processes | B18: =COUNTIF(C4:C13,"Yes")
A19: Documentation Rate % | B19: =IFERROR(B18/B17*100,0)
A20: Average Effectiveness % | B20: =IFERROR(AVERAGE(H4:H13),0)

Sheet Maintenance Metrics
A1: MAINTENANCE METRICS & SUMMARY
A3: OVERALL MAINTENANCE EFFECTIVENESS
A4: Metric | B4: Actual | C4: Target | D4: Gap | E4: Status | F4: Description
A5: Update Workflow SLA Compliance | B5: ='Update Triggers & Workflows'!B40 | C5: 95% | D5: =B5-VALUE(LEFT(C5,LEN(C5)-1))/100 | E5: =IF(B5>=VALUE(LEFT(C5,LEN(C5)-1))/100,"✅ Met",IF(B5>=VALUE(LEFT(C5,LEN(C5)-1))/100-0.1,"⚠️ At Risk","❌ Not Met")) | F5: Update timeliness
A6: Integration Health | B6: ='Integration Architecture'!B21 | C6: 98% | D6: =B6-VALUE(LEFT(C6,LEN(C6)-1))/100 | E6: =IF(B6>=VALUE(LEFT(C6,LEN(C6)-1))/100,"✅ Met",IF(B6>=VALUE(LEFT(C6,LEN(C6)-1))/100-0.1,"⚠️ At Risk","❌ Not Met")) | F6: Automated feed reliability
A7: Quality Control Effectiveness | B7: ='Quality Control Processes'!B27 | C7: 90% | D7: =B7-VALUE(LEFT(C7,LEN(C7)-1))/100 | E7: =IF(B7>=VALUE(LEFT(C7,LEN(C7)-1))/100,"✅ Met",IF(B7>=VALUE(LEFT(C7,LEN(C7)-1))/100-0.1,"⚠️ At Risk","❌ Not Met")) | F7: Issue remediation rate
A8: Workflow Documentation Rate | B8: ='Update Triggers & Workflows'!B36 | C8: 100% | D8: =B8-VALUE(LEFT(C8,LEN(C8)-1))/100 | E8: =IF(B8>=VALUE(LEFT(C8,LEN(C8)-1))/100,"✅ Met",IF(B8>=VALUE(LEFT(C8,LEN(C8)-1))/100-0.1,"⚠️ At Risk","❌ Not Met")) | F8: Procedure documentation
A11: OVERALL MAINTENANCE SCORE | B11: =AVERAGE(B5:B8)
A12: Overall Target | B12: 95%
A13: Overall Gap | B13: =B11-0.95
A16: CSV EXPORT FOR DASHBOARD (Copy rows below)
A17: Metric_Category | B17: Score_% | C17: Status
A18: =A5 | B18: =B5 | C18: =E5
A19: =A6 | B19: =B6 | C19: =E6
A20: =A7 | B20: =B7 | C20: =E7
A21: =A8 | B21: =B8 | C21: =E8

Sheet Evidence Register
A1: EVIDENCE REGISTER
A2: ISO/IEC 27001:2022 - Control A.5.9: Inventory of Information and Assets
A4: Evidence ID | B4: Evidence Type | C4: Description | D4: Related Control / Section | E4: Collection Date (DD.MM.YYYY) | F4: Storage Location / Reference | G4: Collected By | H4: Verification Status
A5: EV-001 | B5: Document | C5: Sample evidence entry — replace with actual evidence | D5: A.5.9 All Domains | E5: 01.01.2026 | F5: SharePoint/ISMS/Evidence/ | G5: ISMS Team | H5: Not verified

Sheet Summary Dashboard
A1: INVENTORY MAINTENANCE — SUMMARY DASHBOARD
A2: ISO 27001:2022 · Control A.5.9 · Inventory of Information and Assets
A4: TABLE 1: COMPLIANCE ASSESSMENT
A5: Assessment Area | B5: Compliant | C5: Non-Compliant | D5: Total Items | E5: Compliance %
A6: Update Trigger Workflow Coverage | B6: =COUNTIF('Update Triggers & Workflows'!C4:C15,"Yes") | C6: =D6-B6 | D6: =COUNTA('Update Triggers & Workflows'!A4:A15) | E6: =IFERROR(B6/D6,0)
A7: Update Trigger SLA Compliance | B7: =COUNTIF('Update Triggers & Workflows'!H4:H15,"✅ Compliant") | C7: =D7-B7 | D7: =COUNTA('Update Triggers & Workflows'!A4:A15) | E7: =IFERROR(B7/D7,0)
A8: Integration Architecture Health | B8: =COUNTIF('Integration Architecture'!H4:H15,"✅ Healthy") | C8: =D8-B8 | D8: =COUNTA('Integration Architecture'!A4:A15) | E8: =IFERROR(B8/D8,0)
A9: Quality Control Process Coverage | B9: =COUNTIF('Quality Control Processes'!C4:C53,"Yes") | C9: =D9-B9 | D9: =COUNTA('Quality Control Processes'!A4:A53) | E9: =IFERROR(B9/D9,0)
A10: Maintenance Trigger Automation Rate | B10: =COUNTIF('Update Triggers & Workflows'!D4:D15,"Fully Automated") | C10: =D10-B10 | D10: =COUNTA('Update Triggers & Workflows'!A4:A15) | E10: =IFERROR(B10/D10,0)
A11: TOTAL | B11: =SUM(B6:B10) | C11: =SUM(C6:C10) | D11: =SUM(D6:D10) | E11: =IFERROR(B11/D11,0)
A13: TABLE 2: KEY PERFORMANCE INDICATORS
A14: Update Trigger Coverage
A15: Total Update Triggers Defined | B15: =COUNTA('Update Triggers & Workflows'!A4:A15)
A16: Triggers with Documented Workflow | B16: =COUNTIF('Update Triggers & Workflows'!C4:C15,"Yes")
A17: Fully Automated Triggers | B17: =COUNTIF('Update Triggers & Workflows'!D4:D15,"Fully Automated")
A18: Integration Architecture
A19: Total Integrations Monitored | B19: =COUNTA('Integration Architecture'!A4:A15)
A20: Active Integrations | B20: =COUNTIF('Integration Architecture'!E4:E15,"Active")
A21: Healthy Integrations | B21: =COUNTIF('Integration Architecture'!H4:H15,"✅ Healthy")
A22: Quality Control
A23: Integration Failures (Failed Status) | B23: =COUNTIF('Integration Architecture'!H4:H15,"❌ Failed")
A24: Degraded Integrations | B24: =COUNTIF('Integration Architecture'!H4:H15,"⚠️ Degraded")
A25: Gaps & Evidence
A26: Triggers Without Documented Workflow | B26: =COUNTIF('Update Triggers & Workflows'!C4:C15,"No")
A27: Unverified Evidence Items | B27: =COUNTIF('Evidence Register'!H6:H105,"Not verified")
A29: TABLE 3: CRITICAL FINDINGS & RISK INDICATORS
A30: Critical Finding | B30: Count | C30: Severity | D30: ISO Reference | E30: Action Required
A31: Update triggers with no documented workflow | B31: =COUNTIF('Update Triggers & Workflows'!C4:C15,"No") | C31: CRITICAL | D31: A.5.9 §3.3 | E31: Immediate — undocumented triggers lead to missed inventory updates and stale data
A32: Integration feeds with failed health status | B32: =COUNTIF('Integration Architecture'!H4:H15,"❌ Failed") | C32: CRITICAL | D32: A.5.9 §3.3 | E32: Immediate — failed feeds create silent data gaps in the inventory
A33: Integration feeds with degraded status | B33: =COUNTIF('Integration Architecture'!H4:H15,"⚠️ Degraded") | C33: HIGH | D33: A.5.9 §3.3 | E33: Urgent — degraded integrations reduce data quality and timeliness
A34: Update triggers with no SLA compliance | B34: =COUNTIF('Update Triggers & Workflows'!H4:H15,"❌ Non-Compliant") | C34: HIGH | D34: A.5.9 §3.3 | E34: Urgent — SLA breaches lead to stale inventory data
A35: Critical triggers with no automation (ad-hoc) | B35: =COUNTIF('Update Triggers & Workflows'!D4:D15,"Manual (Ad-hoc)") | C35: HIGH | D35: A.5.9 §3.3 | E35: Plan — manual ad-hoc processes are unreliable for critical update triggers
A36: Integrations not in active status | B36: =COUNTA('Integration Architecture'!A4:A15)-COUNTIF('Integration Architecture'!E4:E15,"Active") | C36: HIGH | D36: A.5.9 §3.3 | E36: Plan — inactive integrations should be decommissioned or reactivated
A37: Triggers with partial workflow only | B37: =COUNTIF('Update Triggers & Workflows'!C4:C15,"Partial") | C37: MEDIUM | D37: A.5.9 §3.3 | E37: Plan — partial workflows require completion for reliable inventory maintenance
A38: Unverified evidence items | B38: =COUNTIF('Evidence Register'!H6:H105,"Not verified") | C38: MEDIUM | D38: A.5.9 §3 | E38: Plan — evidence requires verification before next audit

Sheet Approval Sign-Off
A1: ASSESSMENT APPROVAL AND SIGN-OFF
A2: ISO/IEC 27001:2022 - Control A.5.9: Inventory of Information and Assets
A3: ASSESSMENT SUMMARY
A4: Document: | B4: ISMS-IMP-A.5.9.2 - Inventory Maintenance
A5: Assessment Period:
A6: Overall Compliance Rating: | B6: =IFERROR(AVERAGE('Summary Dashboard'!G6:G10),"")
A7: Assessment Status:
A8: Assessed By:
A11: COMPLETED BY (ASSESSOR)
A12: Name:
A13: Title:
A14: Date:
A15: Signature:
A16: Comments:
A18: REVIEWED BY (INFORMATION SECURITY OFFICER)
A19: Name:
A20: Title:
A21: Date:
... A38: Special Considerations:
