Workbook

Sheet Instructions & Legend
A1: ISMS-IMP-A.6.3.2 - Training Program Design ISO/IEC 27001:2022 - Control A.6.3: Information Security Awareness, Education and Training
A3: Document Information
A4: Document ID | B4: ISMS-IMP-A.6.3.2
A5: Workbook Title | B5: Training Program Design
A6: Control Reference | B6: ISO/IEC 27001:2022 - Control A.6.3: Information Security Awareness, Education and Training
A7: Version | B7: 1.0
A8: Assessment Date
A9: Completed By
A10: Organisation
A12: Instructions
A13: 1. Complete Curriculum Catalog — list all training modules with topics, duration, and target audience.
A14: 2. Complete Content Specifications — document learning objectives and assessment criteria per module.
A15: 3. Complete Delivery Standards — define delivery method (e-learning, classroom, simulation) requirements.
A16: 4. Complete Assessment Design — document assessment methods and minimum pass scores.
A17: 5. Complete Content Lifecycle — track module review dates and version control.
A18: 6. Complete Gap Analysis — identify curriculum gaps relative to ISO 27001:2022 A.6.3 requirements.
A19: 7. Maintain the Evidence Register with curriculum documentation and approval records.
A20: 8. Obtain final approval and sign-off in the Approval Sign-Off sheet.
A22: Status Legend
A23: Symbol | B23: Status | C23: Description
A24: ✓ | B24: Compliant / Complete | C24: Requirement fully met
A25: ⚠ | B25: Partial / In Progress | C25: Partially met or in progress
A26: ✗ | B26: Non-Compliant / Not Started | C26: Requirement not met
A27: — | B27: Not Applicable | C27: Not applicable to this assessment

Sheet Curriculum Catalog
A1: CURRICULUM CATALOG Master catalog of all training modules
A2: Master catalog of all training modules with delivery specifications and status tracking
A3: Module ID | B3: Module Title | C3: Training Tier | D3: Category | E3: Mandatory Optional | F3: Duration Minutes | G3: Delivery Method | H3: Assessment Type | I3: Frequency | J3: Policy Reference | K3: Content Owner | L3: Last Updated | M3: Next Review | N3: Status
A4: MOD-T1-001 | B4: Information Security Fundamentals | C4: Tier 1 | D4: Baseline Awareness | E4: Mandatory | F4: 30 | G4: eLearning | H4: Quiz | I4: Onboarding | J4: POL-A.6.3 S2.3.1
A5: MOD-T1-002 | B5: Acceptable Use Policy | C5: Tier 1 | D5: Baseline Awareness | E5: Mandatory | F5: 20 | G5: eLearning | H5: Quiz | I5: Annual | J5: POL-A.6.3 S2.3.2
A6: MOD-T1-003 | B6: Data Classification and Handling | C6: Tier 1 | D6: Baseline Awareness | E6: Mandatory | F6: 25 | G6: eLearning | H6: Quiz | I6: Annual | J6: POL-A.6.3 S2.3.3
A7: MOD-T1-004 | B7: Password Security and Authentication | C7: Tier 1 | D7: Baseline Awareness | E7: Mandatory | F7: 20 | G7: eLearning | H7: Quiz | I7: Annual | J7: POL-A.6.3 S2.3.4
A8: MOD-T1-005 | B8: Phishing and Social Engineering | C8: Tier 1 | D8: Baseline Awareness | E8: Mandatory | F8: 30 | G8: eLearning + Simulation | H8: Quiz + Simulation | I8: Annual | J8: POL-A.6.3 S2.3.5
A9: MOD-T1-006 | B9: Security Incident Reporting | C9: Tier 1 | D9: Baseline Awareness | E9: Mandatory | F9: 15 | G9: eLearning | H9: Quiz | I9: Onboarding | J9: POL-A.6.3 S2.3.6
A10: MOD-T1-007 | B10: Physical Security Awareness | C10: Tier 1 | D10: Baseline Awareness | E10: Mandatory | F10: 15 | G10: eLearning | H10: Quiz | I10: Annual | J10: POL-A.6.3 S2.3.7
A11: MOD-T1-008 | B11: Remote Working Security | C11: Tier 1 | D11: Baseline Awareness | E11: Mandatory | F11: 20 | G11: eLearning | H11: Quiz | I11: Annual | J11: POL-A.6.3 S2.3.8
A12: MOD-T3-001 | B12: Privacy and Data Protection Fundamentals | C12: Tier 3 | D12: Data Protection | E12: Mandatory | F12: 45 | G12: eLearning | H12: Quiz | I12: Annual | J12: POL-A.6.3 S2.4.1
A13: MOD-T3-002 | B13: Data Subject Rights and Obligations | C13: Tier 3 | D13: Data Protection | E13: Mandatory | F13: 30 | G13: eLearning | H13: Quiz | I13: Annual | J13: POL-A.6.3 S2.4.1
A14: MOD-T3-003 | B14: Data Retention and Secure Deletion | C14: Tier 3 | D14: Data Protection | E14: Mandatory | F14: 25 | G14: eLearning | H14: Quiz | I14: Annual | J14: POL-A.6.3 S2.4.1
A15: MOD-T4-001 | B15: Secure Coding Practices | C15: Tier 4 | D15: Technical Security | E15: Mandatory | F15: 60 | G15: eLearning + Workshop | H15: Quiz + Practical | I15: Annual | J15: POL-A.6.3 S2.4.2
... A23: MOD-T7-002 | B23: Executive Cyber Risk Briefing | C23: Tier 7 | D23: Governance | E23: Mandatory | F23: 30 | G23: Briefing | H23: N/A | I23: Quarterly | J23: POL-A.6.3 S2.4.5
A24: MOD-XXXX

Sheet Content Specifications
A1: CONTENT SPECIFICATIONS Detailed specifications for each module
A2: Detailed content requirements for each training module including objectives and assessments
A3: Module ID | B3: Learning Objectives | C3: Topics Covered | D3: Prerequisites | E3: Target Audience | F3: Accessibility Requirements | G3: Language Versions | H3: Format Requirements | I3: Assessment Questions Count | J3: Pass Threshold | K3: Remediation Path | L3: Regulatory Mapping
A4: CS-001

Sheet Delivery Standards
A1: DELIVERY STANDARDS Standards for each delivery method
A3: Delivery Method | B3: Description | C3: Use Cases | D3: Technical Requirements | E3: Instructor Requirements | F3: Completion Tracking | G3: Assessment Integration | H3: Accessibility Standard
A4: eLearning | B4: Self-paced online modules | C4: Baseline awareness, refresher training | D4: LMS access, modern browser | E4: N/A | F4: Automatic via LMS | G4: Integrated quiz | H4: WCAG 2.1 AA
A5: Instructor-Led | B5: Facilitated classroom or virtual | C5: Complex topics, specialized roles | D5: Classroom/VC platform | E5: Certified instructor | F5: Attendance record | G5: Post-session assessment | H5: Accessible venue
A6: Workshop | B6: Hands-on practical exercises | C6: Technical skills, incident response | D6: Lab environment | E6: Technical SME | F6: Participation record | G6: Practical assessment | H6: Adjustable workstations
A7: Simulation | B7: Realistic scenario exercises | C7: Phishing, social engineering | D7: Simulation platform | E7: Campaign design expertise | F7: Engagement tracking | G7: Behavioural measurement | H7: Text alternatives
A8: Briefing | B8: Executive-level sessions | C8: Leadership updates | D8: Executive meeting space | E8: Senior security leadership | F8: Attendance record | G8: N/A | H8: Standard meeting access
A9: Microlearning | B9: Brief focused modules (2-5 min) | C9: Reinforcement, quick updates | D9: Mobile-friendly delivery | E9: N/A | F9: View tracking | G9: Optional quick check | H9: Mobile accessible

Sheet Assessment Design
A1: ASSESSMENT DESIGN Assessment methodology standards
A3: Assessment Type | B3: Purpose | C3: Question Types | D3: Minimum Questions | E3: Pass Threshold | F3: Attempt Limits | G3: Feedback Approach | H3: Remediation Requirements | I3: Record Retention
A4: Quiz | B4: Knowledge verification | C4: Multiple choice, True/False, Matching | D4: 10 | E4: 80% | F4: 3 | G4: Immediate feedback | H4: Retake training if 3 fails | I4: 5 years
A5: Practical | B5: Skills demonstration | C5: Hands-on exercises, scenario completion | D5: 3 | E5: Pass/Fail per task | F5: 2 | G5: Instructor feedback | H5: Additional coaching | I5: 3 years
A6: Simulation | B6: Behavioural assessment | C6: Phishing response, social engineering | D6: 1 | E6: Did not click + reported | F6: N/A | G6: Educational landing page | H6: Targeted remedial training | I6: 3 years
A7: Scenario | B7: Situational judgment | C7: Case studies, decision scenarios | D7: 5 | E7: 80% | F7: 2 | G7: Explanation of optimal response | H7: Review with SME | I7: 5 years
A8: Tabletop | B8: Group decision-making | C8: Incident scenarios, team response | D8: 1 | E8: Participation + contribution | F8: 1 | G8: Facilitator debrief | H8: Individual follow-up | I8: 3 years

Sheet Content Lifecycle
A1: CONTENT LIFECYCLE Version control and update schedule
A2: Version control records and update schedule for all training content
A3: Module ID | B3: Current Version | C3: Version Date | D3: Change Summary | E3: Review Cycle | F3: Next Review Date | G3: Trigger Events | H3: Update Owner | I3: ApprovalRequired
A4: MOD-T1-001

Sheet Gap Analysis
A1: GAP ANALYSIS Identify curriculum gaps vs. policy requirements
A2: Identify curriculum gaps against policy requirements and track remediation
A3: Policy Requirement | B3: Policy Reference | C3: Current Module | D3: Gap Description | E3: Priority | F3: Remediation Plan | G3: Target Date | H3: Owner
A4: GAP-001

Sheet Evidence Register
A1: EVIDENCE REGISTER
A2: ISMS-IMP-A.6.3.2 — Training Program Design | Audit evidence tracking
A4: Evidence ID | B4: Evidence Type | C4: Description | D4: Location / Source | E4: Date Collected | F4: Collected By | G4: Status | H4: Notes
A5: EV-001

Sheet Summary Dashboard
A1: TRAINING PROGRAM DESIGN — SUMMARY DASHBOARD
A2: ISO/IEC 27001:2022 — Control A.6.3: Information Security Awareness, Education and Training | Program Design
A4: TABLE 1: ASSESSMENT AREA COMPLIANCE OVERVIEW
A5: Assessment Area | B5: Count | C5: Compliant | D5: Partial | E5: Non-Compliant | F5: N/A | G5: Compliance %
A6: Curriculum Catalog | B6: =COUNTA('Curriculum Catalog'!A4:A75) | C6: =COUNTIF('Curriculum Catalog'!N4:N75,"Active") | D6: =COUNTIF('Curriculum Catalog'!N4:N75,"Draft")+COUNTIF('Curriculum Catalog'!N4:N75,"Under Review") | E6: 0 | F6: =COUNTIF('Curriculum Catalog'!N4:N75,"Retired") | G6: =IF((B6-F6)=0,0,C6/(B6-F6))
A7: Curriculum Gap Analysis | B7: =COUNTA('Gap Analysis'!A5:A54) | C7: =COUNTIF('Gap Analysis'!E5:E54,"Low") | D7: =COUNTIF('Gap Analysis'!E5:E54,"Medium") | E7: =COUNTIF('Gap Analysis'!E5:E54,"Critical")+COUNTIF('Gap Analysis'!E5:E54,"High") | F7: 0 | G7: =IF((B7-F7)=0,0,C7/(B7-F7))
A8: TOTAL | B8: =SUM(B6:B7) | C8: =SUM(C6:C7) | D8: =SUM(D6:D7) | E8: =SUM(E6:E7) | F8: =SUM(F6:F7) | G8: =IF((B8-F8)=0,0,C8/(B8-F8))
A10: TABLE 2: KEY METRICS
A11: Metric | B11: Value
A12: Total Modules in Catalog | B12: =COUNTA('Curriculum Catalog'!A4:A75)
A13: Active Modules | B13: =COUNTIF('Curriculum Catalog'!N4:N75,"Active")
A14: Modules Under Review or Draft | B14: =COUNTIF('Curriculum Catalog'!N4:N75,"Under Review")+COUNTIF('Curriculum Catalog'!N4:N75,"Draft")
A15: Mandatory Modules | B15: =COUNTIF('Curriculum Catalog'!E4:E75,"Mandatory")
A16: Optional Modules | B16: =COUNTIF('Curriculum Catalog'!E4:E75,"Optional")
A17: Total Curriculum Gaps Identified | B17: =COUNTA('Gap Analysis'!A5:A54)
A18: Critical / High Priority Curriculum Gaps | B18: =COUNTIF('Gap Analysis'!E5:E54,"Critical")+COUNTIF('Gap Analysis'!E5:E54,"High")
A19: Medium / Low Priority Curriculum Gaps | B19: =COUNTIF('Gap Analysis'!E5:E54,"Medium")+COUNTIF('Gap Analysis'!E5:E54,"Low")
A23: TABLE 3: CRITICAL FINDINGS REQUIRING IMMEDIATE ATTENTION
A24: Category | B24: Finding | C24: Count | D24: Severity | E24: Action Required
A25: Curriculum Gap | B25: Critical priority curriculum gaps | C25: =COUNTIF('Gap Analysis'!E5:E54,"Critical") | D25: Critical | E25: Immediate
A26: Curriculum Gap | B26: High priority curriculum gaps | C26: =COUNTIF('Gap Analysis'!E5:E54,"High") | D26: High | E26: Urgent
A27: Module Status | B27: Modules under review or draft (not yet active) | C27: =COUNTIF('Curriculum Catalog'!N4:N75,"Under Review")+COUNTIF('Curriculum Catalog'!N4:N75,"Draft") | D27: Medium | E27: Monitor
A28: Module Status | B28: Retired modules in catalog | C28: =COUNTIF('Curriculum Catalog'!N4:N75,"Retired") | D28: Low | E28: Review

Sheet Approval Sign-Off
A1: ASSESSMENT APPROVAL AND SIGN-OFF
A2: ISO/IEC 27001:2022 - Control A.6.3: Information Security Awareness, Education and Training
A3: ASSESSMENT SUMMARY
A4: Document: | B4: ISMS-IMP-A.6.3.2 - Training Program Design
A5: Assessment Period:
A6: Overall Compliance Rating: | B6: =IFERROR(AVERAGE('Summary Dashboard'!G6:G7),"")
A7: Assessment Status:
A8: Assessed By:
A11: COMPLETED BY (ASSESSOR)
A12: Name:
A13: Title:
A14: Date:
A15: Signature:
A16: Comments:
A18: REVIEWED BY (INFORMATION SECURITY OFFICER)
A19: Name:
A20: Title:
A21: Date:
... A38: Special Considerations:
