Workbook

Sheet Instructions & Legend
A1: ISMS-IMP-A.6.3.1 - Training Needs Assessment ISO/IEC 27001:2022 - Control A.6.3: Information Security Awareness, Education and Training
A3: Document Information
A4: Document ID | B4: ISMS-IMP-A.6.3.1
A5: Workbook Title | B5: Training Needs Assessment
A6: Control Reference | B6: ISO/IEC 27001:2022 - Control A.6.3: Information Security Awareness, Education and Training
A7: Version | B7: 1.0
A8: Assessment Date
A9: Completed By
A10: Organisation
A12: Instructions
A13: 1. Review this Instructions & Legend sheet before starting the assessment.
A14: 2. Complete all yellow (FFFFCC) input cells with your assessment data.
A15: 3. Grey (F2F2F2) rows are sample rows — do not edit them.
A16: 4. Complete the Evidence Register with supporting documentation references.
A17: 5. Obtain sign-off in the Approval Sign-Off sheet when the assessment is complete.
A19: Status Legend
A20: Symbol | B20: Status | C20: Description
A21: ✓ | B21: Compliant / Complete | C21: Requirement fully met
A22: ⚠ | B22: Partial / In Progress | C22: Partially met or in progress
A23: ✗ | B23: Non-Compliant / Not Started | C23: Requirement not met
A24: — | B24: Not Applicable | C24: Not applicable to this assessment

Sheet Role Inventory
A1: ROLE INVENTORY Complete listing of all job roles requiring training
A2: Complete listing of all job roles requiring security awareness training
A3: Role ID | B3: Role Title | C3: Department | D3: Employee Count | E3: Data Access Level | F3: System Privileges | G3: External Exposure | H3: Regulatory Scope | I3: Security Role | J3: Total Score | K3: Assigned Tier | L3: Notes
A4: ROLE-001 | J4: =IF(B4="","",VALUE(LEFT(E4,1))+VALUE(LEFT(F4,1))+VALUE(LEFT(G4,1))+VALUE(LEFT(H4,1))+VALUE(LEFT(I4,1))) | K4: =IF(J4="","",IF(I4="Security Team (4)","Tier 6",IF(OR(F4="Admin (3)",F4="Super Admin (4)"),"Tier 5",IF(F4="Power User (2)","Tier 4",IF(E4="Confidential (3)","Tier 3",IF(J4>=8,"Tier 7","Tier 1"))))))
J5: =IF(B5="","",VALUE(LEFT(E5,1))+VALUE(LEFT(F5,1))+VALUE(LEFT(G5,1))+VALUE(LEFT(H5,1))+VALUE(LEFT(I5,1))) | K5: =IF(J5="","",IF(I5="Security Team (4)","Tier 6",IF(OR(F5="Admin (3)",F5="Super Admin (4)"),"Tier 5",IF(F5="Power User (2)","Tier 4",IF(E5="Confidential (3)","Tier 3",IF(J5>=8,"Tier 7","Tier 1"))))))
J6: =IF(B6="","",VALUE(LEFT(E6,1))+VALUE(LEFT(F6,1))+VALUE(LEFT(G6,1))+VALUE(LEFT(H6,1))+VALUE(LEFT(I6,1))) | K6: =IF(J6="","",IF(I6="Security Team (4)","Tier 6",IF(OR(F6="Admin (3)",F6="Super Admin (4)"),"Tier 5",IF(F6="Power User (2)","Tier 4",IF(E6="Confidential (3)","Tier 3",IF(J6>=8,"Tier 7","Tier 1"))))))
J7: =IF(B7="","",VALUE(LEFT(E7,1))+VALUE(LEFT(F7,1))+VALUE(LEFT(G7,1))+VALUE(LEFT(H7,1))+VALUE(LEFT(I7,1))) | K7: =IF(J7="","",IF(I7="Security Team (4)","Tier 6",IF(OR(F7="Admin (3)",F7="Super Admin (4)"),"Tier 5",IF(F7="Power User (2)","Tier 4",IF(E7="Confidential (3)","Tier 3",IF(J7>=8,"Tier 7","Tier 1"))))))
J8: =IF(B8="","",VALUE(LEFT(E8,1))+VALUE(LEFT(F8,1))+VALUE(LEFT(G8,1))+VALUE(LEFT(H8,1))+VALUE(LEFT(I8,1))) | K8: =IF(J8="","",IF(I8="Security Team (4)","Tier 6",IF(OR(F8="Admin (3)",F8="Super Admin (4)"),"Tier 5",IF(F8="Power User (2)","Tier 4",IF(E8="Confidential (3)","Tier 3",IF(J8>=8,"Tier 7","Tier 1"))))))
J9: =IF(B9="","",VALUE(LEFT(E9,1))+VALUE(LEFT(F9,1))+VALUE(LEFT(G9,1))+VALUE(LEFT(H9,1))+VALUE(LEFT(I9,1))) | K9: =IF(J9="","",IF(I9="Security Team (4)","Tier 6",IF(OR(F9="Admin (3)",F9="Super Admin (4)"),"Tier 5",IF(F9="Power User (2)","Tier 4",IF(E9="Confidential (3)","Tier 3",IF(J9>=8,"Tier 7","Tier 1"))))))
J10: =IF(B10="","",VALUE(LEFT(E10,1))+VALUE(LEFT(F10,1))+VALUE(LEFT(G10,1))+VALUE(LEFT(H10,1))+VALUE(LEFT(I10,1))) | K10: =IF(J10="","",IF(I10="Security Team (4)","Tier 6",IF(OR(F10="Admin (3)",F10="Super Admin (4)"),"Tier 5",IF(F10="Power User (2)","Tier 4",IF(E10="Confidential (3)","Tier 3",IF(J10>=8,"Tier 7","Tier 1"))))))
J11: =IF(B11="","",VALUE(LEFT(E11,1))+VALUE(LEFT(F11,1))+VALUE(LEFT(G11,1))+VALUE(LEFT(H11,1))+VALUE(LEFT(I11,1))) | K11: =IF(J11="","",IF(I11="Security Team (4)","Tier 6",IF(OR(F11="Admin (3)",F11="Super Admin (4)"),"Tier 5",IF(F11="Power User (2)","Tier 4",IF(E11="Confidential (3)","Tier 3",IF(J11>=8,"Tier 7","Tier 1"))))))
J12: =IF(B12="","",VALUE(LEFT(E12,1))+VALUE(LEFT(F12,1))+VALUE(LEFT(G12,1))+VALUE(LEFT(H12,1))+VALUE(LEFT(I12,1))) | K12: =IF(J12="","",IF(I12="Security Team (4)","Tier 6",IF(OR(F12="Admin (3)",F12="Super Admin (4)"),"Tier 5",IF(F12="Power User (2)","Tier 4",IF(E12="Confidential (3)","Tier 3",IF(J12>=8,"Tier 7","Tier 1"))))))
J13: =IF(B13="","",VALUE(LEFT(E13,1))+VALUE(LEFT(F13,1))+VALUE(LEFT(G13,1))+VALUE(LEFT(H13,1))+VALUE(LEFT(I13,1))) | K13: =IF(J13="","",IF(I13="Security Team (4)","Tier 6",IF(OR(F13="Admin (3)",F13="Super Admin (4)"),"Tier 5",IF(F13="Power User (2)","Tier 4",IF(E13="Confidential (3)","Tier 3",IF(J13>=8,"Tier 7","Tier 1"))))))
J14: =IF(B14="","",VALUE(LEFT(E14,1))+VALUE(LEFT(F14,1))+VALUE(LEFT(G14,1))+VALUE(LEFT(H14,1))+VALUE(LEFT(I14,1))) | K14: =IF(J14="","",IF(I14="Security Team (4)","Tier 6",IF(OR(F14="Admin (3)",F14="Super Admin (4)"),"Tier 5",IF(F14="Power User (2)","Tier 4",IF(E14="Confidential (3)","Tier 3",IF(J14>=8,"Tier 7","Tier 1"))))))
J15: =IF(B15="","",VALUE(LEFT(E15,1))+VALUE(LEFT(F15,1))+VALUE(LEFT(G15,1))+VALUE(LEFT(H15,1))+VALUE(LEFT(I15,1))) | K15: =IF(J15="","",IF(I15="Security Team (4)","Tier 6",IF(OR(F15="Admin (3)",F15="Super Admin (4)"),"Tier 5",IF(F15="Power User (2)","Tier 4",IF(E15="Confidential (3)","Tier 3",IF(J15>=8,"Tier 7","Tier 1"))))))
J16: =IF(B16="","",VALUE(LEFT(E16,1))+VALUE(LEFT(F16,1))+VALUE(LEFT(G16,1))+VALUE(LEFT(H16,1))+VALUE(LEFT(I16,1))) | K16: =IF(J16="","",IF(I16="Security Team (4)","Tier 6",IF(OR(F16="Admin (3)",F16="Super Admin (4)"),"Tier 5",IF(F16="Power User (2)","Tier 4",IF(E16="Confidential (3)","Tier 3",IF(J16>=8,"Tier 7","Tier 1"))))))
... J54: =IF(B54="","",VALUE(LEFT(E54,1))+VALUE(LEFT(F54,1))+VALUE(LEFT(G54,1))+VALUE(LEFT(H54,1))+VALUE(LEFT(I54,1))) | K54: =IF(J54="","",IF(I54="Security Team (4)","Tier 6",IF(OR(F54="Admin (3)",F54="Super Admin (4)"),"Tier 5",IF(F54="Power User (2)","Tier 4",IF(E54="Confidential (3)","Tier 3",IF(J54>=8,"Tier 7","Tier 1"))))))

Sheet Tier Classification
A1: TIER CLASSIFICATION CRITERIA Scoring matrix for training tier assignment
A3: Scoring Criteria
A4: Criterion | B4: Scoring Scale
A5: Data Access Level | B5: None=0, Public=1, Internal=2, Confidential=3, Restricted=4
A6: System Privileges | B6: None=0, User=1, Power User=2, Admin=3, Super Admin=4
A7: External Exposure | B7: None=0, Internal Only=1, Partner Access=2, Customer-Facing=3, Public-Facing=4
A8: Regulatory Scope | B8: None=0, General=1, Industry-Specific=2, Multiple Regulations=3, Critical Infrastructure=4
A9: Security Role | B9: None=0, Awareness Only=1, Incident Reporter=2, Security Champion=3, Security Team=4
A12: Tier Assignment Logic
A13: Tier | B13: Assignment Criteria
A14: Tier 7 - Management | B14: Total Score >= 8 AND in management role
A15: Tier 6 - Security Roles | B15: Security Role = Security Team (4)
A16: Tier 5 - Privileged Users | B16: System Privileges = Admin (3) or Super Admin (4)
A17: Tier 4 - Technical Staff | B17: System Privileges = Power User (2)
A18: Tier 3 - Data Handlers | B18: Data Access Level = Confidential (3) or higher
A19: Tier 2 - Contractor | B19: Employment Type = Contractor/Third-Party
A20: Tier 1 - Baseline | B20: All other personnel (default)

Sheet Training Requirements
A1: TRAINING REQUIREMENTS BY TIER Required modules per training tier
A3: Tier | B3: Module ID | C3: Module Title | D3: Mandatory Optional | E3: Frequency | F3: Duration Minutes
A4: Tier 1 | B4: MOD-T1-001 | C4: Information Security Fundamentals | D4: Mandatory | E4: Onboarding | F4: 30
A5: Tier 1 | B5: MOD-T1-002 | C5: Acceptable Use Policy | D5: Mandatory | E5: Annual | F5: 20
A6: Tier 1 | B6: MOD-T1-003 | C6: Data Classification and Handling | D6: Mandatory | E6: Annual | F6: 25
A7: Tier 1 | B7: MOD-T1-004 | C7: Password Security and Authentication | D7: Mandatory | E7: Annual | F7: 20
A8: Tier 1 | B8: MOD-T1-005 | C8: Phishing and Social Engineering | D8: Mandatory | E8: Annual | F8: 30
A9: Tier 1 | B9: MOD-T1-006 | C9: Security Incident Reporting | D9: Mandatory | E9: Onboarding | F9: 15
A10: Tier 1 | B10: MOD-T1-007 | C10: Physical Security Awareness | D10: Mandatory | E10: Annual | F10: 15
A11: Tier 1 | B11: MOD-T1-008 | C11: Remote Working Security | D11: Mandatory | E11: Annual | F11: 20
A13: Tier 3 | B13: MOD-T3-001 | C13: Privacy and Data Protection Fundamentals | D13: Mandatory | E13: Annual | F13: 45
A14: Tier 3 | B14: MOD-T3-002 | C14: Data Subject Rights and Obligations | D14: Mandatory | E14: Annual | F14: 30
A15: Tier 3 | B15: MOD-T3-003 | C15: Data Retention and Secure Deletion | D15: Mandatory | E15: Annual | F15: 25
A17: Tier 4 | B17: MOD-T4-001 | C17: Secure Coding Practices | D17: Mandatory | E17: Annual | F17: 60
... A28: Tier 7 | B28: MOD-T7-002 | C28: Executive Cyber Risk Briefing | D28: Mandatory | E28: Quarterly | F28: 30

Sheet Gap Analysis
A1: TRAINING GAP ANALYSIS Identify gaps between required and current training status
A2: Identify training gaps between required and actual completion status by role
A3: Role ID | B3: Role Title | C3: Assigned Tier | D3: Required Modules | E3: Completed Modules | F3: Gap Count | G3: Gap Percentage | H3: Priority | I3: Remediation Plan
A4: ROLE-001 | F4: =IF(D4="","",D4-E4) | G4: =IF(D4="","",IF(D4=0,"0%",ROUND((D4-E4)/D4*100,1)&"%"))
F5: =IF(D5="","",D5-E5) | G5: =IF(D5="","",IF(D5=0,"0%",ROUND((D5-E5)/D5*100,1)&"%"))
F6: =IF(D6="","",D6-E6) | G6: =IF(D6="","",IF(D6=0,"0%",ROUND((D6-E6)/D6*100,1)&"%"))
F7: =IF(D7="","",D7-E7) | G7: =IF(D7="","",IF(D7=0,"0%",ROUND((D7-E7)/D7*100,1)&"%"))
F8: =IF(D8="","",D8-E8) | G8: =IF(D8="","",IF(D8=0,"0%",ROUND((D8-E8)/D8*100,1)&"%"))
F9: =IF(D9="","",D9-E9) | G9: =IF(D9="","",IF(D9=0,"0%",ROUND((D9-E9)/D9*100,1)&"%"))
F10: =IF(D10="","",D10-E10) | G10: =IF(D10="","",IF(D10=0,"0%",ROUND((D10-E10)/D10*100,1)&"%"))
F11: =IF(D11="","",D11-E11) | G11: =IF(D11="","",IF(D11=0,"0%",ROUND((D11-E11)/D11*100,1)&"%"))
F12: =IF(D12="","",D12-E12) | G12: =IF(D12="","",IF(D12=0,"0%",ROUND((D12-E12)/D12*100,1)&"%"))
F13: =IF(D13="","",D13-E13) | G13: =IF(D13="","",IF(D13=0,"0%",ROUND((D13-E13)/D13*100,1)&"%"))
F14: =IF(D14="","",D14-E14) | G14: =IF(D14="","",IF(D14=0,"0%",ROUND((D14-E14)/D14*100,1)&"%"))
F15: =IF(D15="","",D15-E15) | G15: =IF(D15="","",IF(D15=0,"0%",ROUND((D15-E15)/D15*100,1)&"%"))
F16: =IF(D16="","",D16-E16) | G16: =IF(D16="","",IF(D16=0,"0%",ROUND((D16-E16)/D16*100,1)&"%"))
... F54: =IF(D54="","",D54-E54) | G54: =IF(D54="","",IF(D54=0,"0%",ROUND((D54-E54)/D54*100,1)&"%"))

Sheet Evidence Register
A1: EVIDENCE REGISTER
A2: ISMS-IMP-A.6.3.1 — Training Needs Assessment | Audit evidence tracking
A4: Evidence ID | B4: Evidence Type | C4: Description | D4: Location / Source | E4: Date Collected | F4: Collected By | G4: Status | H4: Notes
A5: EV-001

Sheet Summary Dashboard
A1: TRAINING NEEDS ASSESSMENT — SUMMARY DASHBOARD
A2: ISO/IEC 27001:2022 — Control A.6.3: Information Security Awareness, Education and Training | Needs Assessment
A4: TABLE 1: ASSESSMENT AREA COMPLIANCE OVERVIEW
A5: Assessment Area | B5: Count | C5: Compliant | D5: Partial | E5: Non-Compliant | F5: N/A | G5: Compliance %
A6: Role Inventory | B6: =COUNTA('Role Inventory'!A5:A54) | C6: =COUNTA('Role Inventory'!A5:A54) | D6: 0 | E6: 0 | F6: 0 | G6: =IF((B6-F6)=0,0,C6/(B6-F6))
A7: Training Gap Analysis | B7: =COUNTA('Gap Analysis'!A5:A54) | C7: =COUNTIF('Gap Analysis'!H5:H54,"Low") | D7: =COUNTIF('Gap Analysis'!H5:H54,"Medium") | E7: =COUNTIF('Gap Analysis'!H5:H54,"Critical")+COUNTIF('Gap Analysis'!H5:H54,"High") | F7: 0 | G7: =IF((B7-F7)=0,0,C7/(B7-F7))
A8: TOTAL | B8: =SUM(B6:B7) | C8: =SUM(C6:C7) | D8: =SUM(D6:D7) | E8: =SUM(E6:E7) | F8: =SUM(F6:F7) | G8: =IF((B8-F8)=0,0,C8/(B8-F8))
A10: TABLE 2: KEY METRICS
A11: Metric | B11: Value
A12: Total Roles Assessed | B12: =COUNTA('Role Inventory'!A5:A54)
A13: Total Employees Covered | B13: =SUM('Role Inventory'!D5:D54)
A14: Tier 1 (Baseline Awareness) Roles | B14: =COUNTIF('Role Inventory'!K5:K54,"Tier 1")
A15: Tier 5–7 (Privileged/Specialist/Management) Roles | B15: =COUNTIF('Role Inventory'!K5:K54,"Tier 5")+COUNTIF('Role Inventory'!K5:K54,"Tier 6")+COUNTIF('Role Inventory'!K5:K54,"Tier 7")
A16: Total Training Gaps Identified | B16: =COUNTA('Gap Analysis'!A5:A54)
A17: Critical Priority Gaps | B17: =COUNTIF('Gap Analysis'!H5:H54,"Critical")
A18: High Priority Gaps | B18: =COUNTIF('Gap Analysis'!H5:H54,"High")
A19: Medium Priority Gaps | B19: =COUNTIF('Gap Analysis'!H5:H54,"Medium")
A23: TABLE 3: CRITICAL FINDINGS REQUIRING IMMEDIATE ATTENTION
A24: Category | B24: Finding | C24: Count | D24: Severity | E24: Action Required
A25: Gap Priority | B25: Critical priority training gaps identified | C25: =COUNTIF('Gap Analysis'!H5:H54,"Critical") | D25: Critical | E25: Immediate
A26: Gap Priority | B26: High priority training gaps identified | C26: =COUNTIF('Gap Analysis'!H5:H54,"High") | D26: High | E26: Urgent
A27: Role Coverage | B27: Roles with no training needs assessed | C27: =MAX(0,50-COUNTA('Role Inventory'!A5:A54)) | D27: High | E27: Urgent
A28: Gap Coverage | B28: Medium priority gaps requiring remediation plan | C28: =COUNTIF('Gap Analysis'!H5:H54,"Medium") | D28: Medium | E28: Monitor

Sheet Approval Sign-Off
A1: ASSESSMENT APPROVAL AND SIGN-OFF
A2: ISO/IEC 27001:2022 - Control A.6.3: Information Security Awareness, Education and Training
A3: ASSESSMENT SUMMARY
A4: Document: | B4: ISMS-IMP-A.6.3.1 - Training Needs Assessment
A5: Assessment Period:
A6: Overall Compliance Rating: | B6: =IFERROR(AVERAGE('Summary Dashboard'!G6:G7),"")
A7: Assessment Status:
A8: Assessed By:
A11: COMPLETED BY (ASSESSOR)
A12: Name:
A13: Title:
A14: Date:
A15: Signature:
A16: Comments:
A18: REVIEWED BY (INFORMATION SECURITY OFFICER)
A19: Name:
A20: Title:
A21: Date:
... A38: Special Considerations:
