Workbook

Sheet Instructions & Legend
A1: ISMS-IMP-A.5.9.1 - Asset Discovery Assessment ISO/IEC 27001:2022 - Control A.5.9: Inventory of Information and Assets
A2: Assessment Domain 1 of 5: Asset Discovery & Completeness Verification
A4: PURPOSE
A5: This assessment evaluates whether [Organization] has successfully identified and documented all assets that store, process, transmit, or protect information assets. The goal is to measure discovery COMPLETENESS - do we know what exists? This is the foundation for all other inventory activities (maintenance, quality, accountability). Five asset categories are assessed: Information Assets, IT Infrastructure, Applications, Physical Assets, and Personnel Assets.
A10: ASSESSMENT METHODOLOGY
A11: 1. EXPECTED POPULATION | B11: Estimate total expected assets in each category (from business context, org size, infrastructure)
A12: 2. DISCOVERED ASSETS | B12: Count assets actually identified and documented via discovery methods
A13: 3. COMPLETENESS % | B13: Calculate: (Discovered / Expected) × 100%
A14: 4. GAP ANALYSIS | B14: Identify categories <95% complete, prioritize additional discovery
A15: 5. DISCOVERY METHODS | B15: Document how assets were found (network scan, HR export, manual, etc.)
A17: COMPLETENESS TARGETS
A18: Asset Category | B18: Target Completeness | C18: Rationale
A19: Information Assets | B19: 95% | C19: High criticality - must know sensitive data locations
A20: IT Infrastructure | B20: 98% | C20: Critical for security controls - servers, network devices
A21: Applications | B21: 90% | C21: Acceptable - shadow IT discovery ongoing
A22: Physical Assets | B22: 90% | C22: Facilities and equipment - manual discovery acceptable
A23: Personnel Assets | B23: 100% | C23: Critical - must know all key personnel and competencies
A26: TRAFFIC LIGHT LEGEND
A27: ✅ GREEN - Compliant | B27: Completeness ≥ Target (e.g., ≥95%)
A28: ⚠️ YELLOW - At Risk | B28: Completeness within 10% of target (e.g., 85-94%)
A29: ❌ RED - Non-Compliant | B29: Completeness >10% below target (e.g., <85%)

Sheet Information Assets Discovery
A1: Information Assets Discovery Assessment
A3: Asset Subcategory | B3: Discovery Method | C3: Expected Count | D3: Discovered Count | E3: Completeness % | F3: Compliance Status | G3: Gaps Identified | H3: Discovery Evidence | I3: Next Discovery Actions | J3: Responsible Party | K3: Target Date | L3: Evidence ID | M3: Notes
A4: Databases (Production) | E4: =IFERROR(D4/C4*100,0) | F4: =IF(E4>=95,"✅ Compliant",IF(E4>=85,"⚠️ At Risk","❌ Non-Compliant"))
A5: Databases (Development/Test) | E5: =IFERROR(D5/C5*100,0) | F5: =IF(E5>=95,"✅ Compliant",IF(E5>=85,"⚠️ At Risk","❌ Non-Compliant"))
A6: Data Warehouses / Analytics | E6: =IFERROR(D6/C6*100,0) | F6: =IF(E6>=95,"✅ Compliant",IF(E6>=85,"⚠️ At Risk","❌ Non-Compliant"))
A7: File Shares (Departmental) | E7: =IFERROR(D7/C7*100,0) | F7: =IF(E7>=95,"✅ Compliant",IF(E7>=85,"⚠️ At Risk","❌ Non-Compliant"))
A8: SharePoint / Document Management | E8: =IFERROR(D8/C8*100,0) | F8: =IF(E8>=95,"✅ Compliant",IF(E8>=85,"⚠️ At Risk","❌ Non-Compliant"))
A9: Business Records / Archives | E9: =IFERROR(D9/C9*100,0) | F9: =IF(E9>=95,"✅ Compliant",IF(E9>=85,"⚠️ At Risk","❌ Non-Compliant"))
A10: Email Archives | E10: =IFERROR(D10/C10*100,0) | F10: =IF(E10>=95,"✅ Compliant",IF(E10>=85,"⚠️ At Risk","❌ Non-Compliant"))
A11: Intellectual Property (Patents, Trade Secrets) | E11: =IFERROR(D11/C11*100,0) | F11: =IF(E11>=95,"✅ Compliant",IF(E11>=85,"⚠️ At Risk","❌ Non-Compliant"))
A12: Source Code Repositories | E12: =IFERROR(D12/C12*100,0) | F12: =IF(E12>=95,"✅ Compliant",IF(E12>=85,"⚠️ At Risk","❌ Non-Compliant"))
A13: Customer Data Collections | E13: =IFERROR(D13/C13*100,0) | F13: =IF(E13>=95,"✅ Compliant",IF(E13>=85,"⚠️ At Risk","❌ Non-Compliant"))
A14: Financial Records | E14: =IFERROR(D14/C14*100,0) | F14: =IF(E14>=95,"✅ Compliant",IF(E14>=85,"⚠️ At Risk","❌ Non-Compliant"))
A15: HR Records (Personnel Files) | E15: =IFERROR(D15/C15*100,0) | F15: =IF(E15>=95,"✅ Compliant",IF(E15>=85,"⚠️ At Risk","❌ Non-Compliant"))
... A18: Marketing / Sales Materials | E18: =IFERROR(D18/C18*100,0) | F18: =IF(E18>=95,"✅ Compliant",IF(E18>=85,"⚠️ At Risk","❌ Non-Compliant"))
A21: INFORMATION ASSETS SUMMARY
A22: Total Expected | B22: =SUM(C4:C18)
A23: Total Discovered | B23: =SUM(D4:D18)
A24: Overall Completeness % | B24: =IFERROR(B23/B22*100,0)
A25: Target | B25: 95%
A26: Gap vs. Target | B26: =B24-95

Sheet IT Infrastructure Discovery
A1: IT Infrastructure Discovery Assessment
A3: Asset Subcategory | B3: Discovery Method | C3: Expected Count | D3: Discovered Count | E3: Completeness % | F3: Compliance Status | G3: Gaps Identified | H3: Discovery Evidence | I3: Next Discovery Actions | J3: Responsible Party | K3: Target Date | L3: Evidence ID | M3: Notes
A4: Physical Servers (Production) | E4: =IFERROR(D4/C4*100,0) | F4: =IF(E4>=98,"✅ Compliant",IF(E4>=88,"⚠️ At Risk","❌ Non-Compliant"))
A5: Physical Servers (Non-Production) | E5: =IFERROR(D5/C5*100,0) | F5: =IF(E5>=98,"✅ Compliant",IF(E5>=88,"⚠️ At Risk","❌ Non-Compliant"))
A6: Virtual Servers / VMs | E6: =IFERROR(D6/C6*100,0) | F6: =IF(E6>=98,"✅ Compliant",IF(E6>=88,"⚠️ At Risk","❌ Non-Compliant"))
A7: Network Routers | E7: =IFERROR(D7/C7*100,0) | F7: =IF(E7>=98,"✅ Compliant",IF(E7>=88,"⚠️ At Risk","❌ Non-Compliant"))
A8: Network Switches | E8: =IFERROR(D8/C8*100,0) | F8: =IF(E8>=98,"✅ Compliant",IF(E8>=88,"⚠️ At Risk","❌ Non-Compliant"))
A9: Firewalls | E9: =IFERROR(D9/C9*100,0) | F9: =IF(E9>=98,"✅ Compliant",IF(E9>=88,"⚠️ At Risk","❌ Non-Compliant"))
A10: Load Balancers | E10: =IFERROR(D10/C10*100,0) | F10: =IF(E10>=98,"✅ Compliant",IF(E10>=88,"⚠️ At Risk","❌ Non-Compliant"))
A11: Storage Arrays / NAS / SAN | E11: =IFERROR(D11/C11*100,0) | F11: =IF(E11>=98,"✅ Compliant",IF(E11>=88,"⚠️ At Risk","❌ Non-Compliant"))
A12: Backup Devices / Tape Libraries | E12: =IFERROR(D12/C12*100,0) | F12: =IF(E12>=98,"✅ Compliant",IF(E12>=88,"⚠️ At Risk","❌ Non-Compliant"))
A13: Workstations / Desktops | E13: =IFERROR(D13/C13*100,0) | F13: =IF(E13>=98,"✅ Compliant",IF(E13>=88,"⚠️ At Risk","❌ Non-Compliant"))
A14: Laptops / Mobile Devices | E14: =IFERROR(D14/C14*100,0) | F14: =IF(E14>=98,"✅ Compliant",IF(E14>=88,"⚠️ At Risk","❌ Non-Compliant"))
A15: Tablets / iPads | E15: =IFERROR(D15/C15*100,0) | F15: =IF(E15>=98,"✅ Compliant",IF(E15>=88,"⚠️ At Risk","❌ Non-Compliant"))
... A19: Network Attached Devices | E19: =IFERROR(D19/C19*100,0) | F19: =IF(E19>=98,"✅ Compliant",IF(E19>=88,"⚠️ At Risk","❌ Non-Compliant"))
A22: IT INFRASTRUCTURE SUMMARY
A23: Total Expected | B23: =SUM(C4:C19)
A24: Total Discovered | B24: =SUM(D4:D19)
A25: Overall Completeness % | B25: =IFERROR(B24/B23*100,0)
A26: Target | B26: 98%
A27: Gap vs. Target | B27: =B25-98

Sheet Applications Discovery
A1: Applications Discovery Assessment
A3: Asset Subcategory | B3: Discovery Method | C3: Expected Count | D3: Discovered Count | E3: Completeness % | F3: Compliance Status | G3: Gaps Identified | H3: Discovery Evidence | I3: Next Discovery Actions | J3: Responsible Party | K3: Target Date | L3: Evidence ID | M3: Notes
A4: SaaS Applications (Licensed) | E4: =IFERROR(D4/C4*100,0) | F4: =IF(E4>=90,"✅ Compliant",IF(E4>=80,"⚠️ At Risk","❌ Non-Compliant"))
A5: Cloud-Hosted Applications (Custom) | E5: =IFERROR(D5/C5*100,0) | F5: =IF(E5>=90,"✅ Compliant",IF(E5>=80,"⚠️ At Risk","❌ Non-Compliant"))
A6: On-Premise Applications (COTS) | E6: =IFERROR(D6/C6*100,0) | F6: =IF(E6>=90,"✅ Compliant",IF(E6>=80,"⚠️ At Risk","❌ Non-Compliant"))
A7: On-Premise Applications (Custom/In-House) | E7: =IFERROR(D7/C7*100,0) | F7: =IF(E7>=90,"✅ Compliant",IF(E7>=80,"⚠️ At Risk","❌ Non-Compliant"))
A8: Database Management Systems | E8: =IFERROR(D8/C8*100,0) | F8: =IF(E8>=90,"✅ Compliant",IF(E8>=80,"⚠️ At Risk","❌ Non-Compliant"))
A9: Middleware / Integration Platforms | E9: =IFERROR(D9/C9*100,0) | F9: =IF(E9>=90,"✅ Compliant",IF(E9>=80,"⚠️ At Risk","❌ Non-Compliant"))
A10: Development Tools / IDEs | E10: =IFERROR(D10/C10*100,0) | F10: =IF(E10>=90,"✅ Compliant",IF(E10>=80,"⚠️ At Risk","❌ Non-Compliant"))
A11: Security Tools (SIEM, EDR, Firewall) | E11: =IFERROR(D11/C11*100,0) | F11: =IF(E11>=90,"✅ Compliant",IF(E11>=80,"⚠️ At Risk","❌ Non-Compliant"))
A12: Monitoring / Observability Tools | E12: =IFERROR(D12/C12*100,0) | F12: =IF(E12>=90,"✅ Compliant",IF(E12>=80,"⚠️ At Risk","❌ Non-Compliant"))
A13: Backup / Recovery Software | E13: =IFERROR(D13/C13*100,0) | F13: =IF(E13>=90,"✅ Compliant",IF(E13>=80,"⚠️ At Risk","❌ Non-Compliant"))
A14: Collaboration Tools (Slack, Teams, etc.) | E14: =IFERROR(D14/C14*100,0) | F14: =IF(E14>=90,"✅ Compliant",IF(E14>=80,"⚠️ At Risk","❌ Non-Compliant"))
A15: Productivity Suites (Office 365, G Suite) | E15: =IFERROR(D15/C15*100,0) | F15: =IF(E15>=90,"✅ Compliant",IF(E15>=80,"⚠️ At Risk","❌ Non-Compliant"))
... A18: Shadow IT (Unauthorized SaaS) | E18: =IFERROR(D18/C18*100,0) | F18: =IF(E18>=90,"✅ Compliant",IF(E18>=80,"⚠️ At Risk","❌ Non-Compliant"))
A21: APPLICATIONS SUMMARY
A22: Total Expected | B22: =SUM(C4:C18)
A23: Total Discovered | B23: =SUM(D4:D18)
A24: Overall Completeness % | B24: =IFERROR(B23/B22*100,0)
A25: Target | B25: 90%
A26: Gap vs. Target | B26: =B24-90

Sheet Physical Assets Discovery
A1: Physical Assets Discovery Assessment
A3: Asset Subcategory | B3: Discovery Method | C3: Expected Count | D3: Discovered Count | E3: Completeness % | F3: Compliance Status | G3: Gaps Identified | H3: Discovery Evidence | I3: Next Discovery Actions | J3: Responsible Party | K3: Target Date | L3: Evidence ID | M3: Notes
A4: Data Centers / Server Rooms | E4: =IFERROR(D4/C4*100,0) | F4: =IF(E4>=90,"✅ Compliant",IF(E4>=80,"⚠️ At Risk","❌ Non-Compliant"))
A5: Office Facilities | E5: =IFERROR(D5/C5*100,0) | F5: =IF(E5>=90,"✅ Compliant",IF(E5>=80,"⚠️ At Risk","❌ Non-Compliant"))
A6: Storage Facilities (Offsite) | E6: =IFERROR(D6/C6*100,0) | F6: =IF(E6>=90,"✅ Compliant",IF(E6>=80,"⚠️ At Risk","❌ Non-Compliant"))
A7: Backup Tape Libraries (Offsite) | E7: =IFERROR(D7/C7*100,0) | F7: =IF(E7>=90,"✅ Compliant",IF(E7>=80,"⚠️ At Risk","❌ Non-Compliant"))
A8: Removable Media (USB Drives, External HDDs) | E8: =IFERROR(D8/C8*100,0) | F8: =IF(E8>=90,"✅ Compliant",IF(E8>=80,"⚠️ At Risk","❌ Non-Compliant"))
A9: Paper Records / File Cabinets | E9: =IFERROR(D9/C9*100,0) | F9: =IF(E9>=90,"✅ Compliant",IF(E9>=80,"⚠️ At Risk","❌ Non-Compliant"))
A10: Safes / Secure Storage | E10: =IFERROR(D10/C10*100,0) | F10: =IF(E10>=90,"✅ Compliant",IF(E10>=80,"⚠️ At Risk","❌ Non-Compliant"))
A11: Badge Readers / Access Control Systems | E11: =IFERROR(D11/C11*100,0) | F11: =IF(E11>=90,"✅ Compliant",IF(E11>=80,"⚠️ At Risk","❌ Non-Compliant"))
A12: CCTV / Surveillance Systems | E12: =IFERROR(D12/C12*100,0) | F12: =IF(E12>=90,"✅ Compliant",IF(E12>=80,"⚠️ At Risk","❌ Non-Compliant"))
A13: Environmental Controls (HVAC, Fire Suppression) | E13: =IFERROR(D13/C13*100,0) | F13: =IF(E13>=90,"✅ Compliant",IF(E13>=80,"⚠️ At Risk","❌ Non-Compliant"))
A14: Power Infrastructure (UPS, Generators) | E14: =IFERROR(D14/C14*100,0) | F14: =IF(E14>=90,"✅ Compliant",IF(E14>=80,"⚠️ At Risk","❌ Non-Compliant"))
A15: Network Cabling Infrastructure | E15: =IFERROR(D15/C15*100,0) | F15: =IF(E15>=90,"✅ Compliant",IF(E15>=80,"⚠️ At Risk","❌ Non-Compliant"))
A18: PHYSICAL ASSETS SUMMARY
A19: Total Expected | B19: =SUM(C4:C15)
A20: Total Discovered | B20: =SUM(D4:D15)
A21: Overall Completeness % | B21: =IFERROR(B20/B19*100,0)
A22: Target | B22: 90%
A23: Gap vs. Target | B23: =B21-90

Sheet Personnel Assets Discovery
A1: Personnel Assets Discovery Assessment
A3: Asset Subcategory | B3: Discovery Method | C3: Expected Count | D3: Discovered Count | E3: Completeness % | F3: Compliance Status | G3: Gaps Identified | H3: Discovery Evidence | I3: Next Discovery Actions | J3: Responsible Party | K3: Target Date | L3: Evidence ID | M3: Notes
A4: Executive Management (C-Suite) | E4: =IFERROR(D4/C4*100,0) | F4: =IF(E4=100,"✅ Compliant",IF(E4>=90,"⚠️ At Risk","❌ Non-Compliant"))
A5: Department Heads / Managers | E5: =IFERROR(D5/C5*100,0) | F5: =IF(E5=100,"✅ Compliant",IF(E5>=90,"⚠️ At Risk","❌ Non-Compliant"))
A6: Information Security Team | E6: =IFERROR(D6/C6*100,0) | F6: =IF(E6=100,"✅ Compliant",IF(E6>=90,"⚠️ At Risk","❌ Non-Compliant"))
A7: IT Operations Team | E7: =IFERROR(D7/C7*100,0) | F7: =IF(E7=100,"✅ Compliant",IF(E7>=90,"⚠️ At Risk","❌ Non-Compliant"))
A8: Developers / Engineers | E8: =IFERROR(D8/C8*100,0) | F8: =IF(E8=100,"✅ Compliant",IF(E8>=90,"⚠️ At Risk","❌ Non-Compliant"))
A9: Database Administrators | E9: =IFERROR(D9/C9*100,0) | F9: =IF(E9=100,"✅ Compliant",IF(E9>=90,"⚠️ At Risk","❌ Non-Compliant"))
A10: System Administrators | E10: =IFERROR(D10/C10*100,0) | F10: =IF(E10=100,"✅ Compliant",IF(E10>=90,"⚠️ At Risk","❌ Non-Compliant"))
A11: Network Engineers | E11: =IFERROR(D11/C11*100,0) | F11: =IF(E11=100,"✅ Compliant",IF(E11>=90,"⚠️ At Risk","❌ Non-Compliant"))
A12: Security Analysts / SOC | E12: =IFERROR(D12/C12*100,0) | F12: =IF(E12=100,"✅ Compliant",IF(E12>=90,"⚠️ At Risk","❌ Non-Compliant"))
A13: Compliance Officers | E13: =IFERROR(D13/C13*100,0) | F13: =IF(E13=100,"✅ Compliant",IF(E13>=90,"⚠️ At Risk","❌ Non-Compliant"))
A14: Data Protection Officers | E14: =IFERROR(D14/C14*100,0) | F14: =IF(E14=100,"✅ Compliant",IF(E14>=90,"⚠️ At Risk","❌ Non-Compliant"))
A15: Key Subject Matter Experts | E15: =IFERROR(D15/C15*100,0) | F15: =IF(E15=100,"✅ Compliant",IF(E15>=90,"⚠️ At Risk","❌ Non-Compliant"))
... A18: External Service Providers (Key Personnel) | E18: =IFERROR(D18/C18*100,0) | F18: =IF(E18=100,"✅ Compliant",IF(E18>=90,"⚠️ At Risk","❌ Non-Compliant"))
A21: PERSONNEL ASSETS SUMMARY
A22: Total Expected | B22: =SUM(C4:C18)
A23: Total Discovered | B23: =SUM(D4:D18)
A24: Overall Completeness % | B24: =IFERROR(B23/B22*100,0)
A25: Target | B25: 100%
A26: Gap vs. Target | B26: =B24-100

Sheet Discovery Metrics & Summary
A1: Discovery Metrics & Summary - All Asset Categories
A3: Asset Category | B3: Expected Count | C3: Discovered Count | D3: Completeness % | E3: Target % | F3: Gap vs. Target | G3: Compliance Status | H3: Priority | I3: Key Gaps | J3: Next Actions
A4: Information Assets | B4: ='Information Assets Discovery'!B22 | C4: ='Information Assets Discovery'!B23 | D4: =IFERROR(C4/B4*100,0) | E4: 95% | F4: =D4-95 | G4: =IF(D4>=95,"✅ Compliant",IF(D4>=95-10,"⚠️ At Risk","❌ Non-Compliant")) | H4: =IF(F4<-10,"🔴 Critical",IF(F4<0,"🟡 High","🟢 Low"))
A5: IT Infrastructure | B5: ='IT Infrastructure Discovery'!B22 | C5: ='IT Infrastructure Discovery'!B23 | D5: =IFERROR(C5/B5*100,0) | E5: 98% | F5: =D5-98 | G5: =IF(D5>=98,"✅ Compliant",IF(D5>=98-10,"⚠️ At Risk","❌ Non-Compliant")) | H5: =IF(F5<-10,"🔴 Critical",IF(F5<0,"🟡 High","🟢 Low"))
A6: Applications | B6: ='Applications Discovery'!B22 | C6: ='Applications Discovery'!B23 | D6: =IFERROR(C6/B6*100,0) | E6: 90% | F6: =D6-90 | G6: =IF(D6>=90,"✅ Compliant",IF(D6>=90-10,"⚠️ At Risk","❌ Non-Compliant")) | H6: =IF(F6<-10,"🔴 Critical",IF(F6<0,"🟡 High","🟢 Low"))
A7: Physical Assets | B7: ='Physical Assets Discovery'!B22 | C7: ='Physical Assets Discovery'!B23 | D7: =IFERROR(C7/B7*100,0) | E7: 90% | F7: =D7-90 | G7: =IF(D7>=90,"✅ Compliant",IF(D7>=90-10,"⚠️ At Risk","❌ Non-Compliant")) | H7: =IF(F7<-10,"🔴 Critical",IF(F7<0,"🟡 High","🟢 Low"))
A8: Personnel Assets | B8: ='Personnel Assets Discovery'!B22 | C8: ='Personnel Assets Discovery'!B23 | D8: =IFERROR(C8/B8*100,0) | E8: 100% | F8: =D8-100 | G8: =IF(D8>=100,"✅ Compliant",IF(D8>=100-10,"⚠️ At Risk","❌ Non-Compliant")) | H8: =IF(F8<-10,"🔴 Critical",IF(F8<0,"🟡 High","🟢 Low"))
A11: OVERALL DISCOVERY SUMMARY
A12: Total Assets Expected (All Categories) | B12: =SUM(B4:B8)
A13: Total Assets Discovered | B13: =SUM(C4:C8)
A14: Overall Discovery Completeness % | B14: =IFERROR(B13/B12*100,0)
A15: Overall Target | B15: 95%
A16: Gap vs. Overall Target | B16: =B14-95
A19: CSV EXPORT FOR DASHBOARD (Copy rows below)
A20: Discovery_Category | B20: Completeness_% | C20: Compliance_Status
A21: =A4 | B21: =D4 | C21: =G4
A22: =A5 | B22: =D5 | C22: =G5
A23: =A6 | B23: =D6 | C23: =G6
A24: =A7 | B24: =D7 | C24: =G7
A25: =A8 | B25: =D8 | C25: =G8

Sheet Evidence Register
A1: Discovery Evidence Register
A3: Evidence ID | B3: Asset Category | C3: Discovery Method | D3: Evidence Type | E3: Evidence Description | F3: Evidence Location | G3: Collection Date | H3: Collected By | I3: Validity Period | J3: Review Date | K3: Reviewed By | L3: Review Status | M3: Retention End Date | N3: Notes
A4: DISC-001 | B4: Information Assets | C4: Database Query | D4: SQL Query Results | E4: List of production databases from CMDB query | F4: /evidence/database_inventory_20260122.xlsx | G4: 22.01.2026
A5: DISC-002 | B5: IT Infrastructure | C5: Network Scan (Automated) | D5: Nmap Scan Results | E5: Network scan of 10.0.0.0/8 subnet | F5: /evidence/nmap_scan_20260122.xml | G5: 22.01.2026
A6: DISC-003 | B6: Applications | C6: SaaS Audit | D6: SaaS License Report | E6: Okta application report - all SSO-integrated apps | F6: /evidence/okta_apps_20260122.csv | G6: 22.01.2026
A7: DISC-004 | B7: Personnel Assets | C7: HR System Export | D7: HR Data Export | E7: Active employee list with roles and departments | F7: /evidence/hr_export_20260122.xlsx | G7: 22.01.2026

Sheet Summary Dashboard
A1: 📊 ASSET DISCOVERY ASSESSMENT - SUMMARY DASHBOARD
A2: Quick overview of key metrics and compliance status
A4: 🎯 OVERALL COMPLIANCE
A5: Overall Compliance: | D5: ='Discovery Metrics & Summary'!D4
A7: 📊 KEY METRICS
A8: Metric | B8: Current | C8: Target | D8: Status
A9: Information Assets Discovered | B9: ='Discovery Metrics & Summary'!B4 | C9: 100% | D9: =IF(B9>0,"✅","❌")
A10: IT Infrastructure Discovered | B10: ='Discovery Metrics & Summary'!B5 | C10: 100% | D10: =IF(B10>0,"✅","❌")
A11: Applications Discovered | B11: ='Discovery Metrics & Summary'!B6 | C11: 100% | D11: =IF(B11>0,"✅","❌")
A12: Physical Assets Discovered | B12: ='Discovery Metrics & Summary'!B7 | C12: 100% | D12: =IF(B12>0,"✅","❌")
A13: Personnel Assets Discovered | B13: ='Discovery Metrics & Summary'!B8 | C13: 100% | D13: =IF(B13>0,"✅","❌")

Sheet Approval & Sign-Off
A1: ASSET DISCOVERY ASSESSMENT - APPROVAL & SIGN-OFF
A2: Complete when assessment is finished and ready for approval
A4: COMPLETION CHECKLIST
A5: Item | B5: Status | C5: Completed By | D5: Date | E5: Notes
A6: All asset categories scanned/assessed
A7: Information assets documented completely
A8: IT infrastructure assets documented completely
A9: Applications inventory completed
A10: Physical assets inventory completed
A11: Personnel assets inventory completed
A12: Discovery metrics calculated and reviewed
A13: Evidence collected and registered
A14: Quality review completed
A15: Gap analysis performed
A16: Assessment reviewed by Information Security
A19: APPROVALS
A20: Role | B20: Name | C20: Signature | D20: Date | E20: Comments
A21: Asset Management Lead
A22: Information Security Manager
A23: CISO
