Workbook

Sheet Instructions & Legend
A1: ISMS-IMP-A.5.9.3 - Quality & Compliance Assessment ISO/IEC 27001:2022 - Control A.5.9: Inventory of Information and Assets
A2: Assessment Domain 3 of 5: Data Quality & Policy Compliance Verification
A4: PURPOSE
A5: This assessment evaluates the QUALITY and COMPLIANCE of inventory data through systematic sampling and verification. Discovery finds assets. Maintenance keeps inventory current. Quality ensures data is accurate, complete, current, consistent, and compliant. Five quality dimensions are assessed using statistical sampling and cross-system verification.
A10: FIVE QUALITY DIMENSIONS
A11: 1. ACCURACY (30% weight) | B11: Correctness of data vs. ground truth (e.g., server really exists, owner is correct) | C11: 98%
A12: 2. COMPLETENESS (25%) | B12: All required fields populated, no missing mandatory attributes | C12: 95%
A13: 3. CURRENCY (20%) | B13: Data freshness - recently reviewed, not stale (e.g., <90 days) | C13: 90%
A14: 4. CONSISTENCY (15%) | B14: Data alignment across related systems (inventory ↔ CMDB ↔ HR ↔ procurement) | C14: 95%
A15: 5. POLICY COMPLIANCE (10%) | B15: Adherence to ISMS-POL-A.5.9 requirements (ownership, classification, etc.) | C15: 100%
A17: STATISTICAL SAMPLING METHODOLOGY
A18: For ACCURACY sampling, use statistical sampling: • 95% confidence level, ±5% margin of error • Minimum 30 samples per asset category (for statistical validity) • Random selection (use random number generator, not cherry-picking) • Verify each sample against ground truth (physical inspection, source system, owner confirmation) For COMPLETENESS, CURRENCY, CONSISTENCY: Can use automated queries/reports (100% population check)
A23: WEIGHTED QUALITY SCORING
A24: Overall Quality Index = (Accuracy × 30%) + (Completeness × 25%) + (Currency × 20%) + (Consistency × 15%) + (Policy Compliance × 10%)
A25: Target: ≥97% for compliant quality
A27: TRAFFIC LIGHT LEGEND
A28: ✅ GREEN - High Quality | B28: Score ≥ Target (e.g., Accuracy ≥98%)
A29: ⚠️ YELLOW - Needs Improvement | B29: Score within 5% of target (e.g., Accuracy 93-97%)
A30: ❌ RED - Poor Quality | B30: Score >5% below target (e.g., Accuracy <93%)

Sheet Accuracy Sampling
A1: Accuracy Sampling - Statistical Verification
A3: Sample ID | B3: Asset Category | C3: Asset ID (Inventory) | D3: Attribute Verified | E3: Inventory Value | F3: Ground Truth Value | G3: Match? | H3: Discrepancy Type | I3: Verification Method | J3: Verified By | K3: Verification Date | L3: Corrected? | M3: Evidence ID | N3: Notes
A4: ACC-001 | B4: Information Assets | C4: DB-PROD-001 | D4: Database Size | E4: 500 GB | F4: 482 GB | G4: No
A5: ACC-002 | B5: IT Infrastructure | C5: SRV-WEB-023 | D5: IP Address | E5: 10.1.2.45 | F5: 10.1.2.45 | G5: Yes
A6: ACC-003 | B6: Applications | C6: APP-JIRA-001 | D6: Owner | E6: John Doe | F6: Jane Smith | G6: No
A7: ACC-004 | B7: Personnel Assets | C7: PER-ENG-042 | D7: Department | E7: Engineering | F7: Engineering | G7: Yes
A60: ACCURACY SAMPLING SUMMARY
A61: Total Samples | B61: =COUNTA(A4:A7)
A62: Matches (Accurate) | B62: =COUNTIF(G4:G7,"Yes")
A63: Accuracy % | B63: =IFERROR(B62/B61*100,0)
A64: Target | B64: 98%
A65: Gap | B65: =B63-98
A66: Status | B66: =IF(B63>=98,"✅ High Quality",IF(B63>=93,"⚠️ Needs Improvement","❌ Poor Quality"))

Sheet Completeness Assessment
A1: Completeness Assessment - Mandatory Fields
A3: Asset Category | B3: Mandatory Field | C3: Total Assets | D3: Assets with Field Populated | E3: Completeness % | F3: Target % | G3: Gap | H3: Status | I3: Missing Count | J3: Evidence ID | K3: Notes
A4: Information Assets | B4: Asset Name | E4: =IFERROR(D4/C4*100,0) | F4: 95% | G4: =E4-95 | H4: =IF(E4>=95,"✅ Complete",IF(E4>=90,"⚠️ At Risk","❌ Incomplete")) | I4: =C4-D4
A5: Information Assets | B5: Owner | E5: =IFERROR(D5/C5*100,0) | F5: 95% | G5: =E5-95 | H5: =IF(E5>=95,"✅ Complete",IF(E5>=90,"⚠️ At Risk","❌ Incomplete")) | I5: =C5-D5
A6: Information Assets | B6: Classification | E6: =IFERROR(D6/C6*100,0) | F6: 95% | G6: =E6-95 | H6: =IF(E6>=95,"✅ Complete",IF(E6>=90,"⚠️ At Risk","❌ Incomplete")) | I6: =C6-D6
A7: Information Assets | B7: Location | E7: =IFERROR(D7/C7*100,0) | F7: 95% | G7: =E7-95 | H7: =IF(E7>=95,"✅ Complete",IF(E7>=90,"⚠️ At Risk","❌ Incomplete")) | I7: =C7-D7
A8: IT Infrastructure | B8: Asset Name | E8: =IFERROR(D8/C8*100,0) | F8: 95% | G8: =E8-95 | H8: =IF(E8>=95,"✅ Complete",IF(E8>=90,"⚠️ At Risk","❌ Incomplete")) | I8: =C8-D8
A9: IT Infrastructure | B9: IP Address / Hostname | E9: =IFERROR(D9/C9*100,0) | F9: 95% | G9: =E9-95 | H9: =IF(E9>=95,"✅ Complete",IF(E9>=90,"⚠️ At Risk","❌ Incomplete")) | I9: =C9-D9
A10: IT Infrastructure | B10: Owner | E10: =IFERROR(D10/C10*100,0) | F10: 95% | G10: =E10-95 | H10: =IF(E10>=95,"✅ Complete",IF(E10>=90,"⚠️ At Risk","❌ Incomplete")) | I10: =C10-D10
A11: IT Infrastructure | B11: Location | E11: =IFERROR(D11/C11*100,0) | F11: 95% | G11: =E11-95 | H11: =IF(E11>=95,"✅ Complete",IF(E11>=90,"⚠️ At Risk","❌ Incomplete")) | I11: =C11-D11
A12: Applications | B12: Application Name | E12: =IFERROR(D12/C12*100,0) | F12: 95% | G12: =E12-95 | H12: =IF(E12>=95,"✅ Complete",IF(E12>=90,"⚠️ At Risk","❌ Incomplete")) | I12: =C12-D12
A13: Applications | B13: Version | E13: =IFERROR(D13/C13*100,0) | F13: 95% | G13: =E13-95 | H13: =IF(E13>=95,"✅ Complete",IF(E13>=90,"⚠️ At Risk","❌ Incomplete")) | I13: =C13-D13
A14: Applications | B14: Owner | E14: =IFERROR(D14/C14*100,0) | F14: 95% | G14: =E14-95 | H14: =IF(E14>=95,"✅ Complete",IF(E14>=90,"⚠️ At Risk","❌ Incomplete")) | I14: =C14-D14
A15: Applications | B15: Business Purpose | E15: =IFERROR(D15/C15*100,0) | F15: 95% | G15: =E15-95 | H15: =IF(E15>=95,"✅ Complete",IF(E15>=90,"⚠️ At Risk","❌ Incomplete")) | I15: =C15-D15
... A18: Physical Assets | B18: Custodian | E18: =IFERROR(D18/C18*100,0) | F18: 95% | G18: =E18-95 | H18: =IF(E18>=95,"✅ Complete",IF(E18>=90,"⚠️ At Risk","❌ Incomplete")) | I18: =C18-D18
A19: Personnel Assets | B19: Name | E19: =IFERROR(D19/C19*100,0) | F19: 100% | G19: =E19-100 | H19: =IF(E19>=100,"✅ Complete",IF(E19>=95,"⚠️ At Risk","❌ Incomplete")) | I19: =C19-D19
A20: Personnel Assets | B20: Role | E20: =IFERROR(D20/C20*100,0) | F20: 100% | G20: =E20-100 | H20: =IF(E20>=100,"✅ Complete",IF(E20>=95,"⚠️ At Risk","❌ Incomplete")) | I20: =C20-D20
A21: Personnel Assets | B21: Department | E21: =IFERROR(D21/C21*100,0) | F21: 100% | G21: =E21-100 | H21: =IF(E21>=100,"✅ Complete",IF(E21>=95,"⚠️ At Risk","❌ Incomplete")) | I21: =C21-D21
A22: Personnel Assets | B22: Manager | E22: =IFERROR(D22/C22*100,0) | F22: 100% | G22: =E22-100 | H22: =IF(E22>=100,"✅ Complete",IF(E22>=95,"⚠️ At Risk","❌ Incomplete")) | I22: =C22-D22
A25: COMPLETENESS SUMMARY
A26: Average Completeness % | B26: =IFERROR(AVERAGE(E4:E22),0)
A27: Target | B27: 95%
A28: Gap | B28: =B26-95
A29: Status | B29: =IF(B26>=95,"✅ High Quality",IF(B26>=90,"⚠️ Needs Improvement","❌ Poor Quality"))

Sheet Currency Assessment
A1: Currency Assessment - Data Freshness
A3: Asset Category | B3: Currency Metric | C3: Total Assets | D3: Assets Meeting Currency Target | E3: Currency % | F3: Target % | G3: Gap | H3: Status | I3: Stale Assets Count | J3: Evidence ID | K3: Notes
A4: Information Assets | B4: Last Reviewed <90 days | E4: =IFERROR(D4/C4*100,0) | F4: 90% | G4: =E4-90 | H4: =IF(E4>=90,"✅ Current",IF(E4>=85,"⚠️ At Risk","❌ Stale")) | I4: =C4-D4
A5: Information Assets | B5: Last Updated <180 days | E5: =IFERROR(D5/C5*100,0) | F5: 90% | G5: =E5-90 | H5: =IF(E5>=90,"✅ Current",IF(E5>=85,"⚠️ At Risk","❌ Stale")) | I5: =C5-D5
A6: IT Infrastructure | B6: Last Reviewed <90 days | E6: =IFERROR(D6/C6*100,0) | F6: 90% | G6: =E6-90 | H6: =IF(E6>=90,"✅ Current",IF(E6>=85,"⚠️ At Risk","❌ Stale")) | I6: =C6-D6
A7: IT Infrastructure | B7: Last Scanned <30 days | E7: =IFERROR(D7/C7*100,0) | F7: 90% | G7: =E7-90 | H7: =IF(E7>=90,"✅ Current",IF(E7>=85,"⚠️ At Risk","❌ Stale")) | I7: =C7-D7
A8: Applications | B8: Last Reviewed <180 days | E8: =IFERROR(D8/C8*100,0) | F8: 90% | G8: =E8-90 | H8: =IF(E8>=90,"✅ Current",IF(E8>=85,"⚠️ At Risk","❌ Stale")) | I8: =C8-D8
A9: Applications | B9: Version Current | E9: =IFERROR(D9/C9*100,0) | F9: 90% | G9: =E9-90 | H9: =IF(E9>=90,"✅ Current",IF(E9>=85,"⚠️ At Risk","❌ Stale")) | I9: =C9-D9
A10: Physical Assets | B10: Last Inspected <365 days | E10: =IFERROR(D10/C10*100,0) | F10: 90% | G10: =E10-90 | H10: =IF(E10>=90,"✅ Current",IF(E10>=85,"⚠️ At Risk","❌ Stale")) | I10: =C10-D10
A11: Personnel Assets | B11: Last Updated <30 days | E11: =IFERROR(D11/C11*100,0) | F11: 100% | G11: =E11-100 | H11: =IF(E11>=100,"✅ Current",IF(E11>=95,"⚠️ At Risk","❌ Stale")) | I11: =C11-D11
A14: CURRENCY SUMMARY
A15: Average Currency % | B15: =IFERROR(AVERAGE(E4:E11),0)
A16: Target | B16: 90%
A17: Gap | B17: =B15-90
A18: Status | B18: =IF(B15>=90,"✅ High Quality",IF(B15>=85,"⚠️ Needs Improvement","❌ Poor Quality"))

Sheet Consistency Checks
A1: Consistency Checks - Cross-System Alignment
A3: Consistency Check | B3: System A | C3: System B | D3: Records in A | E3: Records in B | F3: Matches | G3: Consistency % | H3: Target % | I3: Gap | J3: Status | K3: Evidence ID | L3: Notes
A4: IT Assets: Inventory ↔ CMDB | B4: Asset Inventory | C4: CMDB | G4: =IFERROR(F4/MAX(D4,E4)*100,0) | H4: 95% | I4: =G4-95 | J4: =IF(G4>=95,"✅ Consistent",IF(G4>=90,"⚠️ At Risk","❌ Inconsistent"))
A5: Servers: Inventory ↔ Network Scan | B5: Asset Inventory | C5: Network Scan Results | G5: =IFERROR(F5/MAX(D5,E5)*100,0) | H5: 95% | I5: =G5-95 | J5: =IF(G5>=95,"✅ Consistent",IF(G5>=90,"⚠️ At Risk","❌ Inconsistent"))
A6: Personnel: Inventory ↔ HR System | B6: Asset Inventory | C6: HR System | G6: =IFERROR(F6/MAX(D6,E6)*100,0) | H6: 100% | I6: =G6-100 | J6: =IF(G6>=100,"✅ Consistent",IF(G6>=95,"⚠️ At Risk","❌ Inconsistent"))
A7: Applications: Inventory ↔ License DB | B7: Asset Inventory | C7: License Database | G7: =IFERROR(F7/MAX(D7,E7)*100,0) | H7: 95% | I7: =G7-95 | J7: =IF(G7>=95,"✅ Consistent",IF(G7>=90,"⚠️ At Risk","❌ Inconsistent"))
A8: Hardware: Inventory ↔ Procurement | B8: Asset Inventory | C8: Procurement Records | G8: =IFERROR(F8/MAX(D8,E8)*100,0) | H8: 95% | I8: =G8-95 | J8: =IF(G8>=95,"✅ Consistent",IF(G8>=90,"⚠️ At Risk","❌ Inconsistent"))
A9: Cloud Resources: Inventory ↔ Cloud API | B9: Asset Inventory | C9: AWS/Azure API | G9: =IFERROR(F9/MAX(D9,E9)*100,0) | H9: 95% | I9: =G9-95 | J9: =IF(G9>=95,"✅ Consistent",IF(G9>=90,"⚠️ At Risk","❌ Inconsistent"))
A12: CONSISTENCY SUMMARY
A13: Average Consistency % | B13: =IFERROR(AVERAGE(G4:G9),0)
A14: Target | B14: 95%
A15: Gap | B15: =B13-95
A16: Status | B16: =IF(B13>=95,"✅ High Quality",IF(B13>=90,"⚠️ Needs Improvement","❌ Poor Quality"))

Sheet Policy Compliance Matrix
A1: Policy Compliance Matrix - ISMS-POL-A.5.9 Requirements
A3: Policy Requirement | B3: SHALL Requirement | C3: Compliant Assets | D3: Total Assets | E3: Compliance % | F3: Target | G3: Gap | H3: Status | I3: Evidence ID | J3: Notes
A4: Asset Ownership | B4: [Organization] SHALL assign an owner to each asset | E4: =IFERROR(C4/D4*100,0) | F4: 100% | G4: =E4-100 | H4: =IF(E4=100,"✅ Compliant",IF(E4>=95,"⚠️ Minor Gap","❌ Non-Compliant"))
A5: Classification | B5: [Organization] SHALL classify information assets by sensitivity | E5: =IFERROR(C5/D5*100,0) | F5: 100% | G5: =E5-100 | H5: =IF(E5=100,"✅ Compliant",IF(E5>=95,"⚠️ Minor Gap","❌ Non-Compliant"))
A6: Acceptable Use | B6: Asset owners SHALL define acceptable use restrictions | E6: =IFERROR(C6/D6*100,0) | F6: 100% | G6: =E6-100 | H6: =IF(E6=100,"✅ Compliant",IF(E6>=95,"⚠️ Minor Gap","❌ Non-Compliant"))
A7: Handling Requirements | B7: Asset owners SHALL document handling requirements | E7: =IFERROR(C7/D7*100,0) | F7: 100% | G7: =E7-100 | H7: =IF(E7=100,"✅ Compliant",IF(E7>=95,"⚠️ Minor Gap","❌ Non-Compliant"))
A8: Inventory Maintenance | B8: [Organization] SHALL maintain current and accurate inventory | E8: =IFERROR(C8/D8*100,0) | F8: 100% | G8: =E8-100 | H8: =IF(E8=100,"✅ Compliant",IF(E8>=95,"⚠️ Minor Gap","❌ Non-Compliant"))
A9: Periodic Review | B9: Asset owners SHALL review assets at least annually | E9: =IFERROR(C9/D9*100,0) | F9: 100% | G9: =E9-100 | H9: =IF(E9=100,"✅ Compliant",IF(E9>=95,"⚠️ Minor Gap","❌ Non-Compliant"))
A10: Decommissioning | B10: [Organization] SHALL follow secure decommissioning procedures | E10: =IFERROR(C10/D10*100,0) | F10: 100% | G10: =E10-100 | H10: =IF(E10=100,"✅ Compliant",IF(E10>=95,"⚠️ Minor Gap","❌ Non-Compliant"))
A13: POLICY COMPLIANCE SUMMARY
A14: Average Policy Compliance % | B14: =IFERROR(AVERAGE(E4:E10),0)
A15: Target | B15: 100%
A16: Gap | B16: =B14-100
A17: Status | B17: =IF(B14=100,"✅ Fully Compliant",IF(B14>=95,"⚠️ Minor Gaps","❌ Non-Compliant"))

Sheet Quality Metrics & Scoring
A1: Quality Metrics & Scoring - Weighted Quality Index
A3: Quality Dimension | B3: Score % | C3: Weight % | D3: Weighted Score | E3: Target % | F3: Gap | G3: Status
A4: Accuracy | B4: ='Accuracy Sampling'!B62 | C4: 30% | D4: =B4*30/100 | E4: 98% | F4: =B4-98/100 | G4: =IF(B4>=98/100,"✅ High",IF(B4>=98/100-0.05,"⚠️ Medium","❌ Low"))
A5: Completeness | B5: ='Completeness Assessment'!B28 | C5: 25% | D5: =B5*25/100 | E5: 95% | F5: =B5-95/100 | G5: =IF(B5>=95/100,"✅ High",IF(B5>=95/100-0.05,"⚠️ Medium","❌ Low"))
A6: Currency | B6: ='Currency Assessment'!B16 | C6: 20% | D6: =B6*20/100 | E6: 90% | F6: =B6-90/100 | G6: =IF(B6>=90/100,"✅ High",IF(B6>=90/100-0.05,"⚠️ Medium","❌ Low"))
A7: Consistency | B7: ='Consistency Checks'!B13 | C7: 15% | D7: =B7*15/100 | E7: 95% | F7: =B7-95/100 | G7: =IF(B7>=95/100,"✅ High",IF(B7>=95/100-0.05,"⚠️ Medium","❌ Low"))
A8: Policy Compliance | B8: ='Policy Compliance Matrix'!B15 | C8: 10% | D8: =B8*10/100 | E8: 100% | F8: =B8-100/100 | G8: =IF(B8>=100/100,"✅ High",IF(B8>=100/100-0.05,"⚠️ Medium","❌ Low"))
A11: OVERALL QUALITY INDEX | B11: =SUM(D4:D8)
A12: Overall Target | B12: 97%
A13: Overall Gap | B13: =B11-0.97
A14: Overall Status | B14: =IF(B11>=0.97,"✅ High Quality",IF(B11>=0.92,"⚠️ Needs Improvement","❌ Poor Quality"))
A17: CSV EXPORT FOR DASHBOARD (Copy rows below)
A18: Quality_Dimension | B18: Score_% | C18: Status
A19: =A4 | B19: =B4 | C19: =G4
A20: =A5 | B20: =B5 | C20: =G5
A21: =A6 | B21: =B6 | C21: =G6
A22: =A7 | B22: =B7 | C22: =G7
A23: =A8 | B23: =B8 | C23: =G8

Sheet Evidence Register
A1: Quality Evidence Register
A3: Evidence ID | B3: Quality Dimension | C3: Evidence Type | D3: Evidence Description | E3: Evidence Location | F3: Collection Date | G3: Collected By | H3: Validity Period | I3: Review Date | J3: Reviewed By | K3: Review Status | L3: Retention End Date | M3: Related Assessment | N3: Notes
A4: QUAL-001 | B4: Accuracy | C4: Sampling Results | D4: Accuracy sampling results - 50 samples verified | E4: /evidence/accuracy_sampling_20260122.xlsx | F4: 22.01.2026
A5: QUAL-002 | B5: Completeness | C5: Completeness Report | D5: Mandatory fields completeness query results | E5: /evidence/completeness_report_20260122.xlsx | F5: 22.01.2026
A6: QUAL-003 | B6: Currency | C6: Staleness Report | D6: Assets not reviewed in >90 days | E6: /evidence/staleness_report_20260122.xlsx | F6: 22.01.2026
A7: QUAL-004 | B7: Consistency | C7: Reconciliation Report | D7: Inventory vs. CMDB reconciliation | E7: /evidence/reconciliation_20260122.xlsx | F7: 22.01.2026

Sheet Summary Dashboard
A1: 📊 QUALITY & COMPLIANCE ASSESSMENT - SUMMARY DASHBOARD
A2: Quick overview of key metrics and compliance status
A4: 🎯 OVERALL COMPLIANCE
A5: Overall Compliance: | D5: ='Quality Metrics & Scoring'!B10
A7: 📊 KEY METRICS
A8: Metric | B8: Current | C8: Target | D8: Status
A9: Accuracy Score | B9: ='Quality Metrics & Scoring'!B4 | C9: 98% | D9: =IF(B9>0,"✅","❌")
A10: Completeness Score | B10: ='Quality Metrics & Scoring'!B5 | C10: 95% | D10: =IF(B10>0,"✅","❌")
A11: Currency Score | B11: ='Quality Metrics & Scoring'!B6 | C11: 95% | D11: =IF(B11>0,"✅","❌")

Sheet Approval & Sign-Off
A1: QUALITY & COMPLIANCE ASSESSMENT - APPROVAL & SIGN-OFF
A2: Complete when assessment is finished and ready for approval
A4: COMPLETION CHECKLIST
A5: Item | B5: Status | C5: Completed By | D5: Date | E5: Notes
A6: Accuracy sampling completed
A7: Completeness assessment completed
A8: Currency assessment completed
A9: Consistency checks performed
A10: Policy compliance verified
A11: Quality metrics calculated
A12: Evidence collected and registered
A13: Assessment reviewed by Information Security
A16: APPROVALS
A17: Role | B17: Name | C17: Signature | D17: Date | E17: Comments
A18: Asset Management Lead
A19: Information Security Manager
A20: CISO
