Workbook

Sheet Instructions & Legend
A1: ISMS-IMP-A.5.9.2 - Inventory Maintenance Assessment ISO/IEC 27001:2022 - Control A.5.9: Inventory of Information and Assets
A2: Assessment Domain 2 of 5: Inventory Maintenance & Update Procedures
A4: PURPOSE
A5: This assessment evaluates HOW [Organization] keeps its asset inventory current and synchronized with actual infrastructure, personnel, and procurement changes. Discovery finds assets that exist. Maintenance ensures the inventory STAYS accurate over time through systematic update procedures, integrations, and quality controls. Four maintenance domains are assessed: Inventory Structure, Update Workflows, Integration Architecture, and Quality Control Processes.
A10: ASSESSMENT METHODOLOGY
A11: 1. INVENTORY STRUCTURE | B11: Document system architecture, access controls, data model
A12: 2. UPDATE TRIGGERS | B12: Identify all events that should trigger inventory updates (procurement, decom, HR changes)
A13: 3. UPDATE WORKFLOWS | B13: Map procedures from trigger → inventory update → verification
A14: 4. INTEGRATIONS | B14: Document automated data feeds (HR, procurement, monitoring tools, CMDB)
A15: 5. QUALITY CONTROLS | B15: Assess validation rules, reconciliation processes, review cycles
A16: 6. SLA COMPLIANCE | B16: Measure update timeliness vs. defined SLAs
A18: STANDARD SLA TARGETS
A19: Update Trigger | B19: Target SLA (Business Days) | C19: Rationale
A20: New Asset Addition | B20: 5 days | C20: From procurement approval to inventory record
A21: Asset Modification | B21: 3 days | C21: Configuration changes, relocations, upgrades
A22: Asset Decommission | B22: 2 days | C22: Critical - must remove access quickly
A23: Personnel Joiner | B23: 1 day | C23: HR onboarding triggers inventory update
A24: Personnel Leaver | B24: 1 day | C24: CRITICAL - security risk if delayed
A25: Ownership Change | B25: 3 days | C25: Ownership transfer approved to inventory updated
A28: TRAFFIC LIGHT LEGEND
A29: ✅ GREEN - Compliant | B29: SLA compliance ≥95% OR integration automated
A30: ⚠️ YELLOW - At Risk | B30: SLA compliance 80-94% OR manual with documented procedure
A31: ❌ RED - Non-Compliant | B31: SLA compliance <80% OR no documented procedure

Sheet Inventory Structure & Access
A1: Inventory Structure & Access Controls
A3: SECTION 1: INVENTORY SYSTEM ARCHITECTURE
A4: System Component | B4: Technology/Platform | C4: Purpose | D4: Data Stored | E4: Owner | F4: Backup Frequency | G4: Availability | H4: Documentation | I4: Last Review | J4: Status | K4: Evidence ID | L4: Notes
A5: Asset Inventory Database | B5: PostgreSQL / MySQL / SQL Server / Other | C5: Master inventory database
A6: CMDB (Configuration Management DB) | B6: ServiceNow / BMC / Jira / Other | C6: IT infrastructure CMDB
A7: Asset Management Tool | B7: Commercial Tool / Spreadsheet / Custom | C7: Asset tracking and management
A8: HR System Integration | B8: Workday / SAP SuccessFactors / Other | C8: Personnel asset integration
A9: Procurement System Integration | B9: SAP / Oracle / Coupa / Other | C9: Purchase order integration
A17: SECTION 2: ACCESS CONTROL MATRIX
A18: Role / User Group | B18: View Access | C18: Create Access | D18: Modify Access | E18: Delete Access | F18: Export Access | G18: Admin Access | H18: Justification | I18: Approved By | J18: Last Review | K18: Evidence ID | L18: Notes
A19: Asset Owners
A20: IT Operations
A21: Security Team
A22: Auditors (Read-Only)
A23: Executive Management (Reports)
A24: Procurement Team
A25: HR Team

Sheet Update Triggers & Workflows
A1: Update Triggers & Workflows
A3: Update Trigger Event | B3: Trigger Source | C3: Workflow Documented? | D3: Automation Level | E3: Target SLA (Days) | F3: Actual Avg Time (Days) | G3: SLA Compliance % | H3: Compliance Status | I3: Responsible Party | J3: Procedure Location | K3: Last Review | L3: Evidence ID | M3: Notes
A4: New Asset Procurement | B4: Procurement System | E4: 5 | G4: =IF(F4="","",IF(F4<=E4,100,MAX(0,100-(F4-E4)/E4*100))) | H4: =IF(G4="","",IF(G4>=95,"✅ Compliant",IF(G4>=80,"⚠️ At Risk","❌ Non-Compliant")))
A5: Asset Deployment / Go-Live | B5: Change Management | E5: 3 | G5: =IF(F5="","",IF(F5<=E5,100,MAX(0,100-(F5-E5)/E5*100))) | H5: =IF(G5="","",IF(G5>=95,"✅ Compliant",IF(G5>=80,"⚠️ At Risk","❌ Non-Compliant")))
A6: Asset Configuration Change | B6: Change Management | E6: 3 | G6: =IF(F6="","",IF(F6<=E6,100,MAX(0,100-(F6-E6)/E6*100))) | H6: =IF(G6="","",IF(G6>=95,"✅ Compliant",IF(G6>=80,"⚠️ At Risk","❌ Non-Compliant")))
A7: Asset Relocation / Transfer | B7: Facilities / IT Ops | E7: 3 | G7: =IF(F7="","",IF(F7<=E7,100,MAX(0,100-(F7-E7)/E7*100))) | H7: =IF(G7="","",IF(G7>=95,"✅ Compliant",IF(G7>=80,"⚠️ At Risk","❌ Non-Compliant")))
A8: Asset Decommission / Disposal | B8: Change Management | E8: 2 | G8: =IF(F8="","",IF(F8<=E8,100,MAX(0,100-(F8-E8)/E8*100))) | H8: =IF(G8="","",IF(G8>=95,"✅ Compliant",IF(G8>=80,"⚠️ At Risk","❌ Non-Compliant")))
A9: Personnel Onboarding (Joiner) | B9: HR System | E9: 1 | G9: =IF(F9="","",IF(F9<=E9,100,MAX(0,100-(F9-E9)/E9*100))) | H9: =IF(G9="","",IF(G9>=95,"✅ Compliant",IF(G9>=80,"⚠️ At Risk","❌ Non-Compliant")))
A10: Personnel Offboarding (Leaver) | B10: HR System | E10: 1 | G10: =IF(F10="","",IF(F10<=E10,100,MAX(0,100-(F10-E10)/E10*100))) | H10: =IF(G10="","",IF(G10>=95,"✅ Compliant",IF(G10>=80,"⚠️ At Risk","❌ Non-Compliant")))
A11: Personnel Role Change | B11: HR System | E11: 2 | G11: =IF(F11="","",IF(F11<=E11,100,MAX(0,100-(F11-E11)/E11*100))) | H11: =IF(G11="","",IF(G11>=95,"✅ Compliant",IF(G11>=80,"⚠️ At Risk","❌ Non-Compliant")))
A12: Ownership Transfer | B12: Asset Owner / Security | E12: 3 | G12: =IF(F12="","",IF(F12<=E12,100,MAX(0,100-(F12-E12)/E12*100))) | H12: =IF(G12="","",IF(G12>=95,"✅ Compliant",IF(G12>=80,"⚠️ At Risk","❌ Non-Compliant")))
A13: Security Incident (Asset Affected) | B13: Security Team | E13: 1 | G13: =IF(F13="","",IF(F13<=E13,100,MAX(0,100-(F13-E13)/E13*100))) | H13: =IF(G13="","",IF(G13>=95,"✅ Compliant",IF(G13>=80,"⚠️ At Risk","❌ Non-Compliant")))
A14: Discovery Scan Finds New Asset | B14: Network Monitoring | E14: 5 | G14: =IF(F14="","",IF(F14<=E14,100,MAX(0,100-(F14-E14)/E14*100))) | H14: =IF(G14="","",IF(G14>=95,"✅ Compliant",IF(G14>=80,"⚠️ At Risk","❌ Non-Compliant")))
A15: Periodic Review Identifies Change | B15: Asset Owner | E15: 7 | G15: =IF(F15="","",IF(F15<=E15,100,MAX(0,100-(F15-E15)/E15*100))) | H15: =IF(G15="","",IF(G15>=95,"✅ Compliant",IF(G15>=80,"⚠️ At Risk","❌ Non-Compliant")))
A18: UPDATE WORKFLOW SUMMARY
A19: Total Update Triggers | B19: =COUNTA(A4:A15)
A20: Triggers with Documented Workflow | B20: =COUNTIF(C4:C15,"Yes")
A21: Workflow Documentation % | B21: =IFERROR(B20/B19*100,0)
A22: Fully Automated Triggers | B22: =COUNTIF(D4:D15,"Fully Automated")
A23: Automation Rate % | B23: =IFERROR(B22/B19*100,0)
A24: Average SLA Compliance % | B24: =IFERROR(AVERAGE(G4:G15),0)

Sheet Integration Architecture
A1: Integration Architecture
A3: Source System | B3: Integration Type | C3: Data Flow | D3: Frequency | E3: Status | F3: Last Successful Run | G3: Success Rate % | H3: Health Status | I3: Owner | J3: Documentation | K3: Monitoring | L3: Evidence ID | M3: Notes
A4: HR System (Personnel) | B4: Scheduled Batch (Daily) | C4: Employee data → Personnel Assets | D4: Daily 02:00 | H4: =IF(G4="","",IF(G4>=98,"✅ Healthy",IF(G4>=90,"⚠️ Degraded","❌ Unhealthy")))
A5: Procurement System | B5: Webhook / Event-driven | C5: PO Approval → New Asset Record | D5: Real-time | H5: =IF(G5="","",IF(G5>=98,"✅ Healthy",IF(G5>=90,"⚠️ Degraded","❌ Unhealthy")))
A6: Network Monitoring (Nmap/Nessus) | B6: Scheduled Batch (Weekly) | C6: Scan Results → IT Infrastructure | D6: Weekly Sunday | H6: =IF(G6="","",IF(G6>=98,"✅ Healthy",IF(G6>=90,"⚠️ Degraded","❌ Unhealthy")))
A7: CMDB / ServiceNow | B7: Real-time API | C7: CI Updates → Inventory Sync | D7: Real-time | H7: =IF(G7="","",IF(G7>=98,"✅ Healthy",IF(G7>=90,"⚠️ Degraded","❌ Unhealthy")))
A8: Cloud Provider APIs (AWS/Azure) | B8: Scheduled Batch (Daily) | C8: Cloud Resources → IT Infrastructure | D8: Daily 03:00 | H8: =IF(G8="","",IF(G8>=98,"✅ Healthy",IF(G8>=90,"⚠️ Degraded","❌ Unhealthy")))
A9: Active Directory | B9: Database Replication | C9: User/Group Data → Personnel/Access | D9: Hourly | H9: =IF(G9="","",IF(G9>=98,"✅ Healthy",IF(G9>=90,"⚠️ Degraded","❌ Unhealthy")))
A10: Asset Management Tool | B10: Real-time API | C10: Asset Changes → Inventory Sync | D10: Real-time | H10: =IF(G10="","",IF(G10>=98,"✅ Healthy",IF(G10>=90,"⚠️ Degraded","❌ Unhealthy")))
A18: INTEGRATION HEALTH SUMMARY
A19: Total Integrations | B19: =COUNTA(A4:A10)
A20: Active Integrations | B20: =COUNTIF(E4:E10,"Active")
A21: Healthy Integrations | B21: =COUNTIF(H4:H10,"✅ Healthy")
A22: Integration Health % | B22: =IFERROR(B21/B20*100,0)
A23: Average Success Rate | B23: =IFERROR(AVERAGE(G4:G10),0)

Sheet Quality Control Processes
A1: Quality Control Processes
A3: Quality Control Process | B3: Frequency | C3: Documented? | D3: Last Performed | E3: Responsible Party | F3: Issues Found (Last Run) | G3: Issues Resolved | H3: Effectiveness % | I3: Status | J3: Evidence ID | K3: Notes
A4: Data Validation Rules (Automated) | B4: Real-time | H4: =IF(OR(F4="",G4=""),"",IF(F4=0,100,G4/F4*100)) | I4: =IF(H4="","",IF(H4>=90,"✅ Effective",IF(H4>=70,"⚠️ Needs Improvement","❌ Ineffective")))
A5: Duplicate Detection / Deduplication | B5: Weekly | H5: =IF(OR(F5="",G5=""),"",IF(F5=0,100,G5/F5*100)) | I5: =IF(H5="","",IF(H5>=90,"✅ Effective",IF(H5>=70,"⚠️ Needs Improvement","❌ Ineffective")))
A6: Orphan Record Detection | B6: Weekly | H6: =IF(OR(F6="",G6=""),"",IF(F6=0,100,G6/F6*100)) | I6: =IF(H6="","",IF(H6>=90,"✅ Effective",IF(H6>=70,"⚠️ Needs Improvement","❌ Ineffective")))
A7: Consistency Checks (Cross-System) | B7: Monthly | H7: =IF(OR(F7="",G7=""),"",IF(F7=0,100,G7/F7*100)) | I7: =IF(H7="","",IF(H7>=90,"✅ Effective",IF(H7>=70,"⚠️ Needs Improvement","❌ Ineffective")))
A8: Completeness Checks (Mandatory Fields) | B8: Daily | H8: =IF(OR(F8="",G8=""),"",IF(F8=0,100,G8/F8*100)) | I8: =IF(H8="","",IF(H8>=90,"✅ Effective",IF(H8>=70,"⚠️ Needs Improvement","❌ Ineffective")))
A9: Ownership Verification | B9: Quarterly | H9: =IF(OR(F9="",G9=""),"",IF(F9=0,100,G9/F9*100)) | I9: =IF(H9="","",IF(H9>=90,"✅ Effective",IF(H9>=70,"⚠️ Needs Improvement","❌ Ineffective")))
A10: Stale Record Review | B10: Monthly | H10: =IF(OR(F10="",G10=""),"",IF(F10=0,100,G10/F10*100)) | I10: =IF(H10="","",IF(H10>=90,"✅ Effective",IF(H10>=70,"⚠️ Needs Improvement","❌ Ineffective")))
A11: Access Control Audit | B11: Quarterly | H11: =IF(OR(F11="",G11=""),"",IF(F11=0,100,G11/F11*100)) | I11: =IF(H11="","",IF(H11>=90,"✅ Effective",IF(H11>=70,"⚠️ Needs Improvement","❌ Ineffective")))
A12: Integration Reconciliation | B12: Weekly | H12: =IF(OR(F12="",G12=""),"",IF(F12=0,100,G12/F12*100)) | I12: =IF(H12="","",IF(H12>=90,"✅ Effective",IF(H12>=70,"⚠️ Needs Improvement","❌ Ineffective")))
A13: Periodic Full Inventory Reconciliation | B13: Annually | H13: =IF(OR(F13="",G13=""),"",IF(F13=0,100,G13/F13*100)) | I13: =IF(H13="","",IF(H13>=90,"✅ Effective",IF(H13>=70,"⚠️ Needs Improvement","❌ Ineffective")))
A16: QUALITY CONTROL SUMMARY
A17: Total QC Processes | B17: =COUNTA(A4:A13)
A18: Documented Processes | B18: =COUNTIF(C4:C13,"Yes")
A19: Documentation Rate % | B19: =IFERROR(B18/B17*100,0)
A20: Average Effectiveness % | B20: =IFERROR(AVERAGE(H4:H13),0)

Sheet Maintenance Metrics
A1: Maintenance Metrics & Summary
A3: OVERALL MAINTENANCE EFFECTIVENESS
A4: Metric | B4: Actual | C4: Target | D4: Gap | E4: Status | F4: Description
A5: Update Workflow SLA Compliance | B5: ='Update Triggers & Workflows'!B40 | C5: 95% | D5: =B5-VALUE(LEFT(C5,LEN(C5)-1))/100 | E5: =IF(B5>=VALUE(LEFT(C5,LEN(C5)-1))/100,"✅ Met",IF(B5>=VALUE(LEFT(C5,LEN(C5)-1))/100-0.1,"⚠️ At Risk","❌ Not Met")) | F5: Update timeliness
A6: Integration Health | B6: ='Integration Architecture'!B21 | C6: 98% | D6: =B6-VALUE(LEFT(C6,LEN(C6)-1))/100 | E6: =IF(B6>=VALUE(LEFT(C6,LEN(C6)-1))/100,"✅ Met",IF(B6>=VALUE(LEFT(C6,LEN(C6)-1))/100-0.1,"⚠️ At Risk","❌ Not Met")) | F6: Automated feed reliability
A7: Quality Control Effectiveness | B7: ='Quality Control Processes'!B27 | C7: 90% | D7: =B7-VALUE(LEFT(C7,LEN(C7)-1))/100 | E7: =IF(B7>=VALUE(LEFT(C7,LEN(C7)-1))/100,"✅ Met",IF(B7>=VALUE(LEFT(C7,LEN(C7)-1))/100-0.1,"⚠️ At Risk","❌ Not Met")) | F7: Issue remediation rate
A8: Workflow Documentation Rate | B8: ='Update Triggers & Workflows'!B36 | C8: 100% | D8: =B8-VALUE(LEFT(C8,LEN(C8)-1))/100 | E8: =IF(B8>=VALUE(LEFT(C8,LEN(C8)-1))/100,"✅ Met",IF(B8>=VALUE(LEFT(C8,LEN(C8)-1))/100-0.1,"⚠️ At Risk","❌ Not Met")) | F8: Procedure documentation
A11: OVERALL MAINTENANCE SCORE | B11: =AVERAGE(B5:B8)
A12: Overall Target | B12: 95%
A13: Overall Gap | B13: =B11-0.95
A16: CSV EXPORT FOR DASHBOARD (Copy rows below)
A17: Metric_Category | B17: Score_% | C17: Status
A18: =A5 | B18: =B5 | C18: =E5
A19: =A6 | B19: =B6 | C19: =E6
A20: =A7 | B20: =B7 | C20: =E7
A21: =A8 | B21: =B8 | C21: =E8

Sheet Evidence Register
A1: Maintenance Evidence Register
A3: Evidence ID | B3: Maintenance Area | C3: Evidence Type | D3: Evidence Description | E3: Evidence Location | F3: Collection Date | G3: Collected By | H3: Validity Period | I3: Review Date | J3: Reviewed By | K3: Review Status | L3: Retention End Date | M3: Related Assessment | N3: Notes
A4: MAINT-001 | B4: Inventory Structure | C4: System Architecture Diagram | D4: Inventory database schema and access control model | E4: /evidence/inventory_architecture_20260122.pdf | F4: 22.01.2026
A5: MAINT-002 | B5: Update Workflows | C5: Procedure Document | D5: New asset onboarding workflow (procurement to inventory) | E5: /evidence/onboarding_procedure_v2.0.pdf | F5: 22.01.2026
A6: MAINT-003 | B6: Integration | C6: API Documentation | D6: HR system integration specification and data mapping | E6: /evidence/hr_integration_spec_20260122.pdf | F6: 22.01.2026
A7: MAINT-004 | B7: Quality Control | C7: Reconciliation Report | D7: Monthly inventory reconciliation vs. CMDB | E7: /evidence/reconciliation_report_202601.xlsx | F7: 22.01.2026

Sheet Summary Dashboard
A1: 📊 INVENTORY MAINTENANCE ASSESSMENT - SUMMARY DASHBOARD
A2: Quick overview of key metrics and compliance status
A4: 🎯 OVERALL COMPLIANCE
A5: Overall Compliance: | D5: ='Maintenance Metrics'!D10
A7: 📊 KEY METRICS
A8: Metric | B8: Current | C8: Target | D8: Status
A9: Update SLA Compliance | B9: ='Maintenance Metrics'!B4 | C9: 95% | D9: =IF(B9>0,"✅","❌")
A10: Accuracy Rate | B10: ='Maintenance Metrics'!B5 | C10: 98% | D10: =IF(B10>0,"✅","❌")
A11: Integration Coverage | B11: ='Maintenance Metrics'!B6 | C11: 100% | D11: =IF(B11>0,"✅","❌")

Sheet Approval & Sign-Off
A1: INVENTORY MAINTENANCE ASSESSMENT - APPROVAL & SIGN-OFF
A2: Complete when assessment is finished and ready for approval
A4: COMPLETION CHECKLIST
A5: Item | B5: Status | C5: Completed By | D5: Date | E5: Notes
A6: Inventory structure defined and documented
A7: Update triggers identified and documented
A8: Integration points mapped and tested
A9: Quality control procedures documented
A10: Maintenance metrics calculated
A11: Evidence collected and registered
A12: Assessment reviewed by Information Security
A15: APPROVALS
A16: Role | B16: Name | C16: Signature | D16: Date | E16: Comments
A17: Asset Management Lead
A18: Information Security Manager
A19: CISO
