Workbook

Sheet Instructions & Legend
A1: ISMS-IMP-A.5.17.1 - Authentication Policy and Standards ISO/IEC 27001:2022 - Control A.5.17: Authentication Information
A3: Document Information
A4: Document ID | B4: ISMS-IMP-A.5.17.1
A5: Workbook Title | B5: Authentication Policy and Standards
A6: Control Reference | B6: ISO/IEC 27001:2022 - Control A.5.17: Authentication Information
A7: Version | B7: 1.0
A8: Assessment Date
A9: Completed By
A10: Organisation
A12: Instructions
A13: 1. Complete Password Policy — assess password length, complexity, history, and expiry requirements.
A14: 2. Complete MFA Requirements — document MFA mandate per system tier and user type.
A15: 3. Complete Credential Standards — review credential standards for service accounts and APIs.
A16: 4. Complete User Responsibilities — assess user awareness of credential protection obligations.
A17: 5. Complete System Requirements — evaluate system enforcement of authentication controls.
A18: 6. Maintain the Evidence Register with policy documentation and system configuration exports.
A19: 7. Obtain final approval and sign-off in the Approval Sign-Off sheet.
A21: Status Legend
A22: Symbol | B22: Status | C22: Description
A23: ✓ | B23: Compliant / Complete | C23: Requirement fully met
A24: ⚠ | B24: Partial / In Progress | C24: Partially met or in progress
A25: ✗ | B25: Non-Compliant / Not Started | C25: Requirement not met
A26: — | B26: Not Applicable | C26: Not applicable to this assessment

Sheet Password Policy
A1: PASSWORD POLICY REQUIREMENTS
A2: ISO/IEC 27001:2022 - Control A.5.17: Authentication Information | Define and enforce password complexity and lifecycle requirements
A3: Requirement Category | B3: Policy Requirement | C3: Standard Value | D3: Current Setting | E3: Compliant | F3: Implementation Notes | G3: Exception Process
A4: Minimum Length | B4: Minimum password length | C4: >=12 characters
A5: Maximum Length | B5: Maximum password length (no artificial limit) | C5: >=128 characters
A6: Complexity - Uppercase | B6: Require uppercase letters | C6: Yes
A7: Complexity - Lowercase | B7: Require lowercase letters | C7: Yes
A8: Complexity - Numbers | B8: Require numeric characters | C8: Yes
A9: Complexity - Special | B9: Require special characters | C9: Yes
A10: Password History | B10: Number of previous passwords prevented | C10: >=12 passwords
A11: Maximum Age | B11: Maximum password age before mandatory change | C11: <=365 days
A12: Minimum Age | B12: Minimum age before password can be changed | C12: >=1 day
A13: Initial Password | B13: Temporary password requirements | C13: Force change on first login
A14: Common Passwords | B14: Block commonly used/breached passwords | C14: Yes - use blocklist
A15: Sequential Characters | B15: Block sequential characters (abc, 123) | C15: Yes
... A22: Transmission Security | B22: Password transmission encryption | C22: TLS 1.2+ required

Sheet MFA Requirements
A1: MULTI-FACTOR AUTHENTICATION REQUIREMENTS
A2: ISO/IEC 27001:2022 - Control A.5.17: Authentication Information | Define MFA requirements by system and access type
A3: System/Access Type | B3: MFA Required | C3: Approved Methods | D3: Fallback Method | E3: Current Status | F3: Implementation Date | G3: Owner | H3: Notes
A4: VPN Remote Access | B4: MANDATORY | C4: TOTP, Push Notification, FIDO2 | D4: SMS (emergency only)
A5: Cloud Applications (M365, etc.) | B5: MANDATORY | C5: Authenticator App, FIDO2 | D5: Phone call
A6: Privileged Access (Admin) | B6: MANDATORY | C6: Hardware Token, FIDO2 | D6: Authenticator App
A7: Email (External Access) | B7: MANDATORY | C7: TOTP, Push Notification | D7: SMS
A8: Internal Applications (Sensitive) | B8: MANDATORY | C8: Authenticator App, FIDO2 | D8: SMS
A9: Internal Applications (Standard) | B9: RECOMMENDED | C9: Authenticator App | D9: N/A
A10: Database Access (Production) | B10: MANDATORY | C10: Hardware Token, Certificate | D10: TOTP
A11: Source Code Repository | B11: MANDATORY | C11: TOTP, FIDO2 | D11: Authenticator App
A12: CI/CD Pipeline | B12: MANDATORY | C12: Service Account + Certificate | D12: Hardware Token
A13: Customer Portal (Admin) | B13: MANDATORY | C13: TOTP, Push Notification | D13: SMS
A14: Customer Portal (Users) | B14: RECOMMENDED | C14: TOTP, Email OTP | D14: Security Questions
A15: Workstation Login | B15: CONDITIONAL | C15: Windows Hello, Smart Card | D15: Password only
... A17: Cloud Infrastructure (AWS/Azure) | B17: MANDATORY | C17: FIDO2, Hardware Token | D17: Authenticator App

Sheet Credential Standards
A1: CREDENTIAL TYPE STANDARDS
A2: ISO/IEC 27001:2022 - Control A.5.17: Authentication Information | Document security requirements per credential type
A3: Credential Type | B3: Use Cases | C3: Security Requirements | D3: Storage Requirements | E3: Rotation Policy | F3: Revocation Process | G3: Approved Products | H3: Notes
A4: User Passwords | B4: End-user authentication | C4: Min 12 chars, complexity | D4: bcrypt/Argon2, salted | E4: Annual or incident | F4: Immediate on termination | G4: N/A
A5: Service Account Passwords | B5: Application-to-application | C5: Min 24 chars, random | D5: Secrets manager (Vault) | E5: Quarterly | F5: Change on compromise | G5: HashiCorp Vault, Azure Key Vault
A6: API Keys | B6: API authentication | C6: Min 32 chars, random | D6: Secrets manager | E6: Quarterly | F6: Immediate revocation | G6: HashiCorp Vault, AWS Secrets Manager
A7: SSH Keys | B7: Server/system access | C7: RSA 4096-bit or Ed25519 | D7: Encrypted key store | E7: Annual | F7: Remove from authorised_keys | G7: OpenSSH
A8: SSL/TLS Certificates | B8: Server authentication | C8: RSA 2048+ or ECC P-256+ | D8: HSM or secure store | E8: Annual (max 1 year) | F8: CRL/OCSP update | G8: DigiCert, Let's Encrypt
A9: Client Certificates | B9: User/device authentication | C9: RSA 2048+ or ECC P-256+ | D9: Smart card or TPM | E9: Annual | F9: CRL/OCSP update | G9: Internal PKI
A10: TOTP Seeds | B10: MFA time-based codes | C10: Min 160-bit secret | D10: Encrypted in auth system | E10: On device change | F10: Remove from account | G10: Microsoft Authenticator, Google Auth
A11: FIDO2/WebAuthn | B11: Passwordless MFA | C11: Platform authenticator | D11: Device TPM/Secure Element | E11: N/A (hardware bound) | F11: Remove registration | G11: YubiKey, Windows Hello
A12: Hardware Tokens | B12: High-security MFA | C12: FIPS 140-2 Level 2+ | D12: Physical custody | E12: 5 years or damage | F12: Return and deactivate | G12: YubiKey, RSA SecurID
A13: Biometric Data | B13: Local device auth | C13: On-device processing only | D13: Never stored centrally | E13: N/A | F13: Device wipe | G13: Windows Hello, Touch ID
A14: Recovery Codes | B14: MFA backup | C14: Random 8-digit codes | D14: User-managed secure storage | E14: On use or annually | F14: Regenerate | G14: N/A

Sheet User Responsibilities
A1: USER RESPONSIBILITIES FOR AUTHENTICATION INFORMATION
A2: ISO/IEC 27001:2022 - Control A.5.17: Authentication Information | Define user obligations for handling authentication credentials
A3: Responsibility | B3: Description | C3: Requirement Level | D3: Enforcement Method | E3: Training Required | F3: Notes
A4: Password Confidentiality | B4: Never share passwords with anyone including IT staff | C4: MANDATORY | D4: Policy acknowledgment, monitoring | E4: Yes
A5: Unique Passwords | B5: Use unique passwords for each system/service | C5: MANDATORY | D5: Password manager provided | E5: Yes
A6: Password Strength | B6: Create passwords meeting complexity requirements | C6: MANDATORY | D6: Technical enforcement | E6: Yes
A7: Secure Storage | B7: Never write down passwords or store in plain text | C7: MANDATORY | D7: Approved password manager | E7: Yes
A8: Compromise Reporting | B8: Immediately report suspected credential compromise | C8: MANDATORY | D8: Incident reporting process | E8: Yes
A9: MFA Device Security | B9: Protect MFA devices (phones, tokens) from unauthorised access | C9: MANDATORY | D9: Device management policy | E9: Yes
A10: Phishing Awareness | B10: Verify authenticity before entering credentials | C10: MANDATORY | D10: Security awareness training | E10: Yes
A11: Session Security | B11: Lock workstation when away, log out of shared systems | C11: MANDATORY | D11: Auto-lock policies | E11: Yes
A12: Personal Device MFA | B12: Secure personal devices used for MFA | C12: CONDITIONAL | D12: MDM for BYOD | E12: Yes
A13: Recovery Code Storage | B13: Store MFA recovery codes securely offline | C13: MANDATORY | D13: User guidance provided | E13: Yes
A14: Credential Sharing Prohibition | B14: Never use shared accounts for individual actions | C14: MANDATORY | D14: Audit logging | E14: Yes
A15: Employment Contract | B15: Acknowledge password responsibilities in contract | C15: MANDATORY | D15: HR onboarding process | E15: No

Sheet System Requirements
A1: AUTHENTICATION SYSTEM TECHNICAL REQUIREMENTS
A2: ISO/IEC 27001:2022 - Control A.5.17: Authentication Information | Technical requirements for authentication system implementation
A3: Requirement Area | B3: Technical Requirement | C3: Standard/Protocol | D3: Implementation | E3: Status | F3: Evidence | G3: Notes
A4: Password Hashing | B4: Use approved password hashing algorithms | C4: bcrypt (cost>=12), Argon2id, PBKDF2
A5: Salt Generation | B5: Unique cryptographic salt per password | C5: Min 128-bit random salt
A6: Transmission Security | B6: Encrypt credentials in transit | C6: TLS 1.2+ only
A7: Session Management | B7: Secure session token handling | C7: HttpOnly, Secure, SameSite cookies
A8: Account Lockout | B8: Implement progressive lockout | C8: 5-10 attempts, 15+ min lockout
A9: Brute Force Protection | B9: Rate limiting on authentication | C9: Max 5 attempts/minute per IP
A10: Audit Logging | B10: Log all authentication events | C10: Success, failure, lockout, unlock
A11: Secure Recovery | B11: Secure password reset process | C11: Email verification, time-limited tokens
A12: MFA Integration | B12: Support for MFA protocols | C12: TOTP, WebAuthn/FIDO2, Push
A13: SSO Support | B13: Support for single sign-on | C13: SAML 2.0, OIDC, OAuth 2.0
A14: Password Exposure Check | B14: Check against breached password databases | C14: HIBP API integration
A15: Credential Isolation | B15: Separate credential stores by environment | C15: Prod/dev/test separation
... A17: Certificate Management | B17: Automated certificate lifecycle | C17: ACME, internal PKI

Sheet Evidence Register
A1: EVIDENCE REGISTER
A2: Document all evidence collected during this assessment
A4: Evidence ID | B4: Assessment Area | C4: Evidence Type | D4: Description | E4: Location / Path | F4: Date Collected | G4: Collected By | H4: Verification Status
A5: EV-001 | B5: Assessment Area | C5: Policy Document | D5: Example evidence description | E5: \\fileserver\policies\document.pdf | F5: 15.01.2026 | G5: Assessor Name | H5: ✅ Verified

Sheet Summary Dashboard
A1: AUTHENTICATION POLICY AND STANDARDS — SUMMARY DASHBOARD
A2: ISO/IEC 27001:2022 — Control A.5.17: Authentication Information | Policy and Standards Assessment
A4: TABLE 1: ASSESSMENT AREA COMPLIANCE OVERVIEW
A5: Assessment Area | B5: Total Items | C5: Compliant | D5: Partial | E5: Non-Compliant | F5: N/A | G5: Compliance %
A6: Password Policy | B6: =COUNTA('Password Policy'!A4:A22) | C6: =COUNTIF('Password Policy'!E4:E22,"Yes") | D6: =COUNTIF('Password Policy'!E4:E22,"Partial") | E6: =COUNTIF('Password Policy'!E4:E22,"No") | F6: =COUNTIF('Password Policy'!E4:E22,"N/A") | G6: =IF((B6-F6)=0,0,C6/(B6-F6))
A7: MFA Requirements | B7: =COUNTA('MFA Requirements'!A4:A17) | C7: =COUNTIF('MFA Requirements'!E4:E17,"Implemented") | D7: =COUNTIF('MFA Requirements'!E4:E17,"In Progress") | E7: =COUNTIF('MFA Requirements'!E4:E17,"Not Started") | F7: =COUNTIF('MFA Requirements'!E4:E17,"Exception") | G7: =IF((B7-F7)=0,0,C7/(B7-F7))
A8: Credential Standards | B8: =COUNTA('Credential Standards'!A4:A14) | C8: 0 | D8: 0 | E8: 0 | F8: =COUNTA('Credential Standards'!A4:A14) | G8: =IF((B8-F8)=0,0,C8/(B8-F8))
A9: User Responsibilities | B9: =COUNTA('User Responsibilities'!A4:A15) | C9: =COUNTIF('User Responsibilities'!E4:E15,"Completed") | D9: =COUNTIF('User Responsibilities'!E4:E15,"Yes") | E9: =COUNTIF('User Responsibilities'!E4:E15,"No") | F9: 0 | G9: =IF((B9-F9)=0,0,C9/(B9-F9))
A10: System Requirements | B10: =COUNTA('System Requirements'!A4:A17) | C10: =COUNTIF('System Requirements'!E4:E17,"Implemented") | D10: =COUNTIF('System Requirements'!E4:E17,"In Progress") | E10: =COUNTIF('System Requirements'!E4:E17,"Not Started") | F10: =COUNTIF('System Requirements'!E4:E17,"N/A") | G10: =IF((B10-F10)=0,0,C10/(B10-F10))
A11: TOTAL | B11: =SUM(B6:B10) | C11: =SUM(C6:C10) | D11: =SUM(D6:D10) | E11: =SUM(E6:E10) | F11: =SUM(F6:F10) | G11: =IF((B11-F11)=0,0,C11/(B11-F11))
A13: TABLE 2: KEY PERFORMANCE INDICATORS
A14: Metric | B14: Value
A15: Password Policy: Requirements Assessed | B15: =COUNTA('Password Policy'!A4:A22)
A16: Password Policy: Requirements Compliant | B16: =COUNTIF('Password Policy'!E4:E22,"Yes")
A17: Password Policy: Non-Compliant Requirements | B17: =COUNTIF('Password Policy'!E4:E22,"No")
A18: Password Policy: Partially Met | B18: =COUNTIF('Password Policy'!E4:E22,"Partial")
A19: MFA: Mandatory Systems Defined | B19: =COUNTIF('MFA Requirements'!B4:B17,"MANDATORY")
A20: MFA: Recommended Systems Defined | B20: =COUNTIF('MFA Requirements'!B4:B17,"RECOMMENDED")
A21: MFA: Systems Fully Implemented | B21: =COUNTIF('MFA Requirements'!E4:E17,"Implemented")
A22: MFA: Systems Not Started | B22: =COUNTIF('MFA Requirements'!E4:E17,"Not Started")
A23: MFA: Exceptions Granted | B23: =COUNTIF('MFA Requirements'!E4:E17,"Exception")
A24: Credential Types Defined | B24: =COUNTA('Credential Standards'!A4:A14)
A25: User Responsibilities: Training Required | B25: =COUNTIF('User Responsibilities'!E4:E15,"Yes")
A26: User Responsibilities: Training Completed | B26: =COUNTIF('User Responsibilities'!E4:E15,"Completed")
A27: System Requirements: Implemented | B27: =COUNTIF('System Requirements'!E4:E17,"Implemented")
A28: System Requirements: In Progress | B28: =COUNTIF('System Requirements'!E4:E17,"In Progress")
A29: System Requirements: Not Started | B29: =COUNTIF('System Requirements'!E4:E17,"Not Started")
A33: TABLE 3: CRITICAL FINDINGS REQUIRING IMMEDIATE ATTENTION
A34: Category | B34: Finding | C34: Count | D34: Severity | E34: Action Required
A35: Password Policy | B35: Password requirements marked Non-Compliant | C35: =COUNTIF('Password Policy'!E4:E22,"No") | D35: Critical | E35: Immediate
A36: Password Policy | B36: Password requirements partially met | C36: =COUNTIF('Password Policy'!E4:E22,"Partial") | D36: High | E36: Urgent
A37: MFA Requirements | B37: MFA systems not yet started | C37: =COUNTIF('MFA Requirements'!E4:E17,"Not Started") | D37: Critical | E37: Immediate
A38: MFA Requirements | B38: MFA exceptions granted | C38: =COUNTIF('MFA Requirements'!E4:E17,"Exception") | D38: High | E38: Urgent
A39: System Requirements | B39: System requirements not started | C39: =COUNTIF('System Requirements'!E4:E17,"Not Started") | D39: High | E39: Urgent
A40: System Requirements | B40: System requirements in progress (incomplete) | C40: =COUNTIF('System Requirements'!E4:E17,"In Progress") | D40: Medium | E40: Plan
A41: User Responsibilities | B41: Training not completed | C41: =COUNTIF('User Responsibilities'!E4:E15,"No") | D41: Medium | E41: Plan

Sheet Approval Sign-Off
A1: ASSESSMENT APPROVAL AND SIGN-OFF
A2: ISO/IEC 27001:2022 - Control A.5.17: Authentication Information
A3: DOCUMENT SUMMARY
A4: Document: | B4: ISMS-IMP-A.5.17.1 - Authentication Policy and Standards
A5: Control Reference: | B5: A.5.17
A6: Overall Compliance Rating: | B6: =IFERROR(AVERAGE('Summary Dashboard'!G6:G10),"")
A7: Version: | B7: 1.0
A8: Classification: | B8: INTERNAL
A10: PREPARED BY (POLICY OWNER)
A11: Name:
A12: Title:
A13: Date:
A14: Signature:
A15: Comments:
A17: REVIEWED BY (INFORMATION SECURITY OFFICER)
A18: Name:
A19: Title:
A20: Date:
A21: Signature:
A22: Comments:
... A37: Special Considerations:
