Workbook

Sheet Instructions & Legend
A1: ISMS-IMP-A.5.17.2 - Credential Lifecycle Management ISO/IEC 27001:2022 - Control A.5.17: Authentication Information
A3: Document Information
A4: Document ID | B4: ISMS-IMP-A.5.17.2
A5: Workbook Title | B5: Credential Lifecycle Management
A6: Control Reference | B6: ISO/IEC 27001:2022 - Control A.5.17: Authentication Information
A7: Version | B7: 1.0
A8: Assessment Date
A9: Completed By
A10: Organisation
A12: Instructions
A13: 1. Complete Allocation Process — assess how credentials are provisioned to users and systems.
A14: 2. Complete Change Management — evaluate password change triggers and procedures.
A15: 3. Complete Recovery Process — assess credential reset and recovery procedures for security risks.
A16: 4. Complete Revocation Process — evaluate timeliness and completeness of credential revocation.
A17: 5. Complete Audit Log Requirements — assess logging of credential lifecycle events.
A18: 6. Maintain the Evidence Register with process documentation and audit samples.
A19: 7. Obtain final approval and sign-off in the Approval Sign-Off sheet.
A21: Status Legend
A22: Symbol | B22: Status | C22: Description
A23: ✓ | B23: Compliant / Complete | C23: Requirement fully met
A24: ⚠ | B24: Partial / In Progress | C24: Partially met or in progress
A25: ✗ | B25: Non-Compliant / Not Started | C25: Requirement not met
A26: — | B26: Not Applicable | C26: Not applicable to this assessment

Sheet Allocation Process
A1: CREDENTIAL ALLOCATION PROCESS
A2: ISO/IEC 27001:2022 - Control A.5.17: Authentication Information | Document the process for issuing new credentials to users
A3: Process Step | B3: Description | C3: Responsible Role | D3: Verification Required | E3: SLA | F3: System/Tool | G3: Status | H3: Notes
A4: 1. Access Request | B4: User/manager submits access request via approved channel | C4: Requestor | D4: Manager approval | E4: Same day | F4: ServiceNow/ITSM
A5: 2. Identity Verification | B5: Verify user identity before credential issuance | C5: IT/HR | D5: Photo ID, employment verification | E5: Same day | F5: HR System
A6: 3. Authorisation Check | B6: Verify user is authorised for requested access | C6: System Owner | D6: Role-based access approval | E6: 1 business day | F6: IAM System
A7: 4. Account Creation | B7: Create user account in target system | C7: IT Operations | D7: Naming convention compliance | E7: Same day | F7: Active Directory
A8: 5. Initial Password | B8: Generate temporary password meeting policy | C8: Automated/IT | D8: Complexity requirements | E8: Immediate | F8: Password Generator
A9: 6. Secure Delivery | B9: Transmit initial credentials via secure channel | C9: IT Operations | D9: Encrypted transmission | E9: Same day | F9: Secure Email/Portal
A10: 7. MFA Enrolment | B10: Enrol user in required MFA methods | C10: User/IT Support | D10: MFA device registered | E10: Within 24 hours | F10: MFA System
A11: 8. First Login | B11: User changes temporary password on first login | C11: User | D11: Password changed successfully | E11: Within 24 hours | F11: Target System
A12: 9. Confirmation | B12: Confirm successful access and close request | C12: Requestor | D12: User confirms access | E12: Within 48 hours | F12: ServiceNow/ITSM
A13: 10. Documentation | B13: Record credential allocation event | C13: System | D13: Audit log entry | E13: Immediate | F13: SIEM/Audit Log

Sheet Change Management
A1: CREDENTIAL CHANGE MANAGEMENT
A2: ISO/IEC 27001:2022 - Control A.5.17: Authentication Information | Manage credential changes including rotations and resets
A3: Change Type | B3: Trigger | C3: Process Steps | D3: Verification | E3: SLA | F3: Notification | G3: Status | H3: Notes
A4: User-Initiated Change | B4: User requests password change | C4: 1. Authenticate, 2. Enter new password, 3. Confirm | D4: Current password verified | E4: Immediate | F4: Email confirmation
A5: Scheduled Rotation | B5: Password expiration reached | C5: 1. Prompt at login, 2. Enter new password, 3. Confirm | D5: Current password verified | E5: Before expiry | F5: 7-day advance warning
A6: Administrative Reset | B6: User requests reset via helpdesk | C6: 1. Identity verification, 2. Generate temp password, 3. Secure delivery | D6: Security questions/callback | E6: 15 minutes | F6: Email to user
A7: Security Incident | B7: Suspected credential compromise | C7: 1. Force immediate change, 2. Terminate sessions, 3. Investigate | D7: Admin authorisation | E7: Immediate | F7: User + security team
A8: Role Change | B8: User changes job role/department | C8: 1. Review access, 2. Revoke old, 3. Grant new | D8: Manager approval | E8: 1 business day | F8: User + managers
A9: MFA Device Change | B9: User changes MFA device | C9: 1. Identity verification, 2. Remove old device, 3. Enrol new | D9: In-person or secure callback | E9: Same day | F9: Email confirmation
A10: Token Refresh | B10: API key/service account rotation | C10: 1. Generate new key, 2. Update applications, 3. Revoke old | D10: Change approval | E10: Scheduled window | F10: Application owners
A11: Certificate Renewal | B11: Certificate approaching expiry | C11: 1. Generate CSR, 2. Issue cert, 3. Deploy, 4. Verify | D11: Auto or manual trigger | E11: 7 days before expiry | F11: System owners
A12: Emergency Access | B12: Break-glass credential use | C12: 1. Record justification, 2. Grant access, 3. Audit review | D12: Dual authorisation | E12: Immediate | F12: Security team

Sheet Recovery Process
A1: CREDENTIAL RECOVERY PROCESSES
A2: ISO/IEC 27001:2022 - Control A.5.17: Authentication Information | Define recovery methods for lost or inaccessible credentials
A3: Recovery Method | B3: Use Case | C3: Process Steps | D3: Identity Verification | E3: Security Controls | F3: SLA | G3: Status | H3: Notes
A4: Self-Service Email | B4: User forgets password, has email access | C4: 1. Request reset, 2. Click email link, 3. Set new password | D4: Email ownership | E4: Time-limited token (15 min), single use | F4: Immediate
A5: Self-Service SMS | B5: User forgets password, has phone access | C5: 1. Request reset, 2. Enter SMS code, 3. Set new password | D5: Phone ownership | E5: Time-limited code (10 min), rate limited | F5: Immediate
A6: Security Questions | B6: Backup recovery method | C6: 1. Answer questions, 2. Verify answers, 3. Reset password | D6: Knowledge-based | E6: Limited attempts, lockout after failures | F6: Immediate
A7: MFA Recovery Codes | B7: User loses MFA device | C7: 1. Enter recovery code, 2. Access account, 3. Re-enrol MFA | D7: Recovery code possession | E7: Single-use codes, secure storage reminder | F7: Immediate
A8: Helpdesk Assisted | B8: User cannot self-recover | C8: 1. Call helpdesk, 2. Identity verification, 3. Temp password issued | D8: Photo ID + security questions | E8: Callback verification, temp password expires | F8: 15 minutes
A9: Manager Verification | B9: High-security accounts | C9: 1. Manager confirms identity, 2. IT resets, 3. Secure delivery | D9: Manager attestation | E9: Out-of-band confirmation required | F9: 1 hour
A10: In-Person Recovery | B10: Highest security accounts | C10: 1. Visit IT in person, 2. Photo ID check, 3. Reset performed | D10: Physical ID verification | E10: No remote recovery allowed | F10: Same day
A11: Privileged Account | B11: Admin/service account recovery | C11: 1. Dual authorisation, 2. Break-glass procedure, 3. Full audit | D11: Dual control required | E11: Emergency access procedure, immediate review | F11: 15 minutes

Sheet Revocation Process
A1: CREDENTIAL REVOCATION PROCESS
A2: ISO/IEC 27001:2022 - Control A.5.17: Authentication Information | Define revocation triggers, SLAs, and responsible parties
A3: Revocation Trigger | B3: SLA Requirement | C3: Actions Required | D3: Verification | E3: Systems Affected | F3: Responsible | G3: Status | H3: Notes
A4: Voluntary Resignation | B4: Last day of employment | C4: Disable account, revoke all access, terminate sessions | D4: HR notification received | E4: AD, Email, VPN, Apps, Cloud | F4: IT Operations
A5: Involuntary Termination | B5: Immediate (same hour) | C5: Immediate disable, revoke all, terminate sessions, collect devices | D5: HR/Legal notification | E5: All systems | F5: IT Operations + Security
A6: Contract End | B6: Contract end date | C6: Disable account, revoke access, archive data | D6: Contract manager notification | E6: All contractor-accessed systems | F6: IT Operations
A7: Extended Leave | B7: Start of leave | C7: Disable account (not delete), preserve access config | D7: HR notification | E7: Interactive login systems | F7: IT Operations
A8: Role Change | B8: Effective date of change | C8: Revoke old access, grant new access per new role | D8: Manager approval | E8: Role-specific systems | F8: IT Operations
A9: Security Incident | B9: Immediate | C9: Disable account, terminate sessions, preserve for investigation | D9: Security team authorisation | E9: All systems | F9: Security Team
A10: Policy Violation | B10: Per investigation outcome | C10: Suspend or revoke based on severity | D10: HR/Legal/Security decision | E10: Relevant systems | F10: Security Team
A11: Account Inactivity | B11: After defined period (90 days) | C11: Disable account, notify manager | D11: Automated detection | E11: All systems | F11: Automated + IT
A12: Credential Compromise | B12: Immediate | C12: Revoke credential, force reset, audit access | D12: Security team determination | E12: Affected credential scope | F12: Security Team
A13: Device Loss/Theft | B13: Immediate | C13: Revoke device certificates, remote wipe, force password change | D13: User/manager report | E13: Device-bound credentials | F13: IT Operations

Sheet Audit Log Requirements
A1: AUTHENTICATION AUDIT LOG REQUIREMENTS
A2: ISO/IEC 27001:2022 - Control A.5.17: Authentication Information | Define authentication event logging requirements and retention
A3: Event Type | B3: Details to Log | C3: Retention Period | D3: Alerting Required | E3: Review Frequency | F3: Status | G3: Notes
A4: Successful Login | B4: User, timestamp, source IP, device, MFA method | C4: 1 year minimum | D4: No (baseline) | E4: Monthly sampling
A5: Failed Login | B5: User, timestamp, source IP, failure reason | C5: 1 year minimum | D5: Yes (threshold) | E5: Real-time monitoring
A6: Account Lockout | B6: User, timestamp, source IP, lockout reason | C6: 1 year minimum | D6: Yes (immediate) | E6: Real-time monitoring
A7: Password Change | B7: User, timestamp, change type (user/admin) | C7: 1 year minimum | D7: Admin changes only | E7: Weekly review
A8: Password Reset | B8: User, timestamp, reset method, requester | C8: 1 year minimum | D8: Yes (admin resets) | E8: Daily review
A9: MFA Enrolment | B9: User, timestamp, MFA type, device info | C9: 1 year minimum | D9: Yes | E9: Weekly review
A10: MFA Failure | B10: User, timestamp, failure reason | C10: 1 year minimum | D10: Yes (threshold) | E10: Real-time monitoring
A11: Session Start/End | B11: User, timestamp, duration, source IP | C11: 1 year minimum | D11: Anomalies only | E11: Monthly review
A12: Privilege Escalation | B12: User, timestamp, privilege granted, grantor | C12: 2 years minimum | D12: Yes (immediate) | E12: Real-time monitoring
A13: Account Creation | B13: New user, timestamp, creator, initial access | C13: 2 years minimum | D13: Yes | E13: Daily review
A14: Account Deletion | B14: User, timestamp, deleter, reason | C14: 2 years minimum | D14: Yes | E14: Daily review
A15: Access Revocation | B15: User, timestamp, revoker, access revoked | C15: 2 years minimum | D15: Yes | E15: Daily review
... A17: Emergency Access | B17: User, timestamp, justification, approver | C17: 5 years minimum | D17: Yes (immediate) | E17: Same-day review

Sheet Evidence Register
A1: EVIDENCE REGISTER
A2: Document all evidence collected during this assessment
A4: Evidence ID | B4: Assessment Area | C4: Evidence Type | D4: Description | E4: Location / Path | F4: Date Collected | G4: Collected By | H4: Verification Status
A5: EV-001 | B5: Assessment Area | C5: Policy Document | D5: Example evidence description | E5: \\fileserver\policies\document.pdf | F5: 15.01.2026 | G5: Assessor Name | H5: ✅ Verified

Sheet Summary Dashboard
A1: CREDENTIAL LIFECYCLE MANAGEMENT — SUMMARY DASHBOARD
A2: ISO/IEC 27001:2022 — Control A.5.17: Authentication Information | Credential Lifecycle Assessment
A4: TABLE 1: ASSESSMENT AREA COMPLIANCE OVERVIEW
A5: Assessment Area | B5: Total Items | C5: Compliant | D5: Partial | E5: Non-Compliant | F5: N/A | G5: Compliance %
A6: Allocation Process | B6: =COUNTA('Allocation Process'!A4:A13) | C6: =COUNTIF('Allocation Process'!G4:G13,"Implemented") | D6: =COUNTIF('Allocation Process'!G4:G13,"In Progress") | E6: =COUNTIF('Allocation Process'!G4:G13,"Gap") | F6: =COUNTIF('Allocation Process'!G4:G13,"Planned") | G6: =IF((B6-F6)=0,0,C6/(B6-F6))
A7: Change Management | B7: =COUNTA('Change Management'!A4:A12) | C7: =COUNTIF('Change Management'!G4:G12,"Implemented") | D7: =COUNTIF('Change Management'!G4:G12,"In Progress") | E7: =COUNTIF('Change Management'!G4:G12,"Gap") | F7: =COUNTIF('Change Management'!G4:G12,"Planned") | G7: =IF((B7-F7)=0,0,C7/(B7-F7))
A8: Recovery Process | B8: =COUNTA('Recovery Process'!A4:A11) | C8: =COUNTIF('Recovery Process'!G4:G11,"Implemented") | D8: =COUNTIF('Recovery Process'!G4:G11,"In Progress") | E8: =COUNTIF('Recovery Process'!G4:G11,"Gap") | F8: =COUNTIF('Recovery Process'!G4:G11,"Planned") | G8: =IF((B8-F8)=0,0,C8/(B8-F8))
A9: Revocation Process | B9: =COUNTA('Revocation Process'!A4:A13) | C9: =COUNTIF('Revocation Process'!G4:G13,"Implemented") | D9: =COUNTIF('Revocation Process'!G4:G13,"In Progress") | E9: =COUNTIF('Revocation Process'!G4:G13,"Gap") | F9: =COUNTIF('Revocation Process'!G4:G13,"Planned") | G9: =IF((B9-F9)=0,0,C9/(B9-F9))
A10: Audit Log Requirements | B10: =COUNTA('Audit Log Requirements'!A4:A17) | C10: =COUNTIF('Audit Log Requirements'!F4:F17,"Implemented") | D10: =COUNTIF('Audit Log Requirements'!F4:F17,"In Progress") | E10: =COUNTIF('Audit Log Requirements'!F4:F17,"Gap") | F10: =COUNTIF('Audit Log Requirements'!F4:F17,"Planned") | G10: =IF((B10-F10)=0,0,C10/(B10-F10))
A11: TOTAL | B11: =SUM(B6:B10) | C11: =SUM(C6:C10) | D11: =SUM(D6:D10) | E11: =SUM(E6:E10) | F11: =SUM(F6:F10) | G11: =IF((B11-F11)=0,0,C11/(B11-F11))
A13: TABLE 2: KEY PERFORMANCE INDICATORS
A14: Metric | B14: Value
A15: Credential Allocation: Steps Implemented | B15: =COUNTIF('Allocation Process'!G4:G13,"Implemented")
A16: Credential Allocation: Steps with Gaps | B16: =COUNTIF('Allocation Process'!G4:G13,"Gap")
A17: Credential Allocation: Steps In Progress | B17: =COUNTIF('Allocation Process'!G4:G13,"In Progress")
A18: Change Management: Steps Implemented | B18: =COUNTIF('Change Management'!G4:G12,"Implemented")
A19: Change Management: Steps with Gaps | B19: =COUNTIF('Change Management'!G4:G12,"Gap")
A20: Recovery Process: Steps Implemented | B20: =COUNTIF('Recovery Process'!G4:G11,"Implemented")
A21: Recovery Process: Steps with Gaps | B21: =COUNTIF('Recovery Process'!G4:G11,"Gap")
A22: Revocation Process: Steps Implemented | B22: =COUNTIF('Revocation Process'!G4:G13,"Implemented")
A23: Revocation Process: Steps with Gaps | B23: =COUNTIF('Revocation Process'!G4:G13,"Gap")
A24: Audit Logging: Event Types Implemented | B24: =COUNTIF('Audit Log Requirements'!F4:F17,"Implemented")
A25: Audit Logging: Event Types with Gaps | B25: =COUNTIF('Audit Log Requirements'!F4:F17,"Gap")
A26: Audit Logging: Events Planned | B26: =COUNTIF('Audit Log Requirements'!F4:F17,"Planned")
A27: Total Process Steps Assessed | B27: =COUNTA('Allocation Process'!A4:A13)+COUNTA('Change Management'!A4:A12)+COUNTA('Recovery Process'!A4:A11)+COUNTA('Revocation Process'!A4:A13)+COUNTA('Audit Log Requirements'!A4:A17)
A28: Total Lifecycle Gaps Identified | B28: =COUNTIF('Allocation Process'!G4:G13,"Gap")+COUNTIF('Change Management'!G4:G12,"Gap")+COUNTIF('Recovery Process'!G4:G11,"Gap")+COUNTIF('Revocation Process'!G4:G13,"Gap")+COUNTIF('Audit Log Requirements'!F4:F17,"Gap")
A29: Lifecycle Implementation Rate | B29: =IFERROR((COUNTIF('Allocation Process'!G4:G13,"Implemented")+COUNTIF('Change Management'!G4:G12,"Implemented")+COUNTIF('Recovery Process'!G4:G11,"Implemented")+COUNTIF('Revocation Process'!G4:G13,"Implemented")+COUNTIF('Audit Log Requirements'!F4:F17,"Implemented"))/(COUNTA('Allocation Process'!A4:A13)+COUNTA('Change Management'!A4:A12)+COUNTA('Recovery Process'!A4:A11)+COUNTA('Revocation Process'!A4:A13)+COUNTA('Audit Log Requirements'!A4:A17)),0)
A33: TABLE 3: CRITICAL FINDINGS REQUIRING IMMEDIATE ATTENTION
A34: Category | B34: Finding | C34: Count | D34: Severity | E34: Action Required
A35: Credential Allocation | B35: Allocation process steps with gaps | C35: =COUNTIF('Allocation Process'!G4:G13,"Gap") | D35: Critical | E35: Immediate
A36: Change Management | B36: Change management steps with gaps | C36: =COUNTIF('Change Management'!G4:G12,"Gap") | D36: High | E36: Urgent
A37: Recovery Process | B37: Recovery process steps with gaps | C37: =COUNTIF('Recovery Process'!G4:G11,"Gap") | D37: High | E37: Urgent
A38: Revocation Process | B38: Revocation process steps with gaps (termination risk) | C38: =COUNTIF('Revocation Process'!G4:G13,"Gap") | D38: Critical | E38: Immediate
A39: Audit Logging | B39: Authentication event logging gaps | C39: =COUNTIF('Audit Log Requirements'!F4:F17,"Gap") | D39: High | E39: Urgent
A40: Audit Logging | B40: Audit logging events in progress (not complete) | C40: =COUNTIF('Audit Log Requirements'!F4:F17,"In Progress") | D40: Medium | E40: Plan

Sheet Approval Sign-Off
A1: ASSESSMENT APPROVAL AND SIGN-OFF
A2: ISO/IEC 27001:2022 - Control A.5.17: Authentication Information
A3: DOCUMENT SUMMARY
A4: Document: | B4: ISMS-IMP-A.5.17.2 - Credential Lifecycle Management
A5: Control Reference: | B5: A.5.17
A6: Overall Compliance Rating: | B6: =IFERROR(AVERAGE('Summary Dashboard'!G6:G10),"")
A7: Version: | B7: 1.0
A8: Classification: | B8: INTERNAL
A10: PREPARED BY (PROCESS OWNER)
A11: Name:
A12: Title:
A13: Date:
A14: Signature:
A15: Comments:
A17: REVIEWED BY (INFORMATION SECURITY OFFICER)
A18: Name:
A19: Title:
A20: Date:
A21: Signature:
A22: Comments:
... A37: Special Considerations:
