Workbook

Sheet Instructions & Legend
A1: ISMS-IMP-A.5.17.3 - Password System Assessment ISO/IEC 27001:2022 - Control A.5.17: Authentication Information
A3: Document Information
A4: Document ID | B4: ISMS-IMP-A.5.17.3
A5: Workbook Title | B5: Password System Assessment
A6: Control Reference | B6: ISO/IEC 27001:2022 - Control A.5.17: Authentication Information
A7: Version | B7: 1.0
A8: Assessment Date
A9: Completed By
A10: Organisation
A12: Instructions
A13: 1. Complete System Inventory — list all systems processing authentication credentials.
A14: 2. Complete Security Assessment — evaluate password policy enforcement per system.
A15: 3. Complete Storage Assessment — verify passwords are stored using approved hashing (bcrypt, Argon2).
A16: 4. Complete Integration Assessment — assess SSO and identity provider integrations.
A17: 5. Complete Gap Analysis — identify systems with weak or non-compliant authentication controls.
A18: 6. Maintain the Evidence Register with system configuration exports and test results.
A19: 7. Obtain final approval and sign-off in the Approval Sign-Off sheet.
A21: Status Legend
A22: Symbol | B22: Status | C22: Description
A23: ✓ | B23: Compliant / Complete | C23: Requirement fully met
A24: ⚠ | B24: Partial / In Progress | C24: Partially met or in progress
A25: ✗ | B25: Non-Compliant / Not Started | C25: Requirement not met
A26: — | B26: Not Applicable | C26: Not applicable to this assessment

Sheet System Inventory
A1: AUTHENTICATION SYSTEM INVENTORY
A2: ISO/IEC 27001:2022 - Control A.5.17: Authentication Information | Inventory all systems handling authentication credentials
A3: System Name | B3: System Type | C3: Vendor | D3: Version | E3: User Count | F3: Auth Method | G3: SSO Integrated | H3: MFA Enabled | I3: Owner | J3: Criticality
A4: Active Directory | B4: Identity Provider | C4: Microsoft | F4: Password + Kerberos

Sheet Security Assessment
A1: AUTHENTICATION SYSTEM SECURITY ASSESSMENT
A2: ISO/IEC 27001:2022 - Control A.5.17: Authentication Information | Assess security controls per system against policy requirements
A3: System Name | B3: Control Area | C3: Requirement | D3: Expected State | E3: Actual State | F3: Status | G3: Gap Description | H3: Priority | I3: Notes
A4: Active Directory | B4: Password Policy | C4: Min 12 characters enforced | D4: GPO setting enabled

Sheet Storage Assessment
A1: PASSWORD STORAGE SECURITY ASSESSMENT
A2: ISO/IEC 27001:2022 - Control A.5.17: Authentication Information | Review password storage mechanisms and hashing algorithms
A3: System/Application | B3: Storage Mechanism | C3: Hashing Algorithm | D3: Salting | E3: Key Protection | F3: Encryption at Rest | G3: Status | H3: Notes
A4: Active Directory | B4: NTDS.dit database | C4: NT Hash (MD4) + Kerberos | D4: No (legacy) | E4: DPAPI/TPM | F4: BitLocker

Sheet Integration Assessment
A1: SSO AND FEDERATION INTEGRATION ASSESSMENT
A2: ISO/IEC 27001:2022 - Control A.5.17: Authentication Information | Assess SSO and federation integration for each application
A3: Application | B3: SSO Protocol | C3: Identity Provider | D3: MFA Pass-through | E3: Session Timeout | F3: Token Encryption | G3: Provisioning | H3: Status | I3: Notes
A4: Microsoft 365 | B4: OIDC/WS-Fed | C4: Microsoft Entra ID | D4: Yes | E4: Configurable | F4: Yes | G4: Automated

Sheet Gap Analysis
A1: GAP ANALYSIS AND REMEDIATION TRACKING
A2: ISO/IEC 27001:2022 - Control A.5.17: Authentication Information | Track identified gaps and remediation actions
A3: Gap ID | B3: System/Area | C3: Gap Description | D3: Risk Level | E3: Remediation Plan | F3: Owner | G3: Target Date | H3: Status | I3: Notes
A4: GAP-517-001 | B4: System/Area | C4: Gap description here | D4: High | E4: Remediation plan | F4: Owner | G4: DD.MM.YYYY | H4: Open

Sheet Evidence Register
A1: EVIDENCE REGISTER
A2: Document all evidence collected during this assessment
A4: Evidence ID | B4: Assessment Area | C4: Evidence Type | D4: Description | E4: Location / Path | F4: Date Collected | G4: Collected By | H4: Verification Status
A5: EV-001 | B5: Assessment Area | C5: Policy Document | D5: Example evidence description | E5: \\fileserver\policies\document.pdf | F5: 15.01.2026 | G5: Assessor Name | H5: ✅ Verified

Sheet Summary Dashboard
A1: PASSWORD SYSTEM ASSESSMENT — SUMMARY DASHBOARD
A2: ISO/IEC 27001:2022 — Control A.5.17: Authentication Information | System Security Assessment
A4: TABLE 1: ASSESSMENT AREA COMPLIANCE OVERVIEW
A5: Assessment Area | B5: Total Items | C5: Compliant | D5: Partial | E5: Non-Compliant | F5: N/A | G5: Compliance %
A6: System Inventory | B6: =COUNTA('System Inventory'!A5:A54) | C6: =COUNTIF('System Inventory'!H5:H54,"Yes") | D6: =COUNTIF('System Inventory'!H5:H54,"Partial") | E6: =COUNTIF('System Inventory'!H5:H54,"No") | F6: =COUNTIF('System Inventory'!H5:H54,"N/A") | G6: =IF((B6-F6)=0,0,C6/(B6-F6))
A7: Security Assessment | B7: =COUNTA('Security Assessment'!A5:A54) | C7: =COUNTIF('Security Assessment'!F5:F54,"Compliant") | D7: =COUNTIF('Security Assessment'!F5:F54,"Partial") | E7: =COUNTIF('Security Assessment'!F5:F54,"Non-Compliant") | F7: =COUNTIF('Security Assessment'!F5:F54,"N/A") | G7: =IF((B7-F7)=0,0,C7/(B7-F7))
A8: Storage Assessment | B8: =COUNTA('Storage Assessment'!A5:A54) | C8: =COUNTIF('Storage Assessment'!G5:G54,"Compliant") | D8: =COUNTIF('Storage Assessment'!G5:G54,"Partial") | E8: =COUNTIF('Storage Assessment'!G5:G54,"Non-Compliant") | F8: =COUNTIF('Storage Assessment'!G5:G54,"N/A") | G8: =IF((B8-F8)=0,0,C8/(B8-F8))
A9: Integration Assessment | B9: =COUNTA('Integration Assessment'!A5:A54) | C9: =COUNTIF('Integration Assessment'!H5:H54,"Compliant") | D9: =COUNTIF('Integration Assessment'!H5:H54,"Partial") | E9: =COUNTIF('Integration Assessment'!H5:H54,"Non-Compliant") | F9: =COUNTIF('Integration Assessment'!H5:H54,"N/A") | G9: =IF((B9-F9)=0,0,C9/(B9-F9))
A10: Gap Analysis | B10: =COUNTA('Gap Analysis'!A5:A54) | C10: =COUNTIF('Gap Analysis'!H5:H54,"Remediated")+COUNTIF('Gap Analysis'!H5:H54,"Verified") | D10: =COUNTIF('Gap Analysis'!H5:H54,"In Progress") | E10: =COUNTIF('Gap Analysis'!H5:H54,"Open") | F10: =COUNTIF('Gap Analysis'!H5:H54,"Risk Accepted") | G10: =IF((B10-F10)=0,0,C10/(B10-F10))
A11: TOTAL | B11: =SUM(B6:B10) | C11: =SUM(C6:C10) | D11: =SUM(D6:D10) | E11: =SUM(E6:E10) | F11: =SUM(F6:F10) | G11: =IF((B11-F11)=0,0,C11/(B11-F11))
A13: TABLE 2: KEY PERFORMANCE INDICATORS
A14: Metric | B14: Value
A15: Total Auth Systems Inventoried | B15: =COUNTA('System Inventory'!A5:A54)
A16: Critical/High Criticality Systems | B16: =COUNTIF('System Inventory'!J5:J54,"Critical")+COUNTIF('System Inventory'!J5:J54,"High")
A17: Systems with MFA Enabled | B17: =COUNTIF('System Inventory'!H5:H54,"Yes")
A18: Systems Without MFA | B18: =COUNTIF('System Inventory'!H5:H54,"No")
A19: Systems with SSO Integrated | B19: =COUNTIF('System Inventory'!G5:G54,"Yes")
A20: Security Assessment: Compliant Controls | B20: =COUNTIF('Security Assessment'!F5:F54,"Compliant")
A21: Security Assessment: Non-Compliant Controls | B21: =COUNTIF('Security Assessment'!F5:F54,"Non-Compliant")
A22: Security Assessment: Critical Priority Gaps | B22: =COUNTIF('Security Assessment'!H5:H54,"Critical")
A23: Password Storage: Compliant Systems | B23: =COUNTIF('Storage Assessment'!G5:G54,"Compliant")
A24: Password Storage: Non-Compliant Systems | B24: =COUNTIF('Storage Assessment'!G5:G54,"Non-Compliant")
A25: Weak/Non-Compliant Hashing Detected | B25: =COUNTIF('Storage Assessment'!C5:C54,"MD5 (non-compliant)")+COUNTIF('Storage Assessment'!C5:C54,"Plaintext (critical)")
A26: Integration Assessment: Compliant | B26: =COUNTIF('Integration Assessment'!H5:H54,"Compliant")
A27: Integration Assessment: Non-Compliant | B27: =COUNTIF('Integration Assessment'!H5:H54,"Non-Compliant")
A28: Total Gaps Identified | B28: =COUNTA('Gap Analysis'!A5:A54)
A29: Open / Unresolved Gaps | B29: =COUNTIF('Gap Analysis'!H5:H54,"Open")
A30: Critical Severity Gaps | B30: =COUNTIF('Gap Analysis'!D5:D54,"Critical")
A31: Gaps Remediated or Verified | B31: =COUNTIF('Gap Analysis'!H5:H54,"Remediated")+COUNTIF('Gap Analysis'!H5:H54,"Verified")
A35: TABLE 3: CRITICAL FINDINGS REQUIRING IMMEDIATE ATTENTION
A36: Category | B36: Finding | C36: Count | D36: Severity | E36: Action Required
A37: System Inventory | B37: Auth systems without MFA enabled | C37: =COUNTIF('System Inventory'!H5:H54,"No") | D37: Critical | E37: Immediate
A38: System Inventory | B38: Critical criticality systems identified | C38: =COUNTIF('System Inventory'!J5:J54,"Critical") | D38: Critical | E38: Immediate
A39: Security Assessment | B39: Non-compliant security controls | C39: =COUNTIF('Security Assessment'!F5:F54,"Non-Compliant") | D39: Critical | E39: Immediate
A40: Security Assessment | B40: Critical priority security gaps | C40: =COUNTIF('Security Assessment'!H5:H54,"Critical") | D40: Critical | E40: Immediate
A41: Storage Assessment | B41: Non-compliant password storage systems | C41: =COUNTIF('Storage Assessment'!G5:G54,"Non-Compliant") | D41: Critical | E41: Immediate
A42: Storage Assessment | B42: Weak or non-compliant hashing algorithms detected | C42: =COUNTIF('Storage Assessment'!C5:C54,"MD5 (non-compliant)")+COUNTIF('Storage Assessment'!C5:C54,"Plaintext (critical)") | D42: Critical | E42: Immediate
A43: Integration Assessment | B43: Non-compliant SSO/federation integrations | C43: =COUNTIF('Integration Assessment'!H5:H54,"Non-Compliant") | D43: High | E43: Urgent
A44: Gap Analysis | B44: Open unresolved gaps | C44: =COUNTIF('Gap Analysis'!H5:H54,"Open") | D44: High | E44: Urgent
A45: Gap Analysis | B45: Critical severity unresolved gaps | C45: =COUNTIF('Gap Analysis'!D5:D54,"Critical") | D45: Critical | E45: Immediate

Sheet Approval Sign-Off
A1: PASSWORD SYSTEM ASSESSMENT APPROVAL AND SIGN-OFF
A2: ISO/IEC 27001:2022 - Control A.5.17: Authentication Information
A3: ASSESSMENT SUMMARY
A4: Document: | B4: ISMS-IMP-A.5.17.3 - Password System Assessment
A5: Control Reference: | B5: A.5.17
A6: Overall Compliance Rating: | B6: =IFERROR(AVERAGE('Summary Dashboard'!G6:G10),"")
A7: Assessment Status:
A8: Assessed By:
A10: COMPLETED BY (ASSESSOR)
A11: Name:
A12: Title:
A13: Date:
A14: Signature:
A15: Comments:
A17: REVIEWED BY (INFORMATION SECURITY OFFICER)
A18: Name:
A19: Title:
A20: Date:
... A37: Special Considerations:
