Workbook

Sheet Instructions_Legend
A1: ISMS-IMP-A.8.12.4 - Monitoring & Response Assessment
A2: Instructions & Legend
A4: Workbook ID: | B4: ISMS-IMP-A.8.12.4
A5: Assessment Area: | B5: Monitoring & Response Assessment
A6: Related Policies: | B6: ISMS-POL-A.8.12-S2.3, ISMS-POL-A.8.12-S2.4
A7: Version: | B7: 1.0
A8: ISO Control: | B8: A.8.12
A10: ORGANIZATION METADATA (Complete the yellow fields)
A11: Assessment Date:
A12: Completed By (Name):
A13: Completed By (Role):
A14: Organization Name:
A15: Review Cycle: | B15: Quarterly
A17: HOW TO USE THIS WORKBOOK
A18: 1. Complete Logging_Configuration first (foundational)
A19: 2. Document all Alert_Rules_Inventory (what alerts exist)
A20: 3. Track Alert_Volume_Metrics (daily/weekly/monthly statistics)
A21: 4. Verify SIEM_Integration (log forwarding, correlation rules)
A22: 5. Measure False_Positive_Management (FP rate, tuning process)
A23: 6. Document Incident_Response_Workflow (triage, SLA compliance)
A24: 7. Assess SOC_Integration (alert workflow, escalation)
A25: 8. Verify Dashboards_Reporting (executive, operational dashboards)
A26: 9. Identify gaps and create remediation plans in Gap_Analysis
A27: 10. Collect evidence and document in Evidence_Register
A28: 11. Review Summary_Dashboard for overall compliance score
... A33: LEGEND - RESPONSE VALUES
A34: ✅ Yes | B34: Fully implemented, documented, measured with evidence
A35: ❌ No | B35: Not implemented or significant gaps exist
A36: ⚠️ Partial | B36: Partially implemented, some gaps remain
A37: ὌB Planned | B37: Scheduled for implementation (provide target date)
A38: ⚪ N/A | B38: Not applicable (provide justification)
A39: ❗ FORBIDDEN | B39: "Maybe" is NOT allowed (Feynman principle: either you know or you don't)
A41: ALERT SEVERITY CLASSIFICATION (from ISMS-POL-A.8.12-S2.3)
A42: Severity | B42: Definition | C42: Response SLA
A43: Critical | B43: Active data exfiltration, credentials detected
A44: High | B44: PII/IP transferred externally without encryption
A45: Medium | B45: Confidential data transfer requiring review
A46: Low | B46: Policy violation, tuning needed
A47: Informational | B47: Monitoring-only events

Sheet Logging_Configuration
A1: DLP Logging Configuration Assessment
A2: Assess DLP logging requirements per channel (25 criteria)
A3: # | B3: Requirement | C3: Compliance | D3: Evidence ID | E3: Notes
A4: 1 | B4: Are all DLP channels configured to log events? | C4: Yes | D4: A812-4-LOG-001 | E4: All channels logging to Splunk
A5: 2 | B5: Email DLP: Logs sent/received/blocked emails with metadata? | C5: Partial | D5: A812-4-LOG-002 | E5: Missing encrypted email logs
A6: 3 | B6: Web DLP: Logs uploads/downloads/blocked web traffic? | C6: Yes | D6: A812-4-LOG-003 | E6: Web proxy logs complete
A7: 1 | B7: Are all DLP channels configured to log events?
A8: 2 | B8: Email DLP: Logs sent/received/blocked emails with metadata?
A9: 3 | B9: Web DLP: Logs uploads/downloads/blocked web traffic?
A10: 4 | B10: Endpoint DLP: Logs USB/print/screen capture/clipboard events?
A11: 5 | B11: Network DLP: Logs file transfers (FTP/SMB/SCP)?
A12: 6 | B12: Application DLP: Logs database exports/API calls?
A13: 7 | B13: Mobile DLP: Logs mobile app usage and data transfers?
A14: 8 | B14: Do logs include user identity (username, email, employee ID)?
A15: 9 | B15: Do logs include timestamp (ISO 8601 format)?
A16: 10 | B16: Do logs include source (IP, hostname, device ID)?
A17: 11 | B17: Do logs include destination (recipient, URL, file path)?
A18: 12 | B18: Do logs include data classification level (if available)?
... A31: 25 | B31: Are logs correlated with other security events (IAM, EDR, Network)?

Sheet Alert_Rules_Inventory
A1: DLP Alert Rules Inventory
A2: Complete inventory of all configured DLP alert rules (30 rows)
A3: Alert Rule ID | B3: Rule Name | C3: Channel | D3: Severity | E3: Detection Method | F3: Policy Action | G3: Alert Destination | H3: Response SLA | I3: Last Tuned Date | J3: FP Rate % | K3: Alert Volume (30d) | L3: Rule Status | M3: Evidence ID
A4: ALT-001 | B4: Credentials Detected - Email | C4: Email | D4: Critical | E4: Pattern | F4: Block | G4: SIEM | H4: 15min | I4: 2025-01-01 | J4: 2.1 | K4: 45 | L4: Active | M4: A812-4-ALT-001
A5: ALT-002 | B5: PII to External Domain | C5: Email | D5: High | E5: Fingerprint | F5: Alert | G5: SIEM | H5: 1hr | I5: 2024-12-15 | J5: 8.5 | K5: 230 | L5: Active | M5: A812-4-ALT-002
A6: ALT-003 | B6: Source Code to GitHub | C6: Web | D6: High | E6: Keyword | F6: Block | G6: SIEM | H6: 1hr | I6: 2025-01-03 | J6: 1.2 | K6: 12 | L6: Active | M6: A812-4-ALT-003
A7: ALT-004 | B7: Mass USB Copy (>1GB) | C7: Endpoint | D7: Critical | E7: Contextual | F7: Block | G7: SIEM | H7: 15min | I7: 2024-11-20 | J7: 0.5 | K7: 3 | L7: Active | M7: A812-4-ALT-004
A8: ALT-005 | B8: Bulk Database Export | C8: Application | D8: High | E8: ML | F8: Alert | G8: SIEM | H8: 1hr | I8: 2024-12-28 | J8: 4.3 | K8: 67 | L8: Active | M8: A812-4-ALT-005

Sheet Alert_Volume_Metrics
A1: DLP Alert Volume Metrics
A2: Track alert volume by severity and channel (Last 30 Days)
A4: ALERT VOLUME BY SEVERITY (Last 30 Days)
A5: Severity | B5: Total Alerts | C5: Avg per Day | D5: Blocked | E5: Alerted | F5: False Positives | G5: FP Rate %
A6: Critical | G6: =IF(B6>0,F6/B6*100,0)
A7: High | G7: =IF(B7>0,F7/B7*100,0)
A8: Medium | G8: =IF(B8>0,F8/B8*100,0)
A9: Low | G9: =IF(B9>0,F9/B9*100,0)
A10: Informational | G10: =IF(B10>0,F10/B10*100,0)
A11: TOTAL | B11: =SUM(B6:B10) | C11: =B11/30 | D11: =SUM(D6:D10) | E11: =SUM(E6:E10) | F11: =SUM(F6:F10) | G11: =IF(B11>0,F11/B11*100,0)
A13: ALERT VOLUME BY CHANNEL (Last 30 Days)
A14: Channel | B14: Total Alerts | C14: Blocked | D14: Alerted | E14: FP Rate % | F14: Top Rule Name
A15: Email
A16: Web
A17: Endpoint
A18: Network
A19: Application
A20: Mobile
A22: ALERT TREND ANALYSIS (Weekly)
A23: Week | B23: Critical | C23: High | D23: Medium | E23: Low | F23: Total | G23: FP Rate % | H23: Notes
A24: Week 1 (Dec 2-8) | F24: =SUM(B24:E24)
A25: Week 2 (Dec 9-15) | F25: =SUM(B25:E25)
A26: Week 3 (Dec 16-22) | F26: =SUM(B26:E26)
A27: Week 4 (Dec 23-29) | F27: =SUM(B27:E27)

Sheet SIEM_Integration
A1: SIEM Integration Assessment
A2: Assess SIEM integration, log forwarding, and correlation rules (25 criteria)
A3: # | B3: Requirement | C3: Compliance | D3: Evidence ID | E3: Notes
A4: 1 | B4: Are DLP logs forwarded to organizational SIEM? | C4: Yes | D4: A812-4-SIEM-001 | E4: Forwarding to Splunk via TLS
A5: 2 | B5: Are SIEM correlation rules configured for DLP events? | C5: Partial | D5: A812-4-SIEM-002 | E5: Only 3 of 6 use cases deployed
A6: 3 | B6: Are SIEM dashboards configured for DLP (real-time alert queue)? | C6: Yes | D6: A812-4-SIEM-003 | E6: SOC dashboard configured
A7: 1 | B7: Are DLP logs forwarded to organizational SIEM?
A8: 2 | B8: Is log forwarding encrypted (TLS/SSL)?
A9: 3 | B9: Is log forwarding reliable (no dropped logs >1%)?
A10: 4 | B10: Are DLP logs parsed correctly in SIEM (no parsing errors)?
A11: 5 | B11: Are DLP logs normalized (common schema: CEF, Syslog, JSON)?
A12: 6 | B12: Are DLP events indexed for search and analysis?
A13: 7 | B13: Is log retention in SIEM ≥12 months?
A14: 8 | B14: Are SIEM correlation rules configured for DLP events?
A15: 9 | B15: Correlation: DLP + Malware detection = compromised endpoint?
A16: 10 | B16: Correlation: DLP + Failed logins = credential theft?
A17: 11 | B17: Correlation: DLP + VPN from foreign country = account compromise?
A18: 12 | B18: Correlation: DLP + HR termination record = insider threat?
... A31: 25 | B31: Are SIEM correlation rules tuned quarterly?

Sheet False_Positive_Management
A1: False Positive Management Assessment
A2: Assess false positive tracking, tuning, and management (20 criteria + FP rate table)
A3: # | B3: Requirement | C3: Compliance | D3: Evidence ID | E3: Notes
A4: 1 | B4: Is false positive rate measured per alert rule? | C4: Yes | D4: A812-4-FP-001 | E4: FP rate tracked per rule in dashboard
A5: 2 | B5: Is overall FP rate <10% (target from policy)? | C5: Partial | D5: A812-4-FP-002 | E5: Overall 8.7%, close to 10% target
A6: 3 | B6: Are DLP rules tuned based on FP analysis? | C6: Yes | D6: A812-4-FP-003 | E6: Monthly tuning sessions scheduled
A7: 1 | B7: Is false positive rate measured per alert rule?
A8: 2 | B8: Is overall FP rate <10% (target from policy)?
A9: 3 | B9: Are false positives tracked in ticketing system?
A10: 4 | B10: Is FP rate trended over time (monthly)?
A11: 5 | B11: Are users able to report false positives (self-service portal)?
A12: 6 | B12: Are false positive reports triaged within 24 hours?
A13: 7 | B13: Are false positives investigated (root cause analysis)?
A14: 8 | B14: Are DLP rules tuned based on FP analysis?
A15: 9 | B15: Are legitimate business flows whitelisted (permanent exceptions)?
A16: 10 | B16: Are whitelists documented (justification, approver, review date)?
A17: 11 | B17: Are whitelists reviewed annually (remove stale exceptions)?
A18: 12 | B18: Are high-FP rules disabled or re-tuned?
... A26: 20 | B26: Are FP reduction targets set and tracked?
A28: FALSE POSITIVE RATE BY ALERT RULE (Top 10 Rules)
A29: Alert Rule ID | B29: Rule Name | C29: Total Alerts (30d) | D29: False Positives | E29: FP Rate % | F29: Target FP % | G29: Status
A30: ALT-001 | B30: Credentials - Email | C30: 45 | D30: 1 | E30: =D30/C30 | F30: 5% | G30: ✅ On Target
A31: ALT-002 | B31: PII to External | C31: 230 | D31: 20 | E31: =D31/C31 | F31: 10% | G31: ✅ On Target
A32: ALT-003 | B32: Source Code GitHub | C32: 12 | D32: 0 | E32: =D32/C32 | F32: 5% | G32: ✅ On Target
E33: =IF(C33>0,D33/C33*100,0)
E34: =IF(C34>0,D34/C34*100,0)
E35: =IF(C35>0,D35/C35*100,0)
E36: =IF(C36>0,D36/C36*100,0)
E37: =IF(C37>0,D37/C37*100,0)
E38: =IF(C38>0,D38/C38*100,0)
E39: =IF(C39>0,D39/C39*100,0)

Sheet Incident_Response_Workflow
A1: Incident Response Workflow Assessment
A2: Assess incident response procedures and SLA compliance (25 criteria + SLA tracking)
A3: # | B3: Requirement | C3: Compliance | D3: Evidence ID | E3: Notes
A4: 1 | B4: Are DLP alerts integrated with incident response workflow? | C4: Yes | D4: A812-4-IR-001 | E4: ServiceNow integration complete
A5: 2 | B5: Critical alerts: Are alerts triaged within 15 minutes? | C5: Partial | D5: A812-4-IR-002 | E5: SLA 87.5%, need improvement
A6: 3 | B6: Is Mean Time to Detect (MTTD) measured? | C6: Yes | D6: A812-4-IR-003 | E6: MTTD tracked: avg 8 minutes
A7: 1 | B7: Are DLP alerts integrated with incident response workflow?
A8: 2 | B8: Is incident response procedure documented (playbook)?
A9: 3 | B9: Critical alerts: Are alerts triaged within 15 minutes?
A10: 4 | B10: High alerts: Are alerts triaged within 1 hour?
A11: 5 | B11: Medium alerts: Are alerts triaged within 4 hours?
A12: 6 | B12: Low alerts: Are alerts triaged within 24 hours?
A13: 7 | B13: Is alert triage documented (who, when, decision)?
A14: 8 | B14: Are false positives closed with justification?
A15: 9 | B15: Are true positives escalated to incident response team?
A16: 10 | B16: Are users contacted for business justification (High alerts)?
A17: 11 | B17: Are user managers contacted for approval (policy exceptions)?
A18: 12 | B18: Are incidents assigned severity based on data classification?
... A31: 25 | B31: Are lessons learned documented (post-incident review)?
A33: SLA COMPLIANCE TRACKING (Last 30 Days)
A34: Severity | B34: SLA Target | C34: Incidents (30d) | D34: Within SLA | E34: SLA Compliance %
A35: Critical | B35: 15 minutes | C35: 8 | D35: 7 | E35: =D35/C35*100
A36: High | B36: 1 hour | C36: 35 | D36: 32 | E36: =D36/C36*100
A37: Medium | B37: 4 hours | C37: 120 | D37: 115 | E37: =D37/C37*100
A38: Low | B38: 24 hours | C38: 450 | D38: 448 | E38: =D38/C38*100

Sheet SOC_Integration
A1: SOC Integration Assessment
A2: Assess SOC alert workflow, escalation, and staffing (20 criteria)
A3: # | B3: Requirement | C3: Compliance | D3: Evidence ID | E3: Notes
A4: 1 | B4: Are DLP alerts integrated with SOC workflow? | C4: Yes | D4: A812-4-SOC-001 | E4: ServiceNow integration complete
A5: 2 | B5: Are SOC analysts trained on DLP alert triage? | C5: Partial | D5: A812-4-SOC-002 | E5: Training scheduled for Q1
A6: 3 | B6: Is SOC coverage 24/7 (for Critical DLP alerts)? | C6: Yes | D6: A812-4-SOC-003 | E6: 24/7 coverage with on-call
A7: 1 | B7: Are DLP alerts integrated with SOC workflow?
A8: 2 | B8: Are Critical alerts delivered to SOC (SIEM + SMS/PagerDuty)?
A9: 3 | B9: Are High alerts delivered to SOC (SIEM + Email)?
A10: 4 | B10: Are SOC analysts trained on DLP alert triage?
A11: 5 | B11: Is DLP training part of SOC analyst onboarding?
A12: 6 | B12: Is DLP triage playbook documented (step-by-step)?
A13: 7 | B13: Is escalation matrix documented (L1 → L2 → IR → Management)?
A14: 8 | B14: Are SOC analysts able to escalate to DLP admin?
A15: 9 | B15: Are SOC analysts able to escalate to user manager?
A16: 10 | B16: Are SOC analysts able to escalate to Legal/DPO?
A17: 11 | B17: Is SOC coverage 24/7 (for Critical DLP alerts)?
A18: 12 | B18: Is SOC coverage business hours only (9-5) for Medium/Low alerts?
... A26: 20 | B26: Are SOC improvements implemented (based on performance review)?

Sheet Dashboards_Reporting
A1: Dashboards & Reporting Assessment
A2: Assess dashboard and reporting capabilities (20 criteria)
A3: # | B3: Requirement | C3: Compliance | D3: Evidence ID | E3: Notes
A4: 1 | B4: Is real-time SOC dashboard configured (alert queue)? | C4: Yes | D4: A812-4-DASH-001 | E4: Splunk SOC dashboard live
A5: 2 | B5: Is executive dashboard configured (updated daily)? | C5: Partial | D5: A812-4-DASH-002 | E5: Executive dashboard in development
A6: 3 | B6: Are weekly reports generated (Security Team)? | C6: Yes | D6: A812-4-DASH-003 | E6: Weekly reports automated
A7: 1 | B7: Is real-time SOC dashboard configured (alert queue)?
A8: 2 | B8: SOC Dashboard: Shows Critical/High/Medium alerts pending triage?
A9: 3 | B9: SOC Dashboard: Shows alert volume over time (hourly)?
A10: 4 | B10: SOC Dashboard: Shows top blocked users (last 24 hours)?
A11: 5 | B11: SOC Dashboard: Shows top blocked channels (email, USB, web)?
A12: 6 | B12: SOC Dashboard: Shows false positive rate (rolling 7-day average)?
A13: 7 | B13: Is executive dashboard configured (updated daily)?
A14: 8 | B14: Executive Dashboard: Shows Critical incidents (last 30 days)?
A15: 9 | B15: Executive Dashboard: Shows DLP effectiveness (prevented incidents)?
A16: 10 | B16: Executive Dashboard: Shows compliance metrics (coverage %, enforcement rate)?
A17: 11 | B17: Executive Dashboard: Shows risk heatmap (users, departments, channels)?
A18: 12 | B18: Are weekly reports generated (Security Team)?
... A26: 20 | B26: Quarterly Report: Strategic risk assessment, ROI analysis?

Sheet Gap_Analysis
A1: Gap Analysis - Monitoring & Response Deficiencies
A2: Identify and track monitoring/response gaps and remediation plans (40 rows)
A3: Gap ID | B3: Gap Description | C3: Affected Area | D3: Risk Level | E3: Business Impact | F3: Remediation Plan | G3: Owner | H3: Target Date | I3: Status | J3: Evidence ID
A4: GAP-A812-4-001 | B4: Critical alerts not reaching SOC SMS (delivery failures) | C4: Alerting | D4: High | E4: Delayed response to data exfiltration | F4: Configure PagerDuty integration | G4: SOC Lead | H4: 2025-02-15 | I4: In Progress | J4: A812-4-GAP-001
A5: GAP-A812-4-002 | B5: SIEM correlation rules missing for insider threat use case | C5: SIEM | D5: Medium | E5: Cannot detect departing employee data theft | F5: Deploy insider threat correlation rule | G5: SIEM Admin | H5: 2025-03-01 | I5: Not Started | J5: A812-4-GAP-002
A6: GAP-A812-4-003 | B6: False positive rate 12.5% for email DLP (above 10% target) | C6: FP Management | D6: Medium | E6: Alert fatigue, SOC overwhelmed | F6: Tune email DLP rules, whitelist legitimate flows | G6: DLP Admin | H6: 2025-02-28 | I6: In Progress | J6: A812-4-GAP-003
A7: GAP-A812-4-004
A8: GAP-A812-4-005
A9: GAP-A812-4-006
A10: GAP-A812-4-007
A11: GAP-A812-4-008
A12: GAP-A812-4-009
A13: GAP-A812-4-010
A14: GAP-A812-4-011
A15: GAP-A812-4-012
A16: GAP-A812-4-013
A17: GAP-A812-4-014
A18: GAP-A812-4-015
... A43: GAP-A812-4-040

Sheet Evidence_Register
A1: Evidence Register - Domain 4 (Monitoring & Response)
A2: Track all evidence collected for monitoring and response assessment (100 rows)
A3: Evidence ID | B3: Evidence Type | C3: Description | D3: Location/Link | E3: Date Collected | F3: Collected By | G3: Related Requirement | H3: Verification Status
A4: A812-4-LOG-001 | B4: Screenshot | C4: SIEM showing DLP log ingestion | D4: /evidence/siem_dlp_logs.png | E4: 2025-01-06 | F4: SIEM Admin | G4: Logging_Configuration #1 | H4: Verified
A5: A812-4-ALT-001 | B5: Config | C5: Alert rule configuration export | D5: /evidence/alert_rules.json | E5: 2025-01-06 | F5: DLP Admin | G5: Alert_Rules_Inventory | H5: Verified
A6: A812-4-SIEM-001 | B6: Screenshot | C6: SIEM correlation rule for insider threat | D6: /evidence/correlation_rule.png | E6: 2025-01-06 | F6: SOC Lead | G6: SIEM_Integration #12 | H6: Verified
A7: A812-4-FP-001 | B7: Dashboard | C7: False positive rate dashboard | D7: /evidence/fp_dashboard.png | E7: 2025-01-06 | F7: DLP Admin | G7: False_Positive_Management #1 | H7: Verified
A8: A812-4-IR-001 | B8: Report | C8: Incident response SLA compliance report | D8: /evidence/sla_report.pdf | E8: 2025-01-06 | F8: SOC Lead | G8: Incident_Response_Workflow #23 | H8: Verified

Sheet Summary_Dashboard
A1: Domain 4 - Monitoring & Response Summary Dashboard
A3: Assessment Date:
A4: Completed By:
A5: Approved By:
A6: Next Review: | B6: =B3+90
A8: OVERALL DOMAIN 4 COMPLIANCE SCORE
A9: Metric | B9: Value | C9: Target | D9: Status
A10: Logging Configuration Complete % | B10: =COUNTIF(Logging_Configuration!C:C,"Yes")/25*100 | C10: 90% | D10: =IF(B10>=90.0,"✅ On Target",IF(B10>=80.0,"⚠️ Close","❌ Action Needed"))
A11: Alert Rules Documented % | B11: =COUNTA(Alert_Rules_Inventory!A4:A33)/30*100 | C11: 80% | D11: =IF(B11>=80.0,"✅ On Target",IF(B11>=70.0,"⚠️ Close","❌ Action Needed"))
A12: SIEM Integration Complete % | B12: =COUNTIF(SIEM_Integration!C:C,"Yes")/25*100 | C12: 90% | D12: =IF(B12>=90.0,"✅ On Target",IF(B12>=80.0,"⚠️ Close","❌ Action Needed"))
A13: False Positive Rate % | B13: =AVERAGE(Alert_Rules_Inventory!J4:J33) | C13: <10% | D13: =IF(B13<=10,"✅ On Target",IF(B13<=15,"⚠️ Close","❌ Action Needed"))
A14: Incident Response SLA Compliance % | B14: =AVERAGE(Incident_Response_Workflow!E35:E38) | C14: >90% | D14: =IF(B14>=90,"✅ On Target",IF(B14>=80,"⚠️ Close","❌ Action Needed"))
A15: SOC Integration Complete % | B15: =COUNTIF(SOC_Integration!C:C,"Yes")/20*100 | C15: 85% | D15: =IF(B15>=85.0,"✅ On Target",IF(B15>=75.0,"⚠️ Close","❌ Action Needed"))
A16: Dashboards Deployed % | B16: =COUNTIF(Dashboards_Reporting!C:C,"Yes")/20*100 | C16: 80% | D16: =IF(B16>=80.0,"✅ On Target",IF(B16>=70.0,"⚠️ Close","❌ Action Needed"))
A17: OVERALL DOMAIN 4 COMPLIANCE | B17: =AVERAGE(B10:B16) | C17: >85% | D17: =IF(B17>=85,"✅ Pass",IF(B17>=70,"⚠️ Conditional","❌ Fail"))
A19: KEY FINDINGS
A20: Total Alerts per Day (Avg): | B20: =Alert_Volume_Metrics!C7
A21: False Positive Rate (Avg): | B21: =AVERAGE(Alert_Rules_Inventory!J4:J33)
A22: MTTD (Mean Time to Detect):
A23: MTTR (Mean Time to Respond):
A24: Critical Gaps Count: | B24: =COUNTIF(Gap_Analysis!D:D,"Critical")
A25: Evidence Completeness %: | B25: =COUNTA(Evidence_Register!A4:A103)/100*100
A27: APPROVAL WORKFLOW
A28: Role | B28: Name | C28: Signature | D28: Date
A29: DLP Administrator
A30: SOC Lead
A31: CISO
A32: DPO
