Workbook

Sheet Instructions_Legend
A1: ISMS Control ISMS-IMP-A.8.12.1 - DLP Infrastructure
A2: ISO/IEC 27001:2022 Control A.8.12 - Data Leakage Prevention
A4: Document ID: | B4: ISMS-IMP-A.8.12.1
A5: Assessment Area: | B5: DLP Infrastructure
A6: Related Policy: | B6: ISMS-POL-A.8.12-S2.2
A7: Version: | B7: 1.0
A8: Assessment Date: | B8: [USER INPUT]
A9: Completed By: | B9: [USER INPUT]
A10: Organization: | B10: [USER INPUT]
A11: Review Cycle: | B11: Quarterly
A14: HOW TO USE THIS WORKBOOK
A15: 1. Complete each worksheet tab in sequence (Technology Inventory → Network → Endpoint → ... → Summary)
A16: 2. Fill ALL yellow-highlighted cells with your organization's information
A17: 3. Use dropdown menus where provided (do not type free-form text in dropdown cells)
A18: 4. Document all DLP technologies across network, endpoint, cloud, email, web, and database layers
A19: 5. Provide evidence IDs for all assessments (format: A812-1-[CATEGORY]-[###])
A20: 6. Review Summary Dashboard for overall infrastructure compliance score
A21: 7. Identify gaps in Gap_Analysis sheet and create remediation plans
A22: 8. Upload evidence files to designated Evidence folder
A23: 9. Obtain CISO/DPO approval in Summary Dashboard before finalizing
A24: 10. Update this workbook quarterly or upon major infrastructure changes
A27: LEGEND - RESPONSE VALUES
A28: Yes | B28: Fully implemented and documented
A29: No | B29: Not implemented
A30: Partial | B30: Partially implemented (explain in notes)
A31: Planned | B31: Scheduled for implementation (provide target date)
A32: N/A | B32: Not applicable (provide justification)
A35: EVIDENCE NAMING CONVENTION
A36: Format: A812-1-[CATEGORY]-[###]
A37: Examples:
A38: • A812-1-INF-001 = Infrastructure - Technology inventory
A39: • A812-1-NET-001 = Network DLP - Configuration screenshot
A40: • A812-1-EPT-001 = Endpoint DLP - Deployment report
A41: • A812-1-EML-001 = Email DLP - Policy config
A42: • A812-1-CLD-001 = Cloud/CASB - CASB dashboard

Sheet DLP_Technology_Inventory
A1: DLP TECHNOLOGY INVENTORY - All DLP Solutions
A2: Document ALL DLP technologies deployed (network, endpoint, cloud, email, web, database)
A3: Technology ID | B3: Technology Name | C3: Deployment Type | D3: Vendor | E3: Version | F3: Deployment Architecture | G3: Deployment Status | H3: License Type | I3: License Expiry | J3: Support Contract | K3: EOL Date | L3: Primary Use Case | M3: Integration Status | N3: SIEM Integration | O3: SOC Integration | P3: Evidence ID
A4: DLP-001 | B4: Forcepoint DLP | C4: Network | D4: Forcepoint | E4: 8.9 | F4: Inline | G4: Production | H4: Subscription | I4: 2025-12-31 | J4: Active | K4: 2027-06-30 | L4: Network traffic inspection | M4: Integrated | N4: Yes | O4: Yes | P4: A812-1-INF-001
A5: DLP-002 | B5: Forcepoint Endpoint | C5: Endpoint | D5: Forcepoint | E5: 8.9 | F5: Agent-based | G5: Production | H5: Subscription | I5: 2025-12-31 | J5: Active | K5: 2027-06-30 | L5: USB, clipboard, print blocking | M5: Integrated | N5: Yes | O5: Yes | P5: A812-1-INF-002
A6: DLP-003 | B6: Microsoft Purview DLP | C6: Cloud | D6: Microsoft | E6: Current | F6: Cloud-based | G6: Production | H6: Subscription | I6: 2026-06-30 | J6: Active | K6: N/A | L6: M365 email, OneDrive, Teams | M6: Integrated | N6: Partial | O6: Partial | P6: A812-1-INF-003
A7: DLP-004 | B7: Symantec DLP | C7: Email | D7: Broadcom | E7: 15.8 | F7: Inline | G7: Production | H7: Perpetual | I7: N/A | J7: Active | K7: 2026-12-31 | L7: SMTP gateway inspection | M7: Integrated | N7: Yes | O7: Yes | P7: A812-1-INF-004
A8: DLP-005 | B8: Netskope CASB | C8: Cloud | D8: Netskope | E8: 102.1 | F8: Cloud-based | G8: Production | H8: Subscription | I8: 2025-09-30 | J8: Active | K8: N/A | L8: SaaS application DLP | M8: Integrated | N8: Yes | O8: Yes | P8: A812-1-INF-005

Sheet Network_DLP
A1: NETWORK DLP ASSESSMENT
A2: Assess network-based DLP appliances (inline, TAP, SPAN configurations)
A3: Appliance Name | B3: Deployment Mode | C3: Network Segments Covered | D3: Protocols Inspected | E3: SSL/TLS Inspection | F3: Throughput Capacity | G3: Current Utilization % | H3: Content Inspection | I3: Pattern Matching (Regex) | J3: Fingerprinting | K3: Machine Learning/AI | L3: Blocking Capability | M3: High Availability | N3: Evidence ID
A4: Forcepoint DLP Gateway | B4: Inline | C4: DMZ, Internal | D4: HTTP, HTTPS, SMTP, FTP | E4: Yes | F4: 10 Gbps | G4: 45 | H4: Yes | I4: Yes | J4: Yes | K4: Partial | L4: Yes | M4: Yes | N4: A812-1-NET-001
A5: Symantec DLP Network | B5: TAP | C5: Internet Gateway | D5: HTTP, HTTPS, FTP | E5: Yes | F5: 5 Gbps | G5: 60 | H5: Yes | I5: Yes | J5: Yes | K5: No | L5: No | M5: Yes | N5: A812-1-NET-002
A6: McAfee DLP Prevent | B6: Inline | C6: Branch Offices | D6: HTTP, HTTPS | E6: Partial | F6: 1 Gbps | G6: 30 | H6: Yes | I6: Yes | J6: No | K6: No | L6: Yes | M6: No | N6: A812-1-NET-003

Sheet Endpoint_DLP
A1: ENDPOINT DLP ASSESSMENT
A2: Assess endpoint DLP agent deployment across Windows, macOS, Linux, VDI
A3: Operating System | B3: OS Version | C3: Agent Name | D3: Agent Version | E3: Deployment Method | F3: Total Endpoints | G3: Agents Deployed | H3: Deployment Coverage % | I3: USB Blocking | J3: Clipboard Monitoring | K3: Print Blocking | L3: Screen Capture Detection | M3: Bluetooth Blocking | N3: Cloud Sync App Monitoring | O3: Evidence ID
A4: Windows | B4: 10/11 Enterprise | C4: Forcepoint Endpoint | D4: 8.9 | E4: GPO | F4: 2000 | G4: 1950 | H4: =G4/F4*100 | I4: Yes | J4: Yes | K4: Yes | L4: Yes | M4: Yes | N4: Yes | O4: A812-1-EPT-001
A5: macOS | B5: 13.x Ventura | C5: Forcepoint Endpoint | D5: 8.9 | E5: Jamf | F5: 300 | G5: 280 | H5: =G5/F5*100 | I5: Yes | J5: Yes | K5: Yes | L5: Partial | M5: Yes | N5: Yes | O5: A812-1-EPT-002
A6: Linux | B6: Ubuntu 22.04 | C6: Custom Script | D6: 1.0 | E6: Ansible | F6: 50 | G6: 45 | H6: =G6/F6*100 | I6: Partial | J6: No | K6: Partial | L6: No | M6: Partial | N6: No | O6: A812-1-EPT-003
A7: VDI (Citrix) | B7: Windows 10 | C7: Forcepoint Endpoint | D7: 8.9 | E7: Image | F7: 500 | G7: 500 | H7: =G7/F7*100 | I7: Yes | J7: Yes | K7: Yes | L7: Yes | M7: N/A | N7: Yes | O7: A812-1-EPT-004
H8: =IF(F8=0,0,G8/F8*100)
H9: =IF(F9=0,0,G9/F9*100)
H10: =IF(F10=0,0,G10/F10*100)
H11: =IF(F11=0,0,G11/F11*100)
H12: =IF(F12=0,0,G12/F12*100)
H13: =IF(F13=0,0,G13/F13*100)
H14: =IF(F14=0,0,G14/F14*100)
H15: =IF(F15=0,0,G15/F15*100)
H16: =IF(F16=0,0,G16/F16*100)
H17: =IF(F17=0,0,G17/F17*100)
H18: =IF(F18=0,0,G18/F18*100)
H19: =IF(F19=0,0,G19/F19*100)
... H28: =IF(F28=0,0,G28/F28*100)

Sheet Email_DLP
A1: EMAIL DLP ASSESSMENT
A2: Assess email gateway DLP solutions (Exchange, M365, Gmail)
A3: Email System | B3: DLP Solution | C3: Deployment Type | D3: SMTP Gateway Protection | E3: Webmail Protection | F3: Attachment Scanning | G3: Encrypted Email Handling | H3: Internal Email Monitoring | I3: External Email Monitoring | J3: Quarantine Capability | K3: Auto-Encryption | L3: Evidence ID
A4: Microsoft 365 | B4: Microsoft Purview DLP | C4: Cloud | D4: Yes | E4: Yes | F4: Yes | G4: Partial | H4: Yes | I4: Yes | J4: Yes | K4: Yes | L4: A812-1-EML-001
A5: On-Prem Exchange | B5: Symantec Email DLP | C5: On-Premise | D5: Yes | E5: No | F5: Yes | G5: Yes | H5: Partial | I5: Yes | J5: Yes | K5: Partial | L5: A812-1-EML-002
A6: Gmail Workspace | B6: Google DLP | C6: Cloud | D6: Yes | E6: Yes | F6: Yes | G6: Partial | H6: Yes | I6: Yes | J6: Yes | K6: Partial | L6: A812-1-EML-003

Sheet Cloud_CASB_DLP
A1: CLOUD / CASB DLP ASSESSMENT
A2: Assess Cloud Access Security Broker and cloud-native DLP
A3: Cloud Service | B3: CASB Solution | C3: Integration Type | D3: Upload Monitoring | E3: Download Monitoring | F3: Sharing Controls | G3: Content Inspection | H3: Real-Time Blocking | I3: Shadow IT Discovery | J3: Evidence ID
A4: Microsoft OneDrive | B4: Netskope | C4: API | D4: Yes | E4: Yes | F4: Yes | G4: Yes | H4: Yes | I4: Yes | J4: A812-1-CLD-001
A5: Dropbox | B5: Netskope | C5: API | D5: Yes | E5: Yes | F5: Yes | G5: Yes | H5: Yes | I5: Yes | J5: A812-1-CLD-002
A6: Box | B6: McAfee MVISION | C6: API | D6: Yes | E6: Partial | F6: Yes | G6: Yes | H6: Partial | I6: Partial | J6: A812-1-CLD-003
A7: Google Drive | B7: Native Google DLP | C7: API | D7: Yes | E7: Yes | F7: Yes | G7: Yes | H7: Yes | I7: N/A | J7: A812-1-CLD-004
A8: GitHub | B8: Netskope | C8: API | D8: Yes | E8: Yes | F8: No | G8: Yes | H8: Yes | I8: Yes | J8: A812-1-CLD-005

Sheet Web_DLP
A1: WEB PROXY DLP ASSESSMENT
A2: Assess web proxy DLP configurations (forward/reverse proxy, SSL inspection)
A3: Proxy Solution | B3: Proxy Type | C3: SSL Inspection | D3: HTTP/HTTPS Coverage | E3: Upload Monitoring | F3: Download Monitoring | G3: Cloud Storage Detection | H3: Webmail Monitoring | I3: URL Filtering Integration | J3: Evidence ID
A4: Zscaler | B4: Cloud | C4: Yes | D4: Yes | E4: Yes | F4: Yes | G4: Yes | H4: Yes | I4: Yes | J4: A812-1-WEB-001
A5: Forcepoint Web | B5: Forward | C5: Yes | D5: Yes | E5: Yes | F5: Partial | G5: Yes | H5: Yes | I5: Yes | J5: A812-1-WEB-002
A6: Squid Proxy | B6: Forward | C6: No | D6: Partial | E6: No | F6: No | G6: No | H6: No | I6: Partial | J6: A812-1-WEB-003

Sheet Database_DAM
A1: DATABASE ACTIVITY MONITORING (DAM)
A2: Assess Database Activity Monitoring for DLP use cases
A3: Database System | B3: DAM Solution | C3: Monitoring Scope | D3: SELECT Query Monitoring | E3: Bulk Export Detection | F3: Privileged User Monitoring | G3: DLP Policy Integration | H3: Alert Triggering | I3: Evidence ID
A4: Oracle 19c | B4: Imperva DAM | C4: Production | D4: Yes | E4: Yes | F4: Yes | G4: Yes | H4: Yes | I4: A812-1-DAM-001
A5: SQL Server 2019 | B5: IBM Guardium | C5: Production | D5: Yes | E5: Yes | F5: Yes | G5: Yes | H5: Yes | I5: A812-1-DAM-002
A6: MySQL 8.0 | B6: Native Audit Log | C6: All | D6: Partial | E6: No | F6: Partial | G6: No | H6: Partial | I6: A812-1-DAM-003

Sheet Gap_Analysis
A1: GAP ANALYSIS - IDENTIFIED DEFICIENCIES
A2: Document all infrastructure gaps and remediation plans
A3: Gap ID | B3: Gap Description | C3: Affected Technology | D3: Risk Level | E3: Business Impact | F3: Root Cause | G3: Remediation Plan | H3: Owner | I3: Target Date | J3: Status | K3: Evidence ID
A4: GAP-A812-1-001 | B4: Endpoint DLP not deployed to Linux servers | C4: Endpoint DLP | D4: High | E4: Unmonitored data exfiltration from Linux systems | F4: Budget constraints, vendor compatibility | G4: Deploy compatible endpoint agent or implement compensating controls | H4: [Owner] | I4: [Date] | J4: Open | K4: A812-1-GAP-001
A5: GAP-A812-1-002 | B5: No SSL inspection on web proxy | C5: Web DLP | D5: High | E5: Encrypted channel bypass for web uploads | F5: Privacy concerns, certificate management complexity | G5: Implement SSL inspection with privacy impact assessment | H5: [Owner] | I5: [Date] | J5: Open | K5: A812-1-GAP-002
A6: GAP-A812-1-003 | B6: CASB missing for Dropbox | C6: Cloud DLP | D6: Medium | E6: Shadow IT data leakage via Dropbox | F6: Unknown usage, not in approved SaaS list | G6: Deploy CASB coverage or block Dropbox entirely | H6: [Owner] | I6: [Date] | J6: Open | K6: A812-1-GAP-003

Sheet Evidence_Register
A1: EVIDENCE REGISTER - AUDIT TRAIL
A2: Track all evidence collected during infrastructure assessment
A3: Evidence ID | B3: Evidence Type | C3: Description | D3: Location/Link | E3: Date Collected | F3: Collected By | G3: Related Requirement | H3: Verification Status

Sheet Summary_Dashboard
A1: DLP Infrastructure - COMPLIANCE DASHBOARD
A3: Assessment Date: | B3: [USER INPUT] | D3: CISO Approval: | E3: [Dropdown]
A4: Completed By: | B4: [USER INPUT] | D4: Last Review: | E4: [Date]
A6: KEY PERFORMANCE INDICATORS
A7: KPI | B7: Current Value | C7: Target | D7: Status | E7: Trend | F7: Notes
A8: Total DLP Technologies Deployed | B8: =COUNTA(DLP_Technology_Inventory!B$4:B$35)-5 | C8: ≥5 | D8: =IF(B8>=C8,"✅ Pass","❌ Fail") | E8: →
A9: Production Technologies | B9: =COUNTIF(DLP_Technology_Inventory!G$4:G$35,"Production") | C9: ≥4 | D9: =IF(B9>=C9,"✅ Pass","❌ Fail") | E9: →
A10: Network DLP Coverage % | B10: =COUNTIF(Network_DLP!H$4:H$25,"Yes")/20*100 | C10: ≥80% | D10: =IF(B10>=80,"✅ Pass","❌ Fail") | E10: →
A11: Endpoint DLP Coverage % | B11: =AVERAGE(Endpoint_DLP!H$4:H$30) | C11: ≥95% | D11: =IF(B11>=95,"✅ Pass","❌ Fail") | E11: →
A12: Email DLP Coverage % | B12: =COUNTIF(Email_DLP!D$4:D$25,"Yes")/20*100 | C12: ≥90% | D12: =IF(B12>=90,"✅ Pass","❌ Fail") | E12: →
A13: Cloud/CASB DLP Coverage % | B13: =COUNTIF(Cloud_CASB_DLP!D$4:D$25,"Yes")/20*100 | C13: ≥70% | D13: =IF(B13>=70,"✅ Pass","❌ Fail") | E13: →
A14: Web DLP Coverage % | B14: =COUNTIF(Web_DLP!C$4:C$25,"Yes")/20*100 | C14: ≥75% | D14: =IF(B14>=75,"✅ Pass","❌ Fail") | E14: →
A15: Database DAM Coverage % | B15: =COUNTIF(Database_DAM!C$4:C$20,"Production")/15*100 | C15: ≥80% | D15: =IF(B15>=80,"✅ Pass","❌ Fail") | E15: →
A16: SIEM Integration Rate % | B16: =COUNTIF(DLP_Technology_Inventory!N$4:N$35,"Yes")/B8*100 | C16: ≥90% | D16: =IF(B16>=90,"✅ Pass","❌ Fail") | E16: →
A17: Total Gaps Identified | B17: =COUNTA(Gap_Analysis!A$4:A$45)-3 | C17: ≤10 | D17: =IF(B17<=10,"✅ Pass","❌ Fail") | E17: →
A18: Critical/High Gaps | B18: =COUNTIFS(Gap_Analysis!D$4:D$45,"Critical")+COUNTIFS(Gap_Analysis!D$4:D$45,"High") | C18: 0 | D18: =IF(B18=0,"✅ Pass","❌ Fail") | E18: →
A19: Overall Infrastructure Compliance % | B19: =AVERAGE(B10:B16) | C19: ≥85% | D19: =IF(B19>=85,"✅ Compliant",IF(B19>=70,"⚠️ Partial","❌ Non-Compliant")) | E19: →
A22: GAP SUMMARY BY RISK LEVEL
A23: Risk Level | B23: Count | C23: % of Total
A24: Critical | B24: =COUNTIF(Gap_Analysis!D$4:D$45,"Critical") | C24: =B24/B17*100
A25: High | B25: =COUNTIF(Gap_Analysis!D$4:D$45,"High") | C25: =B25/B17*100
A26: Medium | B26: =COUNTIF(Gap_Analysis!D$4:D$45,"Medium") | C26: =B26/B17*100
A27: Low | B27: =COUNTIF(Gap_Analysis!D$4:D$45,"Low") | C27: =B27/B17*100
A30: EVIDENCE COMPLETENESS
A31: Metric | B31: Value
A32: Evidence Items Collected | B32: =COUNTA(Evidence_Register!A$4:A$105)
A33: Evidence Items Verified | B33: =COUNTIF(Evidence_Register!H$4:H$105,"Verified")
A34: Evidence Completeness % | B34: =B33/B32*100
A37: APPROVAL SIGN-OFF
A38: Approver | B38: Name | C38: Signature | D38: Date | E38: Status
A39: DLP Administrator
A40: CISO
A41: DPO
