Workbook

Sheet Instructions & Legend
A1: Redundancy Analysis & SPOF Assessment - Instructions
A3: Document ID: | B3: ISMS-IMP-A.8.13.2
A4: Assessment: | B4: Redundancy Analysis & SPOF
A5: Version: | B5: 1.0
A6: Generated: | B6: 31.01.2026 03:18
A8: PURPOSE
A9: Assess redundancy coverage, identify Single Points of Failure (SPOFs), and measure RTO compliance. Use this assessment to: • Identify critical systems lacking adequate redundancy • Document and track SPOFs requiring mitigation • Measure RTO compliance (failover capability vs business requirements) • Track evidence for audit compliance • Obtain formal approval from stakeholders
A15: ASSESSMENT WORKFLOW
A16: 1. Populate Redundancy_Inventory (document redundancy status)
A17: 2. Complete SPOF_Register (identify and track SPOFs)
A18: 3. Assess RTO_Compliance (compare requirements vs capability)
A19: 4. Document evidence in Evidence_Register (minimum 5 items)
A20: 5. Review Summary dashboard
A21: 6. Complete Approval_Sign_Off (3-level workflow)
A23: STATUS INDICATOR LEGEND
A24: ✅ | B24: Implemented / Success / Yes
A25: ❌ | B25: None / Failure / No
A26: ⚠ | B26: Partial / Warning
A27: ⏳ | B27: In Progress / Pending
A28: 🔴 | B28: Critical Risk
A29: 🟡 | B29: Medium Risk
A30: 🟢 | B30: Low Risk

Sheet Summary
A1: REDUNDANCY & SPOF ANALYSIS DASHBOARD
A2: Assessment Date: 31.01.2026 | Assessment ID: ISMS-IMP-A.8.13.2
A4: REDUNDANCY COVERAGE
A5: Total Systems: | B5: =Redundancy_Inventory!B115
A6: Systems with Redundancy: | B6: =Redundancy_Inventory!B116
A7: Overall Coverage: | B7: =Redundancy_Inventory!B117
A8: Critical Systems (RTO < 4h): | B8: =Redundancy_Inventory!B118
A9: Critical with Redundancy: | B9: =Redundancy_Inventory!B119
A10: Critical Coverage: | B10: =Redundancy_Inventory!B120
A12: SINGLE POINTS OF FAILURE (SPOF)
A13: Total SPOFs Identified: | B13: =SPOF_Register!B108
A14: SPOFs Mitigated: | B14: =SPOF_Register!B109
A15: SPOFs In Progress: | B15: =SPOF_Register!B110
A16: Open SPOFs: | B16: =SPOF_Register!B111
A17: Critical Open SPOFs: | B17: =SPOF_Register!B112
A18: Mitigation Rate: | B18: =SPOF_Register!B113
A20: RTO COMPLIANCE
A21: Total Systems: | B21: =RTO_Compliance!B122
A22: Systems Compliant: | B22: =RTO_Compliance!B123
A23: Systems Non-Compliant: | B23: =RTO_Compliance!B124
A24: Systems Not Tested: | B24: =RTO_Compliance!B125
A25: RTO Compliance Rate: | B25: =RTO_Compliance!B126
A26: Critical Compliance Rate: | B26: =RTO_Compliance!B127
A28: KEY ACTIONS
A29: • Address 🔴 Critical Open SPOFs immediately (30-day target)
A30: • Review systems with ❌ None redundancy (especially Tier 1)
A31: • Test all systems marked ➖ Not Tested (failover testing required)
A32: • Address RTO gaps (actual failover time > requirement)
A33: • Target: 100% redundancy for Critical systems (RTO < 4h)
A34: • Document minimum 5 evidence items in Evidence_Register

Sheet Redundancy_Inventory
A1: REDUNDANCY INVENTORY & STATUS
A2: Document redundancy status for all systems requiring RTO < 4 hours
A4: System Name | B4: Criticality Tier | C4: RTO Requirement (hours) | D4: Redundancy Status | E4: Architecture Type | F4: Failover Type | G4: Geographic Redundancy | H4: Last Failover Test | I4: Test Result | J4: Notes
A5: E-Commerce Website | B5: Tier 1 - Critical | C5: 2 | D5: ✅ Implemented | E5: Active-Passive | F5: Automatic | G5: ✅ Yes | H5: 02.11.2025 | I5: ✅ Success | J5: Multi-site, 100km separation, automatic failover in 30 min
A6: Email System | B6: Tier 1 - Critical | C6: 4 | D6: ⚠ Partial | E6: None | F6: None | G6: ❌ No | I6: ➖ Not Tested | J6: Single server - backup restore only (12h RTO vs 4h requirement)
A7: Payment Gateway | B7: Tier 1 - Critical | C7: 1 | D7: ✅ Implemented | E7: Active-Active | F7: Automatic | G7: ✅ Yes | H7: 01.01.2026 | I7: ✅ Success | J7: Cloud multi-region, load balanced, automatic failover
A8: File Server | B8: Tier 2 - Important | C8: 12 | D8: ❌ None | E8: None | F8: None | G8: ❌ No | I8: ➖ Not Tested | J8: Single server - acceptable RTO with restore (8h restore < 12h RTO)
A9: Database Cluster | B9: Tier 1 - Critical | C9: 0.25 | D9: ✅ Implemented | E9: N+1 Cluster | F9: Automatic | G9: ❌ No | H9: 02.12.2025 | I9: ✅ Success | J9: 5-node cluster (4+1), local HA only, no geo-redundancy
A10: ERP System | B10: Tier 2 - Important | C10: 8 | D10: ⏳ In Progress | E10: Active-Passive | F10: Manual | G10: ❌ No | I10: ➖ Not Tested | J10: DR site setup in progress, manual failover procedure documented
A11: Document Repository | B11: Tier 2 - Important | C11: 24 | D11: ❌ None | E11: None | F11: None | G11: ❌ No | I11: ➖ Not Tested | J11: Cloud SaaS with provider redundancy (99.9% SLA)
A12: Development Server | B12: Tier 4 - Low | C12: 72 | D12: ❌ None | E12: None | F12: None | G12: ➖ N/A | I12: ➖ Not Tested | J12: Non-critical dev environment, no redundancy required
A115: REDUNDANCY COVERAGE METRICS
A116: Total Systems: | B116: =COUNTA(A5:A112)
A117: Systems with Redundancy: | B117: =COUNTIF(D5:D112,"{CHECK}*")
A118: Redundancy Coverage %: | B118: =IF(B115>0,B116/B115,0)
A119: Critical Systems (RTO < 4h): | B119: =COUNTIFS(B5:B112,"Tier 1*",C5:C112,"<4")
A120: Critical with Redundancy: | B120: =COUNTIFS(B5:B112,"Tier 1*",D5:D112,"{CHECK}*")
A121: Critical Coverage %: | B121: =IF(B118>0,B119/B118,1)

Sheet SPOF_Register
A1: SINGLE POINT OF FAILURE (SPOF) REGISTER
A2: Track identified SPOFs and mitigation progress
A4: SPOF ID | B4: System Affected | C4: SPOF Component | D4: SPOF Type | E4: Risk Level | F4: Mitigation Status | G4: Mitigation Plan | H4: Owner | I4: Target Date
A5: SPOF-001 | B5: E-Commerce Website | C5: Single ISP connection | D5: Network | E5: 🔴 Critical | F5: ⏳ In Progress | G5: Add second ISP (multi-homed BGP) | H5: Network Engineer | I5: 01.05.2026
A6: SPOF-002 | B6: Email System | C6: Single Exchange server | D6: Hardware | E6: 🔴 Critical | F6: ❌ Open | G6: Implement DAG (Database Availability Group) | H6: Infrastructure Manager | I6: 30.07.2026
A7: SPOF-003 | B7: Payment Gateway | C7: Single cloud region | D7: Cloud Provider | E7: 🟡 Medium | F7: ✅ Mitigated | G7: Deployed multi-region active-active | H7: Cloud Architect | I7: 01.01.2026
A8: SPOF-004 | B8: Database Cluster | C8: Single power feed | D8: Power | E8: 🟡 Medium | F8: ⏳ In Progress | G8: Install generator + dual UPS | H8: Facilities Manager | I8: 01.04.2026
A9: SPOF-005 | B9: File Server | C9: Single storage array | D9: Storage | E9: 🟢 Low | F9: ✅ Mitigated | G9: Configured RAID 10 | H9: Storage Admin | I9: 02.12.2025
A10: SPOF-006 | B10: DNS | C10: Single DNS server | D10: DNS | E10: 🔴 Critical | F10: ✅ Mitigated | G10: Deployed secondary DNS server | H10: Network Team | I10: 17.12.2025
A11: SPOF-007 | B11: Load Balancer | C11: Single F5 load balancer | D11: Load Balancer | E11: 🔴 Critical | F11: ⏳ In Progress | G11: Deploy HA pair (active-passive) | H11: Network Engineer | I11: 31.05.2026
A12: SPOF-008
A13: SPOF-009
A14: SPOF-010
A15: SPOF-011
A16: SPOF-012
A17: SPOF-013
A18: SPOF-014
A19: SPOF-015
A20: SPOF-016
A21: SPOF-017
A22: SPOF-018
A23: SPOF-019
... A107: SPOF SUMMARY
A108: Total SPOFs Identified: | B108: =COUNTA(B5:B104)
A109: SPOFs Mitigated: | B109: =COUNTIF(F5:F104,"{CHECK}*")
A110: SPOFs In Progress: | B110: =COUNTIF(F5:F104,"⏳*")
A111: Open SPOFs: | B111: =COUNTIF(F5:F104,"{XMARK}*")
A112: Critical Open SPOFs: | B112: =COUNTIFS(E5:E104,"🔴*",F5:F104,"{XMARK}*")
A113: Mitigation Rate: | B113: =IF(B108>0,B109/B108,0)

Sheet RTO_Compliance
A1: RTO COMPLIANCE ASSESSMENT
A2: Compare RTO requirements vs actual tested failover time
A4: System Name | B4: Criticality Tier | C4: RTO Requirement (hours) | D4: Actual Failover Time (hours) | E4: RTO Compliant | F4: Gap (hours) | G4: Notes
A5: E-Commerce Website | B5: Tier 1 - Critical | C5: 2 | D5: 0.5 | E5: =IF(AND(ISNUMBER(C5),ISNUMBER(D5)),IF(D5<=C5,"✅ Compliant","❌ Non-Compliant"),"❓ Unknown") | F5: =IF(AND(ISNUMBER(C5),ISNUMBER(D5)),MAX(0,D5-C5),"") | G5: Active-Passive tested at 30 min
A6: Email System | B6: Tier 1 - Critical | C6: 4 | D6: 12 | E6: =IF(AND(ISNUMBER(C6),ISNUMBER(D6)),IF(D6<=C6,"✅ Compliant","❌ Non-Compliant"),"❓ Unknown") | F6: =IF(AND(ISNUMBER(C6),ISNUMBER(D6)),MAX(0,D6-C6),"") | G6: Restore from backup exceeds RTO (no redundancy)
A7: Payment Gateway | B7: Tier 1 - Critical | C7: 1 | D7: 0.08 | E7: =IF(AND(ISNUMBER(C7),ISNUMBER(D7)),IF(D7<=C7,"✅ Compliant","❌ Non-Compliant"),"❓ Unknown") | F7: =IF(AND(ISNUMBER(C7),ISNUMBER(D7)),MAX(0,D7-C7),"") | G7: Active-Active failover in 5 minutes
A8: File Server | B8: Tier 2 - Important | C8: 12 | D8: 8 | E8: =IF(AND(ISNUMBER(C8),ISNUMBER(D8)),IF(D8<=C8,"✅ Compliant","❌ Non-Compliant"),"❓ Unknown") | F8: =IF(AND(ISNUMBER(C8),ISNUMBER(D8)),MAX(0,D8-C8),"") | G8: Restore tested at 8 hours
A9: Database Cluster | B9: Tier 1 - Critical | C9: 0.25 | E9: =IF(AND(ISNUMBER(C9),ISNUMBER(D9)),IF(D9<=C9,"✅ Compliant","❌ Non-Compliant"),"❓ Unknown") | F9: =IF(AND(ISNUMBER(C9),ISNUMBER(D9)),MAX(0,D9-C9),"") | G9: Failover not yet tested (assumed < 15 min)
A10: ERP System | B10: Tier 2 - Important | C10: 8 | E10: =IF(AND(ISNUMBER(C10),ISNUMBER(D10)),IF(D10<=C10,"✅ Compliant","❌ Non-Compliant"),"❓ Unknown") | F10: =IF(AND(ISNUMBER(C10),ISNUMBER(D10)),MAX(0,D10-C10),"") | G10: DR site in progress, not tested
A11: Document Repository | B11: Tier 2 - Important | C11: 24 | E11: =IF(AND(ISNUMBER(C11),ISNUMBER(D11)),IF(D11<=C11,"✅ Compliant","❌ Non-Compliant"),"❓ Unknown") | F11: =IF(AND(ISNUMBER(C11),ISNUMBER(D11)),MAX(0,D11-C11),"") | G11: Cloud SaaS provider SLA 99.9%
E12: =IF(AND(ISNUMBER(C12),ISNUMBER(D12)),IF(D12<=C12,"✅ Compliant","❌ Non-Compliant"),"❓ Unknown") | F12: =IF(AND(ISNUMBER(C12),ISNUMBER(D12)),MAX(0,D12-C12),"")
E13: =IF(AND(ISNUMBER(C13),ISNUMBER(D13)),IF(D13<=C13,"✅ Compliant","❌ Non-Compliant"),"❓ Unknown") | F13: =IF(AND(ISNUMBER(C13),ISNUMBER(D13)),MAX(0,D13-C13),"")
E14: =IF(AND(ISNUMBER(C14),ISNUMBER(D14)),IF(D14<=C14,"✅ Compliant","❌ Non-Compliant"),"❓ Unknown") | F14: =IF(AND(ISNUMBER(C14),ISNUMBER(D14)),MAX(0,D14-C14),"")
E15: =IF(AND(ISNUMBER(C15),ISNUMBER(D15)),IF(D15<=C15,"✅ Compliant","❌ Non-Compliant"),"❓ Unknown") | F15: =IF(AND(ISNUMBER(C15),ISNUMBER(D15)),MAX(0,D15-C15),"")
E16: =IF(AND(ISNUMBER(C16),ISNUMBER(D16)),IF(D16<=C16,"✅ Compliant","❌ Non-Compliant"),"❓ Unknown") | F16: =IF(AND(ISNUMBER(C16),ISNUMBER(D16)),MAX(0,D16-C16),"")
E17: =IF(AND(ISNUMBER(C17),ISNUMBER(D17)),IF(D17<=C17,"✅ Compliant","❌ Non-Compliant"),"❓ Unknown") | F17: =IF(AND(ISNUMBER(C17),ISNUMBER(D17)),MAX(0,D17-C17),"")
E18: =IF(AND(ISNUMBER(C18),ISNUMBER(D18)),IF(D18<=C18,"✅ Compliant","❌ Non-Compliant"),"❓ Unknown") | F18: =IF(AND(ISNUMBER(C18),ISNUMBER(D18)),MAX(0,D18-C18),"")
E19: =IF(AND(ISNUMBER(C19),ISNUMBER(D19)),IF(D19<=C19,"✅ Compliant","❌ Non-Compliant"),"❓ Unknown") | F19: =IF(AND(ISNUMBER(C19),ISNUMBER(D19)),MAX(0,D19-C19),"")
E20: =IF(AND(ISNUMBER(C20),ISNUMBER(D20)),IF(D20<=C20,"✅ Compliant","❌ Non-Compliant"),"❓ Unknown") | F20: =IF(AND(ISNUMBER(C20),ISNUMBER(D20)),MAX(0,D20-C20),"")
E21: =IF(AND(ISNUMBER(C21),ISNUMBER(D21)),IF(D21<=C21,"✅ Compliant","❌ Non-Compliant"),"❓ Unknown") | F21: =IF(AND(ISNUMBER(C21),ISNUMBER(D21)),MAX(0,D21-C21),"")
E22: =IF(AND(ISNUMBER(C22),ISNUMBER(D22)),IF(D22<=C22,"✅ Compliant","❌ Non-Compliant"),"❓ Unknown") | F22: =IF(AND(ISNUMBER(C22),ISNUMBER(D22)),MAX(0,D22-C22),"")
E23: =IF(AND(ISNUMBER(C23),ISNUMBER(D23)),IF(D23<=C23,"✅ Compliant","❌ Non-Compliant"),"❓ Unknown") | F23: =IF(AND(ISNUMBER(C23),ISNUMBER(D23)),MAX(0,D23-C23),"")
... E114: =IF(AND(ISNUMBER(C114),ISNUMBER(D114)),IF(D114<=C114,"✅ Compliant","❌ Non-Compliant"),"❓ Unknown") | F114: =IF(AND(ISNUMBER(C114),ISNUMBER(D114)),MAX(0,D114-C114),"")
A118: RTO COMPLIANCE METRICS
A119: Total Systems: | B119: =COUNTA(A5:A114)
A120: Systems Compliant: | B120: =COUNTIF(E5:E114,"✅*")
A121: Systems Non-Compliant: | B121: =COUNTIF(E5:E114,"❌*")
A122: Systems Not Tested: | B122: =COUNTIF(E5:E114,"❓*")
A123: RTO Compliance Rate: | B123: =IF(B119>0,B120/B119,0)
A124: Critical Compliance Rate: | B124: =IF(COUNTIF(B5:B114,"Tier 1*")>0,COUNTIFS(B5:B114,"Tier 1*",E5:E114,"✅*")/COUNTIF(B5:B114,"Tier 1*"),1)

Sheet Evidence_Register
A1: EVIDENCE REGISTER
A2: Document all evidence supporting this assessment (MINIMUM 5 items required)
A4: Evidence ID | B4: Evidence Type | C4: Description | D4: Related Sheet/Row | E4: Location/Path | F4: Date Collected | G4: Collected By | H4: Verification Status
A5: EVD-001 | B5: Architecture Diagram | C5: E-Commerce redundancy architecture (Active-Passive) | D5: Redundancy_Inventory/Row 5 | E5: /evidence/redundancy/ecommerce_architecture.pdf | F5: 31.01.2026 | G5: Solutions Architect | H5: ✅ Verified
A6: EVD-002 | B6: Test Result | C6: Failover test report for E-Commerce (30 min RTO achieved) | D6: Redundancy_Inventory/Row 5 | E6: /evidence/redundancy/failover_test_2024-01-10.pdf | F6: 31.01.2026 | G6: QA Team | H6: ✅ Verified
A7: EVD-003 | B7: Screenshot | C7: Payment Gateway multi-region deployment status | D7: Redundancy_Inventory/Row 8 | E7: /evidence/redundancy/payment_multiregion.png | F7: 31.01.2026 | G7: Cloud Admin | H7: ✅ Verified
A8: EVD-004 | B8: Config File | C8: Database cluster configuration (5-node N+1) | D8: Redundancy_Inventory/Row 10 | E8: /evidence/redundancy/db_cluster_config.xml | F8: 31.01.2026 | G8: DBA | H8: ✅ Verified
A9: EVD-005 | B9: Report | C9: SPOF analysis summary from infrastructure review | D9: SPOF_Register/Multiple | E9: /evidence/redundancy/spof_analysis_report.pdf | F9: 31.01.2026 | G9: Infrastructure Manager | H9: ⏳ Pending
A10: EVD-006
A11: EVD-007
A12: EVD-008
A13: EVD-009
A14: EVD-010
A15: EVD-011
A16: EVD-012
A17: EVD-013
A18: EVD-014
A19: EVD-015
A20: EVD-016
A21: EVD-017
... A104: EVD-100

Sheet Approval_Sign_Off
A1: ASSESSMENT APPROVAL & SIGN-OFF
A3: ASSESSMENT SUMMARY
A4: Assessment Document: | B4: Redundancy Analysis & SPOF Assessment
A5: Assessment ID: | B5: ISMS-IMP-A.8.13.2
A6: ISO 27001:2022 Control: | B6: A.8.13 (Information Backup)
A7: Assessment Period: | B7: [USER INPUT]
A8: Redundancy Coverage: | B8: =Summary!B7
A9: SPOF Mitigation Rate: | B9: =Summary!B18
A10: RTO Compliance Rate: | B10: =Summary!B26
A11: Critical Open SPOFs: | B11: =Summary!B17
A12: Evidence Items: | B12: =COUNTA(Evidence_Register!A5:A104)
A13: Assessment Status: | B13: [SELECT]
A16: LEVEL 1: ASSESSMENT COMPLETED BY
A17: Name:
A18: Role:
A19: Date: | B19: =TODAY()
A20: Signature:
A22: LEVEL 2: REVIEWED BY (ISO)
A23: Name:
A24: Date:
A25: Recommendation:
A27: LEVEL 3: APPROVED BY (CISO)
A28: Name:
A29: Date:
A30: Decision:
A32: NEXT REVIEW
A33: Next Review Date: | B33: =TODAY()+90
