Workbook

Sheet Instructions & Legend
A1: ISMS-IMP-A.8.33-34.2 - Audit Activity Management Assessment ISO/IEC 27001:2022 - Control A.8.33-34: Testing and Audit Protection
A3: Document Information
A4: Document ID | B4: ISMS-IMP-A.8.33-34.2
A5: Workbook Title | B5: Audit Activity Management Assessment
A6: Control Reference | B6: ISO/IEC 27001:2022 - Control A.8.33-34: Testing and Audit Protection
A7: Version | B7: 1.0
A8: Assessment Date
A9: Completed By
A10: Organisation
A12: Instructions
A13: 1. Complete all assessment sheets in order, starting with Audit Activity Register.
A14: 2. For each item, evaluate current state against ISO 27001:2022 A.8.33/A.8.34 requirements.
A15: 3. Record all supporting evidence in the Evidence Register sheet.
A16: 4. Use the Summary Dashboard to track overall compliance status.
A17: 5. All user-input cells are highlighted in yellow.
A18: 6. Submit the completed workbook for review and approval via the Approval Sign-Off sheet.
A19: 7. Retain this workbook as part of the ISMS evidence library.
A21: Status Legend
A22: Symbol | B22: Status | C22: Description
A23: ✓ | B23: Compliant / Complete | C23: Requirement fully met
A24: ⚠ | B24: Partial / In Progress | C24: Partially met or in progress
A25: ✗ | B25: Non-Compliant / Not Started | C25: Requirement not met
A26: — | B26: Not Applicable | C26: Not applicable to this assessment

Sheet Audit Activity Register
A1: AUDIT ACTIVITY REGISTER
A2: Registry of all planned and completed audit activities
A4: Audit ID | B4: Audit Name | C4: Audit Type | D4: Audit Scope | E4: Audit Firm Team | F4: Lead Auditor | G4: Planned Start | H4: Planned End | I4: Actual Start | J4: Actual End | K4: Audit Status | L4: Management Approval | M4: Approver | N4: Approval Date | O4: Systems in Scope | P4: Data Access Required | Q4: Testing Type | R4: Findings Count | S4: Critical Findings | T4: Report Location | U4: Follow up Status | V4: Notes
A6: AUD-001 | B6: Annual Financial Audit 2026 | C6: External-Financial | D6: Financial systems and controls | E6: KPMG Audit Team | F6: John Smith | G6: 01.03.2026 | H6: 15.03.2026 | I6: 01.03.2026 | K6: In Progress | L6: Approved | M6: CFO | N6: 15.02.2026 | O6: SAP, Oracle Financials | P6: Financial data (read-only) | Q6: Read-Only | R6: 0 | S6: 0 | T6: /audits/2026/financial | U6: Open | V6: Scheduled for March 2026
A57: AUDIT STATISTICS
A59: Total Audits | B59: =COUNTA(B7:B56)
A60: Planned Audits | B60: =COUNTIF(K7:K56,"Planned")
A61: In Progress | B61: =COUNTIF(K7:K56,"In Progress")
A62: Completed | B62: =COUNTIF(K7:K56,"Completed")
A63: Approved Audits | B63: =COUNTIF(L7:L56,"Approved")
A64: Pending Approval | B64: =COUNTIF(L7:L56,"Pending")
A65: Internal Audits | B65: =COUNTIF(C7:C56,"Internal")
A66: Penetration Tests | B66: =COUNTIF(C7:C56,"Penetration Test")
A67: Total Findings | B67: =SUM(R7:R56)
A68: Total Critical Findings | B68: =SUM(S7:S56)
A69: Open Follow-ups | B69: =COUNTIF(U7:U56,"Open")

Sheet Audit Tool Authorisation
A1: AUDIT TOOL AUTHORISATION
A2: Registry of authorised audit and testing tools
A4: Tool ID | B4: Tool Name | C4: Tool Version | D4: Tool Category | E4: Vendor Source | F4: Tool Owner | G4: Authorisation Status | H4: Authorisation Date | I4: Authorised By | J4: Risk Level | K4: Authorised Use Cases | L4: Restrictions | M4: Required Approvals | N4: Storage Location | O4: Access Restricted To | P4: Last Security Review | Q4: Next Review Due | R4: Usage Logging Required | S4: License Status | T4: License Expiry | U4: Evidence Reference
A6: TOOL-001 | B6: Nmap | C6: Network Scanner | D6: Insecure | E6: Host discovery and port scanning | F6: Nmap Development Team | G6: Authorised | H6: Security Team | I6: 01.01.2026 | J6: Medium | K6: Accidental network disruption | L6: Scan only approved test networks | M6: Controlled deployment | N6: Yes | O6: Audit Team Leader | P6: Penetration Test | Q6: PEN-2026-001 | R6: Yes | S6: Open Source | T6: N/A
A57: TOOL RISK SUMMARY
A59: Total Tools | B59: =COUNTA(B6:B56)
A60: Authorised Tools | B60: =COUNTIF(G6:G56,"Authorised")
A61: Pending Authorisation | B61: =COUNTIF(G6:G56,"Pending")
A62: Unauthorised Tools | B62: =COUNTIF(G6:G56,"Unauthorised")
A63: Prohibited Tools | B63: =COUNTIF(G6:G56,"Prohibited")
A64: High Risk Tools | B64: =COUNTIF(J6:J56,"High")
A65: Medium Risk Tools | B65: =COUNTIF(J6:J56,"Medium")
A66: Low Risk Tools | B66: =COUNTIF(J6:J56,"Low")
A67: Expired Licenses | B67: =COUNTIF(S6:S56,"Expired")

Sheet Audit Access Tracking
A1: AUDIT ACCESS TRACKING
A2: Registry of auditor access to systems and data
A4: Access ID | B4: Auditor Name | C4: Auditor Organisation | D4: Associated Audit | E4: Access Type | F4: Systems Accessed | G4: Data Classification Accessed | H4: Access Requested Date | I4: Access Start Date | J4: Access End Date | K4: Actual Revocation Date | L4: Access Status | M4: Approval Status | N4: Approver | O4: Approval Date | P4: Access Logging Enabled | Q4: NDA Signed | R4: NDA Reference | S4: Supervision Required | T4: Supervisor | U4: Multi Factor Auth Required | V4: Revocation Confirmation | W4: Notes | X4: Device Security Verified
A6: ACC-001 | B6: Jane Auditor | C6: External Audit Firm | D6: AUD-001 | E6: Read-Only | F6: Financial Systems | G6: Confidential | H6: 01.03.2026 | I6: 01.03.2026 | J6: 15.03.2026 | L6: Active | M6: Approved | N6: IT Security Manager | O6: 28.02.2026 | P6: Yes | Q6: Yes | R6: NDA-2026-001 | S6: No | U6: Yes | W6: Access granted for financial audit | X6: Yes — MDM enrolled, patched, AV active
A57: ACCESS STATISTICS
A59: Total Access Grants | B59: =COUNTA(B6:B56)
A60: Active Access | B60: =COUNTIF(L6:L56,"Active")
A61: Revoked Access | B61: =COUNTIF(L6:L56,"Revoked")
A62: Expired Access | B62: =COUNTIF(L6:L56,"Expired")
A63: Approved Access | B63: =COUNTIF(M6:M56,"Approved")
A64: Pending Approval | B64: =COUNTIF(M6:M56,"Pending")
A65: Read-Only Access | B65: =COUNTIF(E6:E56,"Read-Only")
A66: Admin Access | B66: =COUNTIF(E6:E56,"Admin")
A67: Restricted Data Access | B67: =COUNTIF(G6:G56,"Restricted")
A68: NDA Coverage (Yes) | B68: =COUNTIF(Q6:Q56,"Yes")
A69: Access Logging (Yes) | B69: =COUNTIF(P6:P56,"Yes")
A70: MFA Required (Yes) | B70: =COUNTIF(U6:U56,"Yes")

Sheet Disruption Mitigation Plans
A1: DISRUPTION MITIGATION PLANS
A2: Protection measures for production systems during audit testing
A4: System ID | B4: System Name | C4: System Criticality | D4: Business Owner | E4: Technical Owner | F4: Associated Audits | G4: Primary Mitigation Strategy | H4: Testing Restrictions | I4: Permitted Testing Window | J4: Maximum Test Duration | K4: Backup Required Before Test | L4: Recovery Point Objective | M4: Recovery Time Objective | N4: Rollback Procedure Location | O4: Rollback Last Tested | P4: Escalation Contact | Q4: Escalation Phone | R4: Secondary Contact | S4: Monitoring Enhancement | T4: Incident Response Plan | U4: Last Mitigation Review | V4: Review Due Date | W4: Evidence Reference
A6: SYS-001 | B6: Financial System (SAP) | C6: Critical | D6: CFO | E6: SAP Team Lead | F6: AUD-001 | G6: Staging First | H6: No destructive testing, read-only queries only | I6: Saturday 20:00-Sunday 06:00 | J6: 2 hours | K6: Yes | L6: 1 hour | M6: 15 minutes | N6: /procedures/sap-rollback.pdf | O6: 01.02.2026 | P6: IT Director | Q6: +41 XX XXX XX XX | R6: SAP Manager | S6: Enhanced real-time monitoring during test | T6: INC-PLAN-001 | U6: 01.01.2026 | V6: 01.07.2026 | W6: EV-001
A57: MITIGATION STRATEGY SUMMARY
A59: Staging First | B59: =COUNTIF(G6:G56,"Staging First")
A60: Off-Hours | B60: =COUNTIF(G6:G56,"Off-Hours")
A61: Rate Limiting | B61: =COUNTIF(G6:G56,"Rate Limiting")
A62: Scope Exclusion | B62: =COUNTIF(G6:G56,"Scope Exclusion")
A63: Enhanced Monitoring | B63: =COUNTIF(G6:G56,"Enhanced Monitoring")
A64: Standby Recovery | B64: =COUNTIF(G6:G56,"Standby Recovery")
A65: Read-Only Only | B65: =COUNTIF(G6:G56,"Read-Only Only")
A66: Multi-Strategy | B66: =COUNTIF(G6:G56,"Multi-Strategy")
A68: SYSTEM COVERAGE STATISTICS
A70: Total Systems | B70: =COUNTA(B6:B56)
A71: Critical Systems | B71: =COUNTIF(C6:C56,"Critical")
A72: High Criticality | B72: =COUNTIF(C6:C56,"High")
A73: Medium Criticality | B73: =COUNTIF(C6:C56,"Medium")
A74: Low Criticality | B74: =COUNTIF(C6:C56,"Low")
A75: With Rollback Procedure | B75: =COUNTA(N6:N56)
A76: Backup Required | B76: =COUNTIF(K6:K56,"Yes")

Sheet Audit Evidence Protection
A1: AUDIT EVIDENCE PROTECTION
A2: Secure handling and retention of audit evidence
A4: Evidence Category ID | B4: Evidence Category | C4: Evidence Description | D4: Sensitivity Classification | E4: Example Documents | F4: Primary Storage Location | G4: Backup Location | H4: Encryption at Rest | I4: Encryption in Transit | J4: Access Control Type | K4: Authorised Accessors | L4: Retention Period | M4: Retention Start Event | N4: Destruction Method | O4: Destruction Approval | P4: Chain of Custody Required | Q4: Chain of Custody Process | R4: Legal Hold Applicable | S4: Legal Hold Contact | T4: Integrity Verification | U4: Last Access Review | V4: Evidence Owner | W4: Evidence Reference
A6: EVCAT-001 | B6: Penetration Test Reports | C6: Technical findings from pen tests | D6: Restricted | E6: Pen test report Q1 2026 | F6: /secure/audit/pentest/ | G6: /backup/audit/pentest/ | H6: AES-256 | I6: TLS 1.3 | J6: RBAC | K6: Security Team, CISO | L6: 3 Years | M6: Test completion | N6: Secure Delete | O6: CISO | P6: Yes | Q6: Documented chain process | R6: No | T6: Hashing | U6: 15.01.2026 | V6: Security Manager | W6: SEC-AUDIT-001
A67: PROTECTION STATISTICS
A69: Total Evidence Categories | B69: =COUNTA(B5:B54)
A70: Restricted Categories | B70: =COUNTIF(D5:D64,"Restricted")
A71: Confidential Categories | B71: =COUNTIF(D5:D64,"Confidential")
A72: Encryption at Rest (AES-256) | B72: =COUNTIF(H5:H64,"AES-256")
A73: Encryption in Transit (TLS 1.3) | B73: =COUNTIF(I5:I64,"TLS 1.3")
A74: Chain of Custody Required | B74: =COUNTIF(P5:P64,"Yes")
A75: Legal Hold Applicable | B75: =COUNTIF(R5:R64,"Yes")

Sheet Evidence Register
A1: EVIDENCE REGISTER
A2: List all evidence files/documents referenced in this assessment (audit traceability).
A4: Evidence ID | B4: Assessment Area | C4: Evidence Type | D4: Description | E4: Location/Path | F4: Date Collected | G4: Collected By | H4: Verification Status
A5: EV-001 | B5: Audit Activity Register | C5: Audit log | D5: Completed audit activities for 2026 | E5: /evidence/audits/2026/register.xlsx | F5: 01.03.2026 | G5: Audit Coordinator | H5: Verified

Sheet Summary Dashboard
A1: AUDIT ACTIVITY MANAGEMENT — SUMMARY DASHBOARD
A2: ISO/IEC 27001:2022 — Control A.8.33-34: Testing Information Protection and Audit Logging
A4: TABLE 1: ASSESSMENT AREA COMPLIANCE OVERVIEW
A5: Assessment Area | B5: Total Items | C5: Compliant | D5: Partial | E5: Non-Compliant | F5: N/A | G5: Compliance %
A6: Audit Activity Register | B6: =COUNTA('Audit Activity Register'!B7:B56) | C6: =COUNTIF('Audit Activity Register'!L7:L56,"Approved") | D6: =COUNTIF('Audit Activity Register'!L7:L56,"Pending") | E6: =COUNTIF('Audit Activity Register'!L7:L56,"Not Required") | F6: =COUNTIF('Audit Activity Register'!L7:L56,"N/A") | G6: =IF((B6-F6)=0,0,C6/(B6-F6))
A7: Audit Tool Authorisation | B7: =COUNTA('Audit Tool Authorisation'!B7:B56) | C7: =COUNTIF('Audit Tool Authorisation'!G7:G56,"Authorised") | D7: =COUNTIF('Audit Tool Authorisation'!G7:G56,"Pending") | E7: =COUNTIF('Audit Tool Authorisation'!G7:G56,"Unauthorised")+COUNTIF('Audit Tool Authorisation'!G7:G56,"Prohibited") | F7: =COUNTIF('Audit Tool Authorisation'!G7:G56,"N/A") | G7: =IF((B7-F7)=0,0,C7/(B7-F7))
A8: Audit Access Tracking | B8: =COUNTA('Audit Access Tracking'!B7:B56) | C8: =COUNTIF('Audit Access Tracking'!M7:M56,"Approved") | D8: =COUNTIF('Audit Access Tracking'!M7:M56,"Pending") | E8: =COUNTIF('Audit Access Tracking'!M7:M56,"Denied") | F8: =COUNTIF('Audit Access Tracking'!M7:M56,"N/A") | G8: =IF((B8-F8)=0,0,C8/(B8-F8))
A9: Disruption Mitigation Plans | B9: =COUNTA('Disruption Mitigation Plans'!B7:B56) | C9: =COUNTIF('Disruption Mitigation Plans'!K7:K56,"Yes") | D9: =COUNTIF('Disruption Mitigation Plans'!K7:K56,"Already Scheduled") | E9: =COUNTIF('Disruption Mitigation Plans'!K7:K56,"No") | F9: =COUNTIF('Disruption Mitigation Plans'!K7:K56,"N/A") | G9: =IF((B9-F9)=0,0,C9/(B9-F9))
A10: Audit Evidence Protection | B10: =COUNTA('Audit Evidence Protection'!B7:B56) | C10: =COUNTIF('Audit Evidence Protection'!D7:D56,"Restricted") | D10: =COUNTIF('Audit Evidence Protection'!D7:D56,"Confidential") | E10: =COUNTIF('Audit Evidence Protection'!D7:D56,"Internal")+COUNTIF('Audit Evidence Protection'!D7:D56,"Public") | F10: =COUNTIF('Audit Evidence Protection'!D7:D56,"N/A") | G10: =IF((B10-F10)=0,0,C10/(B10-F10))
A11: TOTAL | B11: =SUM(B6:B10) | C11: =SUM(C6:C10) | D11: =SUM(D6:D10) | E11: =SUM(E6:E10) | F11: =SUM(F6:F10) | G11: =IF((B11-F11)=0,0,C11/(B11-F11))
A13: TABLE 2: KEY METRICS
A14: Metric | B14: Value
A15: Total Audit Activities | B15: =COUNTA('Audit Activity Register'!B7:B56)
A16: Pending Approval | B16: =COUNTIF('Audit Activity Register'!L7:L56,"Pending")
A17: Vulnerability Scans | B17: =COUNTIF('Audit Activity Register'!C7:C56,"Vulnerability Assessment")
A18: Penetration Tests | B18: =COUNTIF('Audit Activity Register'!C7:C56,"Penetration Test")
A19: Total Audit Tools | B19: =COUNTA('Audit Tool Authorisation'!B7:B56)
A20: Authorised Tools | B20: =COUNTIF('Audit Tool Authorisation'!G7:G56,"Authorised")
A21: Unauthorised Tools | B21: =COUNTIF('Audit Tool Authorisation'!G7:G56,"Unauthorised")
A22: Total Access Requests | B22: =COUNTA('Audit Access Tracking'!B7:B56)
A23: Approved Access | B23: =COUNTIF('Audit Access Tracking'!M7:M56,"Approved")
A24: Denied Access | B24: =COUNTIF('Audit Access Tracking'!M7:M56,"Denied")
A25: Critical Systems | B25: =COUNTIF('Disruption Mitigation Plans'!C7:C56,"Critical")
A26: Plans Requiring Backup | B26: =COUNTIF('Disruption Mitigation Plans'!K7:K56,"Yes")
A27: Total Evidence Items | B27: =COUNTA('Audit Evidence Protection'!B7:B56)
A28: Restricted Evidence | B28: =COUNTIF('Audit Evidence Protection'!D7:D56,"Restricted")
A29: Legal Hold Applicable | B29: =COUNTIF('Audit Evidence Protection'!R7:R56,"Yes")
A33: TABLE 3: CRITICAL FINDINGS REQUIRING IMMEDIATE ATTENTION
A34: Category | B34: Finding | C34: Count | D34: Severity | E34: Action Required
A35: Audit Tool Authorisation | B35: Tools without authorisation | C35: =COUNTIF('Audit Tool Authorisation'!G7:G56,"Unauthorised") | D35: Critical | E35: Immediate
A36: Audit Tool Authorisation | B36: Prohibited tools in use | C36: =COUNTIF('Audit Tool Authorisation'!G7:G56,"Prohibited") | D36: Critical | E36: Immediate
A37: Disruption Mitigation Plans | B37: Critical systems without plans | C37: =COUNTIF('Disruption Mitigation Plans'!C7:C56,"Critical") | D37: Critical | E37: Immediate
A38: Audit Tool Authorisation | B38: High-risk tools | C38: =COUNTIF('Audit Tool Authorisation'!J7:J56,"High") | D38: High | E38: Urgent
A39: Audit Access Tracking | B39: Access denied (approval gap) | C39: =COUNTIF('Audit Access Tracking'!M7:M56,"Denied") | D39: High | E39: Urgent
A40: Disruption Mitigation Plans | B40: High-risk systems without plans | C40: =COUNTIF('Disruption Mitigation Plans'!C7:C56,"High") | D40: High | E40: Urgent
A41: Audit Tool Authorisation | B41: Usage logging not enabled | C41: =COUNTIF('Audit Tool Authorisation'!R7:R56,"No") | D41: Medium | E41: Plan
A42: Audit Tool Authorisation | B42: Expired tool licenses | C42: =COUNTIF('Audit Tool Authorisation'!S7:S56,"Expired") | D42: Medium | E42: Plan
A43: Audit Access Tracking | B43: Expired access not revoked | C43: =COUNTIF('Audit Access Tracking'!L7:L56,"Expired") | D43: Medium | E43: Plan
A44: Disruption Mitigation Plans | B44: No backup before testing | C44: =COUNTIF('Disruption Mitigation Plans'!K7:K56,"No") | D44: Medium | E44: Plan

Sheet Approval Sign-Off
A1: ASSESSMENT APPROVAL AND SIGN-OFF
A2: ISO/IEC 27001:2022 - Control A.8.33-34: Testing and Audit Protection
A3: ASSESSMENT SUMMARY
A4: Document: | B4: ISMS-IMP-A.8.33-34.2 - Audit Activity Management Assessment
A5: Assessment Period:
A6: Overall Compliance Rating: | B6: ='Summary Dashboard'!G11
A7: Assessment Status:
A8: Assessed By:
A11: COMPLETED BY (ASSESSOR)
A12: Name:
A13: Title:
A14: Date:
A15: Signature:
A16: Comments:
A18: REVIEWED BY (INFORMATION SECURITY OFFICER)
A19: Name:
A20: Title:
A21: Date:
... A38: Special Considerations:
