Workbook

Sheet Instructions & Legend
A1: ISMS-IMP-A.8.4.1 - Repository Access Control Assessment ISO/IEC 27001:2022 - Control A.8.4: Access to Source Code
A3: Document Information
A4: Document ID | B4: ISMS-IMP-A.8.4.1
A5: Workbook Title | B5: Repository Access Control Assessment
A6: Control Reference | B6: ISO/IEC 27001:2022 - Control A.8.4: Access to Source Code
A7: Version | B7: 1.0
A8: Assessment Date
A9: Completed By
A10: Organisation
A12: Instructions
A13: 1. Complete the Repository Inventory sheet for ALL source code repositories.
A14: 2. Fill in the User Access Matrix sheet showing who has access to what.
A15: 3. Document all access requests and approvals in Access Approval Records.
A16: 4. Track quarterly access reviews in Access Review Log.
A17: 5. The Summary Dashboard sheet automatically calculates compliance metrics.
A18: 6. Document gaps in Gap Analysis with remediation plans.
A19: 7. Maintain Evidence Register for audit traceability.
A20: 8. Obtain final approval and sign-off.
A22: Status Legend
A23: Symbol | B23: Status | C23: Description
A24: ✓ | B24: Compliant / Complete | C24: Requirement fully met
A25: ⚠ | B25: Partial / In Progress | C25: Partially met or in progress
A26: ✗ | B26: Non-Compliant / Not Started | C26: Requirement not met
A27: — | B27: Not Applicable | C27: Not applicable to this assessment

Sheet Repository Inventory
A1: REPOSITORY INVENTORY
A2: Document all source code repositories regardless of platform
A3: Repository Name | B3: Repository URL | C3: Repository Platform | D3: Repository Classification | E3: Repository Owner | F3: Repository Owner Email | G3: Business Purpose | H3: Primary Programming Language | I3: Last Commit Date | J3: Active/Inactive Status | K3: Total Contributors | L3: Total Commits (Lifetime) | M3: Repository Creation Date | N3: Criticality | O3: Contains Production Code | P3: Contains Sensitive Data | Q3: Branch Protection Enabled | R3: Secret Scanning Enabled | S3: Last Access Review Date | T3: Notes
A4: [Example: customer-portal] | B4: [Example: https://github.com/org/customer-portal] | C4: GitHub | D4: Production Code | E4: [Example: Anna Muller] | F4: [Example: jane.doe@organisation.ch] | G4: [Example: Customer-facing web application] | H4: [Example: Python] | I4: 10.03.2026 | J4: Active | K4: [Example: 15] | L4: [Example: 3245] | M4: [Example: 2021-03-15] | N4: Critical | O4: [PASS] Yes | P4: [FAIL] No | Q4: [PASS] Yes | R4: [PASS] Yes | S4: 10.03.2026 | T4: [Example notes]

Sheet User Access Matrix
A1: USER ACCESS MATRIX
A2: Document all user access to repositories
A3: User Name | B3: User Email | C3: User Role | D3: Employment Type | E3: Department/Team | F3: Repository Name | G3: Repository Platform | H3: Access Level | I3: Access Granted Date | J3: Access Approved By | K3: Business Justification | L3: Contract End Date | M3: Access Expiration Date | N3: Last Access Date | O3: Access Status | P3: Last Review Date | Q3: Reviewer Comments | R3: Remediation Required | S3: Remediation Due Date | T3: Notes
A4: [Example: Thomas Meier] | B4: [Example: john.smith@organisation.ch] | C4: Developer | D4: Employee | E4: [Example: Engineering] | F4: [Example: customer-portal] | G4: GitHub | H4: Write/Contribute | I4: 10.03.2026 | J4: [Example: Anna Muller] | K4: [Example: Active development on customer portal project] | N4: 23.02.2026 | O4: [PASS] Appropriate | P4: 10.03.2026 | Q4: [Example: Access reviewed and confirmed] | R4: [FAIL] No

Sheet Access Approval Records
A1: ACCESS APPROVAL RECORDS
A2: Document all access request approvals for audit trail
A3: Request Date | B3: Request ID | C3: Requestor Name | D3: Requestor Email | E3: Repository Name | F3: Access Level Requested | G3: Business Justification | H3: Expected Duration | I3: Expected End Date | J3: Repository Owner | K3: Owner Approval | L3: Approval Date | M3: Additional Approver | N3: Additional Approval | O3: Provisioning Date | P3: Provisioned By | Q3: Denial Reason | R3: Notes
A4: 10.03.2026 | B4: [Example: TICKET-12345] | C4: [Example: Bob Johnson] | D4: [Example: bob.johnson@organisation.ch] | E4: [Example: customer-portal] | F4: Write/Contribute | G4: [Example: Need to fix authentication bug] | H4: Permanent | J4: [Example: Anna Muller] | K4: [PASS] Approved | L4: 10.03.2026 | N4: [N/A] N/A | O4: 11.03.2026 | P4: [Example: DevOps Team]

Sheet Access Review Log
A1: ACCESS REVIEW LOG
A2: Track quarterly access reviews for all repositories
A3: Review Date | B3: Review Quarter | C3: Reviewer Name | D3: Reviewer Role | E3: Repositories Reviewed | F3: Repository Names | G3: Total Users Reviewed | H3: Appropriate Access Found | I3: Excessive Access Found | J3: Unnecessary Access Found | K3: Orphaned Accounts Found | L3: Contractor Expired Found | M3: Total Findings | N3: Remediation Completed | O3: Remediation Pending | P3: Review Completion Date | Q3: Days to Complete | R3: Next Review Due Date | S3: Compliance Status | T3: Notes
A4: 10.03.2026 | B4: Q1 2026 | C4: [Example: Repository Owner] | D4: [Example: Engineering Manager] | E4: [Example: 5] | F4: [Example: customer-portal, api-gateway, ...] | G4: [Example: 25] | H4: [Example: 22] | I4: [Example: 2] | J4: [Example: 1] | K4: [Example: 0] | L4: [Example: 0] | M4: =I4+J4+K4+L4 | N4: [Example: 3] | O4: =M4-N4 | P4: 17.03.2026 | Q4: =P4-A4 | R4: 08.06.2026 | S4: [PASS] Compliant | T4: [Example: All findings being addressed]

Sheet Deprovisioning Log
A1: DEPROVISIONING LOG
A2: Track access removal for audit trail
A3: User Name | B3: User Email | C3: Deprovisioning Event | D3: Event Date | E3: Notification Received Date | F3: Repository Name | G3: Previous Access Level | H3: Access Removed Date | I3: Hours to Deprovision | J3: Removed By | K3: Removal Method | L3: Verification Method | M3: Verification Date | N3: Compliant Timeline | O3: Delay Reason | P3: Notes
A4: [Example: Former Employee] | B4: [Example: former@organisation.ch] | C4: Termination | D4: 08.03.2026 | E4: 08.03.2026 | F4: [Example: customer-portal] | G4: Write/Contribute | H4: 09.03.2026 | I4: =INT((H4-D4)*24) | J4: [Example: DevOps Team] | K4: Automated | L4: Platform Check | M4: 09.03.2026 | N4: [PASS] Yes

Sheet Third Party Access
A1: THIRD PARTY SOURCE CODE ACCESS
A2: Document all third party access to source code repositories
A3: Third Party Name | B3: Access Type | C3: Repository/System | D3: Access Level | E3: Business Justification | F3: Approval Date | G3: Approved By | H3: Expiry Date | I3: Review Date | J3: NDA Reference | K3: Access Status | L3: Risk Rating | M3: Notes
A4: SecureAudit GmbH | B4: Auditor | C4: customer-portal | D4: Read | E4: Annual security audit (Q1 2026) | F4: 15.01.2026 | G4: CISO | H4: 15.04.2026 | I4: 15.03.2026 | J4: NDA-2026-001 | K4: Active | L4: Low | M4: Read-only access for Q1 audit

Sheet Service Accounts
A1: SERVICE ACCOUNT AND BOT ACCESS INVENTORY
A2: Document all service accounts, bots, and automated systems with source code access
A3: Account Name | B3: Account Type | C3: Repository/System | D3: Purpose | E3: Owner | F3: Access Level | G3: Authentication Method | H3: Secret Storage | I3: Last Rotated | J3: Rotation Frequency | K3: Review Date | L3: Status | M3: Risk Rating | N3: Notes
A4: github-actions-bot | B4: CI/CD Pipeline | C4: customer-portal | D4: GitHub Actions CI/CD | E4: DevOps Team | F4: Write/Contribute | G4: Deploy Key | H4: GitHub Secrets | I4: 15.01.2026 | J4: 90 days | K4: 15.01.2026 | L4: Active | M4: Medium | N4: Automated deployment to production

Sheet Gap Analysis
A1: GAP ANALYSIS
A2: Document identified gaps and remediation plans
A3: Gap ID | B3: Gap Category | C3: Gap Description | D3: Policy Requirement | E3: Current State | F3: Desired State | G3: Risk Level | H3: Impact | I3: Affected Repositories | J3: Root Cause | K3: Remediation Plan | L3: Responsible Party | M3: Target Completion Date | N3: Estimated Effort | O3: Status | P3: Actual Completion Date | Q3: Verification Method | R3: Verification Date | S3: Notes
A4: GAP-001 | B4: Access Control | C4: [Example: Branch protection not enabled on all production repositories] | D4: [Example: REQ-2.4.1-001 - Main branch protection] | E4: [Example: 15 out of 20 production repos lack branch protection] | F4: [Example: All production repos have branch protection enabled] | G4: [HIGH] High | H4: [Example: Unauthorised direct commits to production code possible] | I4: [Example: api-gateway, payment-processor, ...] | J4: [Example: Repositories created before policy implementation] | K4: [Example: Enable branch protection on all production repositories] | L4: [Example: Platform Team Lead] | M4: 09.04.2026 | N4: 1 week | O4: [PROG] In Progress

Sheet Evidence Register
A1: EVIDENCE REGISTER
A2: List all evidence files/documents referenced in this assessment (audit traceability).
A4: Evidence ID | B4: Assessment Area | C4: Evidence Type | D4: Description | E4: Location/Path | F4: Date Collected | G4: Collected By | H4: Verification Status
A5: EV-001 | B5: Repository Access | C5: Access review log | D5: Quarterly access review for Q4 2025 | E5: /evidence/q4-2025-access-review.xlsx | F5: 15.01.2026 | G5: Security Team | H5: Verified

Sheet Summary Dashboard
A1: Repository Access Control Assessment — SUMMARY DASHBOARD
A2: ISO/IEC 27001:2022 - Control A.8.4: Access to Source Code
A3: COMPLIANCE ASSESSMENT SUMMARY
A4: Assessment Area | B4: Questions Answered | C4: No Gap | D4: Gap Identified | E4: N/A | F4: Target | G4: Compliance %
A5: User Access Appropriateness | B5: =COUNTA('User Access Matrix'!A5:A54) | C5: =COUNTIF('User Access Matrix'!O5:O54,"[PASS] Appropriate") | D5: =COUNTIF('User Access Matrix'!O5:O54,"[WARN] Excessive")+COUNTIF('User Access Matrix'!O5:O54,"[FAIL] Orphaned")+COUNTIF('User Access Matrix'!O5:O54,"[DATE] Expired") | E5: 0 | F5: 0.85 | G5: =IFERROR(C5/(C5+D5)*100,0)
A6: Access Authorization Compliance | B6: =COUNTA('Access Approval Records'!B5:B54) | C6: =COUNTIF('Access Approval Records'!K5:K54,"[PASS] Approved") | D6: =COUNTIF('Access Approval Records'!K5:K54,"[FAIL] Denied")+COUNTIF('Access Approval Records'!K5:K54,"[WAIT] Pending") | E6: 0 | F6: 0.9 | G6: =IFERROR(C6/(C6+D6)*100,0)
A7: Access Review Compliance | B7: =COUNTA('Access Review Log'!A5:A54) | C7: =COUNTIF('Access Review Log'!S5:S54,"[PASS] Compliant") | D7: =COUNTIF('Access Review Log'!S5:S54,"[WARN] Partial")+COUNTIF('Access Review Log'!S5:S54,"[FAIL] Non-Compliant") | E7: 0 | F7: 0.85 | G7: =IFERROR(C7/(C7+D7)*100,0)
A8: Deprovisioning Timeliness | B8: =COUNTA('Deprovisioning Log'!A5:A54) | C8: =COUNTIF('Deprovisioning Log'!N5:N54,"[PASS] Yes") | D8: =COUNTIF('Deprovisioning Log'!N5:N54,"[FAIL] No")+COUNTIF('Deprovisioning Log'!N5:N54,"[WARN] Partial") | E8: 0 | F8: 0.9 | G8: =IFERROR(C8/(C8+D8)*100,0)
A9: Repository Security Controls | B9: =COUNTA('Repository Inventory'!A5:A54) | C9: =COUNTIFS('Repository Inventory'!Q5:Q54,"[PASS] Yes",'Repository Inventory'!R5:R54,"[PASS] Yes") | D9: =COUNTA('Repository Inventory'!A5:A54)-COUNTIFS('Repository Inventory'!Q5:Q54,"[PASS] Yes",'Repository Inventory'!R5:R54,"[PASS] Yes") | E9: 0 | F9: 0.8 | G9: =IFERROR(C9/(C9+D9)*100,0)
A10: TOTAL | B10: =SUM(B5:B9) | C10: =SUM(C5:C9) | D10: =SUM(D5:D9) | E10: =SUM(E5:E9) | F10: — | G10: =IFERROR(AVERAGE(G5:G9),0)
A12: REPOSITORY ACCESS HEALTH METRICS
A13: Metric | B13: Value | C13: Target
A14: Total Repositories | B14: =COUNTA('Repository Inventory'!A5:A54) | C14: ≥1
A15: Repos with Branch Protection | B15: =COUNTIF('Repository Inventory'!Q5:Q54,"[PASS] Yes") | C15: —
A16: Repos with Secret Scanning | B16: =COUNTIF('Repository Inventory'!R5:R54,"[PASS] Yes") | C16: —
A17: Admin Access Count | B17: =COUNTIF('User Access Matrix'!H5:H54,"Admin") | C17: ≤5
A18: Contractor Access Count | B18: =COUNTIF('User Access Matrix'!D5:D54,"Contractor") | C18: —
A19: Orphaned Account Count | B19: =COUNTIF('User Access Matrix'!O5:O54,"[FAIL] Orphaned") | C19: 0
A20: Pending Access Approvals | B20: =COUNTIF('Access Approval Records'!K5:K54,"[WAIT] Pending") | C20: 0
A21: Active Third Party Access Grants | B21: =COUNTIF('Third Party Access'!K5:K54,"Active") | C21: —
A22: Expired Third Party Access | B22: =COUNTIF('Third Party Access'!K5:K54,"Expired") | C22: 0
A23: Service Accounts Pending Review | B23: =COUNTIF('Service Accounts'!L5:L54,"Pending Review") | C23: 0
A24: Open Remediation Gaps | B24: =COUNTIF('Gap Analysis'!O5:O54,"[OPEN] Open") | C24: 0
A25: Unverified Evidence Items | B25: =COUNTIF('Evidence Register'!H6:H105,"Not verified") | C25: 0
A27: CRITICAL FINDINGS
A28: Critical Finding | B28: Status | C28: Severity
A29: Orphaned accounts detected | B29: =IF(COUNTIF('User Access Matrix'!O5:O54,"[FAIL] Orphaned")>0,"[!] Review Required","[OK]") | C29: Critical
A30: Excessive access detected | B30: =IF(COUNTIF('User Access Matrix'!O5:O54,"[WARN] Excessive")>0,"[!] Review Required","[OK]") | C30: Critical
A31: Deprovisioning SLA failures | B31: =IF(COUNTIF('Deprovisioning Log'!N5:N54,"[FAIL] No")>0,"[!] Review Required","[OK]") | C31: High
A32: Expired third party access grants | B32: =IF(COUNTIF('Third Party Access'!K5:K54,"Expired")>0,"[!] Review Required","[OK]") | C32: High
A33: Repos missing branch protection | B33: =IF(COUNTIF('Repository Inventory'!Q5:Q54,"[FAIL] No")>0,"[!] Review Required","[OK]") | C33: High
A34: Overall compliance <70% | B34: =IF(G10<70,"[!] Below Target","[OK]") | C34: Critical
A35: Open critical/high severity gaps | B35: =IF(COUNTIFS('Gap Analysis'!G5:G54,"[CRIT] Critical",'Gap Analysis'!O5:O54,"[OPEN] Open")+COUNTIFS('Gap Analysis'!G5:G54,"[HIGH] High",'Gap Analysis'!O5:O54,"[OPEN] Open")>0,"[!] Review Required","[OK]") | C35: High

Sheet Approval Sign-Off
A1: ASSESSMENT APPROVAL AND SIGN-OFF
A3: ASSESSMENT SUMMARY
A4: Document: | B4: ISMS-IMP-A.8.4.1 - Repository Access Control Assessment
A5: Assessment Period:
A6: Overall Compliance: | B6: =IFERROR('Summary Dashboard'!G10,"")
A7: Assessment Status:
A10: COMPLETED BY (ASSESSOR)
A11: Name:
A12: Title:
A13: Date:
A14: Signature:
A15: Comments:
A17: REVIEWED BY (INFORMATION SECURITY OFFICER)
A18: Name:
A19: Title:
A20: Date:
A21: Signature:
... A37: Special Considerations:
