Workbook

Sheet Instructions & Legend
A1: ISMS-IMP-A.8.4.2 - Branch Protection Assessment ISO/IEC 27001:2022 - Control A.8.4: Access to Source Code
A3: Document Information
A4: Document ID | B4: ISMS-IMP-A.8.4.2
A5: Workbook Title | B5: Branch Protection Assessment
A6: Control Reference | B6: ISO/IEC 27001:2022 - Control A.8.4: Access to Source Code
A7: Version | B7: 1.0
A8: Assessment Date
A9: Completed By
A10: Organisation
A12: Instructions
A13: 1. Complete Repository Branch Inventory for all branches requiring protection.
A14: 2. Document protection rules in Branch Protection Details.
A15: 3. Assess pull request configuration in Pull Request Configuration.
A16: 4. Verify status checks in Status Check Verification.
A17: 5. Track signed commits in Signed Commits Audit.
A18: 6. Document exceptions in Exception Management.
A19: 7. Review Summary Dashboard for automated metrics.
A20: 8. Identify gaps in Gap Analysis and create remediation plans.
... A24: Status Legend
A25: Symbol | B25: Status | C25: Description
A26: ✓ | B26: Compliant / Complete | C26: Requirement fully met
A27: ⚠ | B27: Partial / In Progress | C27: Partially met or in progress
A28: ✗ | B28: Non-Compliant / Not Started | C28: Requirement not met
A29: — | B29: Not Applicable | C29: Not applicable to this assessment

Sheet Repository Branch Inventory
A1: REPOSITORY BRANCH INVENTORY
A2: Document all branches requiring protection
A3: Repository Name | B3: Repository Platform | C3: Repository Classification | D3: Branch Name | E3: Branch Type | F3: Protection Required | G3: Protection Configured | H3: Status
A4: [Example: customer-portal] | B4: GitHub | C4: Production Code | D4: main | E4: Main | F4: ✅ Yes | G4: ✅ Yes | H4: ✅ Compliant

Sheet Branch Protection Details
A1: BRANCH PROTECTION DETAILS
A2: Document specific protection rules for each branch
A3: Repository Name | B3: Branch Name | C3: Direct Commits Blocked | D3: Pull Request Required | E3: Required Approvals | F3: Dismiss Stale Reviews | G3: Code Owner Review | H3: Status Checks Required | I3: Status Check List | J3: Signed Commits Required | K3: Linear History | L3: Compliance Score (%) | M3: Status
A4: [Example: customer-portal] | B4: main | C4: ✅ Yes | D4: ✅ Yes | E4: 2 | F4: ✅ Yes | G4: ✅ Yes | H4: ✅ Yes | I4: [Example: build, test, security-scan] | J4: ✅ Yes | K4: ✅ Yes | L4: =((COUNTIF(C4:K4,"✅ Yes")/9)*100) | M4: ✅ Compliant

Sheet Pull Request Configuration
A1: PULL REQUEST CONFIGURATION
A2: Assess pull request workflow configuration
A3: Repository Name | B3: Minimum Reviewers | C3: Code Owner Review | D3: Dismiss Stale Approvals | E3: Restrict Dismiss | F3: Conversation Resolution | G3: Self-Approval Blocked | H3: Compliance Status
A4: [Example: customer-portal] | B4: 2 | C4: ✅ Required | D4: ✅ Yes | E4: ✅ Yes | F4: ✅ Yes | G4: ✅ Yes | H4: ✅ Compliant

Sheet Status Check Verification
A1: STATUS CHECK VERIFICATION
A2: Document CI/CD status checks
A3: Repository Name | B3: Status Checks Configured | C3: Build Check | D3: Test Check | E3: Lint Check | F3: Security Check | G3: All Checks Must Pass | H3: Up-to-Date Before Merge | I3: Compliance Status
A4: [Example: customer-portal] | B4: ✅ Yes | C4: ✅ Configured | D4: ✅ Configured | E4: ✅ Configured | F4: ✅ Configured | G4: ✅ Yes | H4: ✅ Yes | I4: ✅ Compliant

Sheet Signed Commits Audit
A1: SIGNED COMMITS AUDIT
A2: Track signed commit adoption
A3: Repository Name | B3: Signed Commits Required | C3: % Commits Signed (30 days) | D3: GPG Infrastructure | E3: Developer Training | F3: Compliance Status
A4: [Example: customer-portal] | B4: ✅ Yes | C4: 85 | D4: ✅ Implemented | E4: ✅ Completed | F4: ✅ Compliant

Sheet Exception Management
A1: EXCEPTION MANAGEMENT
A2: Track branch protection exceptions
A3: Exception ID | B3: Repository/Branch | C3: Exception Reason | D3: Granted By | E3: Grant Date | F3: Expiration Date | G3: Review Date | H3: Status
A4: EXC-001 | B4: [Example: legacy-app/main] | C4: [Example: Repository in decommission process] | D4: [Example: CISO] | E4: 07.03.2026 | F4: 05.06.2026 | G4: 06.04.2026 | H4: Active

Sheet Gap Analysis
A1: GAP ANALYSIS
A2: Document identified gaps in branch protection and access controls
A3: Gap ID | B3: Gap Description | C3: Affected Repositories | D3: Remediation Plan | E3: Responsible Party | F3: Target Date | G3: Status | H3: Notes
A4: GAP-001 | B4: Main branch has no required reviewers | C4: prod-api, customer-portal | D4: Enable required reviews (minimum 2 approvals) | E4: Security Team | F4: 28.02.2026 | G4: Open | H4: High priority - production repositories

Sheet Evidence Register
A1: EVIDENCE REGISTER
A2: List all evidence files/documents referenced in this assessment (audit traceability).
A4: Evidence ID | B4: Assessment Area | C4: Evidence Type | D4: Description | E4: Location/Path | F4: Date Collected | G4: Collected By | H4: Verification Status
A5: EV-001 | B5: Branch Protection | C5: Configuration file | D5: Main branch protection rules for prod-api repository | E5: /evidence/branch-protection-prod-api.json | F5: 15.01.2026 | G5: Security Team | H5: Verified

Sheet Summary Dashboard
A1: Branch Protection Assessment — SUMMARY DASHBOARD
A2: ISO/IEC 27001:2022 - Control A.8.4: Access to Source Code
A3: COMPLIANCE ASSESSMENT SUMMARY
A4: Assessment Area | B4: Questions Answered | C4: No Gap | D4: Gap Identified | E4: N/A | F4: Target | G4: Compliance %
A5: Branch Inventory & Status | B5: =COUNTA('Repository Branch Inventory'!A5:A54) | C5: =COUNTIF('Repository Branch Inventory'!H5:H54,"✅ Compliant") | D5: =COUNTIF('Repository Branch Inventory'!H5:H54,"⚠️ Partial")+COUNTIF('Repository Branch Inventory'!H5:H54,"❌ Non-Compliant") | E5: 0 | F5: 0.85 | G5: =IFERROR(C5/(C5+D5)*100,0)
A6: Branch Protection Configuration | B6: =COUNTA('Branch Protection Details'!A5:A54) | C6: =COUNTIF('Branch Protection Details'!M5:M54,"✅ Compliant") | D6: =COUNTIF('Branch Protection Details'!M5:M54,"⚠️ Partial")+COUNTIF('Branch Protection Details'!M5:M54,"❌ Non-Compliant") | E6: 0 | F6: 0.85 | G6: =IFERROR(C6/(C6+D6)*100,0)
A7: Pull Request Controls | B7: =COUNTA('Pull Request Configuration'!A5:A54) | C7: =COUNTIF('Pull Request Configuration'!H5:H54,"✅ Compliant") | D7: =COUNTIF('Pull Request Configuration'!H5:H54,"⚠️ Partial")+COUNTIF('Pull Request Configuration'!H5:H54,"❌ Non-Compliant") | E7: 0 | F7: 0.85 | G7: =IFERROR(C7/(C7+D7)*100,0)
A8: Status Check Compliance | B8: =COUNTA('Status Check Verification'!A5:A54) | C8: =COUNTIF('Status Check Verification'!I5:I54,"✅ Compliant") | D8: =COUNTIF('Status Check Verification'!I5:I54,"⚠️ Partial")+COUNTIF('Status Check Verification'!I5:I54,"❌ Non-Compliant") | E8: 0 | F8: 0.9 | G8: =IFERROR(C8/(C8+D8)*100,0)
A9: Code Integrity — Signed Commits | B9: =COUNTA('Signed Commits Audit'!A5:A54) | C9: =COUNTIF('Signed Commits Audit'!F5:F54,"✅ Compliant") | D9: =COUNTIF('Signed Commits Audit'!F5:F54,"⚠️ Partial")+COUNTIF('Signed Commits Audit'!F5:F54,"❌ Non-Compliant") | E9: 0 | F9: 0.85 | G9: =IFERROR(C9/(C9+D9)*100,0)
A10: TOTAL | B10: =SUM(B5:B9) | C10: =SUM(C5:C9) | D10: =SUM(D5:D9) | E10: =SUM(E5:E9) | F10: — | G10: =IFERROR(AVERAGE(G5:G9),0)
A12: BRANCH PROTECTION HEALTH METRICS
A13: Metric | B13: Value | C13: Target
A14: Total Branches Assessed | B14: =COUNTA('Repository Branch Inventory'!A5:A54) | C14: ≥1
A15: Partially Protected Branches | B15: =COUNTIF('Repository Branch Inventory'!H5:H54,"⚠️ Partial") | C15: 0
A16: Avg Branch Protection Score (%) | B16: =IFERROR(AVERAGE('Branch Protection Details'!L5:L54)/100,0) | C16: ≥85%
A17: Branches Requiring Pull Request | B17: =COUNTIF('Branch Protection Details'!D5:D54,"✅ Yes") | C17: —
A18: Branches with Code Owner Review | B18: =COUNTIF('Branch Protection Details'!G5:G54,"✅ Yes") | C18: —
A19: Repos Missing Security Status Check | B19: =COUNTIF('Status Check Verification'!F5:F54,"❌ Missing") | C19: 0
A20: Repos without All Checks Required | B20: =COUNTIF('Status Check Verification'!G5:G54,"❌ No") | C20: 0
A21: Repos Allowing Self-Approval | B21: =COUNTIF('Pull Request Configuration'!G5:G54,"❌ No") | C21: 0
A22: Avg Signed Commit Rate (%) | B22: =IFERROR(AVERAGE('Signed Commits Audit'!C5:C54)/100,0) | C22: ≥90%
A23: Active Policy Exceptions | B23: =COUNTIF('Exception Management'!H5:H54,"Active") | C23: 0
A24: Open Remediation Gaps | B24: =COUNTIF('Gap Analysis'!G5:G54,"Open") | C24: 0
A25: Unverified Evidence Items | B25: =COUNTIF('Evidence Register'!H6:H105,"Not verified") | C25: 0
A27: CRITICAL FINDINGS
A28: Critical Finding | B28: Status | C28: Severity
A29: Direct commits to protected branches allowed | B29: =IF(COUNTIF('Branch Protection Details'!C5:C54,"❌ No")>0,"[!] Review Required","[OK]") | C29: Critical
A30: Pull request not required on protected branches | B30: =IF(COUNTIF('Branch Protection Details'!D5:D54,"❌ No")>0,"[!] Review Required","[OK]") | C30: Critical
A31: Self-approval of pull requests possible | B31: =IF(COUNTIF('Pull Request Configuration'!G5:G54,"❌ No")>0,"[!] Review Required","[OK]") | C31: High
A32: Security status check missing | B32: =IF(COUNTIF('Status Check Verification'!F5:F54,"❌ Missing")>0,"[!] Review Required","[OK]") | C32: High
A33: Active policy exceptions present | B33: =IF(COUNTIF('Exception Management'!H5:H54,"Active")>0,"[!] Review Required","[OK]") | C33: High
A34: Signed commits not enforced | B34: =IF(COUNTIF('Signed Commits Audit'!B5:B54,"❌ No")>0,"[!] Review Required","[OK]") | C34: High
A35: Overall compliance <70% | B35: =IF(G10<70,"[!] Below Target","[OK]") | C35: Critical
A36: Open remediation gaps | B36: =IF(COUNTIF('Gap Analysis'!G5:G54,"Open")>0,"[!] Review Required","[OK]") | C36: High

Sheet Approval Sign-Off
A1: ASSESSMENT APPROVAL AND SIGN-OFF
A3: ASSESSMENT SUMMARY
A4: Document: | B4: ISMS-IMP-A.8.4.2 - Branch Protection Assessment
A5: Assessment Period:
A6: Overall Compliance: | B6: =IFERROR('Summary Dashboard'!G10,"")
A7: Assessment Status:
A10: COMPLETED BY (ASSESSOR)
A11: Name:
A12: Title:
A13: Date:
A14: Signature:
A15: Comments:
A17: REVIEWED BY (INFORMATION SECURITY OFFICER)
A18: Name:
A19: Title:
A20: Date:
A21: Signature:
... A37: Special Considerations:
