Workbook

Sheet Executive Summary
A1: ISMS Equipment Protection Compliance Dashboard ISO/IEC 27001:2022 Controls A.7.8 & A.7.9
A3: OVERALL COMPLIANCE SCORE
A4: ='Data Input'!C18 | C4: Status: | D4: =IF(VALUE(SUBSTITUTE('Data Input'!C18,"%",""))>=90,"Compliant",IF(VALUE(SUBSTITUTE('Data Input'!C18,"%",""))>=75,"Partial","Non-Compliant"))
C5: Last Updated:
C6: Assessment Period:
A8: CONTROL AREA SCORES
A9: Control | B9: Description | C9: Score | D9: Items | E9: Compliant | F9: Partial | G9: Non-Compliant | H9: Status
A10: A.7.8 | B10: Equipment Siting | C10: ='Data Input'!C10 | D10: ='Data Input'!D10 | E10: ='Data Input'!E10 | F10: ='Data Input'!F10 | G10: ='Data Input'!G10 | H10: =IF(VALUE(SUBSTITUTE(C10,"%",""))>=90,"✅",IF(VALUE(SUBSTITUTE(C10,"%",""))>=75,"⚠","❌"))
A11: A.7.9 | B11: Off-Premises Security | C11: ='Data Input'!C16 | D11: ='Data Input'!D16 | E11: ='Data Input'!E16 | F11: ='Data Input'!F16 | G11: ='Data Input'!G16 | H11: =IF(VALUE(SUBSTITUTE(C11,"%",""))>=90,"✅",IF(VALUE(SUBSTITUTE(C11,"%",""))>=75,"⚠","❌"))
A13: KEY METRICS
A14: Total Open Gaps: | B14: =COUNTIF('Gap Register'!J:J,"Open")+COUNTIF('Gap Register'!J:J,"In Progress")
A15: Critical Gaps: | B15: =COUNTIF('Gap Register'!F:F,"Critical")
A16: High Priority Gaps: | B16: =COUNTIF('Gap Register'!F:F,"High")
A17: Incidents This Quarter: | B17: =COUNTA('Incident Tracker'!A:A)-1
A18: Audit Readiness: | B18: ='Audit Readiness'!C15
A20: CRITICAL ALERTS
A21: ❌ Review 'Gap Register' sheet for open critical and high priority gaps
A22: ⚠ Check 'Incident Tracker' for recent equipment security incidents
A23: ✅ Verify 'Audit Readiness' checklist before scheduled audits

Sheet Control Area Details
A1: CONTROL AREA DETAILS
A3: A.7.8 - EQUIPMENT SITING AND PROTECTION
A4: Sub-domain | B4: Score | C4: Items | D4: Compliant | E4: Partial | F4: Non-Compliant | G4: N/A
A5: Equipment Locations | B5: ='Data Input'!C5 | C5: ='Data Input'!D5 | D5: ='Data Input'!E5 | E5: ='Data Input'!F5 | F5: ='Data Input'!G5 | G5: ='Data Input'!H5
A6: Environmental Assessment | B6: ='Data Input'!C6 | C6: ='Data Input'!D6 | D6: ='Data Input'!E6 | E6: ='Data Input'!F6 | F6: ='Data Input'!G6 | G6: ='Data Input'!H6
A7: Physical Security | B7: ='Data Input'!C7 | C7: ='Data Input'!D7 | D7: ='Data Input'!E7 | E7: ='Data Input'!F7 | F7: ='Data Input'!G7 | G7: ='Data Input'!H7
A8: Power Infrastructure | B8: ='Data Input'!C8 | C8: ='Data Input'!D8 | D8: ='Data Input'!E8 | E8: ='Data Input'!F8 | F8: ='Data Input'!G8 | G8: ='Data Input'!H8
A9: Workstation Security | B9: ='Data Input'!C9 | C9: ='Data Input'!D9 | D9: ='Data Input'!E9 | E9: ='Data Input'!F9 | F9: ='Data Input'!G9 | G9: ='Data Input'!H9
A10: A.7.8 TOTAL | B10: ='Data Input'!C10
A12: A.7.9 - SECURITY OF ASSETS OFF-PREMISES
A13: Sub-domain | B13: Score | C13: Items | D13: Compliant | E13: Partial | F13: Non-Compliant | G13: N/A
A14: Equipment Inventory | B14: ='Data Input'!C11 | C14: ='Data Input'!D11 | D14: ='Data Input'!E11 | E14: ='Data Input'!F11 | F14: ='Data Input'!G11 | G14: 0
A15: Authorisation & Tracking | B15: ='Data Input'!C12 | C15: ='Data Input'!D12 | D15: ='Data Input'!E12 | E15: ='Data Input'!F12 | F15: ='Data Input'!G12 | G15: 0
A16: Protection Measures | B16: ='Data Input'!C13 | C16: ='Data Input'!D13 | D16: ='Data Input'!E13 | E16: ='Data Input'!F13 | F16: ='Data Input'!G13 | G16: 0
A17: Remote Working | B17: ='Data Input'!C14 | C17: ='Data Input'!D14 | D17: ='Data Input'!E14 | E17: ='Data Input'!F14 | F17: ='Data Input'!G14 | G17: 0
A18: Permanent Off-Site | B18: ='Data Input'!C15 | C18: ='Data Input'!D15 | D18: ='Data Input'!E15 | E18: ='Data Input'!F15 | F18: ='Data Input'!G15 | G18: 0
A19: A.7.9 TOTAL | B19: ='Data Input'!C16

Sheet Gap Register
A1: GAP REGISTER
A2: Track all compliance gaps requiring remediation.
A4: Gap ID | B4: Control | C4: Sub-domain | D4: Description | E4: Risk Impact | F4: Priority | G4: Owner | H4: Identified Date | I4: Target Date | J4: Status | K4: Days Open | L4: Overdue | M4: Evidence Ref | N4: Notes
A5: GAP-001 | K5: =IF(H5="","",IF(J5="Completed",DATEDIF(H5,I5,"d"),DATEDIF(H5,TODAY(),"d"))) | L5: =IF(OR(J5="Completed",J5="",I5=""),"",IF(I5<TODAY(),"Yes","No"))
A6: GAP-002 | K6: =IF(H6="","",IF(J6="Completed",DATEDIF(H6,I6,"d"),DATEDIF(H6,TODAY(),"d"))) | L6: =IF(OR(J6="Completed",J6="",I6=""),"",IF(I6<TODAY(),"Yes","No"))
A7: GAP-003 | K7: =IF(H7="","",IF(J7="Completed",DATEDIF(H7,I7,"d"),DATEDIF(H7,TODAY(),"d"))) | L7: =IF(OR(J7="Completed",J7="",I7=""),"",IF(I7<TODAY(),"Yes","No"))
A8: GAP-004 | K8: =IF(H8="","",IF(J8="Completed",DATEDIF(H8,I8,"d"),DATEDIF(H8,TODAY(),"d"))) | L8: =IF(OR(J8="Completed",J8="",I8=""),"",IF(I8<TODAY(),"Yes","No"))
A9: GAP-005 | K9: =IF(H9="","",IF(J9="Completed",DATEDIF(H9,I9,"d"),DATEDIF(H9,TODAY(),"d"))) | L9: =IF(OR(J9="Completed",J9="",I9=""),"",IF(I9<TODAY(),"Yes","No"))
A10: GAP-006 | K10: =IF(H10="","",IF(J10="Completed",DATEDIF(H10,I10,"d"),DATEDIF(H10,TODAY(),"d"))) | L10: =IF(OR(J10="Completed",J10="",I10=""),"",IF(I10<TODAY(),"Yes","No"))
A11: GAP-007 | K11: =IF(H11="","",IF(J11="Completed",DATEDIF(H11,I11,"d"),DATEDIF(H11,TODAY(),"d"))) | L11: =IF(OR(J11="Completed",J11="",I11=""),"",IF(I11<TODAY(),"Yes","No"))
A12: GAP-008 | K12: =IF(H12="","",IF(J12="Completed",DATEDIF(H12,I12,"d"),DATEDIF(H12,TODAY(),"d"))) | L12: =IF(OR(J12="Completed",J12="",I12=""),"",IF(I12<TODAY(),"Yes","No"))
A13: GAP-009 | K13: =IF(H13="","",IF(J13="Completed",DATEDIF(H13,I13,"d"),DATEDIF(H13,TODAY(),"d"))) | L13: =IF(OR(J13="Completed",J13="",I13=""),"",IF(I13<TODAY(),"Yes","No"))
A14: GAP-010 | K14: =IF(H14="","",IF(J14="Completed",DATEDIF(H14,I14,"d"),DATEDIF(H14,TODAY(),"d"))) | L14: =IF(OR(J14="Completed",J14="",I14=""),"",IF(I14<TODAY(),"Yes","No"))
A15: GAP-011 | K15: =IF(H15="","",IF(J15="Completed",DATEDIF(H15,I15,"d"),DATEDIF(H15,TODAY(),"d"))) | L15: =IF(OR(J15="Completed",J15="",I15=""),"",IF(I15<TODAY(),"Yes","No"))
A16: GAP-012 | K16: =IF(H16="","",IF(J16="Completed",DATEDIF(H16,I16,"d"),DATEDIF(H16,TODAY(),"d"))) | L16: =IF(OR(J16="Completed",J16="",I16=""),"",IF(I16<TODAY(),"Yes","No"))
... A104: GAP-100 | K104: =IF(H104="","",IF(J104="Completed",DATEDIF(H104,I104,"d"),DATEDIF(H104,TODAY(),"d"))) | L104: =IF(OR(J104="Completed",J104="",I104=""),"",IF(I104<TODAY(),"Yes","No"))

Sheet Incident Tracker
A1: EQUIPMENT SECURITY INCIDENT TRACKER
A3: Incident ID | B3: Date | C3: Equipment Type | D3: Incident Type | E3: Location | F3: Data Sensitivity | G3: Remote Wipe | H3: Hours to Report | I3: Recovery Status | J3: Root Cause | K3: Lesson Learned | L3: Notes
A4: INC-001
A5: INC-002
A6: INC-003
A7: INC-004
A8: INC-005
A9: INC-006
A10: INC-007
A11: INC-008
A12: INC-009
A13: INC-010
A14: INC-011
A15: INC-012
... A103: INC-100

Sheet Remediation Plan
A1: REMEDIATION PLAN
A3: Action ID | B3: Related Gap ID | C3: Description | D3: Action Type | E3: Owner | F3: Start Date | G3: Target Date | H3: Status | I3: % Complete | J3: Resources Required | K3: Cost Estimate | L3: Notes
A4: ACT-001
A5: ACT-002
A6: ACT-003
A7: ACT-004
A8: ACT-005
A9: ACT-006
A10: ACT-007
A11: ACT-008
A12: ACT-009
A13: ACT-010
A14: ACT-011
A15: ACT-012
... A53: ACT-050

Sheet Audit Readiness
A1: AUDIT READINESS CHECKLIST
A3: Document/Evidence | B3: Required | C3: Available | D3: Current | E3: Evidence Location
A4: Equipment Siting Policy (ISMS-POL-A.7.8-9) | B4: Yes
A5: Equipment Siting Assessment (S1) | B5: Yes
A6: Off-Premises Security Assessment (S2) | B6: Yes
A7: Equipment Removal Authorisation Forms | B7: Yes
A8: Remote Working Policy | B8: Yes
A9: MDM Compliance Reports | B9: Yes
A10: Environmental Monitoring Reports | B10: Yes
A11: Physical Security Incident Reports | B11: Yes
A12: Equipment Loss/Theft Reports | B12: Yes
A13: UPS and Generator Test Records | B13: Yes
A15: AUDIT READINESS SCORE: | C15: =ROUND(COUNTIF(C4:C13,"Yes")/10*100,0)&"%"

Sheet Trend Analysis
A1: COMPLIANCE TREND ANALYSIS
A3: Quarter | B3: A.7.8 Score | C3: A.7.9 Score | D3: Overall Score | E3: Open Gaps | F3: Incidents | G3: Notes
A4: Q1 2025 | D4: =IF(OR(B4="",C4=""),"",(VALUE(SUBSTITUTE(B4,"%",""))+VALUE(SUBSTITUTE(C4,"%","")))/2&"%")
A5: Q2 2025 | D5: =IF(OR(B5="",C5=""),"",(VALUE(SUBSTITUTE(B5,"%",""))+VALUE(SUBSTITUTE(C5,"%","")))/2&"%")
A6: Q3 2025 | D6: =IF(OR(B6="",C6=""),"",(VALUE(SUBSTITUTE(B6,"%",""))+VALUE(SUBSTITUTE(C6,"%","")))/2&"%")
A7: Q4 2025 | D7: =IF(OR(B7="",C7=""),"",(VALUE(SUBSTITUTE(B7,"%",""))+VALUE(SUBSTITUTE(C7,"%","")))/2&"%")
A8: Q1 2026 | D8: =IF(OR(B8="",C8=""),"",(VALUE(SUBSTITUTE(B8,"%",""))+VALUE(SUBSTITUTE(C8,"%","")))/2&"%")

Sheet Data Input
A1: DATA INPUT - SOURCE ASSESSMENT DATA
A2: Enter data from S1 (Equipment Siting) and S2 (Off-Premises Assets) assessments.
A4: A.7.8 EQUIPMENT SITING DATA (from ISMS-IMP-A.7.8.S1)
A5: Sub-domain | B5: Score | C5: Items | D5: Compliant | E5: Partial | F5: Non-Compliant | G5: N/A | H5: Notes
A6: Equipment Locations | B6: =IF(D6=0,"0%",ROUND(E6/D6*100,1)&"%")
A7: Environmental Assessment | B7: =IF(D7=0,"0%",ROUND(E7/D7*100,1)&"%")
A8: Physical Security | B8: =IF(D8=0,"0%",ROUND(E8/D8*100,1)&"%")
A9: Power Infrastructure | B9: =IF(D9=0,"0%",ROUND(E9/D9*100,1)&"%")
A10: Workstation Security | B10: =IF(D10=0,"0%",ROUND(E10/D10*100,1)&"%")
A11: A.7.8 TOTAL | B11: =IF(D11=0,"0%",ROUND(E11/D11*100,1)&"%") | C11: =SUM(D6:D10) | D11: =SUM(E6:E10) | E11: =SUM(F6:F10) | F11: =SUM(G6:G10) | G11: =SUM(H6:H10)
A13: A.7.9 OFF-PREMISES SECURITY DATA (from ISMS-IMP-A.7.9.S2)
A14: Sub-domain | B14: Score | C14: Items | D14: Compliant | E14: Partial | F14: Non-Compliant | G14: N/A | H14: Notes
A15: Equipment Inventory | B15: =IF(D15=0,"0%",ROUND(E15/D15*100,1)&"%")
A16: Authorisation & Tracking | B16: =IF(D16=0,"0%",ROUND(E16/D16*100,1)&"%")
A17: Protection Measures | B17: =IF(D17=0,"0%",ROUND(E17/D17*100,1)&"%")
A18: Remote Working | B18: =IF(D18=0,"0%",ROUND(E18/D18*100,1)&"%")
A19: Permanent Off-Site | B19: =IF(D19=0,"0%",ROUND(E19/D19*100,1)&"%")
A20: A.7.9 TOTAL | B20: =IF(D20=0,"0%",ROUND(E20/D20*100,1)&"%") | C20: =SUM(D15:D19) | D20: =SUM(E15:E19) | E20: =SUM(F15:F19) | F20: =SUM(G15:G19)
A22: OVERALL SCORE: | B22: =IF(D11+D20=0,"0%",ROUND((E11+E20)/(D11+D20)*100,1)&"%")
