Workbook

Sheet Instructions & Legend
A1: ISMS-IMP-A.5.31.3 - Requirements Register ISO/IEC 27001:2022 - Control A.5.31: Legal, Statutory, Regulatory and Contractual Requirements
A3: Document Information
A4: Document ID | B4: ISMS-IMP-A.5.31.3
A5: Workbook Title | B5: Requirements Register
A6: Control Reference | B6: ISO/IEC 27001:2022 - Control A.5.31: Legal, Statutory, Regulatory and Contractual Requirements
A7: Version | B7: 1.0
A8: Assessment Date
A9: Completed By
A10: Organisation
A12: Instructions
A13: 1. Complete the Requirements Register — extract specific obligations from each regulation.
A14: 2. Use the Extraction Worksheet to review regulations article by article.
A15: 3. Map each requirement to the responsible control owner and business process.
A16: 4. Document compliance status (Compliant, Partial, Non-Compliant) with evidence references.
A17: 5. Identify gaps and create remediation items for non-compliant requirements.
A18: 6. Maintain the Evidence Register with requirement source documents and assessments.
A19: 7. Obtain final approval and sign-off in the Approval Sign-Off sheet.
A21: Status Legend
A22: Symbol | B22: Status | C22: Description
A23: ✓ | B23: Compliant / Complete | C23: Requirement fully met
A24: ⚠ | B24: Partial / In Progress | C24: Partially met or in progress
A25: ✗ | B25: Non-Compliant / Not Started | C25: Requirement not met
A26: — | B26: Not Applicable | C26: Not applicable to this assessment

Sheet Requirements Register
A1: REQUIREMENTS REGISTER
A2: Requirement ID | B2: Regulation ID | C2: Regulation Name | D2: Citation | E2: Original Requirement Text | F2: Interpreted Requirement | G2: Category | H2: Priority | I2: Implementation Deadline | J2: Implementation Status | K2: Mapped Controls | L2: Gap Status | M2: Responsible Party | N2: Notes | O2: Extracted By | P2: Reviewed By | Q2: Approved By | R2: Last Updated
A3: REG-GDPR-32-001 | B3: REG-EU-001 | C3: GDPR | D3: Article 32(1)(a) | E3: The controller and the processor shall implement appropriate technical and organisational measures to ensure a level of security appropriate to the risk, including inter alia as appropriate: (a) the pseudonymisation and encryption of personal data | F3: Implement encryption for personal data at rest and in transit where appropriate based on risk assessment | G3: Technical | H3: High | I3: 45809 | J3: ⏳ In Progress | K3: A.8.24, A.5.10 | L3: ⚠ Partial Gap | M3: CISO | N3: Encryption in transit complete (TLS 1.3). Database encryption in progress (Q1 2025). | O3: Compliance Analyst / 2024-11-15 | P3: Legal Counsel / 2024-11-20 | Q3: Compliance Officer / 2024-11-22 | R3: 46082.508
A4: REG-GDPR-33-001 | B4: REG-EU-001 | C4: GDPR | D4: Article 33(1) | E4: In the case of a personal data breach, the controller shall without undue delay and, where feasible, not later than 72 hours after having become aware of it, notify the personal data breach to the supervisory authority | F4: Notify data protection authority within 72 hours of becoming aware of personal data breach | G4: Reporting | H4: High | I4: 45717 | J4: ➖ Not Started | K4: A.5.26, A.5.25 | L4: ❌ Complete Gap | M4: Incident Response Lead | N4: Requires incident response procedure update and SIEM alerting configuration. | O4: Compliance Analyst / 2024-11-15 | P4: Legal Counsel / 2024-11-20 | Q4: Compliance Officer / 2024-11-22 | R4: 46082.508
A5: REG-GDPR-37-001 | B5: REG-EU-001 | C5: GDPR | D5: Article 37(1) | E5: The controller and the processor shall designate a data protection officer in cases where processing is carried out by a public authority or body | F5: Appoint Data Protection Officer (DPO) where required by Article 37 criteria | G5: Organisational | H5: High | I5: 45657 | J5: ✅ Implemented | K5: A.5.2, A.6.1 | L5: ✅ No Gap | M5: Executive Management | N5: DPO appointed June 2024. Contact: dpo@organisation.ch | O5: Compliance Analyst / 2024-11-15 | P5: Legal Counsel / 2024-11-20 | Q5: Compliance Officer / 2024-11-22 | R5: 46082.508
A6: REG-ISO27001-5.1-001 | B6: REG-INT-001 | C6: ISO 27001:2022 | D6: Clause 5.1 / A.5.1 | E6: Top management shall establish, implement and maintain information security policies that are approved, communicated to all relevant parties, and available as documented information | F6: Establish, document, approve, and communicate information security policies to all relevant parties | G6: Organisational | H6: High | I6: 45688 | J6: ✅ Implemented | K6: A.5.1 | L6: ✅ No Gap | M6: ISMS Manager | N6: ISMS policies documented and approved. Annual review scheduled Q4. | O6: ISMS Analyst / 2024-10-01 | P6: ISMS Manager / 2024-10-05 | Q6: Executive Management / 2024-10-10 | R6: 46082.508
A7: REG-ISO27001-6.1-001 | B7: REG-INT-001 | C7: ISO 27001:2022 | D7: Clause 6.1.2 | E7: The organisation shall define and apply an information security risk assessment process | F7: Define and implement systematic information security risk assessment process | G7: Organisational | H7: High | I7: 45716 | J7: ⏳ In Progress | K7: A.5.7, A.8.8 | L7: ⚠ Partial Gap | M7: CISO | N7: Risk assessment methodology documented. Tool selection in progress (Q1 2025). | O7: ISMS Analyst / 2024-10-01 | P7: ISMS Manager / 2024-10-05 | Q7: Executive Management / 2024-10-10 | R7: 46082.508
A8: REG-ISO27001-8.1-001 | B8: REG-INT-001 | C8: ISO 27001:2022 | D8: Clause 8.1 / Annex A | E8: The organisation shall plan, implement and control the processes needed to meet information security requirements, and to implement the actions determined in 6.1 | F8: Implement and control all applicable Annex A controls as documented in Statement of Applicability | G8: Technical | H8: High | I8: 45930 | J8: ⏳ In Progress | K8: All 93 Annex A controls | L8: ⚠ Partial Gap | M8: ISMS Manager | N8: Control implementation roadmap in progress. 65/93 controls implemented (70%). | O8: ISMS Analyst / 2024-10-01 | P8: ISMS Manager / 2024-10-05 | Q8: Executive Management / 2024-10-10 | R8: 46082.508
A9: REG-FADP-7-001 | B9: REG-CH-001 | C9: Swiss FADP | D9: Article 7 | E9: The controller shall implement appropriate technical and organisational measures to ensure a level of data security appropriate to the risk to the personality and fundamental rights of the data subject arising from the processing | F9: Implement risk-appropriate technical and organisational measures to protect personal data | G9: Technical | H9: High | I9: 45838 | J9: ⏳ In Progress | K9: A.5.10, A.5.14, A.8.1-8.34 | L9: ⚠ Partial Gap | M9: CISO | N9: Overlaps significantly with GDPR Art. 32. Using ISO 27001 controls framework. | O9: Compliance Analyst / 2024-12-01 | P9: Legal Counsel (CH) / 2024-12-05 | Q9: Compliance Officer / 2024-12-08 | R9: 46082.508
A10: REG-FADP-24-001 | B10: REG-CH-001 | C10: Swiss FADP | D10: Article 24 | E10: Controllers and processors shall notify the Federal Data Protection and Information Commissioner (FDPIC) of any data breach likely to result in a high risk to the personality or fundamental rights of the data subject as quickly as possible | F10: Notify FDPIC of high-risk data breaches as quickly as possible | G10: Reporting | H10: High | I10: 45717 | J10: ➖ Not Started | K10: A.5.26, A.5.25 | L10: ❌ Complete Gap | M10: Incident Response Lead | N10: Similar to GDPR but reported to FDPIC. No 72-hour explicit deadline but 'quickly as possible'. | O10: Compliance Analyst / 2024-12-01 | P10: Legal Counsel (CH) / 2024-12-05 | Q10: Compliance Officer / 2024-12-08 | R10: 46082.508
A11: REG-NIS2-21-001 | B11: REG-EU-002 | C11: NIS2 | D11: Article 21 | E11: Essential and important entities shall take appropriate and proportionate technical, operational and organisational measures to manage the risks posed to the security of network and information systems | F11: Implement risk management measures for network and information systems security | G11: Technical | H11: Medium | I11: 45947 | J11: ➖ Not Started | K11: A.5.7, A.8.8, A.8.20 | L11: TBD | M11: CISO | N11: Tier 2 (Conditional): Only applicable if thresholds met. Monitor quarterly. | O11: Compliance Analyst / 2024-12-10 | P11: Legal Counsel / 2024-12-12 | Q11: Compliance Officer / 2024-12-15 | R11: 46082.508
A12: REG-NIS2-23-001 | B12: REG-EU-002 | C12: NIS2 | D12: Article 23 | E12: Essential and important entities shall notify, without undue delay, the CSIRT or, where applicable, the competent authority, of any incident having a significant impact on the provision of their services | F12: Notify CSIRT/competent authority of significant incidents without undue delay | G12: Reporting | H12: Medium | I12: 45947 | J12: ➖ Not Started | K12: A.5.26, A.5.27 | L12: TBD | M12: Incident Response Lead | N12: Tier 2 (Conditional): Two-stage notification (24h initial, 72h detailed report). | O12: Compliance Analyst / 2024-12-10 | P12: Legal Counsel / 2024-12-12 | Q12: Compliance Officer / 2024-12-15 | R12: 46082.508
A13: REG-NIST-ID.AM-001 | B13: REG-VOL-001 | C13: NIST CSF 2.0 | D13: ID.AM-1 | E13: Inventories of hardware managed by the organisation are maintained | F13: Maintain inventory of all hardware assets managed by organisation | G13: Organisational | H13: Low | I13: 46203 | J13: ⏳ In Progress | K13: A.5.9, A.8.9 | L13: ⚠ Partial Gap | M13: IT Operations Manager | N13: Tier 3 (Informational): Voluntary framework. Asset inventory tool deployed (80% coverage). | O13: Security Analyst / 2024-11-01 | P13: CISO / 2024-11-05 | Q13: ISMS Manager / 2024-11-08 | R13: 46082.508
A14: REG-NIST-PR.DS-001 | B14: REG-VOL-001 | C14: NIST CSF 2.0 | D14: PR.DS-1 | E14: Data-at-rest is protected | F14: Implement protection measures for data at rest (encryption, access controls) | G14: Technical | H14: Low | I14: 46203 | J14: ⏳ In Progress | K14: A.8.24, A.5.10, A.8.11 | L14: ⚠ Partial Gap | M14: CISO | N14: Tier 3 (Informational): Overlaps with GDPR/FADP requirements. | O14: Security Analyst / 2024-11-01 | P14: CISO / 2024-11-05 | Q14: ISMS Manager / 2024-11-08 | R14: 46082.508

Sheet Summary Dashboard
A1: REQUIREMENTS REGISTER — SUMMARY DASHBOARD
A2: ISO/IEC 27001:2022 — Control A.5.31: Legal, Statutory, Regulatory and Contractual Requirements | Requirements Register
A4: TABLE 1: ASSESSMENT AREA COMPLIANCE OVERVIEW
A5: Assessment Area | B5: Total Items | C5: Compliant | D5: Partial | E5: Non-Compliant | F5: N/A | G5: Compliance %
A6: Requirements Register | B6: =COUNTA('Requirements Register'!A3:A1000) | C6: =COUNTIF('Requirements Register'!J3:J1000,"✅ Implemented") | D6: =COUNTIF('Requirements Register'!J3:J1000,"⏳ In Progress") | E6: =COUNTIF('Requirements Register'!J3:J1000,"➖ Not Started") | F6: =COUNTIF('Requirements Register'!J3:J1000,"❓ N/A") | G6: =IFERROR(IF((B6-F6)=0,0,C6/(B6-F6)),"")
A7: TOTAL | B7: =SUM(B6:B6) | C7: =SUM(C6:C6) | D7: =SUM(D6:D6) | E7: =SUM(E6:E6) | F7: =SUM(F6:F6) | G7: =IFERROR(IF((B7-F7)=0,0,C7/(B7-F7)),"")
A9: TABLE 2: KEY METRICS
A10: Metric | B10: Value
A11: Total requirements extracted | B11: =COUNTA('Requirements Register'!A3:A1000)
A12: High priority requirements | B12: =COUNTIF('Requirements Register'!H3:H1000,"High")
A13: Medium priority requirements | B13: =COUNTIF('Requirements Register'!H3:H1000,"Medium")
A14: Technical requirements | B14: =COUNTIF('Requirements Register'!G3:G1000,"Technical")
A15: Organisational requirements | B15: =COUNTIF('Requirements Register'!G3:G1000,"Organisational")
A16: Reporting requirements | B16: =COUNTIF('Requirements Register'!G3:G1000,"Reporting")
A17: Operational requirements | B17: =COUNTIF('Requirements Register'!G3:G1000,"Operational")
A18: Requirements implemented | B18: =COUNTIF('Requirements Register'!J3:J1000,"✅ Implemented")
A19: Requirements in progress | B19: =COUNTIF('Requirements Register'!J3:J1000,"⏳ In Progress")
A20: Requirements not started | B20: =COUNTIF('Requirements Register'!J3:J1000,"➖ Not Started")
A21: Requirements with no gap | B21: =COUNTIF('Requirements Register'!L3:L1000,"✅ No Gap")
A22: Requirements with partial gap | B22: =COUNTIF('Requirements Register'!L3:L1000,"⚠️ Partial Gap")
A23: Requirements with complete gap | B23: =COUNTIF('Requirements Register'!L3:L1000,"❌ Complete Gap")
A25: TABLE 3: CRITICAL FINDINGS REQUIRING IMMEDIATE ATTENTION
A26: Finding | B26: Count | C26: Action Required
A27: High-priority requirements Not Started | B27: =COUNTIFS('Requirements Register'!H3:H1000,"High",'Requirements Register'!J3:J1000,"➖ Not Started") | C27: Immediate escalation — assign owners and implementation deadlines for all High priority requirements
A28: Complete gaps (requirements with no control) | B28: =COUNTIF('Requirements Register'!L3:L1000,"❌ Complete Gap") | C28: Risk acceptance or control implementation required for all complete gap requirements
A29: High-priority requirements with complete gap | B29: =COUNTIFS('Requirements Register'!H3:H1000,"High",'Requirements Register'!L3:L1000,"❌ Complete Gap") | C29: Critical compliance gap — immediate remediation plan required
A33: FINAL DECISION:
A36: NEXT REVIEW DETAILS
A37: Next Review Date:
A38: Review Responsible:
A39: Special Considerations:

Sheet Approval Sign-Off
A1: ASSESSMENT APPROVAL AND SIGN-OFF
A2: ISO/IEC 27001:2022 - Control A.5.31: Legal, Statutory, Regulatory and Contractual Requirements
A3: ASSESSMENT SUMMARY
A4: Document: | B4: ISMS-IMP-A.5.31.3 - Requirements Register
A5: Assessment Period:
A6: Overall Compliance Rating: | B6: =IFERROR(AVERAGE('Summary Dashboard'!G6:G6),"")
A7: Assessment Status:
A8: Assessed By:
A11: COMPLETED BY (ASSESSOR)
A12: Name:
A13: Title:
A14: Date:
A15: Signature:
A16: Comments:
A18: REVIEWED BY (INFORMATION SECURITY OFFICER)
A19: Name:
A20: Title:
A21: Date:
... A38: Special Considerations:

Sheet Extraction Worksheet
A1: EXTRACTION WORKSHEET — ARTICLE-BY-ARTICLE REVIEW
A2: Article # | B2: Article Title | C2: Summary | D2: Contains Obligations? | E2: Est. # Requirements | F2: Complexity | G2: Legal Review? | H2: Status | I2: Notes
A3: Art. 32 | B3: Security of processing | C3: Requirements for technical and organisational measures | D3: Y | E3: 5 | F3: M | G3: N | H3: ✅ Complete | I3: 5 requirements extracted
A4: Art. 33 | B4: Breach notification | C4: 72-hour notification requirement | D4: Y | E4: 1 | F4: S | G4: Y | H4: ✅ Complete | I4: 1 requirement extracted
A5: Art. 34 | B5: Communication to data subjects | C5: Notification to affected individuals | D5: Y | E5: 2 | F5: M | G5: Y | H5: ⏳ In Progress
A6: Art. 35 | B6: Data protection impact assessment | C6: DPIA requirements and process | D6: Y | E6: 4 | F6: C | G6: Y | H6: ➖ Not Started
A7: Art. 36 | B7: Prior consultation | C7: Consultation with supervisory authority | D7: Y | E7: 1 | F7: M | G7: Y | H7: ➖ Not Started
