Workbook

Sheet Instructions & Legend
A1: ISMS-IMP-A.5.31.5 - Evidence Register ISO/IEC 27001:2022 - Control A.5.31: Legal, Statutory, Regulatory and Contractual Requirements
A3: Document Information
A4: Document ID | B4: ISMS-IMP-A.5.31.5
A5: Workbook Title | B5: Evidence Register
A6: Control Reference | B6: ISO/IEC 27001:2022 - Control A.5.31: Legal, Statutory, Regulatory and Contractual Requirements
A7: Version | B7: 1.0
A8: Assessment Date
A9: Completed By
A10: Organisation
A12: Instructions
A13: 1. Complete the Evidence Register — document all evidence demonstrating regulatory compliance.
A14: 2. Organise evidence by regulation using the Evidence by Regulation sheet.
A15: 3. Assign evidence IDs (EV-xxx) and link to specific requirements.
A16: 4. Document evidence type, location, collection date, and next review date.
A17: 5. Review the Summary Dashboard for evidence coverage across all regulations.
A18: 6. Identify gaps where compliance evidence is missing or outdated.
A19: 7. Obtain final approval and sign-off in the Approval Sign-Off sheet.
A21: Status Legend
A22: Symbol | B22: Status | C22: Description
A23: ✓ | B23: Compliant / Complete | C23: Requirement fully met
A24: ⚠ | B24: Partial / In Progress | C24: Partially met or in progress
A25: ✗ | B25: Non-Compliant / Not Started | C25: Requirement not met
A26: — | B26: Not Applicable | C26: Not applicable to this assessment

Sheet Evidence Register
A1: EVIDENCE REGISTER
A2: Document all compliance evidence collected for regulatory audit readiness
A4: Evidence ID | B4: Requirement ID | C4: Control ID | D4: Regulation ID | E4: Evidence Type | F4: Evidence Description | G4: Evidence Location | H4: Collection Date | I4: Valid Until | J4: Responsible Party | K4: Verification Status | L4: Last Verified By | M4: Refresh Frequency | N4: Next Refresh Date | O4: Audit Ready | P4: Notes | Q4: Last Updated
A5: EV-2025-001 | B5: REG-GDPR-32-001 | C5: A.8.24 | D5: REG-EU-001 | E5: Policy | F5: Information Security Policy v3.0 - Encryption Requirements | G5: /Evidence/REG-GDPR/Policies/InfoSec_Policy_v3.0.pdf | H5: 46022.748 | I5: 46447.748 | J5: ISMS Manager | K5: ✅ Verified | L5: Compliance Analyst / 2024-12-15 | M5: Annual | N5: 46447.748 | O5: ✅ Yes | P5: Approved by CISO 2024-11-15 | Q5: 46082.748
A6: EV-2025-002 | B6: REG-GDPR-32-001 | C6: A.5.10 | D6: REG-EU-001 | E6: Procedure | F6: Data Encryption Standard Operating Procedure | G6: /Evidence/REG-GDPR/Procedures/Encryption_SOP_v2.1.pdf | H6: 46037.748 | I6: 46447.748 | J6: CISO | K6: ✅ Verified | L6: Security Ops Lead / 2024-12-10 | M6: Annual | N6: 46447.748 | O6: ✅ Yes | P6: Updated for GDPR compliance Q4 2024 | Q6: 46082.748
A7: EV-2025-003 | B7: REG-GDPR-33-001 | C7: A.5.26 | D7: REG-EU-001 | E7: Procedure | F7: Data Breach Notification Procedure (72h) | G7: /Evidence/REG-GDPR/Procedures/Breach_Notification_v1.0.pdf | H7: 45992.748 | I7: 46447.748 | J7: Incident Response Lead | K7: ⏳ Pending | L7: Awaiting legal review | M7: Annual | N7: 46447.748 | O7: ⚠ Needs Update | P7: Needs update for FDPIC notification (Swiss FADP) | Q7: 46082.748
A8: EV-2025-004 | B8: REG-GDPR-37-001 | C8: A.5.2 | D8: REG-EU-001 | E8: Screenshot | F8: DPO Appointment Documentation & Contact Info | G8: /Evidence/REG-GDPR/Organisational/DPO_Appointment_2024.pdf | H8: 45902.748 | J8: HR Manager | K8: ✅ Verified | L8: Compliance Officer / 2024-11-20 | M8: One-time | O8: ✅ Yes | P8: DPO: dpo@organisation.ch, appointed June 2024 | Q8: 46082.748
A9: EV-2025-005 | B9: REG-ISO27001-5.1-001 | C9: A.5.1 | D9: REG-INT-001 | E9: Policy | F9: ISMS Policy Suite (Master Document) | G9: /Evidence/ISO27001/Policies/ISMS_Master_Policy_v2.0.pdf | H9: 46052.748 | I9: 46417.748 | J9: ISMS Manager | K9: ✅ Verified | L9: ISMS Manager / 2024-12-01 | M9: Annual | N9: 46417.748 | O9: ✅ Yes | P9: Annual review scheduled Q4 2025 | Q9: 46082.748
A10: EV-2025-006 | B10: REG-ISO27001-6.1-001 | C10: A.5.7 | D10: REG-INT-001 | E10: Report | F10: Risk Assessment Report 2024 | G10: /Evidence/ISO27001/Risk/Risk_Assessment_Report_2024.xlsx | H10: 46067.748 | I10: 46432.748 | J10: CISO | K10: ✅ Verified | L10: Risk Manager / 2024-12-20 | M10: Annual | N10: 46432.748 | O10: ✅ Yes | P10: Annual risk assessment completed Q4 2024 | Q10: 46082.748
A11: EV-2025-007 | B11: REG-FADP-7-001 | C11: A.8.24 | D11: REG-CH-001 | E11: ⚙️ Configuration | F11: Database Encryption Configuration Export | G11: /Evidence/REG-FADP/Technical/DB_Encryption_Config_2024.json | H11: 46077.748 | J11: Database Admin | K11: ⏳ Pending | L11: Awaiting verification | M11: Quarterly | N11: 46102.748 | O11: ⚠ Needs Update | P11: Configuration export from production DB. Needs verification. | Q11: 46082.748
A12: EV-2025-008 | B12: REG-FADP-24-001 | C12: A.5.26 | D12: REG-CH-001 | E12: Procedure | F12: FDPIC Breach Notification Procedure | G12: /Evidence/REG-FADP/Procedures/FDPIC_Notification_v1.0.pdf | J12: Incident Response Lead | K12: ❓ Missing | L12: Not collected | M12: As-needed | O12: ❌ No | P12: CRITICAL: Procedure not yet created. Target: Q1 2025 | Q12: 46082.748
A13: EV-2025-009 | B13: REG-NIS2-21-001 | C13: A.8.8 | D13: REG-EU-002 | E13: Test Result | F13: Vulnerability Scan Results Q4 2024 | G13: /Evidence/REG-NIS2/Testing/Vuln_Scan_2024Q4.pdf | H13: 46072.748 | I13: 46162.748 | J13: Security Ops | K13: ✅ Verified | L13: Security Analyst / 2024-12-22 | M13: Quarterly | N13: 46102.748 | O13: ✅ Yes | P13: Tier 2 (Conditional) - maintained for readiness | Q13: 46082.748
A14: EV-2025-010 | B14: REG-NIST-ID.AM-001 | C14: A.5.9 | D14: REG-VOL-001 | E14: Log | F14: Asset Inventory System Export | G14: /Evidence/NIST/Inventory/Asset_Inventory_2024-12.csv | H14: 46080.748 | I14: 46110.748 | J14: IT Ops Manager | K14: ✅ Verified | L14: IT Operations / 2024-12-30 | M14: Monthly | N14: 46110.748 | O14: ✅ Yes | P14: 80% coverage achieved. Monthly exports automated. | Q14: 46082.748
A15: EV-2025-011 | B15: REG-GDPR-32-001 | C15: A.8.24 | D15: REG-EU-001 | E15: Certificate | F15: TLS Certificate for production systems | G15: /Evidence/REG-GDPR/Certificates/TLS_Cert_2024.pem | H15: 45992.748 | I15: 46052.748 | J15: Security Engineer | K15: ❌ Expired | L15: Certificate expired | M15: Annual | N15: 46052.748 | O15: ❌ No | P15: URGENT: TLS certificate expired! Needs renewal immediately. | Q15: 46082.748

Sheet Evidence by Regulation
A1: EVIDENCE SUMMARY — BY REGULATION
A2: Regulation ID | B2: Regulation | C2: Total Evidence | D2: Verified | E2: Pending | F2: Expired | G2: Missing
A3: REG-EU-001 | B3: GDPR | C3: =COUNTIF('Evidence Register'!D:D,"REG-EU-001") | D3: =COUNTIFS('Evidence Register'!D:D,"REG-EU-001",'Evidence Register'!K:K,"*✅*") | E3: =COUNTIFS('Evidence Register'!D:D,"REG-EU-001",'Evidence Register'!K:K,"*⏳*") | F3: =COUNTIFS('Evidence Register'!D:D,"REG-EU-001",'Evidence Register'!K:K,"*❌*") | G3: =COUNTIFS('Evidence Register'!D:D,"REG-EU-001",'Evidence Register'!K:K,"*❓*")
A4: REG-INT-001 | B4: ISO 27001 | C4: =COUNTIF('Evidence Register'!D:D,"REG-INT-001") | D4: =COUNTIFS('Evidence Register'!D:D,"REG-INT-001",'Evidence Register'!K:K,"*✅*") | E4: =COUNTIFS('Evidence Register'!D:D,"REG-INT-001",'Evidence Register'!K:K,"*⏳*") | F4: =COUNTIFS('Evidence Register'!D:D,"REG-INT-001",'Evidence Register'!K:K,"*❌*") | G4: =COUNTIFS('Evidence Register'!D:D,"REG-INT-001",'Evidence Register'!K:K,"*❓*")
A5: REG-CH-001 | B5: Swiss FADP | C5: =COUNTIF('Evidence Register'!D:D,"REG-CH-001") | D5: =COUNTIFS('Evidence Register'!D:D,"REG-CH-001",'Evidence Register'!K:K,"*✅*") | E5: =COUNTIFS('Evidence Register'!D:D,"REG-CH-001",'Evidence Register'!K:K,"*⏳*") | F5: =COUNTIFS('Evidence Register'!D:D,"REG-CH-001",'Evidence Register'!K:K,"*❌*") | G5: =COUNTIFS('Evidence Register'!D:D,"REG-CH-001",'Evidence Register'!K:K,"*❓*")

Sheet Evidence by Control
A1: EVIDENCE SUMMARY — BY ISO 27001 CONTROL
A2: Control ID | B2: Control | C2: Total Evidence | D2: Verified | E2: Pending | F2: Missing
A3: A.5.1 | B3: Policies for information security | C3: =COUNTIF('Evidence Register'!C:C,"A.5.1") | D3: =COUNTIFS('Evidence Register'!C:C,"A.5.1",'Evidence Register'!K:K,"*✅*") | E3: =COUNTIFS('Evidence Register'!C:C,"A.5.1",'Evidence Register'!K:K,"*⏳*") | F3: =COUNTIFS('Evidence Register'!C:C,"A.5.1",'Evidence Register'!K:K,"*❓*")
A4: A.5.2 | B4: Roles and responsibilities | C4: =COUNTIF('Evidence Register'!C:C,"A.5.2") | D4: =COUNTIFS('Evidence Register'!C:C,"A.5.2",'Evidence Register'!K:K,"*✅*") | E4: =COUNTIFS('Evidence Register'!C:C,"A.5.2",'Evidence Register'!K:K,"*⏳*") | F4: =COUNTIFS('Evidence Register'!C:C,"A.5.2",'Evidence Register'!K:K,"*❓*")
A5: A.8.24 | B5: Use of cryptography | C5: =COUNTIF('Evidence Register'!C:C,"A.8.24") | D5: =COUNTIFS('Evidence Register'!C:C,"A.8.24",'Evidence Register'!K:K,"*✅*") | E5: =COUNTIFS('Evidence Register'!C:C,"A.8.24",'Evidence Register'!K:K,"*⏳*") | F5: =COUNTIFS('Evidence Register'!C:C,"A.8.24",'Evidence Register'!K:K,"*❓*")
A6: A.5.26 | B6: Response to incidents | C6: =COUNTIF('Evidence Register'!C:C,"A.5.26") | D6: =COUNTIFS('Evidence Register'!C:C,"A.5.26",'Evidence Register'!K:K,"*✅*") | E6: =COUNTIFS('Evidence Register'!C:C,"A.5.26",'Evidence Register'!K:K,"*⏳*") | F6: =COUNTIFS('Evidence Register'!C:C,"A.5.26",'Evidence Register'!K:K,"*❓*")

Sheet Alerts Actions
A1: EVIDENCE ALERTS & ACTION ITEMS
A3: EXPIRED EVIDENCE
A4: Evidence with Valid Until < Today
A5: Evidence ID | B5: Description | C5: Control | D5: Issue | E5: Responsible
A6: EV-2025-011 | B6: TLS Certificate expired | C6: A.8.24 | D6: Expired 30 days ago | E6: Security Engineer
A9: UPCOMING REFRESH (30 days)
A10: Evidence approaching refresh date
A11: Evidence ID | B11: Description | C11: Control | D11: Issue | E11: Responsible
A15: MISSING EVIDENCE
A16: Evidence not yet collected
A17: Evidence ID | B17: Description | C17: Control | D17: Issue | E17: Responsible
A18: EV-2025-008 | B18: FDPIC notification procedure | C18: A.5.26 | D18: Not collected | E18: Incident Response Lead
A21: NOT AUDIT READY
A22: Evidence that would not satisfy audit
A23: Evidence ID | B23: Description | C23: Control | D23: Issue | E23: Responsible

Sheet Summary Dashboard
A1: EVIDENCE REGISTER — SUMMARY DASHBOARD
A2: ISO/IEC 27001:2022 — Control A.5.31: Legal, Statutory, Regulatory and Contractual Requirements | Evidence Register
A4: TABLE 1: ASSESSMENT AREA COMPLIANCE OVERVIEW
A5: Assessment Area | B5: Total Items | C5: Compliant | D5: Partial | E5: Non-Compliant | F5: N/A | G5: Compliance %
A6: Evidence Register | B6: =COUNTA('Evidence Register'!B6:B105) | C6: =COUNTIF('Evidence Register'!H6:H105,"✅ Verified") | D6: =COUNTIF('Evidence Register'!H6:H105,"⏳ Pending") | E6: =COUNTIF('Evidence Register'!H6:H105,"❌ Expired")+COUNTIF('Evidence Register'!H6:H105,"❓ Missing") | F6: 0 | G6: =IFERROR(IF((B6-F6)=0,0,C6/(B6-F6)),"")
A7: TOTAL | B7: =SUM(B6:B6) | C7: =SUM(C6:C6) | D7: =SUM(D6:D6) | E7: =SUM(E6:E6) | F7: =SUM(F6:F6) | G7: =IFERROR(IF((B7-F7)=0,0,C7/(B7-F7)),"")
A9: TABLE 2: KEY METRICS
A10: Metric | B10: Value
A11: Total evidence items registered | B11: =COUNTA('Evidence Register'!B6:B105)
A12: Verified evidence | B12: =COUNTIF('Evidence Register'!H6:H105,"✅ Verified")
A13: Pending verification | B13: =COUNTIF('Evidence Register'!H6:H105,"⏳ Pending")
A14: Expired evidence | B14: =COUNTIF('Evidence Register'!H6:H105,"❌ Expired")
A15: Missing evidence | B15: =COUNTIF('Evidence Register'!H6:H105,"❓ Missing")
A16: Policy documents | B16: =COUNTIF('Evidence Register'!E6:E105,"Policy")
A17: Procedure documents | B17: =COUNTIF('Evidence Register'!E6:E105,"Procedure")
A18: Configuration evidence | B18: =COUNTIF('Evidence Register'!E6:E105,"⚙️ Configuration")
A19: Certificates | B19: =COUNTIF('Evidence Register'!E6:E105,"Certificate")
A20: Reports | B20: =COUNTIF('Evidence Register'!E6:E105,"Report")
A21: Test results | B21: =COUNTIF('Evidence Register'!E6:E105,"Test Result")
A23: TABLE 3: CRITICAL FINDINGS REQUIRING IMMEDIATE ATTENTION
A24: Finding | B24: Count | C24: Action Required
A25: Missing evidence items | B25: =COUNTIF('Evidence Register'!H6:H105,"❓ Missing") | C25: Immediate action — collect missing evidence before audit review
A26: Expired evidence requiring renewal | B26: =COUNTIF('Evidence Register'!H6:H105,"❌ Expired") | C26: Renew expired evidence — expired items cannot be used for ISO 27001 audit
A27: Evidence pending verification | B27: =COUNTIF('Evidence Register'!H6:H105,"⏳ Pending") | C27: Assign verifier and complete verification before next audit cycle
A31: FINAL DECISION:
A34: NEXT REVIEW DETAILS
A35: Next Review Date:
A36: Review Responsible:
A37: Special Considerations:

Sheet Approval Sign-Off
A1: ASSESSMENT APPROVAL AND SIGN-OFF
A2: ISO/IEC 27001:2022 - Control A.5.31: Legal, Statutory, Regulatory and Contractual Requirements
A3: ASSESSMENT SUMMARY
A4: Document: | B4: ISMS-IMP-A.5.31.5 - Evidence Register
A5: Assessment Period:
A6: Overall Compliance Rating: | B6: =IFERROR(AVERAGE('Summary Dashboard'!G6:G6),"")
A7: Assessment Status:
A8: Assessed By:
A11: COMPLETED BY (ASSESSOR)
A12: Name:
A13: Title:
A14: Date:
A15: Signature:
A16: Comments:
A18: REVIEWED BY (INFORMATION SECURITY OFFICER)
A19: Name:
A20: Title:
A21: Date:
... A38: Special Considerations:
