Workbook

Sheet Instructions & Legend
A1: ISMS-IMP-A.5.31.1 - Regulatory Inventory ISO/IEC 27001:2022 - Control A.5.31: Legal, Statutory, Regulatory and Contractual Requirements
A3: Document Information
A4: Document ID | B4: ISMS-IMP-A.5.31.1
A5: Workbook Title | B5: Regulatory Inventory
A6: Control Reference | B6: ISO/IEC 27001:2022 - Control A.5.31: Legal, Statutory, Regulatory and Contractual Requirements
A7: Version | B7: 1.0
A8: Assessment Date
A9: Completed By
A10: Organisation
A12: Instructions
A13: 1. Complete the Regulatory Inventory — list all applicable laws, regulations, and standards.
A14: 2. Document jurisdiction, effective date, and responsible owner for each requirement.
A15: 3. Classify requirements by type (Privacy, Financial, Sector-specific, Contractual).
A16: 4. Identify the organisational functions affected by each regulatory obligation.
A17: 5. Review the Summary Dashboard for overall regulatory coverage status.
A18: 6. Maintain the Evidence Register with legal registers and regulatory source documents.
A19: 7. Obtain final approval and sign-off in the Approval Sign-Off sheet.
A21: Status Legend
A22: Symbol | B22: Status | C22: Description
A23: ✓ | B23: Compliant / Complete | C23: Requirement fully met
A24: ⚠ | B24: Partial / In Progress | C24: Partially met or in progress
A25: ✗ | B25: Non-Compliant / Not Started | C25: Requirement not met
A26: — | B26: Not Applicable | C26: Not applicable to this assessment

Sheet Regulatory Inventory
A1: REGULATORY INVENTORY
A2: Regulation ID | B2: Regulation Name | C2: Short Name / Acronym | D2: Jurisdiction | E2: Issuing Authority | F2: Citation | G2: Effective Date | H2: Tier | I2: Applicability Status | J2: Applicability Rationale | K2: Key Requirements (Summary) | L2: Assessment Reference | M2: Next Review Date | N2: Responsible Party | O2: Notes | P2: Last Updated
A3: REG-EU-001 | B3: General Data Protection Regulation | C3: GDPR | D3: European Union | E3: European Commission | F3: Regulation (EU) 2016/679 | G3: 43245 | H3: 1-Mandatory | I3: Applicable | J3: Legal obligation - [Organisation] processes personal data of EU residents and has operations in EU member states. | K3: • Data protection by design and default • Breach notification within 72 hours • DPO appointment required • Data subject rights (access, erasure, portability) | L3: /Assessments/2024/REG-EU-001_GDPR_Assessment.pdf | M3: 46022 | N3: Compliance Officer | O3: Annual review required. Regular updates from EDPB guidance. | P3: 46091.826
A4: REG-INT-001 | B4: Information Security Management Systems - Requirements | C4: ISO 27001:2022 | D4: International | E4: ISO/IEC | F4: ISO/IEC 27001:2022 | G4: 44859 | H4: 1-Mandatory | I4: Applicable | J4: Contractual obligation - required by multiple enterprise customers and certification pursued for competitive advantage. | K4: • 93 Annex A controls assessment • Risk assessment and treatment • Statement of Applicability • Management review and continual improvement | L4: /Assessments/2024/REG-INT-001_ISO27001_Assessment.pdf | M4: 45961 | N4: ISMS Manager | O4: Certification audit scheduled Q4 2025. Control A.5.31 addresses this regulatory inventory. | P4: 46091.826
A5: REG-CH-001 | B5: Federal Act on Data Protection | C5: FADP / nFADP | D5: Switzerland | E5: Swiss Federal Council | F5: SR 235.1 (revised 2020) | G5: 45170 | H5: 1-Mandatory | I5: Applicable | J5: Legal obligation - [Organisation] headquartered in Switzerland and processes personal data of Swiss residents. | K5: • Data protection by design • Breach notification to FDPIC • Cross-border data transfer restrictions • Data processing register maintenance | L5: /Assessments/2024/REG-CH-001_FADP_Assessment.pdf | M5: 45930 | N5: Compliance Officer | O5: Swiss FADP similar to GDPR but with Swiss-specific requirements. Regular FDPIC guidance updates. | P5: 46091.826
A6: REG-EU-002 | B6: Network and Information Systems Directive (Revised) | C6: NIS2 | D6: European Union | E6: European Commission | F6: Directive (EU) 2022/2555 | G6: 45582 | H6: 2-Conditional | I6: Conditional | J6: Conditional applicability - would apply if [Organisation] qualifies as 'essential' or 'important' entity under NIS2 definitions. Currently under size thresholds but approaching. | K6: • Cybersecurity risk management measures • Incident reporting (24/72 hours) • Supply chain security • Executive accountability | L6: /Assessments/2024/REG-EU-002_NIS2_Conditional_Assessment.pdf | M6: 45777 | N6: CISO | O6: Monitor: Annual revenue, employee count, critical services. Reassess Q2 2025 based on growth projections. | P6: 46091.826
A7: REG-EU-003 | B7: Digital Operational Resilience Act | C7: DORA | D7: European Union | E7: European Commission | F7: Regulation (EU) 2022/2554 | G7: 45674 | H7: 2-Conditional | I7: Not Applicable | J7: Not currently applicable - DORA applies to financial entities. [Organisation] not in financial services sector. Would apply only if we enter fintech market. | K7: • ICT risk management framework • Digital resilience testing • Third-party ICT service provider oversight • Incident reporting to authorities | L7: /Assessments/2024/REG-EU-003_DORA_Not_Applicable.pdf | M7: 46053 | N7: Compliance Officer | O7: Reassess if: (1) Enter financial services market, (2) Provide services to financial entities, (3) Acquire fintech companies. | P7: 46091.826
A8: REG-US-001 | B8: California Consumer Privacy Act | C8: CCPA / CPRA | D8: United States (California) | E8: State of California | F8: California Civil Code §§ 1798.100–1798.199 | G8: 43831 | H8: 2-Conditional | I8: Under Review | J8: Under assessment - [Organisation] has some California customers. Reviewing if thresholds met (revenue from CA, number of CA consumers, data sold). | K8: • Consumer rights (know, delete, opt-out) • Privacy notice requirements • Data sale disclosure and opt-out • Risk assessments for high-risk processing | L8: /Assessments/2024/REG-US-001_CCPA_Under_Assessment.pdf | M8: 45747 | N8: Compliance Officer / Legal Counsel | O8: Legal counsel reviewing Q1 2025. Decision expected by Q2 2025 based on California revenue analysis. | P8: 46091.826
A9: REG-VOL-001 | B9: Cybersecurity Framework | C9: NIST CSF 2.0 | D9: International (US-origin) | E9: NIST | F9: NIST Cybersecurity Framework (CSF) 2.0 v2.0 | G9: 45348 | H9: 3-Informational | I9: Applicable | J9: Voluntary framework - adopted as best practice reference for cybersecurity program. Used for gap analysis and benchmarking. | K9: • Govern, Identify, Protect, Detect, Respond, Recover functions • Organisational profile and implementation tiers • Supply chain risk management | L9: /Assessments/2024/REG-VOL-001_NIST_CSF_Mapping.xlsx | M9: 46081 | N9: CISO | O9: Used for internal maturity assessment. Not required but helpful for continuous improvement. | P9: 46091.826
A10: REG-VOL-002 | B10: Cloud Controls Matrix | C10: CCM v4.0 | D10: International | E10: Cloud Security Alliance | F10: CSA CCM v4.0.10 | G10: 44409 | H10: 3-Informational | I10: Applicable | J10: Voluntary framework - used for cloud vendor assessments and internal cloud security control mapping. | K10: • 197 cloud security controls across 17 domains • Mapping to ISO 27001, SOC 2, GDPR, etc. • Vendor assessment questionnaires | L10: /Assessments/2024/REG-VOL-002_CCM_Mapping.xlsx | M10: 46265 | N10: Cloud Security Lead | O10: Used in Control A.5.23 (Cloud Services) vendor due diligence. CAIQ questionnaires sent to cloud vendors. | P10: 46091.826

Sheet Summary Dashboard
A1: REGULATORY INVENTORY — SUMMARY DASHBOARD
A2: ISO/IEC 27001:2022 — Control A.5.31: Legal, Statutory, Regulatory and Contractual Requirements | Regulatory Inventory
A4: TABLE 1: ASSESSMENT AREA COMPLIANCE OVERVIEW
A5: Assessment Area | B5: Total Items | C5: Compliant | D5: Partial | E5: Non-Compliant | F5: N/A | G5: Compliance %
A6: Regulatory Inventory | B6: =COUNTA('Regulatory Inventory'!A3:A1000) | C6: =COUNTIF('Regulatory Inventory'!I3:I1000,"Applicable") | D6: =COUNTIF('Regulatory Inventory'!I3:I1000,"Conditional")+COUNTIF('Regulatory Inventory'!I3:I1000,"Under Review") | E6: =COUNTIF('Regulatory Inventory'!I3:I1000,"Not Applicable") | F6: 0 | G6: =IFERROR(IF((B6-F6)=0,0,C6/(B6-F6)),"")
A7: TOTAL | B7: =SUM(B6:B6) | C7: =SUM(C6:C6) | D7: =SUM(D6:D6) | E7: =SUM(E6:E6) | F7: =SUM(F6:F6) | G7: =IFERROR(IF((B7-F7)=0,0,C7/(B7-F7)),"")
A9: TABLE 2: KEY METRICS
A10: Metric | B10: Value
A11: Tier 1 (Mandatory) regulations | B11: =COUNTIF('Regulatory Inventory'!H3:H1000,"1-Mandatory")
A12: Tier 2 (Conditional) regulations | B12: =COUNTIF('Regulatory Inventory'!H3:H1000,"2-Conditional")
A13: Tier 3 (Informational) frameworks | B13: =COUNTIF('Regulatory Inventory'!H3:H1000,"3-Informational")
A14: Applicable regulations confirmed | B14: =COUNTIF('Regulatory Inventory'!I3:I1000,"Applicable")
A15: Conditional (trigger monitoring required) | B15: =COUNTIF('Regulatory Inventory'!I3:I1000,"Conditional")
A16: Not Applicable (formally excluded) | B16: =COUNTIF('Regulatory Inventory'!I3:I1000,"Not Applicable")
A17: Under Review (assessment pending) | B17: =COUNTIF('Regulatory Inventory'!I3:I1000,"Under Review")
A18: Mandatory + Applicable (highest priority) | B18: =COUNTIFS('Regulatory Inventory'!H3:H1000,"1-Mandatory",'Regulatory Inventory'!I3:I1000,"Applicable")
A19: Regulations with documented rationale | B19: =COUNTA('Regulatory Inventory'!J3:J1000)
A20: Total regulations in inventory | B20: =COUNTA('Regulatory Inventory'!A3:A1000)
A22: TABLE 3: CRITICAL FINDINGS REQUIRING IMMEDIATE ATTENTION
A23: Finding | B23: Count | C23: Action Required
A24: Mandatory regulations with 'Not Applicable' status | B24: =COUNTIFS('Regulatory Inventory'!H3:H1000,"1-Mandatory",'Regulatory Inventory'!I3:I1000,"Not Applicable") | C24: Immediate review — Tier 1 obligations cannot be excluded without legal counsel sign-off
A25: Regulations with no applicability rationale | B25: =COUNTA('Regulatory Inventory'!A3:A1000)-COUNTA('Regulatory Inventory'!J3:J1000) | C25: Document rationale in column J — required for ISO 27001 audit evidence
A26: Regulations still Under Review (unresolved) | B26: =COUNTIF('Regulatory Inventory'!I3:I1000,"Under Review") | C26: Assign Compliance Officer to resolve pending applicability determinations
A30: FINAL DECISION:
A33: NEXT REVIEW DETAILS
A34: Next Review Date:
A35: Review Responsible:
A36: Special Considerations:

Sheet Approval Sign-Off
A1: ASSESSMENT APPROVAL AND SIGN-OFF
A2: ISO/IEC 27001:2022 - Control A.5.31: Legal, Statutory, Regulatory and Contractual Requirements
A3: ASSESSMENT SUMMARY
A4: Document: | B4: ISMS-IMP-A.5.31.1 - Regulatory Inventory
A5: Assessment Period:
A6: Overall Compliance Rating: | B6: =IFERROR(AVERAGE('Summary Dashboard'!G6:G6),"")
A7: Assessment Status:
A8: Assessed By:
A11: COMPLETED BY (ASSESSOR)
A12: Name:
A13: Title:
A14: Date:
A15: Signature:
A16: Comments:
A18: REVIEWED BY (INFORMATION SECURITY OFFICER)
A19: Name:
A20: Title:
A21: Date:
... A38: Special Considerations:
