Workbook

Sheet Instructions & Legend
A1: ISMS-IMP-A.6.6.1 - NDA Template Registry and Inventory ISO/IEC 27001:2022 - Control A.6.6: Confidentiality or Non-Disclosure Agreements
A3: Document Information
A4: Document ID | B4: ISMS-IMP-A.6.6.1
A5: Workbook Title | B5: NDA Template Registry and Inventory
A6: Control Reference | B6: ISO/IEC 27001:2022 - Control A.6.6: Confidentiality or Non-Disclosure Agreements
A7: Version | B7: 1.0
A8: Assessment Date
A9: Completed By
A10: Organisation
A12: Instructions
A13: 1. Complete Template Registry — list all NDA and confidentiality agreement templates in use.
A14: 2. Complete Template Versions — document version history and current approved version per template.
A15: 3. Complete Applicability Matrix — map templates to use cases (employee, contractor, vendor, partner).
A16: 4. Complete Clause Library — document mandatory and optional clauses with legal review status.
A17: 5. Complete Approval records — confirm legal review and management approval for each template.
A18: 6. Maintain the Evidence Register with template documents and approval records.
A19: 7. Obtain final approval and sign-off in the Approval Sign-Off sheet.
A21: Status Legend
A22: Symbol | B22: Status | C22: Description
A23: ✓ | B23: Compliant / Complete | C23: Requirement fully met
A24: ⚠ | B24: Partial / In Progress | C24: Partially met or in progress
A25: ✗ | B25: Non-Compliant / Not Started | C25: Requirement not met
A26: — | B26: Not Applicable | C26: Not applicable to this assessment

Sheet Template Registry
A1: NDA TEMPLATE REGISTRY AND INVENTORY
A2: ISO/IEC 27001:2022 - Control A.6.6: Confidentiality or Non-Disclosure Agreements
A3: Template ID | B3: Template Name | C3: Template Type | D3: Stakeholder Category | E3: Current Version | F3: Effective Date | G3: Legal Review Date | H3: Legal Reviewer | I3: Owner | J3: Storage Location | K3: Status | L3: Notes
A4: TMPL-001 | B4: [Employment NDA] | C4: Standard NDA | D4: Employees | E4: 1.0 | F4: [DD.MM.YYYY] | G4: [DD.MM.YYYY] | H4: [Legal Dept] | I4: [IS Manager] | J4: [SharePoint/Legal/NDAs] | K4: Active

Sheet Template Versions
A1: TEMPLATE VERSION HISTORY
A2: ISO/IEC 27001:2022 - Control A.6.6: Confidentiality or Non-Disclosure Agreements
A3: Template ID | B3: Version | C3: Version Date | D3: Change Description | E3: Change Reason | F3: Changed By | G3: Legal Approved | H3: Legal Approver | I3: Approval Date | J3: Notes
A4: TMPL-001 | B4: 1.0 | C4: [DD.MM.YYYY] | D4: [Initial version] | E4: [Annual review] | F4: [Name] | G4: Yes | H4: [Legal Counsel] | I4: [DD.MM.YYYY]

Sheet Applicability Matrix
A1: NDA APPLICABILITY MATRIX
A2: ISO/IEC 27001:2022 - Control A.6.6: Confidentiality or Non-Disclosure Agreements
A3: Employees | B3: Full system access | C3: All levels | D3: Employment NDA | E3: Before start date | F3: Indefinite | G3: 2 years | H3: Yes | I3: Notes
A4: Contractors | B4: Project-specific access | C4: Confidential+ | D4: Contractor NDA | E4: Before access granted | F4: Contract duration | G4: 2 years | H4: Yes
A5: Consultants | B5: Advisory access | C5: Confidential+ | D5: Consultant NDA | E5: Before engagement | F5: Engagement duration | G5: 2 years | H5: Yes
A6: Vendors | B6: System integration | C6: Confidential | D6: Vendor NDA | E6: Before contract signing | F6: Contract duration | G6: 3 years | H6: Yes
A7: Suppliers | B7: Limited access | C7: Internal | D7: Supplier NDA | E7: Before access granted | F7: Contract duration | G7: 1 year | H7: Yes
A8: Partners | B8: Mutual sharing | C8: Confidential+ | D8: Mutual NDA | E8: Before discussions | F8: Partnership duration | G8: 3 years | H8: Yes
A9: Customers | B9: Product access | C9: Confidential | D9: Customer NDA | E9: Before disclosure | F9: Agreement duration | G9: 2 years | H9: Conditional
A10: Board Members | B10: Strategic access | C10: All levels | D10: Director NDA | E10: Before appointment | F10: Tenure + 3 years | G10: 3 years | H10: Yes
A11: Visitors | B11: Escorted access | C11: Internal only | D11: Visitor NDA | E11: Before site entry | F11: Visit duration | G11: 1 year | H11: Conditional

Sheet Clause Library
A1: STANDARD CONFIDENTIALITY CLAUSE LIBRARY
A2: ISO/IEC 27001:2022 - Control A.6.6: Confidentiality or Non-Disclosure Agreements
A3: CL-001 | B3: Definition of Confidential Information | C3: Definitions | D3: Define what constitutes confidential information | E3: [Organisation-specific definition text] | F3: Yes | G3: Notes
A4: CL-002 | B4: Obligations of Receiving Party | C4: Obligations | D4: Specify recipient's duties | E4: [Standard obligation text] | F4: Yes
A5: CL-003 | B5: Permitted Disclosures | C5: Exceptions | D5: Define allowed disclosures | E5: [Standard exceptions text] | F5: Yes
A6: CL-004 | B6: Return of Information | C6: Termination | D6: Require return/destruction of info | E6: [Standard return clause] | F6: Yes
A7: CL-005 | B7: Duration of Obligations | C7: Term | D7: Specify confidentiality period | E7: [Duration specification] | F7: Yes
A8: CL-006 | B8: Injunctive Relief | C8: Remedies | D8: Allow equitable remedies | E8: [Standard injunction text] | F8: Recommended
A9: CL-007 | B9: No License Granted | C9: IP Rights | D9: Clarify no IP transfer | E9: [Standard no-license clause] | F9: Recommended
A10: CL-008 | B10: Governing Law | C10: Legal | D10: Specify applicable law | E10: [Jurisdiction specification] | F10: Yes

Sheet Evidence Register
A1: EVIDENCE REGISTER
A2: ISO/IEC 27001:2022 - Control A.6.6: Confidentiality or Non-Disclosure Agreements
A4: Evidence ID | B4: Evidence Type | C4: Description | D4: Source / Location | E4: Collected By | F4: Collection Date | G4: Retention Date | H4: Notes
A5: EV-001 | B5: Policy Document | C5: [Description of evidence] | D5: [SharePoint/path] | E5: [Name] | F5: [DD.MM.YYYY] | G5: [DD.MM.YYYY]

Sheet Summary Dashboard
A1: NDA TEMPLATE REGISTRY — SUMMARY DASHBOARD
A2: ISO/IEC 27001:2022 — Control A.6.6: Confidentiality or Non-Disclosure Agreements
A4: TABLE 1: ASSESSMENT AREA COMPLIANCE OVERVIEW
A5: Assessment Area | B5: Total Items | C5: Compliant | D5: Partial | E5: Non-Compliant | F5: N/A | G5: Compliance %
A6: Template Registry | B6: =COUNTA('Template Registry'!B5:B54) | C6: =COUNTIF('Template Registry'!K5:K54,"Active") | D6: =COUNTIF('Template Registry'!K5:K54,"Under Review") | E6: =COUNTIF('Template Registry'!K5:K54,"Draft")+COUNTIF('Template Registry'!K5:K54,"Superseded") | F6: =COUNTIF('Template Registry'!K5:K54,"Archived") | G6: =IF((B6-F6)=0,0,C6/(B6-F6))
A7: Template Versions | B7: =COUNTA('Template Versions'!B5:B54) | C7: =COUNTIF('Template Versions'!G5:G54,"Yes") | D7: =COUNTIF('Template Versions'!G5:G54,"Pending") | E7: =COUNTIF('Template Versions'!G5:G54,"No") | F7: 0 | G7: =IF((B7-F7)=0,0,C7/(B7-F7))
A8: Applicability Matrix | B8: =COUNTA('Applicability Matrix'!A3:A50) | C8: =COUNTIF('Applicability Matrix'!H3:H50,"Yes") | D8: =COUNTIF('Applicability Matrix'!H3:H50,"Conditional") | E8: =COUNTIF('Applicability Matrix'!H3:H50,"No") | F8: 0 | G8: =IF((B8-F8)=0,0,C8/(B8-F8))
A9: TOTAL | B9: =SUM(B6:B8) | C9: =SUM(C6:C8) | D9: =SUM(D6:D8) | E9: =SUM(E6:E8) | F9: =SUM(F6:F8) | G9: =IF((B9-F9)=0,0,C9/(B9-F9))
A11: TABLE 2: KEY METRICS
A12: Metric | B12: Value
A13: Total NDA Templates | B13: =COUNTA('Template Registry'!B5:B54)
A14: Active Templates | B14: =COUNTIF('Template Registry'!K5:K54,"Active")
A15: Templates Under Review | B15: =COUNTIF('Template Registry'!K5:K54,"Under Review")
A16: Draft Templates (Incomplete) | B16: =COUNTIF('Template Registry'!K5:K54,"Draft")
A17: Mutual NDA Templates | B17: =COUNTIF('Template Registry'!C5:C54,"Mutual NDA")
A18: Employment NDA Templates | B18: =COUNTIF('Template Registry'!C5:C54,"Standard NDA")
A19: Contractor NDA Templates | B19: =COUNTIF('Template Registry'!C5:C54,"Contractor")
A20: Vendor NDA Templates | B20: =COUNTIF('Template Registry'!C5:C54,"Vendor")
A21: Total Template Versions | B21: =COUNTA('Template Versions'!B5:B54)
A22: Versions with Legal Approval | B22: =COUNTIF('Template Versions'!G5:G54,"Yes")
A23: Versions Pending Legal Review | B23: =COUNTIF('Template Versions'!G5:G54,"Pending")
A24: Versions Not Legally Approved | B24: =COUNTIF('Template Versions'!G5:G54,"No")
A25: Mandatory Applicability Rules | B25: =COUNTIF('Applicability Matrix'!H3:H50,"Yes")
A26: Conditional Applicability Rules | B26: =COUNTIF('Applicability Matrix'!H3:H50,"Conditional")
A27: Mandatory Clauses in Library | B27: =COUNTIF('Clause Library'!F3:F50,"Yes")
A28: Recommended Clauses in Library | B28: =COUNTIF('Clause Library'!F3:F50,"Recommended")
A29: Total Clauses Defined | B29: =COUNTA('Clause Library'!A3:A50)
A30: Templates Covering All Classifications | B30: =COUNTIF('Applicability Matrix'!C3:C50,"All levels")
A34: TABLE 3: CRITICAL FINDINGS REQUIRING IMMEDIATE ATTENTION
A35: Category | B35: Finding | C35: Count | D35: Severity | E35: Action Required
A36: Template Management | B36: Versions with no legal approval | C36: =COUNTIF('Template Versions'!G5:G54,"No") | D36: Critical | E36: Immediate
A37: Template Management | B37: Versions pending legal review | C37: =COUNTIF('Template Versions'!G5:G54,"Pending") | D37: High | E37: Urgent
A38: Template Management | B38: Templates in Draft status | C38: =COUNTIF('Template Registry'!K5:K54,"Draft") | D38: Medium | E38: Plan
A39: Template Management | B39: Superseded templates still tracked | C39: =COUNTIF('Template Registry'!K5:K54,"Superseded") | D39: Low | E39: Monitor

Sheet Approval Sign-Off
A1: ASSESSMENT APPROVAL AND SIGN-OFF
A2: ISO/IEC 27001:2022 - Control A.6.6: Confidentiality or Non-Disclosure Agreements
A3: ASSESSMENT SUMMARY
A4: Document: | B4: ISMS-IMP-A.6.6.1 - NDA Template Registry and Inventory
A5: Assessment Period:
A6: Overall Compliance Rating: | B6: =IFERROR(AVERAGE('Summary Dashboard'!G6:G8),"")
A7: Assessment Status:
A8: Assessed By:
A11: COMPLETED BY (ASSESSOR)
A12: Name:
A13: Title:
A14: Date:
A15: Signature:
A16: Comments:
A18: REVIEWED BY (INFORMATION SECURITY OFFICER)
A19: Name:
A20: Title:
A21: Date:
... A38: Special Considerations:
