Workbook

Sheet Instructions & Legend
A1: ISMS-IMP-A.6.6.2 - NDA Execution and Tracking ISO/IEC 27001:2022 - Control A.6.6: Confidentiality or Non-Disclosure Agreements
A3: Document Information
A4: Document ID | B4: ISMS-IMP-A.6.6.2
A5: Workbook Title | B5: NDA Execution and Tracking
A6: Control Reference | B6: ISO/IEC 27001:2022 - Control A.6.6: Confidentiality or Non-Disclosure Agreements
A7: Version | B7: 1.0
A8: Assessment Date
A9: Completed By
A10: Organisation
A12: Instructions
A13: 1. Complete Active NDAs — list all currently active confidentiality agreements.
A14: 2. Complete Signatory Register — record all parties who have signed NDAs.
A15: 3. Complete Expiration Monitor — track agreement expiry dates and renewal requirements.
A16: 4. Complete Renewal Tracking — manage NDA renewals before expiry.
A17: 5. Review Approval records — confirm executed agreements are properly filed and approved.
A18: 6. Maintain the Evidence Register with executed agreement scans and tracking records.
A19: 7. Obtain final approval and sign-off in the Approval Sign-Off sheet.
A21: Status Legend
A22: Symbol | B22: Status | C22: Description
A23: ✓ | B23: Compliant / Complete | C23: Requirement fully met
A24: ⚠ | B24: Partial / In Progress | C24: Partially met or in progress
A25: ✗ | B25: Non-Compliant / Not Started | C25: Requirement not met
A26: — | B26: Not Applicable | C26: Not applicable to this assessment

Sheet Active NDAs
A1: ACTIVE NDA REGISTER
A2: ISO/IEC 27001:2022 - Control A.6.6: Confidentiality or Non-Disclosure Agreements
A3: NDA ID | B3: Template Ref | C3: NDA Title | D3: Counterparty | E3: Counterparty Type | F3: Execution Date | G3: Effective Date | H3: Expiration Date | I3: Post Term Period | J3: Post Term Expiry | K3: Signatories Count | L3: Storage Location | M3: Status | N3: Notes
A4: NDA-001 | B4: TMPL-001 | C4: [NDA Title] | D4: [Counterparty Name] | E4: Employee | F4: [DD.MM.YYYY] | G4: [DD.MM.YYYY] | H4: [DD.MM.YYYY] | I4: 2 years | J4: [DD.MM.YYYY] | K4: 1 | L4: [SharePoint/NDAs] | M4: Active

Sheet Signatory Register
A1: INDIVIDUAL SIGNATORY REGISTER
A2: ISO/IEC 27001:2022 - Control A.6.6: Confidentiality or Non-Disclosure Agreements
A3: Signatory ID | B3: NDA Ref | C3: Signatory Name | D3: Signatory Type | E3: Organisation | F3: Role Title | G3: Email | H3: Signature Date | I3: Signature Method | J3: Termination Date | K3: Status | L3: Notes
A4: SIG-001 | B4: NDA-001 | C4: [Full Name] | D4: Employee | E4: [Organisation Name] | F4: [Job Title] | G4: [email@example.com] | H4: [DD.MM.YYYY] | I4: Wet Signature | K4: Active

Sheet Expiration Monitor
A1: NDA EXPIRATION MONITOR
A2: ISO/IEC 27001:2022 - Control A.6.6: Confidentiality or Non-Disclosure Agreements
A3: NDA ID | B3: Counterparty | C3: Expiration Date | D3: Days Until Expiry | E3: Alert Status | F3: Renewal Required | G3: Renewal Owner | H3: Renewal Started | I3: Action Required | J3: Notes
A4: NDA-001 | B4: [Counterparty Name] | C4: [DD.MM.YYYY] | D4: 90 | E4: Green (>90 days) | F4: No | G4: [Name] | H4: No | I4: [No action required]

Sheet Renewal Tracking
A1: NDA RENEWAL TRACKING
A2: ISO/IEC 27001:2022 - Control A.6.6: Confidentiality or Non-Disclosure Agreements
A3: Renewal ID | B3: Original NDA | C3: Counterparty | D3: Original Expiry | E3: Renewal Initiated | F3: New Terms Required | G3: Legal Review | H3: Counterparty Agreed | I3: New NDA ID | J3: New Expiry | K3: Status | L3: Notes
A4: REN-001 | B4: NDA-001 | C4: [Counterparty Name] | D4: [DD.MM.YYYY] | E4: [DD.MM.YYYY] | F4: No | G4: No | H4: No | J4: [DD.MM.YYYY] | K4: Not Started

Sheet Evidence Register
A1: EVIDENCE REGISTER
A2: ISO/IEC 27001:2022 - Control A.6.6: Confidentiality or Non-Disclosure Agreements
A4: Evidence ID | B4: Evidence Type | C4: Description | D4: Source / Location | E4: Collected By | F4: Collection Date | G4: Retention Date | H4: Notes
A5: EV-001 | B5: Policy Document | C5: [Description of evidence] | D5: [SharePoint/path] | E5: [Name] | F5: [DD.MM.YYYY] | G5: [DD.MM.YYYY]

Sheet Summary Dashboard
A1: NDA EXECUTION AND TRACKING — SUMMARY DASHBOARD
A2: ISO/IEC 27001:2022 — Control A.6.6: Confidentiality or Non-Disclosure Agreements
A4: TABLE 1: ASSESSMENT AREA COMPLIANCE OVERVIEW
A5: Assessment Area | B5: Total Items | C5: Compliant | D5: Partial | E5: Non-Compliant | F5: N/A | G5: Compliance %
A6: Active NDAs | B6: =COUNTA('Active NDAs'!M5:M54) | C6: =COUNTIF('Active NDAs'!M5:M54,"Active")+COUNTIF('Active NDAs'!M5:M54,"Renewed") | D6: 0 | E6: =COUNTIF('Active NDAs'!M5:M54,"Expired")+COUNTIF('Active NDAs'!M5:M54,"Terminated") | F6: =COUNTIF('Active NDAs'!M5:M54,"Superseded") | G6: =IF((B6-F6)=0,0,C6/(B6-F6))
A7: Signatory Register | B7: =COUNTA('Signatory Register'!K5:K54) | C7: =COUNTIF('Signatory Register'!K5:K54,"Active")+COUNTIF('Signatory Register'!K5:K54,"Renewed") | D7: 0 | E7: =COUNTIF('Signatory Register'!K5:K54,"Terminated") | F7: =COUNTIF('Signatory Register'!K5:K54,"Superseded") | G7: =IF((B7-F7)=0,0,C7/(B7-F7))
A8: Expiration Monitor | B8: =COUNTA('Expiration Monitor'!E5:E54) | C8: =COUNTIF('Expiration Monitor'!E5:E54,"Green (>90 days)") | D8: =COUNTIF('Expiration Monitor'!E5:E54,"Amber (30-90 days)") | E8: =COUNTIF('Expiration Monitor'!E5:E54,"Red (<30 days)")+COUNTIF('Expiration Monitor'!E5:E54,"Expired") | F8: 0 | G8: =IF((B8-F8)=0,0,C8/(B8-F8))
A9: Renewal Tracking | B9: =COUNTA('Renewal Tracking'!K5:K54) | C9: =COUNTIF('Renewal Tracking'!K5:K54,"Completed") | D9: =COUNTIF('Renewal Tracking'!K5:K54,"In Progress")+COUNTIF('Renewal Tracking'!K5:K54,"Legal Review")+COUNTIF('Renewal Tracking'!K5:K54,"Awaiting Signature") | E9: =COUNTIF('Renewal Tracking'!K5:K54,"Not Started") | F9: =COUNTIF('Renewal Tracking'!K5:K54,"Cancelled") | G9: =IF((B9-F9)=0,0,C9/(B9-F9))
A10: TOTAL | B10: =SUM(B6:B9) | C10: =SUM(C6:C9) | D10: =SUM(D6:D9) | E10: =SUM(E6:E9) | F10: =SUM(F6:F9) | G10: =IF((B10-F10)=0,0,C10/(B10-F10))
A12: TABLE 2: KEY METRICS
A13: Metric | B13: Value
A14: Total NDAs Tracked | B14: =COUNTA('Active NDAs'!A5:A54)
A15: Active NDAs | B15: =COUNTIF('Active NDAs'!M5:M54,"Active")
A16: Renewed NDAs | B16: =COUNTIF('Active NDAs'!M5:M54,"Renewed")
A17: Expired NDAs | B17: =COUNTIF('Active NDAs'!M5:M54,"Expired")
A18: Terminated NDAs | B18: =COUNTIF('Active NDAs'!M5:M54,"Terminated")
A19: NDAs — Employees | B19: =COUNTIF('Active NDAs'!E5:E54,"Employee")
A20: NDAs — Contractors | B20: =COUNTIF('Active NDAs'!E5:E54,"Contractor")
A21: NDAs — Vendors and Suppliers | B21: =COUNTIF('Active NDAs'!E5:E54,"Vendor")+COUNTIF('Active NDAs'!E5:E54,"Supplier")
A22: NDAs — Partners | B22: =COUNTIF('Active NDAs'!E5:E54,"Partner")
A23: Total Signatories | B23: =COUNTA('Signatory Register'!A5:A54)
A24: Active Signatories | B24: =COUNTIF('Signatory Register'!K5:K54,"Active")
A25: Terminated Signatories | B25: =COUNTIF('Signatory Register'!K5:K54,"Terminated")
A26: NDAs Expiring > 90 Days (Green) | B26: =COUNTIF('Expiration Monitor'!E5:E54,"Green (>90 days)")
A27: NDAs Expiring 30-90 Days (Amber) | B27: =COUNTIF('Expiration Monitor'!E5:E54,"Amber (30-90 days)")
A28: NDAs Expiring < 30 Days (Red) | B28: =COUNTIF('Expiration Monitor'!E5:E54,"Red (<30 days)")
A29: NDAs Already Expired | B29: =COUNTIF('Expiration Monitor'!E5:E54,"Expired")
A30: Renewals Completed | B30: =COUNTIF('Renewal Tracking'!K5:K54,"Completed")
A31: Renewals In Progress | B31: =COUNTIF('Renewal Tracking'!K5:K54,"In Progress")+COUNTIF('Renewal Tracking'!K5:K54,"Legal Review")+COUNTIF('Renewal Tracking'!K5:K54,"Awaiting Signature")
A32: Renewals Not Started | B32: =COUNTIF('Renewal Tracking'!K5:K54,"Not Started")
A33: Electronic Signatures Used | B33: =COUNTIF('Signatory Register'!I5:I54,"Electronic Signature")+COUNTIF('Signatory Register'!I5:I54,"DocuSign")+COUNTIF('Signatory Register'!I5:I54,"Digital Signature")
A37: TABLE 3: CRITICAL FINDINGS REQUIRING IMMEDIATE ATTENTION
A38: Category | B38: Finding | C38: Count | D38: Severity | E38: Action Required
A39: NDA Execution | B39: Expired NDAs not renewed | C39: =COUNTIF('Active NDAs'!M5:M54,"Expired") | D39: Critical | E39: Immediate
A40: Expiration Monitoring | B40: NDAs expiring in fewer than 30 days | C40: =COUNTIF('Expiration Monitor'!E5:E54,"Red (<30 days)") | D40: Critical | E40: Immediate
A41: Expiration Monitoring | B41: NDAs already expired in monitor | C41: =COUNTIF('Expiration Monitor'!E5:E54,"Expired") | D41: Critical | E41: Immediate
A42: Signatory Coverage | B42: Terminated signatories (may need review) | C42: =COUNTIF('Signatory Register'!K5:K54,"Terminated") | D42: High | E42: Urgent
A43: NDA Renewal | B43: Renewals not started | C43: =COUNTIF('Renewal Tracking'!K5:K54,"Not Started") | D43: High | E43: Urgent
A44: Expiration Monitoring | B44: NDAs expiring in 30-90 days (amber warning) | C44: =COUNTIF('Expiration Monitor'!E5:E54,"Amber (30-90 days)") | D44: Medium | E44: Plan

Sheet Approval Sign-Off
A1: ASSESSMENT APPROVAL AND SIGN-OFF
A2: ISO/IEC 27001:2022 - Control A.6.6: Confidentiality or Non-Disclosure Agreements
A3: ASSESSMENT SUMMARY
A4: Document: | B4: ISMS-IMP-A.6.6.2 - NDA Execution and Tracking
A5: Assessment Period:
A6: Overall Compliance Rating: | B6: =IFERROR(AVERAGE('Summary Dashboard'!G6:G9),"")
A7: Assessment Status:
A8: Assessed By:
A11: COMPLETED BY (ASSESSOR)
A12: Name:
A13: Title:
A14: Date:
A15: Signature:
A16: Comments:
A18: REVIEWED BY (INFORMATION SECURITY OFFICER)
A19: Name:
A20: Title:
A21: Date:
... A38: Special Considerations:
