Workbook

Sheet Instructions
A1: ISMS-IMP-A.5.10-11.S1 - Acceptable Use Policy Assessment ISO/IEC 27001:2022 - Control A.5.10: Acceptable Use of Information and Other Associated Assets
A3: Document Information
A4: Document ID | B4: ISMS-IMP-A.5.10-11.S1
A5: Assessment Area | B5: Acceptable Use Policy Completeness
A6: Control Reference | B6: A.5.10
A7: Version | B7: 1.0
A8: Assessment Date
A9: Completed By
A10: Organisation
A11: Review Cycle | B11: Annual
A13: CONTROL REQUIREMENT
A14: ISO 27001:2022 A.5.10 requires that rules for the acceptable use of information and other associated assets should be identified, documented and implemented.
A16: HOW TO USE THIS WORKBOOK
A17: 1. Complete Policy_Assessment to evaluate AUP content completeness
A18: 2. Review Asset_Coverage to verify all asset categories are addressed
A19: 3. Track user acknowledgments in Awareness_Tracking
A20: 4. Assess communication effectiveness in Communication_Matrix
A21: 5. Link supporting evidence in Evidence_Register
A22: 6. Obtain approvals in Approval_SignOff sheet
A24: AUP REQUIRED CONTENT AREAS
A25: Permitted Use | B25: Clear definition of acceptable activities
A26: Prohibited Use | B26: Explicit list of forbidden activities
A27: Personal Use | B27: Guidelines for personal use of company assets
A28: Monitoring Notice | B28: Disclosure of monitoring activities
A29: Consequences | B29: Disciplinary actions for violations
A30: Exceptions | B30: Process for requesting policy exceptions
A31: Intellectual Property | B31: IP ownership and handling rules
A32: Data Classification | B32: Handling requirements by classification

Sheet Policy_Assessment
A1: ACCEPTABLE USE POLICY ASSESSMENT
A3: Requirement_ID | B3: Policy_Requirement | C3: Category | D3: Addressed | E3: Policy_Section | F3: Clarity_Rating | G3: Last_Updated | H3: Owner | I3: Gap_Status | J3: Remediation_Notes | K3: Evidence_Ref
A4: REQ-001 | B4: Policy scope defines applicable assets | C4: Scope
A5: REQ-002 | B5: Policy defines acceptable business use | C5: Permitted Use
A6: REQ-003 | B6: Policy explicitly prohibits unauthorized activities | C6: Prohibited Use
A7: REQ-004 | B7: Personal use guidelines are documented | C7: Personal Use
A8: REQ-005 | B8: Monitoring and logging disclosure included | C8: Monitoring
A9: REQ-006 | B9: Consequences of violation are stated | C9: Enforcement
A10: REQ-007 | B10: Exception request process documented | C10: Exceptions
A11: REQ-008 | B11: Intellectual property rules defined | C11: IP Protection
A12: REQ-009 | B12: Data classification handling requirements | C12: Data Handling
A13: REQ-010 | B13: Mobile device acceptable use rules | C13: Mobile Devices
A14: REQ-011 | B14: Remote working asset use guidelines | C14: Remote Work
A15: REQ-012 | B15: Cloud service usage rules | C15: Cloud Services
... A23: REQ-020 | B23: Policy acknowledgment requirement | C23: Acknowledgment

Sheet Asset_Coverage
A1: ASSET COVERAGE MATRIX
A3: Asset_Category | B3: Asset_Examples | C3: Covered_In_AUP | D3: Policy_Section | E3: Usage_Rules_Defined | F3: Handling_Rules_Defined | G3: Gap_Notes | H3: Remediation_Required | I3: Evidence_Ref
A4: Information Assets | B4: Documents, databases, intellectual property
A5: Software Assets | B5: Applications, operating systems, development tools
A6: Hardware Assets | B6: Laptops, desktops, servers, mobile devices
A7: Network Assets | B7: Routers, switches, firewalls, VPN
A8: Cloud Services | B8: SaaS, IaaS, PaaS platforms
A9: Communication Tools | B9: Email, Teams, Slack, video conferencing
A10: Physical Media | B10: USB drives, external HDDs, backup tapes
A11: Authentication Assets | B11: Tokens, smart cards, certificates
A12: Development Environments | B12: IDEs, repositories, CI/CD pipelines
A13: Monitoring Systems | B13: SIEM, logging, alerting tools
A14: Personal Devices (BYOD) | B14: Personal phones, tablets, laptops
A15: IoT Devices | B15: Sensors, cameras, smart devices

Sheet Awareness_Tracking
A1: USER AWARENESS AND ACKNOWLEDGMENT TRACKING
A3: Department | B3: Total_Users | C3: Acknowledged | D3: Pending | E3: Acknowledgment_% | F3: Last_Campaign_Date | G3: Next_Due_Date | H3: Campaign_Method | I3: Escalation_Status | J3: Notes
A4: Executive Leadership | E4: =IF(B4>0,C4/B4*100,"")
A5: Finance | E5: =IF(B5>0,C5/B5*100,"")
A6: Human Resources | E6: =IF(B6>0,C6/B6*100,"")
A7: IT Operations | E7: =IF(B7>0,C7/B7*100,"")
A8: Software Development | E8: =IF(B8>0,C8/B8*100,"")
A9: Sales | E9: =IF(B9>0,C9/B9*100,"")
A10: Marketing | E10: =IF(B10>0,C10/B10*100,"")
A11: Customer Support | E11: =IF(B11>0,C11/B11*100,"")
A12: Legal | E12: =IF(B12>0,C12/B12*100,"")
A13: Facilities | E13: =IF(B13>0,C13/B13*100,"")
A14: External Contractors | E14: =IF(B14>0,C14/B14*100,"")
E15: =IF(B15>0,C15/B15*100,"")
E16: =IF(B16>0,C16/B16*100,"")
E17: =IF(B17>0,C17/B17*100,"")
E18: =IF(B18>0,C18/B18*100,"")
E19: =IF(B19>0,C19/B19*100,"")
E20: =IF(B20>0,C20/B20*100,"")
E21: =IF(B21>0,C21/B21*100,"")
E22: =IF(B22>0,C22/B22*100,"")
E23: =IF(B23>0,C23/B23*100,"")
E24: =IF(B24>0,C24/B24*100,"")
A26: TOTAL | B26: =SUM(B4:B25) | C26: =SUM(C4:C25) | D26: =SUM(D4:D25) | E26: =IF(B26>0,C26/B26*100,"")

Sheet Communication_Matrix
A1: POLICY COMMUNICATION MATRIX
A3: Communication_Channel | B3: Audience | C3: Frequency | D3: Last_Communication | E3: Next_Scheduled | F3: Effectiveness_Rating | G3: Owner | H3: Improvement_Actions | I3: Evidence_Ref
A4: New Employee Onboarding | B4: New hires | C4: Per hire
A5: Annual AUP Refresh Campaign | B5: All employees | C5: Annual
A6: Intranet Policy Portal | B6: All employees | C6: Always available
A7: Security Awareness Training | B7: All employees | C7: Annual
A8: Manager Briefings | B8: People managers | C8: Quarterly
A9: Contractor Onboarding | B9: New contractors | C9: Per engagement
A10: Policy Update Notifications | B10: All employees | C10: As needed
A11: Compliance Reminders | B11: Non-compliant users | C11: As needed

Sheet Evidence_Register
A1: EVIDENCE REGISTER
A3: Evidence_ID | B3: Evidence_Type | C3: Description | D3: Related_Requirement | E3: Collection_Date | F3: Location | G3: Collected_By | H3: Valid_Until
A4: EV-001
A5: EV-002
A6: EV-003
A7: EV-004
A8: EV-005
A9: EV-006
A10: EV-007
A11: EV-008
A12: EV-009
A13: EV-010
A14: EV-011
A15: EV-012
... A53: EV-050

Sheet Approval_SignOff
A1: ASSESSMENT APPROVAL AND SIGN-OFF
A3: Assessment Summary
A4: Assessment Document | B4: ISMS-IMP-A.5.10-11.S1 - Acceptable Use Policy Assessment
A5: Assessment Period
A6: Total Policy Requirements Assessed | B6: =COUNTA(Policy_Assessment!A4:A33)-COUNTBLANK(Policy_Assessment!B4:B33)
A7: Requirements Addressed | B7: =COUNTIF(Policy_Assessment!D4:D33,"Yes")
A8: Requirements Partially Addressed | B8: =COUNTIF(Policy_Assessment!D4:D33,"Partial")
A9: Gaps Identified | B9: =COUNTIF(Policy_Assessment!D4:D33,"No")
A10: Overall AUP Acknowledgment % | B10: =Awareness_Tracking!E26
A11: Assessment Status
A14: ASSESSMENT COMPLETED BY
A15: Name:
A16: Role/Title:
A17: Department:
A18: Email:
A19: Date:
A22: REVIEWED BY (Information Security Manager)
A23: Name:
A24: Date:
A25: Signature:
A28: APPROVED BY (CISO)
... A32: Signature:
