Workbook

Sheet Instructions & Legend
A1: ISMS-IMP-A.8.6.1 – Capacity Utilization Assessment
A2: ISO/IEC 27001:2022 - Control A.8.6: Capacity Management
A4: Document ID: | B4: ISMS-IMP-A.8.6.1
A5: Assessment Area: | B5: Capacity Utilization Analysis
A6: Related Policy: | B6: ISMS-POL-A.8.6-S2 (Capacity Management Policy)
A7: Version: | B7: 1.0
A8: Assessment Date: | B8: [USER INPUT]
A9: Completed By: | B9: [USER INPUT]
A10: Organization: | B10: [USER INPUT]
A11: Review Cycle: | B11: Monthly
A13: HOW TO USE THIS WORKBOOK
A14: 1. Complete resource inventory in each resource type sheet (Compute, Storage, Network, Application, Cloud)
A15: 2. Enter current utilization data from monitoring tools
A16: 3. Utilization percentages and threshold status will auto-calculate
A17: 4. Review Threshold_Summary for overview of capacity health
A18: 5. Complete Coverage_Analysis to identify monitoring gaps
A19: 6. Document evidence in Evidence_Register
A20: 7. Obtain final approval and sign-of
A22: Yellow cells = User input required
A23: White cells = Auto-calculated (do not edit)
A25: STATUS LEGEND
A26: Symbol | B26: Status | C26: Description | D26: Typical Threshold
A27: {CHECK} | B27: OK | C27: Utilization below warning threshold | D27: < 70%
A28: {WARNING} | B28: Warning | C28: Capacity planning should begin | D28: 70-85%
A29: {XMARK} | B29: Critical | C29: Immediate action required | D29: > 85%
A30: Not Monitored | B30: Not Monitored | C30: Resource not yet monitored | D30: N/A

Sheet Compute_Resources
A1: COMPUTE CAPACITY UTILIZATION
A2: Document current CPU and memory capacity utilization
A4: Resource Name | B4: Resource Type | C4: Location/Cluster | D4: Business Function | E4: Total CPU (Cores) | F4: Used CPU (Cores) | G4: CPU Utilization (%) | H4: Total Memory (GB) | I4: Used Memory (GB) | J4: Memory Utilization (%) | K4: Peak CPU (%) | L4: Peak Memory (%) | M4: Threshold Status
A5: server01.example.com | B5: Physical Server | C5: DC1-Rack5 | D5: Web Application | E5: 16 | F5: 8 | G5: =IF(AND(E5<>"", F5<>""), ROUND((F5/E5)*100, 1), "") | H5: 64 | I5: 32 | J5: =IF(AND(H5<>"", I5<>""), ROUND((I5/H5)*100, 1), "") | K5: 75 | L5: 60 | M5: =IF(OR(G5="", J5=""), "Not Monitored", IF(OR(G5>85, J5>90), "❌ Critical", IF(OR(G5>70, J5>75), "⚠ Warning", "✅ OK")))

Sheet Storage_Resources
A1: STORAGE CAPACITY UTILIZATION
A2: Document current disk, database, and backup storage capacity
A4: Resource Name | B4: Storage Type | C4: Location/Server | D4: Business Function | E4: Total Capacity (GB) | F4: Used Capacity (GB) | G4: Available Capacity (GB) | H4: Utilization (%) | I4: Peak Utilization (%) | J4: Growth Rate (GB/month) | K4: Threshold Status
A5: /dev/sda1 (/) | B5: Filesystem | C5: server01 | D5: Operating System | E5: 500 | F5: 375 | G5: =IF(AND(E5<>"", F5<>""), E5-F5, "") | H5: =IF(AND(E5<>"", F5<>""), ROUND((F5/E5)*100, 1), "") | I5: 80 | J5: 5 | K5: =IF(H5="", "Not Monitored", IF(H5>85, "❌ Critical", IF(H5>75, "⚠ Warning", "✅ OK")))

Sheet Network_Resources
A1: NETWORK CAPACITY UTILIZATION
A2: Document network bandwidth, throughput, and service capacity
A4: Resource Name | B4: Network Type | C4: Location | D4: Business Function | E4: Link Capacity (Mbps) | F4: Avg Inbound (Mbps) | G4: Avg Outbound (Mbps) | H4: Total Utilization (%) | I4: Peak Utilization (%) | J4: Concurrent Connections | K4: Connection Limit | L4: Threshold Status
A5: WAN-Link-Primary | B5: WAN/Internet | C5: DC1 | D5: Primary Internet | E5: 1000 | F5: 350 | G5: 150 | H5: =IF(AND(E5<>"", F5<>"", G5<>""), ROUND(((F5+G5)/E5)*100, 1), "") | I5: 75 | J5: 5000 | K5: 10000 | L5: =IF(H5="", "Not Monitored", IF(H5>85, "❌ Critical", IF(H5>70, "⚠ Warning", "✅ OK")))

Sheet Application_Resources
A1: APPLICATION CAPACITY UTILIZATION
A2: Document application user sessions, transactions, and performance capacity
A4: Application Name | B4: Application Type | C4: Business Function | D4: Max Concurrent Users | E4: Current Active Users | F4: User Utilization (%) | G4: Max Transactions/sec | H4: Current Transactions/sec | I4: Transaction Utilization (%) | J4: Avg Response Time (ms) | K4: Threshold Status
A5: WebApp-Production | B5: Web Application | C5: Customer Portal | D5: 1000 | E5: 650 | F5: =IF(AND(D5<>"", E5<>""), ROUND((E5/D5)*100, 1), "") | G5: 500 | H5: 280 | I5: =IF(AND(G5<>"", H5<>""), ROUND((H5/G5)*100, 1), "") | J5: 145 | K5: =IF(OR(F5="", I5=""), "Not Monitored", IF(OR(F5>90, I5>90), "❌ Critical", IF(OR(F5>75, I5>75), "⚠ Warning", "✅ OK")))

Sheet Cloud_Resources
A1: CLOUD SERVICE CAPACITY UTILIZATION
A2: Document cloud service quotas, limits, and instance counts
A4: Cloud Provider | B4: Service/Resource Type | C4: Region | D4: Quota/Limit | E4: Current Usage | F4: Utilization (%) | G4: Monthly Cost ($) | H4: Reserved Capacity | I4: Auto-Scaling Enabled | J4: Threshold Status
A5: AWS | B5: EC2 Instances (t3.large) | C5: us-east-1 | D5: 100 | E5: 72 | F5: =IF(AND(D5<>"", E5<>""), ROUND((E5/D5)*100, 1), "") | G5: 4320 | H5: 20 Reserved | I5: Yes | J5: =IF(F5="", "Not Monitored", IF(F5>85, "❌ Critical", IF(F5>70, "⚠ Warning", "✅ OK")))

Sheet Threshold_Summary
A1: CAPACITY THRESHOLD STATUS SUMMARY
A2: Aggregate view of resources by threshold status
A4: Resource Category | B4: Total Resources | C4: ✅ OK | D4: ⚠ Warning | E4: ❌ Critical | F4: Not Monitored
A5: Compute Resources | B5: =COUNTA(Compute_Resources!M5:M100) | C5: =COUNTIF(Compute_Resources!M5:M100,"✅ OK") | D5: =COUNTIF(Compute_Resources!M5:M100,"⚠ Warning") | E5: =COUNTIF(Compute_Resources!M5:M100,"❌ Critical") | F5: =COUNTIF(Compute_Resources!M5:M100,"Not Monitored")
A6: Storage Resources | B6: =COUNTA(Storage_Resources!K5:K100) | C6: =COUNTIF(Storage_Resources!K5:K100,"✅ OK") | D6: =COUNTIF(Storage_Resources!K5:K100,"⚠ Warning") | E6: =COUNTIF(Storage_Resources!K5:K100,"❌ Critical") | F6: =COUNTIF(Storage_Resources!K5:K100,"Not Monitored")
A7: Network Resources | B7: =COUNTA(Network_Resources!L5:L100) | C7: =COUNTIF(Network_Resources!L5:L100,"✅ OK") | D7: =COUNTIF(Network_Resources!L5:L100,"⚠ Warning") | E7: =COUNTIF(Network_Resources!L5:L100,"❌ Critical") | F7: =COUNTIF(Network_Resources!L5:L100,"Not Monitored")
A8: Application Resources | B8: =COUNTA(Application_Resources!K5:K100) | C8: =COUNTIF(Application_Resources!K5:K100,"✅ OK") | D8: =COUNTIF(Application_Resources!K5:K100,"⚠ Warning") | E8: =COUNTIF(Application_Resources!K5:K100,"❌ Critical") | F8: =COUNTIF(Application_Resources!K5:K100,"Not Monitored")
A9: Cloud Resources | B9: =COUNTA(Cloud_Resources!J5:J100) | C9: =COUNTIF(Cloud_Resources!J5:J100,"✅ OK") | D9: =COUNTIF(Cloud_Resources!J5:J100,"⚠ Warning") | E9: =COUNTIF(Cloud_Resources!J5:J100,"❌ Critical") | F9: =COUNTIF(Cloud_Resources!J5:J100,"Not Monitored")
A11: TOTAL | B11: =SUM(B5:B10) | C11: =SUM(C5:C10) | D11: =SUM(D5:D10) | E11: =SUM(E5:E10) | F11: =SUM(F5:F10)
A13: CAPACITY HEALTH SCORE | C13: =IF(B11>0, ROUND((C11/B11)*100, 1), 0) | D13: %
A14: Health Score = (Resources at OK Status / Total Resources) × 100%

Sheet Coverage_Analysis
A1: MONITORING COVERAGE ANALYSIS
A2: Identify resources not yet monitored for capacity
A4: Coverage Metric | B4: Target | C4: Actual | D4: Gap | E4: Status
A5: Production Systems Coverage | B5: 100%
A6: Non-Production Systems Coverage | B6: 90%
A7: Overall Coverage | B7: 95%
A10: MONITORING GAPS - Resources Not Yet Monitored
A11: Resource Name | B11: Resource Type | C11: Reason Not Monitored | D11: Planned Monitoring Date | E11: Responsible Party
A12: [Resource name] | B12: [Type] | C12: [Legacy system, Technical constraint, etc.] | D12: [Date] | E12: [Team/Person]

Sheet Evidence_Register
A1: EVIDENCE REGISTER
A2: Document supporting evidence for capacity utilization assessment
A4: Evidence ID | B4: Evidence Type | C4: Description | D4: Location/File Path | E4: Date Created | F4: Related Assessment Sheet
A5: A86-MON-001 | B5: Monitoring Dashboard | C5: Prometheus capacity dashboard screenshot | D5: /evidence/prometheus_dashboard_2026-01.png | E5: 2026-01-11 | F5: All
A6: A86-MON-002 | B6: Monitoring Data Export | C6: CloudWatch metrics export (CSV) | D6: /evidence/cloudwatch_export_2026-01.csv | E6: 2026-01-11 | F6: Compute_Resources
A7: A86-CFG-001 | B7: Threshold Configuration | C7: Alert configuration backup | D7: /evidence/alert_config_2026-01.json | E7: 2026-01-11 | F7: All

Sheet Approval_Sign_Off
A1: ASSESSMENT APPROVAL AND SIGN-OFF
A2: Formal approval of capacity utilization assessment
A4: ASSESSMENT SUMMARY
A5: Assessment Date: | B5: [USER INPUT]
A6: Assessment Period: | B6: [e.g., January 2026]
A7: Total Resources Assessed: | B7: =Threshold_Summary!B10
A8: Resources at OK Status: | B8: =Threshold_Summary!C10
A9: Resources at Warning: | B9: =Threshold_Summary!D10
A10: Resources at Critical: | B10: =Threshold_Summary!E10
A11: Capacity Health Score: | B11: =Threshold_Summary!C12&"%"
A14: APPROVAL SIGNATURES
A15: Role | B15: Name | C15: Signature/Approval | D15: Date
A16: Completed By (Capacity Planning Team)
A17: Reviewed By (Infrastructure Manager)
A18: Approved By (IT Operations Manager)
A19: Approved By (CIO/IT Director)
A22: ASSESSMENT NOTES
A23: [Document any significant findings, capacity concerns, or recommendations]
