Workbook

Sheet Instructions & Legend
A1: ISMS-IMP-A.8.10.2 - Deletion Methods Assessment ISO/IEC 27001:2022 - Control A.8.10: Information Deletion
A3: Document Information
A4: Document ID | B4: ISMS-IMP-A.8.10.2
A5: Workbook Title | B5: Deletion Methods Assessment
A6: Control Reference | B6: ISO/IEC 27001:2022 - Control A.8.10: Information Deletion
A7: Version | B7: 1.0
A8: Assessment Date
A9: Completed By
A10: Organisation
A12: Instructions
A13: 1. Complete assessment sheets 2–6 in order, filling in all yellow-highlighted cells.
A14: 2. Use dropdown menus where provided for consistency.
A15: 3. Link supporting evidence to the Evidence Register using Column N.
A16: 4. Review the Summary Dashboard for overall compliance status.
A17: 5. Obtain approval using the Approval Sign-Off sheet.
A19: Status Legend
A20: Symbol | B20: Status | C20: Description
A21: ✓ | B21: Compliant / Complete | C21: Requirement fully met
A22: ⚠ | B22: Partial / In Progress | C22: Partially met or in progress
A23: ✗ | B23: Non-Compliant / Not Started | C23: Requirement not met
A24: — | B24: Not Applicable | C24: Not applicable to this assessment

Sheet 2. Physical Storage Media
A1: SHEET 2: PHYSICAL STORAGE MEDIA
A2: Policy Reference: ISMS-POL-A.8.10-S2.2, Section 2.2.1
A4: ASSESSMENT QUESTION: Do we have effective deletion methods for all types of physical media, validated through testing, and aligned with NIST SP 800-88 Rev. 2 guidance?
A7: Complete the yellow-highlighted cells below. Use dropdowns where provided. Link evidence in Column N to Evidence Register sheet.
A9: Media Type / System Name | B9: Data Classification | C9: Owner / Responsible Party | D9: Deletion Method Used | E9: Tool/Vendor Used | F9: Status | G9: Implementation Date | H9: Last Effectiveness Test | I9: Next Test Date | J9: Gap Identified | K9: Remediation Plan | L9: Target Completion | M9: Risk Level | N9: Evidence Reference | O9: Notes / Comments | P9: Remediation Owner | Q9: Budget Required | R9: NIST SP 800-88 Rev. 2 Method | S9: Verification Method | T9: Last Forensic Test Result | U9: Media Disposal Method
A25: COMPLIANCE CHECKLIST - Mark ✅ or {XMARK}
A26: 1. | B26: All physical media types in use are identified and documented
A27: 2. | B27: Deletion methods are assigned per media type (not one-size-fits-all)
A28: 3. | B28: HDD deletion uses overwrite (≥3 pass) OR degaussing OR destruction
A29: 4. | B29: SSD deletion uses Secure Erase OR crypto-erasure OR destruction (NOT simple overwrite)
A30: 5. | B30: Magnetic tape deletion uses degaussing OR overwrite OR destruction
A31: 6. | B31: Removable media (USB, SD) deletion methods documented
A32: 7. | B32: Paper document destruction uses cross-cut shredding (minimum)
A33: 8. | B33: NIST SP 800-88 Rev. 2 method classification assigned (Clear/Purge/Destroy)
A34: 9. | B34: Deletion tools are approved and maintained
A35: 10. | B35: Media disposal procedures documented (reuse, recycle, destroy)
A36: 11. | B36: Certificate of Destruction obtained for outsourced destruction
A37: 12. | B37: Forensic testing conducted at least annually
... A40: 15. | B40: End-of-life media destruction procedures exist
A42: HDD vs SSD Deletion Differences
A43: Aspect | B43: HDD (Spinning Disk) | C43: SSD (NAND Flash)
A44: Overwrite Effectiveness | B44: ✅ Effective (7-pass DoD) | C44: ❌ Ineffective (wear leveling)
A45: Secure Erase Command | B45: ✅ Effective (ATA) | C45: ✅ Effective (ATA/NVMe)
A46: Degaussing | B46: ✅ Effective | C46: ❌ Ineffective (not magnetic)
A47: Cryptographic Erasure | B47: ⚠ Requires FDE | C47: ✅ Highly Effective
A48: Physical Destruction | B48: ✅ Shred, crush | C48: ✅ Shred (flash chips destroyed)
A49: NIST Recommendation | B49: Purge: Overwrite or Degauss | C49: Purge: Secure Erase or Crypto-Erase
A51: Physical Destruction Methods
A52: Method | B52: Media Types | C52: Effectiveness | D52: Cost
A53: Cross-Cut Shredding | B53: Paper, Optical, Cards | C53: High | D53: Low-Medium
A54: Disintegration | B54: HDD, SSD, Tape | C54: Very High | D54: Medium-High
A55: Degaussing | B55: HDD, Tape (magnetic) | C55: High | D55: Medium
A56: Incineration | B56: All media types | C56: Absolute | D56: High
A57: Crushing/Bending | B57: HDD, Optical | C57: Medium-High | D57: Low-Medium
A59: EXCEPTIONS / DEVIATIONS
A60: Document any exceptions or deviations from requirements here:

Sheet 3. Database Systems
A1: SHEET 3: DATABASE SYSTEMS
A2: Policy Reference: ISMS-POL-A.8.10-S2.2, Section 2.2.3
A4: ASSESSMENT QUESTION: Are database and application deletion methods effective, and do they address referential integrity, backups, and crypto-shredding?
A7: Complete the yellow-highlighted cells below. Use dropdowns where provided. Link evidence in Column N to Evidence Register sheet.
A9: Media Type / System Name | B9: Data Classification | C9: Owner / Responsible Party | D9: Deletion Method Used | E9: Tool/Vendor Used | F9: Status | G9: Implementation Date | H9: Last Effectiveness Test | I9: Next Test Date | J9: Gap Identified | K9: Remediation Plan | L9: Target Completion | M9: Risk Level | N9: Evidence Reference | O9: Notes / Comments | P9: Remediation Owner | Q9: Budget Required | R9: Deletion Type | S9: Referential Integrity Handled | T9: Backup Purging | U9: Crypto-Erasure Key Management
A25: COMPLIANCE CHECKLIST - Mark ✅ or {XMARK}
A26: 1. | B26: All databases and applications processing sensitive data identified
A27: 2. | B27: Deletion method documented per system (logical delete, hard delete, purge)
A28: 3. | B28: Referential integrity constraints addressed (cascading deletes or manual)
A29: 4. | B29: Soft delete (logical delete) systems have purge procedures
A30: 5. | B30: Hard delete operations tested and verified
A31: 6. | B31: Database backup purging procedures exist
A32: 7. | B32: Archive-then-delete workflows documented (if used)
A33: 8. | B33: Crypto-shredding evaluated for encrypted databases
A34: 9. | B34: Application-layer deletion triggers database deletion
A35: 10. | B35: Deletion operations are logged and auditable
A36: 11. | B36: Batch deletion procedures exist for large datasets
A37: 12. | B37: Deletion performance tested (large table truncation)
... A40: 15. | B40: Deletion operations do not impact system availability
A42: Database Deletion Methods
A43: Method | B43: SQL Example | C43: Effect | D43: Storage Reclaimed
A44: Logical DELETE | B44: UPDATE SET deleted=1 | C44: Marks as deleted | D44: ❌ No (until purged)
A45: Hard DELETE | B45: DELETE FROM table | C45: Removes immediately | D45: ⚠ After VACUUM
A46: TRUNCATE | B46: TRUNCATE TABLE | C46: Removes all rows | D46: ✅ Immediate
A47: DROP TABLE | B47: DROP TABLE name | C47: Removes table | D47: ✅ Immediate
A48: Purge/Vacuum | B48: VACUUM (PostgreSQL) | C48: Reclaims space | D48: ✅ Yes
A49: Crypto-Shred | B49: DROP ENCRYPTION KEY | C49: Data unreadable | D49: ✅ Immediate (crypto)
A51: Referential Integrity Handling
A52: Approach | B52: Implementation | C52: Pros | D52: Cons
A53: CASCADE DELETE | B53: ON DELETE CASCADE | C53: Automatic, consistent | D53: Risk of unintended deletion
A54: SET NULL | B54: ON DELETE SET NULL | C54: Preserves child records | D54: Orphaned records
A55: RESTRICT | B55: ON DELETE RESTRICT | C55: Prevents accidental deletion | D55: Manual cleanup required
A56: Manual Deletion | B56: Application handles order | C56: Full control | D56: Error-prone, complex
A58: EXCEPTIONS / DEVIATIONS
A59: Document any exceptions or deviations from requirements here:

Sheet 4. Cloud Storage
A1: SHEET 4: CLOUD STORAGE
A2: Policy Reference: ISMS-POL-A.8.10-S2.2, Section 2.2.2
A4: ASSESSMENT QUESTION: Can we effectively delete data from cloud storage providers, including all snapshots, backups, and multi-region copies?
A7: Complete the yellow-highlighted cells below. Use dropdowns where provided. Link evidence in Column N to Evidence Register sheet.
A9: Media Type / System Name | B9: Data Classification | C9: Owner / Responsible Party | D9: Deletion Method Used | E9: Tool/Vendor Used | F9: Status | G9: Implementation Date | H9: Last Effectiveness Test | I9: Next Test Date | J9: Gap Identified | K9: Remediation Plan | L9: Target Completion | M9: Risk Level | N9: Evidence Reference | O9: Notes / Comments | P9: Remediation Owner | Q9: Budget Required | R9: Provider Tier | S9: Deletion API Available | T9: Snapshot/Backup Deletion | U9: Multi-Region Deletion Verified
A25: COMPLIANCE CHECKLIST - Mark ✅ or {XMARK}
A26: 1. | B26: All cloud storage providers in use are identified
A27: 2. | B27: Provider tier classification assigned (Tier 1-10 per ISMS-REF-A.5.23)
A28: 3. | B28: Deletion method documented per provider (API, console, support ticket)
A29: 4. | B29: API-based deletion implemented for Tier 1-3 providers (critical)
A30: 5. | B30: Snapshot deletion procedures documented and tested
A31: 6. | B31: Backup deletion timeline documented (may differ from active data)
A32: 7. | B32: Multi-region/multi-zone deletion verified
A33: 8. | B33: Object versioning deletion addressed (S3, GCS, Azure Blob)
A34: 9. | B34: Soft-delete/recycle bin behaviour documented
A35: 10. | B35: Deletion confirmation/verification method exists
A36: 11. | B36: Provider deletion SLA documented (see ISMS-IMP-A.8.10.3)
A37: 12. | B37: Cryptographic erasure option evaluated (customer-managed keys)
... A40: 15. | B40: Cloud deletion events logged and monitored
A42: Major Cloud Provider Deletion Methods
A43: Provider | B43: Service | C43: Deletion Method | D43: Multi-Region
A44: AWS | B44: S3 | C44: DELETE API, Lifecycle Policy | D44: ✅ Per region
A45: AWS | B45: EBS | C45: DeleteVolume API | D45: ✅ Per region
A46: Azure | B46: Blob Storage | C46: Delete API, Lifecycle | D46: ✅ Per region
A47: Azure | B47: Managed Disk | C47: Delete API | D47: ✅ Per region
A48: GCP | B48: Cloud Storage | C48: DELETE API, Lifecycle | D48: ✅ Per region
A49: GCP | B49: Persistent Disk | C49: Delete API | D49: ✅ Per region
A51: Cloud Deletion Challenges
A52: Challenge | B52: Description | C52: Mitigation
A53: Soft Delete / Recycle Bin | B53: Data retained 30-90 days | C53: Purge recycle bin explicitly
A54: Object Versioning | B54: Previous versions retained | C54: Delete all versions
A55: Snapshots / Backups | B55: Persist after source deletion | C55: Lifecycle policy or manual
A56: Multi-Region Replication | B56: Data in multiple regions | C56: Region-by-region deletion
A57: Delayed Deletion | B57: Provider may not delete immediately | C57: Document SLA, confirm
A59: EXCEPTIONS / DEVIATIONS
A60: Document any exceptions or deviations from requirements here:

Sheet 5. File Systems & Backup Media
A1: SHEET 5: FILE SYSTEMS & BACKUP MEDIA
A2: Policy Reference: ISMS-POL-A.8.10-S2.2, Section 2.2.4
A4: ASSESSMENT QUESTION: Can we securely delete data from file systems, network storage, and backup media?
A7: Complete the yellow-highlighted cells below. Use dropdowns where provided. Link evidence in Column N to Evidence Register sheet.
A9: Media Type / System Name | B9: Data Classification | C9: Owner / Responsible Party | D9: Deletion Method Used | E9: Tool/Vendor Used | F9: Status | G9: Implementation Date | H9: Last Effectiveness Test | I9: Next Test Date | J9: Gap Identified | K9: Remediation Plan | L9: Target Completion | M9: Risk Level | N9: Evidence Reference | O9: Notes / Comments | P9: Remediation Owner | Q9: Budget Required | R9: Device Type | S9: MDM Solution Used | T9: Remote Wipe Capability | U9: Full Disk Encryption
A25: COMPLIANCE CHECKLIST - Mark ✅ or {XMARK}
A26: 1. | B26: All endpoint device types documented (laptops, desktops, mobiles, tablets)
A27: 2. | B27: Corporate vs BYOD devices identified
A28: 3. | B28: Mobile Device Management (MDM) solution deployed
A29: 4. | B29: Remote wipe capability tested and functional
A30: 5. | B30: Full disk encryption (FDE) enabled on all corporate devices
A31: 6. | B31: Factory reset procedures documented
A32: 7. | B32: BYOD partial wipe capability (corporate data only)
A33: 8. | B33: Device encryption keys managed (BitLocker, FileVault, etc.)
A34: 9. | B34: Lost/stolen device wipe procedures exist
A35: 10. | B35: Employee offboarding triggers device wipe
A36: 11. | B36: BYOD app containerization supports selective wipe
A37: 12. | B37: Physical device destruction procedures (end-of-life)
... A40: 15. | B40: Crypto-erasure supported (FDE key deletion)
A42: Device Deletion Methods
A43: Device Type | B43: Deletion Method | C43: Effectiveness | D43: Requirements
A44: Corporate Laptop (Windows) | B44: BitLocker + Format | C44: High | D44: BitLocker enabled
A45: Corporate Laptop (macOS) | B45: FileVault + Erase | C45: High | D45: FileVault enabled
A46: Corporate Mobile (iOS) | B46: MDM Remote Wipe | C46: Very High | D46: MDM enrollment
A47: Corporate Mobile (Android) | B47: MDM Remote Wipe | C47: High | D47: MDM + FDE
A48: BYOD Mobile | B48: MDM Selective Wipe | C48: Medium | D48: MDM + containerization
A49: Desktop Workstation | B49: Overwrite or Destroy | C49: High | D49: Depends on storage type
A51: Full Disk Encryption (FDE) Support
A52: Operating System | B52: FDE Solution | C52: Crypto-Erase Method
A53: Windows 10/11 | B53: BitLocker | C53: Delete recovery key
A54: macOS | B54: FileVault 2 | C54: Delete recovery key
A55: Linux | B55: LUKS (dm-crypt) | C55: Delete LUKS header
A56: iOS | B56: Built-in (always on) | C56: Factory reset (key deleted)
A57: Android | B57: File-Based Encryption | C57: Factory reset (key deleted)
A59: EXCEPTIONS / DEVIATIONS
A60: Document any exceptions or deviations from requirements here:

Sheet 6. Deletion Verification Test
A1: SHEET 6: DELETION VERIFICATION TESTING
A2: Policy Reference: ISMS-POL-A.8.10-S2.2, Section 2.2.5
A4: ASSESSMENT QUESTION: Do we regularly test our deletion methods using forensic tools to verify effectiveness, and do we remediate failed tests?
A7: Complete the yellow-highlighted cells below. Use dropdowns where provided. Link evidence in Column N to Evidence Register sheet.
A9: Media Type / System Name | B9: Data Classification | C9: Owner / Responsible Party | D9: Deletion Method Used | E9: Tool/Vendor Used | F9: Status | G9: Implementation Date | H9: Last Effectiveness Test | I9: Next Test Date | J9: Gap Identified | K9: Remediation Plan | L9: Target Completion | M9: Risk Level | N9: Evidence Reference | O9: Notes / Comments | P9: Remediation Owner | Q9: Budget Required | R9: Test Frequency | S9: Forensic Tool Used | T9: Pass Rate (Last 12 Months) | U9: Independent Testing
A25: COMPLIANCE CHECKLIST - Mark ✅ or {XMARK}
A26: 1. | B26: Annual forensic testing of deletion methods is scheduled
A27: 2. | B27: Representative sample of media types tested
A28: 3. | B28: Forensic recovery tools used (EnCase, FTK, Autopsy, etc.)
A29: 4. | B29: Pass/fail criteria defined (no data recovery = pass)
A30: 5. | B30: Failed tests trigger immediate investigation and remediation
A31: 6. | B31: Testing covers all NIST method types (Clear, Purge, Destroy)
A32: 7. | B32: Cloud deletion verification performed (where possible)
A33: 8. | B33: Database deletion verification performed (backup restoration test)
A34: 9. | B34: Mobile device wipe verification performed (MDM logs + device inspection)
A35: 10. | B35: Independent testing considered (external forensic firm)
A36: 11. | B36: Test results documented and linked to Evidence Register
A37: 12. | B37: Deletion tool vendors provide effectiveness documentation
... A40: 15. | B40: Testing results reported to management and DPO
A42: Forensic Testing Approach
A43: Media Type | B43: Test Method | C43: Pass Criteria
A44: HDD (overwritten) | B44: File recovery attempt | C44: Zero files recovered
A45: SSD (secure erased) | B45: File recovery attempt | C45: Zero files recovered
A46: Cloud Storage (deleted) | B46: API verification | C46: No objects found
A47: Database (hard deleted) | B47: Backup restoration + query | C47: Zero records recovered
A48: Mobile Device (wiped) | B48: Physical inspection + recovery | C48: Zero corporate data found
A49: Crypto-Erased Media | B49: Key verification, mount attempt | C49: Data unreadable
A51: Testing Frequency Recommendations
A52: Media Type | B52: Recommended Frequency | C52: Rationale
A53: Physical Media (HDD/SSD) | B53: Annual | C53: Technology stable
A54: Cloud Storage | B54: Semi-Annual | C54: Provider changes, API updates
A55: Database Deletion | B55: Annual | C55: Logic stable
A56: Mobile Devices | B56: Quarterly | C56: Frequent OS updates
A57: New Deletion Tools | B57: Before Production | C57: Validate before use
A58: After Failed Test | B58: Immediate Retest | C58: Verify remediation
A60: EXCEPTIONS / DEVIATIONS
A61: Document any exceptions or deviations from requirements here:

Sheet Evidence Register
A1: EVIDENCE REGISTER
A2: List all evidence files/documents referenced in this assessment (audit traceability).
A4: Evidence ID | B4: Category | C4: Description | D4: Source Document | E4: Date Collected | F4: Collected By | G4: Status | H4: Notes
A5: EV-001
A6: EV-002
A7: EV-003
A8: EV-004
A9: EV-005
A10: EV-006
A11: EV-007
A12: EV-008
A13: EV-009
A14: EV-010
A15: EV-011
A16: EV-012
... A104: EV-100

Sheet Summary Dashboard
A1: Deletion Methods Assessment — SUMMARY DASHBOARD
A2: Summary Dashboard | Deletion Methods Assessment | Generated: 20260301
A4: TABLE 1 – COMPLIANCE ASSESSMENT SUMMARY
A5: Assessment Area | B5: Total Items | C5: Compliant | D5: Partial | E5: Non-Compliant | F5: N/A | G5: Compliance %
A6: Physical Storage Media | B6: =C6+D6+E6+F6 | C6: =COUNTIF('2. Physical Storage Media'!F10:F100,"✅ Compliant") | D6: =COUNTIF('2. Physical Storage Media'!F10:F100,"⚠️ Partial") | E6: =COUNTIF('2. Physical Storage Media'!F10:F100,"❌ Non-Compliant") | F6: =COUNTIF('2. Physical Storage Media'!F10:F100,"N/A") | G6: =IF((B6-F6)=0,0,C6/(B6-F6))
A7: Database Systems | B7: =C7+D7+E7+F7 | C7: =COUNTIF('3. Database Systems'!F10:F100,"✅ Compliant") | D7: =COUNTIF('3. Database Systems'!F10:F100,"⚠️ Partial") | E7: =COUNTIF('3. Database Systems'!F10:F100,"❌ Non-Compliant") | F7: =COUNTIF('3. Database Systems'!F10:F100,"N/A") | G7: =IF((B7-F7)=0,0,C7/(B7-F7))
A8: Cloud Storage | B8: =C8+D8+E8+F8 | C8: =COUNTIF('4. Cloud Storage'!F10:F100,"✅ Compliant") | D8: =COUNTIF('4. Cloud Storage'!F10:F100,"⚠️ Partial") | E8: =COUNTIF('4. Cloud Storage'!F10:F100,"❌ Non-Compliant") | F8: =COUNTIF('4. Cloud Storage'!F10:F100,"N/A") | G8: =IF((B8-F8)=0,0,C8/(B8-F8))
A9: File Systems & Backup Media | B9: =C9+D9+E9+F9 | C9: =COUNTIF('5. File Systems & Backup Media'!F10:F100,"✅ Compliant") | D9: =COUNTIF('5. File Systems & Backup Media'!F10:F100,"⚠️ Partial") | E9: =COUNTIF('5. File Systems & Backup Media'!F10:F100,"❌ Non-Compliant") | F9: =COUNTIF('5. File Systems & Backup Media'!F10:F100,"N/A") | G9: =IF((B9-F9)=0,0,C9/(B9-F9))
A10: Deletion Verification Testing | B10: =C10+D10+E10+F10 | C10: =COUNTIF('6. Deletion Verification Test'!F10:F100,"✅ Compliant") | D10: =COUNTIF('6. Deletion Verification Test'!F10:F100,"⚠️ Partial") | E10: =COUNTIF('6. Deletion Verification Test'!F10:F100,"❌ Non-Compliant") | F10: =COUNTIF('6. Deletion Verification Test'!F10:F100,"N/A") | G10: =IF((B10-F10)=0,0,C10/(B10-F10))
A11: TOTAL | B11: =SUM(B6:B10) | C11: =SUM(C6:C10) | D11: =SUM(D6:D10) | E11: =SUM(E6:E10) | F11: =SUM(F6:F10) | G11: =IF((B11-F11)=0,0,C11/(B11-F11))
A13: TABLE 2 – KEY METRICS
A14: Metric | B14: Value | C14: Target
A15: Overall Compliance Rate | B15: =IFERROR(G11,"N/A") | C15: ≥ 80%
A16: Physical Media Deletion Methods Compliant | B16: =IFERROR(COUNTIF('2. Physical Storage Media'!F10:F100,"✅ Compliant"),0) | C16: 100%
A17: Database Deletion Methods Compliant | B17: =IFERROR(COUNTIF('3. Database Systems'!F10:F100,"✅ Compliant"),0) | C17: 100%
A18: Cloud Deletion Configurations Compliant | B18: =IFERROR(COUNTIF('4. Cloud Storage'!F10:F100,"✅ Compliant"),0) | C18: 100%
A19: Deletion Verification Tests Passed | B19: =IFERROR(COUNTIF('6. Deletion Verification Test'!F10:F100,"✅ Compliant"),0) | C19: 100%
A20: Non-Compliant Items Requiring Remediation | B20: =IFERROR(SUM(E6:E10),0) | C20: 0
A22: TABLE 3 – KEY FINDINGS & RECOMMENDATIONS
A23: # | B23: Finding | C23: Impact | D23: Recommendation | E23: Priority | F23: Status | G23: Notes
A24: 1 | B24: SSD overwrite methods may be ineffective due to wear levelling | C24: High | D24: Replace SSD overwrite with Secure Erase, crypto-erasure, or physical destruction | E24: P1 | F24: Open | G24: NIST SP 800-88 Rev.2
A25: 2 | B25: Cloud deletion may not include snapshots, backups, and versioned objects | C25: High | D25: Audit cloud lifecycle policies to ensure all object versions and snapshots are deleted | E25: P1 | F25: Open
A26: 3 | B26: Logical deletes in databases may leave data recoverable | C26: Medium | D26: Implement scheduled purge jobs for soft-deleted records in all databases | E26: P2 | F26: Open
A27: 4 | B27: Deletion verification testing frequency may be insufficient | C27: Medium | D27: Establish annual forensic testing schedule across all media types | E27: P2 | F27: Open

Sheet Approval Sign-Off
A1: ASSESSMENT APPROVAL AND SIGN-OFF
A3: ASSESSMENT SUMMARY
A4: Document: | B4: ISMS-IMP-A.8.10.2 - Deletion Methods Assessment
A5: Assessment Period:
A6: Overall Compliance: | B6: =IFERROR(AVERAGE('Summary Dashboard'!G6:G10),"")
A7: Assessment Status:
A10: COMPLETED BY (ASSESSOR)
A11: Name:
A12: Title:
A13: Date:
A14: Signature:
A15: Comments:
A17: REVIEWED BY (INFORMATION SECURITY OFFICER)
A18: Name:
A19: Title:
A20: Date:
A21: Signature:
... A37: Special Considerations:
