Workbook

Sheet Instructions & Legend
A1: ISMS-IMP-A.8.10.4 - Verification & Evidence Assessment ISO/IEC 27001:2022 - Control A.8.10: Information Deletion
A3: Document Information
A4: Document ID | B4: ISMS-IMP-A.8.10.4
A5: Assessment Area | B5: Verification & Evidence Assessment
A6: Related Policy | B6: ISMS-POL-A.8.10-S2.3 (Verification & Evidence Requirements)
A7: Version | B7: 1.0
A8: Assessment Date
A9: Completed By
A10: Organisation
A11: Review Cycle | B11: Annual
A14: PURPOSE
A15: This workbook assesses an organisation's deletion verification and evidence management capabilities. It addresses the critical challenge of proving information has been deleted while respecting data minimisation principles.
A19: THE VERIFICATION PARADOX
A20: Organisations must prove deletion occurred without retaining the deleted data itself. This assessment addresses this through: • Metadata Over Data: Retention of deletion logs, certificates, and test results (not actual deleted content) • Method Testing Over Data Testing: Forensic testing validates deletion methods using test datasets, not production data • Time-Bound Evidence: Evidence retention aligned with legal/regulatory requirements, then evidence itself is deleted
A27: ASSESSMENT STRUCTURE
A28: Sheet | B28: Purpose
A29: Deletion Logging Assessment | B29: Evaluate centralised logging infrastructure and completeness
A30: Verification Testing Program | B30: Assess forensic testing capability and effectiveness
A31: Instructions | B31: Review storage, retention, and access control of evidence
A32: 1. Review ISMS-POL-A.8.10-S2.3 (Verification & Evidence Requirements) before starting 2. Complete Sheets 2-6 (assessment sheets) - yellow cells require data entry 3. Use dropdown menus where provided - consistent assessment criteria 4. Complete Sheet 7 (Summary Dashboard) for summary and gap analysis 5. Document all evidence in Sheet 8 (Evidence Register) 6. Obtain three-level approval in Sheet 9 7. Track remediation of identified gaps through to closure
A40: KEY REMINDERS
A41: • NO CARGO CULT CERTIFICATES: Don't accept vendor certificates without validation! • NO EVIDENCE HOARDING: Retention must balance legal requirements with data minimisation • NO PRODUCTION DATA TESTING: Test deletion methods with test datasets, not actual sensitive data • COMPLETE AUDIT TRAILS: Gaps in chain of custody undermine entire verification program • LOGS NEED STORAGE: Insufficient log capacity = lost evidence = compliance failure
A49: Status Legend
A50: Symbol | B50: Status | C50: Description
B51: Column Header | C51: Do not edit
B52: Data Entry | C52: Complete these fields
B53: Compliant | C53: Meets requirements
B54: Partial | C54: Needs attention
B55: Non-Compliant | C55: Critical gap
B56: Reference | C56: Read-only information
A57: — | B57: N/A | C57: Not applicable

Sheet Deletion Logging Assessment
A1: DELETION LOGGING ASSESSMENT
A2: Instructions: Complete yellow-highlighted cells. Use dropdown menus where provided. Refer to checklist and reference tables below.
A4: Verification Area | B4: Current State | C4: Target State | D4: Gap Severity | E4: Control Effectiveness | F4: Evidence Quality | G4: Compliance Status | H4: Risk Level | I4: Responsible Party | J4: Review Frequency | K4: Last Review Date | L4: Next Review Due | M4: Remediation Priority | N4: Estimated Effort | O4: Target Completion | P4: Current Status | Q4: Assessor Notes | R4: Log Completeness Score (%) | S4: Log Retention Period | T4: Centralised System | U4: Tamper Protection
A5: [Sample] Example verification area entry
A58: ASSESSMENT CHECKLIST
A59: # | B59: Checklist Item | C59: Met? | D59: Evidence/Notes
A60: 1 | B60: Centralised log aggregation system implemented for all deletion operations
A61: 2 | B61: Log retention periods align with legal/regulatory requirements (ISMS-POL-A.8.10-S2.3)
A62: 3 | B62: Tamper-evident logging mechanisms protect log integrity
A63: 4 | B63: Log storage capacity planning accounts for retention requirements
A64: 5 | B64: Backup and disaster recovery procedures exist for log systems
A65: 6 | B65: Logs capture: Who deleted (user/system identity)
A66: 7 | B66: Logs capture: What was deleted (data classification, record identifiers - NOT actual data)
A67: 8 | B67: Logs capture: When deletion occurred (timestamp with timezone)
A68: 9 | B68: Logs capture: Where deletion occurred (system/location/media ID)
A69: 10 | B69: Logs capture: How deletion was performed (method reference per NIST SP 800-88 Rev. 2)
A70: 11 | B70: Log entries are machine-readable and parseable for audit analysis
A71: 12 | B71: Log correlation capability exists across multiple systems/platforms
... A79: 20 | B79: Log export capability exists for regulator/auditor requests
A82: Table 1: Required Log Fields (NIST SP 800-88 Rev. 2 R1 Alignment)
A83: Log Field | B83: Required? | C83: Example Value | D83: Purpose
A84: Deletion Request ID | B84: Mandatory | C84: DEL-2025-001234 | D84: Unique tracking identifier
A85: Requestor Identity | B85: Mandatory | C85: jdoe@company.ch | D85: Accountability
A86: Deletion Timestamp | B86: Mandatory | C86: 2025-01-05T14:32:17Z | D86: Temporal evidence
A87: Data Classification | B87: Mandatory | C87: Confidential-PII | D87: Risk context
A88: Media Type | B88: Mandatory | C88: SSD / Cloud Storage | D88: Method validation
A89: Deletion Method | B89: Mandatory | C89: ATA Secure Erase | D89: NIST SP 800-88 Rev. 2 reference
A90: Verification Method | B90: Recommended | C90: Forensic Sampling | D90: Assurance level
A91: Certificate ID | B91: Recommended | C91: CERT-20250105-789 | D91: Third-party evidence
A92: Completion Status | B92: Mandatory | C92: Success / Failed | D92: Outcome tracking
A95: Table 2: Log Completeness Scoring Matrix
A96: Completeness Score | B96: Description | C96: Required Fields Captured
A97: 90-100% | B97: Excellent | C97: All mandatory + all recommended fields
A98: 75-89% | B98: Good | C98: All mandatory + most recommended fields
A99: 60-74% | B99: Fair | C99: All mandatory fields, some recommended
A100: 40-59% | B100: Poor | C100: Most mandatory, few recommended
A101: 0-39% | B101: Critical Gap | C101: Missing mandatory fields

Sheet Verification Testing Program
A1: VERIFICATION TESTING PROGRAM
A2: Instructions: Complete yellow-highlighted cells. Use dropdown menus where provided. Refer to checklist and reference tables below.
A4: Verification Area | B4: Current State | C4: Target State | D4: Gap Severity | E4: Control Effectiveness | F4: Evidence Quality | G4: Compliance Status | H4: Risk Level | I4: Responsible Party | J4: Review Frequency | K4: Last Review Date | L4: Next Review Due | M4: Remediation Priority | N4: Estimated Effort | O4: Target Completion | P4: Current Status | Q4: Assessor Notes | R4: Test Frequency | S4: Sample Size (%) | T4: Last Test Date | U4: Test Pass Rate (%)
A5: [Sample] Example verification area entry
A58: ASSESSMENT CHECKLIST
A59: # | B59: Checklist Item | C59: Met? | D59: Evidence/Notes
A60: 1 | B60: Documented verification testing program with defined scope and frequency
A61: 2 | B61: Testing methodology aligns with NIST SP 800-88 Rev. 2 R1 verification guidance
A62: 3 | B62: Test sample selection methodology is risk-based (prioritize high-risk deletions)
A63: 4 | B63: Testing uses dedicated test datasets, NOT production data
A64: 5 | B64: Test results are documented and retained per evidence retention policy
A65: 6 | B65: Forensic tools/methods appropriate for media types (HDD, SSD, cloud, etc.)
A66: 7 | B66: Testing validates deletion methods, not just process completion
A67: 8 | B67: Cryptographic erasure validation confirms key destruction
A68: 9 | B68: Cloud deletion testing includes API verification and metadata inspection
A69: 10 | B69: Testing capability exists for ALL deletion methods in use
A70: 11 | B70: Risk-based sampling strategy defined (higher risk = higher sample rate)
A71: 12 | B71: Critical data deletions (PII, trade secrets) have higher verification rates
... A77: 18 | B77: Verification testing program is itself reviewed and improved annually
A80: Table 1: Verification Testing Methods by Media Type
A81: Media Type | B81: Primary Verification Method | C81: Tool Examples | D81: Pass Criteria
A82: HDD (Magnetic) | B82: Forensic imaging & analysis | C82: EnCase, FTK, dd + hexdump | D82: No recoverable data patterns
A83: SSD (Flash) | B83: Controller-based validation | C83: Manufacturer tools, TRIM verification | D83: Confirmed erasure completion
A84: Cloud Storage | B84: API query + metadata check | C84: AWS S3 verify, Azure Blob API | D84: Object not found + no versions
A85: Backup Tapes | B85: Degaussing verification | C85: Gaussmeter, NIST test procedures | D85: Magnetic field below threshold
A86: Mobile Devices | B86: Factory reset validation | C86: Cellebrite verification mode | D86: No user data recoverable
A89: Table 2: Risk-Based Sample Rate Guidelines
A90: Risk Level | B90: Data Classification | C90: Minimum Sample Rate | D90: Rationale
A91: Critical | B91: PII + Financial | C91: 25-50% | D91: High regulatory exposure
A92: High | B92: PII or Confidential | C92: 10-25% | D92: Significant impact if breach
A93: Medium | B93: Internal Use Only | C93: 5-10% | D93: Moderate sensitivity
A94: Low | B94: Public | C94: 1-5% | D94: Minimal impact
A95: Continuous | B95: All Third-Party | C95: 100% (via certificates) | D95: Trust but verify vendors

Sheet Evidence Repository Assessment
A1: EVIDENCE REPOSITORY ASSESSMENT
A2: Instructions: Complete yellow-highlighted cells. Use dropdown menus where provided. Refer to checklist and reference tables below.
A4: Verification Area | B4: Current State | C4: Target State | D4: Gap Severity | E4: Control Effectiveness | F4: Evidence Quality | G4: Compliance Status | H4: Risk Level | I4: Responsible Party | J4: Review Frequency | K4: Last Review Date | L4: Next Review Due | M4: Remediation Priority | N4: Estimated Effort | O4: Target Completion | P4: Current Status | Q4: Assessor Notes | R4: Storage Location | S4: Access Controls | T4: Backup Status | U4: Retention Compliance
A5: [Sample] Example verification area entry
A58: ASSESSMENT CHECKLIST
A59: # | B59: Checklist Item | C59: Met? | D59: Evidence/Notes
A60: 1 | B60: Dedicated evidence repository exists (not scattered across file shares/emails)
A61: 2 | B61: Repository access controls restrict evidence to authorised personnel
A62: 3 | B62: Repository is backed up and included in disaster recovery procedures
A63: 4 | B63: Repository capacity planning accounts for evidence accumulation
A64: 5 | B64: Evidence is indexed/cataloged for efficient retrieval
A65: 6 | B65: Evidence naming conventions facilitate cross-referencing with deletion logs
A66: 7 | B66: Evidence metadata includes: deletion date, data classification, verification method
A67: 8 | B67: Evidence search capability exists for audit/legal discovery requests
A68: 9 | B68: Evidence repository contains deletion logs (per Sheet 2 assessment)
A69: 10 | B69: Evidence repository contains verification test results (per Sheet 3 assessment)
A70: 11 | B70: Evidence repository contains vendor certificates (per Sheet 5 assessment)
A71: 12 | B71: Evidence repository does NOT contain actual deleted data (metadata only)
... A76: 17 | B76: Evidence retention balances legal/regulatory requirements with data minimisation
A79: Table 1: Evidence Types and Retention
A80: Evidence Type | B80: Typical Retention Period | C80: Deletion Trigger | D80: Storage Format
A81: Deletion Logs | B81: 1-7 years (per jurisdiction) | C81: Retention expiration + no legal hold | D81: Structured logs (JSON/Syslog)
A82: Verification Test Results | B82: 3-7 years | C82: Retention expiration | D82: PDF reports + raw data
A83: Vendor Certificates | B83: 3-7 years | C83: Retention expiration | D83: PDF (digitally signed preferred)
A84: Audit Reports | B84: 7-10 years | C84: Retention expiration | D84: PDF
A85: Legal Hold Evidence | B85: Indefinite | C85: Court order release / settlement | D85: Various (immutable)
A88: Table 2: Access Control Matrix
A89: Role | B89: Deletion Logs | C89: Test Results | D89: Certificates
A90: Security Team | B90: Read/Write | C90: Read/Write | D90: Read/Write
A91: Compliance Team | B91: Read | C91: Read | D91: Read
A92: IT Operations | B92: Read (own systems only) | C92: No Access | D92: No Access
A93: External Auditors | B93: Read (time-limited) | C93: Read (time-limited) | D93: Read (time-limited)
A94: General Employees | B94: No Access | C94: No Access | D94: No Access

Sheet Certificate Management
A1: CERTIFICATE MANAGEMENT
A2: Instructions: Complete yellow-highlighted cells. Use dropdown menus where provided. Refer to checklist and reference tables below.
A4: Verification Area | B4: Current State | C4: Target State | D4: Gap Severity | E4: Control Effectiveness | F4: Evidence Quality | G4: Compliance Status | H4: Risk Level | I4: Responsible Party | J4: Review Frequency | K4: Last Review Date | L4: Next Review Due | M4: Remediation Priority | N4: Estimated Effort | O4: Target Completion | P4: Current Status | Q4: Assessor Notes | R4: Certificate Quality Score (%) | S4: Vendor Compliance Rate (%) | T4: Validation Method | U4: Certificate Storage Period
A5: [Sample] Example verification area entry
A58: ASSESSMENT CHECKLIST
A59: # | B59: Checklist Item | C59: Met? | D59: Evidence/Notes
A60: 1 | B60: Vendor contracts require provision of deletion certificates per ISMS-POL-A.8.10-S2.4
A61: 2 | B61: Certificate content requirements documented (minimum required fields)
A62: 3 | B62: Certificate format standards defined (digitally signed PDF preferred)
A63: 4 | B63: Certificate delivery timeline requirements in vendor SLAs (e.g., within 30 days)
A64: 5 | B64: Non-compliance consequences defined in vendor contracts
A65: 6 | B65: Certificate digital signatures are verified (not just accepted as-is)
A66: 7 | B66: Certificate content is reviewed for completeness (all required fields present)
A67: 8 | B67: Certificate issuer authority is validated (authorised vendor personnel)
A68: 9 | B68: Certificate timestamps align with deletion request timelines
A69: 10 | B69: Certificates are cross-referenced with deletion logs for consistency
A70: 11 | B70: Generic/template certificates are flagged for additional verification
A71: 12 | B71: Certificates include specific deletion details (not generic statements)
... A78: 19 | B78: Certificate retention aligns with overall evidence retention policy
A81: Table 1: Certificate Quality Scoring Rubric (0-100 Points)
A82: Component | B82: Points | C82: Criteria for Full Points
A83: Digital Signature | B83: 20 | C83: Valid signature from authorised vendor representative
A84: Specific Data References | B84: 20 | C84: Includes media IDs, deletion job IDs, or unique identifiers
A85: Deletion Method | B85: 15 | C85: References recognised standard (NIST SP 800-88 Rev. 2, GDPR method)
A86: Timestamp Accuracy | B86: 10 | C86: Deletion date/time aligns with request timeline
A87: Completeness | B87: 15 | C87: All required fields present
A88: Third-Party Audit | B88: 10 | C88: References independent audit report (SOC 2, ISO 27001)
A89: Subcontractor Coverage | B89: 10 | C89: Confirms deletion by any subcontractors used
A92: Table 2: Certificate Validation Red Flags
A93: Red Flag | B93: Risk Level | C93: Action Required
A94: No digital signature | B94: High | C94: Request signed certificate or reject
A95: Generic template language | B95: Medium | C95: Request specific details or supplemental evidence
A96: Timestamp predates deletion request | B96: High | C96: Investigate (possible fraudulent certificate)
A97: Timestamp >90 days after request | B97: Medium | C97: Investigate delay, verify deletion occurred
A98: Signatory not in vendor contact list | B98: High | C98: Verify signatory authority with vendor
A99: No deletion method specified | B99: Medium | C99: Request method details or perform verification testing

Sheet Audit Trail Completeness
A1: AUDIT TRAIL COMPLETENESS
A2: Instructions: Complete yellow-highlighted cells. Use dropdown menus where provided. Refer to checklist and reference tables below.
A4: Verification Area | B4: Current State | C4: Target State | D4: Gap Severity | E4: Control Effectiveness | F4: Evidence Quality | G4: Compliance Status | H4: Risk Level | I4: Responsible Party | J4: Review Frequency | K4: Last Review Date | L4: Next Review Due | M4: Remediation Priority | N4: Estimated Effort | O4: Target Completion | P4: Current Status | Q4: Assessor Notes | R4: Reconstruction Tested | S4: Chain of Custody | T4: Completeness Score (%) | U4: Audit Readiness
A5: [Sample] Example verification area entry
A58: ASSESSMENT CHECKLIST
A59: # | B59: Checklist Item | C59: Met? | D59: Evidence/Notes
A60: 1 | B60: Audit trail links deletion request → approval → execution → verification → evidence
A61: 2 | B61: Audit trail includes timestamps for each stage (demonstrating timeline)
A62: 3 | B62: Audit trail identifies actors at each stage (accountability)
A63: 4 | B63: Audit trail is tamper-evident (immutable logs or cryptographic protection)
A64: 5 | B64: Audit trail reconstruction tested at least annually
A65: 6 | B65: Reconstruction tests use real deletion events (not hypothetical scenarios)
A66: 7 | B66: Reconstruction demonstrates compliance with retention schedule requirements
A67: 8 | B67: Reconstruction demonstrates compliance with GDPR DSR timelines (if applicable)
A68: 9 | B68: 100% of deletion events have corresponding audit trail entries
A69: 10 | B69: Audit trail captures successful AND failed deletion attempts
A70: 11 | B70: Audit trail captures exceptions and workarounds (with approval documentation)
A71: 12 | B71: Audit trail captures evidence of supervisory review (where required)
... A75: 16 | B75: Mock audits or self-assessments validate audit trail adequacy
A78: Table 1: Chain of Custody Stages
A79: Stage | B79: Key Evidence | C79: Responsible Party | D79: Timeframe
A80: 1. Request | B80: Deletion request ticket | C80: Data Owner / DPO | D80: T+0
A81: 2. Approval | B81: Approval record (if required) | C81: Manager / DPO | D81: T+1 to T+3 days
A82: 3. Scheduling | B82: Work order / scheduled task | C82: IT Operations | D82: T+3 to T+7 days
A83: 4. Execution | B83: Deletion log entry | C83: System / Operator | D83: T+7 to T+30 days
A84: 5. Verification | B84: Test result / Certificate | C84: Security / Vendor | D84: T+30 to T+60 days
A85: 6. Evidence Archival | B85: Repository entry | C85: Compliance Team | D85: T+60 to T+90 days
A86: 7. Retention Expiry | B86: Evidence deletion log | C86: Records Management | D86: T+Retention Period
A89: Table 2: Reconstruction Test Procedure
A90: Test Step | B90: Procedure | C90: Expected Result | D90: Fail Criteria
A91: 1. Select Sample | B91: Choose 5-10 deletion events (various types) | C91: Representative sample | D91: <5 events or non-representative
A92: 2. Gather Evidence | B92: Collect all audit trail components | C92: All components found | D92: Missing any component
A93: 3. Verify Chronology | B93: Confirm timestamps logical sequence | C93: No gaps, logical flow | D93: Timestamps out of order
A94: 4. Validate Actors | B94: Confirm authorised personnel at each stage | C94: All actors authorised | D94: Unauthorised actor found
A95: 5. Check Completeness | B95: Verify all required fields present | C95: 100% completeness | D95: Any required field missing
A96: 6. Cross-Reference | B96: Logs match certificates match test results | C96: All sources consistent | D96: Discrepancies found
A97: 7. Demonstrate Compliance | B97: Show adherence to policy/regulation | C97: Policy requirements met | D97: Non-compliance identified

Sheet Evidence Register
A1: EVIDENCE REGISTER
A2: Comprehensive evidence tracking for A.8.10 Data Deletion compliance assessment
A4: Evidence ID | B4: Category | C4: Description | D4: Source Document | E4: Date Collected | F4: Collected By | G4: Status | H4: Notes
A5: EV-001
A6: EV-002
A7: EV-003
A8: EV-004
A9: EV-005
A10: EV-006
A11: EV-007
A12: EV-008
A13: EV-009
A14: EV-010
A15: EV-011
A16: EV-012
... A104: EV-100

Sheet Summary Dashboard
A1: Verification & Evidence Assessment — SUMMARY DASHBOARD
A2: Summary Dashboard | Verification & Evidence Assessment | Generated: 20260307
A4: TABLE 1 – COMPLIANCE ASSESSMENT SUMMARY
A5: Assessment Area | B5: Total Items | C5: Compliant | D5: Partial | E5: Non-Compliant | F5: N/A | G5: Compliance %
A6: Deletion Logging Assessment | B6: =C6+D6+E6+F6 | C6: =COUNTIF('Deletion Logging Assessment'!G6:G55,"Fully Compliant") | D6: =COUNTIF('Deletion Logging Assessment'!G6:G55,"Partially Compliant")+COUNTIF('Deletion Logging Assessment'!G6:G55,"Substantially Compliant") | E6: =COUNTIF('Deletion Logging Assessment'!G6:G55,"Non-Compliant") | F6: =COUNTIF('Deletion Logging Assessment'!G6:G55,"N/A (Not applicable to regulations)") | G6: =IF((B6-F6)=0,0,C6/(B6-F6))
A7: Verification Testing Program | B7: =C7+D7+E7+F7 | C7: =COUNTIF('Verification Testing Program'!G6:G55,"Fully Compliant") | D7: =COUNTIF('Verification Testing Program'!G6:G55,"Partially Compliant")+COUNTIF('Verification Testing Program'!G6:G55,"Substantially Compliant") | E7: =COUNTIF('Verification Testing Program'!G6:G55,"Non-Compliant") | F7: =COUNTIF('Verification Testing Program'!G6:G55,"N/A (Not applicable to regulations)") | G7: =IF((B7-F7)=0,0,C7/(B7-F7))
A8: Evidence Repository Assessment | B8: =C8+D8+E8+F8 | C8: =COUNTIF('Evidence Repository Assessment'!G6:G55,"Fully Compliant") | D8: =COUNTIF('Evidence Repository Assessment'!G6:G55,"Partially Compliant")+COUNTIF('Evidence Repository Assessment'!G6:G55,"Substantially Compliant") | E8: =COUNTIF('Evidence Repository Assessment'!G6:G55,"Non-Compliant") | F8: =COUNTIF('Evidence Repository Assessment'!G6:G55,"N/A (Not applicable to regulations)") | G8: =IF((B8-F8)=0,0,C8/(B8-F8))
A9: Certificate Management | B9: =C9+D9+E9+F9 | C9: =COUNTIF('Certificate Management'!G6:G55,"Fully Compliant") | D9: =COUNTIF('Certificate Management'!G6:G55,"Partially Compliant")+COUNTIF('Certificate Management'!G6:G55,"Substantially Compliant") | E9: =COUNTIF('Certificate Management'!G6:G55,"Non-Compliant") | F9: =COUNTIF('Certificate Management'!G6:G55,"N/A (Not applicable to regulations)") | G9: =IF((B9-F9)=0,0,C9/(B9-F9))
A10: Audit Trail Completeness | B10: =C10+D10+E10+F10 | C10: =COUNTIF('Audit Trail Completeness'!G6:G55,"Fully Compliant") | D10: =COUNTIF('Audit Trail Completeness'!G6:G55,"Partially Compliant")+COUNTIF('Audit Trail Completeness'!G6:G55,"Substantially Compliant") | E10: =COUNTIF('Audit Trail Completeness'!G6:G55,"Non-Compliant") | F10: =COUNTIF('Audit Trail Completeness'!G6:G55,"N/A (Not applicable to regulations)") | G10: =IF((B10-F10)=0,0,C10/(B10-F10))
A11: TOTAL | B11: =SUM(B6:B10) | C11: =SUM(C6:C10) | D11: =SUM(D6:D10) | E11: =SUM(E6:E10) | F11: =SUM(F6:F10) | G11: =IF((B11-F11)=0,0,C11/(B11-F11))
A13: TABLE 2 – KEY METRICS
A14: Metric | B14: Value | C14: Target
A15: Overall Compliance Rate | B15: =IFERROR(G11,"N/A") | C15: ≥ 80%
A16: Deletion Logging Controls Fully Compliant | B16: =IFERROR(COUNTIF('Deletion Logging Assessment'!G6:G55,"Fully Compliant"),0) | C16: 100%
A17: Verification Testing Controls Fully Compliant | B17: =IFERROR(COUNTIF('Verification Testing Program'!G6:G55,"Fully Compliant"),0) | C17: 100%
A18: Evidence Repository Controls Fully Compliant | B18: =IFERROR(COUNTIF('Evidence Repository Assessment'!G6:G55,"Fully Compliant"),0) | C18: 100%
A19: Certificate Management Controls Fully Compliant | B19: =IFERROR(COUNTIF('Certificate Management'!G6:G55,"Fully Compliant"),0) | C19: 100%
A20: Non-Compliant Items Requiring Remediation | B20: =IFERROR(SUM(E6:E10),0) | C20: 0
A22: TABLE 3 – KEY FINDINGS & RECOMMENDATIONS
A23: # | B23: Finding | C23: Impact | D23: Recommendation | E23: Priority | F23: Status | G23: Notes
A24: 1 | B24: Deletion logs may lack tamper protection, reducing evidential value | C24: High | D24: Implement cryptographic signing or WORM storage for all deletion logs | E24: P1 | F24: Open
A25: 2 | B25: Forensic verification testing may be infrequent or cover limited media types | C25: High | D25: Establish quarterly forensic testing schedule for high-risk data categories | E25: P1 | F25: Open
A26: 3 | B26: Evidence repository access controls may be insufficient for audit scenarios | C26: Medium | D26: Restrict evidence repository access to Security/Compliance roles only | E26: P2 | F26: Open
A27: 4 | B27: Deletion certificates from vendors may not be validated before acceptance | C27: Medium | D27: Implement standard validation procedure (signature check + content review) | E27: P2 | F27: Open

Sheet Approval Sign-Off
A1: ASSESSMENT APPROVAL AND SIGN-OFF
A2: ISMS-IMP-A.8.10.4 - Verification & Evidence Assessment
A3: ASSESSMENT SUMMARY
A4: Document: | B4: ISMS-IMP-A.8.10.4 - Verification & Evidence Assessment
A5: Assessment Period:
A6: Overall Compliance: | B6: =IFERROR(AVERAGE('Summary Dashboard'!G6:G10),"")
A7: Assessment Status:
A9: COMPLETED BY (DATA PROTECTION)
A10: Name:
A11: Title:
A12: Date:
A13: Signature:
A14: Comments:
A16: REVIEWED BY (COMPLIANCE)
A17: Name:
A18: Title:
A19: Date:
A20: Signature:
... A36: Special Considerations:
