Workbook

Sheet Instructions & Legend
A1: ISMS-IMP-A.8.2-3-5.S1 - AUTHENTICATION INVENTORY ASSESSMENT ISO/IEC 27001:2022 - Control A.8.2-3-5: Access and Authentication Management
A3: Document Information
A4: Document ID: | B4: ISMS-IMP-A.8.2-3-5.S1
A5: Assessment: | B5: Authentication Inventory Assessment
A6: Version: | B6: 1.0
A7: Generated: | B7: 01.03.2026 17:58
A9: PURPOSE
A10: This workbook provides a framework for assessing authentication mechanisms across all organisational systems. It supports systematic inventory of methods, protocols, SSO integration, and compliance with ISO 27001:2022 Control A.8.5 requirements.
A12: Instructions
A13: 1. AUTHENTICATION INVENTORY: Complete mechanism inventory for all systems (Sheet 2)
A14: 2. PROTOCOL ANALYSIS: Assess security of authentication protocols (Sheet 3)
A15: 3. SSO INTEGRATION: Track SSO adoption and identify integration gaps (Sheet 4)
A16: 4. PASSWORD POLICY: Verify password policy configuration compliance (Sheet 5)
A17: 5. MFA AVAILABILITY: Document MFA methods available per system (Sheet 6)
A18: 6. LEGACY DEPRECATION: Identify and plan deprecation of legacy methods (Sheet 7)
A19: 7. GAP ANALYSIS: Identify authentication security gaps (Sheet 8)
A20: 8. EVIDENCE COLLECTION: Document evidence supporting controls (Sheet 9)
A21: 9. APPROVAL: Obtain required approvals from stakeholders (Sheet 10)
A23: Status Legend
A24: Status | B24: Description
A25: ✅ Compliant | B25: Authentication mechanism meets all security requirements
A26: ⚠ Partial Compliance | B26: Meets some but not all requirements
A27: ❌ Non-Compliant | B27: Does not meet security requirements
A28: In Progress | B28: Improvement project in progress
A29: Under Review | B29: Being assessed
A30: Unknown | B30: Status not yet determined
A31: — | B31: Not applicable
A33: REMEMBER: Authentication security means nothing without measurable MFA coverage and modern protocols. Evidence over theatre.

Sheet Authentication Inventory
A1: AUTHENTICATION INVENTORY
A2: Complete inventory of authentication mechanisms for all organisational systems
A4: System / Application | B4: System Type | C4: Environment | D4: Primary Auth Method | E4: Auth Protocol | F4: Identity Provider | G4: SSO Integrated | H4: MFA Available | I4: MFA Method | J4: Password Policy | K4: Security Rating | L4: Compliance Status | M4: Notes / Gaps
A5: SYS-001 / [App Name] | B5: SaaS | C5: Production | D5: Password + MFA (Mandatory) | E5: SAML 2.0 | F5: Microsoft Entra ID | G5: Yes | H5: Yes | I5: Authenticator App (TOTP) | J5: Compliant | K5: Adequate (70-89%) | L5: ✅ Compliant | M5: [Notes]

Sheet Protocol Analysis
A1: PROTOCOL ANALYSIS
A2: Security assessment of authentication protocols in use
A4: Protocol Name | B4: Systems Using | C4: Security Level | D4: TLS Required | E4: TLS Version | F4: Deprecation Status | G4: Compliance Rating | H4: Remediation Plan | I4: Target Date | J4: Notes
A5: SAML 2.0 | B5: Office 365, CRM | C5: Strong | D5: Yes | E5: TLS 1.3 | F5: Active - Recommended | G5: ✅ Compliant

Sheet SSO Integration Status
A1: SSO INTEGRATION STATUS
A2: Track SSO adoption and identify integration gaps (Target: 90%+ SSO integration)
A4: Application Name | B4: Application Type | C4: User Count | D4: SSO Status | E4: SSO Protocol | F4: Integration Date | G4: SSO Platform | H4: Integration Effort | I4: Business Priority | J4: Compliance Status | K4: Notes
A5: [Application Name] | B5: SaaS | C5: 50 | D5: Integrated | E5: SAML 2.0 | F5: 01.03.2026 | G5: Microsoft Entra ID | H5: Low (Pre-built) | I5: High | J5: ✅ Compliant

Sheet Password Policy
A1: PASSWORD POLICY
A2: Modern password policies: length over complexity, no forced expiry, breach detection enabled
A4: System / Platform | B4: Policy Enforced | C4: Min Length | D4: Complexity Req | E4: Password Expiry | F4: History Count | G4: Breach Detection | H4: Lockout Threshold | I4: Compliance Score | J4: Gaps Identified | K4: Compliance Status | L4: Notes
A5: [System Name] | B5: Yes | C5: 14 | D5: Yes | E5: Never (Recommended) | F5: 10 | G5: Enabled | H5: 5 attempts | I5: 100% Compliant | J5: None | K5: ✅ Compliant

Sheet MFA Availability
A1: MFA AVAILABILITY
A2: MFA method availability per system
A4: System / Application | B4: MFA Available | C4: MFA Methods Supported | D4: Hardware Token | E4: Authenticator App | F4: Deployment Status | G4: Compliance
A5: [System Name] | B5: Yes | C5: Authenticator App, Push | D5: No | E5: Yes | F5: Deployed | G5: ✅ Compliant

Sheet Legacy Authentication
A1: LEGACY AUTHENTICATION
A2: Identify and plan migration from legacy protocols (NTLM, Basic Auth)
A4: System | B4: Legacy Protocol | C4: Risk Level | D4: Users Affected | E4: Migration Plan | F4: Target Date | G4: Status
A5: [System Name] | B5: NTLM (Legacy) | C5: High | D5: 50 | E5: Migrate to SAML 2.0 | F5: 01.03.2026 | G5: In Progress

Sheet Gap Analysis
A1: GAP ANALYSIS
A2: Authentication security gaps requiring remediation
A4: Gap ID | B4: System / Area | C4: Gap Description | D4: Risk Level | E4: Impact | F4: Remediation Plan | G4: Owner | H4: Target Date | I4: Status
A5: GAP-001 | B5: [System] | C5: [Gap description] | D5: High | E5: [Impact] | F5: [Remediation plan] | G5: [Owner] | H5: 01.03.2026 | I5: Open

Sheet Evidence Register
A1: EVIDENCE REGISTER
A2: ISMS-IMP-A.8.2-3-5.S1 - Authentication Inventory Assessment — Evidence log for audit readiness
A4: Evidence ID | B4: Control Ref | C4: Evidence Type | D4: Description | E4: Location / Reference | F4: Date Collected | G4: Collected By | H4: Verification Status
A5: EV-001 | B5: A.8.5 | C5: Screenshot | D5: MFA enrollment report from identity provider | E5: SharePoint/Evidence/A8235/ | F5: 01.03.2026 | G5: [Name] | H5: ✅ Verified

Sheet Summary Dashboard
A1: AUTHENTICATION INVENTORY — SUMMARY DASHBOARD
A2: Key assessment metrics for authentication inventory, protocol security, and gap analysis
A3: TABLE 1 — ASSESSMENT AREA COMPLIANCE
A4: Assessment Area | B4: Total Items | C4: Compliant | D4: Partial | E4: Non-Compliant | F4: N/A | G4: Compliance %
A5: Authentication Inventory | B5: =COUNTA('Authentication Inventory'!B6:B55) | C5: =COUNTIF('Authentication Inventory'!L6:L55,"✅ Compliant") | D5: =COUNTIF('Authentication Inventory'!L6:L55,"⚠ Partial Compliance") | E5: =COUNTIF('Authentication Inventory'!L6:L55,"❌ Non-Compliant") | F5: =COUNTIF('Authentication Inventory'!L6:L55,"N/A") | G5: =IF((B5-F5)=0,0,C5/(B5-F5))
A6: Protocol Security Analysis | B6: =COUNTA('Protocol Analysis'!A6:A55) | C6: =COUNTIF('Protocol Analysis'!G6:G55,"✅ Compliant") | D6: =COUNTIF('Protocol Analysis'!G6:G55,"⚠ Partial Compliance") | E6: =COUNTIF('Protocol Analysis'!G6:G55,"❌ Non-Compliant") | F6: =COUNTIF('Protocol Analysis'!G6:G55,"N/A") | G6: =IF((B6-F6)=0,0,C6/(B6-F6))
A7: Password Policy Compliance | B7: =COUNTA('Password Policy'!A6:A55) | C7: =COUNTIF('Password Policy'!K6:K55,"✅ Compliant") | D7: =COUNTIF('Password Policy'!K6:K55,"⚠ Partial Compliance") | E7: =COUNTIF('Password Policy'!K6:K55,"❌ Non-Compliant") | F7: =COUNTIF('Password Policy'!K6:K55,"N/A") | G7: =IF((B7-F7)=0,0,C7/(B7-F7))
A8: Gap Analysis Status | B8: =COUNTA('Gap Analysis'!A6:A55) | C8: =COUNTIF('Gap Analysis'!I6:I55,"Closed") | D8: =COUNTIF('Gap Analysis'!I6:I55,"In Progress") | E8: =COUNTIF('Gap Analysis'!I6:I55,"Open") | F8: =0 | G8: =IF((B8-F8)=0,0,C8/(B8-F8))
A12: TABLE 2 — KEY PERFORMANCE INDICATORS
A13: KPI | B13: Current Value | C13: Target | D13: Status | E13: Last Updated | F13: Owner | G13: Notes
A14: Total Systems Assessed | B14: =COUNTA('Authentication Inventory'!B6:B55)
A15: Authentication Compliance Rate | B15: =IF(COUNTA('Authentication Inventory'!B6:B55)=0,0,COUNTIF('Authentication Inventory'!L6:L55,"✅ Compliant")/COUNTA('Authentication Inventory'!B6:B55))
A16: Protocol Security Compliance | B16: =IF(COUNTA('Protocol Analysis'!A6:A55)=0,0,COUNTIF('Protocol Analysis'!G6:G55,"✅ Compliant")/COUNTA('Protocol Analysis'!A6:A55))
A17: SSO Integration Rate | B17: =IF(COUNTA('Authentication Inventory'!B6:B55)=0,0,COUNTIF('Authentication Inventory'!G6:G55,"Yes")/COUNTA('Authentication Inventory'!B6:B55))
A18: Password Policy Compliance | B18: =IF(COUNTA('Password Policy'!A6:A55)=0,0,COUNTIF('Password Policy'!K6:K55,"✅ Compliant")/COUNTA('Password Policy'!A6:A55))
A19: Systems with MFA Available | B19: =IF(COUNTA('Authentication Inventory'!B6:B55)=0,0,COUNTIF('Authentication Inventory'!H6:H55,"Yes")/COUNTA('Authentication Inventory'!B6:B55))
A20: Legacy Auth Systems Identified | B20: =COUNTA('Legacy Authentication'!B6:B55)
A21: Open Authentication Gaps | B21: =COUNTIF('Gap Analysis'!I6:I55,"Open")+COUNTIF('Gap Analysis'!I6:I55,"In Progress")
A22: Critical/High Risk Gaps | B22: =COUNTIF('Gap Analysis'!D6:D55,"Critical")+COUNTIF('Gap Analysis'!D6:D55,"High")
A26: TABLE 3 — CRITICAL FINDINGS
A27: Finding ID | B27: Description | C27: Affected Area | D27: Severity | E27: Status | F27: Owner | G27: Due Date
A28: =IFERROR(INDEX('Gap Analysis'!A$6:A$55,SMALL(IF(('Gap Analysis'!D$6:D$55="Critical")+('Gap Analysis'!D$6:D$55="High"),ROW('Gap Analysis'!A$6:A$55)-ROW('Gap Analysis'!A$6)+1),ROWS($A$1:A1))),"") | B28: =IFERROR(INDEX('Gap Analysis'!C$6:C$55,SMALL(IF(('Gap Analysis'!D$6:D$55="Critical")+('Gap Analysis'!D$6:D$55="High"),ROW('Gap Analysis'!A$6:A$55)-ROW('Gap Analysis'!A$6)+1),ROWS($A$1:A1))),"") | C28: =IFERROR(INDEX('Gap Analysis'!B$6:B$55,SMALL(IF(('Gap Analysis'!D$6:D$55="Critical")+('Gap Analysis'!D$6:D$55="High"),ROW('Gap Analysis'!A$6:A$55)-ROW('Gap Analysis'!A$6)+1),ROWS($A$1:A1))),"") | D28: =IFERROR(INDEX('Gap Analysis'!D$6:D$55,SMALL(IF(('Gap Analysis'!D$6:D$55="Critical")+('Gap Analysis'!D$6:D$55="High"),ROW('Gap Analysis'!A$6:A$55)-ROW('Gap Analysis'!A$6)+1),ROWS($A$1:A1))),"") | E28: =IFERROR(INDEX('Gap Analysis'!I$6:I$55,SMALL(IF(('Gap Analysis'!D$6:D$55="Critical")+('Gap Analysis'!D$6:D$55="High"),ROW('Gap Analysis'!A$6:A$55)-ROW('Gap Analysis'!A$6)+1),ROWS($A$1:A1))),"") | F28: =IFERROR(INDEX('Gap Analysis'!G$6:G$55,SMALL(IF(('Gap Analysis'!D$6:D$55="Critical")+('Gap Analysis'!D$6:D$55="High"),ROW('Gap Analysis'!A$6:A$55)-ROW('Gap Analysis'!A$6)+1),ROWS($A$1:A1))),"") | G28: =IFERROR(INDEX('Gap Analysis'!H$6:H$55,SMALL(IF(('Gap Analysis'!D$6:D$55="Critical")+('Gap Analysis'!D$6:D$55="High"),ROW('Gap Analysis'!A$6:A$55)-ROW('Gap Analysis'!A$6)+1),ROWS($A$1:A1))),"")
A29: =IFERROR(INDEX('Gap Analysis'!A$6:A$55,SMALL(IF(('Gap Analysis'!D$6:D$55="Critical")+('Gap Analysis'!D$6:D$55="High"),ROW('Gap Analysis'!A$6:A$55)-ROW('Gap Analysis'!A$6)+1),ROWS($A$1:A2))),"") | B29: =IFERROR(INDEX('Gap Analysis'!C$6:C$55,SMALL(IF(('Gap Analysis'!D$6:D$55="Critical")+('Gap Analysis'!D$6:D$55="High"),ROW('Gap Analysis'!A$6:A$55)-ROW('Gap Analysis'!A$6)+1),ROWS($A$1:A2))),"") | C29: =IFERROR(INDEX('Gap Analysis'!B$6:B$55,SMALL(IF(('Gap Analysis'!D$6:D$55="Critical")+('Gap Analysis'!D$6:D$55="High"),ROW('Gap Analysis'!A$6:A$55)-ROW('Gap Analysis'!A$6)+1),ROWS($A$1:A2))),"") | D29: =IFERROR(INDEX('Gap Analysis'!D$6:D$55,SMALL(IF(('Gap Analysis'!D$6:D$55="Critical")+('Gap Analysis'!D$6:D$55="High"),ROW('Gap Analysis'!A$6:A$55)-ROW('Gap Analysis'!A$6)+1),ROWS($A$1:A2))),"") | E29: =IFERROR(INDEX('Gap Analysis'!I$6:I$55,SMALL(IF(('Gap Analysis'!D$6:D$55="Critical")+('Gap Analysis'!D$6:D$55="High"),ROW('Gap Analysis'!A$6:A$55)-ROW('Gap Analysis'!A$6)+1),ROWS($A$1:A2))),"") | F29: =IFERROR(INDEX('Gap Analysis'!G$6:G$55,SMALL(IF(('Gap Analysis'!D$6:D$55="Critical")+('Gap Analysis'!D$6:D$55="High"),ROW('Gap Analysis'!A$6:A$55)-ROW('Gap Analysis'!A$6)+1),ROWS($A$1:A2))),"") | G29: =IFERROR(INDEX('Gap Analysis'!H$6:H$55,SMALL(IF(('Gap Analysis'!D$6:D$55="Critical")+('Gap Analysis'!D$6:D$55="High"),ROW('Gap Analysis'!A$6:A$55)-ROW('Gap Analysis'!A$6)+1),ROWS($A$1:A2))),"")
A30: =IFERROR(INDEX('Gap Analysis'!A$6:A$55,SMALL(IF(('Gap Analysis'!D$6:D$55="Critical")+('Gap Analysis'!D$6:D$55="High"),ROW('Gap Analysis'!A$6:A$55)-ROW('Gap Analysis'!A$6)+1),ROWS($A$1:A3))),"") | B30: =IFERROR(INDEX('Gap Analysis'!C$6:C$55,SMALL(IF(('Gap Analysis'!D$6:D$55="Critical")+('Gap Analysis'!D$6:D$55="High"),ROW('Gap Analysis'!A$6:A$55)-ROW('Gap Analysis'!A$6)+1),ROWS($A$1:A3))),"") | C30: =IFERROR(INDEX('Gap Analysis'!B$6:B$55,SMALL(IF(('Gap Analysis'!D$6:D$55="Critical")+('Gap Analysis'!D$6:D$55="High"),ROW('Gap Analysis'!A$6:A$55)-ROW('Gap Analysis'!A$6)+1),ROWS($A$1:A3))),"") | D30: =IFERROR(INDEX('Gap Analysis'!D$6:D$55,SMALL(IF(('Gap Analysis'!D$6:D$55="Critical")+('Gap Analysis'!D$6:D$55="High"),ROW('Gap Analysis'!A$6:A$55)-ROW('Gap Analysis'!A$6)+1),ROWS($A$1:A3))),"") | E30: =IFERROR(INDEX('Gap Analysis'!I$6:I$55,SMALL(IF(('Gap Analysis'!D$6:D$55="Critical")+('Gap Analysis'!D$6:D$55="High"),ROW('Gap Analysis'!A$6:A$55)-ROW('Gap Analysis'!A$6)+1),ROWS($A$1:A3))),"") | F30: =IFERROR(INDEX('Gap Analysis'!G$6:G$55,SMALL(IF(('Gap Analysis'!D$6:D$55="Critical")+('Gap Analysis'!D$6:D$55="High"),ROW('Gap Analysis'!A$6:A$55)-ROW('Gap Analysis'!A$6)+1),ROWS($A$1:A3))),"") | G30: =IFERROR(INDEX('Gap Analysis'!H$6:H$55,SMALL(IF(('Gap Analysis'!D$6:D$55="Critical")+('Gap Analysis'!D$6:D$55="High"),ROW('Gap Analysis'!A$6:A$55)-ROW('Gap Analysis'!A$6)+1),ROWS($A$1:A3))),"")
A31: =IFERROR(INDEX('Gap Analysis'!A$6:A$55,SMALL(IF(('Gap Analysis'!D$6:D$55="Critical")+('Gap Analysis'!D$6:D$55="High"),ROW('Gap Analysis'!A$6:A$55)-ROW('Gap Analysis'!A$6)+1),ROWS($A$1:A4))),"") | B31: =IFERROR(INDEX('Gap Analysis'!C$6:C$55,SMALL(IF(('Gap Analysis'!D$6:D$55="Critical")+('Gap Analysis'!D$6:D$55="High"),ROW('Gap Analysis'!A$6:A$55)-ROW('Gap Analysis'!A$6)+1),ROWS($A$1:A4))),"") | C31: =IFERROR(INDEX('Gap Analysis'!B$6:B$55,SMALL(IF(('Gap Analysis'!D$6:D$55="Critical")+('Gap Analysis'!D$6:D$55="High"),ROW('Gap Analysis'!A$6:A$55)-ROW('Gap Analysis'!A$6)+1),ROWS($A$1:A4))),"") | D31: =IFERROR(INDEX('Gap Analysis'!D$6:D$55,SMALL(IF(('Gap Analysis'!D$6:D$55="Critical")+('Gap Analysis'!D$6:D$55="High"),ROW('Gap Analysis'!A$6:A$55)-ROW('Gap Analysis'!A$6)+1),ROWS($A$1:A4))),"") | E31: =IFERROR(INDEX('Gap Analysis'!I$6:I$55,SMALL(IF(('Gap Analysis'!D$6:D$55="Critical")+('Gap Analysis'!D$6:D$55="High"),ROW('Gap Analysis'!A$6:A$55)-ROW('Gap Analysis'!A$6)+1),ROWS($A$1:A4))),"") | F31: =IFERROR(INDEX('Gap Analysis'!G$6:G$55,SMALL(IF(('Gap Analysis'!D$6:D$55="Critical")+('Gap Analysis'!D$6:D$55="High"),ROW('Gap Analysis'!A$6:A$55)-ROW('Gap Analysis'!A$6)+1),ROWS($A$1:A4))),"") | G31: =IFERROR(INDEX('Gap Analysis'!H$6:H$55,SMALL(IF(('Gap Analysis'!D$6:D$55="Critical")+('Gap Analysis'!D$6:D$55="High"),ROW('Gap Analysis'!A$6:A$55)-ROW('Gap Analysis'!A$6)+1),ROWS($A$1:A4))),"")
A32: =IFERROR(INDEX('Gap Analysis'!A$6:A$55,SMALL(IF(('Gap Analysis'!D$6:D$55="Critical")+('Gap Analysis'!D$6:D$55="High"),ROW('Gap Analysis'!A$6:A$55)-ROW('Gap Analysis'!A$6)+1),ROWS($A$1:A5))),"") | B32: =IFERROR(INDEX('Gap Analysis'!C$6:C$55,SMALL(IF(('Gap Analysis'!D$6:D$55="Critical")+('Gap Analysis'!D$6:D$55="High"),ROW('Gap Analysis'!A$6:A$55)-ROW('Gap Analysis'!A$6)+1),ROWS($A$1:A5))),"") | C32: =IFERROR(INDEX('Gap Analysis'!B$6:B$55,SMALL(IF(('Gap Analysis'!D$6:D$55="Critical")+('Gap Analysis'!D$6:D$55="High"),ROW('Gap Analysis'!A$6:A$55)-ROW('Gap Analysis'!A$6)+1),ROWS($A$1:A5))),"") | D32: =IFERROR(INDEX('Gap Analysis'!D$6:D$55,SMALL(IF(('Gap Analysis'!D$6:D$55="Critical")+('Gap Analysis'!D$6:D$55="High"),ROW('Gap Analysis'!A$6:A$55)-ROW('Gap Analysis'!A$6)+1),ROWS($A$1:A5))),"") | E32: =IFERROR(INDEX('Gap Analysis'!I$6:I$55,SMALL(IF(('Gap Analysis'!D$6:D$55="Critical")+('Gap Analysis'!D$6:D$55="High"),ROW('Gap Analysis'!A$6:A$55)-ROW('Gap Analysis'!A$6)+1),ROWS($A$1:A5))),"") | F32: =IFERROR(INDEX('Gap Analysis'!G$6:G$55,SMALL(IF(('Gap Analysis'!D$6:D$55="Critical")+('Gap Analysis'!D$6:D$55="High"),ROW('Gap Analysis'!A$6:A$55)-ROW('Gap Analysis'!A$6)+1),ROWS($A$1:A5))),"") | G32: =IFERROR(INDEX('Gap Analysis'!H$6:H$55,SMALL(IF(('Gap Analysis'!D$6:D$55="Critical")+('Gap Analysis'!D$6:D$55="High"),ROW('Gap Analysis'!A$6:A$55)-ROW('Gap Analysis'!A$6)+1),ROWS($A$1:A5))),"")
A33: =IFERROR(INDEX('Gap Analysis'!A$6:A$55,SMALL(IF(('Gap Analysis'!D$6:D$55="Critical")+('Gap Analysis'!D$6:D$55="High"),ROW('Gap Analysis'!A$6:A$55)-ROW('Gap Analysis'!A$6)+1),ROWS($A$1:A6))),"") | B33: =IFERROR(INDEX('Gap Analysis'!C$6:C$55,SMALL(IF(('Gap Analysis'!D$6:D$55="Critical")+('Gap Analysis'!D$6:D$55="High"),ROW('Gap Analysis'!A$6:A$55)-ROW('Gap Analysis'!A$6)+1),ROWS($A$1:A6))),"") | C33: =IFERROR(INDEX('Gap Analysis'!B$6:B$55,SMALL(IF(('Gap Analysis'!D$6:D$55="Critical")+('Gap Analysis'!D$6:D$55="High"),ROW('Gap Analysis'!A$6:A$55)-ROW('Gap Analysis'!A$6)+1),ROWS($A$1:A6))),"") | D33: =IFERROR(INDEX('Gap Analysis'!D$6:D$55,SMALL(IF(('Gap Analysis'!D$6:D$55="Critical")+('Gap Analysis'!D$6:D$55="High"),ROW('Gap Analysis'!A$6:A$55)-ROW('Gap Analysis'!A$6)+1),ROWS($A$1:A6))),"") | E33: =IFERROR(INDEX('Gap Analysis'!I$6:I$55,SMALL(IF(('Gap Analysis'!D$6:D$55="Critical")+('Gap Analysis'!D$6:D$55="High"),ROW('Gap Analysis'!A$6:A$55)-ROW('Gap Analysis'!A$6)+1),ROWS($A$1:A6))),"") | F33: =IFERROR(INDEX('Gap Analysis'!G$6:G$55,SMALL(IF(('Gap Analysis'!D$6:D$55="Critical")+('Gap Analysis'!D$6:D$55="High"),ROW('Gap Analysis'!A$6:A$55)-ROW('Gap Analysis'!A$6)+1),ROWS($A$1:A6))),"") | G33: =IFERROR(INDEX('Gap Analysis'!H$6:H$55,SMALL(IF(('Gap Analysis'!D$6:D$55="Critical")+('Gap Analysis'!D$6:D$55="High"),ROW('Gap Analysis'!A$6:A$55)-ROW('Gap Analysis'!A$6)+1),ROWS($A$1:A6))),"")
A34: =IFERROR(INDEX('Gap Analysis'!A$6:A$55,SMALL(IF(('Gap Analysis'!D$6:D$55="Critical")+('Gap Analysis'!D$6:D$55="High"),ROW('Gap Analysis'!A$6:A$55)-ROW('Gap Analysis'!A$6)+1),ROWS($A$1:A7))),"") | B34: =IFERROR(INDEX('Gap Analysis'!C$6:C$55,SMALL(IF(('Gap Analysis'!D$6:D$55="Critical")+('Gap Analysis'!D$6:D$55="High"),ROW('Gap Analysis'!A$6:A$55)-ROW('Gap Analysis'!A$6)+1),ROWS($A$1:A7))),"") | C34: =IFERROR(INDEX('Gap Analysis'!B$6:B$55,SMALL(IF(('Gap Analysis'!D$6:D$55="Critical")+('Gap Analysis'!D$6:D$55="High"),ROW('Gap Analysis'!A$6:A$55)-ROW('Gap Analysis'!A$6)+1),ROWS($A$1:A7))),"") | D34: =IFERROR(INDEX('Gap Analysis'!D$6:D$55,SMALL(IF(('Gap Analysis'!D$6:D$55="Critical")+('Gap Analysis'!D$6:D$55="High"),ROW('Gap Analysis'!A$6:A$55)-ROW('Gap Analysis'!A$6)+1),ROWS($A$1:A7))),"") | E34: =IFERROR(INDEX('Gap Analysis'!I$6:I$55,SMALL(IF(('Gap Analysis'!D$6:D$55="Critical")+('Gap Analysis'!D$6:D$55="High"),ROW('Gap Analysis'!A$6:A$55)-ROW('Gap Analysis'!A$6)+1),ROWS($A$1:A7))),"") | F34: =IFERROR(INDEX('Gap Analysis'!G$6:G$55,SMALL(IF(('Gap Analysis'!D$6:D$55="Critical")+('Gap Analysis'!D$6:D$55="High"),ROW('Gap Analysis'!A$6:A$55)-ROW('Gap Analysis'!A$6)+1),ROWS($A$1:A7))),"") | G34: =IFERROR(INDEX('Gap Analysis'!H$6:H$55,SMALL(IF(('Gap Analysis'!D$6:D$55="Critical")+('Gap Analysis'!D$6:D$55="High"),ROW('Gap Analysis'!A$6:A$55)-ROW('Gap Analysis'!A$6)+1),ROWS($A$1:A7))),"")
A35: =IFERROR(INDEX('Gap Analysis'!A$6:A$55,SMALL(IF(('Gap Analysis'!D$6:D$55="Critical")+('Gap Analysis'!D$6:D$55="High"),ROW('Gap Analysis'!A$6:A$55)-ROW('Gap Analysis'!A$6)+1),ROWS($A$1:A8))),"") | B35: =IFERROR(INDEX('Gap Analysis'!C$6:C$55,SMALL(IF(('Gap Analysis'!D$6:D$55="Critical")+('Gap Analysis'!D$6:D$55="High"),ROW('Gap Analysis'!A$6:A$55)-ROW('Gap Analysis'!A$6)+1),ROWS($A$1:A8))),"") | C35: =IFERROR(INDEX('Gap Analysis'!B$6:B$55,SMALL(IF(('Gap Analysis'!D$6:D$55="Critical")+('Gap Analysis'!D$6:D$55="High"),ROW('Gap Analysis'!A$6:A$55)-ROW('Gap Analysis'!A$6)+1),ROWS($A$1:A8))),"") | D35: =IFERROR(INDEX('Gap Analysis'!D$6:D$55,SMALL(IF(('Gap Analysis'!D$6:D$55="Critical")+('Gap Analysis'!D$6:D$55="High"),ROW('Gap Analysis'!A$6:A$55)-ROW('Gap Analysis'!A$6)+1),ROWS($A$1:A8))),"") | E35: =IFERROR(INDEX('Gap Analysis'!I$6:I$55,SMALL(IF(('Gap Analysis'!D$6:D$55="Critical")+('Gap Analysis'!D$6:D$55="High"),ROW('Gap Analysis'!A$6:A$55)-ROW('Gap Analysis'!A$6)+1),ROWS($A$1:A8))),"") | F35: =IFERROR(INDEX('Gap Analysis'!G$6:G$55,SMALL(IF(('Gap Analysis'!D$6:D$55="Critical")+('Gap Analysis'!D$6:D$55="High"),ROW('Gap Analysis'!A$6:A$55)-ROW('Gap Analysis'!A$6)+1),ROWS($A$1:A8))),"") | G35: =IFERROR(INDEX('Gap Analysis'!H$6:H$55,SMALL(IF(('Gap Analysis'!D$6:D$55="Critical")+('Gap Analysis'!D$6:D$55="High"),ROW('Gap Analysis'!A$6:A$55)-ROW('Gap Analysis'!A$6)+1),ROWS($A$1:A8))),"")
A36: =IFERROR(INDEX('Gap Analysis'!A$6:A$55,SMALL(IF(('Gap Analysis'!D$6:D$55="Critical")+('Gap Analysis'!D$6:D$55="High"),ROW('Gap Analysis'!A$6:A$55)-ROW('Gap Analysis'!A$6)+1),ROWS($A$1:A9))),"") | B36: =IFERROR(INDEX('Gap Analysis'!C$6:C$55,SMALL(IF(('Gap Analysis'!D$6:D$55="Critical")+('Gap Analysis'!D$6:D$55="High"),ROW('Gap Analysis'!A$6:A$55)-ROW('Gap Analysis'!A$6)+1),ROWS($A$1:A9))),"") | C36: =IFERROR(INDEX('Gap Analysis'!B$6:B$55,SMALL(IF(('Gap Analysis'!D$6:D$55="Critical")+('Gap Analysis'!D$6:D$55="High"),ROW('Gap Analysis'!A$6:A$55)-ROW('Gap Analysis'!A$6)+1),ROWS($A$1:A9))),"") | D36: =IFERROR(INDEX('Gap Analysis'!D$6:D$55,SMALL(IF(('Gap Analysis'!D$6:D$55="Critical")+('Gap Analysis'!D$6:D$55="High"),ROW('Gap Analysis'!A$6:A$55)-ROW('Gap Analysis'!A$6)+1),ROWS($A$1:A9))),"") | E36: =IFERROR(INDEX('Gap Analysis'!I$6:I$55,SMALL(IF(('Gap Analysis'!D$6:D$55="Critical")+('Gap Analysis'!D$6:D$55="High"),ROW('Gap Analysis'!A$6:A$55)-ROW('Gap Analysis'!A$6)+1),ROWS($A$1:A9))),"") | F36: =IFERROR(INDEX('Gap Analysis'!G$6:G$55,SMALL(IF(('Gap Analysis'!D$6:D$55="Critical")+('Gap Analysis'!D$6:D$55="High"),ROW('Gap Analysis'!A$6:A$55)-ROW('Gap Analysis'!A$6)+1),ROWS($A$1:A9))),"") | G36: =IFERROR(INDEX('Gap Analysis'!H$6:H$55,SMALL(IF(('Gap Analysis'!D$6:D$55="Critical")+('Gap Analysis'!D$6:D$55="High"),ROW('Gap Analysis'!A$6:A$55)-ROW('Gap Analysis'!A$6)+1),ROWS($A$1:A9))),"")
A37: =IFERROR(INDEX('Gap Analysis'!A$6:A$55,SMALL(IF(('Gap Analysis'!D$6:D$55="Critical")+('Gap Analysis'!D$6:D$55="High"),ROW('Gap Analysis'!A$6:A$55)-ROW('Gap Analysis'!A$6)+1),ROWS($A$1:A10))),"") | B37: =IFERROR(INDEX('Gap Analysis'!C$6:C$55,SMALL(IF(('Gap Analysis'!D$6:D$55="Critical")+('Gap Analysis'!D$6:D$55="High"),ROW('Gap Analysis'!A$6:A$55)-ROW('Gap Analysis'!A$6)+1),ROWS($A$1:A10))),"") | C37: =IFERROR(INDEX('Gap Analysis'!B$6:B$55,SMALL(IF(('Gap Analysis'!D$6:D$55="Critical")+('Gap Analysis'!D$6:D$55="High"),ROW('Gap Analysis'!A$6:A$55)-ROW('Gap Analysis'!A$6)+1),ROWS($A$1:A10))),"") | D37: =IFERROR(INDEX('Gap Analysis'!D$6:D$55,SMALL(IF(('Gap Analysis'!D$6:D$55="Critical")+('Gap Analysis'!D$6:D$55="High"),ROW('Gap Analysis'!A$6:A$55)-ROW('Gap Analysis'!A$6)+1),ROWS($A$1:A10))),"") | E37: =IFERROR(INDEX('Gap Analysis'!I$6:I$55,SMALL(IF(('Gap Analysis'!D$6:D$55="Critical")+('Gap Analysis'!D$6:D$55="High"),ROW('Gap Analysis'!A$6:A$55)-ROW('Gap Analysis'!A$6)+1),ROWS($A$1:A10))),"") | F37: =IFERROR(INDEX('Gap Analysis'!G$6:G$55,SMALL(IF(('Gap Analysis'!D$6:D$55="Critical")+('Gap Analysis'!D$6:D$55="High"),ROW('Gap Analysis'!A$6:A$55)-ROW('Gap Analysis'!A$6)+1),ROWS($A$1:A10))),"") | G37: =IFERROR(INDEX('Gap Analysis'!H$6:H$55,SMALL(IF(('Gap Analysis'!D$6:D$55="Critical")+('Gap Analysis'!D$6:D$55="High"),ROW('Gap Analysis'!A$6:A$55)-ROW('Gap Analysis'!A$6)+1),ROWS($A$1:A10))),"")
A40: Total Critical/High Findings: | B40: =COUNTIF('Gap Analysis'!D6:D55,"Critical")+COUNTIF('Gap Analysis'!D6:D55,"High")

Sheet Approval Sign-Off
A1: ASSESSMENT APPROVAL AND SIGN-OFF
A2: ISMS-IMP-A.8.2-3-5.S1 | ISO/IEC 27001:2022 - Control A.8.2-3-5: Access and Authentication Management
A3: ASSESSMENT SUMMARY
A4: Document: | B4: ISMS-IMP-A.8.2-3-5.S1 - Authentication Inventory Assessment
A5: Assessment Period:
A6: Overall Compliance Rate: | B6: =IFERROR(AVERAGE('Summary Dashboard'!G5:G8),"")
A7: Assessment Status:
A8: Assessed By:
A11: COMPLETED BY (ASSESSOR)
A12: Name:
A13: Title:
A14: Date:
A15: Signature:
A16: Comments:
A18: REVIEWED BY (INFORMATION SECURITY OFFICER)
A19: Name:
A20: Title:
A21: Date:
... A38: Special Considerations:
