Workbook

Sheet Instructions & Legend
A1: ISMS-IMP-A.8.2-3-5.S2 - MFA COVERAGE ASSESSMENT ISO/IEC 27001:2022 - Control A.8.2-3-5: Access and Authentication Management
A3: Document Information
A4: Document ID: | B4: ISMS-IMP-A.8.2-3-5.S2
A5: Assessment: | B5: MFA Coverage Assessment
A6: Version: | B6: 1.0
A7: Generated: | B7: 10.03.2026 19:49
A9: NIS2 COMPLIANCE REQUIREMENT
A10: NIS2 Article 21(2)(e) explicitly requires multi-factor authentication for essential and important entities. This is NOT OPTIONAL.
A12: Instructions
A13: User Category | B13: Target Coverage | C13: Requirement Level
A14: Privileged Users (All Tiers) | B14: 100% | C14: MANDATORY — No exceptions
A15: Remote Access Users (VPN, External) | B15: 100% | C15: MANDATORY — Security requirement
A16: Standard Internal Users | B16: 90%+ | C16: RECOMMENDED — Best practice
A17: Overall Organisation | B17: 85%+ | C17: Target for mature security posture
A19: Status Legend
A20: Status | B20: Description
A21: ✅ Enrolled - Active | B21: MFA active and verified
A22: ⚠ Enrolled - Not Verified | B22: Enrolled but verification overdue
A23: ❌ Not Enrolled - Overdue | B23: Overdue — requires immediate action
A24: N/A (Service Account) | B24: Service accounts excluded from MFA requirement
A25: — | B25: Not applicable
A27: REMEMBER: 81% of breaches involve weak or stolen credentials. MFA reduces account compromise risk by 99.9%.

Sheet User MFA Enrollment
A1: USER MFA ENROLLMENT
A2: Complete tracking of MFA enrollment for all organisational users
A4: User ID / Email | B4: User Name | C4: User Type | D4: Department | E4: MFA Status | F4: MFA Method | G4: Backup Method | H4: Enrollment Date | I4: Last Verified | J4: Enrollment Deadline | K4: Days Overdue | L4: Compliance Status | M4: Notes
A5: user@example.com | B5: [User Name] | C5: Privileged - Tier 0 Admin | D5: IT Security | E5: ✅ Enrolled - Active | F5: Hardware Token (FIDO2/YubiKey) | G5: Authenticator App (TOTP) | H5: 10.03.2026 | I5: 10.03.2026 | J5: 10.03.2026 | K5: 0 | L5: ✅ Compliant
K6: =IF(AND(J6<>"",E6="❌ Not Enrolled - Overdue"),TODAY()-J6,"")
K7: =IF(AND(J7<>"",E7="❌ Not Enrolled - Overdue"),TODAY()-J7,"")
K8: =IF(AND(J8<>"",E8="❌ Not Enrolled - Overdue"),TODAY()-J8,"")
K9: =IF(AND(J9<>"",E9="❌ Not Enrolled - Overdue"),TODAY()-J9,"")
K10: =IF(AND(J10<>"",E10="❌ Not Enrolled - Overdue"),TODAY()-J10,"")
K11: =IF(AND(J11<>"",E11="❌ Not Enrolled - Overdue"),TODAY()-J11,"")
K12: =IF(AND(J12<>"",E12="❌ Not Enrolled - Overdue"),TODAY()-J12,"")
K13: =IF(AND(J13<>"",E13="❌ Not Enrolled - Overdue"),TODAY()-J13,"")
K14: =IF(AND(J14<>"",E14="❌ Not Enrolled - Overdue"),TODAY()-J14,"")
K15: =IF(AND(J15<>"",E15="❌ Not Enrolled - Overdue"),TODAY()-J15,"")
K16: =IF(AND(J16<>"",E16="❌ Not Enrolled - Overdue"),TODAY()-J16,"")
K17: =IF(AND(J17<>"",E17="❌ Not Enrolled - Overdue"),TODAY()-J17,"")
... K55: =IF(AND(J55<>"",E55="❌ Not Enrolled - Overdue"),TODAY()-J55,"")

Sheet MFA Coverage By Type
A1: MFA COVERAGE BY TYPE
A2: Calculate MFA coverage percentages by user category and compare to targets
A4: User Type Category | B4: Total Users | C4: MFA Enrolled | D4: Not Enrolled | E4: Coverage % | F4: Target % | G4: Gap | H4: Compliance | I4: Priority | J4: Notes
A5: Privileged - Tier 0 Admin | B5: 10 | C5: 10 | D5: 0 | E5: 100% | F5: 100% | G5: 0% | H5: ✅ Compliant | I5: Critical (Privileged User)

Sheet MFA Method Analysis
A1: MFA METHOD ANALYSIS
A2: Assess security quality of MFA methods deployed
A4: MFA Method | B4: Users Using | C4: Security Rating | D4: Phishing Resistant | E4: Deployment Date | F4: Replacement Plan | G4: Target Date | H4: Status
A5: Hardware Token (FIDO2/YubiKey) | B5: 50 | C5: Highest | D5: Yes | E5: 10.03.2026 | F5: N/A | G5: N/A | H5: ✅ Compliant

Sheet MFA Gaps Priority
A1: MFA GAPS PRIORITY
A2: Prioritised remediation list — users without MFA enrolled
A4: User ID | B4: User Name | C4: User Type | D4: Department | E4: Risk Level | F4: Days Overdue | G4: Remediation Plan | H4: Owner | I4: Target Date | J4: Status
A5: user@example.com | B5: [User Name] | C5: Privileged - Tier 0 Admin | D5: IT | E5: Critical (Privileged User) | F5: 30 | G5: Enrol hardware token immediately | H5: [Manager] | I5: 10.03.2026 | J5: Open

Sheet Enrollment Campaign
A1: ENROLLMENT CAMPAIGN
A2: MFA rollout campaign tracking and milestones
A4: Campaign Phase | B4: Target Group | C4: Start Date | D4: End Date | E4: Users Targeted | F4: Users Enrolled | G4: Completion % | H4: Status
A5: Phase 1 - Privileged Users | B5: Tier 0 Admins | C5: 10.03.2026 | D5: 09.04.2026 | E5: 15 | F5: 15 | G5: 100% | H5: ✅ Compliant

Sheet Backup Method Status
A1: BACKUP METHOD STATUS
A2: Users should register a backup MFA method in case primary device is lost
A4: User ID | B4: Primary MFA | C4: Backup Method Registered | D4: Backup Method Type | E4: Last Tested | F4: Status
A5: user@example.com | B5: Hardware Token (FIDO2/YubiKey) | C5: Yes | D5: Authenticator App (TOTP) | E5: 10.03.2026 | F5: ✅ Verified

Sheet Evidence Register
A1: EVIDENCE REGISTER
A2: ISMS-IMP-A.8.2-3-5.S2 - MFA Coverage Assessment — Evidence log for audit readiness
A4: Evidence ID | B4: Control Ref | C4: Evidence Type | D4: Description | E4: Location / Reference | F4: Date Collected | G4: Collected By | H4: Verification Status
A5: EV-001 | B5: A.8.5 | C5: Export | D5: MFA enrollment report from identity provider | E5: SharePoint/Evidence/A8235/ | F5: 10.03.2026 | G5: [Name] | H5: ✅ Verified

Sheet Summary Dashboard
A1: MFA COVERAGE — SUMMARY DASHBOARD
A2: MFA enrolment rates, coverage gaps, and method quality assessment
A3: TABLE 1 — ASSESSMENT AREA COMPLIANCE
A4: Assessment Area | B4: Total Items | C4: Compliant | D4: Partial | E4: Non-Compliant | F4: N/A | G4: Compliance %
A5: MFA User Enrolment | B5: =COUNTA('User MFA Enrollment'!B6:B55) | C5: =COUNTIF('User MFA Enrollment'!L6:L55,"✅ Compliant") | D5: =COUNTIF('User MFA Enrollment'!L6:L55,"⚠ Partial Compliance") | E5: =COUNTIF('User MFA Enrollment'!L6:L55,"❌ Non-Compliant") | F5: =COUNTIF('User MFA Enrollment'!L6:L55,"N/A") | G5: =IF((B5-F5)=0,0,C5/(B5-F5))
A6: MFA Status (Enrolled) | B6: =COUNTA('User MFA Enrollment'!B6:B55) | C6: =COUNTIF('User MFA Enrollment'!E6:E55,"✅ Enrolled - Active")+COUNTIF('User MFA Enrollment'!E6:E55,"✅ Enrolled - Verified") | D6: =COUNTIF('User MFA Enrollment'!E6:E55,"⚠ Enrolled - Not Verified")+COUNTIF('User MFA Enrollment'!E6:E55,"Enrollment In Progress") | E6: =COUNTIF('User MFA Enrollment'!E6:E55,"❌ Not Enrolled - Overdue")+COUNTIF('User MFA Enrollment'!E6:E55,"❌ Not Enrolled - No Deadline") | F6: =COUNTIF('User MFA Enrollment'!E6:E55,"N/A (Service Account)") | G6: =IF((B6-F6)=0,0,C6/(B6-F6))
A7: MFA Gap Priority | B7: =COUNTA('MFA Gaps Priority'!B6:B55) | C7: =COUNTIF('MFA Gaps Priority'!E6:E55,"Low (Future Enhancement)")+COUNTIF('MFA Gaps Priority'!E6:E55,"Informational") | D7: =COUNTIF('MFA Gaps Priority'!E6:E55,"Medium (Standard User)") | E7: =COUNTIF('MFA Gaps Priority'!E6:E55,"Critical (Privileged User)")+COUNTIF('MFA Gaps Priority'!E6:E55,"High (Remote Access)") | F7: =0 | G7: =IF((B7-F7)=0,0,C7/(B7-F7))
A11: TABLE 2 — KEY PERFORMANCE INDICATORS
A12: KPI | B12: Current Value | C12: Target | D12: Status | E12: Last Updated | F12: Owner | G12: Notes
A13: Total Users in MFA Scope | B13: =COUNTA('User MFA Enrollment'!B6:B55)
A14: Overall MFA Compliance Rate | B14: =IF(COUNTA('User MFA Enrollment'!B6:B55)=0,0,COUNTIF('User MFA Enrollment'!L6:L55,"✅ Compliant")/COUNTA('User MFA Enrollment'!B6:B55))
A15: MFA Enrolled (Active/Verified) | B15: =IF(COUNTA('User MFA Enrollment'!B6:B55)=0,0,(COUNTIF('User MFA Enrollment'!E6:E55,"✅ Enrolled - Active")+COUNTIF('User MFA Enrollment'!E6:E55,"✅ Enrolled - Verified"))/COUNTA('User MFA Enrollment'!B6:B55))
A16: Not Enrolled (Gap Count) | B16: =COUNTIF('User MFA Enrollment'!E6:E55,"❌ Not Enrolled - Overdue")+COUNTIF('User MFA Enrollment'!E6:E55,"❌ Not Enrolled - No Deadline")
A17: MFA Coverage Types Assessed | B17: =COUNTA('MFA Coverage By Type'!B6:B55)
A18: Critical/High Priority Gaps | B18: =COUNTIF('MFA Gaps Priority'!E6:E55,"Critical (Privileged User)")+COUNTIF('MFA Gaps Priority'!E6:E55,"High (Remote Access)")
A19: Users with Backup Method | B19: =COUNTA('Backup Method Status'!B6:B55)
A20: Enrolment Campaign Records | B20: =COUNTA('Enrollment Campaign'!B6:B55)
A24: TABLE 3 — CRITICAL FINDINGS
A25: Finding ID | B25: User / Group | C25: Gap Description | D25: Priority | E25: MFA Required | F25: Owner | G25: Target Date
A26: =IFERROR(INDEX('MFA Gaps Priority'!A$6:A$55,SMALL(IF(('MFA Gaps Priority'!E$6:E$55="Critical (Privileged User)")+('MFA Gaps Priority'!E$6:E$55="High (Remote Access)"),ROW('MFA Gaps Priority'!A$6:A$55)-ROW('MFA Gaps Priority'!A$6)+1),ROWS($A$1:A1))),"") | B26: =IFERROR(INDEX('MFA Gaps Priority'!B$6:B$55,SMALL(IF(('MFA Gaps Priority'!E$6:E$55="Critical (Privileged User)")+('MFA Gaps Priority'!E$6:E$55="High (Remote Access)"),ROW('MFA Gaps Priority'!A$6:A$55)-ROW('MFA Gaps Priority'!A$6)+1),ROWS($A$1:A1))),"") | C26: =IFERROR(INDEX('MFA Gaps Priority'!G$6:G$55,SMALL(IF(('MFA Gaps Priority'!E$6:E$55="Critical (Privileged User)")+('MFA Gaps Priority'!E$6:E$55="High (Remote Access)"),ROW('MFA Gaps Priority'!A$6:A$55)-ROW('MFA Gaps Priority'!A$6)+1),ROWS($A$1:A1))),"") | D26: =IFERROR(INDEX('MFA Gaps Priority'!E$6:E$55,SMALL(IF(('MFA Gaps Priority'!E$6:E$55="Critical (Privileged User)")+('MFA Gaps Priority'!E$6:E$55="High (Remote Access)"),ROW('MFA Gaps Priority'!A$6:A$55)-ROW('MFA Gaps Priority'!A$6)+1),ROWS($A$1:A1))),"") | E26: "" | F26: =IFERROR(INDEX('MFA Gaps Priority'!H$6:H$55,SMALL(IF(('MFA Gaps Priority'!E$6:E$55="Critical (Privileged User)")+('MFA Gaps Priority'!E$6:E$55="High (Remote Access)"),ROW('MFA Gaps Priority'!A$6:A$55)-ROW('MFA Gaps Priority'!A$6)+1),ROWS($A$1:A1))),"") | G26: =IFERROR(INDEX('MFA Gaps Priority'!I$6:I$55,SMALL(IF(('MFA Gaps Priority'!E$6:E$55="Critical (Privileged User)")+('MFA Gaps Priority'!E$6:E$55="High (Remote Access)"),ROW('MFA Gaps Priority'!A$6:A$55)-ROW('MFA Gaps Priority'!A$6)+1),ROWS($A$1:A1))),"")
A27: =IFERROR(INDEX('MFA Gaps Priority'!A$6:A$55,SMALL(IF(('MFA Gaps Priority'!E$6:E$55="Critical (Privileged User)")+('MFA Gaps Priority'!E$6:E$55="High (Remote Access)"),ROW('MFA Gaps Priority'!A$6:A$55)-ROW('MFA Gaps Priority'!A$6)+1),ROWS($A$1:A2))),"") | B27: =IFERROR(INDEX('MFA Gaps Priority'!B$6:B$55,SMALL(IF(('MFA Gaps Priority'!E$6:E$55="Critical (Privileged User)")+('MFA Gaps Priority'!E$6:E$55="High (Remote Access)"),ROW('MFA Gaps Priority'!A$6:A$55)-ROW('MFA Gaps Priority'!A$6)+1),ROWS($A$1:A2))),"") | C27: =IFERROR(INDEX('MFA Gaps Priority'!G$6:G$55,SMALL(IF(('MFA Gaps Priority'!E$6:E$55="Critical (Privileged User)")+('MFA Gaps Priority'!E$6:E$55="High (Remote Access)"),ROW('MFA Gaps Priority'!A$6:A$55)-ROW('MFA Gaps Priority'!A$6)+1),ROWS($A$1:A2))),"") | D27: =IFERROR(INDEX('MFA Gaps Priority'!E$6:E$55,SMALL(IF(('MFA Gaps Priority'!E$6:E$55="Critical (Privileged User)")+('MFA Gaps Priority'!E$6:E$55="High (Remote Access)"),ROW('MFA Gaps Priority'!A$6:A$55)-ROW('MFA Gaps Priority'!A$6)+1),ROWS($A$1:A2))),"") | E27: "" | F27: =IFERROR(INDEX('MFA Gaps Priority'!H$6:H$55,SMALL(IF(('MFA Gaps Priority'!E$6:E$55="Critical (Privileged User)")+('MFA Gaps Priority'!E$6:E$55="High (Remote Access)"),ROW('MFA Gaps Priority'!A$6:A$55)-ROW('MFA Gaps Priority'!A$6)+1),ROWS($A$1:A2))),"") | G27: =IFERROR(INDEX('MFA Gaps Priority'!I$6:I$55,SMALL(IF(('MFA Gaps Priority'!E$6:E$55="Critical (Privileged User)")+('MFA Gaps Priority'!E$6:E$55="High (Remote Access)"),ROW('MFA Gaps Priority'!A$6:A$55)-ROW('MFA Gaps Priority'!A$6)+1),ROWS($A$1:A2))),"")
A28: =IFERROR(INDEX('MFA Gaps Priority'!A$6:A$55,SMALL(IF(('MFA Gaps Priority'!E$6:E$55="Critical (Privileged User)")+('MFA Gaps Priority'!E$6:E$55="High (Remote Access)"),ROW('MFA Gaps Priority'!A$6:A$55)-ROW('MFA Gaps Priority'!A$6)+1),ROWS($A$1:A3))),"") | B28: =IFERROR(INDEX('MFA Gaps Priority'!B$6:B$55,SMALL(IF(('MFA Gaps Priority'!E$6:E$55="Critical (Privileged User)")+('MFA Gaps Priority'!E$6:E$55="High (Remote Access)"),ROW('MFA Gaps Priority'!A$6:A$55)-ROW('MFA Gaps Priority'!A$6)+1),ROWS($A$1:A3))),"") | C28: =IFERROR(INDEX('MFA Gaps Priority'!G$6:G$55,SMALL(IF(('MFA Gaps Priority'!E$6:E$55="Critical (Privileged User)")+('MFA Gaps Priority'!E$6:E$55="High (Remote Access)"),ROW('MFA Gaps Priority'!A$6:A$55)-ROW('MFA Gaps Priority'!A$6)+1),ROWS($A$1:A3))),"") | D28: =IFERROR(INDEX('MFA Gaps Priority'!E$6:E$55,SMALL(IF(('MFA Gaps Priority'!E$6:E$55="Critical (Privileged User)")+('MFA Gaps Priority'!E$6:E$55="High (Remote Access)"),ROW('MFA Gaps Priority'!A$6:A$55)-ROW('MFA Gaps Priority'!A$6)+1),ROWS($A$1:A3))),"") | E28: "" | F28: =IFERROR(INDEX('MFA Gaps Priority'!H$6:H$55,SMALL(IF(('MFA Gaps Priority'!E$6:E$55="Critical (Privileged User)")+('MFA Gaps Priority'!E$6:E$55="High (Remote Access)"),ROW('MFA Gaps Priority'!A$6:A$55)-ROW('MFA Gaps Priority'!A$6)+1),ROWS($A$1:A3))),"") | G28: =IFERROR(INDEX('MFA Gaps Priority'!I$6:I$55,SMALL(IF(('MFA Gaps Priority'!E$6:E$55="Critical (Privileged User)")+('MFA Gaps Priority'!E$6:E$55="High (Remote Access)"),ROW('MFA Gaps Priority'!A$6:A$55)-ROW('MFA Gaps Priority'!A$6)+1),ROWS($A$1:A3))),"")
A29: =IFERROR(INDEX('MFA Gaps Priority'!A$6:A$55,SMALL(IF(('MFA Gaps Priority'!E$6:E$55="Critical (Privileged User)")+('MFA Gaps Priority'!E$6:E$55="High (Remote Access)"),ROW('MFA Gaps Priority'!A$6:A$55)-ROW('MFA Gaps Priority'!A$6)+1),ROWS($A$1:A4))),"") | B29: =IFERROR(INDEX('MFA Gaps Priority'!B$6:B$55,SMALL(IF(('MFA Gaps Priority'!E$6:E$55="Critical (Privileged User)")+('MFA Gaps Priority'!E$6:E$55="High (Remote Access)"),ROW('MFA Gaps Priority'!A$6:A$55)-ROW('MFA Gaps Priority'!A$6)+1),ROWS($A$1:A4))),"") | C29: =IFERROR(INDEX('MFA Gaps Priority'!G$6:G$55,SMALL(IF(('MFA Gaps Priority'!E$6:E$55="Critical (Privileged User)")+('MFA Gaps Priority'!E$6:E$55="High (Remote Access)"),ROW('MFA Gaps Priority'!A$6:A$55)-ROW('MFA Gaps Priority'!A$6)+1),ROWS($A$1:A4))),"") | D29: =IFERROR(INDEX('MFA Gaps Priority'!E$6:E$55,SMALL(IF(('MFA Gaps Priority'!E$6:E$55="Critical (Privileged User)")+('MFA Gaps Priority'!E$6:E$55="High (Remote Access)"),ROW('MFA Gaps Priority'!A$6:A$55)-ROW('MFA Gaps Priority'!A$6)+1),ROWS($A$1:A4))),"") | E29: "" | F29: =IFERROR(INDEX('MFA Gaps Priority'!H$6:H$55,SMALL(IF(('MFA Gaps Priority'!E$6:E$55="Critical (Privileged User)")+('MFA Gaps Priority'!E$6:E$55="High (Remote Access)"),ROW('MFA Gaps Priority'!A$6:A$55)-ROW('MFA Gaps Priority'!A$6)+1),ROWS($A$1:A4))),"") | G29: =IFERROR(INDEX('MFA Gaps Priority'!I$6:I$55,SMALL(IF(('MFA Gaps Priority'!E$6:E$55="Critical (Privileged User)")+('MFA Gaps Priority'!E$6:E$55="High (Remote Access)"),ROW('MFA Gaps Priority'!A$6:A$55)-ROW('MFA Gaps Priority'!A$6)+1),ROWS($A$1:A4))),"")
A30: =IFERROR(INDEX('MFA Gaps Priority'!A$6:A$55,SMALL(IF(('MFA Gaps Priority'!E$6:E$55="Critical (Privileged User)")+('MFA Gaps Priority'!E$6:E$55="High (Remote Access)"),ROW('MFA Gaps Priority'!A$6:A$55)-ROW('MFA Gaps Priority'!A$6)+1),ROWS($A$1:A5))),"") | B30: =IFERROR(INDEX('MFA Gaps Priority'!B$6:B$55,SMALL(IF(('MFA Gaps Priority'!E$6:E$55="Critical (Privileged User)")+('MFA Gaps Priority'!E$6:E$55="High (Remote Access)"),ROW('MFA Gaps Priority'!A$6:A$55)-ROW('MFA Gaps Priority'!A$6)+1),ROWS($A$1:A5))),"") | C30: =IFERROR(INDEX('MFA Gaps Priority'!G$6:G$55,SMALL(IF(('MFA Gaps Priority'!E$6:E$55="Critical (Privileged User)")+('MFA Gaps Priority'!E$6:E$55="High (Remote Access)"),ROW('MFA Gaps Priority'!A$6:A$55)-ROW('MFA Gaps Priority'!A$6)+1),ROWS($A$1:A5))),"") | D30: =IFERROR(INDEX('MFA Gaps Priority'!E$6:E$55,SMALL(IF(('MFA Gaps Priority'!E$6:E$55="Critical (Privileged User)")+('MFA Gaps Priority'!E$6:E$55="High (Remote Access)"),ROW('MFA Gaps Priority'!A$6:A$55)-ROW('MFA Gaps Priority'!A$6)+1),ROWS($A$1:A5))),"") | E30: "" | F30: =IFERROR(INDEX('MFA Gaps Priority'!H$6:H$55,SMALL(IF(('MFA Gaps Priority'!E$6:E$55="Critical (Privileged User)")+('MFA Gaps Priority'!E$6:E$55="High (Remote Access)"),ROW('MFA Gaps Priority'!A$6:A$55)-ROW('MFA Gaps Priority'!A$6)+1),ROWS($A$1:A5))),"") | G30: =IFERROR(INDEX('MFA Gaps Priority'!I$6:I$55,SMALL(IF(('MFA Gaps Priority'!E$6:E$55="Critical (Privileged User)")+('MFA Gaps Priority'!E$6:E$55="High (Remote Access)"),ROW('MFA Gaps Priority'!A$6:A$55)-ROW('MFA Gaps Priority'!A$6)+1),ROWS($A$1:A5))),"")
A31: =IFERROR(INDEX('MFA Gaps Priority'!A$6:A$55,SMALL(IF(('MFA Gaps Priority'!E$6:E$55="Critical (Privileged User)")+('MFA Gaps Priority'!E$6:E$55="High (Remote Access)"),ROW('MFA Gaps Priority'!A$6:A$55)-ROW('MFA Gaps Priority'!A$6)+1),ROWS($A$1:A6))),"") | B31: =IFERROR(INDEX('MFA Gaps Priority'!B$6:B$55,SMALL(IF(('MFA Gaps Priority'!E$6:E$55="Critical (Privileged User)")+('MFA Gaps Priority'!E$6:E$55="High (Remote Access)"),ROW('MFA Gaps Priority'!A$6:A$55)-ROW('MFA Gaps Priority'!A$6)+1),ROWS($A$1:A6))),"") | C31: =IFERROR(INDEX('MFA Gaps Priority'!G$6:G$55,SMALL(IF(('MFA Gaps Priority'!E$6:E$55="Critical (Privileged User)")+('MFA Gaps Priority'!E$6:E$55="High (Remote Access)"),ROW('MFA Gaps Priority'!A$6:A$55)-ROW('MFA Gaps Priority'!A$6)+1),ROWS($A$1:A6))),"") | D31: =IFERROR(INDEX('MFA Gaps Priority'!E$6:E$55,SMALL(IF(('MFA Gaps Priority'!E$6:E$55="Critical (Privileged User)")+('MFA Gaps Priority'!E$6:E$55="High (Remote Access)"),ROW('MFA Gaps Priority'!A$6:A$55)-ROW('MFA Gaps Priority'!A$6)+1),ROWS($A$1:A6))),"") | E31: "" | F31: =IFERROR(INDEX('MFA Gaps Priority'!H$6:H$55,SMALL(IF(('MFA Gaps Priority'!E$6:E$55="Critical (Privileged User)")+('MFA Gaps Priority'!E$6:E$55="High (Remote Access)"),ROW('MFA Gaps Priority'!A$6:A$55)-ROW('MFA Gaps Priority'!A$6)+1),ROWS($A$1:A6))),"") | G31: =IFERROR(INDEX('MFA Gaps Priority'!I$6:I$55,SMALL(IF(('MFA Gaps Priority'!E$6:E$55="Critical (Privileged User)")+('MFA Gaps Priority'!E$6:E$55="High (Remote Access)"),ROW('MFA Gaps Priority'!A$6:A$55)-ROW('MFA Gaps Priority'!A$6)+1),ROWS($A$1:A6))),"")
A32: =IFERROR(INDEX('MFA Gaps Priority'!A$6:A$55,SMALL(IF(('MFA Gaps Priority'!E$6:E$55="Critical (Privileged User)")+('MFA Gaps Priority'!E$6:E$55="High (Remote Access)"),ROW('MFA Gaps Priority'!A$6:A$55)-ROW('MFA Gaps Priority'!A$6)+1),ROWS($A$1:A7))),"") | B32: =IFERROR(INDEX('MFA Gaps Priority'!B$6:B$55,SMALL(IF(('MFA Gaps Priority'!E$6:E$55="Critical (Privileged User)")+('MFA Gaps Priority'!E$6:E$55="High (Remote Access)"),ROW('MFA Gaps Priority'!A$6:A$55)-ROW('MFA Gaps Priority'!A$6)+1),ROWS($A$1:A7))),"") | C32: =IFERROR(INDEX('MFA Gaps Priority'!G$6:G$55,SMALL(IF(('MFA Gaps Priority'!E$6:E$55="Critical (Privileged User)")+('MFA Gaps Priority'!E$6:E$55="High (Remote Access)"),ROW('MFA Gaps Priority'!A$6:A$55)-ROW('MFA Gaps Priority'!A$6)+1),ROWS($A$1:A7))),"") | D32: =IFERROR(INDEX('MFA Gaps Priority'!E$6:E$55,SMALL(IF(('MFA Gaps Priority'!E$6:E$55="Critical (Privileged User)")+('MFA Gaps Priority'!E$6:E$55="High (Remote Access)"),ROW('MFA Gaps Priority'!A$6:A$55)-ROW('MFA Gaps Priority'!A$6)+1),ROWS($A$1:A7))),"") | E32: "" | F32: =IFERROR(INDEX('MFA Gaps Priority'!H$6:H$55,SMALL(IF(('MFA Gaps Priority'!E$6:E$55="Critical (Privileged User)")+('MFA Gaps Priority'!E$6:E$55="High (Remote Access)"),ROW('MFA Gaps Priority'!A$6:A$55)-ROW('MFA Gaps Priority'!A$6)+1),ROWS($A$1:A7))),"") | G32: =IFERROR(INDEX('MFA Gaps Priority'!I$6:I$55,SMALL(IF(('MFA Gaps Priority'!E$6:E$55="Critical (Privileged User)")+('MFA Gaps Priority'!E$6:E$55="High (Remote Access)"),ROW('MFA Gaps Priority'!A$6:A$55)-ROW('MFA Gaps Priority'!A$6)+1),ROWS($A$1:A7))),"")
A33: =IFERROR(INDEX('MFA Gaps Priority'!A$6:A$55,SMALL(IF(('MFA Gaps Priority'!E$6:E$55="Critical (Privileged User)")+('MFA Gaps Priority'!E$6:E$55="High (Remote Access)"),ROW('MFA Gaps Priority'!A$6:A$55)-ROW('MFA Gaps Priority'!A$6)+1),ROWS($A$1:A8))),"") | B33: =IFERROR(INDEX('MFA Gaps Priority'!B$6:B$55,SMALL(IF(('MFA Gaps Priority'!E$6:E$55="Critical (Privileged User)")+('MFA Gaps Priority'!E$6:E$55="High (Remote Access)"),ROW('MFA Gaps Priority'!A$6:A$55)-ROW('MFA Gaps Priority'!A$6)+1),ROWS($A$1:A8))),"") | C33: =IFERROR(INDEX('MFA Gaps Priority'!G$6:G$55,SMALL(IF(('MFA Gaps Priority'!E$6:E$55="Critical (Privileged User)")+('MFA Gaps Priority'!E$6:E$55="High (Remote Access)"),ROW('MFA Gaps Priority'!A$6:A$55)-ROW('MFA Gaps Priority'!A$6)+1),ROWS($A$1:A8))),"") | D33: =IFERROR(INDEX('MFA Gaps Priority'!E$6:E$55,SMALL(IF(('MFA Gaps Priority'!E$6:E$55="Critical (Privileged User)")+('MFA Gaps Priority'!E$6:E$55="High (Remote Access)"),ROW('MFA Gaps Priority'!A$6:A$55)-ROW('MFA Gaps Priority'!A$6)+1),ROWS($A$1:A8))),"") | E33: "" | F33: =IFERROR(INDEX('MFA Gaps Priority'!H$6:H$55,SMALL(IF(('MFA Gaps Priority'!E$6:E$55="Critical (Privileged User)")+('MFA Gaps Priority'!E$6:E$55="High (Remote Access)"),ROW('MFA Gaps Priority'!A$6:A$55)-ROW('MFA Gaps Priority'!A$6)+1),ROWS($A$1:A8))),"") | G33: =IFERROR(INDEX('MFA Gaps Priority'!I$6:I$55,SMALL(IF(('MFA Gaps Priority'!E$6:E$55="Critical (Privileged User)")+('MFA Gaps Priority'!E$6:E$55="High (Remote Access)"),ROW('MFA Gaps Priority'!A$6:A$55)-ROW('MFA Gaps Priority'!A$6)+1),ROWS($A$1:A8))),"")
A34: =IFERROR(INDEX('MFA Gaps Priority'!A$6:A$55,SMALL(IF(('MFA Gaps Priority'!E$6:E$55="Critical (Privileged User)")+('MFA Gaps Priority'!E$6:E$55="High (Remote Access)"),ROW('MFA Gaps Priority'!A$6:A$55)-ROW('MFA Gaps Priority'!A$6)+1),ROWS($A$1:A9))),"") | B34: =IFERROR(INDEX('MFA Gaps Priority'!B$6:B$55,SMALL(IF(('MFA Gaps Priority'!E$6:E$55="Critical (Privileged User)")+('MFA Gaps Priority'!E$6:E$55="High (Remote Access)"),ROW('MFA Gaps Priority'!A$6:A$55)-ROW('MFA Gaps Priority'!A$6)+1),ROWS($A$1:A9))),"") | C34: =IFERROR(INDEX('MFA Gaps Priority'!G$6:G$55,SMALL(IF(('MFA Gaps Priority'!E$6:E$55="Critical (Privileged User)")+('MFA Gaps Priority'!E$6:E$55="High (Remote Access)"),ROW('MFA Gaps Priority'!A$6:A$55)-ROW('MFA Gaps Priority'!A$6)+1),ROWS($A$1:A9))),"") | D34: =IFERROR(INDEX('MFA Gaps Priority'!E$6:E$55,SMALL(IF(('MFA Gaps Priority'!E$6:E$55="Critical (Privileged User)")+('MFA Gaps Priority'!E$6:E$55="High (Remote Access)"),ROW('MFA Gaps Priority'!A$6:A$55)-ROW('MFA Gaps Priority'!A$6)+1),ROWS($A$1:A9))),"") | E34: "" | F34: =IFERROR(INDEX('MFA Gaps Priority'!H$6:H$55,SMALL(IF(('MFA Gaps Priority'!E$6:E$55="Critical (Privileged User)")+('MFA Gaps Priority'!E$6:E$55="High (Remote Access)"),ROW('MFA Gaps Priority'!A$6:A$55)-ROW('MFA Gaps Priority'!A$6)+1),ROWS($A$1:A9))),"") | G34: =IFERROR(INDEX('MFA Gaps Priority'!I$6:I$55,SMALL(IF(('MFA Gaps Priority'!E$6:E$55="Critical (Privileged User)")+('MFA Gaps Priority'!E$6:E$55="High (Remote Access)"),ROW('MFA Gaps Priority'!A$6:A$55)-ROW('MFA Gaps Priority'!A$6)+1),ROWS($A$1:A9))),"")
A35: =IFERROR(INDEX('MFA Gaps Priority'!A$6:A$55,SMALL(IF(('MFA Gaps Priority'!E$6:E$55="Critical (Privileged User)")+('MFA Gaps Priority'!E$6:E$55="High (Remote Access)"),ROW('MFA Gaps Priority'!A$6:A$55)-ROW('MFA Gaps Priority'!A$6)+1),ROWS($A$1:A10))),"") | B35: =IFERROR(INDEX('MFA Gaps Priority'!B$6:B$55,SMALL(IF(('MFA Gaps Priority'!E$6:E$55="Critical (Privileged User)")+('MFA Gaps Priority'!E$6:E$55="High (Remote Access)"),ROW('MFA Gaps Priority'!A$6:A$55)-ROW('MFA Gaps Priority'!A$6)+1),ROWS($A$1:A10))),"") | C35: =IFERROR(INDEX('MFA Gaps Priority'!G$6:G$55,SMALL(IF(('MFA Gaps Priority'!E$6:E$55="Critical (Privileged User)")+('MFA Gaps Priority'!E$6:E$55="High (Remote Access)"),ROW('MFA Gaps Priority'!A$6:A$55)-ROW('MFA Gaps Priority'!A$6)+1),ROWS($A$1:A10))),"") | D35: =IFERROR(INDEX('MFA Gaps Priority'!E$6:E$55,SMALL(IF(('MFA Gaps Priority'!E$6:E$55="Critical (Privileged User)")+('MFA Gaps Priority'!E$6:E$55="High (Remote Access)"),ROW('MFA Gaps Priority'!A$6:A$55)-ROW('MFA Gaps Priority'!A$6)+1),ROWS($A$1:A10))),"") | E35: "" | F35: =IFERROR(INDEX('MFA Gaps Priority'!H$6:H$55,SMALL(IF(('MFA Gaps Priority'!E$6:E$55="Critical (Privileged User)")+('MFA Gaps Priority'!E$6:E$55="High (Remote Access)"),ROW('MFA Gaps Priority'!A$6:A$55)-ROW('MFA Gaps Priority'!A$6)+1),ROWS($A$1:A10))),"") | G35: =IFERROR(INDEX('MFA Gaps Priority'!I$6:I$55,SMALL(IF(('MFA Gaps Priority'!E$6:E$55="Critical (Privileged User)")+('MFA Gaps Priority'!E$6:E$55="High (Remote Access)"),ROW('MFA Gaps Priority'!A$6:A$55)-ROW('MFA Gaps Priority'!A$6)+1),ROWS($A$1:A10))),"")
A38: Total Critical/High MFA Gaps: | B38: =COUNTIF('MFA Gaps Priority'!E6:E55,"Critical (Privileged User)")+COUNTIF('MFA Gaps Priority'!E6:E55,"High (Remote Access)")

Sheet Approval Sign-Off
A1: ASSESSMENT APPROVAL AND SIGN-OFF
A2: ISMS-IMP-A.8.2-3-5.S2 | ISO/IEC 27001:2022 - Control A.8.2-3-5: Access and Authentication Management
A3: ASSESSMENT SUMMARY
A4: Document: | B4: ISMS-IMP-A.8.2-3-5.S2 - MFA Coverage Assessment
A5: Assessment Period:
A6: Overall Compliance Rate: | B6: =IFERROR(AVERAGE('Summary Dashboard'!G5:G7),"")
A7: Assessment Status:
A8: Assessed By:
A11: COMPLETED BY (ASSESSOR)
A12: Name:
A13: Title:
A14: Date:
A15: Signature:
A16: Comments:
A18: REVIEWED BY (INFORMATION SECURITY OFFICER)
A19: Name:
A20: Title:
A21: Date:
... A38: Special Considerations:
