Workbook

Sheet Instructions & Legend
A1: ISMS-IMP-A.8.2-3-5.S3 - PRIVILEGED ACCOUNT INVENTORY ASSESSMENT ISO/IEC 27001:2022 - Control A.8.2-3-5: Access and Authentication Management
A3: Document Information
A4: Document ID: | B4: ISMS-IMP-A.8.2-3-5.S3
A5: Assessment: | B5: Privileged Accounts Assessment
A6: Version: | B6: 1.0
A7: Generated: | B7: 01.03.2026 17:58
A9: CRITICAL: PRIVILEGED ACCESS = HIGHEST SECURITY RISK
A10: 80% of data breaches involve privileged access abuse. The Admin Tiering Model (Tier 0/1/2) prevents lateral movement and limits blast radius. Tier 0 accounts NEVER log into Tier 1 or Tier 2 systems.
A12: Instructions
A13: Complete the Privileged Account Inventory (Sheet 2) with all privileged accounts. Classify each account by tier, document PAM vault status, MFA method, and review dates. Use the Admin Tiering Matrix (Sheet 3) to verify correct tier classification.
A15: ADMIN TIERING MODEL
A16: Tier | B16: Systems | C16: Security Requirements
A17: Tier 0 (Domain / Enterprise / Critical) | B17: Domain Controllers, Microsoft Entra ID, AWS root, PKI CA, SIEM, PAM vault | C17: PAWs required, Hardware MFA (FIDO2) mandatory, 100% session recording, JIT access
A18: Tier 1 (Server / Application) | B18: Production servers, databases, ERP/CRM, virtualisation, cloud subscriptions | C18: Separate admin accounts, MFA mandatory, session recording for prod, quarterly reviews
A19: Tier 2 (Workstation / Endpoint) | B19: End-user workstations, laptops, mobile devices | C19: Local admin only, MFA mandatory, standard logging
A21: Status Legend
A22: Status | B22: Description
A23: ✅ Compliant | B23: Meets all privileged access requirements
A24: ⚠ Partial Compliance | B24: Meets some but not all requirements
A25: ❌ Non-Compliant | B25: Does not meet requirements — immediate action required
A26: In Progress | B26: Remediation in progress
A27: — | B27: Not applicable
A29: REMEMBER: Privileged access is the 'keys to the kingdom'. Get this wrong and no other security controls matter.

Sheet Privileged Account Inventory
A1: PRIVILEGED ACCOUNT INVENTORY
A2: Complete inventory of all privileged accounts with tier classification
A4: Account Name | B4: Account Type | C4: Admin Tier | D4: Privileged Role | E4: System / Platform | F4: Owner / Responsible | G4: MFA Status | H4: MFA Method | I4: PAM Vaulted | J4: Last Password Change | K4: Password Rotation Freq | L4: Last Access Review | M4: Compliance Status | N4: Notes
A5: admin.username | B5: Named Privileged (user.admin) | C5: Tier 0 (Domain/Enterprise/Critical) | D5: Domain Admin | E5: Active Directory | F5: [Owner Name] | G5: ✅ Enrolled - Active | H5: Hardware Token (FIDO2) - Tier 0 Required | I5: ✅ Vaulted - JIT Enabled | J5: 01.03.2026 | K5: After Each Use (Check-in) | L5: 01.03.2026 | M5: ✅ Compliant

Sheet Admin Tiering Matrix
A1: ADMIN TIERING MATRIX
A2: Classify systems and accounts into Tier 0/1/2 for isolation enforcement
A4: System / Infrastructure | B4: Tier Classification | C4: Criticality | D4: Security Requirements | E4: Notes
A5: Domain Controllers | B5: Tier 0 | C5: Critical | D5: PAWs, Hardware MFA, Session Recording
A6: Microsoft Entra ID Tenant | B6: Tier 0 | C6: Critical | D6: Global Admin requires PAW
A7: AWS Organisation Root | B7: Tier 0 | C7: Critical | D7: Root user MFA, break-glass only
A8: PKI Certificate Authority | B8: Tier 0 | C8: Critical | D8: CA admins Tier 0
A9: SIEM Infrastructure | B9: Tier 0 | C9: Critical | D9: Security admins Tier 0
A10: PAM Vault | B10: Tier 0 | C10: Critical | D10: PAM admins Tier 0
A11: Backup Infrastructure | B11: Tier 0 | C11: Critical | D11: Backup admins Tier 0
A12: Production Servers | B12: Tier 1 | C12: High | D12: Separate admin accounts, MFA, Session recording
A13: Production Databases | B13: Tier 1 | C13: High | D13: DBAs Tier 1, PAM vaulting
A14: ERP / CRM Systems | B14: Tier 1 | C14: High | D14: App admins Tier 1
A15: Cloud VMs (Non-Global) | B15: Tier 1 | C15: Medium | D15: Subscription admins Tier 1
A16: User Workstations | B16: Tier 2 | C16: Low | D16: Local admin only, MFA
... A18: Mobile Devices | B18: Tier 2 | C18: Low | D18: MDM admins

Sheet Privileged User Roster
A1: PRIVILEGED USER ROSTER
A2: Mapping of users to privileged accounts and tier access
A4: User Name | B4: User ID | C4: Privileged Accounts Owned | D4: Tier 0 Access | E4: Tier 1 Access | F4: Tier 2 Access | G4: Business Justification | H4: Last Review Date
A5: [User Name] | B5: user@example.com | C5: admin.username | D5: Yes | E5: No | F5: No | G5: [Justification] | H5: 01.03.2026

Sheet PAM Vault Coverage
A1: PAM VAULT COVERAGE
A2: Track which privileged accounts are vaulted in PAM solution (Target: 100% shared accounts)
A4: Account Name | B4: Account Type | C4: PAM Status | D4: Vault Date | E4: JIT Enabled | F4: Session Recording | G4: Auto Rotation | H4: Compliance
A5: root | B5: Shared Privileged (root, Administrator, sa) | C5: ✅ Vaulted - JIT Enabled | D5: 01.03.2026 | E5: Yes | F5: Yes | G5: Yes | H5: ✅ Compliant

Sheet MFA Hardware Tokens
A1: MFA HARDWARE TOKENS
A2: Track hardware token (FIDO2) deployment for Tier 0 admins
A4: User Name | B4: Tier 0 Account | C4: Primary Token Serial | D4: Backup Token Serial | E4: Enrollment Date | F4: Last Tested | G4: Status
A5: [User Name] | B5: admin.username | C5: YK-XXXXXXXX | D5: YK-YYYYYYYY | E5: 01.03.2026 | F5: 01.03.2026 | G5: ✅ Active

Sheet Credential Rotation Status
A1: CREDENTIAL ROTATION STATUS
A2: Track password rotation for privileged accounts
A4: Account Name | B4: Last Rotation | C4: Rotation Frequency | D4: Next Due | E4: Days Until Due | F4: Rotation Method | G4: Compliance
A5: root | B5: 01.03.2026 | C5: After Each Use (Check-in) | D5: 01.03.2026 | E5: N/A | F5: PAM Auto-Rotation | G5: ✅ Compliant
E6: =IF(D6<>"",D6-TODAY(),"")
E7: =IF(D7<>"",D7-TODAY(),"")
E8: =IF(D8<>"",D8-TODAY(),"")
E9: =IF(D9<>"",D9-TODAY(),"")
E10: =IF(D10<>"",D10-TODAY(),"")
E11: =IF(D11<>"",D11-TODAY(),"")
E12: =IF(D12<>"",D12-TODAY(),"")
E13: =IF(D13<>"",D13-TODAY(),"")
E14: =IF(D14<>"",D14-TODAY(),"")
E15: =IF(D15<>"",D15-TODAY(),"")
E16: =IF(D16<>"",D16-TODAY(),"")
E17: =IF(D17<>"",D17-TODAY(),"")
... E55: =IF(D55<>"",D55-TODAY(),"")

Sheet Access Review Results
A1: ACCESS REVIEW RESULTS
A2: Track quarterly reviews of privileged access (MANDATORY)
A4: Review Period | B4: User | C4: Privileged Account | D4: Access Confirmed | E4: Access Removed | F4: Business Justification | G4: Reviewer | H4: Review Date
A5: Q1 2026 | B5: [User Name] | C5: admin.username | D5: Yes | E5: No | F5: [Justification] | G5: [Reviewer Name] | H5: 01.03.2026

Sheet Tier Isolation Compliance
A1: TIER ISOLATION COMPLIANCE
A2: Monitor and investigate cross-tier login attempts (target: ZERO violations)
A4: Date | B4: Account | C4: Account Tier | D4: System Accessed | E4: System Tier | F4: Violation Type | G4: Investigation Status | H4: Remediation
A5: 01.03.2026 | B5: [Account] | C5: Tier 0 (Domain/Enterprise/Critical) | D5: [System] | E5: Tier 2 (Workstation/Endpoint) | F5: Tier 0 account on Tier 2 system | G5: Under Investigation | H5: [Remediation action]

Sheet Evidence Register
A1: EVIDENCE REGISTER
A2: ISMS-IMP-A.8.2-3-5.S3 - Privileged Accounts Assessment — Evidence log for audit readiness
A4: Evidence ID | B4: Control Ref | C4: Evidence Type | D4: Description | E4: Location / Reference | F4: Date Collected | G4: Collected By | H4: Verification Status
A5: EV-001 | B5: A.8.2 | C5: Report | D5: Privileged account inventory export from PAM vault | E5: SharePoint/Evidence/A8235/ | F5: 01.03.2026 | G5: [Name] | H5: ✅ Verified

Sheet Summary Dashboard
A1: PRIVILEGED ACCOUNTS — SUMMARY DASHBOARD
A2: Privileged account inventory, PAM vault coverage, MFA enrolment, and credential rotation compliance
A3: TABLE 1 — ASSESSMENT AREA COMPLIANCE
A4: Assessment Area | B4: Total Items | C4: Compliant | D4: Partial | E4: Non-Compliant | F4: N/A | G4: Compliance %
A5: Privileged Account Inventory | B5: =COUNTA('Privileged Account Inventory'!B6:B55) | C5: =COUNTIF('Privileged Account Inventory'!M6:M55,"✅ Compliant") | D5: =COUNTIF('Privileged Account Inventory'!M6:M55,"⚠ Partial Compliance") | E5: =COUNTIF('Privileged Account Inventory'!M6:M55,"❌ Non-Compliant") | F5: =COUNTIF('Privileged Account Inventory'!M6:M55,"N/A") | G5: =IF((B5-F5)=0,0,C5/(B5-F5))
A6: PAM Vault Coverage | B6: =COUNTA('PAM Vault Coverage'!B6:B105) | C6: =COUNTIF('PAM Vault Coverage'!C6:C105,"✅ Vaulted - Active")+COUNTIF('PAM Vault Coverage'!C6:C105,"✅ Vaulted - JIT Enabled") | D6: =COUNTIF('PAM Vault Coverage'!C6:C105,"⚠ Vaulted - Rotation Issues")+COUNTIF('PAM Vault Coverage'!C6:C105,"Onboarding In Progress") | E6: =COUNTIF('PAM Vault Coverage'!C6:C105,"❌ Not Vaulted (Gap)") | F6: =COUNTIF('PAM Vault Coverage'!C6:C105,"N/A (Named Account)") | G6: =IF((B6-F6)=0,0,C6/(B6-F6))
A7: MFA Enrolment (Privileged) | B7: =COUNTA('Privileged Account Inventory'!B6:B55) | C7: =COUNTIF('Privileged Account Inventory'!G6:G55,"✅ Enrolled - Active")+COUNTIF('Privileged Account Inventory'!G6:G55,"✅ Enrolled - Verified") | D7: =0 | E7: =COUNTIF('Privileged Account Inventory'!G6:G55,"❌ Not Enrolled") | F7: =0 | G7: =IF((B7-F7)=0,0,C7/(B7-F7))
A8: Credential Rotation Status | B8: =COUNTA('Credential Rotation Status'!B6:B55) | C8: =COUNTIF('Credential Rotation Status'!C6:C55,"After Each Use (Check-in)")+COUNTIF('Credential Rotation Status'!C6:C55,"Daily")+COUNTIF('Credential Rotation Status'!C6:C55,"Weekly")+COUNTIF('Credential Rotation Status'!C6:C55,"Monthly") | D8: =COUNTIF('Credential Rotation Status'!C6:C55,"Quarterly")+COUNTIF('Credential Rotation Status'!C6:C55,"On Demand Only") | E8: =0 | F8: =COUNTIF('Credential Rotation Status'!C6:C55,"Not Applicable") | G8: =IF((B8-F8)=0,0,C8/(B8-F8))
A12: TABLE 2 — KEY PERFORMANCE INDICATORS
A13: KPI | B13: Current Value | C13: Target | D13: Status | E13: Last Updated | F13: Owner | G13: Notes
A14: Total Privileged Accounts | B14: =COUNTA('Privileged Account Inventory'!B6:B55)
A15: Account Compliance Rate | B15: =IF(COUNTA('Privileged Account Inventory'!B6:B55)=0,0,COUNTIF('Privileged Account Inventory'!M6:M55,"✅ Compliant")/COUNTA('Privileged Account Inventory'!B6:B55))
A16: Tier 0 Accounts | B16: =COUNTIF('Privileged Account Inventory'!C6:C55,"Tier 0 (Domain/Enterprise/Critical)")
A17: PAM Vault Coverage Rate | B17: =IF(COUNTA('PAM Vault Coverage'!B6:B105)=0,0,(COUNTIF('PAM Vault Coverage'!C6:C105,"✅ Vaulted - Active")+COUNTIF('PAM Vault Coverage'!C6:C105,"✅ Vaulted - JIT Enabled"))/COUNTA('PAM Vault Coverage'!B6:B105))
A18: Not Vaulted (Gap) | B18: =COUNTIF('PAM Vault Coverage'!C6:C105,"❌ Not Vaulted (Gap)")
A19: MFA Enrolled (Privileged) | B19: =IF(COUNTA('Privileged Account Inventory'!B6:B55)=0,0,(COUNTIF('Privileged Account Inventory'!G6:G55,"✅ Enrolled - Active")+COUNTIF('Privileged Account Inventory'!G6:G55,"✅ Enrolled - Verified"))/COUNTA('Privileged Account Inventory'!B6:B55))
A20: Credential Rotation Tracked | B20: =COUNTA('Credential Rotation Status'!B6:B55)
A21: Access Reviews on Record | B21: =COUNTA('Access Review Results'!B6:B55)
A22: Non-Compliant Accounts | B22: =COUNTIF('Privileged Account Inventory'!M6:M55,"❌ Non-Compliant")
A23: Tier Isolation Records | B23: =COUNTA('Tier Isolation Compliance'!B6:B55)
A27: TABLE 3 — CRITICAL FINDINGS
A28: Account ID | B28: Account Name | C28: Admin Tier | D28: Compliance Status | E28: MFA Status | F28: PAM Status | G28: Account Owner
A29: =IFERROR(INDEX('Privileged Account Inventory'!A$6:A$55,SMALL(IF('Privileged Account Inventory'!M$6:M$55="❌ Non-Compliant",ROW('Privileged Account Inventory'!A$6:A$55)-ROW('Privileged Account Inventory'!A$6)+1),ROWS($A$1:A1))),"") | B29: =IFERROR(INDEX('Privileged Account Inventory'!B$6:B$55,SMALL(IF('Privileged Account Inventory'!M$6:M$55="❌ Non-Compliant",ROW('Privileged Account Inventory'!A$6:A$55)-ROW('Privileged Account Inventory'!A$6)+1),ROWS($A$1:A1))),"") | C29: =IFERROR(INDEX('Privileged Account Inventory'!C$6:C$55,SMALL(IF('Privileged Account Inventory'!M$6:M$55="❌ Non-Compliant",ROW('Privileged Account Inventory'!A$6:A$55)-ROW('Privileged Account Inventory'!A$6)+1),ROWS($A$1:A1))),"") | D29: =IFERROR(INDEX('Privileged Account Inventory'!M$6:M$55,SMALL(IF('Privileged Account Inventory'!M$6:M$55="❌ Non-Compliant",ROW('Privileged Account Inventory'!A$6:A$55)-ROW('Privileged Account Inventory'!A$6)+1),ROWS($A$1:A1))),"") | E29: =IFERROR(INDEX('Privileged Account Inventory'!G$6:G$55,SMALL(IF('Privileged Account Inventory'!M$6:M$55="❌ Non-Compliant",ROW('Privileged Account Inventory'!A$6:A$55)-ROW('Privileged Account Inventory'!A$6)+1),ROWS($A$1:A1))),"") | F29: =IFERROR(INDEX('Privileged Account Inventory'!I$6:I$55,SMALL(IF('Privileged Account Inventory'!M$6:M$55="❌ Non-Compliant",ROW('Privileged Account Inventory'!A$6:A$55)-ROW('Privileged Account Inventory'!A$6)+1),ROWS($A$1:A1))),"") | G29: =IFERROR(INDEX('Privileged Account Inventory'!F$6:F$55,SMALL(IF('Privileged Account Inventory'!M$6:M$55="❌ Non-Compliant",ROW('Privileged Account Inventory'!A$6:A$55)-ROW('Privileged Account Inventory'!A$6)+1),ROWS($A$1:A1))),"")
A30: =IFERROR(INDEX('Privileged Account Inventory'!A$6:A$55,SMALL(IF('Privileged Account Inventory'!M$6:M$55="❌ Non-Compliant",ROW('Privileged Account Inventory'!A$6:A$55)-ROW('Privileged Account Inventory'!A$6)+1),ROWS($A$1:A2))),"") | B30: =IFERROR(INDEX('Privileged Account Inventory'!B$6:B$55,SMALL(IF('Privileged Account Inventory'!M$6:M$55="❌ Non-Compliant",ROW('Privileged Account Inventory'!A$6:A$55)-ROW('Privileged Account Inventory'!A$6)+1),ROWS($A$1:A2))),"") | C30: =IFERROR(INDEX('Privileged Account Inventory'!C$6:C$55,SMALL(IF('Privileged Account Inventory'!M$6:M$55="❌ Non-Compliant",ROW('Privileged Account Inventory'!A$6:A$55)-ROW('Privileged Account Inventory'!A$6)+1),ROWS($A$1:A2))),"") | D30: =IFERROR(INDEX('Privileged Account Inventory'!M$6:M$55,SMALL(IF('Privileged Account Inventory'!M$6:M$55="❌ Non-Compliant",ROW('Privileged Account Inventory'!A$6:A$55)-ROW('Privileged Account Inventory'!A$6)+1),ROWS($A$1:A2))),"") | E30: =IFERROR(INDEX('Privileged Account Inventory'!G$6:G$55,SMALL(IF('Privileged Account Inventory'!M$6:M$55="❌ Non-Compliant",ROW('Privileged Account Inventory'!A$6:A$55)-ROW('Privileged Account Inventory'!A$6)+1),ROWS($A$1:A2))),"") | F30: =IFERROR(INDEX('Privileged Account Inventory'!I$6:I$55,SMALL(IF('Privileged Account Inventory'!M$6:M$55="❌ Non-Compliant",ROW('Privileged Account Inventory'!A$6:A$55)-ROW('Privileged Account Inventory'!A$6)+1),ROWS($A$1:A2))),"") | G30: =IFERROR(INDEX('Privileged Account Inventory'!F$6:F$55,SMALL(IF('Privileged Account Inventory'!M$6:M$55="❌ Non-Compliant",ROW('Privileged Account Inventory'!A$6:A$55)-ROW('Privileged Account Inventory'!A$6)+1),ROWS($A$1:A2))),"")
A31: =IFERROR(INDEX('Privileged Account Inventory'!A$6:A$55,SMALL(IF('Privileged Account Inventory'!M$6:M$55="❌ Non-Compliant",ROW('Privileged Account Inventory'!A$6:A$55)-ROW('Privileged Account Inventory'!A$6)+1),ROWS($A$1:A3))),"") | B31: =IFERROR(INDEX('Privileged Account Inventory'!B$6:B$55,SMALL(IF('Privileged Account Inventory'!M$6:M$55="❌ Non-Compliant",ROW('Privileged Account Inventory'!A$6:A$55)-ROW('Privileged Account Inventory'!A$6)+1),ROWS($A$1:A3))),"") | C31: =IFERROR(INDEX('Privileged Account Inventory'!C$6:C$55,SMALL(IF('Privileged Account Inventory'!M$6:M$55="❌ Non-Compliant",ROW('Privileged Account Inventory'!A$6:A$55)-ROW('Privileged Account Inventory'!A$6)+1),ROWS($A$1:A3))),"") | D31: =IFERROR(INDEX('Privileged Account Inventory'!M$6:M$55,SMALL(IF('Privileged Account Inventory'!M$6:M$55="❌ Non-Compliant",ROW('Privileged Account Inventory'!A$6:A$55)-ROW('Privileged Account Inventory'!A$6)+1),ROWS($A$1:A3))),"") | E31: =IFERROR(INDEX('Privileged Account Inventory'!G$6:G$55,SMALL(IF('Privileged Account Inventory'!M$6:M$55="❌ Non-Compliant",ROW('Privileged Account Inventory'!A$6:A$55)-ROW('Privileged Account Inventory'!A$6)+1),ROWS($A$1:A3))),"") | F31: =IFERROR(INDEX('Privileged Account Inventory'!I$6:I$55,SMALL(IF('Privileged Account Inventory'!M$6:M$55="❌ Non-Compliant",ROW('Privileged Account Inventory'!A$6:A$55)-ROW('Privileged Account Inventory'!A$6)+1),ROWS($A$1:A3))),"") | G31: =IFERROR(INDEX('Privileged Account Inventory'!F$6:F$55,SMALL(IF('Privileged Account Inventory'!M$6:M$55="❌ Non-Compliant",ROW('Privileged Account Inventory'!A$6:A$55)-ROW('Privileged Account Inventory'!A$6)+1),ROWS($A$1:A3))),"")
A32: =IFERROR(INDEX('Privileged Account Inventory'!A$6:A$55,SMALL(IF('Privileged Account Inventory'!M$6:M$55="❌ Non-Compliant",ROW('Privileged Account Inventory'!A$6:A$55)-ROW('Privileged Account Inventory'!A$6)+1),ROWS($A$1:A4))),"") | B32: =IFERROR(INDEX('Privileged Account Inventory'!B$6:B$55,SMALL(IF('Privileged Account Inventory'!M$6:M$55="❌ Non-Compliant",ROW('Privileged Account Inventory'!A$6:A$55)-ROW('Privileged Account Inventory'!A$6)+1),ROWS($A$1:A4))),"") | C32: =IFERROR(INDEX('Privileged Account Inventory'!C$6:C$55,SMALL(IF('Privileged Account Inventory'!M$6:M$55="❌ Non-Compliant",ROW('Privileged Account Inventory'!A$6:A$55)-ROW('Privileged Account Inventory'!A$6)+1),ROWS($A$1:A4))),"") | D32: =IFERROR(INDEX('Privileged Account Inventory'!M$6:M$55,SMALL(IF('Privileged Account Inventory'!M$6:M$55="❌ Non-Compliant",ROW('Privileged Account Inventory'!A$6:A$55)-ROW('Privileged Account Inventory'!A$6)+1),ROWS($A$1:A4))),"") | E32: =IFERROR(INDEX('Privileged Account Inventory'!G$6:G$55,SMALL(IF('Privileged Account Inventory'!M$6:M$55="❌ Non-Compliant",ROW('Privileged Account Inventory'!A$6:A$55)-ROW('Privileged Account Inventory'!A$6)+1),ROWS($A$1:A4))),"") | F32: =IFERROR(INDEX('Privileged Account Inventory'!I$6:I$55,SMALL(IF('Privileged Account Inventory'!M$6:M$55="❌ Non-Compliant",ROW('Privileged Account Inventory'!A$6:A$55)-ROW('Privileged Account Inventory'!A$6)+1),ROWS($A$1:A4))),"") | G32: =IFERROR(INDEX('Privileged Account Inventory'!F$6:F$55,SMALL(IF('Privileged Account Inventory'!M$6:M$55="❌ Non-Compliant",ROW('Privileged Account Inventory'!A$6:A$55)-ROW('Privileged Account Inventory'!A$6)+1),ROWS($A$1:A4))),"")
A33: =IFERROR(INDEX('Privileged Account Inventory'!A$6:A$55,SMALL(IF('Privileged Account Inventory'!M$6:M$55="❌ Non-Compliant",ROW('Privileged Account Inventory'!A$6:A$55)-ROW('Privileged Account Inventory'!A$6)+1),ROWS($A$1:A5))),"") | B33: =IFERROR(INDEX('Privileged Account Inventory'!B$6:B$55,SMALL(IF('Privileged Account Inventory'!M$6:M$55="❌ Non-Compliant",ROW('Privileged Account Inventory'!A$6:A$55)-ROW('Privileged Account Inventory'!A$6)+1),ROWS($A$1:A5))),"") | C33: =IFERROR(INDEX('Privileged Account Inventory'!C$6:C$55,SMALL(IF('Privileged Account Inventory'!M$6:M$55="❌ Non-Compliant",ROW('Privileged Account Inventory'!A$6:A$55)-ROW('Privileged Account Inventory'!A$6)+1),ROWS($A$1:A5))),"") | D33: =IFERROR(INDEX('Privileged Account Inventory'!M$6:M$55,SMALL(IF('Privileged Account Inventory'!M$6:M$55="❌ Non-Compliant",ROW('Privileged Account Inventory'!A$6:A$55)-ROW('Privileged Account Inventory'!A$6)+1),ROWS($A$1:A5))),"") | E33: =IFERROR(INDEX('Privileged Account Inventory'!G$6:G$55,SMALL(IF('Privileged Account Inventory'!M$6:M$55="❌ Non-Compliant",ROW('Privileged Account Inventory'!A$6:A$55)-ROW('Privileged Account Inventory'!A$6)+1),ROWS($A$1:A5))),"") | F33: =IFERROR(INDEX('Privileged Account Inventory'!I$6:I$55,SMALL(IF('Privileged Account Inventory'!M$6:M$55="❌ Non-Compliant",ROW('Privileged Account Inventory'!A$6:A$55)-ROW('Privileged Account Inventory'!A$6)+1),ROWS($A$1:A5))),"") | G33: =IFERROR(INDEX('Privileged Account Inventory'!F$6:F$55,SMALL(IF('Privileged Account Inventory'!M$6:M$55="❌ Non-Compliant",ROW('Privileged Account Inventory'!A$6:A$55)-ROW('Privileged Account Inventory'!A$6)+1),ROWS($A$1:A5))),"")
A34: =IFERROR(INDEX('Privileged Account Inventory'!A$6:A$55,SMALL(IF('Privileged Account Inventory'!M$6:M$55="❌ Non-Compliant",ROW('Privileged Account Inventory'!A$6:A$55)-ROW('Privileged Account Inventory'!A$6)+1),ROWS($A$1:A6))),"") | B34: =IFERROR(INDEX('Privileged Account Inventory'!B$6:B$55,SMALL(IF('Privileged Account Inventory'!M$6:M$55="❌ Non-Compliant",ROW('Privileged Account Inventory'!A$6:A$55)-ROW('Privileged Account Inventory'!A$6)+1),ROWS($A$1:A6))),"") | C34: =IFERROR(INDEX('Privileged Account Inventory'!C$6:C$55,SMALL(IF('Privileged Account Inventory'!M$6:M$55="❌ Non-Compliant",ROW('Privileged Account Inventory'!A$6:A$55)-ROW('Privileged Account Inventory'!A$6)+1),ROWS($A$1:A6))),"") | D34: =IFERROR(INDEX('Privileged Account Inventory'!M$6:M$55,SMALL(IF('Privileged Account Inventory'!M$6:M$55="❌ Non-Compliant",ROW('Privileged Account Inventory'!A$6:A$55)-ROW('Privileged Account Inventory'!A$6)+1),ROWS($A$1:A6))),"") | E34: =IFERROR(INDEX('Privileged Account Inventory'!G$6:G$55,SMALL(IF('Privileged Account Inventory'!M$6:M$55="❌ Non-Compliant",ROW('Privileged Account Inventory'!A$6:A$55)-ROW('Privileged Account Inventory'!A$6)+1),ROWS($A$1:A6))),"") | F34: =IFERROR(INDEX('Privileged Account Inventory'!I$6:I$55,SMALL(IF('Privileged Account Inventory'!M$6:M$55="❌ Non-Compliant",ROW('Privileged Account Inventory'!A$6:A$55)-ROW('Privileged Account Inventory'!A$6)+1),ROWS($A$1:A6))),"") | G34: =IFERROR(INDEX('Privileged Account Inventory'!F$6:F$55,SMALL(IF('Privileged Account Inventory'!M$6:M$55="❌ Non-Compliant",ROW('Privileged Account Inventory'!A$6:A$55)-ROW('Privileged Account Inventory'!A$6)+1),ROWS($A$1:A6))),"")
A35: =IFERROR(INDEX('Privileged Account Inventory'!A$6:A$55,SMALL(IF('Privileged Account Inventory'!M$6:M$55="❌ Non-Compliant",ROW('Privileged Account Inventory'!A$6:A$55)-ROW('Privileged Account Inventory'!A$6)+1),ROWS($A$1:A7))),"") | B35: =IFERROR(INDEX('Privileged Account Inventory'!B$6:B$55,SMALL(IF('Privileged Account Inventory'!M$6:M$55="❌ Non-Compliant",ROW('Privileged Account Inventory'!A$6:A$55)-ROW('Privileged Account Inventory'!A$6)+1),ROWS($A$1:A7))),"") | C35: =IFERROR(INDEX('Privileged Account Inventory'!C$6:C$55,SMALL(IF('Privileged Account Inventory'!M$6:M$55="❌ Non-Compliant",ROW('Privileged Account Inventory'!A$6:A$55)-ROW('Privileged Account Inventory'!A$6)+1),ROWS($A$1:A7))),"") | D35: =IFERROR(INDEX('Privileged Account Inventory'!M$6:M$55,SMALL(IF('Privileged Account Inventory'!M$6:M$55="❌ Non-Compliant",ROW('Privileged Account Inventory'!A$6:A$55)-ROW('Privileged Account Inventory'!A$6)+1),ROWS($A$1:A7))),"") | E35: =IFERROR(INDEX('Privileged Account Inventory'!G$6:G$55,SMALL(IF('Privileged Account Inventory'!M$6:M$55="❌ Non-Compliant",ROW('Privileged Account Inventory'!A$6:A$55)-ROW('Privileged Account Inventory'!A$6)+1),ROWS($A$1:A7))),"") | F35: =IFERROR(INDEX('Privileged Account Inventory'!I$6:I$55,SMALL(IF('Privileged Account Inventory'!M$6:M$55="❌ Non-Compliant",ROW('Privileged Account Inventory'!A$6:A$55)-ROW('Privileged Account Inventory'!A$6)+1),ROWS($A$1:A7))),"") | G35: =IFERROR(INDEX('Privileged Account Inventory'!F$6:F$55,SMALL(IF('Privileged Account Inventory'!M$6:M$55="❌ Non-Compliant",ROW('Privileged Account Inventory'!A$6:A$55)-ROW('Privileged Account Inventory'!A$6)+1),ROWS($A$1:A7))),"")
A36: =IFERROR(INDEX('Privileged Account Inventory'!A$6:A$55,SMALL(IF('Privileged Account Inventory'!M$6:M$55="❌ Non-Compliant",ROW('Privileged Account Inventory'!A$6:A$55)-ROW('Privileged Account Inventory'!A$6)+1),ROWS($A$1:A8))),"") | B36: =IFERROR(INDEX('Privileged Account Inventory'!B$6:B$55,SMALL(IF('Privileged Account Inventory'!M$6:M$55="❌ Non-Compliant",ROW('Privileged Account Inventory'!A$6:A$55)-ROW('Privileged Account Inventory'!A$6)+1),ROWS($A$1:A8))),"") | C36: =IFERROR(INDEX('Privileged Account Inventory'!C$6:C$55,SMALL(IF('Privileged Account Inventory'!M$6:M$55="❌ Non-Compliant",ROW('Privileged Account Inventory'!A$6:A$55)-ROW('Privileged Account Inventory'!A$6)+1),ROWS($A$1:A8))),"") | D36: =IFERROR(INDEX('Privileged Account Inventory'!M$6:M$55,SMALL(IF('Privileged Account Inventory'!M$6:M$55="❌ Non-Compliant",ROW('Privileged Account Inventory'!A$6:A$55)-ROW('Privileged Account Inventory'!A$6)+1),ROWS($A$1:A8))),"") | E36: =IFERROR(INDEX('Privileged Account Inventory'!G$6:G$55,SMALL(IF('Privileged Account Inventory'!M$6:M$55="❌ Non-Compliant",ROW('Privileged Account Inventory'!A$6:A$55)-ROW('Privileged Account Inventory'!A$6)+1),ROWS($A$1:A8))),"") | F36: =IFERROR(INDEX('Privileged Account Inventory'!I$6:I$55,SMALL(IF('Privileged Account Inventory'!M$6:M$55="❌ Non-Compliant",ROW('Privileged Account Inventory'!A$6:A$55)-ROW('Privileged Account Inventory'!A$6)+1),ROWS($A$1:A8))),"") | G36: =IFERROR(INDEX('Privileged Account Inventory'!F$6:F$55,SMALL(IF('Privileged Account Inventory'!M$6:M$55="❌ Non-Compliant",ROW('Privileged Account Inventory'!A$6:A$55)-ROW('Privileged Account Inventory'!A$6)+1),ROWS($A$1:A8))),"")
A37: =IFERROR(INDEX('Privileged Account Inventory'!A$6:A$55,SMALL(IF('Privileged Account Inventory'!M$6:M$55="❌ Non-Compliant",ROW('Privileged Account Inventory'!A$6:A$55)-ROW('Privileged Account Inventory'!A$6)+1),ROWS($A$1:A9))),"") | B37: =IFERROR(INDEX('Privileged Account Inventory'!B$6:B$55,SMALL(IF('Privileged Account Inventory'!M$6:M$55="❌ Non-Compliant",ROW('Privileged Account Inventory'!A$6:A$55)-ROW('Privileged Account Inventory'!A$6)+1),ROWS($A$1:A9))),"") | C37: =IFERROR(INDEX('Privileged Account Inventory'!C$6:C$55,SMALL(IF('Privileged Account Inventory'!M$6:M$55="❌ Non-Compliant",ROW('Privileged Account Inventory'!A$6:A$55)-ROW('Privileged Account Inventory'!A$6)+1),ROWS($A$1:A9))),"") | D37: =IFERROR(INDEX('Privileged Account Inventory'!M$6:M$55,SMALL(IF('Privileged Account Inventory'!M$6:M$55="❌ Non-Compliant",ROW('Privileged Account Inventory'!A$6:A$55)-ROW('Privileged Account Inventory'!A$6)+1),ROWS($A$1:A9))),"") | E37: =IFERROR(INDEX('Privileged Account Inventory'!G$6:G$55,SMALL(IF('Privileged Account Inventory'!M$6:M$55="❌ Non-Compliant",ROW('Privileged Account Inventory'!A$6:A$55)-ROW('Privileged Account Inventory'!A$6)+1),ROWS($A$1:A9))),"") | F37: =IFERROR(INDEX('Privileged Account Inventory'!I$6:I$55,SMALL(IF('Privileged Account Inventory'!M$6:M$55="❌ Non-Compliant",ROW('Privileged Account Inventory'!A$6:A$55)-ROW('Privileged Account Inventory'!A$6)+1),ROWS($A$1:A9))),"") | G37: =IFERROR(INDEX('Privileged Account Inventory'!F$6:F$55,SMALL(IF('Privileged Account Inventory'!M$6:M$55="❌ Non-Compliant",ROW('Privileged Account Inventory'!A$6:A$55)-ROW('Privileged Account Inventory'!A$6)+1),ROWS($A$1:A9))),"")
A38: =IFERROR(INDEX('Privileged Account Inventory'!A$6:A$55,SMALL(IF('Privileged Account Inventory'!M$6:M$55="❌ Non-Compliant",ROW('Privileged Account Inventory'!A$6:A$55)-ROW('Privileged Account Inventory'!A$6)+1),ROWS($A$1:A10))),"") | B38: =IFERROR(INDEX('Privileged Account Inventory'!B$6:B$55,SMALL(IF('Privileged Account Inventory'!M$6:M$55="❌ Non-Compliant",ROW('Privileged Account Inventory'!A$6:A$55)-ROW('Privileged Account Inventory'!A$6)+1),ROWS($A$1:A10))),"") | C38: =IFERROR(INDEX('Privileged Account Inventory'!C$6:C$55,SMALL(IF('Privileged Account Inventory'!M$6:M$55="❌ Non-Compliant",ROW('Privileged Account Inventory'!A$6:A$55)-ROW('Privileged Account Inventory'!A$6)+1),ROWS($A$1:A10))),"") | D38: =IFERROR(INDEX('Privileged Account Inventory'!M$6:M$55,SMALL(IF('Privileged Account Inventory'!M$6:M$55="❌ Non-Compliant",ROW('Privileged Account Inventory'!A$6:A$55)-ROW('Privileged Account Inventory'!A$6)+1),ROWS($A$1:A10))),"") | E38: =IFERROR(INDEX('Privileged Account Inventory'!G$6:G$55,SMALL(IF('Privileged Account Inventory'!M$6:M$55="❌ Non-Compliant",ROW('Privileged Account Inventory'!A$6:A$55)-ROW('Privileged Account Inventory'!A$6)+1),ROWS($A$1:A10))),"") | F38: =IFERROR(INDEX('Privileged Account Inventory'!I$6:I$55,SMALL(IF('Privileged Account Inventory'!M$6:M$55="❌ Non-Compliant",ROW('Privileged Account Inventory'!A$6:A$55)-ROW('Privileged Account Inventory'!A$6)+1),ROWS($A$1:A10))),"") | G38: =IFERROR(INDEX('Privileged Account Inventory'!F$6:F$55,SMALL(IF('Privileged Account Inventory'!M$6:M$55="❌ Non-Compliant",ROW('Privileged Account Inventory'!A$6:A$55)-ROW('Privileged Account Inventory'!A$6)+1),ROWS($A$1:A10))),"")
A41: Total Non-Compliant Accounts: | B41: =COUNTIF('Privileged Account Inventory'!M6:M55,"❌ Non-Compliant")

Sheet Approval Sign-Off
A1: ASSESSMENT APPROVAL AND SIGN-OFF
A2: ISMS-IMP-A.8.2-3-5.S3 | ISO/IEC 27001:2022 - Control A.8.2-3-5: Access and Authentication Management
A3: ASSESSMENT SUMMARY
A4: Document: | B4: ISMS-IMP-A.8.2-3-5.S3 - Privileged Accounts Assessment
A5: Assessment Period:
A6: Overall Compliance Rate: | B6: =IFERROR(AVERAGE('Summary Dashboard'!G5:G8),"")
A7: Assessment Status:
A8: Assessed By:
A11: COMPLETED BY (ASSESSOR)
A12: Name:
A13: Title:
A14: Date:
A15: Signature:
A16: Comments:
A18: REVIEWED BY (INFORMATION SECURITY OFFICER)
A19: Name:
A20: Title:
A21: Date:
... A38: Special Considerations:
