Workbook

Sheet Instructions & Legend
A1: ISMS-IMP-A.8.2-3-5.S5 - ACCESS RESTRICTION ASSESSMENT ISO/IEC 27001:2022 - Control A.8.2-3-5: Access and Authentication Management
A3: Document Information
A4: Document ID: | B4: ISMS-IMP-A.8.2-3-5.S5
A5: Assessment: | B5: Access Restrictions Assessment
A6: Version: | B6: 1.0
A7: Generated: | B7: 07.03.2026 12:28
A9: Instructions
A10: Complete each sheet in sequence: File System Permissions (Sheet 2), Database Access Controls (Sheet 3), Application RBAC (Sheet 4), API Access Controls (Sheet 5), Cloud IAM Policies (Sheet 6), Encryption Status (Sheet 7), Network Segmentation (Sheet 8), Penetration Test Results (Sheet 9), and Gap Analysis (Sheet 10).
A12: ACCESS RESTRICTION PRINCIPLES
A13: • Default Deny: Access denied unless explicitly allowed (whitelist approach)
A14: • Least Privilege: Minimum permissions required for task
A15: • Separation of Duties: No single person has end-to-end control
A16: • Need-to-Know: Access restricted to those with legitimate business need
A17: • Defence in Depth: Multiple layers (OS, DB, app, network, encryption)
A18: • Regular Audits: Quarterly permission reviews for sensitive systems
A20: ASSESSMENT SCOPE
A21: Assessment Area | B21: Scope Description
A22: File System Permissions | B22: NTFS ACLs, Linux file permissions, shared drive access | C22: Sheet 2
A23: Database Access Controls | B23: SQL grants, row/column-level security, DBA accounts | C23: Sheet 3
A24: Application RBAC | B24: Role-based access, ABAC policies, admin functions | C24: Sheet 4
A25: API Access Controls | B25: OAuth scopes, API keys, rate limiting, authentication | C25: Sheet 5
A26: Cloud IAM Policies | B26: Cloud role assignments, service principals, policy reviews | C26: Sheet 6
A27: Encryption Status | B27: Data-at-rest encryption, key management, classification alignment | C27: Sheet 7
A28: Network Segmentation | B28: Firewall rules, VLAN enforcement, default deny | C28: Sheet 8
A29: Penetration Testing | B29: Access control testing results, findings, remediation | C29: Sheet 9
A30: Gap Analysis | B30: Non-compliant access restrictions requiring remediation | C30: Sheet 10
A32: Status Legend
A33: Status | B33: Description
A34: ✅ Compliant | B34: Access control meets all requirements
A35: ⚠ Partial Compliance | B35: Meets some but not all requirements
A36: ❌ Non-Compliant | B36: Does not meet requirements — action required
A37: In Progress | B37: Remediation in progress
A38: — | B38: Not applicable
A40: REMEMBER: 'Restrict' means technical enforcement, not just policy. Verify with penetration testing and configuration audits.

Sheet File System Permissions
A1: FILE SYSTEM PERMISSIONS
A2: Audit file system access controls — NTFS ACLs, Linux permissions, shared drives
A4: System | B4: Path / Share | C4: Data Classification | D4: Permission Type | E4: Default Deny | F4: Last Audit Date | G4: Findings | H4: Compliance
A5: FileServer01 | B5: \\fileserver01\Finance | C5: Restricted | D5: NTFS ACL | E5: Yes | F5: 07.03.2026 | G5: None | H5: ✅ Compliant

Sheet Database Access Controls
A1: DATABASE ACCESS CONTROLS
A2: Verify database grants, role assignments, and least privilege enforcement
A4: Database | B4: Account / Role | C4: Granted Privileges | D4: Least Privilege | E4: Row/Column Security | F4: Audit Date | G4: Findings | H4: Compliance
A5: SQL-PROD-01 | B5: app_user | C5: SELECT, INSERT on [AppDB] | D5: Yes | E5: Row-Level Security enabled | F5: 07.03.2026 | G5: None | H5: ✅ Compliant

Sheet Application RBAC
A1: APPLICATION RBAC
A2: Assess role-based access control implementation in applications
A4: Application | B4: Role Name | C4: Permissions Granted | D4: Users Assigned | E4: Least Privilege | F4: Last Review | G4: Findings | H4: Compliance
A5: CRM System | B5: Sales User | C5: View/Edit customer records | D5: 45 | E5: Yes | F5: 07.03.2026 | G5: None | H5: ✅ Compliant

Sheet API Access Controls
A1: API ACCESS CONTROLS
A2: Assess OAuth scopes, API key management, and rate limiting controls
A4: API / Service | B4: Auth Method | C4: OAuth Scopes | D4: Rate Limiting | E4: API Key Rotation | F4: Last Review | G4: Findings | H4: Compliance
A5: REST API v2 | B5: OAuth 2.0 + JWT | C5: read:data write:data | D5: 1000 req/min | E5: 90 days | F5: 07.03.2026 | G5: None | H5: ✅ Compliant

Sheet Cloud IAM Policies
A1: CLOUD IAM POLICIES
A2: Review cloud identity and access management role assignments and policies
A4: Cloud Platform | B4: Identity / Role | C4: Permissions / Scope | D4: Resource Scope | E4: Least Privilege | F4: Last Review | G4: Findings | H4: Compliance
A5: Microsoft Azure | B5: app-dev-team@org.com | C5: Contributor | D5: Dev Resource Group only | E5: Yes | F5: 07.03.2026 | G5: None | H5: ✅ Compliant

Sheet Encryption Status
A1: ENCRYPTION STATUS
A2: Verify encryption implementation aligned with data classification requirements
A4: Data Store / System | B4: Data Classification | C4: Encryption at Rest | D4: Algorithm / Standard | E4: Key Management | F4: Last Review | G4: Compliance
A5: SQL-PROD-01 | B5: Confidential | C5: Yes | D5: AES-256 | E5: Azure Key Vault | F5: 07.03.2026 | G5: ✅ Compliant

Sheet Network Segmentation
A1: NETWORK SEGMENTATION
A2: Assess firewall rules and VLAN enforcement for access restriction
A4: Segment / VLAN | B4: Systems in Segment | C4: Default Deny Rule | D4: Allowed Traffic | E4: Last Firewall Review | F4: Penetration Tested | G4: Compliance
A5: VLAN-100 (Management) | B5: Domain Controllers, PAM Vault | C5: Yes | D5: Admin workstations only on port 3389, 22 | E5: 07.03.2026 | F5: Yes | G5: ✅ Compliant

Sheet Penetration Test Results
A1: PENETRATION TEST RESULTS
A2: Document access control findings from penetration testing and configuration audits
A4: Test Date | B4: Test Scope | C4: Finding ID | D4: Severity | E4: Description | F4: Systems Affected | G4: Remediation | H4: Status
A5: 07.03.2026 | B5: Internal Network — Access Controls | C5: PT-001 | D5: Medium | E5: Legacy share permissions allow all authenticated users | F5: FileServer01 shares | G5: Restrict to specific security groups | H5: In Progress

Sheet Gap Analysis
A1: GAP ANALYSIS
A2: Prioritised list of access restriction gaps requiring remediation
A4: Gap ID | B4: System / Area | C4: Gap Description | D4: Risk Level | E4: Impact | F4: Remediation Plan | G4: Owner | H4: Target Date | I4: Status
A5: GAP-001 | B5: File Server | C5: Legacy share permissions too broad | D5: High | E5: Potential data exposure | F5: Review and restrict share permissions | G5: [Owner] | H5: 07.03.2026 | I5: Open

Sheet Evidence Register
A1: EVIDENCE REGISTER
A2: ISMS-IMP-A.8.2-3-5.S5 - Access Restrictions Assessment — Evidence log for audit readiness
A4: Evidence ID | B4: Control Ref | C4: Evidence Type | D4: Description | E4: Location / Reference | F4: Date Collected | G4: Collected By | H4: Verification Status
A5: EV-001 | B5: A.8.3 | C5: Audit Report | D5: File system ACL audit from AD | E5: SharePoint/Evidence/A8235/ | F5: 07.03.2026 | G5: [Name] | H5: ✅ Verified

Sheet Summary Dashboard
A1: ACCESS RESTRICTIONS — SUMMARY DASHBOARD
A2: File system, database, API, cloud IAM, encryption, network segmentation, and pen test compliance
A3: TABLE 1 — ASSESSMENT AREA COMPLIANCE
A4: Assessment Area | B4: Total Items | C4: Compliant | D4: Partial | E4: Non-Compliant | F4: N/A | G4: Compliance %
A5: File System Permissions | B5: =COUNTA('File System Permissions'!B6:B55) | C5: =COUNTIF('File System Permissions'!H6:H55,"✅ Compliant") | D5: =COUNTIF('File System Permissions'!H6:H55,"⚠ Partial Compliance") | E5: =COUNTIF('File System Permissions'!H6:H55,"❌ Non-Compliant") | F5: =COUNTIF('File System Permissions'!H6:H55,"N/A") | G5: =IF((B5-F5)=0,0,C5/(B5-F5))
A6: Database Access Controls | B6: =COUNTA('Database Access Controls'!B6:B55) | C6: =COUNTIF('Database Access Controls'!H6:H55,"✅ Compliant") | D6: =COUNTIF('Database Access Controls'!H6:H55,"⚠ Partial Compliance") | E6: =COUNTIF('Database Access Controls'!H6:H55,"❌ Non-Compliant") | F6: =COUNTIF('Database Access Controls'!H6:H55,"N/A") | G6: =IF((B6-F6)=0,0,C6/(B6-F6))
A7: Application RBAC | B7: =COUNTA('Application RBAC'!B6:B55) | C7: =COUNTIF('Application RBAC'!H6:H55,"✅ Compliant") | D7: =COUNTIF('Application RBAC'!H6:H55,"⚠ Partial Compliance") | E7: =COUNTIF('Application RBAC'!H6:H55,"❌ Non-Compliant") | F7: =COUNTIF('Application RBAC'!H6:H55,"N/A") | G7: =IF((B7-F7)=0,0,C7/(B7-F7))
A8: API Access Controls | B8: =COUNTA('API Access Controls'!B6:B55) | C8: =COUNTIF('API Access Controls'!H6:H55,"✅ Compliant") | D8: =COUNTIF('API Access Controls'!H6:H55,"⚠ Partial Compliance") | E8: =COUNTIF('API Access Controls'!H6:H55,"❌ Non-Compliant") | F8: =COUNTIF('API Access Controls'!H6:H55,"N/A") | G8: =IF((B8-F8)=0,0,C8/(B8-F8))
A9: Cloud IAM Policies | B9: =COUNTA('Cloud IAM Policies'!B6:B55) | C9: =COUNTIF('Cloud IAM Policies'!H6:H55,"✅ Compliant") | D9: =COUNTIF('Cloud IAM Policies'!H6:H55,"⚠ Partial Compliance") | E9: =COUNTIF('Cloud IAM Policies'!H6:H55,"❌ Non-Compliant") | F9: =COUNTIF('Cloud IAM Policies'!H6:H55,"N/A") | G9: =IF((B9-F9)=0,0,C9/(B9-F9))
A10: Encryption-Based Access | B10: =COUNTA('Encryption Status'!B6:B55) | C10: =COUNTIF('Encryption Status'!G6:G55,"✅ Compliant") | D10: =COUNTIF('Encryption Status'!G6:G55,"⚠ Partial Compliance") | E10: =COUNTIF('Encryption Status'!G6:G55,"❌ Non-Compliant") | F10: =COUNTIF('Encryption Status'!G6:G55,"N/A") | G10: =IF((B10-F10)=0,0,C10/(B10-F10))
A11: Network Segmentation | B11: =COUNTA('Network Segmentation'!B6:B55) | C11: =COUNTIF('Network Segmentation'!G6:G55,"✅ Compliant") | D11: =COUNTIF('Network Segmentation'!G6:G55,"⚠ Partial Compliance") | E11: =COUNTIF('Network Segmentation'!G6:G55,"❌ Non-Compliant") | F11: =COUNTIF('Network Segmentation'!G6:G55,"N/A") | G11: =IF((B11-F11)=0,0,C11/(B11-F11))
A15: TABLE 2 — KEY PERFORMANCE INDICATORS
A16: KPI | B16: Current Value | C16: Target | D16: Status | E16: Last Updated | F16: Owner | G16: Notes
A17: File System Permissions Compliance | B17: =IF(COUNTA('File System Permissions'!B6:B55)=0,0,COUNTIF('File System Permissions'!H6:H55,"✅ Compliant")/COUNTA('File System Permissions'!B6:B55))
A18: Database Access Compliance | B18: =IF(COUNTA('Database Access Controls'!B6:B55)=0,0,COUNTIF('Database Access Controls'!H6:H55,"✅ Compliant")/COUNTA('Database Access Controls'!B6:B55))
A19: Application RBAC Compliance | B19: =IF(COUNTA('Application RBAC'!B6:B55)=0,0,COUNTIF('Application RBAC'!H6:H55,"✅ Compliant")/COUNTA('Application RBAC'!B6:B55))
A20: Cloud IAM Compliance | B20: =IF(COUNTA('Cloud IAM Policies'!B6:B55)=0,0,COUNTIF('Cloud IAM Policies'!H6:H55,"✅ Compliant")/COUNTA('Cloud IAM Policies'!B6:B55))
A21: Encryption-Based Access Coverage | B21: =IF(COUNTA('Encryption Status'!B6:B55)=0,0,COUNTIF('Encryption Status'!G6:G55,"✅ Compliant")/COUNTA('Encryption Status'!B6:B55))
A22: Network Segmentation Compliance | B22: =IF(COUNTA('Network Segmentation'!B6:B55)=0,0,COUNTIF('Network Segmentation'!G6:G55,"✅ Compliant")/COUNTA('Network Segmentation'!B6:B55))
A23: Critical/High Pen Test Findings | B23: =COUNTIF('Penetration Test Results'!D6:D55,"Critical")+COUNTIF('Penetration Test Results'!D6:D55,"High")
A24: Critical/High Risk Gaps | B24: =COUNTIF('Gap Analysis'!D6:D55,"Critical")+COUNTIF('Gap Analysis'!D6:D55,"High")
A28: TABLE 3 — CRITICAL FINDINGS
A29: Finding ID | B29: Control Area | C29: Gap Description | D29: Risk Level | E29: Status | F29: Owner | G29: Due Date
A30: =IFERROR(INDEX('Gap Analysis'!A$6:A$55,SMALL(IF(('Gap Analysis'!D$6:D$55="Critical")+('Gap Analysis'!D$6:D$55="High"),ROW('Gap Analysis'!A$6:A$55)-ROW('Gap Analysis'!A$6)+1),ROWS($A$1:A1)),"") | B30: =IFERROR(INDEX('Gap Analysis'!B$6:B$55,SMALL(IF(('Gap Analysis'!D$6:D$55="Critical")+('Gap Analysis'!D$6:D$55="High"),ROW('Gap Analysis'!A$6:A$55)-ROW('Gap Analysis'!A$6)+1),ROWS($A$1:A1)),"") | C30: =IFERROR(INDEX('Gap Analysis'!C$6:C$55,SMALL(IF(('Gap Analysis'!D$6:D$55="Critical")+('Gap Analysis'!D$6:D$55="High"),ROW('Gap Analysis'!A$6:A$55)-ROW('Gap Analysis'!A$6)+1),ROWS($A$1:A1)),"") | D30: =IFERROR(INDEX('Gap Analysis'!D$6:D$55,SMALL(IF(('Gap Analysis'!D$6:D$55="Critical")+('Gap Analysis'!D$6:D$55="High"),ROW('Gap Analysis'!A$6:A$55)-ROW('Gap Analysis'!A$6)+1),ROWS($A$1:A1)),"") | E30: =IFERROR(INDEX('Gap Analysis'!I$6:I$55,SMALL(IF(('Gap Analysis'!D$6:D$55="Critical")+('Gap Analysis'!D$6:D$55="High"),ROW('Gap Analysis'!A$6:A$55)-ROW('Gap Analysis'!A$6)+1),ROWS($A$1:A1)),"") | F30: =IFERROR(INDEX('Gap Analysis'!G$6:G$55,SMALL(IF(('Gap Analysis'!D$6:D$55="Critical")+('Gap Analysis'!D$6:D$55="High"),ROW('Gap Analysis'!A$6:A$55)-ROW('Gap Analysis'!A$6)+1),ROWS($A$1:A1)),"") | G30: =IFERROR(INDEX('Gap Analysis'!H$6:H$55,SMALL(IF(('Gap Analysis'!D$6:D$55="Critical")+('Gap Analysis'!D$6:D$55="High"),ROW('Gap Analysis'!A$6:A$55)-ROW('Gap Analysis'!A$6)+1),ROWS($A$1:A1)),"")
A31: =IFERROR(INDEX('Gap Analysis'!A$6:A$55,SMALL(IF(('Gap Analysis'!D$6:D$55="Critical")+('Gap Analysis'!D$6:D$55="High"),ROW('Gap Analysis'!A$6:A$55)-ROW('Gap Analysis'!A$6)+1),ROWS($A$1:A2)),"") | B31: =IFERROR(INDEX('Gap Analysis'!B$6:B$55,SMALL(IF(('Gap Analysis'!D$6:D$55="Critical")+('Gap Analysis'!D$6:D$55="High"),ROW('Gap Analysis'!A$6:A$55)-ROW('Gap Analysis'!A$6)+1),ROWS($A$1:A2)),"") | C31: =IFERROR(INDEX('Gap Analysis'!C$6:C$55,SMALL(IF(('Gap Analysis'!D$6:D$55="Critical")+('Gap Analysis'!D$6:D$55="High"),ROW('Gap Analysis'!A$6:A$55)-ROW('Gap Analysis'!A$6)+1),ROWS($A$1:A2)),"") | D31: =IFERROR(INDEX('Gap Analysis'!D$6:D$55,SMALL(IF(('Gap Analysis'!D$6:D$55="Critical")+('Gap Analysis'!D$6:D$55="High"),ROW('Gap Analysis'!A$6:A$55)-ROW('Gap Analysis'!A$6)+1),ROWS($A$1:A2)),"") | E31: =IFERROR(INDEX('Gap Analysis'!I$6:I$55,SMALL(IF(('Gap Analysis'!D$6:D$55="Critical")+('Gap Analysis'!D$6:D$55="High"),ROW('Gap Analysis'!A$6:A$55)-ROW('Gap Analysis'!A$6)+1),ROWS($A$1:A2)),"") | F31: =IFERROR(INDEX('Gap Analysis'!G$6:G$55,SMALL(IF(('Gap Analysis'!D$6:D$55="Critical")+('Gap Analysis'!D$6:D$55="High"),ROW('Gap Analysis'!A$6:A$55)-ROW('Gap Analysis'!A$6)+1),ROWS($A$1:A2)),"") | G31: =IFERROR(INDEX('Gap Analysis'!H$6:H$55,SMALL(IF(('Gap Analysis'!D$6:D$55="Critical")+('Gap Analysis'!D$6:D$55="High"),ROW('Gap Analysis'!A$6:A$55)-ROW('Gap Analysis'!A$6)+1),ROWS($A$1:A2)),"")
A32: =IFERROR(INDEX('Gap Analysis'!A$6:A$55,SMALL(IF(('Gap Analysis'!D$6:D$55="Critical")+('Gap Analysis'!D$6:D$55="High"),ROW('Gap Analysis'!A$6:A$55)-ROW('Gap Analysis'!A$6)+1),ROWS($A$1:A3)),"") | B32: =IFERROR(INDEX('Gap Analysis'!B$6:B$55,SMALL(IF(('Gap Analysis'!D$6:D$55="Critical")+('Gap Analysis'!D$6:D$55="High"),ROW('Gap Analysis'!A$6:A$55)-ROW('Gap Analysis'!A$6)+1),ROWS($A$1:A3)),"") | C32: =IFERROR(INDEX('Gap Analysis'!C$6:C$55,SMALL(IF(('Gap Analysis'!D$6:D$55="Critical")+('Gap Analysis'!D$6:D$55="High"),ROW('Gap Analysis'!A$6:A$55)-ROW('Gap Analysis'!A$6)+1),ROWS($A$1:A3)),"") | D32: =IFERROR(INDEX('Gap Analysis'!D$6:D$55,SMALL(IF(('Gap Analysis'!D$6:D$55="Critical")+('Gap Analysis'!D$6:D$55="High"),ROW('Gap Analysis'!A$6:A$55)-ROW('Gap Analysis'!A$6)+1),ROWS($A$1:A3)),"") | E32: =IFERROR(INDEX('Gap Analysis'!I$6:I$55,SMALL(IF(('Gap Analysis'!D$6:D$55="Critical")+('Gap Analysis'!D$6:D$55="High"),ROW('Gap Analysis'!A$6:A$55)-ROW('Gap Analysis'!A$6)+1),ROWS($A$1:A3)),"") | F32: =IFERROR(INDEX('Gap Analysis'!G$6:G$55,SMALL(IF(('Gap Analysis'!D$6:D$55="Critical")+('Gap Analysis'!D$6:D$55="High"),ROW('Gap Analysis'!A$6:A$55)-ROW('Gap Analysis'!A$6)+1),ROWS($A$1:A3)),"") | G32: =IFERROR(INDEX('Gap Analysis'!H$6:H$55,SMALL(IF(('Gap Analysis'!D$6:D$55="Critical")+('Gap Analysis'!D$6:D$55="High"),ROW('Gap Analysis'!A$6:A$55)-ROW('Gap Analysis'!A$6)+1),ROWS($A$1:A3)),"")
A33: =IFERROR(INDEX('Gap Analysis'!A$6:A$55,SMALL(IF(('Gap Analysis'!D$6:D$55="Critical")+('Gap Analysis'!D$6:D$55="High"),ROW('Gap Analysis'!A$6:A$55)-ROW('Gap Analysis'!A$6)+1),ROWS($A$1:A4)),"") | B33: =IFERROR(INDEX('Gap Analysis'!B$6:B$55,SMALL(IF(('Gap Analysis'!D$6:D$55="Critical")+('Gap Analysis'!D$6:D$55="High"),ROW('Gap Analysis'!A$6:A$55)-ROW('Gap Analysis'!A$6)+1),ROWS($A$1:A4)),"") | C33: =IFERROR(INDEX('Gap Analysis'!C$6:C$55,SMALL(IF(('Gap Analysis'!D$6:D$55="Critical")+('Gap Analysis'!D$6:D$55="High"),ROW('Gap Analysis'!A$6:A$55)-ROW('Gap Analysis'!A$6)+1),ROWS($A$1:A4)),"") | D33: =IFERROR(INDEX('Gap Analysis'!D$6:D$55,SMALL(IF(('Gap Analysis'!D$6:D$55="Critical")+('Gap Analysis'!D$6:D$55="High"),ROW('Gap Analysis'!A$6:A$55)-ROW('Gap Analysis'!A$6)+1),ROWS($A$1:A4)),"") | E33: =IFERROR(INDEX('Gap Analysis'!I$6:I$55,SMALL(IF(('Gap Analysis'!D$6:D$55="Critical")+('Gap Analysis'!D$6:D$55="High"),ROW('Gap Analysis'!A$6:A$55)-ROW('Gap Analysis'!A$6)+1),ROWS($A$1:A4)),"") | F33: =IFERROR(INDEX('Gap Analysis'!G$6:G$55,SMALL(IF(('Gap Analysis'!D$6:D$55="Critical")+('Gap Analysis'!D$6:D$55="High"),ROW('Gap Analysis'!A$6:A$55)-ROW('Gap Analysis'!A$6)+1),ROWS($A$1:A4)),"") | G33: =IFERROR(INDEX('Gap Analysis'!H$6:H$55,SMALL(IF(('Gap Analysis'!D$6:D$55="Critical")+('Gap Analysis'!D$6:D$55="High"),ROW('Gap Analysis'!A$6:A$55)-ROW('Gap Analysis'!A$6)+1),ROWS($A$1:A4)),"")
A34: =IFERROR(INDEX('Gap Analysis'!A$6:A$55,SMALL(IF(('Gap Analysis'!D$6:D$55="Critical")+('Gap Analysis'!D$6:D$55="High"),ROW('Gap Analysis'!A$6:A$55)-ROW('Gap Analysis'!A$6)+1),ROWS($A$1:A5)),"") | B34: =IFERROR(INDEX('Gap Analysis'!B$6:B$55,SMALL(IF(('Gap Analysis'!D$6:D$55="Critical")+('Gap Analysis'!D$6:D$55="High"),ROW('Gap Analysis'!A$6:A$55)-ROW('Gap Analysis'!A$6)+1),ROWS($A$1:A5)),"") | C34: =IFERROR(INDEX('Gap Analysis'!C$6:C$55,SMALL(IF(('Gap Analysis'!D$6:D$55="Critical")+('Gap Analysis'!D$6:D$55="High"),ROW('Gap Analysis'!A$6:A$55)-ROW('Gap Analysis'!A$6)+1),ROWS($A$1:A5)),"") | D34: =IFERROR(INDEX('Gap Analysis'!D$6:D$55,SMALL(IF(('Gap Analysis'!D$6:D$55="Critical")+('Gap Analysis'!D$6:D$55="High"),ROW('Gap Analysis'!A$6:A$55)-ROW('Gap Analysis'!A$6)+1),ROWS($A$1:A5)),"") | E34: =IFERROR(INDEX('Gap Analysis'!I$6:I$55,SMALL(IF(('Gap Analysis'!D$6:D$55="Critical")+('Gap Analysis'!D$6:D$55="High"),ROW('Gap Analysis'!A$6:A$55)-ROW('Gap Analysis'!A$6)+1),ROWS($A$1:A5)),"") | F34: =IFERROR(INDEX('Gap Analysis'!G$6:G$55,SMALL(IF(('Gap Analysis'!D$6:D$55="Critical")+('Gap Analysis'!D$6:D$55="High"),ROW('Gap Analysis'!A$6:A$55)-ROW('Gap Analysis'!A$6)+1),ROWS($A$1:A5)),"") | G34: =IFERROR(INDEX('Gap Analysis'!H$6:H$55,SMALL(IF(('Gap Analysis'!D$6:D$55="Critical")+('Gap Analysis'!D$6:D$55="High"),ROW('Gap Analysis'!A$6:A$55)-ROW('Gap Analysis'!A$6)+1),ROWS($A$1:A5)),"")
A35: =IFERROR(INDEX('Gap Analysis'!A$6:A$55,SMALL(IF(('Gap Analysis'!D$6:D$55="Critical")+('Gap Analysis'!D$6:D$55="High"),ROW('Gap Analysis'!A$6:A$55)-ROW('Gap Analysis'!A$6)+1),ROWS($A$1:A6)),"") | B35: =IFERROR(INDEX('Gap Analysis'!B$6:B$55,SMALL(IF(('Gap Analysis'!D$6:D$55="Critical")+('Gap Analysis'!D$6:D$55="High"),ROW('Gap Analysis'!A$6:A$55)-ROW('Gap Analysis'!A$6)+1),ROWS($A$1:A6)),"") | C35: =IFERROR(INDEX('Gap Analysis'!C$6:C$55,SMALL(IF(('Gap Analysis'!D$6:D$55="Critical")+('Gap Analysis'!D$6:D$55="High"),ROW('Gap Analysis'!A$6:A$55)-ROW('Gap Analysis'!A$6)+1),ROWS($A$1:A6)),"") | D35: =IFERROR(INDEX('Gap Analysis'!D$6:D$55,SMALL(IF(('Gap Analysis'!D$6:D$55="Critical")+('Gap Analysis'!D$6:D$55="High"),ROW('Gap Analysis'!A$6:A$55)-ROW('Gap Analysis'!A$6)+1),ROWS($A$1:A6)),"") | E35: =IFERROR(INDEX('Gap Analysis'!I$6:I$55,SMALL(IF(('Gap Analysis'!D$6:D$55="Critical")+('Gap Analysis'!D$6:D$55="High"),ROW('Gap Analysis'!A$6:A$55)-ROW('Gap Analysis'!A$6)+1),ROWS($A$1:A6)),"") | F35: =IFERROR(INDEX('Gap Analysis'!G$6:G$55,SMALL(IF(('Gap Analysis'!D$6:D$55="Critical")+('Gap Analysis'!D$6:D$55="High"),ROW('Gap Analysis'!A$6:A$55)-ROW('Gap Analysis'!A$6)+1),ROWS($A$1:A6)),"") | G35: =IFERROR(INDEX('Gap Analysis'!H$6:H$55,SMALL(IF(('Gap Analysis'!D$6:D$55="Critical")+('Gap Analysis'!D$6:D$55="High"),ROW('Gap Analysis'!A$6:A$55)-ROW('Gap Analysis'!A$6)+1),ROWS($A$1:A6)),"")
A36: =IFERROR(INDEX('Gap Analysis'!A$6:A$55,SMALL(IF(('Gap Analysis'!D$6:D$55="Critical")+('Gap Analysis'!D$6:D$55="High"),ROW('Gap Analysis'!A$6:A$55)-ROW('Gap Analysis'!A$6)+1),ROWS($A$1:A7)),"") | B36: =IFERROR(INDEX('Gap Analysis'!B$6:B$55,SMALL(IF(('Gap Analysis'!D$6:D$55="Critical")+('Gap Analysis'!D$6:D$55="High"),ROW('Gap Analysis'!A$6:A$55)-ROW('Gap Analysis'!A$6)+1),ROWS($A$1:A7)),"") | C36: =IFERROR(INDEX('Gap Analysis'!C$6:C$55,SMALL(IF(('Gap Analysis'!D$6:D$55="Critical")+('Gap Analysis'!D$6:D$55="High"),ROW('Gap Analysis'!A$6:A$55)-ROW('Gap Analysis'!A$6)+1),ROWS($A$1:A7)),"") | D36: =IFERROR(INDEX('Gap Analysis'!D$6:D$55,SMALL(IF(('Gap Analysis'!D$6:D$55="Critical")+('Gap Analysis'!D$6:D$55="High"),ROW('Gap Analysis'!A$6:A$55)-ROW('Gap Analysis'!A$6)+1),ROWS($A$1:A7)),"") | E36: =IFERROR(INDEX('Gap Analysis'!I$6:I$55,SMALL(IF(('Gap Analysis'!D$6:D$55="Critical")+('Gap Analysis'!D$6:D$55="High"),ROW('Gap Analysis'!A$6:A$55)-ROW('Gap Analysis'!A$6)+1),ROWS($A$1:A7)),"") | F36: =IFERROR(INDEX('Gap Analysis'!G$6:G$55,SMALL(IF(('Gap Analysis'!D$6:D$55="Critical")+('Gap Analysis'!D$6:D$55="High"),ROW('Gap Analysis'!A$6:A$55)-ROW('Gap Analysis'!A$6)+1),ROWS($A$1:A7)),"") | G36: =IFERROR(INDEX('Gap Analysis'!H$6:H$55,SMALL(IF(('Gap Analysis'!D$6:D$55="Critical")+('Gap Analysis'!D$6:D$55="High"),ROW('Gap Analysis'!A$6:A$55)-ROW('Gap Analysis'!A$6)+1),ROWS($A$1:A7)),"")
A37: =IFERROR(INDEX('Gap Analysis'!A$6:A$55,SMALL(IF(('Gap Analysis'!D$6:D$55="Critical")+('Gap Analysis'!D$6:D$55="High"),ROW('Gap Analysis'!A$6:A$55)-ROW('Gap Analysis'!A$6)+1),ROWS($A$1:A8)),"") | B37: =IFERROR(INDEX('Gap Analysis'!B$6:B$55,SMALL(IF(('Gap Analysis'!D$6:D$55="Critical")+('Gap Analysis'!D$6:D$55="High"),ROW('Gap Analysis'!A$6:A$55)-ROW('Gap Analysis'!A$6)+1),ROWS($A$1:A8)),"") | C37: =IFERROR(INDEX('Gap Analysis'!C$6:C$55,SMALL(IF(('Gap Analysis'!D$6:D$55="Critical")+('Gap Analysis'!D$6:D$55="High"),ROW('Gap Analysis'!A$6:A$55)-ROW('Gap Analysis'!A$6)+1),ROWS($A$1:A8)),"") | D37: =IFERROR(INDEX('Gap Analysis'!D$6:D$55,SMALL(IF(('Gap Analysis'!D$6:D$55="Critical")+('Gap Analysis'!D$6:D$55="High"),ROW('Gap Analysis'!A$6:A$55)-ROW('Gap Analysis'!A$6)+1),ROWS($A$1:A8)),"") | E37: =IFERROR(INDEX('Gap Analysis'!I$6:I$55,SMALL(IF(('Gap Analysis'!D$6:D$55="Critical")+('Gap Analysis'!D$6:D$55="High"),ROW('Gap Analysis'!A$6:A$55)-ROW('Gap Analysis'!A$6)+1),ROWS($A$1:A8)),"") | F37: =IFERROR(INDEX('Gap Analysis'!G$6:G$55,SMALL(IF(('Gap Analysis'!D$6:D$55="Critical")+('Gap Analysis'!D$6:D$55="High"),ROW('Gap Analysis'!A$6:A$55)-ROW('Gap Analysis'!A$6)+1),ROWS($A$1:A8)),"") | G37: =IFERROR(INDEX('Gap Analysis'!H$6:H$55,SMALL(IF(('Gap Analysis'!D$6:D$55="Critical")+('Gap Analysis'!D$6:D$55="High"),ROW('Gap Analysis'!A$6:A$55)-ROW('Gap Analysis'!A$6)+1),ROWS($A$1:A8)),"")
A38: =IFERROR(INDEX('Gap Analysis'!A$6:A$55,SMALL(IF(('Gap Analysis'!D$6:D$55="Critical")+('Gap Analysis'!D$6:D$55="High"),ROW('Gap Analysis'!A$6:A$55)-ROW('Gap Analysis'!A$6)+1),ROWS($A$1:A9)),"") | B38: =IFERROR(INDEX('Gap Analysis'!B$6:B$55,SMALL(IF(('Gap Analysis'!D$6:D$55="Critical")+('Gap Analysis'!D$6:D$55="High"),ROW('Gap Analysis'!A$6:A$55)-ROW('Gap Analysis'!A$6)+1),ROWS($A$1:A9)),"") | C38: =IFERROR(INDEX('Gap Analysis'!C$6:C$55,SMALL(IF(('Gap Analysis'!D$6:D$55="Critical")+('Gap Analysis'!D$6:D$55="High"),ROW('Gap Analysis'!A$6:A$55)-ROW('Gap Analysis'!A$6)+1),ROWS($A$1:A9)),"") | D38: =IFERROR(INDEX('Gap Analysis'!D$6:D$55,SMALL(IF(('Gap Analysis'!D$6:D$55="Critical")+('Gap Analysis'!D$6:D$55="High"),ROW('Gap Analysis'!A$6:A$55)-ROW('Gap Analysis'!A$6)+1),ROWS($A$1:A9)),"") | E38: =IFERROR(INDEX('Gap Analysis'!I$6:I$55,SMALL(IF(('Gap Analysis'!D$6:D$55="Critical")+('Gap Analysis'!D$6:D$55="High"),ROW('Gap Analysis'!A$6:A$55)-ROW('Gap Analysis'!A$6)+1),ROWS($A$1:A9)),"") | F38: =IFERROR(INDEX('Gap Analysis'!G$6:G$55,SMALL(IF(('Gap Analysis'!D$6:D$55="Critical")+('Gap Analysis'!D$6:D$55="High"),ROW('Gap Analysis'!A$6:A$55)-ROW('Gap Analysis'!A$6)+1),ROWS($A$1:A9)),"") | G38: =IFERROR(INDEX('Gap Analysis'!H$6:H$55,SMALL(IF(('Gap Analysis'!D$6:D$55="Critical")+('Gap Analysis'!D$6:D$55="High"),ROW('Gap Analysis'!A$6:A$55)-ROW('Gap Analysis'!A$6)+1),ROWS($A$1:A9)),"")
A39: =IFERROR(INDEX('Gap Analysis'!A$6:A$55,SMALL(IF(('Gap Analysis'!D$6:D$55="Critical")+('Gap Analysis'!D$6:D$55="High"),ROW('Gap Analysis'!A$6:A$55)-ROW('Gap Analysis'!A$6)+1),ROWS($A$1:A10)),"") | B39: =IFERROR(INDEX('Gap Analysis'!B$6:B$55,SMALL(IF(('Gap Analysis'!D$6:D$55="Critical")+('Gap Analysis'!D$6:D$55="High"),ROW('Gap Analysis'!A$6:A$55)-ROW('Gap Analysis'!A$6)+1),ROWS($A$1:A10)),"") | C39: =IFERROR(INDEX('Gap Analysis'!C$6:C$55,SMALL(IF(('Gap Analysis'!D$6:D$55="Critical")+('Gap Analysis'!D$6:D$55="High"),ROW('Gap Analysis'!A$6:A$55)-ROW('Gap Analysis'!A$6)+1),ROWS($A$1:A10)),"") | D39: =IFERROR(INDEX('Gap Analysis'!D$6:D$55,SMALL(IF(('Gap Analysis'!D$6:D$55="Critical")+('Gap Analysis'!D$6:D$55="High"),ROW('Gap Analysis'!A$6:A$55)-ROW('Gap Analysis'!A$6)+1),ROWS($A$1:A10)),"") | E39: =IFERROR(INDEX('Gap Analysis'!I$6:I$55,SMALL(IF(('Gap Analysis'!D$6:D$55="Critical")+('Gap Analysis'!D$6:D$55="High"),ROW('Gap Analysis'!A$6:A$55)-ROW('Gap Analysis'!A$6)+1),ROWS($A$1:A10)),"") | F39: =IFERROR(INDEX('Gap Analysis'!G$6:G$55,SMALL(IF(('Gap Analysis'!D$6:D$55="Critical")+('Gap Analysis'!D$6:D$55="High"),ROW('Gap Analysis'!A$6:A$55)-ROW('Gap Analysis'!A$6)+1),ROWS($A$1:A10)),"") | G39: =IFERROR(INDEX('Gap Analysis'!H$6:H$55,SMALL(IF(('Gap Analysis'!D$6:D$55="Critical")+('Gap Analysis'!D$6:D$55="High"),ROW('Gap Analysis'!A$6:A$55)-ROW('Gap Analysis'!A$6)+1),ROWS($A$1:A10)),"")
A42: Total Critical/High Gaps: | B42: =COUNTIF('Gap Analysis'!D6:D55,"Critical")+COUNTIF('Gap Analysis'!D6:D55,"High")

Sheet Approval Sign-Off
A1: ASSESSMENT APPROVAL AND SIGN-OFF
A2: ISMS-IMP-A.8.2-3-5.S5 | ISO/IEC 27001:2022 - Control A.8.2-3-5: Access and Authentication Management
A3: ASSESSMENT SUMMARY
A4: Document: | B4: ISMS-IMP-A.8.2-3-5.S5 - Access Restrictions Assessment
A5: Assessment Period:
A6: Overall Compliance Rate: | B6: =IFERROR(AVERAGE('Summary Dashboard'!G5:G11),"")
A7: Assessment Status:
A8: Assessed By:
A11: COMPLETED BY (ASSESSOR)
A12: Name:
A13: Title:
A14: Date:
A15: Signature:
A16: Comments:
A18: REVIEWED BY (INFORMATION SECURITY OFFICER)
A19: Name:
A20: Title:
A21: Date:
... A38: Special Considerations:
