Workbook

Sheet Instructions & Legend
A1: ISMS-IMP-A.8.2-3-5.S4 - PRIVILEGED ACCESS MONITORING ASSESSMENT ISO/IEC 27001:2022 - Control A.8.2-3-5: Access and Authentication Management
A3: Document Information
A4: Document ID: | B4: ISMS-IMP-A.8.2-3-5.S4
A5: Assessment: | B5: Privileged Access Monitoring Assessment
A6: Version: | B6: 1.0
A7: Generated: | B7: 01.03.2026 12:12
A9: MONITORING = DETECTION CAPABILITY
A10: Without monitoring, privileged access abuse is invisible. Session recording provides evidence of what privileged users did. Real-time anomaly detection enables rapid incident response. Monitoring is not optional for privileged access.
A12: Instructions
A13: Complete the Session Recording Coverage sheet (Sheet 2) for all privileged accounts. Document anomaly detection rules (Sheet 4), review privileged access activity (Sheet 5), and track alert response times against SLAs (Sheet 6).
A15: MONITORING COVERAGE REQUIREMENTS
A16: Monitoring Component | B16: Requirement
A17: Session Recording | B17: Tier 0: 100% | Tier 1 Production: 90%+ | Tier 2: Optional | C17: Critical
A18: Command Logging | B18: All privileged commands (sudo, PowerShell, database DDL, cloud APIs) | C18: Critical
A19: Real-Time Alerts | B19: Off-hours access, failed logins, tier violations, unusual activity | C19: Critical
A20: Response Time | B20: Critical alerts: <30 min | High alerts: <2 hours | C20: High
A21: Log Retention | B21: 90 days online, 1 year archived minimum | C21: Medium
A22: SIEM Integration | B22: Forward privileged access logs to SIEM (A.8.16) | C22: High
A24: Status Legend
A25: Status | B25: Description
A26: ✅ Enabled - Active Recording | B26: Session recording active and verified
A27: ⚠ Enabled - Storage Issues | B27: Recording active but storage problems detected
A28: ❌ Not Enabled (Gap) | B28: Recording not implemented — action required
A29: N/A (Not Applicable) | B29: Not applicable to this system/tier
A30: — | B30: Not applicable
A32: REMEMBER: 'We monitor privileged access' means nothing without actual session recordings and real-time alerts. Evidence over theatre.

Sheet Session Recording Coverage
A1: SESSION RECORDING COVERAGE
A2: Track session recording deployment (Target: Tier 0 100%, Tier 1 Production 90%+)
A4: Account / System | B4: Admin Tier | C4: Environment | D4: Recording Status | E4: Recording Method | F4: Storage Location | G4: Retention Period | H4: Last Recording Date | I4: Playback Tested | J4: Compliance Target | K4: Compliance Status | L4: Notes
A5: admin.username | B5: Tier 0 (Domain/Enterprise/Critical) | C5: Production | D5: ✅ Enabled - Active Recording | E5: Video Recording | F5: PAM Vault Storage | G5: 365 days | H5: 01.03.2026 | I5: Yes | J5: Tier 0: 100% | K5: ✅ Compliant

Sheet Privileged Command Logging
A1: PRIVILEGED COMMAND LOGGING
A2: Verify command logging is enabled for all privileged activities
A4: System / Platform | B4: Admin Tier | C4: Logging Type | D4: Status | E4: Log Destination | F4: Retention | G4: SIEM Integrated | H4: Compliance
A5: Domain Controllers | B5: Tier 0 (Domain/Enterprise/Critical) | C5: PowerShell Script Block Logging | D5: ✅ Enabled - Active Recording | E5: SIEM / Splunk | F5: 365 days | G5: Yes | H5: ✅ Compliant

Sheet Anomaly Detection Rules
A1: ANOMALY DETECTION RULES
A2: Alert configuration and escalation framework for privileged access anomalies
A4: Alert Rule Name | B4: Anomaly Type | C4: Severity | D4: Detection Logic | E4: Alert Destination | F4: Response SLA | G4: Status
A5: Off-Hours Tier 0 Access | B5: Off-Hours Access (Outside Business Hours) | C5: Critical | D5: Tier 0 logon between 18:00-08:00 or weekend | E5: SOC / SIEM Alert | F5: <30 minutes | G5: ✅ Active

Sheet Privileged Access Activity
A1: PRIVILEGED ACCESS ACTIVITY
A2: Historical log of privileged access activity for review
A4: Date/Time | B4: Account | C4: User | D4: System | E4: Action | F4: Duration | G4: Location | H4: Anomaly Detected | I4: Review Status
A5: 01.03.2026 09:00 | B5: admin.username | C5: [User Name] | D5: DC01 | E5: Group Policy Update | F5: 15 min | G5: Office / On-site | H5: No | I5: Reviewed

Sheet Alert Response Tracking
A1: ALERT RESPONSE TRACKING
A2: Track security alert response times (Critical SLA: <30 minutes)
A4: Alert ID | B4: Alert Time | C4: Alert Type | D4: Severity | E4: Account | F4: Assigned To | G4: Response Time (min) | H4: Resolution | I4: Status
A5: ALT-001 | B5: 01.03.2026 22:15 | C5: Off-Hours Tier 0 Access | D5: Critical | E5: admin.username | F5: [Analyst Name] | G5: 18 | H5: Confirmed legitimate maintenance | I5: Closed - Legitimate Activity

Sheet Off Hours Access Log
A1: OFF HOURS ACCESS LOG
A2: Review privileged access outside business hours (weekdays 18:00-08:00, weekends, holidays)
A4: Date/Time | B4: Account | C4: User | D4: System | E4: Tier | F4: Business Justification | G4: Approved By | H4: Review Status
A5: 01.03.2026 22:00 | B5: admin.username | C5: [User Name] | D5: DC01 | E5: Tier 0 (Domain/Enterprise/Critical) | F5: Emergency patching | G5: [Manager Name] | H5: ✅ Reviewed

Sheet Failed Login Analysis
A1: FAILED LOGIN ANALYSIS
A2: Track failed authentication attempts (>3 failures in 5 minutes = alert)
A4: Date/Time | B4: Account | C4: Source IP | D4: System | E4: Failure Count | F4: Time Window | G4: Alert Generated | H4: Investigation
A5: 01.03.2026 14:32 | B5: admin.username | C5: 192.168.1.100 | D5: DC01 | E5: 5 | F5: 5 minutes | G5: Yes | H5: Investigated — brute force attempt blocked

Sheet Tier Violation Incidents
A1: TIER VIOLATION INCIDENTS
A2: Track and investigate cross-tier login attempts (target: ZERO violations)
A4: Date | B4: Account | C4: Account Tier | D4: System | E4: System Tier | F4: Violation Type | G4: Action Taken | H4: Root Cause | I4: Status
A5: 01.03.2026 | B5: admin.username | C5: Tier 0 (Domain/Enterprise/Critical) | D5: [Workstation] | E5: Tier 2 (Workstation/Endpoint) | F5: Tier 0 account logged onto Tier 2 system | G5: Session terminated, account reviewed | H5: Misconfigured jump host | I5: Closed - Remediated

Sheet Evidence Register
A1: EVIDENCE REGISTER
A2: ISMS-IMP-A.8.2-3-5.S4 - Privileged Monitoring Assessment — Evidence log for audit readiness
A4: Evidence ID | B4: Control Ref | C4: Evidence Type | D4: Description | E4: Location / Reference | F4: Date Collected | G4: Collected By | H4: Verification Status
A5: EV-001 | B5: A.8.2 | C5: Screenshot | D5: Session recording coverage report from PAM solution | E5: SharePoint/Evidence/A8235/ | F5: 01.03.2026 | G5: [Name] | H5: ✅ Verified

Sheet Summary Dashboard
A1: PRIVILEGED MONITORING — SUMMARY DASHBOARD
A2: Session recording coverage, command logging, anomaly detection, and alert response assessment
A3: TABLE 1 — ASSESSMENT AREA COMPLIANCE
A4: Assessment Area | B4: Total Items | C4: Compliant | D4: Partial | E4: Non-Compliant | F4: N/A | G4: Compliance %
A5: Session Recording | B5: =COUNTA('Session Recording Coverage'!B6:B55) | C5: =COUNTIF('Session Recording Coverage'!K6:K55,"✅ Compliant") | D5: =COUNTIF('Session Recording Coverage'!K6:K55,"⚠ Partial Compliance") | E5: =COUNTIF('Session Recording Coverage'!K6:K55,"❌ Non-Compliant") | F5: =COUNTIF('Session Recording Coverage'!K6:K55,"N/A") | G5: =IF((B5-F5)=0,0,C5/(B5-F5))
A6: Command Logging | B6: =COUNTA('Privileged Command Logging'!B6:B55) | C6: =COUNTIF('Privileged Command Logging'!D6:D55,"✅ Enabled - Active Recording")+COUNTIF('Privileged Command Logging'!D6:D55,"✅ Enabled - Verified") | D6: =COUNTIF('Privileged Command Logging'!D6:D55,"⚠ Enabled - Storage Issues")+COUNTIF('Privileged Command Logging'!D6:D55,"Implementation In Progress") | E6: =COUNTIF('Privileged Command Logging'!D6:D55,"❌ Not Enabled (Gap)") | F6: =COUNTIF('Privileged Command Logging'!D6:D55,"N/A (Not Applicable)") | G6: =IF((B6-F6)=0,0,C6/(B6-F6))
A7: Alert Response Status | B7: =COUNTA('Alert Response Tracking'!B6:B55) | C7: =COUNTIF('Alert Response Tracking'!I6:I55,"Closed - Legitimate Activity")+COUNTIF('Alert Response Tracking'!I6:I55,"Closed - Security Incident")+COUNTIF('Alert Response Tracking'!I6:I55,"Closed - False Positive") | D7: =COUNTIF('Alert Response Tracking'!I6:I55,"Open - Investigating")+COUNTIF('Alert Response Tracking'!I6:I55,"Open - Awaiting Response") | E7: =0 | F7: =0 | G7: =IF((B7-F7)=0,0,C7/(B7-F7))
A11: TABLE 2 — KEY PERFORMANCE INDICATORS
A12: KPI | B12: Current Value | C12: Target | D12: Status | E12: Last Updated | F12: Owner | G12: Notes
A13: Session Recording Compliance | B13: =IF(COUNTA('Session Recording Coverage'!B6:B55)=0,0,COUNTIF('Session Recording Coverage'!K6:K55,"✅ Compliant")/COUNTA('Session Recording Coverage'!B6:B55))
A14: Sessions Not Recorded (Gap) | B14: =COUNTIF('Session Recording Coverage'!D6:D55,"❌ Not Enabled (Gap)")
A15: Command Logging Coverage | B15: =IF(COUNTA('Privileged Command Logging'!B6:B55)=0,0,(COUNTIF('Privileged Command Logging'!D6:D55,"✅ Enabled - Active Recording")+COUNTIF('Privileged Command Logging'!D6:D55,"✅ Enabled - Verified"))/COUNTA('Privileged Command Logging'!B6:B55))
A16: Anomaly Rules Configured | B16: =COUNTA('Anomaly Detection Rules'!B6:B55)
A17: Active Alerts (Open) | B17: =COUNTIF('Alert Response Tracking'!I6:I55,"Open - Investigating")+COUNTIF('Alert Response Tracking'!I6:I55,"Open - Awaiting Response")
A18: Alert Resolution Rate | B18: =IF(COUNTA('Alert Response Tracking'!B6:B55)=0,0,(COUNTIF('Alert Response Tracking'!I6:I55,"Closed - Legitimate Activity")+COUNTIF('Alert Response Tracking'!I6:I55,"Closed - Security Incident")+COUNTIF('Alert Response Tracking'!I6:I55,"Closed - False Positive"))/COUNTA('Alert Response Tracking'!B6:B55))
A19: Off-Hours Access Events | B19: =COUNTA('Off Hours Access Log'!B6:B55)
A20: Tier Violation Incidents | B20: =COUNTA('Tier Violation Incidents'!B6:B55)
A21: Failed Login Events | B21: =COUNTA('Failed Login Analysis'!B6:B55)
A25: TABLE 3 — CRITICAL FINDINGS
A26: System ID | B26: System Name | C26: Admin Tier | D26: Recording Status | E26: Compliance Target | F26: Compliance Status | G26: Notes
A27: =IFERROR(INDEX('Session Recording Coverage'!A$6:A$55,SMALL(IF('Session Recording Coverage'!D$6:D$55="❌ Not Enabled (Gap)",ROW('Session Recording Coverage'!A$6:A$55)-ROW('Session Recording Coverage'!A$6)+1),ROWS($A$1:A1))),"") | B27: =IFERROR(INDEX('Session Recording Coverage'!A$6:A$55,SMALL(IF('Session Recording Coverage'!D$6:D$55="❌ Not Enabled (Gap)",ROW('Session Recording Coverage'!A$6:A$55)-ROW('Session Recording Coverage'!A$6)+1),ROWS($A$1:A1))),"") | C27: =IFERROR(INDEX('Session Recording Coverage'!B$6:B$55,SMALL(IF('Session Recording Coverage'!D$6:D$55="❌ Not Enabled (Gap)",ROW('Session Recording Coverage'!A$6:A$55)-ROW('Session Recording Coverage'!A$6)+1),ROWS($A$1:A1))),"") | D27: =IFERROR(INDEX('Session Recording Coverage'!D$6:D$55,SMALL(IF('Session Recording Coverage'!D$6:D$55="❌ Not Enabled (Gap)",ROW('Session Recording Coverage'!A$6:A$55)-ROW('Session Recording Coverage'!A$6)+1),ROWS($A$1:A1))),"") | E27: =IFERROR(INDEX('Session Recording Coverage'!J$6:J$55,SMALL(IF('Session Recording Coverage'!D$6:D$55="❌ Not Enabled (Gap)",ROW('Session Recording Coverage'!A$6:A$55)-ROW('Session Recording Coverage'!A$6)+1),ROWS($A$1:A1))),"") | F27: =IFERROR(INDEX('Session Recording Coverage'!K$6:K$55,SMALL(IF('Session Recording Coverage'!D$6:D$55="❌ Not Enabled (Gap)",ROW('Session Recording Coverage'!A$6:A$55)-ROW('Session Recording Coverage'!A$6)+1),ROWS($A$1:A1))),"")
A28: =IFERROR(INDEX('Session Recording Coverage'!A$6:A$55,SMALL(IF('Session Recording Coverage'!D$6:D$55="❌ Not Enabled (Gap)",ROW('Session Recording Coverage'!A$6:A$55)-ROW('Session Recording Coverage'!A$6)+1),ROWS($A$1:A2))),"") | B28: =IFERROR(INDEX('Session Recording Coverage'!A$6:A$55,SMALL(IF('Session Recording Coverage'!D$6:D$55="❌ Not Enabled (Gap)",ROW('Session Recording Coverage'!A$6:A$55)-ROW('Session Recording Coverage'!A$6)+1),ROWS($A$1:A2))),"") | C28: =IFERROR(INDEX('Session Recording Coverage'!B$6:B$55,SMALL(IF('Session Recording Coverage'!D$6:D$55="❌ Not Enabled (Gap)",ROW('Session Recording Coverage'!A$6:A$55)-ROW('Session Recording Coverage'!A$6)+1),ROWS($A$1:A2))),"") | D28: =IFERROR(INDEX('Session Recording Coverage'!D$6:D$55,SMALL(IF('Session Recording Coverage'!D$6:D$55="❌ Not Enabled (Gap)",ROW('Session Recording Coverage'!A$6:A$55)-ROW('Session Recording Coverage'!A$6)+1),ROWS($A$1:A2))),"") | E28: =IFERROR(INDEX('Session Recording Coverage'!J$6:J$55,SMALL(IF('Session Recording Coverage'!D$6:D$55="❌ Not Enabled (Gap)",ROW('Session Recording Coverage'!A$6:A$55)-ROW('Session Recording Coverage'!A$6)+1),ROWS($A$1:A2))),"") | F28: =IFERROR(INDEX('Session Recording Coverage'!K$6:K$55,SMALL(IF('Session Recording Coverage'!D$6:D$55="❌ Not Enabled (Gap)",ROW('Session Recording Coverage'!A$6:A$55)-ROW('Session Recording Coverage'!A$6)+1),ROWS($A$1:A2))),"")
A29: =IFERROR(INDEX('Session Recording Coverage'!A$6:A$55,SMALL(IF('Session Recording Coverage'!D$6:D$55="❌ Not Enabled (Gap)",ROW('Session Recording Coverage'!A$6:A$55)-ROW('Session Recording Coverage'!A$6)+1),ROWS($A$1:A3))),"") | B29: =IFERROR(INDEX('Session Recording Coverage'!A$6:A$55,SMALL(IF('Session Recording Coverage'!D$6:D$55="❌ Not Enabled (Gap)",ROW('Session Recording Coverage'!A$6:A$55)-ROW('Session Recording Coverage'!A$6)+1),ROWS($A$1:A3))),"") | C29: =IFERROR(INDEX('Session Recording Coverage'!B$6:B$55,SMALL(IF('Session Recording Coverage'!D$6:D$55="❌ Not Enabled (Gap)",ROW('Session Recording Coverage'!A$6:A$55)-ROW('Session Recording Coverage'!A$6)+1),ROWS($A$1:A3))),"") | D29: =IFERROR(INDEX('Session Recording Coverage'!D$6:D$55,SMALL(IF('Session Recording Coverage'!D$6:D$55="❌ Not Enabled (Gap)",ROW('Session Recording Coverage'!A$6:A$55)-ROW('Session Recording Coverage'!A$6)+1),ROWS($A$1:A3))),"") | E29: =IFERROR(INDEX('Session Recording Coverage'!J$6:J$55,SMALL(IF('Session Recording Coverage'!D$6:D$55="❌ Not Enabled (Gap)",ROW('Session Recording Coverage'!A$6:A$55)-ROW('Session Recording Coverage'!A$6)+1),ROWS($A$1:A3))),"") | F29: =IFERROR(INDEX('Session Recording Coverage'!K$6:K$55,SMALL(IF('Session Recording Coverage'!D$6:D$55="❌ Not Enabled (Gap)",ROW('Session Recording Coverage'!A$6:A$55)-ROW('Session Recording Coverage'!A$6)+1),ROWS($A$1:A3))),"")
A30: =IFERROR(INDEX('Session Recording Coverage'!A$6:A$55,SMALL(IF('Session Recording Coverage'!D$6:D$55="❌ Not Enabled (Gap)",ROW('Session Recording Coverage'!A$6:A$55)-ROW('Session Recording Coverage'!A$6)+1),ROWS($A$1:A4))),"") | B30: =IFERROR(INDEX('Session Recording Coverage'!A$6:A$55,SMALL(IF('Session Recording Coverage'!D$6:D$55="❌ Not Enabled (Gap)",ROW('Session Recording Coverage'!A$6:A$55)-ROW('Session Recording Coverage'!A$6)+1),ROWS($A$1:A4))),"") | C30: =IFERROR(INDEX('Session Recording Coverage'!B$6:B$55,SMALL(IF('Session Recording Coverage'!D$6:D$55="❌ Not Enabled (Gap)",ROW('Session Recording Coverage'!A$6:A$55)-ROW('Session Recording Coverage'!A$6)+1),ROWS($A$1:A4))),"") | D30: =IFERROR(INDEX('Session Recording Coverage'!D$6:D$55,SMALL(IF('Session Recording Coverage'!D$6:D$55="❌ Not Enabled (Gap)",ROW('Session Recording Coverage'!A$6:A$55)-ROW('Session Recording Coverage'!A$6)+1),ROWS($A$1:A4))),"") | E30: =IFERROR(INDEX('Session Recording Coverage'!J$6:J$55,SMALL(IF('Session Recording Coverage'!D$6:D$55="❌ Not Enabled (Gap)",ROW('Session Recording Coverage'!A$6:A$55)-ROW('Session Recording Coverage'!A$6)+1),ROWS($A$1:A4))),"") | F30: =IFERROR(INDEX('Session Recording Coverage'!K$6:K$55,SMALL(IF('Session Recording Coverage'!D$6:D$55="❌ Not Enabled (Gap)",ROW('Session Recording Coverage'!A$6:A$55)-ROW('Session Recording Coverage'!A$6)+1),ROWS($A$1:A4))),"")
A31: =IFERROR(INDEX('Session Recording Coverage'!A$6:A$55,SMALL(IF('Session Recording Coverage'!D$6:D$55="❌ Not Enabled (Gap)",ROW('Session Recording Coverage'!A$6:A$55)-ROW('Session Recording Coverage'!A$6)+1),ROWS($A$1:A5))),"") | B31: =IFERROR(INDEX('Session Recording Coverage'!A$6:A$55,SMALL(IF('Session Recording Coverage'!D$6:D$55="❌ Not Enabled (Gap)",ROW('Session Recording Coverage'!A$6:A$55)-ROW('Session Recording Coverage'!A$6)+1),ROWS($A$1:A5))),"") | C31: =IFERROR(INDEX('Session Recording Coverage'!B$6:B$55,SMALL(IF('Session Recording Coverage'!D$6:D$55="❌ Not Enabled (Gap)",ROW('Session Recording Coverage'!A$6:A$55)-ROW('Session Recording Coverage'!A$6)+1),ROWS($A$1:A5))),"") | D31: =IFERROR(INDEX('Session Recording Coverage'!D$6:D$55,SMALL(IF('Session Recording Coverage'!D$6:D$55="❌ Not Enabled (Gap)",ROW('Session Recording Coverage'!A$6:A$55)-ROW('Session Recording Coverage'!A$6)+1),ROWS($A$1:A5))),"") | E31: =IFERROR(INDEX('Session Recording Coverage'!J$6:J$55,SMALL(IF('Session Recording Coverage'!D$6:D$55="❌ Not Enabled (Gap)",ROW('Session Recording Coverage'!A$6:A$55)-ROW('Session Recording Coverage'!A$6)+1),ROWS($A$1:A5))),"") | F31: =IFERROR(INDEX('Session Recording Coverage'!K$6:K$55,SMALL(IF('Session Recording Coverage'!D$6:D$55="❌ Not Enabled (Gap)",ROW('Session Recording Coverage'!A$6:A$55)-ROW('Session Recording Coverage'!A$6)+1),ROWS($A$1:A5))),"")
A32: =IFERROR(INDEX('Session Recording Coverage'!A$6:A$55,SMALL(IF('Session Recording Coverage'!D$6:D$55="❌ Not Enabled (Gap)",ROW('Session Recording Coverage'!A$6:A$55)-ROW('Session Recording Coverage'!A$6)+1),ROWS($A$1:A6))),"") | B32: =IFERROR(INDEX('Session Recording Coverage'!A$6:A$55,SMALL(IF('Session Recording Coverage'!D$6:D$55="❌ Not Enabled (Gap)",ROW('Session Recording Coverage'!A$6:A$55)-ROW('Session Recording Coverage'!A$6)+1),ROWS($A$1:A6))),"") | C32: =IFERROR(INDEX('Session Recording Coverage'!B$6:B$55,SMALL(IF('Session Recording Coverage'!D$6:D$55="❌ Not Enabled (Gap)",ROW('Session Recording Coverage'!A$6:A$55)-ROW('Session Recording Coverage'!A$6)+1),ROWS($A$1:A6))),"") | D32: =IFERROR(INDEX('Session Recording Coverage'!D$6:D$55,SMALL(IF('Session Recording Coverage'!D$6:D$55="❌ Not Enabled (Gap)",ROW('Session Recording Coverage'!A$6:A$55)-ROW('Session Recording Coverage'!A$6)+1),ROWS($A$1:A6))),"") | E32: =IFERROR(INDEX('Session Recording Coverage'!J$6:J$55,SMALL(IF('Session Recording Coverage'!D$6:D$55="❌ Not Enabled (Gap)",ROW('Session Recording Coverage'!A$6:A$55)-ROW('Session Recording Coverage'!A$6)+1),ROWS($A$1:A6))),"") | F32: =IFERROR(INDEX('Session Recording Coverage'!K$6:K$55,SMALL(IF('Session Recording Coverage'!D$6:D$55="❌ Not Enabled (Gap)",ROW('Session Recording Coverage'!A$6:A$55)-ROW('Session Recording Coverage'!A$6)+1),ROWS($A$1:A6))),"")
A33: =IFERROR(INDEX('Session Recording Coverage'!A$6:A$55,SMALL(IF('Session Recording Coverage'!D$6:D$55="❌ Not Enabled (Gap)",ROW('Session Recording Coverage'!A$6:A$55)-ROW('Session Recording Coverage'!A$6)+1),ROWS($A$1:A7))),"") | B33: =IFERROR(INDEX('Session Recording Coverage'!A$6:A$55,SMALL(IF('Session Recording Coverage'!D$6:D$55="❌ Not Enabled (Gap)",ROW('Session Recording Coverage'!A$6:A$55)-ROW('Session Recording Coverage'!A$6)+1),ROWS($A$1:A7))),"") | C33: =IFERROR(INDEX('Session Recording Coverage'!B$6:B$55,SMALL(IF('Session Recording Coverage'!D$6:D$55="❌ Not Enabled (Gap)",ROW('Session Recording Coverage'!A$6:A$55)-ROW('Session Recording Coverage'!A$6)+1),ROWS($A$1:A7))),"") | D33: =IFERROR(INDEX('Session Recording Coverage'!D$6:D$55,SMALL(IF('Session Recording Coverage'!D$6:D$55="❌ Not Enabled (Gap)",ROW('Session Recording Coverage'!A$6:A$55)-ROW('Session Recording Coverage'!A$6)+1),ROWS($A$1:A7))),"") | E33: =IFERROR(INDEX('Session Recording Coverage'!J$6:J$55,SMALL(IF('Session Recording Coverage'!D$6:D$55="❌ Not Enabled (Gap)",ROW('Session Recording Coverage'!A$6:A$55)-ROW('Session Recording Coverage'!A$6)+1),ROWS($A$1:A7))),"") | F33: =IFERROR(INDEX('Session Recording Coverage'!K$6:K$55,SMALL(IF('Session Recording Coverage'!D$6:D$55="❌ Not Enabled (Gap)",ROW('Session Recording Coverage'!A$6:A$55)-ROW('Session Recording Coverage'!A$6)+1),ROWS($A$1:A7))),"")
A34: =IFERROR(INDEX('Session Recording Coverage'!A$6:A$55,SMALL(IF('Session Recording Coverage'!D$6:D$55="❌ Not Enabled (Gap)",ROW('Session Recording Coverage'!A$6:A$55)-ROW('Session Recording Coverage'!A$6)+1),ROWS($A$1:A8))),"") | B34: =IFERROR(INDEX('Session Recording Coverage'!A$6:A$55,SMALL(IF('Session Recording Coverage'!D$6:D$55="❌ Not Enabled (Gap)",ROW('Session Recording Coverage'!A$6:A$55)-ROW('Session Recording Coverage'!A$6)+1),ROWS($A$1:A8))),"") | C34: =IFERROR(INDEX('Session Recording Coverage'!B$6:B$55,SMALL(IF('Session Recording Coverage'!D$6:D$55="❌ Not Enabled (Gap)",ROW('Session Recording Coverage'!A$6:A$55)-ROW('Session Recording Coverage'!A$6)+1),ROWS($A$1:A8))),"") | D34: =IFERROR(INDEX('Session Recording Coverage'!D$6:D$55,SMALL(IF('Session Recording Coverage'!D$6:D$55="❌ Not Enabled (Gap)",ROW('Session Recording Coverage'!A$6:A$55)-ROW('Session Recording Coverage'!A$6)+1),ROWS($A$1:A8))),"") | E34: =IFERROR(INDEX('Session Recording Coverage'!J$6:J$55,SMALL(IF('Session Recording Coverage'!D$6:D$55="❌ Not Enabled (Gap)",ROW('Session Recording Coverage'!A$6:A$55)-ROW('Session Recording Coverage'!A$6)+1),ROWS($A$1:A8))),"") | F34: =IFERROR(INDEX('Session Recording Coverage'!K$6:K$55,SMALL(IF('Session Recording Coverage'!D$6:D$55="❌ Not Enabled (Gap)",ROW('Session Recording Coverage'!A$6:A$55)-ROW('Session Recording Coverage'!A$6)+1),ROWS($A$1:A8))),"")
A35: =IFERROR(INDEX('Session Recording Coverage'!A$6:A$55,SMALL(IF('Session Recording Coverage'!D$6:D$55="❌ Not Enabled (Gap)",ROW('Session Recording Coverage'!A$6:A$55)-ROW('Session Recording Coverage'!A$6)+1),ROWS($A$1:A9))),"") | B35: =IFERROR(INDEX('Session Recording Coverage'!A$6:A$55,SMALL(IF('Session Recording Coverage'!D$6:D$55="❌ Not Enabled (Gap)",ROW('Session Recording Coverage'!A$6:A$55)-ROW('Session Recording Coverage'!A$6)+1),ROWS($A$1:A9))),"") | C35: =IFERROR(INDEX('Session Recording Coverage'!B$6:B$55,SMALL(IF('Session Recording Coverage'!D$6:D$55="❌ Not Enabled (Gap)",ROW('Session Recording Coverage'!A$6:A$55)-ROW('Session Recording Coverage'!A$6)+1),ROWS($A$1:A9))),"") | D35: =IFERROR(INDEX('Session Recording Coverage'!D$6:D$55,SMALL(IF('Session Recording Coverage'!D$6:D$55="❌ Not Enabled (Gap)",ROW('Session Recording Coverage'!A$6:A$55)-ROW('Session Recording Coverage'!A$6)+1),ROWS($A$1:A9))),"") | E35: =IFERROR(INDEX('Session Recording Coverage'!J$6:J$55,SMALL(IF('Session Recording Coverage'!D$6:D$55="❌ Not Enabled (Gap)",ROW('Session Recording Coverage'!A$6:A$55)-ROW('Session Recording Coverage'!A$6)+1),ROWS($A$1:A9))),"") | F35: =IFERROR(INDEX('Session Recording Coverage'!K$6:K$55,SMALL(IF('Session Recording Coverage'!D$6:D$55="❌ Not Enabled (Gap)",ROW('Session Recording Coverage'!A$6:A$55)-ROW('Session Recording Coverage'!A$6)+1),ROWS($A$1:A9))),"")
A36: =IFERROR(INDEX('Session Recording Coverage'!A$6:A$55,SMALL(IF('Session Recording Coverage'!D$6:D$55="❌ Not Enabled (Gap)",ROW('Session Recording Coverage'!A$6:A$55)-ROW('Session Recording Coverage'!A$6)+1),ROWS($A$1:A10))),"") | B36: =IFERROR(INDEX('Session Recording Coverage'!A$6:A$55,SMALL(IF('Session Recording Coverage'!D$6:D$55="❌ Not Enabled (Gap)",ROW('Session Recording Coverage'!A$6:A$55)-ROW('Session Recording Coverage'!A$6)+1),ROWS($A$1:A10))),"") | C36: =IFERROR(INDEX('Session Recording Coverage'!B$6:B$55,SMALL(IF('Session Recording Coverage'!D$6:D$55="❌ Not Enabled (Gap)",ROW('Session Recording Coverage'!A$6:A$55)-ROW('Session Recording Coverage'!A$6)+1),ROWS($A$1:A10))),"") | D36: =IFERROR(INDEX('Session Recording Coverage'!D$6:D$55,SMALL(IF('Session Recording Coverage'!D$6:D$55="❌ Not Enabled (Gap)",ROW('Session Recording Coverage'!A$6:A$55)-ROW('Session Recording Coverage'!A$6)+1),ROWS($A$1:A10))),"") | E36: =IFERROR(INDEX('Session Recording Coverage'!J$6:J$55,SMALL(IF('Session Recording Coverage'!D$6:D$55="❌ Not Enabled (Gap)",ROW('Session Recording Coverage'!A$6:A$55)-ROW('Session Recording Coverage'!A$6)+1),ROWS($A$1:A10))),"") | F36: =IFERROR(INDEX('Session Recording Coverage'!K$6:K$55,SMALL(IF('Session Recording Coverage'!D$6:D$55="❌ Not Enabled (Gap)",ROW('Session Recording Coverage'!A$6:A$55)-ROW('Session Recording Coverage'!A$6)+1),ROWS($A$1:A10))),"")
A39: Total Systems Not Recording: | B39: =COUNTIF('Session Recording Coverage'!D6:D55,"❌ Not Enabled (Gap)")

Sheet Approval Sign-Off
A1: ASSESSMENT APPROVAL AND SIGN-OFF
A2: ISMS-IMP-A.8.2-3-5.S4 | ISO/IEC 27001:2022 - Control A.8.2-3-5: Access and Authentication Management
A3: ASSESSMENT SUMMARY
A4: Document: | B4: ISMS-IMP-A.8.2-3-5.S4 - Privileged Access Monitoring Assessment
A5: Assessment Period:
A6: Overall Compliance Rate: | B6: =IFERROR(AVERAGE('Summary Dashboard'!G5:G7),"")
A7: Assessment Status:
A8: Assessed By:
A11: COMPLETED BY (ASSESSOR)
A12: Name:
A13: Title:
A14: Date:
A15: Signature:
A16: Comments:
A18: REVIEWED BY (INFORMATION SECURITY OFFICER)
A19: Name:
A20: Title:
A21: Date:
... A38: Special Considerations:
