Workbook

Sheet Instructions
A1: ISMS-IMP-A.5.35-36.S3 - Findings and Remediation Management ISO/IEC 27001:2022 - Controls A.5.35-36: Compliance & Review
A3: Document Information
A4: Document ID | B4: ISMS-IMP-A.5.35-36.S3
A5: Assessment Area | B5: Findings & Remediation Management
A6: Control Reference | B6: A.5.35-36
A7: Version | B7: 1.0
A8: Tracking Period
A9: Managed By
A10: Organisation
A12: PURPOSE
A13: This workbook consolidates findings from independent reviews (A.5.35) and compliance assessments (A.5.36), tracking remediation through to verified closure.
A15: FINDING SEVERITY DEFINITIONS
A16: Major NC | B16: Significant gap; absence or total failure of control; immediate action required
A17: Minor NC | B17: Partial gap; control exists but not fully effective; corrective action needed
A18: Observation | B18: Opportunity for improvement; not a compliance failure
A19: Positive | B19: Noteworthy good practice identified
A21: REMEDIATION TIMELINE REQUIREMENTS
A22: Major NC | B22: 30 days maximum (immediate containment within 48 hours)
A23: Minor NC | B23: 90 days maximum
A24: Observation | B24: Next assessment cycle

Sheet Findings_Register
A1: CONSOLIDATED FINDINGS REGISTER
A3: Finding_ID | B3: Source | C3: Source_Ref | D3: Finding_Date | E3: Finding_Type | F3: Severity | G3: Control_Reference | H3: Finding_Description | I3: Root_Cause | J3: Recommendation | K3: Owner | L3: Target_Date | M3: Status | N3: Days_Open
A4: FND-001 | N4: =IF(AND(D4<>"",M4<>"Closed"),TODAY()-D4,"")
A5: FND-002 | N5: =IF(AND(D5<>"",M5<>"Closed"),TODAY()-D5,"")
A6: FND-003 | N6: =IF(AND(D6<>"",M6<>"Closed"),TODAY()-D6,"")
A7: FND-004 | N7: =IF(AND(D7<>"",M7<>"Closed"),TODAY()-D7,"")
A8: FND-005 | N8: =IF(AND(D8<>"",M8<>"Closed"),TODAY()-D8,"")
A9: FND-006 | N9: =IF(AND(D9<>"",M9<>"Closed"),TODAY()-D9,"")
A10: FND-007 | N10: =IF(AND(D10<>"",M10<>"Closed"),TODAY()-D10,"")
A11: FND-008 | N11: =IF(AND(D11<>"",M11<>"Closed"),TODAY()-D11,"")
A12: FND-009 | N12: =IF(AND(D12<>"",M12<>"Closed"),TODAY()-D12,"")
A13: FND-010 | N13: =IF(AND(D13<>"",M13<>"Closed"),TODAY()-D13,"")
A14: FND-011 | N14: =IF(AND(D14<>"",M14<>"Closed"),TODAY()-D14,"")
A15: FND-012 | N15: =IF(AND(D15<>"",M15<>"Closed"),TODAY()-D15,"")
... A103: FND-100 | N103: =IF(AND(D103<>"",M103<>"Closed"),TODAY()-D103,"")

Sheet Remediation_Actions
A1: REMEDIATION ACTION TRACKER
A3: Action_ID | B3: Finding_Ref | C3: Action_Description | D3: Action_Type | E3: Owner | F3: Start_Date | G3: Target_Date | H3: Actual_Date | I3: Status | J3: % Complete | K3: Verification_Method | L3: Notes
A4: ACT-001
A5: ACT-002
A6: ACT-003
A7: ACT-004
A8: ACT-005
A9: ACT-006
A10: ACT-007
A11: ACT-008
A12: ACT-009
A13: ACT-010
A14: ACT-011
A15: ACT-012
... A203: ACT-200

Sheet Root_Cause_Analysis
A1: ROOT CAUSE ANALYSIS
A3: RCA_ID | B3: Finding_Ref | C3: Problem_Statement | D3: Analysis_Method | E3: Root_Cause_Category | F3: Root_Cause_Description | G3: Contributing_Factors | H3: Systemic_Issue | I3: Preventive_Actions | J3: Analyst | K3: Analysis_Date
A4: RCA-001
A5: RCA-002
A6: RCA-003
A7: RCA-004
A8: RCA-005
A9: RCA-006
A10: RCA-007
A11: RCA-008
A12: RCA-009
A13: RCA-010
A14: RCA-011
A15: RCA-012
... A53: RCA-050

Sheet Verification_Log
A1: VERIFICATION LOG
A3: Verification_ID | B3: Finding_Ref | C3: Action_Ref | D3: Verification_Date | E3: Verifier | F3: Verification_Method | G3: Evidence_Reviewed | H3: Verification_Result | I3: Closure_Recommendation | J3: Follow_Up_Required | K3: Notes
A4: VER-001
A5: VER-002
A6: VER-003
A7: VER-004
A8: VER-005
A9: VER-006
A10: VER-007
A11: VER-008
A12: VER-009
A13: VER-010
A14: VER-011
A15: VER-012
... A103: VER-100

Sheet Trend_Analysis
A1: FINDINGS TREND ANALYSIS
A3: Period | B3: Major_NCs | C3: Minor_NCs | D3: Observations | E3: Total_Findings | F3: Closed_This_Period | G3: Open_at_Period_End | H3: Avg_Days_to_Close | I3: Repeat_Findings | J3: Notes
A4: Q1 2025 | E4: =SUM(B4:D4)
A5: Q2 2025 | E5: =SUM(B5:D5)
A6: Q3 2025 | E6: =SUM(B6:D6)
A7: Q4 2025 | E7: =SUM(B7:D7)
A8: Q1 2026 | E8: =SUM(B8:D8)
A9: Q2 2026 | E9: =SUM(B9:D9)
A10: Q3 2026 | E10: =SUM(B10:D10)
A11: Q4 2026 | E11: =SUM(B11:D11)

Sheet Evidence_Register
A1: EVIDENCE REGISTER
A3: Evidence_ID | B3: Evidence_Type | C3: Description | D3: Related_Finding | E3: Collection_Date | F3: Location | G3: Collected_By | H3: Retention_Until
A4: EV-001
A5: EV-002
A6: EV-003
A7: EV-004
A8: EV-005
A9: EV-006
A10: EV-007
A11: EV-008
A12: EV-009
A13: EV-010
A14: EV-011
A15: EV-012
... A103: EV-100

Sheet Approval_SignOff
A1: FINDINGS MANAGEMENT APPROVAL
A3: Findings Summary
A4: Management Document | B4: ISMS-IMP-A.5.35-36.S3 - Findings and Remediation Management
A5: Reporting Period
A6: Total Findings | B6: =COUNTA(Findings_Register!A4:A103)-COUNTBLANK(Findings_Register!B4:B103)
A7: Open Major NCs | B7: =COUNTIFS(Findings_Register!F4:F103,"Major",Findings_Register!M4:M103,"Open")
A8: Open Minor NCs | B8: =COUNTIFS(Findings_Register!F4:F103,"Minor",Findings_Register!M4:M103,"Open")
A9: Findings Closed This Period | B9: =COUNTIF(Findings_Register!M4:M103,"Closed")
A10: Actions In Progress | B10: =COUNTIF(Remediation_Actions!I4:I203,"In Progress")
A11: Management Status
A14: PREPARED BY
A15: Name:
A16: Role/Title:
A17: Date:
A20: APPROVED BY (CISO)
A21: Name:
A22: Date:
A23: Approval Decision:
A24: Signature:
