Workbook

Sheet Instructions & Legend
A1: ISMS-IMP-A.8.10.5 - Compliance Dashboard
A3: Document Information
A4: Document ID: | B4: ISMS-IMP-A.8.10.5
A5: Title: | B5: Information Deletion - Compliance Dashboard
A6: Version: | B6: 2.1
A7: Related Policy: | B7: ISMS-POL-A.8.10 (Master), ISMS-POL-A.8.10-S4 (Governance)
A8: ISO 27001:2022: | B8: Control A.8.10 (Information Deletion)
A9: Report Type: | B9: Executive Dashboard with External Links
A10: Last Updated: | B10: =TODAY()
A11: Review Cycle: | B11: Quarterly
A14: PURPOSE
A15: This dashboard consolidates deletion compliance metrics from the four A.8.10 assessment workbooks using EXTERNAL WORKBOOK LINKS. Unlike manual entry, this approach enables automatic data population and updates. Key Benefits: - Auto-populates metrics from source assessments (no manual re-entry) - Updates automatically when source files change (click "Update Links") - Eliminates transcription errors and data staleness - Provides real-time compliance overview for executives - Follows proven A.8.24 System Engineering pattern IMPORTANT: This version uses VERIFIED cell references from actual assessment scripts.
A24: ⚙️ SETUP INSTRUCTIONS (MUST COMPLETE BEFORE USE)
A25: CRITICAL: This dashboard requires normalized source files to function. Step 1: Complete All Assessments • ISMS-IMP-A.8.10.1 (Retention & Deletion Triggers) • ISMS-IMP-A.8.10.2 (Deletion Methods) • ISMS-IMP-A.8.10.3 (Third-Party & Cloud Deletion) • ISMS-IMP-A.8.10.4 (Verification & Evidence) Step 2: Normalize Assessment Files Run the normalization script: python3 normalize_assessment_files_a810.py This script: • Validates assessment Document IDs • Copies files to standardized names (removes dates/versions) • Creates normalized files in Dashboard_Sources folder • Generates audit manifest for traceability Step 3: Place Dashboard in Correct Location Move THIS file (the dashboard) into the same directory as the normalized files: Dashboard_Sources/ ├── ISMS-IMP-A.8.10.1.xlsx (normalized) ├── ISMS-IMP-A.8.10.2.xlsx (normalized) ├── ISMS-IMP-A.8.10.3.xlsx (normalized) ├── ISMS-IMP-A.8.10.4.xlsx (normalized) └── ISMS-IMP-A.8.10.5_Compliance_Dashboard_YYYYMMDD.xlsx (THIS FILE) Step 4: Enable External Links When you open this dashboard, Excel will prompt: "This workbook contains links to other data sources" Click "Update" to enable automatic data population. ⚠️ If you click "Don't Update", formulas will show #REF! errors.
A57: 🔗 HOW EXTERNAL LINKS WORK
A58: The dashboard uses Excel external workbook links (formulas that reference other files). Example Formulas (VERIFIED from actual scripts): ='[ISMS-IMP-A.8.10.1.xlsx]Summary Dashboard'!G10 (A.8.10.1 Compliance %) ='[ISMS-IMP-A.8.10.2.xlsx]Summary Dashboard'!G10 (A.8.10.2 Compliance %) ='[ISMS-IMP-A.8.10.3.xlsx]Summary Dashboard'!G10 (A.8.10.3 Compliance %) ='[ISMS-IMP-A.8.10.4.xlsx]Verification Dashboard'!B9 (A.8.10.4 Compliance %) IMPORTANT NOTE: A.8.10.4 uses a DIFFERENT sheet name ("Verification Dashboard" instead of "Summary Dashboard"). This is intentional per the original script design. This reads: - Open file: ISMS-IMP-A.8.10.X.xlsx - Go to sheet: Summary Dashboard (or Verification Dashboard for A.8.10.4) - Get value from: Cell G10 (or B9 for A.8.10.4) Cell Color Coding: - Grey cells with blue text = External link formulas (auto-populated) - Yellow cells = Manual entry (narrative sections only) - White cells = Calculated from other cells Data Flow: A.8.10.1 Assessment ──┐ A.8.10.2 Assessment ──┼──> Normalization ──> Normalized Files ──> Dashboard ──> Auto-Populated! A.8.10.3 Assessment ──┤ (Script) (Standardized) (Ext Links) A.8.10.4 Assessment ──┘
A79: 📍 VERIFIED CELL REFERENCE MAPPING
A80: This dashboard uses VERIFIED cell references from actual assessment generator scripts. A.8.10.1 (Retention & Deletion Triggers): Sheet: "Summary Dashboard" Cell G10: Overall Compliance % Cell E10: Non-Compliant Count Cell B10: Total Items A.8.10.2 (Deletion Methods): Sheet: "Summary Dashboard" Cell G10: Overall Compliance % Cell E10: Non-Compliant Count Cell B10: Total Items A.8.10.3 (Third-Party & Cloud): Sheet: "Summary Dashboard" Cell G10: Overall Compliance % Cell E10: Non-Compliant Count Cell B10: Total Items A.8.10.4 (Verification & Evidence): Sheet: "Verification Dashboard" ← DIFFERENT NAME! Cell B9: Compliance Status % Cell B8: Critical Gaps Count Cell B6: Average Control Effectiveness If formulas show #REF! errors, verify these cell locations in your source assessments.
A106: 🔄 QUARTERLY UPDATE WORKFLOW
A107: To update the dashboard with new assessment data: 1. Update source assessment files (A.8.10.1-4) with current data 2. Re-run normalization script to refresh normalized copies: python3 normalize_assessment_files_a810.py 3. Open this dashboard 4. Excel prompts "Update Links" → Click "Update" 5. Dashboard automatically reflects current compliance status That's it! No manual data re-entry required. Pro Tip: Set calendar reminder for quarterly normalization + link refresh.
A122: 🔧 TROUBLESHOOTING
A123: Problem: Formulas show #REF! errors Solution: Files not in same directory. Move dashboard to Dashboard_Sources folder. Problem: Excel doesn't prompt to update links Solution: Go to Data → Edit Links → Update Values Problem: Dashboard shows old data Solution: Re-run normalization script, then click "Update Links" in Excel Problem: "Source file not found" error Solution: Verify normalized files exist and match expected names: • ISMS-IMP-A.8.10.1.xlsx • ISMS-IMP-A.8.10.2.xlsx • ISMS-IMP-A.8.10.3.xlsx • ISMS-IMP-A.8.10.4.xlsx Problem: A.8.10.4 formulas show #REF! but others work Solution: A.8.10.4 uses "Verification Dashboard" sheet name (not "Summary Dashboard"). Verify sheet exists in ISMS-IMP-A.8.10.4.xlsx file. Problem: Cell references seem wrong Solution: This version uses VERIFIED references from actual scripts. Check the "VERIFIED CELL REFERENCE MAPPING" section above for exact locations.

Sheet Overall A.8.10 Compliance
A1: OVERALL A.8.10 INFORMATION DELETION COMPLIANCE STATUS
A3: Report Date: | B3: =TODAY()
A4: Reporting Period:
A6: SECTION 1: KEY COMPLIANCE METRICS (AUTO-POPULATED FROM SOURCE ASSESSMENTS)
A7: Assessment Component | B7: Compliance Score (%) | C7: Non-Compliant Items | D7: Total Items | E7: Status
A8: A.8.10.1: Retention & Deletion Triggers | B8: ='[ISMS-IMP-A.8.10.1.xlsx]Summary Dashboard'!G10 | C8: ='[ISMS-IMP-A.8.10.1.xlsx]Summary Dashboard'!E10 | D8: ='[ISMS-IMP-A.8.10.1.xlsx]Summary Dashboard'!B10
A9: A.8.10.2: Deletion Methods | B9: ='[ISMS-IMP-A.8.10.2.xlsx]Summary Dashboard'!G10 | C9: ='[ISMS-IMP-A.8.10.2.xlsx]Summary Dashboard'!E10 | D9: ='[ISMS-IMP-A.8.10.2.xlsx]Summary Dashboard'!B10
A10: A.8.10.3: Third-Party & Cloud Deletion | B10: ='[ISMS-IMP-A.8.10.3.xlsx]Summary Dashboard'!G10 | C10: ='[ISMS-IMP-A.8.10.3.xlsx]Summary Dashboard'!E10 | D10: ='[ISMS-IMP-A.8.10.3.xlsx]Summary Dashboard'!B10
A11: A.8.10.4: Verification & Evidence | B11: ='[ISMS-IMP-A.8.10.4.xlsx]Verification Dashboard'!B9 | C11: ='[ISMS-IMP-A.8.10.4.xlsx]Verification Dashboard'!B8
A12: OVERALL A.8.10 COMPLIANCE | B12: =IFERROR(AVERAGE(B8:B11),0) | C12: =IFERROR(SUM(C8:C10)+C11,0) | D12: =IFERROR(SUM(D8:D10),0) | E12: =IF(B12>=95,"Fully Compliant",IF(B12>=80,"Substantially Compliant",IF(B12>=60,"Partially Compliant",IF(B12>0,"Non-Compliant","Not Assessed"))))
A14: SECTION 2: COMPONENT STATUS DETAILS
A15: Component | B15: Key Strength | C15: Primary Gap | D15: Priority Action
A16: A.8.10.1: Retention Schedules
A17: A.8.10.2: Deletion Methods
A18: A.8.10.3: Third-Party Deletion
A19: A.8.10.4: Verification & Evidence
A21: SECTION 3: CRITICAL FINDINGS REQUIRING IMMEDIATE ATTENTION
A22: Finding | B22: Source Assessment | C22: Severity | D22: Impact | E22: Owner | F22: Due Date
A34: SECTION 4: COMPLIANCE TREND (vs. Previous Quarter)
A35: Metric | B35: Current | C35: Previous | D35: Trend
A36: Overall Compliance % | B36: =B12
A37: Total Non-Compliant Items | B37: =C12
A38: Critical Gaps | B38: =C11
A39: A.8.10.1 Compliance % | B39: =B8
A40: A.8.10.2 Compliance % | B40: =B9
A41: A.8.10.3 Compliance % | B41: =B10
A42: A.8.10.4 Compliance % | B42: =B11
A44: NOTES:

Sheet Retention Schedule Health
A1: RETENTION SCHEDULE HEALTH (A.8.10.1 METRICS)
A3: KEY RETENTION METRICS (AUTO-POPULATED FROM A.8.10.1)
A4: Metric | B4: Current Value | C4: Target | D4: Status
A5: Overall A.8.10.1 Compliance % | B5: ='[ISMS-IMP-A.8.10.1.xlsx]Summary Dashboard'!G10 | C5: ≥95%
A6: Non-Compliant Items | B6: ='[ISMS-IMP-A.8.10.1.xlsx]Summary Dashboard'!E10 | C6: 0
A7: Total Items Assessed | B7: ='[ISMS-IMP-A.8.10.1.xlsx]Summary Dashboard'!B10 | C7: All Categories
A9: DETAILED RETENTION SCHEDULE METRICS (MANUAL ENTRY)
A10: Note: These metrics have dynamic row locations in source assessment.
A11: Metric | B11: Value | C11: Target | D11: Status
A12: Total Data Categories Identified
A13: Data Categories with Defined Retention
A14: Data Categories with Legal Basis
A15: Event-Based Retention Categories
A16: Categories with PII/SPI
A17: Categories Pending Review
A18: Categories with Automated Triggers
A19: Categories with Manual Triggers Only
A20: Legal Hold Breaches (Last 12 Months)
A21: Average Data Subject Request Response Time (Days)
A23: RETENTION SCHEDULE GAPS
A24: Data Category | B24: Current Gap | C24: Risk Level | D24: Remediation Plan | E24: Target Date

Sheet Deletion Method Effectiveness
A1: DELETION METHOD EFFECTIVENESS (A.8.10.2 METRICS)
A3: DELETION METHOD COMPLIANCE (AUTO-POPULATED FROM A.8.10.2)
A4: Metric | B4: Current Value | C4: Target | D4: Status
A5: Overall A.8.10.2 Compliance % | B5: ='[ISMS-IMP-A.8.10.2.xlsx]Summary Dashboard'!G10 | C5: ≥95%
A6: Non-Compliant Items | B6: ='[ISMS-IMP-A.8.10.2.xlsx]Summary Dashboard'!E10 | C6: 0
A7: Total Media Types Assessed | B7: ='[ISMS-IMP-A.8.10.2.xlsx]Summary Dashboard'!B10 | C7: All Media Types
A9: DELETION METHOD METRICS BY MEDIA TYPE (MANUAL ENTRY)
A10: Note: Extract these from A.8.10.2 assessment sheets (dynamic row locations).
A11: Metric | B11: Value | C11: Target | D11: Status
A12: NIST SP 800-88 Compliant Methods (%)
A13: SSD Secure Erase Available
A14: HDD Degaussing Capability
A15: Cloud Storage Deletion SLA Documented
A16: Database Deletion Methods Tested
A17: Mobile Device Secure Wipe Available
A18: Deletion Methods Verified (Testing %)
A19: Physical Media Destruction Process
A20: Backup Deletion Coordination
A21: SSD Overwrite Detection Implemented
A23: DELETION METHOD GAPS BY MEDIA TYPE
A24: Media Type | B24: Current Method | C24: Compliance Gap | D24: Recommended Method | E24: Implementation Status

Sheet Third-Party Deletion Performance
A1: THIRD-PARTY & CLOUD DELETION PERFORMANCE (A.8.10.3 METRICS)
A3: THIRD-PARTY DELETION METRICS (AUTO-POPULATED FROM A.8.10.3)
A4: Metric | B4: Current Value | C4: Target | D4: Status
A5: Overall A.8.10.3 Compliance % | B5: ='[ISMS-IMP-A.8.10.3.xlsx]Summary Dashboard'!G10 | C5: ≥95%
A6: Non-Compliant Items | B6: ='[ISMS-IMP-A.8.10.3.xlsx]Summary Dashboard'!E10 | C6: 0
A7: Total Providers Assessed | B7: ='[ISMS-IMP-A.8.10.3.xlsx]Summary Dashboard'!B10 | C7: All Providers
A9: DETAILED THIRD-PARTY METRICS (MANUAL ENTRY)
A10: Note: Extract these from A.8.10.3 assessment sheets (dynamic row locations).
A11: Metric | B11: Value | C11: Target | D11: Status
A12: Deletion Clauses in Contracts (%)
A13: Deletion Certificates Received (%)
A14: Average Certificate Quality Score (0-10)
A15: SLA Compliance Rate (%)
A16: GDPR Article 28 Compliance (%)
A17: Subprocessors Mapped (%)
A18: Shadow IT Systems Detected
A19: Cloud Provider API Deletion Tested
A20: Vendor Audit Rights Documented
A21: Data Residency Requirements Met
A23: HIGH-RISK THIRD-PARTY PROVIDERS
A24: Provider Name | B24: Service Type | C24: Risk Issue | D24: Certificate Quality | E24: SLA Status | F24: Action Required | G24: Owner

Sheet Verification & Evidence Quality
A1: VERIFICATION & EVIDENCE QUALITY (A.8.10.4 METRICS)
A3: VERIFICATION & EVIDENCE METRICS (AUTO-POPULATED FROM A.8.10.4)
A4: Metric | B4: Current Value | C4: Target | D4: Status
A5: Overall A.8.10.4 Compliance % | B5: ='[ISMS-IMP-A.8.10.4.xlsx]Verification Dashboard'!B9 | C5: ≥95%
A6: Critical Gaps Count | B6: ='[ISMS-IMP-A.8.10.4.xlsx]Verification Dashboard'!B8 | C6: 0
A7: Average Control Effectiveness | B7: ='[ISMS-IMP-A.8.10.4.xlsx]Verification Dashboard'!B6 | C7: Effective or Higher
A9: DETAILED VERIFICATION METRICS (MANUAL ENTRY)
A10: Note: Extract these from A.8.10.4 assessment sheets (dynamic row locations).
A11: Metric | B11: Value | C11: Target | D11: Status
A12: Deletion Events with Evidence (%)
A13: Log Retention Compliance (%)
A14: Audit Trail Completeness (%)
A15: Average Evidence Quality Score (0-10)
A16: Re-verification Test Pass Rate (%)
A17: Evidence Accessibility (24hrs) (%)
A18: Certificate Management Process
A19: Deletion Logging Coverage (%)
A20: Evidence Repository Capacity
A21: Verification Testing Frequency
A23: EVIDENCE QUALITY GAPS
A24: Evidence Type | B24: Current Gap | C24: Risk Level | D24: Quality Score | E24: Remediation Plan | F24: Owner

Sheet Critical Gaps Dashboard
A1: CRITICAL GAPS DASHBOARD - TOP 20 PRIORITIES
A3: Instructions: List the top 20 critical gaps across all A.8.10 assessments
A4: Source: Extract from each assessment's gap analysis sections
A5: # | B5: Gap Description | C5: Source | D5: Severity | E5: Impact | F5: Owner | G5: Due Date | H5: Status
A6: 1
A7: 2
A8: 3
A9: 4
A10: 5
A11: 6
A12: 7
A13: 8
A14: 9
A15: 10
A16: 11
A17: 12
... A25: 20
A27: GAP SUMMARY | D27: BY SOURCE ASSESSMENT
A28: Critical Gaps: | B28: =COUNTIF(D6:D25,"Critical") | D28: A.8.10.1 Gaps: | E28: =COUNTIF(C6:C25,"*8.10.1*")
A29: High Priority Gaps: | B29: =COUNTIF(D6:D25,"High") | D29: A.8.10.2 Gaps: | E29: =COUNTIF(C6:C25,"*8.10.2*")
A30: Medium Priority Gaps: | B30: =COUNTIF(D6:D25,"Medium") | D30: A.8.10.3 Gaps: | E30: =COUNTIF(C6:C25,"*8.10.3*")
A31: Low Priority Gaps: | B31: =COUNTIF(D6:D25,"Low") | D31: A.8.10.4 Gaps: | E31: =COUNTIF(C6:C25,"*8.10.4*")
A33: Completed: | B33: =COUNTIF(H6:H25,"Completed")
A34: In Progress: | B34: =COUNTIF(H6:H25,"In Progress")
A35: Not Started: | B35: =COUNTIF(H6:H25,"Not Started")
A37: Overall Completion Rate: | B37: =IFERROR(B33/COUNTA(H6:H25)*100&"%",0)

Sheet Trend Analysis
A1: TREND ANALYSIS - QUARTERLY COMPLIANCE SNAPSHOTS
A3: Instructions: Capture quarterly snapshot metrics to track improvement trends
A4: Note: First quarter auto-populates from current data. Subsequent quarters are manual entry.
A5: Metric | B5: Q1 2025 | C5: Q2 2025 | D5: Q3 2025 | E5: Q4 2025 | F5: Q1 2026 | G5: Q2 2026 | H5: Trend
A6: Overall Compliance Score (%) | B6: ='Overall A.8.10 Compliance'!B12
A7: Critical Gaps (Count) | B7: ='Critical Gaps Dashboard'!B28
A8: Total Non-Compliant Items | B8: ='Overall A.8.10 Compliance'!C12
A9: A.8.10.1 Compliance % | B9: ='Overall A.8.10 Compliance'!B8
A10: A.8.10.2 Compliance % | B10: ='Overall A.8.10 Compliance'!B9
A11: A.8.10.3 Compliance % | B11: ='Overall A.8.10 Compliance'!B10
A12: A.8.10.4 Compliance % | B12: ='Overall A.8.10 Compliance'!B11
A13: Retention Schedule Coverage (%)
A14: Deletion Method NIST Compliance (%)
A15: Third-Party Certificate Quality (Avg)
A16: Evidence Quality Score (Avg)
A17: GDPR Article 17 Readiness (%)
A18: Automated Deletion Rate (%)
A19: Audit Readiness Score (%)
A21: QUARTERLY NOTES & OBSERVATIONS
A22: Q1 2025 Notes:
A23: Q2 2025 Notes:
A24: Q3 2025 Notes:
A25: Q4 2025 Notes:
... A29: KEY MILESTONES & EVENTS
A30: Date | B30: Milestone/Event | C30: Impact on Compliance | D30: Related Quarter

Sheet Executive Summary
A1: EXECUTIVE SUMMARY - A.8.10 INFORMATION DELETION PROGRAM
A3: OVERALL DELETION PROGRAM STATUS
A4: Category | B4: Score | C4: Target | D4: Status
A5: Overall A.8.10 Compliance | B5: ='Overall A.8.10 Compliance'!B12 | C5: ≥95% | D5: ='Overall A.8.10 Compliance'!E12
A6: Critical Gaps | B6: ='Critical Gaps Dashboard'!B28 | C6: 0
A7: Total Non-Compliant Items | B7: ='Overall A.8.10 Compliance'!C12 | C7: ≤5
A8: Audit Readiness | C8: Fully Ready
A11: EXECUTIVE SUMMARY TEXT:
A12: Provide a brief narrative summary for executive leadership (max 500 words).
A30: SECTION 2: OVERALL DELETION PROGRAM MATURITY SCORING
A31: Component | B31: Weight | C31: Score (0-100) | D31: Weighted Score
A32: Retention Schedule Management (A.8.10.1) | B32: 25% | C32: ='Retention Schedule Health'!B5 | D32: =IF(ISNUMBER(C32),C32*0.25,0)
A33: Deletion Method Compliance (A.8.10.2) | B33: 30% | C33: ='Deletion Method Effectiveness'!B5 | D33: =IF(ISNUMBER(C33),C33*0.30,0)
A34: Third-Party Coordination (A.8.10.3) | B34: 25% | C34: ='Third-Party Deletion Performance'!B5 | D34: =IF(ISNUMBER(C34),C34*0.25,0)
A35: Verification & Evidence (A.8.10.4) | B35: 20% | C35: ='Verification & Evidence Quality'!B5 | D35: =IF(ISNUMBER(C35),C35*0.20,0)
A36: OVERALL A.8.10 MATURITY SCORE | B36: 100% | C36: =IFERROR(AVERAGE(C32:C35),0) | D36: =IFERROR(SUM(D32:D35),0)
A38: MATURITY LEVEL INTERPRETATION
A39: Score Range | B39: Maturity Level | C39: Description
A40: 90-100 | B40: Optimized | C40: Continuous improvement, industry leading
A41: 80-89 | B41: Managed | C41: Effective controls, minor improvements needed
A42: 70-79 | B42: Defined | C42: Basic compliance, significant gaps remain
A43: 60-69 | B43: Developing | C43: Major gaps, regulatory risk exposure
A44: 0-59 | B44: Initial/Ad-Hoc | C44: Critical gaps, immediate action required
A46: Current Maturity Level: | B46: =IF(D36>=90,"Optimized (90-100)",IF(D36>=80,"Managed (80-89)",IF(D36>=70,"Defined (70-79)",IF(D36>=60,"Developing (60-69)",IF(D36>0,"Initial/Ad-Hoc (0-59)","Not Assessed")))))
A48: SECTION 3: RECOMMENDATIONS & ACTION PLAN
A49: Recommendation | B49: Priority | C49: Owner | D49: Target Date | E49: Budget/Resources
A57: SECTION 4: EXECUTIVE APPROVAL
A58: Role | B58: Name | C58: Signature | D58: Date
A59: Assessor
A60: Compliance Manager
A61: CISO
A62: DPO
