Workbook

Sheet Instructions & Legend
A1: ISMS-IMP-A.7.4-5-11-S2 - Physical Environmental Protection Assessment ISO/IEC 27001:2022 - Control A.7.5: Protecting Against Physical and Environmental Threats
A3: Document Information
A4: Document ID | B4: ISMS-IMP-A.7.4-5-11-S2
A5: Workbook Title | B5: Physical Environmental Protection Assessment
A6: Control Reference | B6: ISO/IEC 27001:2022 - Control A.7.5: Protecting Against Physical and Environmental Threats
A7: Version | B7: 1.0
A8: Assessment Date
A9: Completed By
A10: Organisation
A12: Instructions
A13: 1. Complete each worksheet tab for applicable physical security systems.
A14: 2. Use dropdown menus for standardised status entries.
A15: 3. Fill in yellow-highlighted cells with your facility information.
A16: 4. Document all access control readers, CCTV cameras, and intrusion sensors.
A17: 5. Track security incidents and response times.
A18: 6. Provide evidence location/path for audit traceability.
A19: 7. Summary Dashboard auto-calculates compliance metrics.
A20: 8. Obtain final approval in the Approval Sign-Off sheet.
A22: Status Legend
A23: Symbol | B23: Status | C23: Description
A24: ✓ | B24: Compliant / Complete | C24: Requirement fully met
A25: ⚠ | B25: Partial / In Progress | C25: Partially met or in progress
A26: ✗ | B26: Non-Compliant / Not Started | C26: Requirement not met
A27: — | B27: Not Applicable | C27: Not applicable to this assessment

Sheet Fire Detection
A1: FIRE DETECTION ASSESSMENT Policy Requirement: All facility entry points must have electronic access control
A2: ISO/IEC 27001:2022 - Control A.7.5: Protecting Against Physical and Environmental Threats
A3: Are fire detection systems deployed and tested per schedule in all critical areas?
A4: Response:
A6: Detector ID | B6: Type | C6: Location | D6: Last Tested | E6: Status | F6: Evidence Location
A7: Sample — delete before use

Sheet Water Detection
A1: WATER LEAK DETECTION ASSESSMENT Policy Requirement: Video surveillance of all entry/exit points with 90-day retention
A2: ISO/IEC 27001:2022 - Control A.7.5: Protecting Against Physical and Environmental Threats
A3: Are water leak detection sensors deployed in all critical areas?
A4: Response:
A6: Sensor ID | B6: Type | C6: Location | D6: Last Tested | E6: Status | F6: Evidence Location
A7: Sample — delete before use

Sheet Temperature & Humidity
A1: ENVIRONMENTAL MONITORING ASSESSMENT Policy Requirement: Perimeter and critical area monitoring with 24/7 monitoring
A2: ISO/IEC 27001:2022 - Control A.7.5: Protecting Against Physical and Environmental Threats
A3: Are temperature and humidity continuously monitored in critical areas?
A4: Response:
A6: Sensor ID | B6: Location | C6: Temp Range (°C) | D6: Humidity Range (%) | E6: Status | F6: Evidence Location
A7: Sample — delete before use

Sheet Evidence Register
A1: EVIDENCE REGISTER
A2: List all evidence files/documents referenced in this assessment (audit traceability).
A4: Evidence ID | B4: Assessment Area | C4: Evidence Type | D4: Description | E4: Location/Path | F4: Date Collected | G4: Collected By | H4: Verification Status
A5: EV-001

Sheet Summary Dashboard
A1: ENVIRONMENTAL PROTECTION — SUMMARY DASHBOARD
A2: ISO/IEC 27001:2022 — Control A.7.5 (Protecting Against Physical and Environmental Threats)
A4: TABLE 1: ASSESSMENT AREA COMPLIANCE OVERVIEW
A5: Assessment Area | B5: Total Items | C5: Compliant | D5: Partial | E5: Non-Compliant | F5: N/A | G5: Compliance %
A6: Fire Detection | B6: =COUNTA('Fire Detection'!A8:A57) | C6: =COUNTIF('Fire Detection'!E8:E57,"✅*") | D6: =COUNTIF('Fire Detection'!E8:E57,"⚠*") | E6: =COUNTIF('Fire Detection'!E8:E57,"❌*") | F6: =COUNTIF('Fire Detection'!E8:E57,"N/A") | G6: =IF((B6-F6)=0,0,C6/(B6-F6))
A7: Water Leak Detection | B7: =COUNTA('Water Detection'!A8:A57) | C7: =COUNTIF('Water Detection'!E8:E57,"✅*") | D7: =COUNTIF('Water Detection'!E8:E57,"⚠*") | E7: =COUNTIF('Water Detection'!E8:E57,"❌*") | F7: =COUNTIF('Water Detection'!E8:E57,"N/A") | G7: =IF((B7-F7)=0,0,C7/(B7-F7))
A8: Environmental Monitoring | B8: =COUNTA('Temperature & Humidity'!A8:A57) | C8: =COUNTIF('Temperature & Humidity'!E8:E57,"✅*") | D8: =COUNTIF('Temperature & Humidity'!E8:E57,"⚠*") | E8: =COUNTIF('Temperature & Humidity'!E8:E57,"❌*") | F8: =COUNTIF('Temperature & Humidity'!E8:E57,"N/A") | G8: =IF((B8-F8)=0,0,C8/(B8-F8))
A9: TOTAL | B9: =SUM(B6:B8) | C9: =SUM(C6:C8) | D9: =SUM(D6:D8) | E9: =SUM(E6:E8) | F9: =SUM(F6:F8) | G9: =IF((B9-F9)=0,0,C9/(B9-F9))
A11: TABLE 2: KEY METRICS
A12: Metric | B12: Value
A13: Total Fire Detectors Assessed | B13: =COUNTA('Fire Detection'!A8:A57)
A14: Fire Detectors — Non-Compliant | B14: =COUNTIF('Fire Detection'!E8:E57,"❌*")
A15: Fire Detectors — Partial Compliance | B15: =COUNTIF('Fire Detection'!E8:E57,"⚠*")
A16: Total Water Leak Sensors Assessed | B16: =COUNTA('Water Detection'!A8:A57)
A17: Water Sensors — Non-Compliant | B17: =COUNTIF('Water Detection'!E8:E57,"❌*")
A18: Water Sensors — Partial Compliance | B18: =COUNTIF('Water Detection'!E8:E57,"⚠*")
A19: Total Environmental Monitors Assessed | B19: =COUNTA('Temperature & Humidity'!A8:A57)
A20: Environmental Monitors — Non-Compliant | B20: =COUNTIF('Temperature & Humidity'!E8:E57,"❌*")
A21: Environmental Monitors — Partial Compliance | B21: =COUNTIF('Temperature & Humidity'!E8:E57,"⚠*")
A22: Systems Marked N/A (All Sheets) | B22: =COUNTIF('Fire Detection'!E8:E57,"N/A")+COUNTIF('Water Detection'!E8:E57,"N/A")+COUNTIF('Temperature & Humidity'!E8:E57,"N/A")
A26: TABLE 3: CRITICAL FINDINGS REQUIRING IMMEDIATE ATTENTION
A27: Category | B27: Finding | C27: Count | D27: Severity | E27: Action Required
A28: Fire Detection | B28: Non-compliant fire detectors | C28: =COUNTIF('Fire Detection'!E8:E57,"❌*") | D28: Critical | E28: Immediate
A29: Water Detection | B29: Non-compliant water leak sensors | C29: =COUNTIF('Water Detection'!E8:E57,"❌*") | D29: Critical | E29: Immediate
A30: Environmental Monitoring | B30: Non-compliant environmental monitors | C30: =COUNTIF('Temperature & Humidity'!E8:E57,"❌*") | D30: Critical | E30: Immediate
A31: Fire Detection | B31: Fire detectors — partial compliance | C31: =COUNTIF('Fire Detection'!E8:E57,"⚠*") | D31: High | E31: Urgent
A32: Environmental Monitoring | B32: Env monitors — partial compliance | C32: =COUNTIF('Temperature & Humidity'!E8:E57,"⚠*") | D32: High | E32: Urgent
A33: Water Detection | B33: Water sensors — partial compliance | C33: =COUNTIF('Water Detection'!E8:E57,"⚠*") | D33: Medium | E33: Plan

Sheet Approval Sign-Off
A1: ASSESSMENT APPROVAL AND SIGN-OFF
A2: ISO/IEC 27001:2022 - Control A.7.5: Protecting Against Physical and Environmental Threats
A3: ASSESSMENT SUMMARY
A4: Document: | B4: ISMS-IMP-A.7.4-5-11-S2 - Physical Environmental Protection Assessment
A5: Assessment Period:
A6: Overall Compliance Rating: | B6: =IFERROR(AVERAGE('Summary Dashboard'!G6:G8),"")
A7: Assessment Status:
A8: Assessed By:
A11: COMPLETED BY (ASSESSOR)
A12: Name:
A13: Title:
A14: Date:
A15: Signature:
A16: Comments:
A18: REVIEWED BY (INFORMATION SECURITY OFFICER)
A19: Name:
A20: Title:
A21: Date:
... A38: Special Considerations:
