Workbook

Sheet Instructions & Legend
A1: ISMS-IMP-A.7.4.S1 - Physical Access Monitoring Assessment ISO/IEC 27001:2022 - Control A.7.4: Physical Security Monitoring
A3: Document Information
A4: Document ID | B4: ISMS-IMP-A.7.4.S1
A5: Workbook Title | B5: Physical Access Monitoring Assessment
A6: Control Reference | B6: ISO/IEC 27001:2022 - Control A.7.4: Physical Security Monitoring
A7: Version | B7: 1.0
A8: Assessment Date
A9: Completed By
A10: Organisation
A12: Instructions
A13: 1. Complete each worksheet tab for applicable physical security systems.
A14: 2. Use dropdown menus for standardised status entries.
A15: 3. Fill in yellow-highlighted cells with your facility information.
A16: 4. Document all access control readers, CCTV cameras, and intrusion sensors.
A17: 5. Track security incidents and response times.
A18: 6. Provide evidence location/path for audit traceability.
A19: 7. Summary Dashboard auto-calculates compliance metrics.
A20: 8. Obtain final approval in the Approval Sign-Off sheet.
A22: Status Legend
A23: Symbol | B23: Status | C23: Description
A24: ✓ | B24: Compliant / Complete | C24: Requirement fully met
A25: ⚠ | B25: Partial / In Progress | C25: Partially met or in progress
A26: ✗ | B26: Non-Compliant / Not Started | C26: Requirement not met
A27: — | B27: Not Applicable | C27: Not applicable to this assessment

Sheet Access Control
A1: ACCESS CONTROL COVERAGE ASSESSMENT Policy Requirement: All facility entry points must have electronic access control
A2: ISO/IEC 27001:2022 - Control A.7.4: Physical Security Monitoring
A3: Are all critical facility entry points protected by electronic access control systems?
A4: Response:
A6: Door ID | B6: Location/Building | C6: Reader Type | D6: Last Tested | E6: Status | F6: Notes | G6: Evidence Location
A7: Sample — delete before use

Sheet CCTV
A1: CCTV COVERAGE ASSESSMENT Policy Requirement: Video surveillance of all entry/exit points with 90-day retention
A2: ISO/IEC 27001:2022 - Control A.7.4: Physical Security Monitoring
A3: Are all critical areas covered by CCTV with appropriate recording retention?
A4: Response:
A6: Camera ID | B6: Location | C6: Coverage Area | D6: Recording | E6: Retention (Days) | F6: Status | G6: Evidence Location
A7: Sample — delete before use

Sheet Intrusion Detection
A1: INTRUSION DETECTION ASSESSMENT Policy Requirement: Perimeter and critical area monitoring with 24/7 monitoring
A2: ISO/IEC 27001:2022 - Control A.7.4: Physical Security Monitoring
A3: Are intrusion detection sensors deployed and tested regularly?
A4: Response:
A6: Sensor ID | B6: Type | C6: Location | D6: Armed | E6: Last Tested | F6: Status | G6: Evidence Location
A7: Sample — delete before use

Sheet Incidents
A1: PHYSICAL SECURITY INCIDENTS Policy Requirement: All incidents logged and investigated with <15min response time
A2: ISO/IEC 27001:2022 - Control A.7.4: Physical Security Monitoring
A3: Log all physical security incidents including unauthorised access attempts, tailgating, and alarm triggers.
A5: Incident ID | B5: Date | C5: Type | D5: Severity | E5: Location | F5: Response Time (min) | G5: Resolved | H5: Notes
A6: Sample — delete before use

Sheet Evidence Register
A1: EVIDENCE REGISTER
A2: List all evidence files/documents referenced in this assessment (audit traceability).
A4: Evidence ID | B4: Assessment Area | C4: Evidence Type | D4: Description | E4: Location/Path | F4: Date Collected | G4: Collected By | H4: Verification Status
A5: EV-001

Sheet Summary Dashboard
A1: ACCESS MONITORING — SUMMARY DASHBOARD
A2: ISO/IEC 27001:2022 — Controls A.7.4 (Physical Security Monitoring) | A.7.11 (Supporting Utilities)
A4: TABLE 1: ASSESSMENT AREA COMPLIANCE OVERVIEW
A5: Assessment Area | B5: Total Items | C5: Compliant | D5: Partial | E5: Non-Compliant | F5: N/A | G5: Compliance %
A6: Access Control | B6: =COUNTA('Access Control'!A8:A57) | C6: =COUNTIF('Access Control'!E8:E57,"✅*") | D6: =COUNTIF('Access Control'!E8:E57,"⚠*") | E6: =COUNTIF('Access Control'!E8:E57,"❌*") | F6: =COUNTIF('Access Control'!E8:E57,"N/A") | G6: =IF((B6-F6)=0,0,C6/(B6-F6))
A7: CCTV Coverage | B7: =COUNTA('CCTV'!A8:A57) | C7: =COUNTIF('CCTV'!F8:F57,"✅*") | D7: =COUNTIF('CCTV'!F8:F57,"⚠*") | E7: =COUNTIF('CCTV'!F8:F57,"❌*") | F7: =COUNTIF('CCTV'!F8:F57,"N/A") | G7: =IF((B7-F7)=0,0,C7/(B7-F7))
A8: Intrusion Detection | B8: =COUNTA('Intrusion Detection'!A8:A57) | C8: =COUNTIF('Intrusion Detection'!F8:F57,"✅*") | D8: =COUNTIF('Intrusion Detection'!F8:F57,"⚠*") | E8: =COUNTIF('Intrusion Detection'!F8:F57,"❌*") | F8: =COUNTIF('Intrusion Detection'!F8:F57,"N/A") | G8: =IF((B8-F8)=0,0,C8/(B8-F8))
A9: TOTAL | B9: =SUM(B6:B8) | C9: =SUM(C6:C8) | D9: =SUM(D6:D8) | E9: =SUM(E6:E8) | F9: =SUM(F6:F8) | G9: =IF((B9-F9)=0,0,C9/(B9-F9))
A11: TABLE 2: KEY METRICS
A12: Metric | B12: Value
A13: Total Access Control Points Monitored | B13: =COUNTA('Access Control'!A8:A57)
A14: Access Control Points — Non-Compliant | B14: =COUNTIF('Access Control'!E8:E57,"❌*")
A15: Access Control Points — Partial Compliance | B15: =COUNTIF('Access Control'!E8:E57,"⚠*")
A16: Total CCTV Cameras Assessed | B16: =COUNTA('CCTV'!A8:A57)
A17: CCTV Cameras — Non-Compliant | B17: =COUNTIF('CCTV'!F8:F57,"❌*")
A18: CCTV Cameras — Partial Compliance | B18: =COUNTIF('CCTV'!F8:F57,"⚠*")
A19: Total Intrusion Detection Sensors | B19: =COUNTA('Intrusion Detection'!A8:A57)
A20: Intrusion Sensors — Non-Compliant | B20: =COUNTIF('Intrusion Detection'!F8:F57,"❌*")
A21: Total Security Incidents Logged | B21: =COUNTA('Incidents'!A7:A56)
A22: Critical and High Severity Incidents | B22: =COUNTIF('Incidents'!D7:D56,"Critical")+COUNTIF('Incidents'!D7:D56,"High")
A26: TABLE 3: CRITICAL FINDINGS REQUIRING IMMEDIATE ATTENTION
A27: Category | B27: Finding | C27: Count | D27: Severity | E27: Action Required
A28: Access Control | B28: Non-compliant access control points | C28: =COUNTIF('Access Control'!E8:E57,"❌*") | D28: Critical | E28: Immediate
A29: CCTV | B29: Non-compliant CCTV cameras | C29: =COUNTIF('CCTV'!F8:F57,"❌*") | D29: Critical | E29: Immediate
A30: Intrusion Detection | B30: Non-compliant intrusion sensors | C30: =COUNTIF('Intrusion Detection'!F8:F57,"❌*") | D30: Critical | E30: Immediate
A31: Incidents | B31: Critical severity incidents | C31: =COUNTIF('Incidents'!D7:D56,"Critical") | D31: Critical | E31: Immediate
A32: Incidents | B32: High severity incidents | C32: =COUNTIF('Incidents'!D7:D56,"High") | D32: High | E32: Urgent
A33: Access Control | B33: Access control points — partial compliance | C33: =COUNTIF('Access Control'!E8:E57,"⚠*") | D33: Medium | E33: Plan

Sheet Approval Sign-Off
A1: ASSESSMENT APPROVAL AND SIGN-OFF
A2: ISO/IEC 27001:2022 - Control A.7.4: Physical Security Monitoring
A3: ASSESSMENT SUMMARY
A4: Document: | B4: ISMS-IMP-A.7.4.S1 - Physical Access Monitoring Assessment
A5: Assessment Period:
A6: Overall Compliance Rating: | B6: =IFERROR(AVERAGE('Summary Dashboard'!G6:G8),"")
A7: Assessment Status:
A8: Assessed By:
A11: COMPLETED BY (ASSESSOR)
A12: Name:
A13: Title:
A14: Date:
A15: Signature:
A16: Comments:
A18: REVIEWED BY (INFORMATION SECURITY OFFICER)
A19: Name:
A20: Title:
A21: Date:
... A38: Special Considerations:
