Workbook

Sheet Instructions & Legend
A1: ISMS-IMP-A.5.37.3 - Procedure Review and Update Tracking ISO/IEC 27001:2022 - Control A.5.37: Documented Operating Procedures
A3: Document Information
A4: Document ID | B4: ISMS-IMP-A.5.37.3
A5: Workbook Title | B5: Procedure Review and Update Tracking
A6: Control Reference | B6: ISO/IEC 27001:2022 - Control A.5.37: Documented Operating Procedures
A7: Version | B7: 1.0
A8: Assessment Date
A9: Completed By
A10: Organisation
A12: Instructions
A13: 1. Review this Instructions & Legend sheet before starting the assessment.
A14: 2. Complete all yellow (FFFFCC) input cells with your assessment data.
A15: 3. Grey (F2F2F2) rows are sample rows — do not edit them.
A16: 4. The Review Schedule shows auto-calculated days until review due and review status.
A17: 5. Obtain sign-off in the Approval Sign-Off sheet when the assessment is complete.
A19: Status Legend
A20: Symbol | B20: Status | C20: Description
A21: ✓ | B21: Compliant / Complete | C21: Requirement fully met
A22: ⚠ | B22: Partial / In Progress | C22: Partially met or in progress
A23: ✗ | B23: Non-Compliant / Not Started | C23: Requirement not met
A24: — | B24: Not Applicable | C24: Not applicable to this assessment

Sheet Review Schedule
A1: REVIEW SCHEDULE
A2: Track procedure review cycles — next review date, days until due and review status are auto-calculated
A3: Procedure ID | B3: Procedure Name | C3: Criticality | D3: Review Cycle Days | E3: Last Review Date | F3: Next Review Due | G3: Days Until Due | H3: Review Status | I3: Assigned Reviewer | J3: Review Started | K3: Review Completed | L3: Review Outcome | M3: New Version | N3: Notes
A4: PROC-001 | B4: Server Backup and Recovery Procedure | C4: Critical | D4: 365 | E4: 01.01.2026 | F4: =IF(A4<>"",IF(E4<>"",E4+D4,""),"") | G4: =IF(A4<>"",IF(F4<>"",F4-TODAY(),""),"") | H4: =IF(A4="","",IF(G4="","",IF(G4<0,"OVERDUE",IF(G4<=30,"DUE SOON","CURRENT")))) | I4: IT Operations Manager | L4: Current - No Changes | M4: v1.2
F5: =IF(A5="","",IF(E5<>"",E5+D5,"")) | G5: =IF(A5="","",IF(F5<>"",F5-TODAY(),"")) | H5: =IF(A5="","",IF(G5="","",IF(G5<0,"OVERDUE",IF(G5<=30,"DUE SOON","CURRENT"))))
F6: =IF(A6="","",IF(E6<>"",E6+D6,"")) | G6: =IF(A6="","",IF(F6<>"",F6-TODAY(),"")) | H6: =IF(A6="","",IF(G6="","",IF(G6<0,"OVERDUE",IF(G6<=30,"DUE SOON","CURRENT"))))
F7: =IF(A7="","",IF(E7<>"",E7+D7,"")) | G7: =IF(A7="","",IF(F7<>"",F7-TODAY(),"")) | H7: =IF(A7="","",IF(G7="","",IF(G7<0,"OVERDUE",IF(G7<=30,"DUE SOON","CURRENT"))))
F8: =IF(A8="","",IF(E8<>"",E8+D8,"")) | G8: =IF(A8="","",IF(F8<>"",F8-TODAY(),"")) | H8: =IF(A8="","",IF(G8="","",IF(G8<0,"OVERDUE",IF(G8<=30,"DUE SOON","CURRENT"))))
F9: =IF(A9="","",IF(E9<>"",E9+D9,"")) | G9: =IF(A9="","",IF(F9<>"",F9-TODAY(),"")) | H9: =IF(A9="","",IF(G9="","",IF(G9<0,"OVERDUE",IF(G9<=30,"DUE SOON","CURRENT"))))
F10: =IF(A10="","",IF(E10<>"",E10+D10,"")) | G10: =IF(A10="","",IF(F10<>"",F10-TODAY(),"")) | H10: =IF(A10="","",IF(G10="","",IF(G10<0,"OVERDUE",IF(G10<=30,"DUE SOON","CURRENT"))))
F11: =IF(A11="","",IF(E11<>"",E11+D11,"")) | G11: =IF(A11="","",IF(F11<>"",F11-TODAY(),"")) | H11: =IF(A11="","",IF(G11="","",IF(G11<0,"OVERDUE",IF(G11<=30,"DUE SOON","CURRENT"))))
F12: =IF(A12="","",IF(E12<>"",E12+D12,"")) | G12: =IF(A12="","",IF(F12<>"",F12-TODAY(),"")) | H12: =IF(A12="","",IF(G12="","",IF(G12<0,"OVERDUE",IF(G12<=30,"DUE SOON","CURRENT"))))
F13: =IF(A13="","",IF(E13<>"",E13+D13,"")) | G13: =IF(A13="","",IF(F13<>"",F13-TODAY(),"")) | H13: =IF(A13="","",IF(G13="","",IF(G13<0,"OVERDUE",IF(G13<=30,"DUE SOON","CURRENT"))))
F14: =IF(A14="","",IF(E14<>"",E14+D14,"")) | G14: =IF(A14="","",IF(F14<>"",F14-TODAY(),"")) | H14: =IF(A14="","",IF(G14="","",IF(G14<0,"OVERDUE",IF(G14<=30,"DUE SOON","CURRENT"))))
F15: =IF(A15="","",IF(E15<>"",E15+D15,"")) | G15: =IF(A15="","",IF(F15<>"",F15-TODAY(),"")) | H15: =IF(A15="","",IF(G15="","",IF(G15<0,"OVERDUE",IF(G15<=30,"DUE SOON","CURRENT"))))
F16: =IF(A16="","",IF(E16<>"",E16+D16,"")) | G16: =IF(A16="","",IF(F16<>"",F16-TODAY(),"")) | H16: =IF(A16="","",IF(G16="","",IF(G16<0,"OVERDUE",IF(G16<=30,"DUE SOON","CURRENT"))))
... F54: =IF(A54="","",IF(E54<>"",E54+D54,"")) | G54: =IF(A54="","",IF(F54<>"",F54-TODAY(),"")) | H54: =IF(A54="","",IF(G54="","",IF(G54<0,"OVERDUE",IF(G54<=30,"DUE SOON","CURRENT"))))

Sheet Change Requests
A1: CHANGE REQUESTS
A2: Record all change requests for operating procedures — track approval, implementation and verification
A3: CR ID | B3: Procedure ID | C3: Request Date | D3: Requestor | E3: Change Category | F3: Trigger | G3: Description | H3: Justification | I3: Impact Assessment | J3: Status | K3: Approver | L3: Approval Date | M3: Implementation Date | N3: Verification
A4: CR-001 | B4: PROC-001 | C4: 01.02.2026 | D4: IT Operations Manager | E4: Minor | F4: Scheduled Review | G4: Update contact information in section 2.3 | H4: Annual review identified outdated contact details | I4: Low impact — contact info only | J4: Approved | K4: IT Security Manager | L4: 05.02.2026 | M4: 10.02.2026 | N4: Version 1.3 published

Sheet Version History
A1: VERSION HISTORY
A2: Track all procedure version changes — maintain a complete audit trail of document evolution
A3: Procedure ID | B3: Version | C3: Effective Date | D3: Supersedes | E3: Change Summary | F3: CR Reference | G3: Approved By | H3: Status
A4: PROC-001 | B4: v1.3 | C4: 10.02.2026 | D4: v1.2 | E4: Updated contact information in section 2.3 | F4: CR-001 | G4: IT Security Manager | H4: Active

Sheet Communication Log
A1: COMMUNICATION LOG
A2: Record all communications about procedure updates — track acknowledgements and training requirements
A3: Comm ID | B3: Procedure ID | C3: Version | D3: Communication Date | E3: Communication Method | F3: Audience | G3: Acknowledgement Required | H3: Acknowledgement Rate | I3: Training Required | J3: Training Completion
A4: COMM-001 | B4: PROC-001 | C4: v1.3 | D4: 12.02.2026 | E4: Email | F4: IT Operations Team | G4: Yes | H4: 85% | I4: No

Sheet Overdue Escalation
A1: OVERDUE ESCALATION
A2: Track escalations for procedures with overdue reviews — assign escalation levels and record resolutions
A3: Procedure ID | B3: Days Overdue | C3: Escalation Level | D3: Escalated To | E3: Escalation Date | F3: Response Required By | G3: Status | H3: Resolution
A4: PROC-007 | B4: 45 | C4: L2 | D4: IT Security Manager | E4: 10.02.2026 | F4: 17.02.2026 | G4: Open

Sheet Evidence Register
A1: EVIDENCE REGISTER
A2: Document all evidence collected during this assessment
A4: Evidence ID | B4: Assessment Area | C4: Evidence Type | D4: Description | E4: Location / Path | F4: Date Collected | G4: Collected By | H4: Verification Status
A5: EV-001 | B5: Review Schedule | C5: Policy Document | D5: Example evidence description | E5: \\fileserver\policies\document.pdf | F5: 15.01.2026 | G5: Assessor Name | H5: Verified

Sheet Summary Dashboard
A1: PROCEDURE REVIEW AND UPDATE TRACKING — SUMMARY DASHBOARD
A2: ISO/IEC 27001:2022 — Control A.5.37: Documented Operating Procedures
A4: TABLE 1: ASSESSMENT AREA COMPLIANCE OVERVIEW
A5: Assessment Area | B5: Total Items | C5: Compliant | D5: Partial | E5: Non-Compliant | F5: N/A | G5: Compliance %
A6: Review Schedule | B6: =COUNTA('Review Schedule'!B5:B54) | C6: =COUNTIF('Review Schedule'!H5:H54,"CURRENT") | D6: =COUNTIF('Review Schedule'!H5:H54,"DUE SOON") | E6: =COUNTIF('Review Schedule'!H5:H54,"OVERDUE") | F6: =0 | G6: =IFERROR(IF((B6-F6)=0,0,C6/(B6-F6)),"")
A7: Change Requests | B7: =COUNTA('Change Requests'!B5:B54) | C7: =COUNTIF('Change Requests'!J5:J54,"Implemented")+COUNTIF('Change Requests'!J5:J54,"Approved") | D7: =COUNTIF('Change Requests'!J5:J54,"Under Review")+COUNTIF('Change Requests'!J5:J54,"Submitted") | E7: =COUNTIF('Change Requests'!J5:J54,"Rejected") | F7: =0 | G7: =IFERROR(IF((B7-F7)=0,0,C7/(B7-F7)),"")
A8: Version History | B8: =COUNTA('Version History'!A5:A54) | C8: =COUNTIF('Version History'!H5:H54,"Active") | D8: =COUNTIF('Version History'!H5:H54,"Superseded") | E8: =COUNTIF('Version History'!H5:H54,"Archived") | F8: =0 | G8: =IFERROR(IF((B8-F8)=0,0,C8/(B8-F8)),"")
A9: Communication Log | B9: =COUNTA('Communication Log'!B5:B54) | C9: =COUNTIF('Communication Log'!G5:G54,"Yes") | D9: =0 | E9: =COUNTIF('Communication Log'!G5:G54,"No") | F9: =0 | G9: =IFERROR(IF((B9-F9)=0,0,C9/(B9-F9)),"")
A10: TOTAL | B10: =SUM(B6:B9) | C10: =SUM(C6:C9) | D10: =SUM(D6:D9) | E10: =SUM(E6:E9) | F10: =SUM(F6:F9) | G10: =IFERROR(IF((B10-F10)=0,0,C10/(B10-F10)),"")
A12: TABLE 2: KEY METRICS
A13: Metric | B13: Value
A14: Total Procedures in Review Schedule | B14: =COUNTA('Review Schedule'!B5:B54)
A15: Procedures with CURRENT Status | B15: =COUNTIF('Review Schedule'!H5:H54,"CURRENT")
A16: Procedures Due for Review (DUE SOON) | B16: =COUNTIF('Review Schedule'!H5:H54,"DUE SOON")
A17: Overdue Procedures (Missed Review) | B17: =COUNTIF('Review Schedule'!H5:H54,"OVERDUE")
A18: Critical Procedures Tracked | B18: =COUNTIF('Review Schedule'!C5:C54,"Critical")
A19: Reviews with Major Updates | B19: =COUNTIF('Review Schedule'!L5:L54,"Major Updates")
A20: Obsolete Procedures Identified | B20: =COUNTIF('Review Schedule'!L5:L54,"Obsolete")
A21: Total Change Requests | B21: =COUNTA('Change Requests'!B5:B54)
A22: Emergency Change Requests | B22: =COUNTIF('Change Requests'!E5:E54,"Emergency")
A23: Major Changes | B23: =COUNTIF('Change Requests'!E5:E54,"Major")
A24: Incident-Related Changes | B24: =COUNTIF('Change Requests'!F5:F54,"Incident Related")
A25: Implemented Changes | B25: =COUNTIF('Change Requests'!J5:J54,"Implemented")
A26: Rejected Changes | B26: =COUNTIF('Change Requests'!J5:J54,"Rejected")
A27: Total Version Records | B27: =COUNTA('Version History'!A5:A54)
A28: Active Procedure Versions | B28: =COUNTIF('Version History'!H5:H54,"Active")
A29: Superseded Versions | B29: =COUNTIF('Version History'!H5:H54,"Superseded")
A30: Total Communications Logged | B30: =COUNTA('Communication Log'!B5:B54)
A31: Training-Required Communications | B31: =COUNTIF('Communication Log'!I5:I54,"Yes")
A32: Open Escalations | B32: =COUNTIF('Overdue Escalation'!G5:G54,"Open")
A33: L3 (Senior Management) Escalations | B33: =COUNTIF('Overdue Escalation'!C5:C54,"L3")
A37: TABLE 3: CRITICAL FINDINGS REQUIRING IMMEDIATE ATTENTION
A38: Category | B38: Finding | C38: Count | D38: Severity | E38: Action Required
A39: Review Schedule | B39: Overdue procedure reviews | C39: =COUNTIF('Review Schedule'!H5:H54,"OVERDUE") | D39: Critical | E39: Immediate
A40: Review Schedule | B40: Critical procedures overdue for review | C40: =COUNTIFS('Review Schedule'!C5:C54,"Critical",'Review Schedule'!H5:H54,"OVERDUE") | D40: Critical | E40: Immediate
A41: Overdue Escalation | B41: Open L3 escalations (senior management required) | C41: =COUNTIFS('Overdue Escalation'!C5:C54,"L3",'Overdue Escalation'!G5:G54,"Open") | D41: Critical | E41: Immediate
A42: Overdue Escalation | B42: All open unresolved escalations | C42: =COUNTIF('Overdue Escalation'!G5:G54,"Open") | D42: High | E42: Urgent
A43: Change Requests | B43: Emergency change requests pending implementation | C43: =COUNTIFS('Change Requests'!E5:E54,"Emergency",'Change Requests'!J5:J54,"Submitted") | D43: High | E43: Urgent
A44: Review Schedule | B44: Procedures due for review within 30 days | C44: =COUNTIF('Review Schedule'!H5:H54,"DUE SOON") | D44: Medium | E44: Plan
A45: Review Schedule | B45: Obsolete procedures still in active schedule | C45: =COUNTIF('Review Schedule'!L5:L54,"Obsolete") | D45: Medium | E45: Plan

Sheet Approval Sign-Off
A1: ASSESSMENT APPROVAL AND SIGN-OFF
A2: ISO/IEC 27001:2022 - Control A.5.37: Documented Operating Procedures
A3: ASSESSMENT SUMMARY
A4: Document: | B4: ISMS-IMP-A.5.37.3 - Procedure Review and Update Tracking
A5: Assessment Period:
A6: Overall Compliance Rating: | B6: =IFERROR(AVERAGE('Summary Dashboard'!G6:G9),"")
A7: Assessment Status:
A8: Assessed By:
A11: COMPLETED BY (ASSESSOR)
A12: Name:
A13: Title:
A14: Date:
A15: Signature:
A16: Comments:
A18: REVIEWED BY (IT SECURITY MANAGER)
A19: Name:
A20: Title:
A21: Date:
... A36: Review Owner:
