Workbook

Sheet Instructions & Legend
A1: ISMS-IMP-A.5.34.4 - Technical and Organisational Measures Assessment ISO/IEC 27001:2022 - Annex A Control A.5.34
A3: Document Information
A4: Document ID | B4: ISMS-IMP-A.5.34.4
A5: Assessment Area | B5: Technical and Organisational Measures (GDPR Art. 32)
A6: Control Reference | B6: ISO/IEC 27001:2022 Annex A Control A.5.34
A7: Version | B7: 1.0
A8: Assessment Date
A9: Completed By
A10: Organisation
A11: Review Cycle | B11: Annual
A13: Instructions
A14: 1. Review Sheet 2 (TOM Control Inventory) — assess all 20 technical and organisational measures
A15: 2. Complete Sheet 3 (Technical Measures Detail) — document T1-T10 technical controls
A16: 3. Complete Sheet 4 (Organisational Measures Detail) — document O1-O10 organisational controls
A17: 4. Complete Sheet 5 (Evidence Repository) — link supporting evidence
A18: 5. Complete Sheet 6 (Gap Analysis & Risk) — identify and score gaps
A19: 6. Complete Sheet 7 (Remediation Action Plan) — plan gap closure
A20: 7. Review Sheet 8 (Compliance Dashboard) — validate GDPR Art. 32 compliance score
A22: Status Legend
A23: Symbol | B23: Status | C23: Description
A24: ✅ | B24: Implemented | C24: Control fully implemented and tested
A25: ⚠ | B25: Partially Implemented | C25: Control partially in place — gaps remain
A26: ❌ | B26: Not Implemented | C26: Control missing — immediate remediation required
A27: — | B27: N/A | C27: Not applicable to this assessment

Sheet 2. TOM Control Inventory
A1: TOM CONTROL INVENTORY
A2: TOM ID | B2: TOM Category | C2: TOM Type | D2: Implementation Status | E2: Implementation Date | F2: Description of Implementation | G2: Evidence Reference | H2: Effectiveness Rating | I2: Last Test Date | J2: Gaps Identified | K2: Risk Level | L2: Remediation Plan | M2: Remediation Owner | N2: Target Completion Date
A3: T1 | B3: Encryption | C3: Technical
A4: T2 | B4: Access Control | C4: Technical
A5: T3 | B5: Pseudonymization/Anonymization | C5: Technical
A6: T4 | B6: Data Minimization | C6: Technical
A7: T5 | B7: Security Monitoring & Logging | C7: Technical
A8: T6 | B8: Network Security | C8: Technical
A9: T7 | B9: Application Security | C9: Technical
A10: T8 | B10: Endpoint Security | C10: Technical
A11: T9 | B11: Backup & Recovery | C11: Technical
A12: T10 | B12: Physical Security | C12: Technical
A13: O1 | B13: Policies & Procedures | C13: Organisational
A14: O2 | B14: Staff Training & Awareness | C14: Organisational
... A22: O10 | B22: Business Continuity | C22: Organisational

Sheet 3. Technical Measures Detail
A1: TECHNICAL MEASURES DEEP-DIVE (T1-T10)
A3: T1 - ENCRYPTION
A4: Technologies Deployed:
A5: Configuration Details:
A6: Coverage (%):
A7: Exceptions:
A8: Integration Notes:
A10: T2 - ACCESS CONTROL
A11: Technologies Deployed:
A12: Configuration Details:
A13: Coverage (%):
A14: Exceptions:
... A71: Integration Notes:

Sheet 4. Organisational Measures Det.
A1: ORGANISATIONAL MEASURES DEEP-DIVE (O1-O10)
A3: O1 - POLICIES & PROCEDURES
A4: Policies/Procedures:
A5: Training/Communication:
A6: Governance Structure:
A7: Monitoring Method:
A8: Improvement Process:
A10: O2 - STAFF TRAINING & AWARENESS
A11: Policies/Procedures:
A12: Training/Communication:
A13: Governance Structure:
A14: Monitoring Method:
... A71: Improvement Process:

Sheet 5. Evidence Repository
A1: EVIDENCE REPOSITORY
A2: Evidence ID | B2: TOM ID | C2: Evidence Type | D2: Description | E2: File Location | F2: Evidence Date | G2: Verification Status | H2: Verified By | I2: Notes

Sheet 6. Gap Analysis & Risk
A1: Gap ID | B1: TOM ID | C1: Gap Description | D1: Likelihood | E1: Impact | F1: Overall Risk | G1: Risk Score | H1: Remediation Priority | I1: Residual Risk | J1: Acceptance Justification
F2: =IF(AND(D2="High", OR(E2="High", E2="Critical")), "Critical", IF(AND(D2="Medium", E2="Critical"), "Critical", IF(OR(AND(D2="High", E2="Medium"), AND(D2="Medium", E2="High")), "High", IF(OR(AND(D2="Low", E2="High"), AND(D2="Medium", E2="Medium")), "Medium", "Low")))) | G2: =IF(F2="Critical", 4, IF(F2="High", 3, IF(F2="Medium", 2, 1)))
F3: =IF(AND(D3="High", OR(E3="High", E3="Critical")), "Critical", IF(AND(D3="Medium", E3="Critical"), "Critical", IF(OR(AND(D3="High", E3="Medium"), AND(D3="Medium", E3="High")), "High", IF(OR(AND(D3="Low", E3="High"), AND(D3="Medium", E3="Medium")), "Medium", "Low")))) | G3: =IF(F3="Critical", 4, IF(F3="High", 3, IF(F3="Medium", 2, 1)))
F4: =IF(AND(D4="High", OR(E4="High", E4="Critical")), "Critical", IF(AND(D4="Medium", E4="Critical"), "Critical", IF(OR(AND(D4="High", E4="Medium"), AND(D4="Medium", E4="High")), "High", IF(OR(AND(D4="Low", E4="High"), AND(D4="Medium", E4="Medium")), "Medium", "Low")))) | G4: =IF(F4="Critical", 4, IF(F4="High", 3, IF(F4="Medium", 2, 1)))
F5: =IF(AND(D5="High", OR(E5="High", E5="Critical")), "Critical", IF(AND(D5="Medium", E5="Critical"), "Critical", IF(OR(AND(D5="High", E5="Medium"), AND(D5="Medium", E5="High")), "High", IF(OR(AND(D5="Low", E5="High"), AND(D5="Medium", E5="Medium")), "Medium", "Low")))) | G5: =IF(F5="Critical", 4, IF(F5="High", 3, IF(F5="Medium", 2, 1)))
F6: =IF(AND(D6="High", OR(E6="High", E6="Critical")), "Critical", IF(AND(D6="Medium", E6="Critical"), "Critical", IF(OR(AND(D6="High", E6="Medium"), AND(D6="Medium", E6="High")), "High", IF(OR(AND(D6="Low", E6="High"), AND(D6="Medium", E6="Medium")), "Medium", "Low")))) | G6: =IF(F6="Critical", 4, IF(F6="High", 3, IF(F6="Medium", 2, 1)))
F7: =IF(AND(D7="High", OR(E7="High", E7="Critical")), "Critical", IF(AND(D7="Medium", E7="Critical"), "Critical", IF(OR(AND(D7="High", E7="Medium"), AND(D7="Medium", E7="High")), "High", IF(OR(AND(D7="Low", E7="High"), AND(D7="Medium", E7="Medium")), "Medium", "Low")))) | G7: =IF(F7="Critical", 4, IF(F7="High", 3, IF(F7="Medium", 2, 1)))
F8: =IF(AND(D8="High", OR(E8="High", E8="Critical")), "Critical", IF(AND(D8="Medium", E8="Critical"), "Critical", IF(OR(AND(D8="High", E8="Medium"), AND(D8="Medium", E8="High")), "High", IF(OR(AND(D8="Low", E8="High"), AND(D8="Medium", E8="Medium")), "Medium", "Low")))) | G8: =IF(F8="Critical", 4, IF(F8="High", 3, IF(F8="Medium", 2, 1)))
F9: =IF(AND(D9="High", OR(E9="High", E9="Critical")), "Critical", IF(AND(D9="Medium", E9="Critical"), "Critical", IF(OR(AND(D9="High", E9="Medium"), AND(D9="Medium", E9="High")), "High", IF(OR(AND(D9="Low", E9="High"), AND(D9="Medium", E9="Medium")), "Medium", "Low")))) | G9: =IF(F9="Critical", 4, IF(F9="High", 3, IF(F9="Medium", 2, 1)))
F10: =IF(AND(D10="High", OR(E10="High", E10="Critical")), "Critical", IF(AND(D10="Medium", E10="Critical"), "Critical", IF(OR(AND(D10="High", E10="Medium"), AND(D10="Medium", E10="High")), "High", IF(OR(AND(D10="Low", E10="High"), AND(D10="Medium", E10="Medium")), "Medium", "Low")))) | G10: =IF(F10="Critical", 4, IF(F10="High", 3, IF(F10="Medium", 2, 1)))
F11: =IF(AND(D11="High", OR(E11="High", E11="Critical")), "Critical", IF(AND(D11="Medium", E11="Critical"), "Critical", IF(OR(AND(D11="High", E11="Medium"), AND(D11="Medium", E11="High")), "High", IF(OR(AND(D11="Low", E11="High"), AND(D11="Medium", E11="Medium")), "Medium", "Low")))) | G11: =IF(F11="Critical", 4, IF(F11="High", 3, IF(F11="Medium", 2, 1)))
F12: =IF(AND(D12="High", OR(E12="High", E12="Critical")), "Critical", IF(AND(D12="Medium", E12="Critical"), "Critical", IF(OR(AND(D12="High", E12="Medium"), AND(D12="Medium", E12="High")), "High", IF(OR(AND(D12="Low", E12="High"), AND(D12="Medium", E12="Medium")), "Medium", "Low")))) | G12: =IF(F12="Critical", 4, IF(F12="High", 3, IF(F12="Medium", 2, 1)))
F13: =IF(AND(D13="High", OR(E13="High", E13="Critical")), "Critical", IF(AND(D13="Medium", E13="Critical"), "Critical", IF(OR(AND(D13="High", E13="Medium"), AND(D13="Medium", E13="High")), "High", IF(OR(AND(D13="Low", E13="High"), AND(D13="Medium", E13="Medium")), "Medium", "Low")))) | G13: =IF(F13="Critical", 4, IF(F13="High", 3, IF(F13="Medium", 2, 1)))
... F200: =IF(AND(D200="High", OR(E200="High", E200="Critical")), "Critical", IF(AND(D200="Medium", E200="Critical"), "Critical", IF(OR(AND(D200="High", E200="Medium"), AND(D200="Medium", E200="High")), "High", IF(OR(AND(D200="Low", E200="High"), AND(D200="Medium", E200="Medium")), "Medium", "Low")))) | G200: =IF(F200="Critical", 4, IF(F200="High", 3, IF(F200="Medium", 2, 1)))

Sheet 7. Remediation Action Plan
A1: Action ID | B1: TOM ID | C1: Gap Description | D1: Proposed Solution | E1: Owner | F1: Start Date | G1: Target Date | H1: Status | I1: % Complete | J1: Completion Date

Sheet Summary Dashboard
A1: TECHNICAL AND ORGANISATIONAL MEASURES — SUMMARY DASHBOARD
A2: ISO/IEC 27001:2022 — Control A.5.34: Privacy and Protection of Personally Identifiable Information (PII)
A4: TABLE 1: ASSESSMENT AREA COMPLIANCE OVERVIEW
A5: Assessment Area | B5: Total Items | C5: Compliant | D5: Partial | E5: Non-Compliant | F5: N/A | G5: Compliance %
A6: TOM Control Inventory | B6: =COUNTA('2. TOM Control Inventory'!D3:D22) | C6: =COUNTIF('2. TOM Control Inventory'!D3:D22,"Implemented") | D6: =COUNTIF('2. TOM Control Inventory'!D3:D22,"Partially Implemented") | E6: =COUNTIF('2. TOM Control Inventory'!D3:D22,"Not Implemented") | F6: =COUNTIF('2. TOM Control Inventory'!D3:D22,"Planned") | G6: =IF((B6-F6)=0,0,C6/(B6-F6))
A7: Control Effectiveness | B7: =COUNTA('2. TOM Control Inventory'!H3:H22) | C7: =COUNTIF('2. TOM Control Inventory'!H3:H22,"Effective") | D7: =COUNTIF('2. TOM Control Inventory'!H3:H22,"Partially Effective") | E7: =COUNTIF('2. TOM Control Inventory'!H3:H22,"Ineffective") | F7: =COUNTIF('2. TOM Control Inventory'!H3:H22,"Not Tested") | G7: =IF((B7-F7)=0,0,C7/(B7-F7))
A8: Gap Analysis & Risk | B8: =COUNTA('6. Gap Analysis & Risk'!C2:C201) | C8: =COUNTIF('6. Gap Analysis & Risk'!F2:F201,"Low") | D8: =COUNTIF('6. Gap Analysis & Risk'!F2:F201,"Medium") | E8: =COUNTIF('6. Gap Analysis & Risk'!F2:F201,"High")+COUNTIF('6. Gap Analysis & Risk'!F2:F201,"Critical") | F8: ="" | G8: =IF((B8-F8)=0,0,C8/(B8-F8))
A9: Remediation Action Plan | B9: =COUNTA('7. Remediation Action Plan'!C2:C201) | C9: =COUNTIF('7. Remediation Action Plan'!H2:H201,"Complete") | D9: =COUNTIF('7. Remediation Action Plan'!H2:H201,"In Progress") | E9: =COUNTIF('7. Remediation Action Plan'!H2:H201,"Not Started") | F9: =COUNTIF('7. Remediation Action Plan'!H2:H201,"Cancelled") | G9: =IF((B9-F9)=0,0,C9/(B9-F9))
A10: TOTAL | B10: =SUM(B6:B9) | C10: =SUM(C6:C9) | D10: =SUM(D6:D9) | E10: =SUM(E6:E9) | F10: =SUM(F6:F9) | G10: =IF((B10-F10)=0,0,C10/(B10-F10))
A12: TABLE 2: KEY METRICS
A13: Metric | B13: Value
A14: Total TOMs in Inventory (GDPR Art. 32) | B14: =COUNTA('2. TOM Control Inventory'!D3:D22)
A15: TOMs Fully Implemented | B15: =COUNTIF('2. TOM Control Inventory'!D3:D22,"Implemented")
A16: TOMs Partially Implemented | B16: =COUNTIF('2. TOM Control Inventory'!D3:D22,"Partially Implemented")
A17: TOMs Planned (Not Yet Implemented) | B17: =COUNTIF('2. TOM Control Inventory'!D3:D22,"Planned")
A18: TOMs Not Implemented | B18: =COUNTIF('2. TOM Control Inventory'!D3:D22,"Not Implemented")
A19: TOMs Fully Effective | B19: =COUNTIF('2. TOM Control Inventory'!H3:H22,"Effective")
A20: TOMs Partially Effective | B20: =COUNTIF('2. TOM Control Inventory'!H3:H22,"Partially Effective")
A21: TOMs Ineffective | B21: =COUNTIF('2. TOM Control Inventory'!H3:H22,"Ineffective")
A22: TOMs Not Tested (No Effectiveness Data) | B22: =COUNTIF('2. TOM Control Inventory'!H3:H22,"Not Tested")
A23: Critical Risk TOMs | B23: =COUNTIF('2. TOM Control Inventory'!K3:K22,"Critical")
A24: High Risk TOMs | B24: =COUNTIF('2. TOM Control Inventory'!K3:K22,"High")
A25: Total Gaps Identified | B25: =COUNTA('6. Gap Analysis & Risk'!C2:C201)
A26: Total Remediation Actions | B26: =COUNTA('7. Remediation Action Plan'!C2:C201)
A30: TABLE 3: CRITICAL FINDINGS REQUIRING IMMEDIATE ATTENTION
A31: Category | B31: Finding | C31: Count | D31: Severity | E31: Action Required
A32: TOM Inventory | B32: Critical TOMs not implemented (GDPR Art. 32 violation) | C32: =COUNTIFS('2. TOM Control Inventory'!D3:D22,"Not Implemented",'2. TOM Control Inventory'!K3:K22,"Critical") | D32: Critical | E32: Immediate
A33: TOM Inventory | B33: Total TOMs not yet implemented | C33: =COUNTIF('2. TOM Control Inventory'!D3:D22,"Not Implemented") | D33: Critical | E33: Immediate
A34: TOM Inventory | B34: TOMs with ineffective controls | C34: =COUNTIF('2. TOM Control Inventory'!H3:H22,"Ineffective") | D34: High | E34: Urgent
A35: TOM Inventory | B35: TOMs not tested (no effectiveness data) | C35: =COUNTIF('2. TOM Control Inventory'!H3:H22,"Not Tested") | D35: Medium | E35: Plan
A36: Gap Analysis | B36: Critical risk gaps identified | C36: =COUNTIF('6. Gap Analysis & Risk'!F2:F201,"Critical") | D36: Critical | E36: Immediate
A37: Gap Analysis | B37: High risk gaps identified | C37: =COUNTIF('6. Gap Analysis & Risk'!F2:F201,"High") | D37: High | E37: Urgent
