Workbook

Sheet Instructions & Legend
A1: ISMS-IMP-A.5.34.1 - PII Identification and Classification ISO/IEC 27001:2022 - Control A.5.34: Privacy and Protection of PII
A3: Document Information
A4: Document ID | B4: ISMS-IMP-A.5.34.1
A5: Workbook Title | B5: PII Identification and Classification
A6: Control Reference | B6: ISO/IEC 27001:2022 - Control A.5.34: Privacy and Protection of PII
A7: Version | B7: 1.0
A8: Assessment Date
A9: Completed By
A10: Organisation
A12: Instructions
A13: 1. Complete Sheet 2 (PII System Inventory) — identify all PII-containing systems.
A14: 2. Complete Sheet 3 (Data Flow Mapping) — map PII flows including cross-border transfers.
A15: 3. Complete Sheet 4 (ROPA) — create GDPR-compliant processing activity records.
A16: 4. Complete Sheet 5 (Gaps) — document non-compliant processing and remediation plans.
A17: 5. Complete Sheet 6 (Evidence Register) — link supporting evidence for audit trail.
A18: 6. Review Sheet 7 (Dashboard) — validate compliance metrics.
A19: 7. Obtain approvals in Sheet 8 (Approval Sign-Off).
A21: Status Legend
A22: Symbol | B22: Status | C22: Description
A23: ✓ | B23: Compliant / Complete | C23: Requirement fully met
A24: ⚠ | B24: Partial / In Progress | C24: Partially met or in progress
A25: ✗ | B25: Non-Compliant / Not Started | C25: Requirement not met
A26: — | B26: Not Applicable | C26: Not applicable to this assessment

Sheet 2. PII System Inventory
A1: RowID | B1: Status | C1: System Name | D1: System Owner | E1: System Type | F1: PII Processing Role | G1: PII Data Subjects | H1: PII Categories | I1: PII Classification | J1: Sensitive PII Types (if applicable) | K1: Data Volume (approx. records) | L1: Hosting Location | M1: Access Level (who/how many) | N1: Discovery Method | O1: Discovery Date | P1: Last Updated | Q1: Updated By | R1: Notes | S1: Evidence Reference | T1: Review Comments
A2: =TEXT(ROW()-1,"SYS-000") | C2: Example Corp HR System | D2: IT Security Manager | E2: Enterprise Application | F2: Controller | G2: Employees, Contractors | H2: Names, Email, Employee ID, Job Title | I2: Basic PII (GDPR Art. 4(1)) | K2: ~2,500 | L2: On-Premises Data Centre | N2: Manual System Audit

Sheet 3. PII Data Flow Mapping
A1: RowID | B1: Status | C1: Source System | D1: Destination System | E1: PII Categories Transferred | F1: Transfer Method | G1: Transfer Frequency | H1: Purpose of Transfer | I1: Legal Basis (Art. 6) | J1: Recipient Type | K1: Recipient Name (if external) | L1: Cross-Border Transfer? | M1: Destination Country | N1: Transfer Mechanism | O1: SCC Date (if applicable) | P1: TIA Completed? (if cross-border) | Q1: Security Measures | R1: Last Updated | S1: Updated By | T1: Notes | U1: Evidence Reference | V1: Review Comments
A2: =TEXT(ROW()-1,"FLOW-000") | C2: HR System | D2: Microsoft Azure AD | E2: Names, Email, Employee ID | F2: API | G2: Real-time | H2: Identity and Access Management | I2: Contract (GDPR Art. 6(1)(b)) | J2: Internal Processor | L2: No

Sheet 4. ROPA (Record of Processing)
A1: RowID | B1: Status | C1: Processing Activity Name | D1: Purpose of Processing | E1: Legal Basis (Art. 6) | F1: Legal Basis (Art. 9 if special category) | G1: Legal Basis Justification | H1: Categories of Data Subjects | I1: Categories of Personal Data | J1: Contains Special Category Data? | K1: Specific Special Category Types | L1: Categories of Recipients (Internal) | M1: Categories of Recipients (Processors) | N1: Categories of Recipients (Third Parties) | O1: Categories of Recipients (Public Authorities) | P1: Transfers to Third Countries? | Q1: Third Countries | R1: Transfer Safeguards | S1: Retention Period | T1: Retention Justification | U1: Deletion Method | V1: Technical Security Measures | W1: Organisational Security Measures | X1: Data Sources | Y1: Data Subject Rights Supported | Z1: DPIA Completed? | AA1: DPIA Reference | AB1: LIA Completed? (if Leg. Interest) | AC1: LIA Reference | AD1: Last Updated | AE1: Updated By | AF1: Notes | AG1: Evidence Reference | AH1: Review Comments
A2: =TEXT(ROW()-1,"ROPA-000") | C2: Employee Payroll Processing | D2: Processing employee salaries and tax obligations | E2: Contract (GDPR Art. 6(1)(b)) | H2: Employees | I2: Names, Bank Account Details, Tax ID, Salary | J2: No | P2: No | S2: AES-256 encryption at rest and in transit | T2: Need-to-know access control, HR policy

Sheet 5. PII Discovery Gaps
A1: GapID | B1: Status | C1: Gap Type | D1: Gap Description | E1: System/Activity Affected | F1: Risk Level | G1: Risk Justification | H1: Remediation Action | I1: Remediation Owner | J1: Target Completion Date | K1: Actual Completion Date | L1: Date Identified | M1: Identified By | N1: Last Updated | O1: Updated By | P1: Notes | Q1: Evidence Reference | R1: Review Comments
A2: =TEXT(YEAR(TODAY()),"0000")&"-GAP-"&TEXT(ROW()-1,"000") | C2: Missing Legal Basis | D2: Processing activity lacks documented legal basis under GDPR Art. 6 | E2: Marketing Email System | F2: High | G2: Potential GDPR Art. 83 fine risk | H2: Document consent capture mechanism or identify lawful basis | I2: DPO / Privacy Officer

Sheet Evidence Register
A1: EVIDENCE REGISTER
A2: ISO/IEC 27001:2022 - Control A.5.34: Privacy and Protection of PII | PII Identification and Classification Assessment
A4: Evidence ID | B4: Evidence Type | C4: Description | D4: Related System / Activity | E4: Collection Date (DD.MM.YYYY) | F4: Storage Location / Reference | G4: Collected By | H4: Status
A5: EV-A534.1-001 | B5: Document | C5: Sample evidence entry — replace with actual evidence | D5: A.5.34.1 All Domains | E5: 01.01.2026 | F5: SharePoint/ISMS/Evidence/ | G5: ISMS Team | H5: Active

Sheet Summary Dashboard
A1: PII IDENTIFICATION AND CLASSIFICATION — SUMMARY DASHBOARD
A2: ISO/IEC 27001:2022 — Control A.5.34: Privacy and Protection of Personally Identifiable Information (PII)
A4: TABLE 1: ASSESSMENT AREA COMPLIANCE OVERVIEW
A5: Assessment Area | B5: Total Items | C5: Compliant | D5: Partial | E5: Non-Compliant | F5: N/A | G5: Compliance %
A6: PII System Inventory | B6: =COUNTA('2. PII System Inventory'!C3:C52) | C6: =COUNTIF('2. PII System Inventory'!B3:B52,"Validated") | D6: =COUNTIF('2. PII System Inventory'!B3:B52,"In Progress") | E6: =COUNTIF('2. PII System Inventory'!B3:B52,"Not Started") | F6: =COUNTIF('2. PII System Inventory'!B3:B52,"Complete") | G6: =IF((B6-F6)=0,0,C6/(B6-F6))
A7: PII Data Flow Mapping | B7: =COUNTA('3. PII Data Flow Mapping'!C3:C52) | C7: =COUNTIF('3. PII Data Flow Mapping'!B3:B52,"Complete") | D7: =COUNTIF('3. PII Data Flow Mapping'!B3:B52,"In Progress") | E7: =COUNTIF('3. PII Data Flow Mapping'!B3:B52,"Not Started") | F7: ="" | G7: =IF((B7-F7)=0,0,C7/(B7-F7))
A8: Processing Activities (ROPA) | B8: =COUNTA('4. ROPA (Record of Processing)'!C3:C52) | C8: =COUNTIF('4. ROPA (Record of Processing)'!B3:B52,"Validated") | D8: =COUNTIF('4. ROPA (Record of Processing)'!B3:B52,"In Progress") | E8: =COUNTIF('4. ROPA (Record of Processing)'!B3:B52,"Not Started") | F8: =COUNTIF('4. ROPA (Record of Processing)'!B3:B52,"Complete") | G8: =IF((B8-F8)=0,0,C8/(B8-F8))
A9: PII Discovery Gaps | B9: =COUNTA('5. PII Discovery Gaps'!B3:B52) | C9: =COUNTIF('5. PII Discovery Gaps'!B3:B52,"Completed") | D9: =COUNTIF('5. PII Discovery Gaps'!B3:B52,"In Progress") | E9: =COUNTIF('5. PII Discovery Gaps'!B3:B52,"Open") | F9: =COUNTIF('5. PII Discovery Gaps'!B3:B52,"Accepted") | G9: =IF((B9-F9)=0,0,C9/(B9-F9))
A10: TOTAL | B10: =SUM(B6:B9) | C10: =SUM(C6:C9) | D10: =SUM(D6:D9) | E10: =SUM(E6:E9) | F10: =SUM(F6:F9) | G10: =IF((B10-F10)=0,0,C10/(B10-F10))
A12: TABLE 2: KEY METRICS
A13: Metric | B13: Value
A14: Total Systems Processing PII | B14: =COUNTA('2. PII System Inventory'!C3:C52)
A15: Systems Validated (Assessment Complete) | B15: =COUNTIF('2. PII System Inventory'!B3:B52,"Validated")
A16: Systems Not Started (Action Required) | B16: =COUNTIF('2. PII System Inventory'!B3:B52,"Not Started")
A17: Systems with Sensitive PII (GDPR Art. 9) | B17: =COUNTIF('2. PII System Inventory'!I3:I52,"Sensitive PII*")
A18: Systems with Criminal Offense Data (Art. 10) | B18: =COUNTIF('2. PII System Inventory'!I3:I52,"Criminal Offense*")
A19: Total Data Flows Mapped | B19: =COUNTA('3. PII Data Flow Mapping'!C3:C52)
A20: Active Data Flows | B20: =COUNTIF('3. PII Data Flow Mapping'!B3:B52,"Complete")
A21: Data Flows with Sensitive PII | B21: =COUNTIF('3. PII Data Flow Mapping'!E3:E52,"Sensitive PII*")
A22: Total ROPA Processing Activities | B22: =COUNTA('4. ROPA (Record of Processing)'!C3:C52)
A23: Active Processing Activities | B23: =COUNTIF('4. ROPA (Record of Processing)'!B3:B52,"Validated")
A24: ROPA Entries Under Review | B24: =COUNTIF('4. ROPA (Record of Processing)'!B3:B52,"In Progress")
A25: Total PII Discovery Gaps | B25: =COUNTA('5. PII Discovery Gaps'!B3:B52)
A26: Open / Active Gaps | B26: =COUNTIF('5. PII Discovery Gaps'!B3:B52,"Open")
A27: Resolved Gaps | B27: =COUNTIF('5. PII Discovery Gaps'!B3:B52,"Completed")
A31: TABLE 3: CRITICAL FINDINGS REQUIRING IMMEDIATE ATTENTION
A32: Category | B32: Finding | C32: Count | D32: Severity | E32: Action Required
A33: PII System Inventory | B33: Systems not started (PII processing unknown) | C33: =COUNTIF('2. PII System Inventory'!B3:B52,"Not Started") | D33: Critical | E33: Immediate
A34: PII System Inventory | B34: Systems with Criminal Offense Data (GDPR Art. 10) | C34: =COUNTIF('2. PII System Inventory'!I3:I52,"Criminal Offense*") | D34: Critical | E34: Immediate
A35: PII System Inventory | B35: Systems with Sensitive / Special Category PII (Art. 9) | C35: =COUNTIF('2. PII System Inventory'!I3:I52,"Sensitive PII*") | D35: High | E35: Urgent
A36: ROPA | B36: Processing activities not yet started | C36: =COUNTIF('4. ROPA (Record of Processing)'!B3:B52,"Not Started") | D36: High | E36: Urgent
A37: PII Discovery Gaps | B37: Open / unresolved PII discovery gaps | C37: =COUNTIF('5. PII Discovery Gaps'!B3:B52,"Open") | D37: High | E37: Urgent
A38: PII Discovery Gaps | B38: Critical risk PII gaps | C38: =COUNTIF('5. PII Discovery Gaps'!F3:F52,"Critical") | D38: Critical | E38: Immediate

Sheet Approval Sign-Off
A1: ASSESSMENT APPROVAL AND SIGN-OFF
A2: ISO/IEC 27001:2022 - Control A.5.34: Privacy and Protection of PII
A3: ASSESSMENT SUMMARY
A4: Document: | B4: ISMS-IMP-A.5.34.1 - PII Identification and Classification
A5: Assessment Period:
A6: Overall Compliance Rating: | B6: =IFERROR(AVERAGE('Summary Dashboard'!G6:G9),"")
A7: Assessment Status:
A8: Assessed By:
A11: COMPLETED BY (ASSESSOR)
A12: Name:
A13: Title:
A14: Date:
A15: Signature:
A16: Comments:
A18: REVIEWED BY (INFORMATION SECURITY OFFICER)
A19: Name:
A20: Title:
A21: Date:
... A38: Special Considerations:
