Workbook

Sheet Instructions & Legend
A1: ISMS-IMP-A.5.34.6 - Cross-Border Transfer Assessment ISO/IEC 27001:2022 - Control A.5.34: Privacy and Protection of PII
A3: Document Information
A4: Document ID | B4: ISMS-IMP-A.5.34.6
A5: Workbook Title | B5: Cross-Border Transfer Assessment
A6: Control Reference | B6: ISO/IEC 27001:2022 - Control A.5.34: Privacy and Protection of PII
A7: Version | B7: 1.0
A8: Assessment Date
A9: Completed By
A10: Organisation
A12: Instructions
A13: 1. Complete Sheet 2 (Transfer Register) — inventory all international personal data transfers.
A14: 2. Complete Sheet 3 (TIA Register) — conduct Transfer Impact Assessments for non-adequate countries.
A15: 3. Complete Sheet 4 (Processor Tracker) — verify DPAs and SCCs for all processors.
A16: 4. Complete Sheet 5 (Evidence Repository) — link supporting evidence for all transfers.
A17: 5. Complete Sheet 6 (Gap Analysis) — document non-compliant or under-documented transfers.
A18: 6. Review Sheet 7 (Dashboard) — validate transfer compliance metrics.
A19: 7. Obtain sign-offs in Sheet 8 (Approvals) — DPO and stakeholder approvals.
A21: Status Legend
A22: Symbol | B22: Status | C22: Description
A23: ✓ | B23: Compliant / Complete | C23: Requirement fully met
A24: ⚠ | B24: Partial / In Progress | C24: Partially met or in progress
A25: ✗ | B25: Non-Compliant / Not Started | C25: Requirement not met
A26: — | B26: Not Applicable | C26: Not applicable to this assessment

Sheet Transfer Register
A1: CROSS-BORDER TRANSFER REGISTER
A2: Transfer ID | B2: Status | C2: Transfer Name | D2: Source System | E2: Destination System | F2: Destination Country | G2: Adequacy Status | H2: Transfer Mechanism | I2: SCC Version | J2: SCC Date | K2: DPF Cert? | L2: TIA Required? | M2: TIA ID | N2: PII Categories | O2: Transfer Volume | P2: Transfer Frequency | Q2: Purpose | R2: Legal Basis (Art.6) | S2: Last Updated | T2: Notes
A3: =TEXT(ROW()-2,"XFER-0000")

Sheet TIA Register
A1: TIA REGISTER
A2: TIA ID | B2: Transfer ID | C2: Status | D2: Destination Country | E2: Assessment Date | F2: Assessor | G2: Surveillance Laws | H2: Gov Access Risk | I2: Risk Justification | J2: Supplementary Measures | K2: Residual Risk | L2: TIA Conclusion | M2: DPO Approval | N2: Next Review Date | O2: Notes
A3: =TEXT(ROW()-2,"TIA-0000")

Sheet Processor Tracker
A1: PROCESSOR AGREEMENT TRACKER
A2: Processor ID | B2: Transfer ID | C2: Processor Name | D2: Processor Location | E2: DPA Exists? | F2: DPA Date | G2: SCCs Included? | H2: SCC Version | I2: SCC Date | J2: Subprocessors? | K2: Compliance Status | L2: Gap Description | M2: Remediation Action | N2: Owner | O2: Deadline | P2: Notes
A3: =TEXT(ROW()-2,"PROC-0000")

Sheet Evidence Repository
A1: EVIDENCE REPOSITORY
A2: Evidence ID | B2: Transfer ID | C2: TIA ID | D2: Evidence Type | E2: Description | F2: Document Name | G2: File Location | H2: Upload Date | I2: Owner | J2: Status | K2: Notes
A3: =TEXT(ROW()-2,"EVID-0000")

Sheet Gap Analysis
A1: GAP ANALYSIS
A2: Gap ID | B2: Transfer ID | C2: Gap Type | D2: Description | E2: Risk Level | F2: Affected Data Subjects | G2: Discovery Date | H2: Remediation Action | I2: Owner | J2: Target Date | K2: Status | L2: Notes
A3: =TEXT(ROW()-2,"GAP-0000")

Sheet Summary Dashboard
A1: CROSS-BORDER TRANSFER — SUMMARY DASHBOARD
A2: ISO/IEC 27001:2022 — Control A.5.34: Privacy and Protection of Personally Identifiable Information (PII)
A4: TABLE 1: ASSESSMENT AREA COMPLIANCE OVERVIEW
A5: Assessment Area | B5: Total Items | C5: Compliant | D5: Partial | E5: Non-Compliant | F5: N/A | G5: Compliance %
A6: Transfer Register | B6: =COUNTA('Transfer Register'!C4:C53) | C6: =COUNTIF('Transfer Register'!H4:H53,"Adequacy")+COUNTIF('Transfer Register'!H4:H53,"DPF") | D6: =COUNTIF('Transfer Register'!H4:H53,"SCCs")+COUNTIF('Transfer Register'!H4:H53,"BCRs") | E6: =COUNTIF('Transfer Register'!H4:H53,"Derogation") | F6: ="" | G6: =IF((B6-F6)=0,0,C6/(B6-F6))
A7: TIA Register | B7: =COUNTA('TIA Register'!B4:B53) | C7: =COUNTIF('TIA Register'!L4:L53,"PASS") | D7: =COUNTIF('TIA Register'!L4:L53,"PASS with Conditions") | E7: =COUNTIF('TIA Register'!L4:L53,"FAIL") | F7: ="" | G7: =IF((B7-F7)=0,0,C7/(B7-F7))
A8: Processor Tracker | B8: =COUNTA('Processor Tracker'!C4:C53) | C8: =COUNTIF('Processor Tracker'!K4:K53,"Compliant") | D8: =COUNTIF('Processor Tracker'!K4:K53,"Partially Compliant") | E8: =COUNTIF('Processor Tracker'!K4:K53,"Non-Compliant") | F8: ="" | G8: =IF((B8-F8)=0,0,C8/(B8-F8))
A9: Gap Analysis | B9: =COUNTA('Gap Analysis'!B4:B53) | C9: =COUNTIF('Gap Analysis'!E4:E53,"Low") | D9: =COUNTIF('Gap Analysis'!E4:E53,"Medium") | E9: =COUNTIF('Gap Analysis'!E4:E53,"High")+COUNTIF('Gap Analysis'!E4:E53,"Critical") | F9: ="" | G9: =IF((B9-F9)=0,0,C9/(B9-F9))
A10: TOTAL | B10: =SUM(B6:B9) | C10: =SUM(C6:C9) | D10: =SUM(D6:D9) | E10: =SUM(E6:E9) | F10: =SUM(F6:F9) | G10: =IF((B10-F10)=0,0,C10/(B10-F10))
A12: TABLE 2: KEY METRICS
A13: Metric | B13: Value
A14: Total Transfers Registered | B14: =COUNTA('Transfer Register'!C4:C53)
A15: Transfers with Adequacy Decision (Art. 45) | B15: =COUNTIF('Transfer Register'!H4:H53,"Adequacy")
A16: Transfers with Standard Contractual Clauses | B16: =COUNTIF('Transfer Register'!H4:H53,"SCCs")
A17: Transfers with Binding Corporate Rules | B17: =COUNTIF('Transfer Register'!H4:H53,"BCRs")
A18: Transfers via Data Privacy Framework | B18: =COUNTIF('Transfer Register'!H4:H53,"DPF")
A19: Transfers via Derogation (Art. 49 — Exceptional) | B19: =COUNTIF('Transfer Register'!H4:H53,"Derogation")
A20: Total TIAs Conducted | B20: =COUNTA('TIA Register'!B4:B53)
A21: TIAs Passing | B21: =COUNTIF('TIA Register'!L4:L53,"PASS")
A22: TIAs Passing with Conditions | B22: =COUNTIF('TIA Register'!L4:L53,"PASS with Conditions")
A23: TIAs Failing (Transfer at Risk) | B23: =COUNTIF('TIA Register'!L4:L53,"FAIL")
A24: Processors Tracked | B24: =COUNTA('Processor Tracker'!C4:C53)
A25: Compliant Processors | B25: =COUNTIF('Processor Tracker'!K4:K53,"Compliant")
A26: Non-Compliant Processors | B26: =COUNTIF('Processor Tracker'!K4:K53,"Non-Compliant")
A30: TABLE 3: CRITICAL FINDINGS REQUIRING IMMEDIATE ATTENTION
A31: Category | B31: Finding | C31: Count | D31: Severity | E31: Action Required
A32: TIA Register | B32: TIAs with FAIL conclusion (transfer at risk — GDPR Chapter V) | C32: =COUNTIF('TIA Register'!L4:L53,"FAIL") | D32: Critical | E32: Immediate
A33: Processor Tracker | B33: Non-compliant third-country processors | C33: =COUNTIF('Processor Tracker'!K4:K53,"Non-Compliant") | D33: Critical | E33: Immediate
A34: Transfer Register | B34: Transfers via derogation only (Art. 49 — not a general basis) | C34: =COUNTIF('Transfer Register'!H4:H53,"Derogation") | D34: High | E34: Urgent
A35: Gap Analysis | B35: Critical risk transfer gaps | C35: =COUNTIF('Gap Analysis'!E4:E53,"Critical") | D35: Critical | E35: Immediate
A36: Gap Analysis | B36: High risk transfer gaps | C36: =COUNTIF('Gap Analysis'!E4:E53,"High") | D36: High | E36: Urgent
A37: Processor Tracker | B37: Partially compliant processors requiring remediation | C37: =COUNTIF('Processor Tracker'!K4:K53,"Partially Compliant") | D37: Medium | E37: Plan

Sheet Approval Sign-Off
A1: ASSESSMENT APPROVAL AND SIGN-OFF
A2: ISO/IEC 27001:2022 - Control A.5.34: Privacy and Protection of PII
A3: ASSESSMENT SUMMARY
A4: Document: | B4: ISMS-IMP-A.5.34.6 - Cross-Border Transfer Assessment
A5: Assessment Period:
A6: Overall Compliance Rating: | B6: =IFERROR(AVERAGE('Summary Dashboard'!G6:G9),"")
A7: Assessment Status:
A8: Assessed By:
A11: COMPLETED BY (ASSESSOR)
A12: Name:
A13: Title:
A14: Date:
A15: Signature:
A16: Comments:
A18: REVIEWED BY (INFORMATION SECURITY OFFICER)
A19: Name:
A20: Title:
A21: Date:
... A38: Special Considerations:
