Workbook

Sheet Instructions & Legend
A1: ISMS-IMP-A.5.34.3 - Data Subject Rights Management Assessment ISO/IEC 27001:2022 - Annex A Control A.5.34
A3: Document Information
A4: Document ID | B4: ISMS-IMP-A.5.34.3
A5: Assessment Area | B5: Data Subject Rights Management and SLA Compliance
A6: Control Reference | B6: ISO/IEC 27001:2022 Annex A Control A.5.34
A7: Version | B7: 1.0
A8: Assessment Date
A9: Completed By
A10: Organisation
A11: Review Cycle | B11: Annual
A13: Instructions
A14: 1. Complete Sheet 2 (DSR Request Inventory) — log all data subject rights requests
A15: 2. Review Sheet 3 (Request Processing Procedures) — follow procedures for each right type
A16: 3. Monitor Sheet 4 (SLA Compliance Tracking) — track 30-day GDPR deadlines
A17: 4. Log exceptions in Sheet 5 (Exception & Rejection Tracking)
A18: 5. Analyse Sheet 6 (Rights-Specific Analysis) — review by right type
A19: 6. Complete Sheet 7 (Evidence Repository) — link supporting evidence
A20: 7. Review Sheet 8 (Dashboard) — validate compliance metrics
A21: 8. Obtain approvals in Sheet 9 (Approval & Sign-Off)
A23: Status Legend
A24: Symbol | B24: Status | C24: Description
A25: ✅ | B25: Met | C25: SLA deadline met — response delivered on time
A26: ⚠ | B26: Pending | C26: Request in progress — deadline not yet reached
A27: ❌ | B27: Breached | C27: SLA breach — response overdue
A28: — | B28: N/A | C28: Not applicable to this assessment

Sheet 2. DSR Request Inventory
A1: Request ID | B1: Receipt Date | C1: Request Channel | D1: Right Type | E1: Requester Name | F1: Requester Contact | G1: Request Description | H1: Request Scope | I1: Identity Verification Method | J1: Verification Status | K1: Verification Date | L1: Response Date | M1: Response Deadline | N1: Days to Respond | O1: SLA Status | P1: Response Method | Q1: Response Description | R1: Request Outcome | S1: Rejection Reason | T1: Extension Justification | U1: Requester Satisfaction | V1: Request Complexity | W1: Effort (Hours) | X1: Assigned To | Y1: Evidence Reference
M2: =B2+30 | N2: =IF(L2="", "", L2-B2) | O2: =IF(L2="", "Pending", IF(N2<=30, "Met", "Breached"))
M3: =B3+30 | N3: =IF(L3="", "", L3-B3) | O3: =IF(L3="", "Pending", IF(N3<=30, "Met", "Breached"))
M4: =B4+30 | N4: =IF(L4="", "", L4-B4) | O4: =IF(L4="", "Pending", IF(N4<=30, "Met", "Breached"))
M5: =B5+30 | N5: =IF(L5="", "", L5-B5) | O5: =IF(L5="", "Pending", IF(N5<=30, "Met", "Breached"))
M6: =B6+30 | N6: =IF(L6="", "", L6-B6) | O6: =IF(L6="", "Pending", IF(N6<=30, "Met", "Breached"))
M7: =B7+30 | N7: =IF(L7="", "", L7-B7) | O7: =IF(L7="", "Pending", IF(N7<=30, "Met", "Breached"))
M8: =B8+30 | N8: =IF(L8="", "", L8-B8) | O8: =IF(L8="", "Pending", IF(N8<=30, "Met", "Breached"))
M9: =B9+30 | N9: =IF(L9="", "", L9-B9) | O9: =IF(L9="", "Pending", IF(N9<=30, "Met", "Breached"))
M10: =B10+30 | N10: =IF(L10="", "", L10-B10) | O10: =IF(L10="", "Pending", IF(N10<=30, "Met", "Breached"))
M11: =B11+30 | N11: =IF(L11="", "", L11-B11) | O11: =IF(L11="", "Pending", IF(N11<=30, "Met", "Breached"))
M12: =B12+30 | N12: =IF(L12="", "", L12-B12) | O12: =IF(L12="", "Pending", IF(N12<=30, "Met", "Breached"))
M13: =B13+30 | N13: =IF(L13="", "", L13-B13) | O13: =IF(L13="", "Pending", IF(N13<=30, "Met", "Breached"))
... M10000: =B10000+30 | N10000: =IF(L10000="", "", L10000-B10000) | O10000: =IF(L10000="", "Pending", IF(N10000<=30, "Met", "Breached"))

Sheet 3. Request Process. Procedures
A1: Right Type | B1: Standard Response Time | C1: Identity Verification Required | D1: Typical Fulfillment Steps | E1: Systems Involved | F1: Quality Checklist | G1: Common Exceptions | H1: Escalation Criteria
A2: Access
A3: Rectification
A4: Erasure
A5: Restriction
A6: Data Portability
A7: Object
A8: Automated Decision-Making

Sheet 4. SLA Compliance Tracking
A1: SLA COMPLIANCE DASHBOARD
A4: SUMMARY METRICS
A5: Total Requests in Period | B5: =COUNTA('2. DSR Request Inventory'!A2:A10000)
A6: Requests Met SLA | B6: =COUNTIF('2. DSR Request Inventory'!O2:O10000, "Met")
A7: Requests Breached SLA | B7: =COUNTIF('2. DSR Request Inventory'!O2:O10000, "Breached")
A8: Requests Pending | B8: =COUNTIF('2. DSR Request Inventory'!O2:O10000, "Pending")
A9: SLA Compliance Rate | B9: =IF(B5-B8=0, 0, B6/(B5-B8))
A10: Average Response Time (Days) | B10: =AVERAGE('2. DSR Request Inventory'!N2:N10000)
A13: BREAKDOWN BY RIGHT TYPE
A14: Right Type | B14: Total | C14: SLA Met | D14: SLA Breached | E14: Avg Response Time
A15: Access | B15: =COUNTIF('2. DSR Request Inventory'!D2:D10000, "Access (Art. 15)*") | C15: =COUNTIFS('2. DSR Request Inventory'!D2:D10000, "Access (Art. 15)*", '2. DSR Request Inventory'!O2:O10000, "Met") | D15: =COUNTIFS('2. DSR Request Inventory'!D2:D10000, "Access (Art. 15)*", '2. DSR Request Inventory'!O2:O10000, "Breached") | E15: =AVERAGEIF('2. DSR Request Inventory'!D2:D10000, "Access (Art. 15)*", '2. DSR Request Inventory'!N2:N10000)
A16: Rectification | B16: =COUNTIF('2. DSR Request Inventory'!D2:D10000, "Rectification (Art. 16)*") | C16: =COUNTIFS('2. DSR Request Inventory'!D2:D10000, "Rectification (Art. 16)*", '2. DSR Request Inventory'!O2:O10000, "Met") | D16: =COUNTIFS('2. DSR Request Inventory'!D2:D10000, "Rectification (Art. 16)*", '2. DSR Request Inventory'!O2:O10000, "Breached") | E16: =AVERAGEIF('2. DSR Request Inventory'!D2:D10000, "Rectification (Art. 16)*", '2. DSR Request Inventory'!N2:N10000)
A17: Erasure | B17: =COUNTIF('2. DSR Request Inventory'!D2:D10000, "Erasure (Art. 17)*") | C17: =COUNTIFS('2. DSR Request Inventory'!D2:D10000, "Erasure (Art. 17)*", '2. DSR Request Inventory'!O2:O10000, "Met") | D17: =COUNTIFS('2. DSR Request Inventory'!D2:D10000, "Erasure (Art. 17)*", '2. DSR Request Inventory'!O2:O10000, "Breached") | E17: =AVERAGEIF('2. DSR Request Inventory'!D2:D10000, "Erasure (Art. 17)*", '2. DSR Request Inventory'!N2:N10000)
A18: Restriction | B18: =COUNTIF('2. DSR Request Inventory'!D2:D10000, "Restriction (Art. 18)*") | C18: =COUNTIFS('2. DSR Request Inventory'!D2:D10000, "Restriction (Art. 18)*", '2. DSR Request Inventory'!O2:O10000, "Met") | D18: =COUNTIFS('2. DSR Request Inventory'!D2:D10000, "Restriction (Art. 18)*", '2. DSR Request Inventory'!O2:O10000, "Breached") | E18: =AVERAGEIF('2. DSR Request Inventory'!D2:D10000, "Restriction (Art. 18)*", '2. DSR Request Inventory'!N2:N10000)
A19: Data Portability | B19: =COUNTIF('2. DSR Request Inventory'!D2:D10000, "Data Portability (Art. 20)*") | C19: =COUNTIFS('2. DSR Request Inventory'!D2:D10000, "Data Portability (Art. 20)*", '2. DSR Request Inventory'!O2:O10000, "Met") | D19: =COUNTIFS('2. DSR Request Inventory'!D2:D10000, "Data Portability (Art. 20)*", '2. DSR Request Inventory'!O2:O10000, "Breached") | E19: =AVERAGEIF('2. DSR Request Inventory'!D2:D10000, "Data Portability (Art. 20)*", '2. DSR Request Inventory'!N2:N10000)
A20: Object | B20: =COUNTIF('2. DSR Request Inventory'!D2:D10000, "Object (Art. 21)*") | C20: =COUNTIFS('2. DSR Request Inventory'!D2:D10000, "Object (Art. 21)*", '2. DSR Request Inventory'!O2:O10000, "Met") | D20: =COUNTIFS('2. DSR Request Inventory'!D2:D10000, "Object (Art. 21)*", '2. DSR Request Inventory'!O2:O10000, "Breached") | E20: =AVERAGEIF('2. DSR Request Inventory'!D2:D10000, "Object (Art. 21)*", '2. DSR Request Inventory'!N2:N10000)
A21: Automated Decision-Making | B21: =COUNTIF('2. DSR Request Inventory'!D2:D10000, "Automated Decision-Making (Art. 22)*") | C21: =COUNTIFS('2. DSR Request Inventory'!D2:D10000, "Automated Decision-Making (Art. 22)*", '2. DSR Request Inventory'!O2:O10000, "Met") | D21: =COUNTIFS('2. DSR Request Inventory'!D2:D10000, "Automated Decision-Making (Art. 22)*", '2. DSR Request Inventory'!O2:O10000, "Breached") | E21: =AVERAGEIF('2. DSR Request Inventory'!D2:D10000, "Automated Decision-Making (Art. 22)*", '2. DSR Request Inventory'!N2:N10000)

Sheet 5. Exception & Reject. Tracking
A1: Request ID | B1: Right Type | C1: Exception Legal Basis | D1: Detailed Justification | E1: Data Subject Notified | F1: Appeal Rights Communicated | G1: Alternative Measures Offered | H1: DPO Review | I1: Legal Counsel Review | J1: Requester Response

Sheet 6. Rights-Specific Analysis
A1: RIGHTS-SPECIFIC DEEP-DIVE ANALYSIS
A4: ACCESS
A5: Total Requests | B5: =COUNTIF('2. DSR Request Inventory'!D2:D10000, "Access (Art. 15)*")
A6: Avg Response Time | B6: =AVERAGEIF('2. DSR Request Inventory'!D2:D10000, "Access (Art. 15)*", '2. DSR Request Inventory'!N2:N10000)
A7: SLA Compliance Rate | B7: =IFERROR(COUNTIFS('2. DSR Request Inventory'!D2:D10000, "Access (Art. 15)*", '2. DSR Request Inventory'!O2:O10000, "Met")/COUNTIF('2. DSR Request Inventory'!D2:D10000, "Access (Art. 15)*"), 0)
A8: Rejection Rate | B8: =IFERROR(COUNTIFS('2. DSR Request Inventory'!D2:D10000, "Access (Art. 15)*", '2. DSR Request Inventory'!R2:R10000, "Rejected")/COUNTIF('2. DSR Request Inventory'!D2:D10000, "Access (Art. 15)*"), 0)
A11: RECTIFICATION
A12: Total Requests | B12: =COUNTIF('2. DSR Request Inventory'!D2:D10000, "Rectification (Art. 16)*")
A13: Avg Response Time | B13: =AVERAGEIF('2. DSR Request Inventory'!D2:D10000, "Rectification (Art. 16)*", '2. DSR Request Inventory'!N2:N10000)
A14: SLA Compliance Rate | B14: =IFERROR(COUNTIFS('2. DSR Request Inventory'!D2:D10000, "Rectification (Art. 16)*", '2. DSR Request Inventory'!O2:O10000, "Met")/COUNTIF('2. DSR Request Inventory'!D2:D10000, "Rectification (Art. 16)*"), 0)
A15: Rejection Rate | B15: =IFERROR(COUNTIFS('2. DSR Request Inventory'!D2:D10000, "Rectification (Art. 16)*", '2. DSR Request Inventory'!R2:R10000, "Rejected")/COUNTIF('2. DSR Request Inventory'!D2:D10000, "Rectification (Art. 16)*"), 0)
A18: ERASURE
A19: Total Requests | B19: =COUNTIF('2. DSR Request Inventory'!D2:D10000, "Erasure (Art. 17)*")
A20: Avg Response Time | B20: =AVERAGEIF('2. DSR Request Inventory'!D2:D10000, "Erasure (Art. 17)*", '2. DSR Request Inventory'!N2:N10000)
A21: SLA Compliance Rate | B21: =IFERROR(COUNTIFS('2. DSR Request Inventory'!D2:D10000, "Erasure (Art. 17)*", '2. DSR Request Inventory'!O2:O10000, "Met")/COUNTIF('2. DSR Request Inventory'!D2:D10000, "Erasure (Art. 17)*"), 0)
A22: Rejection Rate | B22: =IFERROR(COUNTIFS('2. DSR Request Inventory'!D2:D10000, "Erasure (Art. 17)*", '2. DSR Request Inventory'!R2:R10000, "Rejected")/COUNTIF('2. DSR Request Inventory'!D2:D10000, "Erasure (Art. 17)*"), 0)
A25: RESTRICTION
A26: Total Requests | B26: =COUNTIF('2. DSR Request Inventory'!D2:D10000, "Restriction (Art. 18)*")
A27: Avg Response Time | B27: =AVERAGEIF('2. DSR Request Inventory'!D2:D10000, "Restriction (Art. 18)*", '2. DSR Request Inventory'!N2:N10000)
A28: SLA Compliance Rate | B28: =IFERROR(COUNTIFS('2. DSR Request Inventory'!D2:D10000, "Restriction (Art. 18)*", '2. DSR Request Inventory'!O2:O10000, "Met")/COUNTIF('2. DSR Request Inventory'!D2:D10000, "Restriction (Art. 18)*"), 0)
A29: Rejection Rate | B29: =IFERROR(COUNTIFS('2. DSR Request Inventory'!D2:D10000, "Restriction (Art. 18)*", '2. DSR Request Inventory'!R2:R10000, "Rejected")/COUNTIF('2. DSR Request Inventory'!D2:D10000, "Restriction (Art. 18)*"), 0)
A32: DATA PORTABILITY
A33: Total Requests | B33: =COUNTIF('2. DSR Request Inventory'!D2:D10000, "Data Portability (Art. 20)*")
A34: Avg Response Time | B34: =AVERAGEIF('2. DSR Request Inventory'!D2:D10000, "Data Portability (Art. 20)*", '2. DSR Request Inventory'!N2:N10000)
A35: SLA Compliance Rate | B35: =IFERROR(COUNTIFS('2. DSR Request Inventory'!D2:D10000, "Data Portability (Art. 20)*", '2. DSR Request Inventory'!O2:O10000, "Met")/COUNTIF('2. DSR Request Inventory'!D2:D10000, "Data Portability (Art. 20)*"), 0)
A36: Rejection Rate | B36: =IFERROR(COUNTIFS('2. DSR Request Inventory'!D2:D10000, "Data Portability (Art. 20)*", '2. DSR Request Inventory'!R2:R10000, "Rejected")/COUNTIF('2. DSR Request Inventory'!D2:D10000, "Data Portability (Art. 20)*"), 0)
A39: OBJECT
A40: Total Requests | B40: =COUNTIF('2. DSR Request Inventory'!D2:D10000, "Object (Art. 21)*")
A41: Avg Response Time | B41: =AVERAGEIF('2. DSR Request Inventory'!D2:D10000, "Object (Art. 21)*", '2. DSR Request Inventory'!N2:N10000)
A42: SLA Compliance Rate | B42: =IFERROR(COUNTIFS('2. DSR Request Inventory'!D2:D10000, "Object (Art. 21)*", '2. DSR Request Inventory'!O2:O10000, "Met")/COUNTIF('2. DSR Request Inventory'!D2:D10000, "Object (Art. 21)*"), 0)
A43: Rejection Rate | B43: =IFERROR(COUNTIFS('2. DSR Request Inventory'!D2:D10000, "Object (Art. 21)*", '2. DSR Request Inventory'!R2:R10000, "Rejected")/COUNTIF('2. DSR Request Inventory'!D2:D10000, "Object (Art. 21)*"), 0)
A46: AUTOMATED DECISION-MAKING
A47: Total Requests | B47: =COUNTIF('2. DSR Request Inventory'!D2:D10000, "Automated Decision-Making (Art. 22)*")
A48: Avg Response Time | B48: =AVERAGEIF('2. DSR Request Inventory'!D2:D10000, "Automated Decision-Making (Art. 22)*", '2. DSR Request Inventory'!N2:N10000)
A49: SLA Compliance Rate | B49: =IFERROR(COUNTIFS('2. DSR Request Inventory'!D2:D10000, "Automated Decision-Making (Art. 22)*", '2. DSR Request Inventory'!O2:O10000, "Met")/COUNTIF('2. DSR Request Inventory'!D2:D10000, "Automated Decision-Making (Art. 22)*"), 0)
A50: Rejection Rate | B50: =IFERROR(COUNTIFS('2. DSR Request Inventory'!D2:D10000, "Automated Decision-Making (Art. 22)*", '2. DSR Request Inventory'!R2:R10000, "Rejected")/COUNTIF('2. DSR Request Inventory'!D2:D10000, "Automated Decision-Making (Art. 22)*"), 0)

Sheet 7. Evidence Repository
A1: EVIDENCE REPOSITORY
A2: Evidence ID | B2: Request ID (Link) | C2: Evidence Type | D2: Description | E2: File Location | F2: Evidence Date | G2: Retention Period (Years) | H2: Verification Status | I2: Notes

Sheet Summary Dashboard
A1: DATA SUBJECT RIGHTS MANAGEMENT — SUMMARY DASHBOARD
A2: ISO/IEC 27001:2022 — Control A.5.34: Privacy and Protection of Personally Identifiable Information (PII)
A4: TABLE 1: ASSESSMENT AREA COMPLIANCE OVERVIEW
A5: Assessment Area | B5: Total Items | C5: Compliant | D5: Partial | E5: Non-Compliant | F5: N/A | G5: Compliance %
A6: DSR Request Inventory | B6: =COUNTA('2. DSR Request Inventory'!B2:B51) | C6: =COUNTIF('2. DSR Request Inventory'!O2:O51,"Met") | D6: =COUNTIF('2. DSR Request Inventory'!O2:O51,"Pending") | E6: =COUNTIF('2. DSR Request Inventory'!O2:O51,"Breached") | F6: ="" | G6: =IF((B6-F6)=0,0,C6/(B6-F6))
A7: Request Processing Procedures | B7: =COUNTA('3. Request Process. Procedures'!A2:A8) | C7: =COUNTIF('3. Request Process. Procedures'!C2:C8,"Yes - Always") | D7: =COUNTIF('3. Request Process. Procedures'!C2:C8,"Yes - High Risk Only") | E7: =COUNTIF('3. Request Process. Procedures'!C2:C8,"No - Optional") | F7: ="" | G7: =IF((B7-F7)=0,0,C7/(B7-F7))
A8: Exception & Rejection Tracking | B8: =COUNTA('5. Exception & Reject. Tracking'!A2:A51) | C8: ="" | D8: ="" | E8: =COUNTA('5. Exception & Reject. Tracking'!A2:A51) | F8: ="" | G8: =IF((B8-F8)=0,0,C8/(B8-F8))
A9: Evidence Repository | B9: =COUNTA('7. Evidence Repository'!A3:A52) | C9: =COUNTIF('7. Evidence Repository'!H3:H52,"Complete") | D9: =COUNTIF('7. Evidence Repository'!H3:H52,"Under Review") | E9: =COUNTIF('7. Evidence Repository'!H3:H52,"Incomplete") | F9: ="" | G9: =IF((B9-F9)=0,0,C9/(B9-F9))
A10: TOTAL | B10: =SUM(B6:B9) | C10: =SUM(C6:C9) | D10: =SUM(D6:D9) | E10: =SUM(E6:E9) | F10: =SUM(F6:F9) | G10: =IF((B10-F10)=0,0,C10/(B10-F10))
A12: TABLE 2: KEY METRICS
A13: Metric | B13: Value
A14: Total DSRs Received | B14: =COUNTA('2. DSR Request Inventory'!B2:B51)
A15: SLA Met (Within 30 Days — GDPR Art. 12) | B15: =COUNTIF('2. DSR Request Inventory'!O2:O51,"Met")
A16: SLA Pending | B16: =COUNTIF('2. DSR Request Inventory'!O2:O51,"Pending")
A17: SLA Breached (>30 Days — GDPR Art. 12 Violation) | B17: =COUNTIF('2. DSR Request Inventory'!O2:O51,"Breached")
A18: Requests Fulfilled | B18: =COUNTIF('2. DSR Request Inventory'!R2:R51,"Fulfilled")
A19: Requests Partially Fulfilled | B19: =COUNTIF('2. DSR Request Inventory'!R2:R51,"Partially Fulfilled")
A20: Requests Rejected | B20: =COUNTIF('2. DSR Request Inventory'!R2:R51,"Rejected")
A21: Access Requests (Art. 15) | B21: =COUNTIF('2. DSR Request Inventory'!D2:D51,"Access*")
A22: Erasure Requests (Right to be Forgotten, Art. 17) | B22: =COUNTIF('2. DSR Request Inventory'!D2:D51,"Erasure*")
A23: Data Portability Requests (Art. 20) | B23: =COUNTIF('2. DSR Request Inventory'!D2:D51,"Data Portability*")
A24: Identity Verification Failed | B24: =COUNTIF('2. DSR Request Inventory'!J2:J51,"Verification Failed")
A25: Total Exceptions / Rejections Logged | B25: =COUNTA('5. Exception & Reject. Tracking'!A2:A51)
A29: TABLE 3: CRITICAL FINDINGS REQUIRING IMMEDIATE ATTENTION
A30: Category | B30: Finding | C30: Count | D30: Severity | E30: Action Required
A31: DSR SLA | B31: Requests with SLA breached (>30 days — GDPR Art. 12) | C31: =COUNTIF('2. DSR Request Inventory'!O2:O51,"Breached") | D31: Critical | E31: Immediate
A32: Identity | B32: Identity verification failed (data at risk of disclosure) | C32: =COUNTIF('2. DSR Request Inventory'!J2:J51,"Verification Failed") | D32: Critical | E32: Immediate
A33: Request Outcome | B33: Requests rejected (must have documented lawful basis) | C33: =COUNTIF('2. DSR Request Inventory'!R2:R51,"Rejected") | D33: High | E33: Urgent
A34: Erasure | B34: Erasure requests (Right to be Forgotten — GDPR Art. 17) | C34: =COUNTIF('2. DSR Request Inventory'!D2:D51,"Erasure*") | D34: High | E34: Urgent
A35: Exceptions | B35: Total exceptions and rejections logged | C35: =COUNTA('5. Exception & Reject. Tracking'!A2:A51) | D35: Medium | E35: Plan

Sheet Approval Sign-Off
A1: ASSESSMENT APPROVAL AND SIGN-OFF
A2: ISO/IEC 27001:2022 - Control A.5.34: Privacy and Protection of PII
A3: ASSESSMENT SUMMARY
A4: Document: | B4: ISMS-IMP-A.5.34.3 - Data Subject Rights Management Assessment
A5: Assessment Period:
A6: Overall Compliance Rating: | B6: =IFERROR(AVERAGE('Summary Dashboard'!G6:G9),"")
A7: Assessment Status:
A8: Assessed By:
A11: COMPLETED BY (ASSESSOR)
A12: Name:
A13: Title:
A14: Date:
A15: Signature:
A16: Comments:
A18: REVIEWED BY (INFORMATION SECURITY OFFICER)
A19: Name:
A20: Title:
A21: Date:
... A38: Special Considerations:
