Workbook

Sheet Compute Resources
A1: COMPUTE CAPACITY UTILIZATION
A2: Document current CPU and memory capacity utilization
A3: Resource Name | B3: Resource Type | C3: Location/Cluster | D3: Business Function | E3: Total CPU (Cores) | F3: Used CPU (Cores) | G3: CPU Utilization (%) | H3: Total Memory (GB) | I3: Used Memory (GB) | J3: Memory Utilization (%) | K3: Peak CPU (%) | L3: Peak Memory (%) | M3: Threshold Status
A4: server01.example.com | B4: Physical Server | C4: DC1-Rack5 | D4: Web Application | E4: 16 | F4: 8 | G4: =IF(AND(E4<>"", F4<>""), ROUND((F4/E4)*100, 1), "") | H4: 64 | I4: 32 | J4: =IF(AND(H4<>"", I4<>""), ROUND((I4/H4)*100, 1), "") | K4: 75 | L4: 60 | M4: =IF(A4="", "", IF(OR(G4="", J4=""), "Not Monitored", IF(OR(G4>85, J4>90), "❌ Critical", IF(OR(G4>70, J4>75), "⚠️ Warning", "✅ OK"))))
G5: =IF(AND(E5<>"", F5<>""), ROUND((F5/E5)*100, 1), "") | J5: =IF(AND(H5<>"", I5<>""), ROUND((I5/H5)*100, 1), "") | M5: =IF(A5="", "", IF(OR(G5="", J5=""), "Not Monitored", IF(OR(G5>85, J5>90), "❌ Critical", IF(OR(G5>70, J5>75), "⚠️ Warning", "✅ OK"))))
G6: =IF(AND(E6<>"", F6<>""), ROUND((F6/E6)*100, 1), "") | J6: =IF(AND(H6<>"", I6<>""), ROUND((I6/H6)*100, 1), "") | M6: =IF(A6="", "", IF(OR(G6="", J6=""), "Not Monitored", IF(OR(G6>85, J6>90), "❌ Critical", IF(OR(G6>70, J6>75), "⚠️ Warning", "✅ OK"))))
G7: =IF(AND(E7<>"", F7<>""), ROUND((F7/E7)*100, 1), "") | J7: =IF(AND(H7<>"", I7<>""), ROUND((I7/H7)*100, 1), "") | M7: =IF(A7="", "", IF(OR(G7="", J7=""), "Not Monitored", IF(OR(G7>85, J7>90), "❌ Critical", IF(OR(G7>70, J7>75), "⚠️ Warning", "✅ OK"))))
G8: =IF(AND(E8<>"", F8<>""), ROUND((F8/E8)*100, 1), "") | J8: =IF(AND(H8<>"", I8<>""), ROUND((I8/H8)*100, 1), "") | M8: =IF(A8="", "", IF(OR(G8="", J8=""), "Not Monitored", IF(OR(G8>85, J8>90), "❌ Critical", IF(OR(G8>70, J8>75), "⚠️ Warning", "✅ OK"))))
G9: =IF(AND(E9<>"", F9<>""), ROUND((F9/E9)*100, 1), "") | J9: =IF(AND(H9<>"", I9<>""), ROUND((I9/H9)*100, 1), "") | M9: =IF(A9="", "", IF(OR(G9="", J9=""), "Not Monitored", IF(OR(G9>85, J9>90), "❌ Critical", IF(OR(G9>70, J9>75), "⚠️ Warning", "✅ OK"))))
G10: =IF(AND(E10<>"", F10<>""), ROUND((F10/E10)*100, 1), "") | J10: =IF(AND(H10<>"", I10<>""), ROUND((I10/H10)*100, 1), "") | M10: =IF(A10="", "", IF(OR(G10="", J10=""), "Not Monitored", IF(OR(G10>85, J10>90), "❌ Critical", IF(OR(G10>70, J10>75), "⚠️ Warning", "✅ OK"))))
G11: =IF(AND(E11<>"", F11<>""), ROUND((F11/E11)*100, 1), "") | J11: =IF(AND(H11<>"", I11<>""), ROUND((I11/H11)*100, 1), "") | M11: =IF(A11="", "", IF(OR(G11="", J11=""), "Not Monitored", IF(OR(G11>85, J11>90), "❌ Critical", IF(OR(G11>70, J11>75), "⚠️ Warning", "✅ OK"))))
G12: =IF(AND(E12<>"", F12<>""), ROUND((F12/E12)*100, 1), "") | J12: =IF(AND(H12<>"", I12<>""), ROUND((I12/H12)*100, 1), "") | M12: =IF(A12="", "", IF(OR(G12="", J12=""), "Not Monitored", IF(OR(G12>85, J12>90), "❌ Critical", IF(OR(G12>70, J12>75), "⚠️ Warning", "✅ OK"))))
G13: =IF(AND(E13<>"", F13<>""), ROUND((F13/E13)*100, 1), "") | J13: =IF(AND(H13<>"", I13<>""), ROUND((I13/H13)*100, 1), "") | M13: =IF(A13="", "", IF(OR(G13="", J13=""), "Not Monitored", IF(OR(G13>85, J13>90), "❌ Critical", IF(OR(G13>70, J13>75), "⚠️ Warning", "✅ OK"))))
G14: =IF(AND(E14<>"", F14<>""), ROUND((F14/E14)*100, 1), "") | J14: =IF(AND(H14<>"", I14<>""), ROUND((I14/H14)*100, 1), "") | M14: =IF(A14="", "", IF(OR(G14="", J14=""), "Not Monitored", IF(OR(G14>85, J14>90), "❌ Critical", IF(OR(G14>70, J14>75), "⚠️ Warning", "✅ OK"))))
G15: =IF(AND(E15<>"", F15<>""), ROUND((F15/E15)*100, 1), "") | J15: =IF(AND(H15<>"", I15<>""), ROUND((I15/H15)*100, 1), "") | M15: =IF(A15="", "", IF(OR(G15="", J15=""), "Not Monitored", IF(OR(G15>85, J15>90), "❌ Critical", IF(OR(G15>70, J15>75), "⚠️ Warning", "✅ OK"))))
G16: =IF(AND(E16<>"", F16<>""), ROUND((F16/E16)*100, 1), "") | J16: =IF(AND(H16<>"", I16<>""), ROUND((I16/H16)*100, 1), "") | M16: =IF(A16="", "", IF(OR(G16="", J16=""), "Not Monitored", IF(OR(G16>85, J16>90), "❌ Critical", IF(OR(G16>70, J16>75), "⚠️ Warning", "✅ OK"))))
... G54: =IF(AND(E54<>"", F54<>""), ROUND((F54/E54)*100, 1), "") | J54: =IF(AND(H54<>"", I54<>""), ROUND((I54/H54)*100, 1), "") | M54: =IF(A54="", "", IF(OR(G54="", J54=""), "Not Monitored", IF(OR(G54>85, J54>90), "❌ Critical", IF(OR(G54>70, J54>75), "⚠️ Warning", "✅ OK"))))

Sheet Storage Resources
A1: STORAGE CAPACITY UTILIZATION
A2: Document current disk, database, and backup storage capacity
A3: Resource Name | B3: Storage Type | C3: Location/Server | D3: Business Function | E3: Total Capacity (GB) | F3: Used Capacity (GB) | G3: Available Capacity (GB) | H3: Utilization (%) | I3: Peak Utilization (%) | J3: Growth Rate (GB/month) | K3: Threshold Status
A4: /dev/sda1 (/) | B4: Filesystem | C4: server01 | D4: Operating System | E4: 500 | F4: 375 | G4: =IF(AND(E4<>"", F4<>""), E4-F4, "") | H4: =IF(AND(E4<>"", F4<>""), ROUND((F4/E4)*100, 1), "") | I4: 80 | J4: 5 | K4: =IF(A4="", "", IF(H4="", "Not Monitored", IF(H4>85, "❌ Critical", IF(H4>75, "⚠️ Warning", "✅ OK"))))
G5: =IF(AND(E5<>"", F5<>""), E5-F5, "") | H5: =IF(AND(E5<>"", F5<>""), ROUND((F5/E5)*100, 1), "") | K5: =IF(A5="", "", IF(H5="", "Not Monitored", IF(H5>85, "❌ Critical", IF(H5>75, "⚠️ Warning", "✅ OK"))))
G6: =IF(AND(E6<>"", F6<>""), E6-F6, "") | H6: =IF(AND(E6<>"", F6<>""), ROUND((F6/E6)*100, 1), "") | K6: =IF(A6="", "", IF(H6="", "Not Monitored", IF(H6>85, "❌ Critical", IF(H6>75, "⚠️ Warning", "✅ OK"))))
G7: =IF(AND(E7<>"", F7<>""), E7-F7, "") | H7: =IF(AND(E7<>"", F7<>""), ROUND((F7/E7)*100, 1), "") | K7: =IF(A7="", "", IF(H7="", "Not Monitored", IF(H7>85, "❌ Critical", IF(H7>75, "⚠️ Warning", "✅ OK"))))
G8: =IF(AND(E8<>"", F8<>""), E8-F8, "") | H8: =IF(AND(E8<>"", F8<>""), ROUND((F8/E8)*100, 1), "") | K8: =IF(A8="", "", IF(H8="", "Not Monitored", IF(H8>85, "❌ Critical", IF(H8>75, "⚠️ Warning", "✅ OK"))))
G9: =IF(AND(E9<>"", F9<>""), E9-F9, "") | H9: =IF(AND(E9<>"", F9<>""), ROUND((F9/E9)*100, 1), "") | K9: =IF(A9="", "", IF(H9="", "Not Monitored", IF(H9>85, "❌ Critical", IF(H9>75, "⚠️ Warning", "✅ OK"))))
G10: =IF(AND(E10<>"", F10<>""), E10-F10, "") | H10: =IF(AND(E10<>"", F10<>""), ROUND((F10/E10)*100, 1), "") | K10: =IF(A10="", "", IF(H10="", "Not Monitored", IF(H10>85, "❌ Critical", IF(H10>75, "⚠️ Warning", "✅ OK"))))
G11: =IF(AND(E11<>"", F11<>""), E11-F11, "") | H11: =IF(AND(E11<>"", F11<>""), ROUND((F11/E11)*100, 1), "") | K11: =IF(A11="", "", IF(H11="", "Not Monitored", IF(H11>85, "❌ Critical", IF(H11>75, "⚠️ Warning", "✅ OK"))))
G12: =IF(AND(E12<>"", F12<>""), E12-F12, "") | H12: =IF(AND(E12<>"", F12<>""), ROUND((F12/E12)*100, 1), "") | K12: =IF(A12="", "", IF(H12="", "Not Monitored", IF(H12>85, "❌ Critical", IF(H12>75, "⚠️ Warning", "✅ OK"))))
G13: =IF(AND(E13<>"", F13<>""), E13-F13, "") | H13: =IF(AND(E13<>"", F13<>""), ROUND((F13/E13)*100, 1), "") | K13: =IF(A13="", "", IF(H13="", "Not Monitored", IF(H13>85, "❌ Critical", IF(H13>75, "⚠️ Warning", "✅ OK"))))
G14: =IF(AND(E14<>"", F14<>""), E14-F14, "") | H14: =IF(AND(E14<>"", F14<>""), ROUND((F14/E14)*100, 1), "") | K14: =IF(A14="", "", IF(H14="", "Not Monitored", IF(H14>85, "❌ Critical", IF(H14>75, "⚠️ Warning", "✅ OK"))))
G15: =IF(AND(E15<>"", F15<>""), E15-F15, "") | H15: =IF(AND(E15<>"", F15<>""), ROUND((F15/E15)*100, 1), "") | K15: =IF(A15="", "", IF(H15="", "Not Monitored", IF(H15>85, "❌ Critical", IF(H15>75, "⚠️ Warning", "✅ OK"))))
G16: =IF(AND(E16<>"", F16<>""), E16-F16, "") | H16: =IF(AND(E16<>"", F16<>""), ROUND((F16/E16)*100, 1), "") | K16: =IF(A16="", "", IF(H16="", "Not Monitored", IF(H16>85, "❌ Critical", IF(H16>75, "⚠️ Warning", "✅ OK"))))
... G54: =IF(AND(E54<>"", F54<>""), E54-F54, "") | H54: =IF(AND(E54<>"", F54<>""), ROUND((F54/E54)*100, 1), "") | K54: =IF(A54="", "", IF(H54="", "Not Monitored", IF(H54>85, "❌ Critical", IF(H54>75, "⚠️ Warning", "✅ OK"))))

Sheet Network Resources
A1: NETWORK CAPACITY UTILIZATION
A2: Document network bandwidth, throughput, and service capacity
A3: Resource Name | B3: Network Type | C3: Location | D3: Business Function | E3: Link Capacity (Mbps) | F3: Avg Inbound (Mbps) | G3: Avg Outbound (Mbps) | H3: Total Utilization (%) | I3: Peak Utilization (%) | J3: Concurrent Connections | K3: Connection Limit | L3: Threshold Status
A4: WAN-Link-Primary | B4: WAN/Internet | C4: DC1 | D4: Primary Internet | E4: 1000 | F4: 350 | G4: 150 | H4: =IF(AND(E4<>"", F4<>"", G4<>""), ROUND(((F4+G4)/E4)*100, 1), "") | I4: 75 | J4: 5000 | K4: 10000 | L4: =IF(A4="", "", IF(H4="", "Not Monitored", IF(H4>85, "❌ Critical", IF(H4>70, "⚠️ Warning", "✅ OK"))))
H5: =IF(AND(E5<>"", F5<>"", G5<>""), ROUND(((F5+G5)/E5)*100, 1), "") | L5: =IF(A5="", "", IF(H5="", "Not Monitored", IF(H5>85, "❌ Critical", IF(H5>70, "⚠️ Warning", "✅ OK"))))
H6: =IF(AND(E6<>"", F6<>"", G6<>""), ROUND(((F6+G6)/E6)*100, 1), "") | L6: =IF(A6="", "", IF(H6="", "Not Monitored", IF(H6>85, "❌ Critical", IF(H6>70, "⚠️ Warning", "✅ OK"))))
H7: =IF(AND(E7<>"", F7<>"", G7<>""), ROUND(((F7+G7)/E7)*100, 1), "") | L7: =IF(A7="", "", IF(H7="", "Not Monitored", IF(H7>85, "❌ Critical", IF(H7>70, "⚠️ Warning", "✅ OK"))))
H8: =IF(AND(E8<>"", F8<>"", G8<>""), ROUND(((F8+G8)/E8)*100, 1), "") | L8: =IF(A8="", "", IF(H8="", "Not Monitored", IF(H8>85, "❌ Critical", IF(H8>70, "⚠️ Warning", "✅ OK"))))
H9: =IF(AND(E9<>"", F9<>"", G9<>""), ROUND(((F9+G9)/E9)*100, 1), "") | L9: =IF(A9="", "", IF(H9="", "Not Monitored", IF(H9>85, "❌ Critical", IF(H9>70, "⚠️ Warning", "✅ OK"))))
H10: =IF(AND(E10<>"", F10<>"", G10<>""), ROUND(((F10+G10)/E10)*100, 1), "") | L10: =IF(A10="", "", IF(H10="", "Not Monitored", IF(H10>85, "❌ Critical", IF(H10>70, "⚠️ Warning", "✅ OK"))))
H11: =IF(AND(E11<>"", F11<>"", G11<>""), ROUND(((F11+G11)/E11)*100, 1), "") | L11: =IF(A11="", "", IF(H11="", "Not Monitored", IF(H11>85, "❌ Critical", IF(H11>70, "⚠️ Warning", "✅ OK"))))
H12: =IF(AND(E12<>"", F12<>"", G12<>""), ROUND(((F12+G12)/E12)*100, 1), "") | L12: =IF(A12="", "", IF(H12="", "Not Monitored", IF(H12>85, "❌ Critical", IF(H12>70, "⚠️ Warning", "✅ OK"))))
H13: =IF(AND(E13<>"", F13<>"", G13<>""), ROUND(((F13+G13)/E13)*100, 1), "") | L13: =IF(A13="", "", IF(H13="", "Not Monitored", IF(H13>85, "❌ Critical", IF(H13>70, "⚠️ Warning", "✅ OK"))))
H14: =IF(AND(E14<>"", F14<>"", G14<>""), ROUND(((F14+G14)/E14)*100, 1), "") | L14: =IF(A14="", "", IF(H14="", "Not Monitored", IF(H14>85, "❌ Critical", IF(H14>70, "⚠️ Warning", "✅ OK"))))
H15: =IF(AND(E15<>"", F15<>"", G15<>""), ROUND(((F15+G15)/E15)*100, 1), "") | L15: =IF(A15="", "", IF(H15="", "Not Monitored", IF(H15>85, "❌ Critical", IF(H15>70, "⚠️ Warning", "✅ OK"))))
H16: =IF(AND(E16<>"", F16<>"", G16<>""), ROUND(((F16+G16)/E16)*100, 1), "") | L16: =IF(A16="", "", IF(H16="", "Not Monitored", IF(H16>85, "❌ Critical", IF(H16>70, "⚠️ Warning", "✅ OK"))))
... H54: =IF(AND(E54<>"", F54<>"", G54<>""), ROUND(((F54+G54)/E54)*100, 1), "") | L54: =IF(A54="", "", IF(H54="", "Not Monitored", IF(H54>85, "❌ Critical", IF(H54>70, "⚠️ Warning", "✅ OK"))))

Sheet Application Resources
A1: APPLICATION CAPACITY UTILIZATION
A2: Document application user sessions, transactions, and performance capacity
A3: Application Name | B3: Application Type | C3: Business Function | D3: Max Concurrent Users | E3: Current Active Users | F3: User Utilization (%) | G3: Max Transactions/sec | H3: Current Transactions/sec | I3: Transaction Utilization (%) | J3: Avg Response Time (ms) | K3: Threshold Status
A4: WebApp-Production | B4: Web Application | C4: Customer Portal | D4: 1000 | E4: 650 | F4: =IF(AND(D4<>"", E4<>""), ROUND((E4/D4)*100, 1), "") | G4: 500 | H4: 280 | I4: =IF(AND(G4<>"", H4<>""), ROUND((H4/G4)*100, 1), "") | J4: 145 | K4: =IF(A4="", "", IF(OR(F4="", I4=""), "Not Monitored", IF(OR(F4>90, I4>90), "❌ Critical", IF(OR(F4>75, I4>75), "⚠️ Warning", "✅ OK"))))
F5: =IF(AND(D5<>"", E5<>""), ROUND((E5/D5)*100, 1), "") | I5: =IF(AND(G5<>"", H5<>""), ROUND((H5/G5)*100, 1), "") | K5: =IF(A5="", "", IF(OR(F5="", I5=""), "Not Monitored", IF(OR(F5>90, I5>90), "❌ Critical", IF(OR(F5>75, I5>75), "⚠️ Warning", "✅ OK"))))
F6: =IF(AND(D6<>"", E6<>""), ROUND((E6/D6)*100, 1), "") | I6: =IF(AND(G6<>"", H6<>""), ROUND((H6/G6)*100, 1), "") | K6: =IF(A6="", "", IF(OR(F6="", I6=""), "Not Monitored", IF(OR(F6>90, I6>90), "❌ Critical", IF(OR(F6>75, I6>75), "⚠️ Warning", "✅ OK"))))
F7: =IF(AND(D7<>"", E7<>""), ROUND((E7/D7)*100, 1), "") | I7: =IF(AND(G7<>"", H7<>""), ROUND((H7/G7)*100, 1), "") | K7: =IF(A7="", "", IF(OR(F7="", I7=""), "Not Monitored", IF(OR(F7>90, I7>90), "❌ Critical", IF(OR(F7>75, I7>75), "⚠️ Warning", "✅ OK"))))
F8: =IF(AND(D8<>"", E8<>""), ROUND((E8/D8)*100, 1), "") | I8: =IF(AND(G8<>"", H8<>""), ROUND((H8/G8)*100, 1), "") | K8: =IF(A8="", "", IF(OR(F8="", I8=""), "Not Monitored", IF(OR(F8>90, I8>90), "❌ Critical", IF(OR(F8>75, I8>75), "⚠️ Warning", "✅ OK"))))
F9: =IF(AND(D9<>"", E9<>""), ROUND((E9/D9)*100, 1), "") | I9: =IF(AND(G9<>"", H9<>""), ROUND((H9/G9)*100, 1), "") | K9: =IF(A9="", "", IF(OR(F9="", I9=""), "Not Monitored", IF(OR(F9>90, I9>90), "❌ Critical", IF(OR(F9>75, I9>75), "⚠️ Warning", "✅ OK"))))
F10: =IF(AND(D10<>"", E10<>""), ROUND((E10/D10)*100, 1), "") | I10: =IF(AND(G10<>"", H10<>""), ROUND((H10/G10)*100, 1), "") | K10: =IF(A10="", "", IF(OR(F10="", I10=""), "Not Monitored", IF(OR(F10>90, I10>90), "❌ Critical", IF(OR(F10>75, I10>75), "⚠️ Warning", "✅ OK"))))
F11: =IF(AND(D11<>"", E11<>""), ROUND((E11/D11)*100, 1), "") | I11: =IF(AND(G11<>"", H11<>""), ROUND((H11/G11)*100, 1), "") | K11: =IF(A11="", "", IF(OR(F11="", I11=""), "Not Monitored", IF(OR(F11>90, I11>90), "❌ Critical", IF(OR(F11>75, I11>75), "⚠️ Warning", "✅ OK"))))
F12: =IF(AND(D12<>"", E12<>""), ROUND((E12/D12)*100, 1), "") | I12: =IF(AND(G12<>"", H12<>""), ROUND((H12/G12)*100, 1), "") | K12: =IF(A12="", "", IF(OR(F12="", I12=""), "Not Monitored", IF(OR(F12>90, I12>90), "❌ Critical", IF(OR(F12>75, I12>75), "⚠️ Warning", "✅ OK"))))
F13: =IF(AND(D13<>"", E13<>""), ROUND((E13/D13)*100, 1), "") | I13: =IF(AND(G13<>"", H13<>""), ROUND((H13/G13)*100, 1), "") | K13: =IF(A13="", "", IF(OR(F13="", I13=""), "Not Monitored", IF(OR(F13>90, I13>90), "❌ Critical", IF(OR(F13>75, I13>75), "⚠️ Warning", "✅ OK"))))
F14: =IF(AND(D14<>"", E14<>""), ROUND((E14/D14)*100, 1), "") | I14: =IF(AND(G14<>"", H14<>""), ROUND((H14/G14)*100, 1), "") | K14: =IF(A14="", "", IF(OR(F14="", I14=""), "Not Monitored", IF(OR(F14>90, I14>90), "❌ Critical", IF(OR(F14>75, I14>75), "⚠️ Warning", "✅ OK"))))
F15: =IF(AND(D15<>"", E15<>""), ROUND((E15/D15)*100, 1), "") | I15: =IF(AND(G15<>"", H15<>""), ROUND((H15/G15)*100, 1), "") | K15: =IF(A15="", "", IF(OR(F15="", I15=""), "Not Monitored", IF(OR(F15>90, I15>90), "❌ Critical", IF(OR(F15>75, I15>75), "⚠️ Warning", "✅ OK"))))
F16: =IF(AND(D16<>"", E16<>""), ROUND((E16/D16)*100, 1), "") | I16: =IF(AND(G16<>"", H16<>""), ROUND((H16/G16)*100, 1), "") | K16: =IF(A16="", "", IF(OR(F16="", I16=""), "Not Monitored", IF(OR(F16>90, I16>90), "❌ Critical", IF(OR(F16>75, I16>75), "⚠️ Warning", "✅ OK"))))
... F54: =IF(AND(D54<>"", E54<>""), ROUND((E54/D54)*100, 1), "") | I54: =IF(AND(G54<>"", H54<>""), ROUND((H54/G54)*100, 1), "") | K54: =IF(A54="", "", IF(OR(F54="", I54=""), "Not Monitored", IF(OR(F54>90, I54>90), "❌ Critical", IF(OR(F54>75, I54>75), "⚠️ Warning", "✅ OK"))))

Sheet Cloud Resources
A1: CLOUD SERVICE CAPACITY UTILIZATION
A2: Document cloud service quotas, limits, and instance counts
A3: Cloud Provider | B3: Service/Resource Type | C3: Region | D3: Quota/Limit | E3: Current Usage | F3: Utilization (%) | G3: Monthly Cost (CHF) | H3: Reserved Capacity | I3: Auto-Scaling Enabled | J3: Threshold Status
A4: AWS | B4: EC2 Instances (t3.large) | C4: us-east-1 | D4: 100 | E4: 72 | F4: =IF(AND(D4<>"", E4<>""), ROUND((E4/D4)*100, 1), "") | G4: 4320 | H4: 20 Reserved | I4: Yes | J4: =IF(A4="", "", IF(F4="", "Not Monitored", IF(F4>85, "❌ Critical", IF(F4>70, "⚠️ Warning", "✅ OK"))))
F5: =IF(AND(D5<>"", E5<>""), ROUND((E5/D5)*100, 1), "") | J5: =IF(A5="", "", IF(F5="", "Not Monitored", IF(F5>85, "❌ Critical", IF(F5>70, "⚠️ Warning", "✅ OK"))))
F6: =IF(AND(D6<>"", E6<>""), ROUND((E6/D6)*100, 1), "") | J6: =IF(A6="", "", IF(F6="", "Not Monitored", IF(F6>85, "❌ Critical", IF(F6>70, "⚠️ Warning", "✅ OK"))))
F7: =IF(AND(D7<>"", E7<>""), ROUND((E7/D7)*100, 1), "") | J7: =IF(A7="", "", IF(F7="", "Not Monitored", IF(F7>85, "❌ Critical", IF(F7>70, "⚠️ Warning", "✅ OK"))))
F8: =IF(AND(D8<>"", E8<>""), ROUND((E8/D8)*100, 1), "") | J8: =IF(A8="", "", IF(F8="", "Not Monitored", IF(F8>85, "❌ Critical", IF(F8>70, "⚠️ Warning", "✅ OK"))))
F9: =IF(AND(D9<>"", E9<>""), ROUND((E9/D9)*100, 1), "") | J9: =IF(A9="", "", IF(F9="", "Not Monitored", IF(F9>85, "❌ Critical", IF(F9>70, "⚠️ Warning", "✅ OK"))))
F10: =IF(AND(D10<>"", E10<>""), ROUND((E10/D10)*100, 1), "") | J10: =IF(A10="", "", IF(F10="", "Not Monitored", IF(F10>85, "❌ Critical", IF(F10>70, "⚠️ Warning", "✅ OK"))))
F11: =IF(AND(D11<>"", E11<>""), ROUND((E11/D11)*100, 1), "") | J11: =IF(A11="", "", IF(F11="", "Not Monitored", IF(F11>85, "❌ Critical", IF(F11>70, "⚠️ Warning", "✅ OK"))))
F12: =IF(AND(D12<>"", E12<>""), ROUND((E12/D12)*100, 1), "") | J12: =IF(A12="", "", IF(F12="", "Not Monitored", IF(F12>85, "❌ Critical", IF(F12>70, "⚠️ Warning", "✅ OK"))))
F13: =IF(AND(D13<>"", E13<>""), ROUND((E13/D13)*100, 1), "") | J13: =IF(A13="", "", IF(F13="", "Not Monitored", IF(F13>85, "❌ Critical", IF(F13>70, "⚠️ Warning", "✅ OK"))))
F14: =IF(AND(D14<>"", E14<>""), ROUND((E14/D14)*100, 1), "") | J14: =IF(A14="", "", IF(F14="", "Not Monitored", IF(F14>85, "❌ Critical", IF(F14>70, "⚠️ Warning", "✅ OK"))))
F15: =IF(AND(D15<>"", E15<>""), ROUND((E15/D15)*100, 1), "") | J15: =IF(A15="", "", IF(F15="", "Not Monitored", IF(F15>85, "❌ Critical", IF(F15>70, "⚠️ Warning", "✅ OK"))))
F16: =IF(AND(D16<>"", E16<>""), ROUND((E16/D16)*100, 1), "") | J16: =IF(A16="", "", IF(F16="", "Not Monitored", IF(F16>85, "❌ Critical", IF(F16>70, "⚠️ Warning", "✅ OK"))))
... F54: =IF(AND(D54<>"", E54<>""), ROUND((E54/D54)*100, 1), "") | J54: =IF(A54="", "", IF(F54="", "Not Monitored", IF(F54>85, "❌ Critical", IF(F54>70, "⚠️ Warning", "✅ OK"))))

Sheet Threshold Summary
A1: CAPACITY THRESHOLD STATUS SUMMARY
A2: Aggregate view of resources by threshold status
A3: Resource Category | B3: Total Resources | C3: ✅ OK | D3: ⚠ Warning | E3: ❌ Critical | F3: Not Monitored
A4: Compute Resources | B4: =COUNTA('Compute Resources'!A5:A54) | C4: =COUNTIF('Compute Resources'!M5:M54,"✅ OK") | D4: =COUNTIF('Compute Resources'!M5:M54,"⚠️ Warning") | E4: =COUNTIF('Compute Resources'!M5:M54,"❌ Critical") | F4: =COUNTIF('Compute Resources'!M5:M54,"Not Monitored")
A5: Storage Resources | B5: =COUNTA('Storage Resources'!A5:A54) | C5: =COUNTIF('Storage Resources'!K5:K54,"✅ OK") | D5: =COUNTIF('Storage Resources'!K5:K54,"⚠️ Warning") | E5: =COUNTIF('Storage Resources'!K5:K54,"❌ Critical") | F5: =COUNTIF('Storage Resources'!K5:K54,"Not Monitored")
A6: Network Resources | B6: =COUNTA('Network Resources'!A5:A54) | C6: =COUNTIF('Network Resources'!L5:L54,"✅ OK") | D6: =COUNTIF('Network Resources'!L5:L54,"⚠️ Warning") | E6: =COUNTIF('Network Resources'!L5:L54,"❌ Critical") | F6: =COUNTIF('Network Resources'!L5:L54,"Not Monitored")
A7: Application Resources | B7: =COUNTA('Application Resources'!A5:A54) | C7: =COUNTIF('Application Resources'!K5:K54,"✅ OK") | D7: =COUNTIF('Application Resources'!K5:K54,"⚠️ Warning") | E7: =COUNTIF('Application Resources'!K5:K54,"❌ Critical") | F7: =COUNTIF('Application Resources'!K5:K54,"Not Monitored")
A8: Cloud Resources | B8: =COUNTA('Cloud Resources'!A5:A54) | C8: =COUNTIF('Cloud Resources'!J5:J54,"✅ OK") | D8: =COUNTIF('Cloud Resources'!J5:J54,"⚠️ Warning") | E8: =COUNTIF('Cloud Resources'!J5:J54,"❌ Critical") | F8: =COUNTIF('Cloud Resources'!J5:J54,"Not Monitored")
A10: TOTAL | B10: =SUM(B4:B8) | C10: =SUM(C4:C8) | D10: =SUM(D4:D8) | E10: =SUM(E4:E8) | F10: =SUM(F4:F8)
A12: CAPACITY HEALTH SCORE | C12: =IF(B10>0, ROUND((C10/B10)*100, 1), 0) | D12: %
A13: Health Score = (Resources at OK Status / Total Resources) x 100%

Sheet Coverage Analysis
A1: MONITORING COVERAGE ANALYSIS
A2: Identify resources not yet monitored for capacity
A3: Coverage Metric | B3: Target | C3: Actual | D3: Gap | E3: Status
A4: Production Systems Coverage | B4: 100%
A5: Non-Production Systems Coverage | B5: 90%
A6: Overall Coverage | B6: 95%
A8: MONITORING GAPS - Resources Not Yet Monitored
A9: Resource Name | B9: Resource Type | C9: Reason Not Monitored | D9: Planned Monitoring Date | E9: Responsible Party
A10: [Resource name] | B10: [Type] | C10: [Legacy system, Technical constraint, etc.] | D10: [Date] | E10: [Team/Person]

Sheet Instructions & Legend
A1: ISMS-IMP-A.8.6-Assessment-1 - Capacity Utilization Assessment ISO/IEC 27001:2022 - Control A.8.6: Capacity Management
A3: Document Information
A4: Document ID | B4: ISMS-IMP-A.8.6-Assessment-1
A5: Workbook Title | B5: Capacity Utilization Assessment
A6: Control Reference | B6: ISO/IEC 27001:2022 - Control A.8.6: Capacity Management
A7: Version | B7: 1.0
A8: Assessment Date
A9: Completed By
A10: Organisation
A12: Instructions
A13: 1. Complete each worksheet tab for applicable resource types.
A14: 2. Use dropdown menus for standardised entries (Status, Resource Type, etc.).
A15: 3. Fill in yellow-highlighted cells with your information.
A16: 4. Utilization percentages and threshold status auto-calculate where applicable.
A17: 5. Review Threshold Summary for overall capacity health.
A18: 6. Complete Coverage Analysis to identify monitoring gaps.
A19: 7. Provide evidence location/path for each assessment entry.
A20: 8. Maintain the Evidence Register for audit traceability.
... A23: Status Legend
A24: Symbol | B24: Status | C24: Description
A25: ✓ | B25: Compliant / Complete | C25: Requirement fully met
A26: ⚠ | B26: Partial / In Progress | C26: Partially met or in progress
A27: ✗ | B27: Non-Compliant / Not Started | C27: Requirement not met
A28: — | B28: Not Applicable | C28: Not applicable to this assessment

Sheet Evidence Register
A1: EVIDENCE REGISTER
A2: List all evidence files/documents referenced in this assessment (audit traceability).
A4: Evidence ID | B4: Assessment Area | C4: Evidence Type | D4: Description | E4: Location/Path | F4: Date Collected | G4: Collected By | H4: Verification Status
A5: EV-001 | B5: Capacity Monitoring | C5: Monitoring dashboard | D5: Compute capacity dashboard showing current utilization metrics | E5: /monitoring/capacity/compute-dashboard.xlsx | F5: 15.01.2026 | G5: IT Operations | H5: Verified

Sheet Summary Dashboard
A1: CAPACITY UTILIZATION ASSESSMENT — SUMMARY DASHBOARD
A2: Consolidated capacity utilisation compliance across all infrastructure resource types.
A4: TABLE 1 — ASSESSMENT AREA COMPLIANCE
A5: Assessment Area | B5: Total Items | C5: Compliant | D5: Partial | E5: Non-Compliant | F5: N/A | G5: Compliance %
A6: Compute Resources | B6: =C6+D6+E6+F6 | C6: =COUNTIF('Compute Resources'!M5:M54,"✅ OK") | D6: =COUNTIF('Compute Resources'!M5:M54,"⚠️ Warning") | E6: =COUNTIF('Compute Resources'!M5:M54,"❌ Critical") | F6: =COUNTIF('Compute Resources'!M5:M54,"Not Monitored") | G6: =IF((B6-F6)=0,0,C6/(B6-F6))
A7: Storage Resources | B7: =C7+D7+E7+F7 | C7: =COUNTIF('Storage Resources'!K5:K54,"✅ OK") | D7: =COUNTIF('Storage Resources'!K5:K54,"⚠️ Warning") | E7: =COUNTIF('Storage Resources'!K5:K54,"❌ Critical") | F7: =COUNTIF('Storage Resources'!K5:K54,"Not Monitored") | G7: =IF((B7-F7)=0,0,C7/(B7-F7))
A8: Network Resources | B8: =C8+D8+E8+F8 | C8: =COUNTIF('Network Resources'!L5:L54,"✅ OK") | D8: =COUNTIF('Network Resources'!L5:L54,"⚠️ Warning") | E8: =COUNTIF('Network Resources'!L5:L54,"❌ Critical") | F8: =COUNTIF('Network Resources'!L5:L54,"Not Monitored") | G8: =IF((B8-F8)=0,0,C8/(B8-F8))
A9: Application Resources | B9: =C9+D9+E9+F9 | C9: =COUNTIF('Application Resources'!K5:K54,"✅ OK") | D9: =COUNTIF('Application Resources'!K5:K54,"⚠️ Warning") | E9: =COUNTIF('Application Resources'!K5:K54,"❌ Critical") | F9: =COUNTIF('Application Resources'!K5:K54,"Not Monitored") | G9: =IF((B9-F9)=0,0,C9/(B9-F9))
A10: Cloud Resources | B10: =C10+D10+E10+F10 | C10: =COUNTIF('Cloud Resources'!J5:J54,"✅ OK") | D10: =COUNTIF('Cloud Resources'!J5:J54,"⚠️ Warning") | E10: =COUNTIF('Cloud Resources'!J5:J54,"❌ Critical") | F10: =COUNTIF('Cloud Resources'!J5:J54,"Not Monitored") | G10: =IF((B10-F10)=0,0,C10/(B10-F10))
A12: TABLE 2 — KEY PERFORMANCE INDICATORS
A13: KPI Metric | B13: Value
A14: Total Resources Monitored (All Types) | B14: =COUNTA('Compute Resources'!A5:A54)+COUNTA('Storage Resources'!A5:A54)+COUNTA('Network Resources'!A5:A54)+COUNTA('Application Resources'!A5:A54)+COUNTA('Cloud Resources'!A5:A54)
A15: Compute Resources — OK Rate | B15: =IFERROR(COUNTIF('Compute Resources'!M5:M54,"✅ OK")/COUNTA('Compute Resources'!A5:A54),0)
A16: Storage Resources — OK Rate | B16: =IFERROR(COUNTIF('Storage Resources'!K5:K54,"✅ OK")/COUNTA('Storage Resources'!A5:A54),0)
A17: Network Resources — OK Rate | B17: =IFERROR(COUNTIF('Network Resources'!L5:L54,"✅ OK")/COUNTA('Network Resources'!A5:A54),0)
A18: Application Resources — OK Rate | B18: =IFERROR(COUNTIF('Application Resources'!K5:K54,"✅ OK")/COUNTA('Application Resources'!A5:A54),0)
A19: Cloud Resources — OK Rate | B19: =IFERROR(COUNTIF('Cloud Resources'!J5:J54,"✅ OK")/COUNTA('Cloud Resources'!A5:A54),0)
A20: Resources at Critical Threshold | B20: =COUNTIF('Compute Resources'!M5:M54,"❌ Critical")+COUNTIF('Storage Resources'!K5:K54,"❌ Critical")+COUNTIF('Network Resources'!L5:L54,"❌ Critical")+COUNTIF('Application Resources'!K5:K54,"❌ Critical")+COUNTIF('Cloud Resources'!J5:J54,"❌ Critical")
A21: Resources at Warning Threshold | B21: =COUNTIF('Compute Resources'!M5:M54,"⚠️ Warning")+COUNTIF('Storage Resources'!K5:K54,"⚠️ Warning")+COUNTIF('Network Resources'!L5:L54,"⚠️ Warning")+COUNTIF('Application Resources'!K5:K54,"⚠️ Warning")+COUNTIF('Cloud Resources'!J5:J54,"⚠️ Warning")
A23: TABLE 3 — CRITICAL FINDINGS (COMPUTE RESOURCES AT CRITICAL THRESHOLD)
A24: Resource Name | B24: Resource Type | C24: Location/Cluster | D24: CPU Util (%) | E24: Memory Util (%) | F24: Threshold Status | G24: Business Function
A37: Total Resources at Critical Threshold: | B37: =COUNTIF('Compute Resources'!M5:M54,"❌ Critical")+COUNTIF('Storage Resources'!K5:K54,"❌ Critical")+COUNTIF('Network Resources'!L5:L54,"❌ Critical")+COUNTIF('Application Resources'!K5:K54,"❌ Critical")+COUNTIF('Cloud Resources'!J5:J54,"❌ Critical")

Sheet Approval Sign-Off
A1: ASSESSMENT APPROVAL AND SIGN-OFF
A2: ISO/IEC 27001:2022 - Control A.8.6: Capacity Management
A3: ASSESSMENT SUMMARY
A4: Document: | B4: ISMS-IMP-A.8.6-Assessment-1 - Capacity Utilization Assessment
A5: Assessment Period:
A6: Overall Compliance Rating: | B6: =IFERROR(AVERAGE('Summary Dashboard'!G6:G10),"")
A7: Assessment Status:
A8: Assessed By:
A11: COMPLETED BY (ASSESSOR)
A12: Name:
A13: Title:
A14: Date:
A15: Signature:
A16: Comments:
A18: REVIEWED BY (INFORMATION SECURITY OFFICER)
A19: Name:
A20: Title:
A21: Date:
... A38: Special Considerations:
