Workbook

Sheet Instructions
A1: ISMS-IMP-A.8.17.3 ISO/IEC 27001:2022 - Control A.8.17: Clock Synchronization
A2: Generated: 2026-01-31 03:16:35
A4: Document ID: | B4: ISMS-A.8.17-Exception-Register
A5: Policy Reference: | B5: ISMS-POL-A.8.17 Section 3.3 (Exception Management)
A7: Purpose | B7: Track and manage exceptions to clock synchronization policy requirements
A9: What Requires an Exception?
A10: • Systems unable to synchronize (air-gapped, vendor limitations)
A11: • Alternative time sources outside policy requirements
A12: • Temporary non-compliance during remediation
A13: • Policy requirement waivers
A15: Approval Authority (per Policy Section 3.3):
A16: • Technical Exceptions → CISO approval
A17: • Policy-Level Exceptions → Executive Management approval
A18: • Maximum Duration: 12 months for temporary exceptions
A20: Required Information:
A21: 1. Exception ID (auto-generated: EXC-A817-001, EXC-A817-002, etc.)
A22: 2. System/Asset Name requiring exception
... A46: 5. When expired/revoked: Move to Expired_Exceptions sheet

Sheet Exception_Requests
A1: Exception Requests (Pending Approval)
A3: Exception ID [*] | B3: Submitted Date [*] | C3: System/Asset Name [*] | D3: Requirement Exempted [*] | E3: Exception Type [*] | F3: Business Justification [*] | G3: Risk Assessment [*] | H3: Compensating Controls [*] | I3: Requested Duration [*] | J3: Submitted By [*] | K3: Approval Authority [*] | L3: Approval Status | M3: Notes
A4: EXC-A817-001 | B4: 31.01.2026 | C4: legacy-scada-system.example.com | D4: REQ-817-009 (All systems must synchronize) | E4: Technical Exception | F4: Air-gapped SCADA system cannot reach external NTP servers; vendor does not support NTP protocol | G4: Moderate risk: Time drift may cause log correlation issues; no authentication impact (isolated network) | H4: GPS time receiver installed for Stratum 0 local time source; manual time verification weekly | I4: 12 months (temporary until vendor upgrade) | J4: John Smith (SCADA Admin) | K4: CISO | L4: Pending | M4: Vendor upgrade planned Q3 2026
A5: EXC-A817-002
A6: EXC-A817-003
A7: EXC-A817-004
A8: EXC-A817-005
A9: EXC-A817-006
A10: EXC-A817-007
A11: EXC-A817-008
A12: EXC-A817-009
A13: EXC-A817-010
A14: EXC-A817-011
A15: EXC-A817-012
A16: EXC-A817-013
... A53: EXC-A817-050

Sheet Active_Exceptions
A1: Active Exceptions (Approved)
A3: Exception ID [*] | B3: System/Asset Name [*] | C3: Requirement Exempted [*] | D3: Exception Type [*] | E3: Approved By [*] | F3: Approval Date [*] | G3: Expiry Date [*] | H3: Days Until Expiry | I3: Compensating Controls [*] | J3: Last Quarterly Review | K3: Next Review Due | L3: Reassessment Required | M3: Status | N3: Review Notes | O3: Actions Required
A4: EXC-A817-001 | B4: legacy-scada-system.example.com | C4: REQ-817-009 (All systems must synchronize) | D4: Technical Exception | E4: Jane Doe (CISO) | F4: 31.01.2026 | G4: 30.07.2026 | H4: =G4-TODAY() | I4: GPS time receiver (Stratum 0); Weekly manual verification | J4: 31.01.2026 | K4: 01.05.2026 | L4: No | M4: Active | N4: Compensating controls verified; GPS receiver operational | O4: Continue quarterly reviews; Monitor vendor upgrade timeline
H5: =IF(ISBLANK(G5),"",G5-TODAY()) | K5: =IF(ISBLANK(J5),"",J5+90)
H6: =IF(ISBLANK(G6),"",G6-TODAY()) | K6: =IF(ISBLANK(J6),"",J6+90)
H7: =IF(ISBLANK(G7),"",G7-TODAY()) | K7: =IF(ISBLANK(J7),"",J7+90)
H8: =IF(ISBLANK(G8),"",G8-TODAY()) | K8: =IF(ISBLANK(J8),"",J8+90)
H9: =IF(ISBLANK(G9),"",G9-TODAY()) | K9: =IF(ISBLANK(J9),"",J9+90)
H10: =IF(ISBLANK(G10),"",G10-TODAY()) | K10: =IF(ISBLANK(J10),"",J10+90)
H11: =IF(ISBLANK(G11),"",G11-TODAY()) | K11: =IF(ISBLANK(J11),"",J11+90)
H12: =IF(ISBLANK(G12),"",G12-TODAY()) | K12: =IF(ISBLANK(J12),"",J12+90)
H13: =IF(ISBLANK(G13),"",G13-TODAY()) | K13: =IF(ISBLANK(J13),"",J13+90)
H14: =IF(ISBLANK(G14),"",G14-TODAY()) | K14: =IF(ISBLANK(J14),"",J14+90)
H15: =IF(ISBLANK(G15),"",G15-TODAY()) | K15: =IF(ISBLANK(J15),"",J15+90)
H16: =IF(ISBLANK(G16),"",G16-TODAY()) | K16: =IF(ISBLANK(J16),"",J16+90)
... H53: =IF(ISBLANK(G53),"",G53-TODAY()) | K53: =IF(ISBLANK(J53),"",J53+90)
A56: NOTE: Exceptions expiring within 30 days require renewal or revocation decision

Sheet Expired_Exceptions
A1: Expired and Revoked Exceptions (Historical Record)
A3: Exception ID | B3: System/Asset Name | C3: Requirement Exempted | D3: Exception Type | E3: Approved By | F3: Approval Date | G3: Expiry Date | H3: Closure Date | I3: Closure Reason | J3: Total Duration (Days) | K3: Final Status | L3: Lessons Learned
A4: EXC-A817-002 | B4: old-db-server.example.com | C4: REQ-817-011 (Drift threshold compliance) | D4: Temporary Non-Compliance | E4: Jane Doe (CISO) | F4: 2025-06-15 | G4: 2025-12-15 | H4: 2025-11-30 | I4: Compliance Achieved | J4: =H4-F4 | K4: Completed Successfully | L4: NTP configuration corrected; System now compliant with drift thresholds
J5: =IF(OR(ISBLANK(F5),ISBLANK(H5)),"",H5-F5)
J6: =IF(OR(ISBLANK(F6),ISBLANK(H6)),"",H6-F6)
J7: =IF(OR(ISBLANK(F7),ISBLANK(H7)),"",H7-F7)
J8: =IF(OR(ISBLANK(F8),ISBLANK(H8)),"",H8-F8)
J9: =IF(OR(ISBLANK(F9),ISBLANK(H9)),"",H9-F9)
J10: =IF(OR(ISBLANK(F10),ISBLANK(H10)),"",H10-F10)
J11: =IF(OR(ISBLANK(F11),ISBLANK(H11)),"",H11-F11)
J12: =IF(OR(ISBLANK(F12),ISBLANK(H12)),"",H12-F12)
J13: =IF(OR(ISBLANK(F13),ISBLANK(H13)),"",H13-F13)
J14: =IF(OR(ISBLANK(F14),ISBLANK(H14)),"",H14-F14)
J15: =IF(OR(ISBLANK(F15),ISBLANK(H15)),"",H15-F15)
J16: =IF(OR(ISBLANK(F16),ISBLANK(H16)),"",H16-F16)
... J103: =IF(OR(ISBLANK(F103),ISBLANK(H103)),"",H103-F103)

Sheet Summary_Dashboard
A1: Exception Register Summary Dashboard
A2: Generated: 31.01.2026
A4: Exception Summary
A6: Pending Approval | B6: =COUNTA(Exception_Requests!A4:A53)
A7: Active Exceptions | B7: =COUNTA(Active_Exceptions!A4:A53)
A8: Expired/Revoked (Total) | B8: =COUNTA(Expired_Exceptions!A4:A103)
A9: Expiring Within 30 Days | B9: =COUNTIF(Active_Exceptions!H4:H53,"<30")
A10: Requiring Reassessment (90-day rule) | B10: =COUNTIF(Active_Exceptions!L4:L53,"Yes*")
A13: Alerts & Action Items
A14: • Exceptions expiring within 30 days require renewal decision
A15: • Quarterly reviews overdue if 'Next Review Due' date has passed
A16: • Exceptions marked for reassessment must be reviewed in next policy cycle
A17: • All pending approvals should be processed within 30 days of submission
