Workbook

Sheet 1. Instructions
A1: ISMS-IMP-A.5.34.4 - Technical and Organizational Measures (TOMs) Assessment
A3: This workbook assesses 20 TOMs protecting PII per GDPR Art. 32, Swiss FADP Art. 8, ISO 27001 A.5.34

Sheet 2. TOM Control Inventory
A1: TOM ID | B1: TOM Category | C1: TOM Type | D1: Implementation Status | E1: Implementation Date | F1: Description of Implementation | G1: Evidence Reference | H1: Effectiveness Rating | I1: Last Test Date | J1: Gaps Identified | K1: Risk Level | L1: Remediation Plan | M1: Remediation Owner | N1: Target Completion Date
A2: T1 | B2: Encryption | C2: Technical
A3: T2 | B3: Access Control | C3: Technical
A4: T3 | B4: Pseudonymization/Anonymization | C4: Technical
A5: T4 | B5: Data Minimization | C5: Technical
A6: T5 | B6: Security Monitoring & Logging | C6: Technical
A7: T6 | B7: Network Security | C7: Technical
A8: T7 | B8: Application Security | C8: Technical
A9: T8 | B9: Endpoint Security | C9: Technical
A10: T9 | B10: Backup & Recovery | C10: Technical
A11: T10 | B11: Physical Security | C11: Technical
A12: O1 | B12: Policies & Procedures | C12: Organizational
A13: O2 | B13: Staff Training & Awareness | C13: Organizational
... A21: O10 | B21: Business Continuity | C21: Organizational

Sheet 3. Technical Measures Detail
A1: TECHNICAL MEASURES DEEP-DIVE (T1-T10)
A3: T1 - ENCRYPTION
A4: Technologies Deployed:
A5: Configuration Details:
A6: Coverage (%):
A7: Exceptions:
A8: Integration Notes:
A10: T2 - ACCESS CONTROL
A11: Technologies Deployed:
A12: Configuration Details:
A13: Coverage (%):
A14: Exceptions:
... A71: Integration Notes:

Sheet 4. Organizational Measures Detail
A1: ORGANIZATIONAL MEASURES DEEP-DIVE (O1-O10)
A3: O1 - POLICIES & PROCEDURES
A4: Policies/Procedures:
A5: Training/Communication:
A6: Governance Structure:
A7: Monitoring Method:
A8: Improvement Process:
A10: O2 - STAFF TRAINING & AWARENESS
A11: Policies/Procedures:
A12: Training/Communication:
A13: Governance Structure:
A14: Monitoring Method:
... A71: Improvement Process:

Sheet 5. Evidence Repository
A1: Evidence ID | B1: TOM ID | C1: Evidence Type | D1: Description | E1: File Location | F1: Evidence Date | G1: Verification Status | H1: Verified By | I1: Notes

Sheet 6. Gap Analysis & Risk
A1: Gap ID | B1: TOM ID | C1: Gap Description | D1: Likelihood | E1: Impact | F1: Overall Risk | G1: Risk Score | H1: Remediation Priority | I1: Residual Risk | J1: Acceptance Justification
F2: =IF(AND(D2="High", OR(E2="High", E2="Critical")), "Critical", IF(AND(D2="Medium", E2="Critical"), "Critical", IF(OR(AND(D2="High", E2="Medium"), AND(D2="Medium", E2="High")), "High", IF(OR(AND(D2="Low", E2="High"), AND(D2="Medium", E2="Medium")), "Medium", "Low")))) | G2: =IF(F2="Critical", 4, IF(F2="High", 3, IF(F2="Medium", 2, 1)))
F3: =IF(AND(D3="High", OR(E3="High", E3="Critical")), "Critical", IF(AND(D3="Medium", E3="Critical"), "Critical", IF(OR(AND(D3="High", E3="Medium"), AND(D3="Medium", E3="High")), "High", IF(OR(AND(D3="Low", E3="High"), AND(D3="Medium", E3="Medium")), "Medium", "Low")))) | G3: =IF(F3="Critical", 4, IF(F3="High", 3, IF(F3="Medium", 2, 1)))
F4: =IF(AND(D4="High", OR(E4="High", E4="Critical")), "Critical", IF(AND(D4="Medium", E4="Critical"), "Critical", IF(OR(AND(D4="High", E4="Medium"), AND(D4="Medium", E4="High")), "High", IF(OR(AND(D4="Low", E4="High"), AND(D4="Medium", E4="Medium")), "Medium", "Low")))) | G4: =IF(F4="Critical", 4, IF(F4="High", 3, IF(F4="Medium", 2, 1)))
F5: =IF(AND(D5="High", OR(E5="High", E5="Critical")), "Critical", IF(AND(D5="Medium", E5="Critical"), "Critical", IF(OR(AND(D5="High", E5="Medium"), AND(D5="Medium", E5="High")), "High", IF(OR(AND(D5="Low", E5="High"), AND(D5="Medium", E5="Medium")), "Medium", "Low")))) | G5: =IF(F5="Critical", 4, IF(F5="High", 3, IF(F5="Medium", 2, 1)))
F6: =IF(AND(D6="High", OR(E6="High", E6="Critical")), "Critical", IF(AND(D6="Medium", E6="Critical"), "Critical", IF(OR(AND(D6="High", E6="Medium"), AND(D6="Medium", E6="High")), "High", IF(OR(AND(D6="Low", E6="High"), AND(D6="Medium", E6="Medium")), "Medium", "Low")))) | G6: =IF(F6="Critical", 4, IF(F6="High", 3, IF(F6="Medium", 2, 1)))
F7: =IF(AND(D7="High", OR(E7="High", E7="Critical")), "Critical", IF(AND(D7="Medium", E7="Critical"), "Critical", IF(OR(AND(D7="High", E7="Medium"), AND(D7="Medium", E7="High")), "High", IF(OR(AND(D7="Low", E7="High"), AND(D7="Medium", E7="Medium")), "Medium", "Low")))) | G7: =IF(F7="Critical", 4, IF(F7="High", 3, IF(F7="Medium", 2, 1)))
F8: =IF(AND(D8="High", OR(E8="High", E8="Critical")), "Critical", IF(AND(D8="Medium", E8="Critical"), "Critical", IF(OR(AND(D8="High", E8="Medium"), AND(D8="Medium", E8="High")), "High", IF(OR(AND(D8="Low", E8="High"), AND(D8="Medium", E8="Medium")), "Medium", "Low")))) | G8: =IF(F8="Critical", 4, IF(F8="High", 3, IF(F8="Medium", 2, 1)))
F9: =IF(AND(D9="High", OR(E9="High", E9="Critical")), "Critical", IF(AND(D9="Medium", E9="Critical"), "Critical", IF(OR(AND(D9="High", E9="Medium"), AND(D9="Medium", E9="High")), "High", IF(OR(AND(D9="Low", E9="High"), AND(D9="Medium", E9="Medium")), "Medium", "Low")))) | G9: =IF(F9="Critical", 4, IF(F9="High", 3, IF(F9="Medium", 2, 1)))
F10: =IF(AND(D10="High", OR(E10="High", E10="Critical")), "Critical", IF(AND(D10="Medium", E10="Critical"), "Critical", IF(OR(AND(D10="High", E10="Medium"), AND(D10="Medium", E10="High")), "High", IF(OR(AND(D10="Low", E10="High"), AND(D10="Medium", E10="Medium")), "Medium", "Low")))) | G10: =IF(F10="Critical", 4, IF(F10="High", 3, IF(F10="Medium", 2, 1)))
F11: =IF(AND(D11="High", OR(E11="High", E11="Critical")), "Critical", IF(AND(D11="Medium", E11="Critical"), "Critical", IF(OR(AND(D11="High", E11="Medium"), AND(D11="Medium", E11="High")), "High", IF(OR(AND(D11="Low", E11="High"), AND(D11="Medium", E11="Medium")), "Medium", "Low")))) | G11: =IF(F11="Critical", 4, IF(F11="High", 3, IF(F11="Medium", 2, 1)))
F12: =IF(AND(D12="High", OR(E12="High", E12="Critical")), "Critical", IF(AND(D12="Medium", E12="Critical"), "Critical", IF(OR(AND(D12="High", E12="Medium"), AND(D12="Medium", E12="High")), "High", IF(OR(AND(D12="Low", E12="High"), AND(D12="Medium", E12="Medium")), "Medium", "Low")))) | G12: =IF(F12="Critical", 4, IF(F12="High", 3, IF(F12="Medium", 2, 1)))
F13: =IF(AND(D13="High", OR(E13="High", E13="Critical")), "Critical", IF(AND(D13="Medium", E13="Critical"), "Critical", IF(OR(AND(D13="High", E13="Medium"), AND(D13="Medium", E13="High")), "High", IF(OR(AND(D13="Low", E13="High"), AND(D13="Medium", E13="Medium")), "Medium", "Low")))) | G13: =IF(F13="Critical", 4, IF(F13="High", 3, IF(F13="Medium", 2, 1)))
... F200: =IF(AND(D200="High", OR(E200="High", E200="Critical")), "Critical", IF(AND(D200="Medium", E200="Critical"), "Critical", IF(OR(AND(D200="High", E200="Medium"), AND(D200="Medium", E200="High")), "High", IF(OR(AND(D200="Low", E200="High"), AND(D200="Medium", E200="Medium")), "Medium", "Low")))) | G200: =IF(F200="Critical", 4, IF(F200="High", 3, IF(F200="Medium", 2, 1)))

Sheet 7. Remediation Action Plan
A1: Action ID | B1: TOM ID | C1: Gap Description | D1: Proposed Solution | E1: Owner | F1: Start Date | G1: Target Date | H1: Status | I1: % Complete | J1: Completion Date

Sheet 8. Compliance Dashboard
A1: TOMS COMPLIANCE DASHBOARD
A2: Generated: 31.01.2026 03:16
A5: IMPLEMENTATION STATUS
A6: Total TOMs | B6: 20
A7: Implemented | B7: =COUNTIF('2. TOM Control Inventory'!D:D, "Implemented")
A8: Partially Implemented | B8: =COUNTIF('2. TOM Control Inventory'!D:D, "Partially Implemented")
A9: Not Implemented | B9: =COUNTIF('2. TOM Control Inventory'!D:D, "Not Implemented")
A10: Implementation Rate | B10: =(B6+(B7*0.5))/B5
A12: CONTROL EFFECTIVENESS
A13: Effective Controls | B13: =COUNTIF('2. TOM Control Inventory'!H:H, "Effective")
A14: Effectiveness Rate | B14: =B12/B6
A16: GAP ANALYSIS
A17: Critical Gaps | B17: =COUNTIF('6. Gap Analysis & Risk'!F:F, "Critical")
A18: High Gaps | B18: =COUNTIF('6. Gap Analysis & Risk'!F:F, "High")
A19: Total Gaps | B19: =COUNTA('6. Gap Analysis & Risk'!A:A)-1
A21: REMEDIATION PROGRESS
A22: Total Actions | B22: =COUNTA('7. Remediation Action Plan'!A:A)-1
A23: Completed Actions | B23: =COUNTIF('7. Remediation Action Plan'!H:H, "Complete")
A24: Remediation Progress | B24: =B21/B20
A26: GDPR ART. 32 COMPLIANCE
A27: Compliance Score | B27: =(B9*0.4 + B13*0.3 + (1-B16/20)*0.2 + B22*0.1)
