Workbook

Sheet 1. Instructions & Legend
A1: ISMS-IMP-A.5.34.2 - Legal Basis and Lawful Processing Assessment
A2: Assessment Instructions and Legal Basis Selection Framework
A4: 1. ASSESSMENT OVERVIEW
A6: This assessment documents the legal basis for ALL personal data processing activities to ensure compliance with: • GDPR Article 6 (Lawfulness of processing) • Swiss FADP Article 34 (Legal basis) • ISO/IEC 27001:2022 Control A.5.34 (Privacy and protection of PII) CRITICAL: Processing without documented legal basis is a fundamental data protection violation.
A11: 2. LEGAL BASIS SELECTION FRAMEWORK (GDPR Article 6)
A13: Legal basis is NOT a free choice. Selection must align with the ACTUAL purpose and nature of processing. CONSENT (Art. 6(1)(a)): • Data subject has genuine choice (can refuse without detriment) • Freely given, specific, informed, unambiguous • Examples: Marketing to prospects, optional profiling, research participation CONTRACT (Art. 6(1)(b)): • Processing is objectively NECESSARY to perform contract obligations • Without processing, contract cannot be fulfilled • Examples: Shipping address for delivery, payment details for transactions • NOT valid for "related to contract" - must be strictly necessary LEGAL OBLIGATION (Art. 6(1)(c)): • Specific law REQUIRES processing (cite statute) • Examples: Tax records, employee social security, AML checks • NOT valid for "best practices" - must be legal mandate VITAL INTERESTS (Art. 6(1)(d)): • Life-threatening emergency only • Data subject cannot provide consent (unconscious, incapacitated) • Rarely used PUBLIC TASK (Art. 6(1)(e)): • Public authority performing official function • NOT applicable to private sector LEGITIMATE INTEREST (Art. 6(1)(f)): • Processing benefits controller or third party • Balancing test passed (LIA completed - see Sheet 3) • Data subject's interests DO NOT override controller's interests • Examples: Fraud prevention, network security, direct marketing (with opt-out) • Requires documented LIA
A38: 3. SPECIAL CATEGORY DATA (GDPR Article 9)
A40: Special category PII requires ADDITIONAL legal basis under GDPR Art. 9: • Racial or ethnic origin • Political opinions • Religious or philosophical beliefs • Trade union membership • Genetic data • Biometric data (for unique identification) • Health data • Sex life or sexual orientation IMPORTANT: General legal basis (Art. 6) + Special category basis (Art. 9) BOTH required.
A52: 4. DROPDOWN OPTIONS REFERENCE
A54: Legal Basis (GDPR Art. 6):
A55: • Consent (GDPR Art. 6(1)(a))
A56: • Contract (GDPR Art. 6(1)(b))
... A72: • Archiving/Research (Art. 9(2)(j))

Sheet 2. Legal Basis Inventory
A1: Activity ID | B1: Processing Activity | C1: Processing Purpose | D1: Legal Basis (GDPR Art. 6) | E1: Legal Basis Justification | F1: Data Subject Information | G1: Special Category Data? | H1: GDPR Art. 9 Legal Basis | I1: Consent Status | J1: Consent Mechanism | K1: LIA Required? | L1: LIA Reference | M1: Legal Basis Evidence | N1: Compliance Status | O1: Remediation Plan
K2: =IF(D2="Legitimate Interest (GDPR Art. 6(1)(f))", "Yes / Required (Sheet 3)", "") | N2: =IF(D2="", "Gap - No Legal Basis", IF(AND(D2="Consent (GDPR Art. 6(1)(a))", I2="Not Captured"), "Gap - Invalid Consent", IF(AND(D2="Legitimate Interest (GDPR Art. 6(1)(f))", L2=""), "Gap - Missing LIA", IF(AND(G2="Yes", H2=""), "Gap - Missing Art. 9 Basis", IF(OR(I2="Invalid - Not Freely Given", I2="Invalid - Not Specific", I2="Invalid - Not Informed", I2="Invalid - Ambiguous"), "Gap - Invalid Consent", "Compliant")))))
K3: =IF(D3="Legitimate Interest (GDPR Art. 6(1)(f))", "Yes / Required (Sheet 3)", "") | N3: =IF(D3="", "Gap - No Legal Basis", IF(AND(D3="Consent (GDPR Art. 6(1)(a))", I3="Not Captured"), "Gap - Invalid Consent", IF(AND(D3="Legitimate Interest (GDPR Art. 6(1)(f))", L3=""), "Gap - Missing LIA", IF(AND(G3="Yes", H3=""), "Gap - Missing Art. 9 Basis", IF(OR(I3="Invalid - Not Freely Given", I3="Invalid - Not Specific", I3="Invalid - Not Informed", I3="Invalid - Ambiguous"), "Gap - Invalid Consent", "Compliant")))))
K4: =IF(D4="Legitimate Interest (GDPR Art. 6(1)(f))", "Yes / Required (Sheet 3)", "") | N4: =IF(D4="", "Gap - No Legal Basis", IF(AND(D4="Consent (GDPR Art. 6(1)(a))", I4="Not Captured"), "Gap - Invalid Consent", IF(AND(D4="Legitimate Interest (GDPR Art. 6(1)(f))", L4=""), "Gap - Missing LIA", IF(AND(G4="Yes", H4=""), "Gap - Missing Art. 9 Basis", IF(OR(I4="Invalid - Not Freely Given", I4="Invalid - Not Specific", I4="Invalid - Not Informed", I4="Invalid - Ambiguous"), "Gap - Invalid Consent", "Compliant")))))
K5: =IF(D5="Legitimate Interest (GDPR Art. 6(1)(f))", "Yes / Required (Sheet 3)", "") | N5: =IF(D5="", "Gap - No Legal Basis", IF(AND(D5="Consent (GDPR Art. 6(1)(a))", I5="Not Captured"), "Gap - Invalid Consent", IF(AND(D5="Legitimate Interest (GDPR Art. 6(1)(f))", L5=""), "Gap - Missing LIA", IF(AND(G5="Yes", H5=""), "Gap - Missing Art. 9 Basis", IF(OR(I5="Invalid - Not Freely Given", I5="Invalid - Not Specific", I5="Invalid - Not Informed", I5="Invalid - Ambiguous"), "Gap - Invalid Consent", "Compliant")))))
K6: =IF(D6="Legitimate Interest (GDPR Art. 6(1)(f))", "Yes / Required (Sheet 3)", "") | N6: =IF(D6="", "Gap - No Legal Basis", IF(AND(D6="Consent (GDPR Art. 6(1)(a))", I6="Not Captured"), "Gap - Invalid Consent", IF(AND(D6="Legitimate Interest (GDPR Art. 6(1)(f))", L6=""), "Gap - Missing LIA", IF(AND(G6="Yes", H6=""), "Gap - Missing Art. 9 Basis", IF(OR(I6="Invalid - Not Freely Given", I6="Invalid - Not Specific", I6="Invalid - Not Informed", I6="Invalid - Ambiguous"), "Gap - Invalid Consent", "Compliant")))))
K7: =IF(D7="Legitimate Interest (GDPR Art. 6(1)(f))", "Yes / Required (Sheet 3)", "") | N7: =IF(D7="", "Gap - No Legal Basis", IF(AND(D7="Consent (GDPR Art. 6(1)(a))", I7="Not Captured"), "Gap - Invalid Consent", IF(AND(D7="Legitimate Interest (GDPR Art. 6(1)(f))", L7=""), "Gap - Missing LIA", IF(AND(G7="Yes", H7=""), "Gap - Missing Art. 9 Basis", IF(OR(I7="Invalid - Not Freely Given", I7="Invalid - Not Specific", I7="Invalid - Not Informed", I7="Invalid - Ambiguous"), "Gap - Invalid Consent", "Compliant")))))
K8: =IF(D8="Legitimate Interest (GDPR Art. 6(1)(f))", "Yes / Required (Sheet 3)", "") | N8: =IF(D8="", "Gap - No Legal Basis", IF(AND(D8="Consent (GDPR Art. 6(1)(a))", I8="Not Captured"), "Gap - Invalid Consent", IF(AND(D8="Legitimate Interest (GDPR Art. 6(1)(f))", L8=""), "Gap - Missing LIA", IF(AND(G8="Yes", H8=""), "Gap - Missing Art. 9 Basis", IF(OR(I8="Invalid - Not Freely Given", I8="Invalid - Not Specific", I8="Invalid - Not Informed", I8="Invalid - Ambiguous"), "Gap - Invalid Consent", "Compliant")))))
K9: =IF(D9="Legitimate Interest (GDPR Art. 6(1)(f))", "Yes / Required (Sheet 3)", "") | N9: =IF(D9="", "Gap - No Legal Basis", IF(AND(D9="Consent (GDPR Art. 6(1)(a))", I9="Not Captured"), "Gap - Invalid Consent", IF(AND(D9="Legitimate Interest (GDPR Art. 6(1)(f))", L9=""), "Gap - Missing LIA", IF(AND(G9="Yes", H9=""), "Gap - Missing Art. 9 Basis", IF(OR(I9="Invalid - Not Freely Given", I9="Invalid - Not Specific", I9="Invalid - Not Informed", I9="Invalid - Ambiguous"), "Gap - Invalid Consent", "Compliant")))))
K10: =IF(D10="Legitimate Interest (GDPR Art. 6(1)(f))", "Yes / Required (Sheet 3)", "") | N10: =IF(D10="", "Gap - No Legal Basis", IF(AND(D10="Consent (GDPR Art. 6(1)(a))", I10="Not Captured"), "Gap - Invalid Consent", IF(AND(D10="Legitimate Interest (GDPR Art. 6(1)(f))", L10=""), "Gap - Missing LIA", IF(AND(G10="Yes", H10=""), "Gap - Missing Art. 9 Basis", IF(OR(I10="Invalid - Not Freely Given", I10="Invalid - Not Specific", I10="Invalid - Not Informed", I10="Invalid - Ambiguous"), "Gap - Invalid Consent", "Compliant")))))
K11: =IF(D11="Legitimate Interest (GDPR Art. 6(1)(f))", "Yes / Required (Sheet 3)", "") | N11: =IF(D11="", "Gap - No Legal Basis", IF(AND(D11="Consent (GDPR Art. 6(1)(a))", I11="Not Captured"), "Gap - Invalid Consent", IF(AND(D11="Legitimate Interest (GDPR Art. 6(1)(f))", L11=""), "Gap - Missing LIA", IF(AND(G11="Yes", H11=""), "Gap - Missing Art. 9 Basis", IF(OR(I11="Invalid - Not Freely Given", I11="Invalid - Not Specific", I11="Invalid - Not Informed", I11="Invalid - Ambiguous"), "Gap - Invalid Consent", "Compliant")))))
K12: =IF(D12="Legitimate Interest (GDPR Art. 6(1)(f))", "Yes / Required (Sheet 3)", "") | N12: =IF(D12="", "Gap - No Legal Basis", IF(AND(D12="Consent (GDPR Art. 6(1)(a))", I12="Not Captured"), "Gap - Invalid Consent", IF(AND(D12="Legitimate Interest (GDPR Art. 6(1)(f))", L12=""), "Gap - Missing LIA", IF(AND(G12="Yes", H12=""), "Gap - Missing Art. 9 Basis", IF(OR(I12="Invalid - Not Freely Given", I12="Invalid - Not Specific", I12="Invalid - Not Informed", I12="Invalid - Ambiguous"), "Gap - Invalid Consent", "Compliant")))))
K13: =IF(D13="Legitimate Interest (GDPR Art. 6(1)(f))", "Yes / Required (Sheet 3)", "") | N13: =IF(D13="", "Gap - No Legal Basis", IF(AND(D13="Consent (GDPR Art. 6(1)(a))", I13="Not Captured"), "Gap - Invalid Consent", IF(AND(D13="Legitimate Interest (GDPR Art. 6(1)(f))", L13=""), "Gap - Missing LIA", IF(AND(G13="Yes", H13=""), "Gap - Missing Art. 9 Basis", IF(OR(I13="Invalid - Not Freely Given", I13="Invalid - Not Specific", I13="Invalid - Not Informed", I13="Invalid - Ambiguous"), "Gap - Invalid Consent", "Compliant")))))
... K10000: =IF(D10000="Legitimate Interest (GDPR Art. 6(1)(f))", "Yes / Required (Sheet 3)", "") | N10000: =IF(D10000="", "Gap - No Legal Basis", IF(AND(D10000="Consent (GDPR Art. 6(1)(a))", I10000="Not Captured"), "Gap - Invalid Consent", IF(AND(D10000="Legitimate Interest (GDPR Art. 6(1)(f))", L10000=""), "Gap - Missing LIA", IF(AND(G10000="Yes", H10000=""), "Gap - Missing Art. 9 Basis", IF(OR(I10000="Invalid - Not Freely Given", I10000="Invalid - Not Specific", I10000="Invalid - Not Informed", I10000="Invalid - Ambiguous"), "Gap - Invalid Consent", "Compliant")))))

Sheet 3. Legitimate Interest Assessments
A1: LIA ID | B1: Activity ID (from Sheet 2) | C1: Legitimate Interest | D1: Beneficiary | E1: Legitimacy Assessment | F1: Necessity Assessment | G1: Alternative Methods Considered | H1: Necessity Conclusion | I1: Data Subject's Interests | J1: Data Subject Expectations | K1: Impact Assessment | L1: Safeguards Implemented | M1: Balancing Test Result | N1: Assessor Name | O1: Assessment Date | P1: DPO Approval | Q1: Approval Date
M2: =IF(AND(E2="Legitimate", H2="Necessary", K2="Minimal Impact"), "Pass - Legitimate Interest Prevails", IF(AND(E2="Legitimate", H2="Necessary", OR(K2="Limited Impact", K2="Significant Impact"), L2<>""), "Pass with Conditions", IF(OR(E2="Not Legitimate", H2="Not Necessary", K2="High Impact"), "Fail - Data Subject''s Rights Prevail", "Pass with Conditions")))
M3: =IF(AND(E3="Legitimate", H3="Necessary", K3="Minimal Impact"), "Pass - Legitimate Interest Prevails", IF(AND(E3="Legitimate", H3="Necessary", OR(K3="Limited Impact", K3="Significant Impact"), L3<>""), "Pass with Conditions", IF(OR(E3="Not Legitimate", H3="Not Necessary", K3="High Impact"), "Fail - Data Subject''s Rights Prevail", "Pass with Conditions")))
M4: =IF(AND(E4="Legitimate", H4="Necessary", K4="Minimal Impact"), "Pass - Legitimate Interest Prevails", IF(AND(E4="Legitimate", H4="Necessary", OR(K4="Limited Impact", K4="Significant Impact"), L4<>""), "Pass with Conditions", IF(OR(E4="Not Legitimate", H4="Not Necessary", K4="High Impact"), "Fail - Data Subject''s Rights Prevail", "Pass with Conditions")))
M5: =IF(AND(E5="Legitimate", H5="Necessary", K5="Minimal Impact"), "Pass - Legitimate Interest Prevails", IF(AND(E5="Legitimate", H5="Necessary", OR(K5="Limited Impact", K5="Significant Impact"), L5<>""), "Pass with Conditions", IF(OR(E5="Not Legitimate", H5="Not Necessary", K5="High Impact"), "Fail - Data Subject''s Rights Prevail", "Pass with Conditions")))
M6: =IF(AND(E6="Legitimate", H6="Necessary", K6="Minimal Impact"), "Pass - Legitimate Interest Prevails", IF(AND(E6="Legitimate", H6="Necessary", OR(K6="Limited Impact", K6="Significant Impact"), L6<>""), "Pass with Conditions", IF(OR(E6="Not Legitimate", H6="Not Necessary", K6="High Impact"), "Fail - Data Subject''s Rights Prevail", "Pass with Conditions")))
M7: =IF(AND(E7="Legitimate", H7="Necessary", K7="Minimal Impact"), "Pass - Legitimate Interest Prevails", IF(AND(E7="Legitimate", H7="Necessary", OR(K7="Limited Impact", K7="Significant Impact"), L7<>""), "Pass with Conditions", IF(OR(E7="Not Legitimate", H7="Not Necessary", K7="High Impact"), "Fail - Data Subject''s Rights Prevail", "Pass with Conditions")))
M8: =IF(AND(E8="Legitimate", H8="Necessary", K8="Minimal Impact"), "Pass - Legitimate Interest Prevails", IF(AND(E8="Legitimate", H8="Necessary", OR(K8="Limited Impact", K8="Significant Impact"), L8<>""), "Pass with Conditions", IF(OR(E8="Not Legitimate", H8="Not Necessary", K8="High Impact"), "Fail - Data Subject''s Rights Prevail", "Pass with Conditions")))
M9: =IF(AND(E9="Legitimate", H9="Necessary", K9="Minimal Impact"), "Pass - Legitimate Interest Prevails", IF(AND(E9="Legitimate", H9="Necessary", OR(K9="Limited Impact", K9="Significant Impact"), L9<>""), "Pass with Conditions", IF(OR(E9="Not Legitimate", H9="Not Necessary", K9="High Impact"), "Fail - Data Subject''s Rights Prevail", "Pass with Conditions")))
M10: =IF(AND(E10="Legitimate", H10="Necessary", K10="Minimal Impact"), "Pass - Legitimate Interest Prevails", IF(AND(E10="Legitimate", H10="Necessary", OR(K10="Limited Impact", K10="Significant Impact"), L10<>""), "Pass with Conditions", IF(OR(E10="Not Legitimate", H10="Not Necessary", K10="High Impact"), "Fail - Data Subject''s Rights Prevail", "Pass with Conditions")))
M11: =IF(AND(E11="Legitimate", H11="Necessary", K11="Minimal Impact"), "Pass - Legitimate Interest Prevails", IF(AND(E11="Legitimate", H11="Necessary", OR(K11="Limited Impact", K11="Significant Impact"), L11<>""), "Pass with Conditions", IF(OR(E11="Not Legitimate", H11="Not Necessary", K11="High Impact"), "Fail - Data Subject''s Rights Prevail", "Pass with Conditions")))
M12: =IF(AND(E12="Legitimate", H12="Necessary", K12="Minimal Impact"), "Pass - Legitimate Interest Prevails", IF(AND(E12="Legitimate", H12="Necessary", OR(K12="Limited Impact", K12="Significant Impact"), L12<>""), "Pass with Conditions", IF(OR(E12="Not Legitimate", H12="Not Necessary", K12="High Impact"), "Fail - Data Subject''s Rights Prevail", "Pass with Conditions")))
M13: =IF(AND(E13="Legitimate", H13="Necessary", K13="Minimal Impact"), "Pass - Legitimate Interest Prevails", IF(AND(E13="Legitimate", H13="Necessary", OR(K13="Limited Impact", K13="Significant Impact"), L13<>""), "Pass with Conditions", IF(OR(E13="Not Legitimate", H13="Not Necessary", K13="High Impact"), "Fail - Data Subject''s Rights Prevail", "Pass with Conditions")))
... M1000: =IF(AND(E1000="Legitimate", H1000="Necessary", K1000="Minimal Impact"), "Pass - Legitimate Interest Prevails", IF(AND(E1000="Legitimate", H1000="Necessary", OR(K1000="Limited Impact", K1000="Significant Impact"), L1000<>""), "Pass with Conditions", IF(OR(E1000="Not Legitimate", H1000="Not Necessary", K1000="High Impact"), "Fail - Data Subject''s Rights Prevail", "Pass with Conditions")))

Sheet 4. Consent Management
A1: Consent ID | B1: Activity ID (from Sheet 2) | C1: Consent Purpose | D1: Consent Date | E1: Consent Mechanism | F1: Freely Given? | G1: Specific? | H1: Informed? | I1: Unambiguous? | J1: Documented? | K1: Consent Validity | L1: Withdrawal Mechanism Available? | M1: Withdrawal Mechanism Description | N1: Withdrawal Processing Time | O1: Consent Records Location | P1: Audit Trail Available? | Q1: Evidence Reference
K2: =IF(F2="No", "Invalid - Not Freely Given", IF(G2="No", "Invalid - Not Specific", IF(H2="No", "Invalid - Not Informed", IF(I2="No", "Invalid - Ambiguous", IF(J2="No", "Invalid - Not Documented", IF(AND(F2="Yes", G2="Yes", H2="Yes", I2="Yes", J2="Yes"), "Valid", "Requires Review"))))))
K3: =IF(F3="No", "Invalid - Not Freely Given", IF(G3="No", "Invalid - Not Specific", IF(H3="No", "Invalid - Not Informed", IF(I3="No", "Invalid - Ambiguous", IF(J3="No", "Invalid - Not Documented", IF(AND(F3="Yes", G3="Yes", H3="Yes", I3="Yes", J3="Yes"), "Valid", "Requires Review"))))))
K4: =IF(F4="No", "Invalid - Not Freely Given", IF(G4="No", "Invalid - Not Specific", IF(H4="No", "Invalid - Not Informed", IF(I4="No", "Invalid - Ambiguous", IF(J4="No", "Invalid - Not Documented", IF(AND(F4="Yes", G4="Yes", H4="Yes", I4="Yes", J4="Yes"), "Valid", "Requires Review"))))))
K5: =IF(F5="No", "Invalid - Not Freely Given", IF(G5="No", "Invalid - Not Specific", IF(H5="No", "Invalid - Not Informed", IF(I5="No", "Invalid - Ambiguous", IF(J5="No", "Invalid - Not Documented", IF(AND(F5="Yes", G5="Yes", H5="Yes", I5="Yes", J5="Yes"), "Valid", "Requires Review"))))))
K6: =IF(F6="No", "Invalid - Not Freely Given", IF(G6="No", "Invalid - Not Specific", IF(H6="No", "Invalid - Not Informed", IF(I6="No", "Invalid - Ambiguous", IF(J6="No", "Invalid - Not Documented", IF(AND(F6="Yes", G6="Yes", H6="Yes", I6="Yes", J6="Yes"), "Valid", "Requires Review"))))))
K7: =IF(F7="No", "Invalid - Not Freely Given", IF(G7="No", "Invalid - Not Specific", IF(H7="No", "Invalid - Not Informed", IF(I7="No", "Invalid - Ambiguous", IF(J7="No", "Invalid - Not Documented", IF(AND(F7="Yes", G7="Yes", H7="Yes", I7="Yes", J7="Yes"), "Valid", "Requires Review"))))))
K8: =IF(F8="No", "Invalid - Not Freely Given", IF(G8="No", "Invalid - Not Specific", IF(H8="No", "Invalid - Not Informed", IF(I8="No", "Invalid - Ambiguous", IF(J8="No", "Invalid - Not Documented", IF(AND(F8="Yes", G8="Yes", H8="Yes", I8="Yes", J8="Yes"), "Valid", "Requires Review"))))))
K9: =IF(F9="No", "Invalid - Not Freely Given", IF(G9="No", "Invalid - Not Specific", IF(H9="No", "Invalid - Not Informed", IF(I9="No", "Invalid - Ambiguous", IF(J9="No", "Invalid - Not Documented", IF(AND(F9="Yes", G9="Yes", H9="Yes", I9="Yes", J9="Yes"), "Valid", "Requires Review"))))))
K10: =IF(F10="No", "Invalid - Not Freely Given", IF(G10="No", "Invalid - Not Specific", IF(H10="No", "Invalid - Not Informed", IF(I10="No", "Invalid - Ambiguous", IF(J10="No", "Invalid - Not Documented", IF(AND(F10="Yes", G10="Yes", H10="Yes", I10="Yes", J10="Yes"), "Valid", "Requires Review"))))))
K11: =IF(F11="No", "Invalid - Not Freely Given", IF(G11="No", "Invalid - Not Specific", IF(H11="No", "Invalid - Not Informed", IF(I11="No", "Invalid - Ambiguous", IF(J11="No", "Invalid - Not Documented", IF(AND(F11="Yes", G11="Yes", H11="Yes", I11="Yes", J11="Yes"), "Valid", "Requires Review"))))))
K12: =IF(F12="No", "Invalid - Not Freely Given", IF(G12="No", "Invalid - Not Specific", IF(H12="No", "Invalid - Not Informed", IF(I12="No", "Invalid - Ambiguous", IF(J12="No", "Invalid - Not Documented", IF(AND(F12="Yes", G12="Yes", H12="Yes", I12="Yes", J12="Yes"), "Valid", "Requires Review"))))))
K13: =IF(F13="No", "Invalid - Not Freely Given", IF(G13="No", "Invalid - Not Specific", IF(H13="No", "Invalid - Not Informed", IF(I13="No", "Invalid - Ambiguous", IF(J13="No", "Invalid - Not Documented", IF(AND(F13="Yes", G13="Yes", H13="Yes", I13="Yes", J13="Yes"), "Valid", "Requires Review"))))))
... K1000: =IF(F1000="No", "Invalid - Not Freely Given", IF(G1000="No", "Invalid - Not Specific", IF(H1000="No", "Invalid - Not Informed", IF(I1000="No", "Invalid - Ambiguous", IF(J1000="No", "Invalid - Not Documented", IF(AND(F1000="Yes", G1000="Yes", H1000="Yes", I1000="Yes", J1000="Yes"), "Valid", "Requires Review"))))))

Sheet 5. Legal Basis Gaps
A1: Activity ID | B1: Processing Activity | C1: Current Legal Basis | D1: Gap Type | E1: Risk Level | F1: Remediation Priority | G1: Remediation Action | H1: Remediation Owner | I1: Target Date | J1: Status | K1: Completion Date | L1: Verification Notes

Sheet 6. Evidence Repository
A1: Evidence ID | B1: Evidence Type | C1: Description | D1: File Location | E1: Linked Activity IDs | F1: Verified By | G1: Verification Date | H1: Verification Status | I1: Notes

Sheet 7. Dashboard
A1: Legal Basis Compliance Dashboard
A2: Generated: 31.01.2026 03:16
A4: LEGAL BASIS COVERAGE
A5: Total Processing Activities | B5: =COUNTA('2. Legal Basis Inventory'!A2:A10000)
A6: Activities with Legal Basis | B6: =COUNTIF('2. Legal Basis Inventory'!D2:D10000, "<>")
A7: Coverage Percentage | B7: =IF(B5=0, 0, B6/B5)
A8: Gap Count | B8: =COUNTIF('2. Legal Basis Inventory'!N2:N10000, "Gap*")
A11: LEGAL BASIS DISTRIBUTION
A12: Consent | B12: =COUNTIF('2. Legal Basis Inventory'!D2:D10000, "Consent (GDPR Art. 6(1)(a))*")
A13: Contract | B13: =COUNTIF('2. Legal Basis Inventory'!D2:D10000, "Contract (GDPR Art. 6(1)(b))*")
A14: Legal Obligation | B14: =COUNTIF('2. Legal Basis Inventory'!D2:D10000, "Legal Obligation (GDPR Art. 6(1)(c))*")
A15: Vital Interests | B15: =COUNTIF('2. Legal Basis Inventory'!D2:D10000, "Vital Interests (GDPR Art. 6(1)(d))*")
A16: Public Task | B16: =COUNTIF('2. Legal Basis Inventory'!D2:D10000, "Public Task (GDPR Art. 6(1)(e))*")
A17: Legitimate Interest | B17: =COUNTIF('2. Legal Basis Inventory'!D2:D10000, "Legitimate Interest (GDPR Art. 6(1)(f))*")
A20: CONSENT MANAGEMENT
A21: Total Consents | B21: =COUNTA('4. Consent Management'!A2:A1000)
A22: Valid Consents | B22: =COUNTIF('4. Consent Management'!K2:K1000, "Valid")
A23: Invalid Consents | B23: =COUNTIFS('4. Consent Management'!K2:K1000, "Invalid*")
A24: Consent Validity Rate | B24: =IF(B21=0, 0, B22/B21)
A25: Consents Without Withdrawal | B25: =COUNTIF('4. Consent Management'!L2:L1000, "No")
A28: LEGITIMATE INTEREST ASSESSMENTS (LIA)
A29: Total LIAs Required | B29: =COUNTIF('2. Legal Basis Inventory'!K2:K10000, "Yes*")
A30: LIAs Completed | B30: =COUNTA('3. Legitimate Interest Assessments'!A2:A1000)
A31: LIA Completion Rate | B31: =IF(B29=0, 0, B30/B29)
A32: LIAs Passed | B32: =COUNTIF('3. Legitimate Interest Assessments'!M2:M1000, "Pass*")
A33: LIAs Failed | B33: =COUNTIF('3. Legitimate Interest Assessments'!M2:M1000, "Fail*")
A34: LIAs Pending DPO Approval | B34: =COUNTIF('3. Legitimate Interest Assessments'!P2:P1000, "Pending")
A37: GAP ANALYSIS
A38: Critical Gaps | B38: =COUNTIF('5. Legal Basis Gaps'!E2:E1000, "Critical")
A39: High Priority Gaps | B39: =COUNTIF('5. Legal Basis Gaps'!E2:E1000, "High")
A40: Medium Priority Gaps | B40: =COUNTIF('5. Legal Basis Gaps'!E2:E1000, "Medium")
A41: Low Priority Gaps | B41: =COUNTIF('5. Legal Basis Gaps'!E2:E1000, "Low")
A42: Gaps Remediated | B42: =COUNTIF('5. Legal Basis Gaps'!J2:J1000, "Complete")
A43: Remediation Progress | B43: =IF(SUM(B38:B41)=0, 0, B42/SUM(B38:B41))
A46: OVERALL COMPLIANCE SCORE
A47: Compliance Score | B47: =AVERAGE(B7, B27, B36)

Sheet 8. Approval & Sign-Off
A1: Legal Basis Assessment - Approval and Sign-Off
A4: ASSESSMENT COMPLETION
A5: Assessor Name:
A6: Role:
A7: Completion Date:
A10: STAKEHOLDER REVIEWS
A12: Stakeholder | B12: Name | C12: Date | D12: Approval Status | E12: Comments
A13: Data Protection Officer (DPO)
A14: Legal Counsel
A15: Business Process Owner
A16: CISO / Chief Privacy Officer
A19: FINAL APPROVAL
A20: Final Approver:
A21: Title:
A22: Approval Date:
A23: Next Review Date: | B23: =DATE(YEAR(B22)+1, MONTH(B22), DAY(B22))
A24: Signature:
