Workbook

Sheet Instructions & Legend
A1: ISMS-IMP-A.7.8.S1 - Equipment Siting Assessment ISO/IEC 27001:2022 - Control A.7.8: Equipment Siting and Protection
A3: Document Information
A4: Document ID | B4: ISMS-IMP-A.7.8.S1
A5: Workbook Title | B5: Equipment Siting Assessment
A6: Control Reference | B6: ISO/IEC 27001:2022 - Control A.7.8: Equipment Siting and Protection
A7: Version | B7: 1.0
A8: Assessment Date
A9: Completed By
A10: Organisation
A12: Instructions
A13: 1. Complete Sheet 2 (Equipment Locations) — inventory all locations with equipment.
A14: 2. Complete Sheet 3 (Environmental Assessment) for each location.
A15: 3. Complete Sheet 4 (Physical Security) for each location.
A16: 4. Complete Sheet 5 (Power Infrastructure) for each location.
A17: 5. Complete Sheet 6 (Workstation Security) for office areas.
A18: 6. Document evidence in Sheet 7 (Evidence Register).
A19: 7. Review Sheet 8 (Summary Dashboard) for compliance scores.
A20: 8. Obtain approvals in Sheet 9 (Approval Sign-Off).
A22: Status Legend
A23: Symbol | B23: Status | C23: Description
A24: ✓ | B24: Compliant / Complete | C24: Requirement fully met
A25: ⚠ | B25: Partial / In Progress | C25: Partially met or in progress
A26: ✗ | B26: Non-Compliant / Not Started | C26: Requirement not met
A27: — | B27: Not Applicable | C27: Not applicable to this assessment

Sheet Equipment Locations
A1: EQUIPMENT LOCATIONS INVENTORY Policy Requirement: Equipment should be sited securely and protected
A2: ISO/IEC 27001:2022 - Control A.7.8: Equipment Siting and Protection
A3: Location ID | B3: Location Name | C3: Location Type | D3: Building/Address | E3: Equipment Types | F3: Criticality Tier | G3: Access Control Type | H3: Environmental Monitoring | I3: CCTV Coverage | J3: UPS Protected | K3: Last Inspection | L3: Compliance Status | M3: Notes
A4: Sample — delete before use

Sheet Environmental
A1: ENVIRONMENTAL ASSESSMENT Policy Requirement: Equipment should be protected from environmental threats
A2: ISO/IEC 27001:2022 - Control A.7.8: Equipment Siting and Protection
A3: Location ID | B3: Location Name | C3: Temperature Range | D3: Humidity Range | E3: Temperature Monitoring | F3: Flood Risk | G3: Fire Suppression | H3: Dust/Contamination | I3: Vibration Exposure | J3: Food/Drink Prohibited | K3: Incidents (12 months) | L3: Compliance Status | M3: Notes
A4: Sample — delete before use

Sheet Physical Security
A1: PHYSICAL SECURITY ASSESSMENT Policy Requirement: Equipment should be protected by appropriate physical security measures
A2: ISO/IEC 27001:2022 - Control A.7.8: Equipment Siting and Protection
A3: Location ID | B3: Location Name | C3: Access Control System | D3: Access Levels Defined | E3: Log Retention (Days) | F3: CCTV System | G3: CCTV Retention (Days) | H3: Equipment Locking | I3: Cable Protection | J3: Asset Labels | K3: Segregation | L3: Last Security Review | M3: Compliance Status | N3: Notes
A4: Sample — delete before use

Sheet Power Infrastructure
A1: POWER INFRASTRUCTURE ASSESSMENT Policy Requirement: Equipment should be protected from power failures
A2: ISO/IEC 27001:2022 - Control A.7.8: Equipment Siting and Protection
A3: Location ID | B3: Location Name | C3: UPS Coverage | D3: UPS Runtime (min) | E3: Generator Backup | F3: Surge Protection | G3: Lightning Protection | H3: EPO Switch | I3: Power Redundancy | J3: Last UPS Test | K3: Last Generator Test | L3: Power Incidents (12m) | M3: Compliance Status | N3: Notes
A4: Sample — delete before use

Sheet Workstation Security
A1: WORKSTATION SECURITY ASSESSMENT Policy Requirement: Screens should be positioned to prevent unauthorised viewing
A2: ISO/IEC 27001:2022 - Control A.7.8: Equipment Siting and Protection
A3: Area ID | B3: Area Name | C3: Workstation Count | D3: Data Sensitivity | E3: Screen Positioning | F3: Privacy Screens | G3: Automatic Lock | H3: Clear Desk Policy | I3: Visitor Access | J3: Shoulder Surfing Risk | K3: Last Review | L3: Compliance Status | M3: Notes
A4: Sample — delete before use

Sheet Evidence Register
A1: EVIDENCE REGISTER
A2: Document all evidence collected during this assessment
A4: Evidence ID | B4: Evidence Type | C4: Description | D4: Related Sheet/Item | E4: Collection Date | F4: Collected By | G4: Retention Period | H4: Notes
A5: EV-001 | B5: Screenshot | C5: Sample — delete before use

Sheet Summary Dashboard
A1: EQUIPMENT SITING — SUMMARY DASHBOARD
A2: ISO/IEC 27001:2022 — Control A.7.8: Equipment Siting and Protection
A4: TABLE 1: ASSESSMENT AREA COMPLIANCE OVERVIEW
A5: Assessment Area | B5: Total Items | C5: Compliant | D5: Partial | E5: Non-Compliant | F5: N/A | G5: Compliance %
A6: Equipment Locations | B6: =COUNTA('Equipment Locations'!B5:B54) | C6: =COUNTIF('Equipment Locations'!L5:L54,"✅*") | D6: =COUNTIF('Equipment Locations'!L5:L54,"⚠*") | E6: =COUNTIF('Equipment Locations'!L5:L54,"❌*") | F6: =COUNTIF('Equipment Locations'!L5:L54,"N/A") | G6: =IF((B6-F6)=0,0,C6/(B6-F6))
A7: Environmental | B7: =COUNTA('Environmental'!B5:B54) | C7: =COUNTIF('Environmental'!L5:L54,"✅*") | D7: =COUNTIF('Environmental'!L5:L54,"⚠*") | E7: =COUNTIF('Environmental'!L5:L54,"❌*") | F7: =COUNTIF('Environmental'!L5:L54,"N/A") | G7: =IF((B7-F7)=0,0,C7/(B7-F7))
A8: Physical Security | B8: =COUNTA('Physical Security'!B5:B54) | C8: =COUNTIF('Physical Security'!M5:M54,"✅*") | D8: =COUNTIF('Physical Security'!M5:M54,"⚠*") | E8: =COUNTIF('Physical Security'!M5:M54,"❌*") | F8: =COUNTIF('Physical Security'!M5:M54,"N/A") | G8: =IF((B8-F8)=0,0,C8/(B8-F8))
A9: Power Infrastructure | B9: =COUNTA('Power Infrastructure'!B5:B54) | C9: =COUNTIF('Power Infrastructure'!M5:M54,"✅*") | D9: =COUNTIF('Power Infrastructure'!M5:M54,"⚠*") | E9: =COUNTIF('Power Infrastructure'!M5:M54,"❌*") | F9: =COUNTIF('Power Infrastructure'!M5:M54,"N/A") | G9: =IF((B9-F9)=0,0,C9/(B9-F9))
A10: Workstation Security | B10: =COUNTA('Workstation Security'!B5:B54) | C10: =COUNTIF('Workstation Security'!L5:L54,"✅*") | D10: =COUNTIF('Workstation Security'!L5:L54,"⚠*") | E10: =COUNTIF('Workstation Security'!L5:L54,"❌*") | F10: =COUNTIF('Workstation Security'!L5:L54,"N/A") | G10: =IF((B10-F10)=0,0,C10/(B10-F10))
A11: TOTAL | B11: =SUM(B6:B10) | C11: =SUM(C6:C10) | D11: =SUM(D6:D10) | E11: =SUM(E6:E10) | F11: =SUM(F6:F10) | G11: =IF((B11-F11)=0,0,C11/(B11-F11))
A13: TABLE 2: KEY METRICS
A14: Metric | B14: Value
A15: Total Equipment Locations Assessed | B15: =COUNTA('Equipment Locations'!B5:B54)
A16: Tier 1 Critical Locations | B16: =COUNTIF('Equipment Locations'!D5:D54,"Tier 1 - Critical")
A17: Locations with No Access Control | B17: =COUNTIF('Equipment Locations'!G5:G54,"No Access Control")
A18: Locations with No CCTV Coverage | B18: =COUNTIF('Equipment Locations'!I5:I54,"No CCTV")
A19: Locations with No UPS (Equipment) | B19: =COUNTIF('Equipment Locations'!J5:J54,"No UPS")
A20: Locations with No Environmental Monitoring | B20: =COUNTIF('Environmental'!E5:E54,"No monitoring")
A21: High Flood Risk Locations | B21: =COUNTIF('Environmental'!F5:F54,"High (below grade)")
A22: Locations with No Fire Suppression | B22: =COUNTIF('Environmental'!G5:G54,"None")
A23: Locations with Exposed Cabling | B23: =COUNTIF('Physical Security'!I5:I54,"Exposed cabling")
A24: Locations with No Equipment Locking | B24: =COUNTIF('Physical Security'!H5:H54,"None")
A25: Locations with No UPS (Power Infra) | B25: =COUNTIF('Power Infrastructure'!C5:C54,"None")
A26: Locations on Single Feed Only | B26: =COUNTIF('Power Infrastructure'!I5:I54,"Single feed only")
A27: High-Sensitivity Workstations (PII/Financial) | B27: =COUNTIF('Workstation Security'!D5:D54,"High (PII, Financial)")
A28: Workstations with At-Risk Screen Positioning | B28: =COUNTIF('Workstation Security'!E5:E54,"At risk (visible to public)")
A29: Workstations with No Screen Lock Configured | B29: =COUNTIF('Workstation Security'!G5:G54,"Not configured")
A30: Total Workstations Assessed | B30: =COUNTA('Workstation Security'!B5:B54)
A34: TABLE 3: CRITICAL FINDINGS REQUIRING IMMEDIATE ATTENTION
A35: Category | B35: Finding | C35: Count | D35: Severity | E35: Action Required
A36: Equipment Locations | B36: Locations with no access control | C36: =COUNTIF('Equipment Locations'!G5:G54,"No Access Control") | D36: Critical | E36: Immediate
A37: Equipment Locations | B37: Locations with no CCTV coverage | C37: =COUNTIF('Equipment Locations'!I5:I54,"No CCTV") | D37: Critical | E37: Immediate
A38: Environmental | B38: High flood risk locations | C38: =COUNTIF('Environmental'!F5:F54,"High (below grade)") | D38: Critical | E38: Immediate
A39: Environmental | B39: Locations with no fire suppression | C39: =COUNTIF('Environmental'!G5:G54,"None") | D39: Critical | E39: Immediate
A40: Physical Security | B40: Locations with exposed cabling | C40: =COUNTIF('Physical Security'!I5:I54,"Exposed cabling") | D40: High | E40: Urgent
A41: Physical Security | B41: Locations with no equipment locking | C41: =COUNTIF('Physical Security'!H5:H54,"None") | D41: High | E41: Urgent
A42: Workstation Security | B42: Workstations with no screen lock configured | C42: =COUNTIF('Workstation Security'!G5:G54,"Not configured") | D42: High | E42: Urgent
A43: Workstation Security | B43: Workstations with at-risk screen positioning | C43: =COUNTIF('Workstation Security'!E5:E54,"At risk (visible to public)") | D43: High | E43: Urgent
A44: Power Infrastructure | B44: Locations with no UPS coverage | C44: =COUNTIF('Power Infrastructure'!C5:C54,"None") | D44: Medium | E44: Plan
A45: Power Infrastructure | B45: Locations on single power feed only | C45: =COUNTIF('Power Infrastructure'!I5:I54,"Single feed only") | D45: Medium | E45: Plan

Sheet Approval Sign-Off
A1: ASSESSMENT APPROVAL AND SIGN-OFF
A2: ISO/IEC 27001:2022 - Control A.7.8: Equipment Siting and Protection
A3: ASSESSMENT SUMMARY
A4: Document: | B4: ISMS-IMP-A.7.8.S1 - Equipment Siting Assessment
A5: Assessment Period:
A6: Overall Compliance Rating: | B6: =IFERROR(AVERAGE('Summary Dashboard'!G6:G10),"")
A7: Assessment Status:
A8: Assessed By:
A10: COMPLETED BY (ASSESSOR)
A11: Name:
A12: Title:
A13: Date:
A14: Signature:
A15: Comments:
A17: REVIEWED BY (INFORMATION SECURITY OFFICER)
A18: Name:
A19: Title:
A20: Date:
... A37: Special Considerations:
