Workbook

Sheet Instructions & Legend
A1: ISMS-IMP-A.8.1-7-18-19.4 - Privileged Utilities ISO/IEC 27001:2022 - Control A.8.1-7-18-19: Endpoint and Device Security
A3: Document Information
A4: Document ID | B4: ISMS-IMP-A.8.1-7-18-19.4
A5: Workbook Title | B5: Privileged Utilities
A6: Control Reference | B6: ISO/IEC 27001:2022 - Control A.8.1-7-18-19: Endpoint and Device Security
A7: Version | B7: 1.0
A8: Assessment Date
A9: Completed By
A10: Organisation
A12: Instructions
A13: 1. Complete Utility Inventory — list all privileged utilities, admin tools, and diagnostic software.
A14: 2. Complete Access Controls — verify privileged utilities are restricted to authorised personnel.
A15: 3. Complete Approval Workflow — document the approval process for privileged utility usage.
A16: 4. Complete Usage Audit — review audit logs of privileged utility execution.
A17: 5. Complete MFA Compliance — verify MFA is required to access privileged utilities.
A18: 6. Complete Quarterly Reviews — confirm access lists for privileged utilities are reviewed quarterly.
A19: 7. Complete Capability Requirements — map policy requirements to utility controls.
A20: 8. Complete Gap Analysis — identify access control gaps and create remediation plans.
... A23: Status Legend
A24: Symbol | B24: Status | C24: Description
A25: ✓ | B25: Compliant / Complete | C25: Requirement fully met
A26: ⚠ | B26: Partial / In Progress | C26: Partially met or in progress
A27: ✗ | B27: Non-Compliant / Not Started | C27: Requirement not met
A28: — | B28: Not Applicable | C28: Not applicable to this assessment

Sheet Utility Inventory
A1: PRIVILEGED UTILITY INVENTORY
A2: Use this sheet to record all privileged utility programs and administrative tools in scope
A4: Utility ID | B4: Utility Name | C4: Platform | D4: Category | E4: Risk Level | F4: Business Justification | G4: Authorised Roles | H4: Access Control Method | I4: MFA Required | J4: Logging Enabled | K4: Notes
A5: UTIL-001 | B5: PsExec | C5: Windows | D5: [TOOL] System Admin | E5: Critical | F5: Remote process execution for incident response | G5: IT Administrators | H5: AD Group + AppLocker | I5: Yes | J5: Yes | K5: Approved for emergency use only
A58: Total Utilities: | B58: =COUNTA(B6:B55)

Sheet Access Controls
A1: ACCESS CONTROL CONFIGURATION
A2: Use this sheet to document access control mechanisms applied to each privileged utility
A4: Utility ID | B4: Utility Name | C4: File Permissions Set | D4: AD Group Restriction | E4: AppLocker Rule | F4: Control Status | G4: Last Verified | H4: Verified By | I4: Issues | J4: Notes
A5: UTIL-001 | B5: PsExec | C5: Yes | D5: Yes | E5: Yes | F5: ✅ Controlled | G5: 20.02.2026 | H5: IT Security Team | I5: None | J5: Access restricted to IT Admins group

Sheet Approval Workflow
A1: ASSESSMENT APPROVAL AND SIGN-OFF
A2: ISO/IEC 27001:2022 - Control A.8.1-7-18-19: Endpoint and Device Security
A3: ASSESSMENT SUMMARY
A4: Document: | B4: ISMS-IMP-A.8.1-7-18-19.4 - Privileged Utilities
A5: Assessment Period:
A6: Overall Compliance Rating: | B6: ='Summary Dashboard'!G10
A7: Assessment Status:
A8: Assessed By:
A11: COMPLETED BY (ASSESSOR)
A12: Name:
A13: Title:
A14: Date:
A15: Signature:
A16: Comments:
A18: REVIEWED BY (INFORMATION SECURITY OFFICER)
A19: Name:
A20: Title:
A21: Date:
... A38: Special Considerations:

Sheet Usage Audit
A1: PRIVILEGED UTILITY USAGE AUDIT LOG
A2: Use this sheet to log all privileged utility usage events for audit and monitoring purposes
A4: Log ID | B4: Timestamp | C4: User | D4: Utility | E4: Device | F4: Action | G4: Duration | H4: Authorised | I4: Flagged | J4: Notes
A5: LOG-00001 | B5: 21.02.2026 12:00 | C5: greg.smith | D5: PsExec | E5: LAPTOP-GREG-01 | F5: User account audit | G5: 00:15:00 | H5: Yes | I5: No | J5: Routine audit

Sheet MFA Compliance
A1: MFA COMPLIANCE FOR PRIVILEGED ACCESS
A2: Use this sheet to track MFA compliance status for all users with privileged utility access
A4: User | B4: Role | C4: Utility Access | D4: MFA Technology | E4: MFA Status | F4: Last MFA Setup | G4: Compliance | H4: Notes
A5: greg.smith | B5: IT Administrator | C5: PsExec | D5: Microsoft Authenticator | E5: ✅ Enabled | F5: 01.01.2024 | G5: Yes | H5: MFA verified active

Sheet Quarterly Reviews
A1: QUARTERLY PRIVILEGED ACCESS REVIEWS
A2: Use this sheet to record quarterly access reviews for all privileged utility users
A4: Review Quarter | B4: User | C4: Utility Access | D4: Last Used | E4: Manager Review | F4: Decision | G4: Action Taken | H4: Completion Date | I4: Reviewer | J4: Notes
A5: Q1 2026 | B5: greg.smith | C5: PsExec | D5: 15.01.2026 | E5: IT Manager | F5: ✅ Continue | G5: No action required | H5: 21.02.2026 | I5: IT Manager | J5: Access appropriate

Sheet Capability Requirements
A1: CAPABILITY REQUIREMENTS MAPPING (A.8.18)
A2: Use this sheet to map A.8.18 policy requirements to implemented controls and evidence
A4: Req ID | B4: Policy Requirement | C4: Implemented | D4: Evidence Reference | E4: Notes | F4: Status
A5: REQ-A818-000 | B5: Example: Review this sample row and populate requirement rows below with actual assessment data | C5: Yes | D5: /evidence/A.8.18/sample-evidence.pdf | E5: Sample row — do not include in compliance calculations | F5: ✅ Compliant
A6: REQ-A818-001 | B6: Privileged utility inventory maintained | F6: =IF(C6="Yes","✅ Compliant","❌ Gap")
A7: REQ-A818-002 | B7: Utilities classified by risk level | F7: =IF(C7="Yes","✅ Compliant","❌ Gap")
A8: REQ-A818-003 | B8: Access controls implemented for all privileged utilities | F8: =IF(C8="Yes","✅ Compliant","❌ Gap")
A9: REQ-A818-004 | B9: Approval workflow for privileged access | F9: =IF(C9="Yes","✅ Compliant","❌ Gap")
A10: REQ-A818-005 | B10: MFA required for high-risk utilities ≥90% | F10: =IF(C10="Yes","✅ Compliant","❌ Gap")
A11: REQ-A818-006 | B11: Logging enabled for all privileged utility usage | F11: =IF(C11="Yes","✅ Compliant","❌ Gap")
A12: REQ-A818-007 | B12: SIEM integration for privileged utility logs | F12: =IF(C12="Yes","✅ Compliant","❌ Gap")
A13: REQ-A818-008 | B13: Quarterly access reviews conducted | F13: =IF(C13="Yes","✅ Compliant","❌ Gap")
A14: REQ-A818-009 | B14: JIT access for critical utilities | F14: =IF(C14="Yes","✅ Compliant","❌ Gap")
A15: REQ-A818-010 | B15: Security bypass tools restricted | F15: =IF(C15="Yes","✅ Compliant","❌ Gap")

Sheet Gap Analysis
A1: GAP ANALYSIS & REMEDIATION TRACKING
A2: Gap identification, severity classification, remediation planning and tracking (50 entries)
A4: Gap ID | B4: Description | C4: Affected Utilities | D4: Requirement | E4: Severity | F4: Risk | G4: Root Cause | H4: Remediation | I4: Owner | J4: Due Date | K4: Status | L4: Budget Required | M4: Notes
A5: GAP-001 | B5: Example: Admin tools accessible to standard users | C5: Regedit, PowerShell | D5: REQ-A818-001 | E5: High | F5: High — unauthorised access to system utilities | G5: No application whitelisting for privileged tools | H5: Restrict privileged utility access via GPO/AppLocker | I5: IT Operations | J5: 28.02.2026 | K5: Open | L5: CHF 0 | M5: Example row — do not use for compliance calculations

Sheet Evidence Register
A1: EVIDENCE REGISTER
A2: Comprehensive evidence documentation for privileged utilities assessment (100 evidence entries)
A4: Evidence ID | B4: Evidence Type | C4: Description | D4: Related Requirement | E4: Related Worksheet/Device | F4: File Location | G4: Collection Date | H4: Collected By
A5: EV-001 | B5: Config | C5: Example: Access control configuration report for PsExec | D5: A.8.18 Access Controls | E5: Access Controls sheet row 6 | F5: /evidence/A.8.18/access-ctrl-config.pdf | G5: 20.02.2026 | H5: IT Security Team
A107: Total Evidence Entries: | B107: =COUNTA(C6:C105)

Sheet Summary Dashboard
A1: PRIVILEGED UTILITIES — SUMMARY DASHBOARD
A2: Consolidated compliance metrics for privileged utility program management assessment
A3: TABLE 1 — Compliance Summary by Assessment Area
A4: Assessment Area | B4: Total Items | C4: Compliant | D4: Partial | E4: Non-Compliant | F4: N/A | G4: Compliance %
A5: Access Control Config | B5: =SUM(C5:F5) | C5: =COUNTIF('Access Controls'!F6:F55,"✅ Controlled") | D5: =COUNTIF('Access Controls'!F6:F55,"Partial") | E5: =COUNTIF('Access Controls'!F6:F55,"Uncontrolled")+COUNTIF('Access Controls'!F6:F55,"Unknown") | F5: 0 | G5: =IF((B5-F5)=0,0,C5/(B5-F5))
A6: Access Approval Workflow | B6: =SUM(C6:F6) | C6: =COUNTIF('Approval Workflow'!J6:J105,"✅ Approved") | D6: =COUNTIF('Approval Workflow'!J6:J105,"Pending") | E6: =COUNTIF('Approval Workflow'!J6:J105,"Rejected") | F6: 0 | G6: =IF((B6-F6)=0,0,C6/(B6-F6))
A7: MFA Compliance | B7: =SUM(C7:F7) | C7: =COUNTIF('MFA Compliance'!E6:E55,"✅ Enabled") | D7: 0 | E7: =COUNTIF('MFA Compliance'!E6:E55,"Not Enabled") | F7: =COUNTIF('MFA Compliance'!E6:E55,"N/A") | G7: =IF((B7-F7)=0,0,C7/(B7-F7))
A8: Quarterly Access Reviews | B8: =SUM(C8:F8) | C8: =COUNTIF('Quarterly Reviews'!F6:F105,"✅ Continue")+COUNTIF('Quarterly Reviews'!F6:F105,"Modify") | D8: 0 | E8: =COUNTIF('Quarterly Reviews'!F6:F105,"Revoke") | F8: 0 | G8: =IF((B8-F8)=0,0,C8/(B8-F8))
A9: Capability Requirements | B9: =SUM(C9:F9) | C9: =COUNTIF('Capability Requirements'!F6:F55,"✅ Compliant") | D9: 0 | E9: =COUNTIF('Capability Requirements'!F6:F55,"❌ Gap") | F9: 0 | G9: =IF((B9-F9)=0,0,C9/(B9-F9))
A10: TOTAL | B10: =SUM(B5:B9) | C10: =SUM(C5:C9) | D10: =SUM(D5:D9) | E10: =SUM(E5:E9) | F10: =SUM(F5:F9) | G10: =IF((B10-F10)=0,0,C10/(B10-F10))
A12: TABLE 2 — Key Performance Indicators
A13: KPI | B13: Current Value | C13: Target | D13: Status | E13: Last Updated | F13: Owner | G13: Notes
A14: Total Utilities in Inventory | B14: =COUNTA('Utility Inventory'!B6:B55) | C14: —
A15: Critical/High Risk Utilities | B15: =COUNTIF('Utility Inventory'!E6:E55,"Critical")+COUNTIF('Utility Inventory'!E6:E55,"High") | C15: 0
A16: MFA Required (Inventory) | B16: =IF(COUNTA('Utility Inventory'!I6:I55)=0,0,COUNTIF('Utility Inventory'!I6:I55,"Yes")/COUNTA('Utility Inventory'!I6:I55)) | C16: 100%
A17: Logging Enabled (Inventory) | B17: =IF(COUNTA('Utility Inventory'!J6:J55)=0,0,COUNTIF('Utility Inventory'!J6:J55,"Yes")/COUNTA('Utility Inventory'!J6:J55)) | C17: 100%
A18: Access Controlled Rate | B18: =IF(COUNTA('Access Controls'!F6:F55)=0,0,COUNTIF('Access Controls'!F6:F55,"✅ Controlled")/COUNTA('Access Controls'!F6:F55)) | C18: ≥95%
A19: MFA Compliance Rate | B19: =IF(COUNTA('MFA Compliance'!E6:E55)=0,0,COUNTIF('MFA Compliance'!E6:E55,"✅ Enabled")/COUNTA('MFA Compliance'!E6:E55)) | C19: ≥95%
A20: Approvals Granted Rate | B20: =IF(COUNTA('Approval Workflow'!J6:J105)=0,0,COUNTIF('Approval Workflow'!J6:J105,"✅ Approved")/COUNTA('Approval Workflow'!J6:J105)) | C20: ≥95%
A21: Reviews Completed | B21: =COUNTA('Quarterly Reviews'!F6:F105) | C21: —
A22: Access Revocations | B22: =COUNTIF('Quarterly Reviews'!F6:F105,"Revoke") | C22: —
A23: Policy Req Implemented | B23: =IF(COUNTA('Capability Requirements'!C6:C55)=0,0,COUNTIF('Capability Requirements'!C6:C55,"Yes")/COUNTA('Capability Requirements'!C6:C55)) | C23: 100%
A24: Critical/High Gaps | B24: =COUNTIF('Gap Analysis'!E6:E55,"Critical")+COUNTIF('Gap Analysis'!E6:E55,"High") | C24: 0
A28: TABLE 3 — Critical & High Priority Findings
A29: Finding ID | B29: Description | C29: Affected Area | D29: Severity | E29: Status | F29: Owner | G29: Due Date
A30: =IFERROR(INDEX('Gap Analysis'!A$6:A$55,SMALL(IF(('Gap Analysis'!E$6:E$55="Critical")+('Gap Analysis'!E$6:E$55="High"),ROW('Gap Analysis'!A$6:A$55)-ROW('Gap Analysis'!A$6)+1),ROWS($A$1:A1))),"") | B30: =IFERROR(INDEX('Gap Analysis'!B$6:B$55,SMALL(IF(('Gap Analysis'!E$6:E$55="Critical")+('Gap Analysis'!E$6:E$55="High"),ROW('Gap Analysis'!A$6:A$55)-ROW('Gap Analysis'!A$6)+1),ROWS($A$1:A1))),"") | C30: =IFERROR(INDEX('Gap Analysis'!D$6:D$55,SMALL(IF(('Gap Analysis'!E$6:E$55="Critical")+('Gap Analysis'!E$6:E$55="High"),ROW('Gap Analysis'!A$6:A$55)-ROW('Gap Analysis'!A$6)+1),ROWS($A$1:A1))),"") | D30: =IFERROR(INDEX('Gap Analysis'!E$6:E$55,SMALL(IF(('Gap Analysis'!E$6:E$55="Critical")+('Gap Analysis'!E$6:E$55="High"),ROW('Gap Analysis'!A$6:A$55)-ROW('Gap Analysis'!A$6)+1),ROWS($A$1:A1))),"") | E30: =IFERROR(INDEX('Gap Analysis'!K$6:K$55,SMALL(IF(('Gap Analysis'!E$6:E$55="Critical")+('Gap Analysis'!E$6:E$55="High"),ROW('Gap Analysis'!A$6:A$55)-ROW('Gap Analysis'!A$6)+1),ROWS($A$1:A1))),"") | F30: =IFERROR(INDEX('Gap Analysis'!I$6:I$55,SMALL(IF(('Gap Analysis'!E$6:E$55="Critical")+('Gap Analysis'!E$6:E$55="High"),ROW('Gap Analysis'!A$6:A$55)-ROW('Gap Analysis'!A$6)+1),ROWS($A$1:A1))),"") | G30: =IFERROR(INDEX('Gap Analysis'!J$6:J$55,SMALL(IF(('Gap Analysis'!E$6:E$55="Critical")+('Gap Analysis'!E$6:E$55="High"),ROW('Gap Analysis'!A$6:A$55)-ROW('Gap Analysis'!A$6)+1),ROWS($A$1:A1))),"")
A31: =IFERROR(INDEX('Gap Analysis'!A$6:A$55,SMALL(IF(('Gap Analysis'!E$6:E$55="Critical")+('Gap Analysis'!E$6:E$55="High"),ROW('Gap Analysis'!A$6:A$55)-ROW('Gap Analysis'!A$6)+1),ROWS($A$1:A2))),"") | B31: =IFERROR(INDEX('Gap Analysis'!B$6:B$55,SMALL(IF(('Gap Analysis'!E$6:E$55="Critical")+('Gap Analysis'!E$6:E$55="High"),ROW('Gap Analysis'!A$6:A$55)-ROW('Gap Analysis'!A$6)+1),ROWS($A$1:A2))),"") | C31: =IFERROR(INDEX('Gap Analysis'!D$6:D$55,SMALL(IF(('Gap Analysis'!E$6:E$55="Critical")+('Gap Analysis'!E$6:E$55="High"),ROW('Gap Analysis'!A$6:A$55)-ROW('Gap Analysis'!A$6)+1),ROWS($A$1:A2))),"") | D31: =IFERROR(INDEX('Gap Analysis'!E$6:E$55,SMALL(IF(('Gap Analysis'!E$6:E$55="Critical")+('Gap Analysis'!E$6:E$55="High"),ROW('Gap Analysis'!A$6:A$55)-ROW('Gap Analysis'!A$6)+1),ROWS($A$1:A2))),"") | E31: =IFERROR(INDEX('Gap Analysis'!K$6:K$55,SMALL(IF(('Gap Analysis'!E$6:E$55="Critical")+('Gap Analysis'!E$6:E$55="High"),ROW('Gap Analysis'!A$6:A$55)-ROW('Gap Analysis'!A$6)+1),ROWS($A$1:A2))),"") | F31: =IFERROR(INDEX('Gap Analysis'!I$6:I$55,SMALL(IF(('Gap Analysis'!E$6:E$55="Critical")+('Gap Analysis'!E$6:E$55="High"),ROW('Gap Analysis'!A$6:A$55)-ROW('Gap Analysis'!A$6)+1),ROWS($A$1:A2))),"") | G31: =IFERROR(INDEX('Gap Analysis'!J$6:J$55,SMALL(IF(('Gap Analysis'!E$6:E$55="Critical")+('Gap Analysis'!E$6:E$55="High"),ROW('Gap Analysis'!A$6:A$55)-ROW('Gap Analysis'!A$6)+1),ROWS($A$1:A2))),"")
A32: =IFERROR(INDEX('Gap Analysis'!A$6:A$55,SMALL(IF(('Gap Analysis'!E$6:E$55="Critical")+('Gap Analysis'!E$6:E$55="High"),ROW('Gap Analysis'!A$6:A$55)-ROW('Gap Analysis'!A$6)+1),ROWS($A$1:A3))),"") | B32: =IFERROR(INDEX('Gap Analysis'!B$6:B$55,SMALL(IF(('Gap Analysis'!E$6:E$55="Critical")+('Gap Analysis'!E$6:E$55="High"),ROW('Gap Analysis'!A$6:A$55)-ROW('Gap Analysis'!A$6)+1),ROWS($A$1:A3))),"") | C32: =IFERROR(INDEX('Gap Analysis'!D$6:D$55,SMALL(IF(('Gap Analysis'!E$6:E$55="Critical")+('Gap Analysis'!E$6:E$55="High"),ROW('Gap Analysis'!A$6:A$55)-ROW('Gap Analysis'!A$6)+1),ROWS($A$1:A3))),"") | D32: =IFERROR(INDEX('Gap Analysis'!E$6:E$55,SMALL(IF(('Gap Analysis'!E$6:E$55="Critical")+('Gap Analysis'!E$6:E$55="High"),ROW('Gap Analysis'!A$6:A$55)-ROW('Gap Analysis'!A$6)+1),ROWS($A$1:A3))),"") | E32: =IFERROR(INDEX('Gap Analysis'!K$6:K$55,SMALL(IF(('Gap Analysis'!E$6:E$55="Critical")+('Gap Analysis'!E$6:E$55="High"),ROW('Gap Analysis'!A$6:A$55)-ROW('Gap Analysis'!A$6)+1),ROWS($A$1:A3))),"") | F32: =IFERROR(INDEX('Gap Analysis'!I$6:I$55,SMALL(IF(('Gap Analysis'!E$6:E$55="Critical")+('Gap Analysis'!E$6:E$55="High"),ROW('Gap Analysis'!A$6:A$55)-ROW('Gap Analysis'!A$6)+1),ROWS($A$1:A3))),"") | G32: =IFERROR(INDEX('Gap Analysis'!J$6:J$55,SMALL(IF(('Gap Analysis'!E$6:E$55="Critical")+('Gap Analysis'!E$6:E$55="High"),ROW('Gap Analysis'!A$6:A$55)-ROW('Gap Analysis'!A$6)+1),ROWS($A$1:A3))),"")
A33: =IFERROR(INDEX('Gap Analysis'!A$6:A$55,SMALL(IF(('Gap Analysis'!E$6:E$55="Critical")+('Gap Analysis'!E$6:E$55="High"),ROW('Gap Analysis'!A$6:A$55)-ROW('Gap Analysis'!A$6)+1),ROWS($A$1:A4))),"") | B33: =IFERROR(INDEX('Gap Analysis'!B$6:B$55,SMALL(IF(('Gap Analysis'!E$6:E$55="Critical")+('Gap Analysis'!E$6:E$55="High"),ROW('Gap Analysis'!A$6:A$55)-ROW('Gap Analysis'!A$6)+1),ROWS($A$1:A4))),"") | C33: =IFERROR(INDEX('Gap Analysis'!D$6:D$55,SMALL(IF(('Gap Analysis'!E$6:E$55="Critical")+('Gap Analysis'!E$6:E$55="High"),ROW('Gap Analysis'!A$6:A$55)-ROW('Gap Analysis'!A$6)+1),ROWS($A$1:A4))),"") | D33: =IFERROR(INDEX('Gap Analysis'!E$6:E$55,SMALL(IF(('Gap Analysis'!E$6:E$55="Critical")+('Gap Analysis'!E$6:E$55="High"),ROW('Gap Analysis'!A$6:A$55)-ROW('Gap Analysis'!A$6)+1),ROWS($A$1:A4))),"") | E33: =IFERROR(INDEX('Gap Analysis'!K$6:K$55,SMALL(IF(('Gap Analysis'!E$6:E$55="Critical")+('Gap Analysis'!E$6:E$55="High"),ROW('Gap Analysis'!A$6:A$55)-ROW('Gap Analysis'!A$6)+1),ROWS($A$1:A4))),"") | F33: =IFERROR(INDEX('Gap Analysis'!I$6:I$55,SMALL(IF(('Gap Analysis'!E$6:E$55="Critical")+('Gap Analysis'!E$6:E$55="High"),ROW('Gap Analysis'!A$6:A$55)-ROW('Gap Analysis'!A$6)+1),ROWS($A$1:A4))),"") | G33: =IFERROR(INDEX('Gap Analysis'!J$6:J$55,SMALL(IF(('Gap Analysis'!E$6:E$55="Critical")+('Gap Analysis'!E$6:E$55="High"),ROW('Gap Analysis'!A$6:A$55)-ROW('Gap Analysis'!A$6)+1),ROWS($A$1:A4))),"")
A34: =IFERROR(INDEX('Gap Analysis'!A$6:A$55,SMALL(IF(('Gap Analysis'!E$6:E$55="Critical")+('Gap Analysis'!E$6:E$55="High"),ROW('Gap Analysis'!A$6:A$55)-ROW('Gap Analysis'!A$6)+1),ROWS($A$1:A5))),"") | B34: =IFERROR(INDEX('Gap Analysis'!B$6:B$55,SMALL(IF(('Gap Analysis'!E$6:E$55="Critical")+('Gap Analysis'!E$6:E$55="High"),ROW('Gap Analysis'!A$6:A$55)-ROW('Gap Analysis'!A$6)+1),ROWS($A$1:A5))),"") | C34: =IFERROR(INDEX('Gap Analysis'!D$6:D$55,SMALL(IF(('Gap Analysis'!E$6:E$55="Critical")+('Gap Analysis'!E$6:E$55="High"),ROW('Gap Analysis'!A$6:A$55)-ROW('Gap Analysis'!A$6)+1),ROWS($A$1:A5))),"") | D34: =IFERROR(INDEX('Gap Analysis'!E$6:E$55,SMALL(IF(('Gap Analysis'!E$6:E$55="Critical")+('Gap Analysis'!E$6:E$55="High"),ROW('Gap Analysis'!A$6:A$55)-ROW('Gap Analysis'!A$6)+1),ROWS($A$1:A5))),"") | E34: =IFERROR(INDEX('Gap Analysis'!K$6:K$55,SMALL(IF(('Gap Analysis'!E$6:E$55="Critical")+('Gap Analysis'!E$6:E$55="High"),ROW('Gap Analysis'!A$6:A$55)-ROW('Gap Analysis'!A$6)+1),ROWS($A$1:A5))),"") | F34: =IFERROR(INDEX('Gap Analysis'!I$6:I$55,SMALL(IF(('Gap Analysis'!E$6:E$55="Critical")+('Gap Analysis'!E$6:E$55="High"),ROW('Gap Analysis'!A$6:A$55)-ROW('Gap Analysis'!A$6)+1),ROWS($A$1:A5))),"") | G34: =IFERROR(INDEX('Gap Analysis'!J$6:J$55,SMALL(IF(('Gap Analysis'!E$6:E$55="Critical")+('Gap Analysis'!E$6:E$55="High"),ROW('Gap Analysis'!A$6:A$55)-ROW('Gap Analysis'!A$6)+1),ROWS($A$1:A5))),"")
A35: =IFERROR(INDEX('Gap Analysis'!A$6:A$55,SMALL(IF(('Gap Analysis'!E$6:E$55="Critical")+('Gap Analysis'!E$6:E$55="High"),ROW('Gap Analysis'!A$6:A$55)-ROW('Gap Analysis'!A$6)+1),ROWS($A$1:A6))),"") | B35: =IFERROR(INDEX('Gap Analysis'!B$6:B$55,SMALL(IF(('Gap Analysis'!E$6:E$55="Critical")+('Gap Analysis'!E$6:E$55="High"),ROW('Gap Analysis'!A$6:A$55)-ROW('Gap Analysis'!A$6)+1),ROWS($A$1:A6))),"") | C35: =IFERROR(INDEX('Gap Analysis'!D$6:D$55,SMALL(IF(('Gap Analysis'!E$6:E$55="Critical")+('Gap Analysis'!E$6:E$55="High"),ROW('Gap Analysis'!A$6:A$55)-ROW('Gap Analysis'!A$6)+1),ROWS($A$1:A6))),"") | D35: =IFERROR(INDEX('Gap Analysis'!E$6:E$55,SMALL(IF(('Gap Analysis'!E$6:E$55="Critical")+('Gap Analysis'!E$6:E$55="High"),ROW('Gap Analysis'!A$6:A$55)-ROW('Gap Analysis'!A$6)+1),ROWS($A$1:A6))),"") | E35: =IFERROR(INDEX('Gap Analysis'!K$6:K$55,SMALL(IF(('Gap Analysis'!E$6:E$55="Critical")+('Gap Analysis'!E$6:E$55="High"),ROW('Gap Analysis'!A$6:A$55)-ROW('Gap Analysis'!A$6)+1),ROWS($A$1:A6))),"") | F35: =IFERROR(INDEX('Gap Analysis'!I$6:I$55,SMALL(IF(('Gap Analysis'!E$6:E$55="Critical")+('Gap Analysis'!E$6:E$55="High"),ROW('Gap Analysis'!A$6:A$55)-ROW('Gap Analysis'!A$6)+1),ROWS($A$1:A6))),"") | G35: =IFERROR(INDEX('Gap Analysis'!J$6:J$55,SMALL(IF(('Gap Analysis'!E$6:E$55="Critical")+('Gap Analysis'!E$6:E$55="High"),ROW('Gap Analysis'!A$6:A$55)-ROW('Gap Analysis'!A$6)+1),ROWS($A$1:A6))),"")
A36: =IFERROR(INDEX('Gap Analysis'!A$6:A$55,SMALL(IF(('Gap Analysis'!E$6:E$55="Critical")+('Gap Analysis'!E$6:E$55="High"),ROW('Gap Analysis'!A$6:A$55)-ROW('Gap Analysis'!A$6)+1),ROWS($A$1:A7))),"") | B36: =IFERROR(INDEX('Gap Analysis'!B$6:B$55,SMALL(IF(('Gap Analysis'!E$6:E$55="Critical")+('Gap Analysis'!E$6:E$55="High"),ROW('Gap Analysis'!A$6:A$55)-ROW('Gap Analysis'!A$6)+1),ROWS($A$1:A7))),"") | C36: =IFERROR(INDEX('Gap Analysis'!D$6:D$55,SMALL(IF(('Gap Analysis'!E$6:E$55="Critical")+('Gap Analysis'!E$6:E$55="High"),ROW('Gap Analysis'!A$6:A$55)-ROW('Gap Analysis'!A$6)+1),ROWS($A$1:A7))),"") | D36: =IFERROR(INDEX('Gap Analysis'!E$6:E$55,SMALL(IF(('Gap Analysis'!E$6:E$55="Critical")+('Gap Analysis'!E$6:E$55="High"),ROW('Gap Analysis'!A$6:A$55)-ROW('Gap Analysis'!A$6)+1),ROWS($A$1:A7))),"") | E36: =IFERROR(INDEX('Gap Analysis'!K$6:K$55,SMALL(IF(('Gap Analysis'!E$6:E$55="Critical")+('Gap Analysis'!E$6:E$55="High"),ROW('Gap Analysis'!A$6:A$55)-ROW('Gap Analysis'!A$6)+1),ROWS($A$1:A7))),"") | F36: =IFERROR(INDEX('Gap Analysis'!I$6:I$55,SMALL(IF(('Gap Analysis'!E$6:E$55="Critical")+('Gap Analysis'!E$6:E$55="High"),ROW('Gap Analysis'!A$6:A$55)-ROW('Gap Analysis'!A$6)+1),ROWS($A$1:A7))),"") | G36: =IFERROR(INDEX('Gap Analysis'!J$6:J$55,SMALL(IF(('Gap Analysis'!E$6:E$55="Critical")+('Gap Analysis'!E$6:E$55="High"),ROW('Gap Analysis'!A$6:A$55)-ROW('Gap Analysis'!A$6)+1),ROWS($A$1:A7))),"")
A37: =IFERROR(INDEX('Gap Analysis'!A$6:A$55,SMALL(IF(('Gap Analysis'!E$6:E$55="Critical")+('Gap Analysis'!E$6:E$55="High"),ROW('Gap Analysis'!A$6:A$55)-ROW('Gap Analysis'!A$6)+1),ROWS($A$1:A8))),"") | B37: =IFERROR(INDEX('Gap Analysis'!B$6:B$55,SMALL(IF(('Gap Analysis'!E$6:E$55="Critical")+('Gap Analysis'!E$6:E$55="High"),ROW('Gap Analysis'!A$6:A$55)-ROW('Gap Analysis'!A$6)+1),ROWS($A$1:A8))),"") | C37: =IFERROR(INDEX('Gap Analysis'!D$6:D$55,SMALL(IF(('Gap Analysis'!E$6:E$55="Critical")+('Gap Analysis'!E$6:E$55="High"),ROW('Gap Analysis'!A$6:A$55)-ROW('Gap Analysis'!A$6)+1),ROWS($A$1:A8))),"") | D37: =IFERROR(INDEX('Gap Analysis'!E$6:E$55,SMALL(IF(('Gap Analysis'!E$6:E$55="Critical")+('Gap Analysis'!E$6:E$55="High"),ROW('Gap Analysis'!A$6:A$55)-ROW('Gap Analysis'!A$6)+1),ROWS($A$1:A8))),"") | E37: =IFERROR(INDEX('Gap Analysis'!K$6:K$55,SMALL(IF(('Gap Analysis'!E$6:E$55="Critical")+('Gap Analysis'!E$6:E$55="High"),ROW('Gap Analysis'!A$6:A$55)-ROW('Gap Analysis'!A$6)+1),ROWS($A$1:A8))),"") | F37: =IFERROR(INDEX('Gap Analysis'!I$6:I$55,SMALL(IF(('Gap Analysis'!E$6:E$55="Critical")+('Gap Analysis'!E$6:E$55="High"),ROW('Gap Analysis'!A$6:A$55)-ROW('Gap Analysis'!A$6)+1),ROWS($A$1:A8))),"") | G37: =IFERROR(INDEX('Gap Analysis'!J$6:J$55,SMALL(IF(('Gap Analysis'!E$6:E$55="Critical")+('Gap Analysis'!E$6:E$55="High"),ROW('Gap Analysis'!A$6:A$55)-ROW('Gap Analysis'!A$6)+1),ROWS($A$1:A8))),"")
A38: =IFERROR(INDEX('Gap Analysis'!A$6:A$55,SMALL(IF(('Gap Analysis'!E$6:E$55="Critical")+('Gap Analysis'!E$6:E$55="High"),ROW('Gap Analysis'!A$6:A$55)-ROW('Gap Analysis'!A$6)+1),ROWS($A$1:A9))),"") | B38: =IFERROR(INDEX('Gap Analysis'!B$6:B$55,SMALL(IF(('Gap Analysis'!E$6:E$55="Critical")+('Gap Analysis'!E$6:E$55="High"),ROW('Gap Analysis'!A$6:A$55)-ROW('Gap Analysis'!A$6)+1),ROWS($A$1:A9))),"") | C38: =IFERROR(INDEX('Gap Analysis'!D$6:D$55,SMALL(IF(('Gap Analysis'!E$6:E$55="Critical")+('Gap Analysis'!E$6:E$55="High"),ROW('Gap Analysis'!A$6:A$55)-ROW('Gap Analysis'!A$6)+1),ROWS($A$1:A9))),"") | D38: =IFERROR(INDEX('Gap Analysis'!E$6:E$55,SMALL(IF(('Gap Analysis'!E$6:E$55="Critical")+('Gap Analysis'!E$6:E$55="High"),ROW('Gap Analysis'!A$6:A$55)-ROW('Gap Analysis'!A$6)+1),ROWS($A$1:A9))),"") | E38: =IFERROR(INDEX('Gap Analysis'!K$6:K$55,SMALL(IF(('Gap Analysis'!E$6:E$55="Critical")+('Gap Analysis'!E$6:E$55="High"),ROW('Gap Analysis'!A$6:A$55)-ROW('Gap Analysis'!A$6)+1),ROWS($A$1:A9))),"") | F38: =IFERROR(INDEX('Gap Analysis'!I$6:I$55,SMALL(IF(('Gap Analysis'!E$6:E$55="Critical")+('Gap Analysis'!E$6:E$55="High"),ROW('Gap Analysis'!A$6:A$55)-ROW('Gap Analysis'!A$6)+1),ROWS($A$1:A9))),"") | G38: =IFERROR(INDEX('Gap Analysis'!J$6:J$55,SMALL(IF(('Gap Analysis'!E$6:E$55="Critical")+('Gap Analysis'!E$6:E$55="High"),ROW('Gap Analysis'!A$6:A$55)-ROW('Gap Analysis'!A$6)+1),ROWS($A$1:A9))),"")
A39: =IFERROR(INDEX('Gap Analysis'!A$6:A$55,SMALL(IF(('Gap Analysis'!E$6:E$55="Critical")+('Gap Analysis'!E$6:E$55="High"),ROW('Gap Analysis'!A$6:A$55)-ROW('Gap Analysis'!A$6)+1),ROWS($A$1:A10))),"") | B39: =IFERROR(INDEX('Gap Analysis'!B$6:B$55,SMALL(IF(('Gap Analysis'!E$6:E$55="Critical")+('Gap Analysis'!E$6:E$55="High"),ROW('Gap Analysis'!A$6:A$55)-ROW('Gap Analysis'!A$6)+1),ROWS($A$1:A10))),"") | C39: =IFERROR(INDEX('Gap Analysis'!D$6:D$55,SMALL(IF(('Gap Analysis'!E$6:E$55="Critical")+('Gap Analysis'!E$6:E$55="High"),ROW('Gap Analysis'!A$6:A$55)-ROW('Gap Analysis'!A$6)+1),ROWS($A$1:A10))),"") | D39: =IFERROR(INDEX('Gap Analysis'!E$6:E$55,SMALL(IF(('Gap Analysis'!E$6:E$55="Critical")+('Gap Analysis'!E$6:E$55="High"),ROW('Gap Analysis'!A$6:A$55)-ROW('Gap Analysis'!A$6)+1),ROWS($A$1:A10))),"") | E39: =IFERROR(INDEX('Gap Analysis'!K$6:K$55,SMALL(IF(('Gap Analysis'!E$6:E$55="Critical")+('Gap Analysis'!E$6:E$55="High"),ROW('Gap Analysis'!A$6:A$55)-ROW('Gap Analysis'!A$6)+1),ROWS($A$1:A10))),"") | F39: =IFERROR(INDEX('Gap Analysis'!I$6:I$55,SMALL(IF(('Gap Analysis'!E$6:E$55="Critical")+('Gap Analysis'!E$6:E$55="High"),ROW('Gap Analysis'!A$6:A$55)-ROW('Gap Analysis'!A$6)+1),ROWS($A$1:A10))),"") | G39: =IFERROR(INDEX('Gap Analysis'!J$6:J$55,SMALL(IF(('Gap Analysis'!E$6:E$55="Critical")+('Gap Analysis'!E$6:E$55="High"),ROW('Gap Analysis'!A$6:A$55)-ROW('Gap Analysis'!A$6)+1),ROWS($A$1:A10))),"")
A42: Total Critical/High Findings: | B42: =COUNTIF('Gap Analysis'!E6:E55,"Critical")+COUNTIF('Gap Analysis'!E6:E55,"High")

Sheet Approval Sign-Off
A1: ASSESSMENT APPROVAL AND SIGN-OFF
A2: ISO/IEC 27001:2022 - Control A.8.1-7-18-19: Endpoint and Device Security
A3: ASSESSMENT SUMMARY
A4: Document: | B4: ISMS-IMP-A.8.1-7-18-19.4 - Privileged Utilities
A5: Assessment Period:
A6: Overall Compliance Rating: | B6: ='Summary Dashboard'!G10
A7: Assessment Status:
A8: Assessed By:
A11: COMPLETED BY (ASSESSOR)
A12: Name:
A13: Title:
A14: Date:
A15: Signature:
A16: Comments:
A18: REVIEWED BY (INFORMATION SECURITY OFFICER)
A19: Name:
A20: Title:
A21: Date:
... A38: Special Considerations:
