Workbook

Sheet Instructions & Legend
A1: ISMS-IMP-A.8.1-7-18-19.2 - Protection Coverage ISO/IEC 27001:2022 - Control A.8.1-7-18-19: Endpoint and Device Security
A3: Document Information
A4: Document ID | B4: ISMS-IMP-A.8.1-7-18-19.2
A5: Workbook Title | B5: Protection Coverage
A6: Control Reference | B6: ISO/IEC 27001:2022 - Control A.8.1-7-18-19: Endpoint and Device Security
A7: Version | B7: 1.0
A8: Assessment Date
A9: Completed By
A10: Organisation
A12: Instructions
A13: 1. Complete Coverage Analysis — assess endpoint protection deployment across all device types.
A14: 2. Complete Agent Status — verify endpoint protection agents are installed and active on all managed devices.
A15: 3. Complete Scan Compliance — confirm scanning schedules are met and exceptions are documented.
A16: 4. Complete Detection Metrics — review threat detection rates and false positive ratios.
A17: 5. Complete Incident Response — assess integration between endpoint protection and incident response.
A18: 6. Complete User Awareness — verify users are trained on endpoint security requirements.
A19: 7. Complete Performance Metrics — assess system performance impact of endpoint protection controls.
A20: 8. Complete Licensing Support — verify all endpoints are covered by valid licences.
... A25: Status Legend
A26: Symbol | B26: Status | C26: Description
A27: ✓ | B27: Compliant / Complete | C27: Requirement fully met
A28: ⚠ | B28: Partial / In Progress | C28: Partially met or in progress
A29: ✗ | B29: Non-Compliant / Not Started | C29: Requirement not met
A30: — | B30: Not Applicable | C30: Not applicable to this assessment

Sheet Coverage Analysis
A1: MALWARE PROTECTION COVERAGE ANALYSIS
A2: Per-device-group anti-malware/EDR protection coverage, signature status, and scan compliance
A4: Group ID | B4: Device Group Name | C4: Group Type | D4: Device Count | E4: Protection Product | F4: Protection Coverage | G4: Signature Date | H4: Signatures Current | I4: Last Full Scan | J4: Last Quick Scan | K4: Scan Compliance | L4: Protection Status | M4: Notes
A5: GRP-001 | B5: SG-Windows-Endpoints | C5: Entra ID Group | D5: 312 | E5: Microsoft Defender | F5: ✅ Full Coverage | G5: 21.02.2026 | H5: Yes | I5: 18.02.2026 | J5: 21.02.2026 | K5: ✅ Compliant | L5: =IF(F5="✅ Full Coverage",IF(H5="Yes","✅ Protected",IF(H5="No","⚠ Outdated","Unknown")),IF(F5="⚠ Partial Coverage","⚠ Partial",IF(F5="❌ Not Deployed","❌ Not Protected","Unknown"))) | M5: Production Windows workstations
L6: =IF(F6="✅ Full Coverage",IF(H6="Yes","✅ Protected",IF(H6="No","⚠ Outdated","Unknown")),IF(F6="⚠ Partial Coverage","⚠ Partial",IF(F6="❌ Not Deployed","❌ Not Protected","Unknown")))
L7: =IF(F7="✅ Full Coverage",IF(H7="Yes","✅ Protected",IF(H7="No","⚠ Outdated","Unknown")),IF(F7="⚠ Partial Coverage","⚠ Partial",IF(F7="❌ Not Deployed","❌ Not Protected","Unknown")))
L8: =IF(F8="✅ Full Coverage",IF(H8="Yes","✅ Protected",IF(H8="No","⚠ Outdated","Unknown")),IF(F8="⚠ Partial Coverage","⚠ Partial",IF(F8="❌ Not Deployed","❌ Not Protected","Unknown")))
L9: =IF(F9="✅ Full Coverage",IF(H9="Yes","✅ Protected",IF(H9="No","⚠ Outdated","Unknown")),IF(F9="⚠ Partial Coverage","⚠ Partial",IF(F9="❌ Not Deployed","❌ Not Protected","Unknown")))
L10: =IF(F10="✅ Full Coverage",IF(H10="Yes","✅ Protected",IF(H10="No","⚠ Outdated","Unknown")),IF(F10="⚠ Partial Coverage","⚠ Partial",IF(F10="❌ Not Deployed","❌ Not Protected","Unknown")))
L11: =IF(F11="✅ Full Coverage",IF(H11="Yes","✅ Protected",IF(H11="No","⚠ Outdated","Unknown")),IF(F11="⚠ Partial Coverage","⚠ Partial",IF(F11="❌ Not Deployed","❌ Not Protected","Unknown")))
L12: =IF(F12="✅ Full Coverage",IF(H12="Yes","✅ Protected",IF(H12="No","⚠ Outdated","Unknown")),IF(F12="⚠ Partial Coverage","⚠ Partial",IF(F12="❌ Not Deployed","❌ Not Protected","Unknown")))
L13: =IF(F13="✅ Full Coverage",IF(H13="Yes","✅ Protected",IF(H13="No","⚠ Outdated","Unknown")),IF(F13="⚠ Partial Coverage","⚠ Partial",IF(F13="❌ Not Deployed","❌ Not Protected","Unknown")))
L14: =IF(F14="✅ Full Coverage",IF(H14="Yes","✅ Protected",IF(H14="No","⚠ Outdated","Unknown")),IF(F14="⚠ Partial Coverage","⚠ Partial",IF(F14="❌ Not Deployed","❌ Not Protected","Unknown")))
L15: =IF(F15="✅ Full Coverage",IF(H15="Yes","✅ Protected",IF(H15="No","⚠ Outdated","Unknown")),IF(F15="⚠ Partial Coverage","⚠ Partial",IF(F15="❌ Not Deployed","❌ Not Protected","Unknown")))
L16: =IF(F16="✅ Full Coverage",IF(H16="Yes","✅ Protected",IF(H16="No","⚠ Outdated","Unknown")),IF(F16="⚠ Partial Coverage","⚠ Partial",IF(F16="❌ Not Deployed","❌ Not Protected","Unknown")))
L17: =IF(F17="✅ Full Coverage",IF(H17="Yes","✅ Protected",IF(H17="No","⚠ Outdated","Unknown")),IF(F17="⚠ Partial Coverage","⚠ Partial",IF(F17="❌ Not Deployed","❌ Not Protected","Unknown")))
... L55: =IF(F55="✅ Full Coverage",IF(H55="Yes","✅ Protected",IF(H55="No","⚠ Outdated","Unknown")),IF(F55="⚠ Partial Coverage","⚠ Partial",IF(F55="❌ Not Deployed","❌ Not Protected","Unknown")))
A58: [CHART] PROTECTION COVERAGE SUMMARY
A59: Total Groups: | B59: =COUNTA(B6:B55)
A60: ✅ Protected: | B60: =COUNTIF(L6:L55,"✅ Protected")
A61: ❌ Not Protected: | B61: =COUNTIF(L6:L55,"❌ Not Protected")
A62: Protection Coverage Rate: | B62: =IF(B59>0,B60/B59*100,0)&"%"
A64: Signatures Current: | B64: =COUNTIF(H6:H55,"Yes")
A65: Signature Currency Rate: | B65: =IF(B61>0,B64/B61*100,0)&"%"

Sheet Agent Status
A1: ANTI-MALWARE AGENT STATUS & HEALTH
A2: Device-group agent coverage, version status, and communication health
A4: Group ID | B4: Device Group Name | C4: Group Type | D4: Device Count | E4: Agent Coverage | F4: Agent Version | G4: Latest Version | H4: Agent Outdated | I4: Last Check-In | J4: Communication Status | K4: Notes
A5: GRP-001 | B5: SG-Windows-Endpoints | C5: Entra ID Group | D5: 312 | E5: ✅ Full | F5: 5.67.2.0 | G5: 5.67.2.0 | H5: =IF(AND(F5<>"",G5<>""),IF(F5=G5,"No","Yes"),"N/A") | I5: 21.02.2026 | J5: ✅ Active | K5: Production Windows group
A6: =IF('Coverage Analysis'!A6="","",'Coverage Analysis'!A6) | B6: =IF('Coverage Analysis'!B6="","",'Coverage Analysis'!B6) | C6: =IF('Coverage Analysis'!C6="","",'Coverage Analysis'!C6) | D6: =IF('Coverage Analysis'!D6="","",'Coverage Analysis'!D6) | H6: =IF(AND(F6<>"",G6<>""),IF(F6=G6,"No","Yes"),"N/A")
A7: =IF('Coverage Analysis'!A7="","",'Coverage Analysis'!A7) | B7: =IF('Coverage Analysis'!B7="","",'Coverage Analysis'!B7) | C7: =IF('Coverage Analysis'!C7="","",'Coverage Analysis'!C7) | D7: =IF('Coverage Analysis'!D7="","",'Coverage Analysis'!D7) | H7: =IF(AND(F7<>"",G7<>""),IF(F7=G7,"No","Yes"),"N/A")
A8: =IF('Coverage Analysis'!A8="","",'Coverage Analysis'!A8) | B8: =IF('Coverage Analysis'!B8="","",'Coverage Analysis'!B8) | C8: =IF('Coverage Analysis'!C8="","",'Coverage Analysis'!C8) | D8: =IF('Coverage Analysis'!D8="","",'Coverage Analysis'!D8) | H8: =IF(AND(F8<>"",G8<>""),IF(F8=G8,"No","Yes"),"N/A")
A9: =IF('Coverage Analysis'!A9="","",'Coverage Analysis'!A9) | B9: =IF('Coverage Analysis'!B9="","",'Coverage Analysis'!B9) | C9: =IF('Coverage Analysis'!C9="","",'Coverage Analysis'!C9) | D9: =IF('Coverage Analysis'!D9="","",'Coverage Analysis'!D9) | H9: =IF(AND(F9<>"",G9<>""),IF(F9=G9,"No","Yes"),"N/A")
A10: =IF('Coverage Analysis'!A10="","",'Coverage Analysis'!A10) | B10: =IF('Coverage Analysis'!B10="","",'Coverage Analysis'!B10) | C10: =IF('Coverage Analysis'!C10="","",'Coverage Analysis'!C10) | D10: =IF('Coverage Analysis'!D10="","",'Coverage Analysis'!D10) | H10: =IF(AND(F10<>"",G10<>""),IF(F10=G10,"No","Yes"),"N/A")
A11: =IF('Coverage Analysis'!A11="","",'Coverage Analysis'!A11) | B11: =IF('Coverage Analysis'!B11="","",'Coverage Analysis'!B11) | C11: =IF('Coverage Analysis'!C11="","",'Coverage Analysis'!C11) | D11: =IF('Coverage Analysis'!D11="","",'Coverage Analysis'!D11) | H11: =IF(AND(F11<>"",G11<>""),IF(F11=G11,"No","Yes"),"N/A")
A12: =IF('Coverage Analysis'!A12="","",'Coverage Analysis'!A12) | B12: =IF('Coverage Analysis'!B12="","",'Coverage Analysis'!B12) | C12: =IF('Coverage Analysis'!C12="","",'Coverage Analysis'!C12) | D12: =IF('Coverage Analysis'!D12="","",'Coverage Analysis'!D12) | H12: =IF(AND(F12<>"",G12<>""),IF(F12=G12,"No","Yes"),"N/A")
A13: =IF('Coverage Analysis'!A13="","",'Coverage Analysis'!A13) | B13: =IF('Coverage Analysis'!B13="","",'Coverage Analysis'!B13) | C13: =IF('Coverage Analysis'!C13="","",'Coverage Analysis'!C13) | D13: =IF('Coverage Analysis'!D13="","",'Coverage Analysis'!D13) | H13: =IF(AND(F13<>"",G13<>""),IF(F13=G13,"No","Yes"),"N/A")
A14: =IF('Coverage Analysis'!A14="","",'Coverage Analysis'!A14) | B14: =IF('Coverage Analysis'!B14="","",'Coverage Analysis'!B14) | C14: =IF('Coverage Analysis'!C14="","",'Coverage Analysis'!C14) | D14: =IF('Coverage Analysis'!D14="","",'Coverage Analysis'!D14) | H14: =IF(AND(F14<>"",G14<>""),IF(F14=G14,"No","Yes"),"N/A")
A15: =IF('Coverage Analysis'!A15="","",'Coverage Analysis'!A15) | B15: =IF('Coverage Analysis'!B15="","",'Coverage Analysis'!B15) | C15: =IF('Coverage Analysis'!C15="","",'Coverage Analysis'!C15) | D15: =IF('Coverage Analysis'!D15="","",'Coverage Analysis'!D15) | H15: =IF(AND(F15<>"",G15<>""),IF(F15=G15,"No","Yes"),"N/A")
A16: =IF('Coverage Analysis'!A16="","",'Coverage Analysis'!A16) | B16: =IF('Coverage Analysis'!B16="","",'Coverage Analysis'!B16) | C16: =IF('Coverage Analysis'!C16="","",'Coverage Analysis'!C16) | D16: =IF('Coverage Analysis'!D16="","",'Coverage Analysis'!D16) | H16: =IF(AND(F16<>"",G16<>""),IF(F16=G16,"No","Yes"),"N/A")
A17: =IF('Coverage Analysis'!A17="","",'Coverage Analysis'!A17) | B17: =IF('Coverage Analysis'!B17="","",'Coverage Analysis'!B17) | C17: =IF('Coverage Analysis'!C17="","",'Coverage Analysis'!C17) | D17: =IF('Coverage Analysis'!D17="","",'Coverage Analysis'!D17) | H17: =IF(AND(F17<>"",G17<>""),IF(F17=G17,"No","Yes"),"N/A")
... A55: =IF('Coverage Analysis'!A55="","",'Coverage Analysis'!A55) | B55: =IF('Coverage Analysis'!B55="","",'Coverage Analysis'!B55) | C55: =IF('Coverage Analysis'!C55="","",'Coverage Analysis'!C55) | D55: =IF('Coverage Analysis'!D55="","",'Coverage Analysis'!D55) | H55: =IF(AND(F55<>"",G55<>""),IF(F55=G55,"No","Yes"),"N/A")
A58: [CHART] AGENT STATUS SUMMARY
A59: Groups — ✅ Full: | B59: =COUNTIF(E6:E55,"✅ Full")
A60: Groups — ❌ Not Deployed: | B60: =COUNTIF(E6:E55,"❌ Not Deployed")
A61: Groups with Outdated Agent: | B61: =COUNTIF(H6:H55,"Yes")
A62: Communication Issues: | B62: =COUNTIF(J6:J55,"❌ No Communication")+COUNTIF(J6:J55,"⚠ Delayed")

Sheet Scan Compliance
A1: MALWARE SCAN COMPLIANCE
A2: Full scan compliance (weekly), quick scan compliance (daily), scan failure tracking
A4: Group ID | B4: Device Group Name | C4: Last Full Scan Date | D4: Full Scan Status | E4: Days Since Full Scan | F4: Full Scan Compliant | G4: Last Quick Scan Date | H4: Quick Scan Status | I4: Days Since Quick Scan | J4: Quick Scan Compliant | K4: Notes
A5: GRP-001 | B5: SG-Windows-Endpoints | C5: 18.02.2026 | D5: ✅ Compliant | E5: =IF(C5<>"",TODAY()-C5,"") | F5: =IF(E5<=7,"Yes",IF(E5>7,"No","Unknown")) | G5: 21.02.2024 | H5: ✅ Compliant | I5: =IF(G5<>"",TODAY()-G5,"") | J5: =IF(I5<=1,"Yes",IF(I5>1,"No","Unknown")) | K5: Example row
E6: =IF(C6<>"",TODAY()-C6,"") | F6: =IF(E6<=7,"Yes",IF(E6>7,"No","Unknown")) | I6: =IF(G6<>"",TODAY()-G6,"") | J6: =IF(I6<=1,"Yes",IF(I6>1,"No","Unknown"))
E7: =IF(C7<>"",TODAY()-C7,"") | F7: =IF(E7<=7,"Yes",IF(E7>7,"No","Unknown")) | I7: =IF(G7<>"",TODAY()-G7,"") | J7: =IF(I7<=1,"Yes",IF(I7>1,"No","Unknown"))
E8: =IF(C8<>"",TODAY()-C8,"") | F8: =IF(E8<=7,"Yes",IF(E8>7,"No","Unknown")) | I8: =IF(G8<>"",TODAY()-G8,"") | J8: =IF(I8<=1,"Yes",IF(I8>1,"No","Unknown"))
E9: =IF(C9<>"",TODAY()-C9,"") | F9: =IF(E9<=7,"Yes",IF(E9>7,"No","Unknown")) | I9: =IF(G9<>"",TODAY()-G9,"") | J9: =IF(I9<=1,"Yes",IF(I9>1,"No","Unknown"))
E10: =IF(C10<>"",TODAY()-C10,"") | F10: =IF(E10<=7,"Yes",IF(E10>7,"No","Unknown")) | I10: =IF(G10<>"",TODAY()-G10,"") | J10: =IF(I10<=1,"Yes",IF(I10>1,"No","Unknown"))
E11: =IF(C11<>"",TODAY()-C11,"") | F11: =IF(E11<=7,"Yes",IF(E11>7,"No","Unknown")) | I11: =IF(G11<>"",TODAY()-G11,"") | J11: =IF(I11<=1,"Yes",IF(I11>1,"No","Unknown"))
E12: =IF(C12<>"",TODAY()-C12,"") | F12: =IF(E12<=7,"Yes",IF(E12>7,"No","Unknown")) | I12: =IF(G12<>"",TODAY()-G12,"") | J12: =IF(I12<=1,"Yes",IF(I12>1,"No","Unknown"))
E13: =IF(C13<>"",TODAY()-C13,"") | F13: =IF(E13<=7,"Yes",IF(E13>7,"No","Unknown")) | I13: =IF(G13<>"",TODAY()-G13,"") | J13: =IF(I13<=1,"Yes",IF(I13>1,"No","Unknown"))
E14: =IF(C14<>"",TODAY()-C14,"") | F14: =IF(E14<=7,"Yes",IF(E14>7,"No","Unknown")) | I14: =IF(G14<>"",TODAY()-G14,"") | J14: =IF(I14<=1,"Yes",IF(I14>1,"No","Unknown"))
E15: =IF(C15<>"",TODAY()-C15,"") | F15: =IF(E15<=7,"Yes",IF(E15>7,"No","Unknown")) | I15: =IF(G15<>"",TODAY()-G15,"") | J15: =IF(I15<=1,"Yes",IF(I15>1,"No","Unknown"))
E16: =IF(C16<>"",TODAY()-C16,"") | F16: =IF(E16<=7,"Yes",IF(E16>7,"No","Unknown")) | I16: =IF(G16<>"",TODAY()-G16,"") | J16: =IF(I16<=1,"Yes",IF(I16>1,"No","Unknown"))
E17: =IF(C17<>"",TODAY()-C17,"") | F17: =IF(E17<=7,"Yes",IF(E17>7,"No","Unknown")) | I17: =IF(G17<>"",TODAY()-G17,"") | J17: =IF(I17<=1,"Yes",IF(I17>1,"No","Unknown"))
... E55: =IF(C55<>"",TODAY()-C55,"") | F55: =IF(E55<=7,"Yes",IF(E55>7,"No","Unknown")) | I55: =IF(G55<>"",TODAY()-G55,"") | J55: =IF(I55<=1,"Yes",IF(I55>1,"No","Unknown"))
A58: [CHART] SCAN COMPLIANCE SUMMARY
A59: Full Scan Compliant (≤7 days): | B59: =COUNTIF(F6:F55,"Yes")
A60: Full Scan Compliance Rate: | B60: =IF(COUNTA(F6:F55)>0,B59/COUNTA(F6:F55)*100,0)&"%"
A62: Quick Scan Compliant (≤1 day): | B62: =COUNTIF(J6:J55,"Yes")
A63: Quick Scan Compliance Rate: | B63: =IF(COUNTA(J6:J55)>0,B62/COUNTA(J6:J55)*100,0)&"%"

Sheet Detection Metrics
A1: MALWARE DETECTION & REMEDIATION METRICS
A2: Malware detections by type, severity, remediation status, and effectiveness (last 90 days)
A4: Detection ID | B4: Detection Date | C4: Device ID | D4: Hostname | E4: Detection Type | F4: Threat Name | G4: Severity | H4: Remediation Status | I4: Remediation Date | J4: Remediation Time (Hours) | K4: Re-Infection | L4: Notes
A5: DET-0001 | B5: 15.02.2024 | C5: EP-1001 | D5: LAPTOP-GREG-01 | E5: [VIRUS] Malware | F5: Trojan.GenericKD.12345 | G5: High | H5: ✅ Remediated | I5: 15.02.2024 | J5: =IF(AND(B5<>"",I5<>""),(I5-B5)*24,"") | K5: No | L5: Example row
A6: DET-0002 | J6: =IF(AND(B6<>"",I6<>""),(I6-B6)*24,"")
A7: DET-0003 | J7: =IF(AND(B7<>"",I7<>""),(I7-B7)*24,"")
A8: DET-0004 | J8: =IF(AND(B8<>"",I8<>""),(I8-B8)*24,"")
A9: DET-0005 | J9: =IF(AND(B9<>"",I9<>""),(I9-B9)*24,"")
A10: DET-0006 | J10: =IF(AND(B10<>"",I10<>""),(I10-B10)*24,"")
A11: DET-0007 | J11: =IF(AND(B11<>"",I11<>""),(I11-B11)*24,"")
A12: DET-0008 | J12: =IF(AND(B12<>"",I12<>""),(I12-B12)*24,"")
A13: DET-0009 | J13: =IF(AND(B13<>"",I13<>""),(I13-B13)*24,"")
A14: DET-0010 | J14: =IF(AND(B14<>"",I14<>""),(I14-B14)*24,"")
A15: DET-0011 | J15: =IF(AND(B15<>"",I15<>""),(I15-B15)*24,"")
A16: DET-0012 | J16: =IF(AND(B16<>"",I16<>""),(I16-B16)*24,"")
A17: DET-0013 | J17: =IF(AND(B17<>"",I17<>""),(I17-B17)*24,"")
... A105: DET-0101 | J105: =IF(AND(B105<>"",I105<>""),(I105-B105)*24,"")
A108: [CHART] DETECTION METRICS SUMMARY (Last 90 Days)
A109: Total Detections: | B109: =COUNTA(B6:B105)
A110: ✅ Remediated: | B110: =COUNTIF(H6:H105,"✅ Remediated")
A111: Remediation Success Rate: | B111: =IF(B109>0,B110/B109*100,0)&"%"
A113: By Detection Type:
A114: [VIRUS] Malware: | B114: =COUNTIF(E6:E105,"[VIRUS] Malware")
A115: [PHISH] Phishing: | B115: =COUNTIF(E6:E105,"[PHISH] Phishing")
A116: [WORM] Ransomware: | B116: =COUNTIF(E6:E105,"[WORM] Ransomware")
A117: [SPY] Spyware: | B117: =COUNTIF(E6:E105,"[SPY] Spyware")
A118: ⚠ PUA: | B118: =COUNTIF(E6:E105,"⚠ PUA")
A119: Exploit: | B119: =COUNTIF(E6:E105,"Exploit")
A120: [MAIL] Spam: | B120: =COUNTIF(E6:E105,"[MAIL] Spam")
A121: ⚿ Blocked: | B121: =COUNTIF(E6:E105,"⚿ Blocked")

Sheet Incident Response
A1: MALWARE INCIDENT RESPONSE & SLA COMPLIANCE
A2: Major malware incidents, response times, SLA compliance, post-incident review
A4: Incident ID | B4: Incident Date | C4: Severity | D4: Affected Devices | E4: Incident Type | F4: Investigation Time (H) | G4: Investigation SLA | H4: Containment Time (H) | I4: Containment SLA | J4: Remediation Time (H) | K4: Remediation SLA | L4: Incident Status | M4: Post-Incident Review
A5: INC-0001 | B5: 10.01.2024 | C5: High | D5: 3 | E5: Ransomware attempt | F5: 6 | G5: =IF(C5="Critical",IF(F5<=4,"✅ Met",IF(F5>4,"❌ Missed","N/A")),IF(C5="High",IF(F5<=8,"✅ Met",IF(F5>8,"❌ Missed","N/A")),"N/A")) | H5: 36 | I5: =IF(C5="Critical",IF(H5<=24,"✅ Met",IF(H5>24,"❌ Missed","N/A")),IF(C5="High",IF(H5<=48,"✅ Met",IF(H5>48,"❌ Missed","N/A")),"N/A")) | J5: 120 | K5: =IF(C5="Critical",IF(J5<=72,"✅ Met",IF(J5>72,"❌ Missed","N/A")),IF(C5="High",IF(J5<=168,"✅ Met",IF(J5>168,"❌ Missed","N/A")),"N/A")) | L5: Resolved | M5: Yes
A6: INC-0002 | G6: =IF(C6="Critical",IF(F6<=4,"✅ Met",IF(F6>4,"❌ Missed","N/A")),IF(C6="High",IF(F6<=8,"✅ Met",IF(F6>8,"❌ Missed","N/A")),"N/A")) | I6: =IF(C6="Critical",IF(H6<=24,"✅ Met",IF(H6>24,"❌ Missed","N/A")),IF(C6="High",IF(H6<=48,"✅ Met",IF(H6>48,"❌ Missed","N/A")),"N/A")) | K6: =IF(C6="Critical",IF(J6<=72,"✅ Met",IF(J6>72,"❌ Missed","N/A")),IF(C6="High",IF(J6<=168,"✅ Met",IF(J6>168,"❌ Missed","N/A")),"N/A"))
A7: INC-0003 | G7: =IF(C7="Critical",IF(F7<=4,"✅ Met",IF(F7>4,"❌ Missed","N/A")),IF(C7="High",IF(F7<=8,"✅ Met",IF(F7>8,"❌ Missed","N/A")),"N/A")) | I7: =IF(C7="Critical",IF(H7<=24,"✅ Met",IF(H7>24,"❌ Missed","N/A")),IF(C7="High",IF(H7<=48,"✅ Met",IF(H7>48,"❌ Missed","N/A")),"N/A")) | K7: =IF(C7="Critical",IF(J7<=72,"✅ Met",IF(J7>72,"❌ Missed","N/A")),IF(C7="High",IF(J7<=168,"✅ Met",IF(J7>168,"❌ Missed","N/A")),"N/A"))
A8: INC-0004 | G8: =IF(C8="Critical",IF(F8<=4,"✅ Met",IF(F8>4,"❌ Missed","N/A")),IF(C8="High",IF(F8<=8,"✅ Met",IF(F8>8,"❌ Missed","N/A")),"N/A")) | I8: =IF(C8="Critical",IF(H8<=24,"✅ Met",IF(H8>24,"❌ Missed","N/A")),IF(C8="High",IF(H8<=48,"✅ Met",IF(H8>48,"❌ Missed","N/A")),"N/A")) | K8: =IF(C8="Critical",IF(J8<=72,"✅ Met",IF(J8>72,"❌ Missed","N/A")),IF(C8="High",IF(J8<=168,"✅ Met",IF(J8>168,"❌ Missed","N/A")),"N/A"))
A9: INC-0005 | G9: =IF(C9="Critical",IF(F9<=4,"✅ Met",IF(F9>4,"❌ Missed","N/A")),IF(C9="High",IF(F9<=8,"✅ Met",IF(F9>8,"❌ Missed","N/A")),"N/A")) | I9: =IF(C9="Critical",IF(H9<=24,"✅ Met",IF(H9>24,"❌ Missed","N/A")),IF(C9="High",IF(H9<=48,"✅ Met",IF(H9>48,"❌ Missed","N/A")),"N/A")) | K9: =IF(C9="Critical",IF(J9<=72,"✅ Met",IF(J9>72,"❌ Missed","N/A")),IF(C9="High",IF(J9<=168,"✅ Met",IF(J9>168,"❌ Missed","N/A")),"N/A"))
A10: INC-0006 | G10: =IF(C10="Critical",IF(F10<=4,"✅ Met",IF(F10>4,"❌ Missed","N/A")),IF(C10="High",IF(F10<=8,"✅ Met",IF(F10>8,"❌ Missed","N/A")),"N/A")) | I10: =IF(C10="Critical",IF(H10<=24,"✅ Met",IF(H10>24,"❌ Missed","N/A")),IF(C10="High",IF(H10<=48,"✅ Met",IF(H10>48,"❌ Missed","N/A")),"N/A")) | K10: =IF(C10="Critical",IF(J10<=72,"✅ Met",IF(J10>72,"❌ Missed","N/A")),IF(C10="High",IF(J10<=168,"✅ Met",IF(J10>168,"❌ Missed","N/A")),"N/A"))
A11: INC-0007 | G11: =IF(C11="Critical",IF(F11<=4,"✅ Met",IF(F11>4,"❌ Missed","N/A")),IF(C11="High",IF(F11<=8,"✅ Met",IF(F11>8,"❌ Missed","N/A")),"N/A")) | I11: =IF(C11="Critical",IF(H11<=24,"✅ Met",IF(H11>24,"❌ Missed","N/A")),IF(C11="High",IF(H11<=48,"✅ Met",IF(H11>48,"❌ Missed","N/A")),"N/A")) | K11: =IF(C11="Critical",IF(J11<=72,"✅ Met",IF(J11>72,"❌ Missed","N/A")),IF(C11="High",IF(J11<=168,"✅ Met",IF(J11>168,"❌ Missed","N/A")),"N/A"))
A12: INC-0008 | G12: =IF(C12="Critical",IF(F12<=4,"✅ Met",IF(F12>4,"❌ Missed","N/A")),IF(C12="High",IF(F12<=8,"✅ Met",IF(F12>8,"❌ Missed","N/A")),"N/A")) | I12: =IF(C12="Critical",IF(H12<=24,"✅ Met",IF(H12>24,"❌ Missed","N/A")),IF(C12="High",IF(H12<=48,"✅ Met",IF(H12>48,"❌ Missed","N/A")),"N/A")) | K12: =IF(C12="Critical",IF(J12<=72,"✅ Met",IF(J12>72,"❌ Missed","N/A")),IF(C12="High",IF(J12<=168,"✅ Met",IF(J12>168,"❌ Missed","N/A")),"N/A"))
A13: INC-0009 | G13: =IF(C13="Critical",IF(F13<=4,"✅ Met",IF(F13>4,"❌ Missed","N/A")),IF(C13="High",IF(F13<=8,"✅ Met",IF(F13>8,"❌ Missed","N/A")),"N/A")) | I13: =IF(C13="Critical",IF(H13<=24,"✅ Met",IF(H13>24,"❌ Missed","N/A")),IF(C13="High",IF(H13<=48,"✅ Met",IF(H13>48,"❌ Missed","N/A")),"N/A")) | K13: =IF(C13="Critical",IF(J13<=72,"✅ Met",IF(J13>72,"❌ Missed","N/A")),IF(C13="High",IF(J13<=168,"✅ Met",IF(J13>168,"❌ Missed","N/A")),"N/A"))
A14: INC-0010 | G14: =IF(C14="Critical",IF(F14<=4,"✅ Met",IF(F14>4,"❌ Missed","N/A")),IF(C14="High",IF(F14<=8,"✅ Met",IF(F14>8,"❌ Missed","N/A")),"N/A")) | I14: =IF(C14="Critical",IF(H14<=24,"✅ Met",IF(H14>24,"❌ Missed","N/A")),IF(C14="High",IF(H14<=48,"✅ Met",IF(H14>48,"❌ Missed","N/A")),"N/A")) | K14: =IF(C14="Critical",IF(J14<=72,"✅ Met",IF(J14>72,"❌ Missed","N/A")),IF(C14="High",IF(J14<=168,"✅ Met",IF(J14>168,"❌ Missed","N/A")),"N/A"))
A15: INC-0011 | G15: =IF(C15="Critical",IF(F15<=4,"✅ Met",IF(F15>4,"❌ Missed","N/A")),IF(C15="High",IF(F15<=8,"✅ Met",IF(F15>8,"❌ Missed","N/A")),"N/A")) | I15: =IF(C15="Critical",IF(H15<=24,"✅ Met",IF(H15>24,"❌ Missed","N/A")),IF(C15="High",IF(H15<=48,"✅ Met",IF(H15>48,"❌ Missed","N/A")),"N/A")) | K15: =IF(C15="Critical",IF(J15<=72,"✅ Met",IF(J15>72,"❌ Missed","N/A")),IF(C15="High",IF(J15<=168,"✅ Met",IF(J15>168,"❌ Missed","N/A")),"N/A"))
A16: INC-0012 | G16: =IF(C16="Critical",IF(F16<=4,"✅ Met",IF(F16>4,"❌ Missed","N/A")),IF(C16="High",IF(F16<=8,"✅ Met",IF(F16>8,"❌ Missed","N/A")),"N/A")) | I16: =IF(C16="Critical",IF(H16<=24,"✅ Met",IF(H16>24,"❌ Missed","N/A")),IF(C16="High",IF(H16<=48,"✅ Met",IF(H16>48,"❌ Missed","N/A")),"N/A")) | K16: =IF(C16="Critical",IF(J16<=72,"✅ Met",IF(J16>72,"❌ Missed","N/A")),IF(C16="High",IF(J16<=168,"✅ Met",IF(J16>168,"❌ Missed","N/A")),"N/A"))
A17: INC-0013 | G17: =IF(C17="Critical",IF(F17<=4,"✅ Met",IF(F17>4,"❌ Missed","N/A")),IF(C17="High",IF(F17<=8,"✅ Met",IF(F17>8,"❌ Missed","N/A")),"N/A")) | I17: =IF(C17="Critical",IF(H17<=24,"✅ Met",IF(H17>24,"❌ Missed","N/A")),IF(C17="High",IF(H17<=48,"✅ Met",IF(H17>48,"❌ Missed","N/A")),"N/A")) | K17: =IF(C17="Critical",IF(J17<=72,"✅ Met",IF(J17>72,"❌ Missed","N/A")),IF(C17="High",IF(J17<=168,"✅ Met",IF(J17>168,"❌ Missed","N/A")),"N/A"))
... A55: INC-0051 | G55: =IF(C55="Critical",IF(F55<=4,"✅ Met",IF(F55>4,"❌ Missed","N/A")),IF(C55="High",IF(F55<=8,"✅ Met",IF(F55>8,"❌ Missed","N/A")),"N/A")) | I55: =IF(C55="Critical",IF(H55<=24,"✅ Met",IF(H55>24,"❌ Missed","N/A")),IF(C55="High",IF(H55<=48,"✅ Met",IF(H55>48,"❌ Missed","N/A")),"N/A")) | K55: =IF(C55="Critical",IF(J55<=72,"✅ Met",IF(J55>72,"❌ Missed","N/A")),IF(C55="High",IF(J55<=168,"✅ Met",IF(J55>168,"❌ Missed","N/A")),"N/A"))
A58: [CHART] INCIDENT RESPONSE SUMMARY
A59: Total Incidents: | B59: =COUNTA(B6:B55)
A60: Critical: | B60: =COUNTIF(C6:C55,"Critical")
A61: High: | B61: =COUNTIF(C6:C55,"High")
A63: Investigation SLA Met: | B63: =COUNTIF(G6:G55,"✅ Met")
A64: Investigation SLA Compliance: | B64: =IF(COUNTA(G6:G55)>0,B63/COUNTA(G6:G55)*100,0)&"%"

Sheet User Awareness
A1: SECURITY AWARENESS TRAINING & PHISHING SIMULATIONS
A2: Annual training completion, quarterly phishing simulation results, click rate trends
A4: [BOOKS] ANNUAL SECURITY AWARENESS TRAINING
A5: User | B5: Department | C5: Training Assigned | D5: Training Completed | E5: Training Status | F5: Completion Date | G5: Score | H5: Notes
A6: Jane Smith | B6: IT Department | C6: Yes | D6: Yes | E6: ✅ Completed | F6: 15.01.2024 | G6: 92 | H6: Example row
A59: [CHART] TRAINING SUMMARY
A60: Total Users: | B60: =COUNTA(A7:A56)
A61: ✅ Completed: | B61: =COUNTIF(E7:E56,"✅ Completed")
A62: Training Completion Rate: | B62: =IF(B60>0,B61/B60*100,0)&"%"
A64: [PHISH] QUARTERLY PHISHING SIMULATIONS
A65: Simulation ID | B65: Quarter | C65: Users Targeted | D65: Emails Delivered | E65: Links Clicked | F65: Credentials Submitted | G65: Reported Phishing | H65: Click Rate (%)
A66: PHISH-01 | B66: Q1 2024 | H66: =IF(D66>0,E66/D66*100,0)
A67: PHISH-02 | B67: Q2 2024 | H67: =IF(D67>0,E67/D67*100,0)
A68: PHISH-03 | B68: Q3 2024 | H68: =IF(D68>0,E68/D68*100,0)
A69: PHISH-04 | B69: Q4 2024 | H69: =IF(D69>0,E69/D69*100,0)
A70: PHISH-05 | B70: Q1 2025 | H70: =IF(D70>0,E70/D70*100,0)
A71: PHISH-06 | B71: Q2 2025 | H71: =IF(D71>0,E71/D71*100,0)
A72: PHISH-07 | B72: Q3 2025 | H72: =IF(D72>0,E72/D72*100,0)
A73: PHISH-08 | B73: Q4 2025 | H73: =IF(D73>0,E73/D73*100,0)
A74: PHISH-09 | B74: Q1 2026 | H74: =IF(D74>0,E74/D74*100,0)
A75: PHISH-10 | B75: Q2 2026 | H75: =IF(D75>0,E75/D75*100,0)
A76: PHISH-11 | B76: Q3 2026 | H76: =IF(D76>0,E76/D76*100,0)
A77: PHISH-12 | B77: Q4 2026 | H77: =IF(D77>0,E77/D77*100,0)
A80: [CHART] PHISHING SIMULATION SUMMARY
A81: Average Click Rate: | B81: =AVERAGE(H66:H77)
A82: Latest Click Rate: | B82: =H77
A83: Trend: | B83: =IF(H77<H76,"[DOWN] Improving","[TREND] Degrading")

Sheet Performance Metrics
A1: MALWARE PROTECTION PERFORMANCE METRICS
A2: False positives/negatives, scan performance impact, monthly tracking (12 months)
A4: [TREND] MONTHLY PERFORMANCE METRICS
A5: Month | B5: False Positives | C5: False Negatives | D5: FP Rate (%) | E5: Avg Scan Time (min) | F5: Performance Complaints
A6: Jan 2025
A7: Feb 2025
A8: Mar 2025
A9: Apr 2025
A10: May 2025
A11: Jun 2025
A12: Jul 2025
A13: Aug 2025
A14: Sep 2025
A15: Oct 2025
A16: Nov 2025
A17: Dec 2025
A20: [CHART] PERFORMANCE SUMMARY (12 Months)
A21: Total False Positives: | B21: =SUM(B6:B17)
A22: Total False Negatives: | B22: =SUM(C6:C17)
A23: Avg FP Rate: | B23: =AVERAGE(D6:D17)
A24: Total Performance Complaints: | B24: =SUM(F6:F17)

Sheet Licensing Support
A1: LICENSING & SUPPORT CONTRACT TRACKING
A2: Anti-malware/EDR licensing, support contracts, renewal tracking, cost management
A4: Product Name | B4: Vendor | C4: License Type | D4: License Count | E4: Deployed Count | F4: Support Status | G4: Support Expiration | H4: Days Until Expiration | I4: Annual Cost | J4: Notes
A5: Symantec Endpoint Protection | B5: Broadcom | C5: Subscription | D5: 500 | E5: 487 | F5: ✅ Active | G5: 31.12.2026 | H5: =IF(G5<>"",G5-TODAY(),"") | I5: 25000 | J5: Example row
H6: =IF(G6<>"",G6-TODAY(),"")
H7: =IF(G7<>"",G7-TODAY(),"")
H8: =IF(G8<>"",G8-TODAY(),"")
H9: =IF(G9<>"",G9-TODAY(),"")
H10: =IF(G10<>"",G10-TODAY(),"")
H11: =IF(G11<>"",G11-TODAY(),"")
H12: =IF(G12<>"",G12-TODAY(),"")
H13: =IF(G13<>"",G13-TODAY(),"")
H14: =IF(G14<>"",G14-TODAY(),"")
H15: =IF(G15<>"",G15-TODAY(),"")
H16: =IF(G16<>"",G16-TODAY(),"")
H17: =IF(G17<>"",G17-TODAY(),"")
... H55: =IF(G55<>"",G55-TODAY(),"")
A58: [CHART] LICENSE & SUPPORT SUMMARY
A59: Total License Cost: | B59: =SUM(I6:I55)
A60: Expiring Soon (<90 days): | B60: =COUNTIF(H6:H55,"<90")
A61: ✅ Active Support: | B61: =COUNTIF(F6:F55,"✅ Active")
A62: ❌ Expired Support: | B62: =COUNTIF(F6:F55,"❌ Expired")

Sheet Capability Requirements
A1: CAPABILITY REQUIREMENTS MAPPING
A2: A.8.7 Policy Requirements → Implementation Verification (25 requirements)
A4: Req ID | B4: Policy Requirement | C4: Implemented | D4: Evidence Reference | E4: Notes | F4: Status
A5: REQ-A87-XXX | B5: Example: Anti-malware/EDR deployed on ≥98% corporate endpoints | C5: Yes | D5: /evidence/A.8.7/av-coverage-report.pdf | E5: Example row | F5: =IF(C5="Yes","✅ Compliant",IF(C5="N/A","N/A","❌ Gap"))
A6: REQ-A87-001 | B6: Anti-malware/EDR deployed on ≥98% corporate endpoints | F6: =IF(C6="Yes","✅ Compliant",IF(C6="N/A","N/A","❌ Gap"))
A7: REQ-A87-002 | B7: Anti-malware/EDR deployed on ≥80% BYOD devices | F7: =IF(C7="Yes","✅ Compliant",IF(C7="N/A","N/A","❌ Gap"))
A8: REQ-A87-003 | B8: Signature updates automatic and daily | F8: =IF(C8="Yes","✅ Compliant",IF(C8="N/A","N/A","❌ Gap"))
A9: REQ-A87-004 | B9: Signatures current (<24 hours) on ≥98% endpoints | F9: =IF(C9="Yes","✅ Compliant",IF(C9="N/A","N/A","❌ Gap"))
A10: REQ-A87-005 | B10: Real-time scanning enabled on all endpoints | F10: =IF(C10="Yes","✅ Compliant",IF(C10="N/A","N/A","❌ Gap"))
A11: REQ-A87-006 | B11: Weekly full scans on ≥95% endpoints | F11: =IF(C11="Yes","✅ Compliant",IF(C11="N/A","N/A","❌ Gap"))
A12: REQ-A87-007 | B12: Daily quick scans on ≥90% endpoints | F12: =IF(C12="Yes","✅ Compliant",IF(C12="N/A","N/A","❌ Gap"))
A13: REQ-A87-008 | B13: Malware detection alerts to security team | F13: =IF(C13="Yes","✅ Compliant",IF(C13="N/A","N/A","❌ Gap"))
A14: REQ-A87-009 | B14: Quarantine/remediation automatic where possible | F14: =IF(C14="Yes","✅ Compliant",IF(C14="N/A","N/A","❌ Gap"))
A15: REQ-A87-010 | B15: Remediation success rate ≥95% | F15: =IF(C15="Yes","✅ Compliant",IF(C15="N/A","N/A","❌ Gap"))
A16: REQ-A87-011 | B16: Re-infection rate <5% | F16: =IF(C16="Yes","✅ Compliant",IF(C16="N/A","N/A","❌ Gap"))
A17: REQ-A87-012 | B17: False positive rate <10% | F17: =IF(C17="Yes","✅ Compliant",IF(C17="N/A","N/A","❌ Gap"))
... A30: REQ-A87-025 | B30: Quarterly protection effectiveness assessment | F30: =IF(C30="Yes","✅ Compliant",IF(C30="N/A","N/A","❌ Gap"))
A33: [CHART] REQUIREMENTS COMPLIANCE SUMMARY
A34: Total Requirements: | B34: 25
A35: Implemented: | B35: =COUNTIF(C6:C30,"Yes")
A36: Compliance Rate: | B36: =IF(B34>0,B35/B34*100,0)&"%"

Sheet Gap Analysis
A1: GAP ANALYSIS & REMEDIATION TRACKING
A2: Gap identification, severity classification, remediation planning (50 entries)
A4: Gap ID | B4: Gap Description | C4: Affected Devices/Count | D4: Related Requirement | E4: Severity | F4: Risk | G4: Root Cause | H4: Remediation Plan | I4: Owner | J4: Due Date | K4: Status | L4: Budget Required | M4: Notes
A5: GAP-001 | B5: Example: AV/EDR agent not installed on endpoint | C5: 5 endpoints (IT Department) | D5: REQ-A87-001 | E5: High | F5: High — unprotected endpoints exposed to malware | G5: Imaging process does not include AV agent | H5: Update imaging template to include AV agent pre-install | I5: IT Operations | J5: 28.02.2026 | K5: Open | L5: CHF 0 | M5: Example row — do not use for compliance calculations
A58: Critical: | B58: =COUNTIF(E6:E55,"Critical")

Sheet Evidence Register
A1: EVIDENCE REGISTER
A2: Comprehensive evidence documentation for malware protection assessment (100 evidence entries)
A4: Evidence ID | B4: Evidence Type | C4: Description | D4: Related Requirement | E4: Related Worksheet/Device | F4: File Location | G4: Collection Date | H4: Collected By
A5: EV-001 | B5: Report | C5: Example: AV/EDR coverage report showing 98% protection | D5: A.8.7 Coverage Analysis | E5: Coverage Analysis sheet row 6 | F5: /evidence/A.8.7/av-coverage-report.pdf | G5: 20.02.2026 | H5: IT Security Team
A107: Total Evidence Entries: | B107: =COUNTA(C6:C105)

Sheet Summary Dashboard
A1: PROTECTION COVERAGE — SUMMARY DASHBOARD
A2: Consolidated compliance metrics for malware protection coverage assessment
A3: TABLE 1 — Assessment Area Compliance
A4: Assessment Area | B4: Total Items | C4: Compliant | D4: Partial | E4: Non-Compliant | F4: N/A | G4: Compliance %
A5: AV/EDR Coverage | B5: =SUM(C5:F5) | C5: =COUNTIF('Coverage Analysis'!L6:L55,"✅ Protected") | D5: =COUNTIF('Coverage Analysis'!L6:L55,"⚠ Outdated")+COUNTIF('Coverage Analysis'!L6:L55,"⚠ Partial") | E5: =COUNTIF('Coverage Analysis'!L6:L55,"❌ Not Protected") | F5: 0 | G5: =IF((B5-F5)=0,0,C5/(B5-F5))
A6: Agent Deployment | B6: =SUM(C6:F6) | C6: =COUNTIF('Agent Status'!E6:E55,"✅ Full") | D6: =COUNTIF('Agent Status'!E6:E55,"⚠ Partial") | E6: =COUNTIF('Agent Status'!E6:E55,"❌ Not Deployed") | F6: 0 | G6: =IF((B6-F6)=0,0,C6/(B6-F6))
A7: Scan Schedule Compliance | B7: =SUM(C7:F7) | C7: =COUNTIF('Scan Compliance'!F6:F55,"Yes") | D7: 0 | E7: =COUNTIF('Scan Compliance'!F6:F55,"No") | F7: 0 | G7: =IF((B7-F7)=0,0,C7/(B7-F7))
A8: Malware Detection/Response | B8: =SUM(C8:F8) | C8: =COUNTIF('Detection Metrics'!H6:H105,"✅ Remediated") | D8: 0 | E8: =COUNTA('Detection Metrics'!B6:B105)-COUNTIF('Detection Metrics'!H6:H105,"✅ Remediated") | F8: 0 | G8: =IF((B8-F8)=0,0,C8/(B8-F8))
A9: Capability Requirements | B9: =SUM(C9:F9) | C9: =COUNTIF('Capability Requirements'!F6:F30,"✅ Compliant") | D9: 0 | E9: =COUNTIF('Capability Requirements'!F6:F30,"❌ Gap") | F9: =COUNTIF('Capability Requirements'!F6:F30,"N/A") | G9: =IF((B9-F9)=0,0,C9/(B9-F9))
A10: TOTAL | B10: =SUM(B5:B9) | C10: =SUM(C5:C9) | D10: =SUM(D5:D9) | E10: =SUM(E5:E9) | F10: =SUM(F5:F9) | G10: =IF((B10-F10)=0,0,C10/(B10-F10))
A12: TABLE 2 — Key Performance Indicators
A13: KPI | B13: Current Value | C13: Target | D13: Status | E13: Last Updated | F13: Owner | G13: Notes
A14: AV/EDR Coverage Rate | B14: =IF(COUNTA('Coverage Analysis'!B6:B55)=0,0,COUNTIF('Coverage Analysis'!L6:L55,"✅ Protected")/COUNTA('Coverage Analysis'!B6:B55)) | C14: ≥98%
A15: Agent Groups: Not Deployed | B15: =COUNTIF('Agent Status'!E6:E55,"❌ Not Deployed") | C15: 0
A16: Full Scan Compliance Rate | B16: =IF(COUNTA('Scan Compliance'!B6:B55)=0,0,COUNTIF('Scan Compliance'!F6:F55,"Yes")/COUNTA('Scan Compliance'!B6:B55)) | C16: ≥95%
A17: Quick Scan Compliance Rate | B17: =IF(COUNTA('Scan Compliance'!B6:B55)=0,0,COUNTIF('Scan Compliance'!J6:J55,"Yes")/COUNTA('Scan Compliance'!B6:B55)) | C17: ≥90%
A18: Total Malware Detections | B18: =COUNTA('Detection Metrics'!B6:B105) | C18: —
A19: Malware Remediation Rate | B19: =IF(COUNTA('Detection Metrics'!B6:B105)=0,0,COUNTIF('Detection Metrics'!H6:H105,"✅ Remediated")/COUNTA('Detection Metrics'!B6:B105)) | C19: ≥95%
A20: Policy Req Compliance | B20: =IF(COUNTA('Capability Requirements'!C6:C30)=0,0,COUNTIF('Capability Requirements'!F6:F30,"✅ Compliant")/COUNTA('Capability Requirements'!C6:C30)) | C20: 100%
A21: Open Gaps | B21: =COUNTIF('Gap Analysis'!K6:K55,"Open")+COUNTIF('Gap Analysis'!K6:K55,"In Progress") | C21: 0
A22: Critical/High Gaps | B22: =COUNTIF('Gap Analysis'!E6:E55,"Critical")+COUNTIF('Gap Analysis'!E6:E55,"High") | C22: 0
A26: TABLE 3 — Critical / High Priority Findings
A27: Finding ID | B27: Description | C27: Affected Area | D27: Severity | E27: Status | F27: Owner | G27: Due Date
A28: =IFERROR(INDEX('Gap Analysis'!A$6:A$55,SMALL(IF(('Gap Analysis'!E$6:E$55="Critical")+('Gap Analysis'!E$6:E$55="High"),ROW('Gap Analysis'!A$6:A$55)-ROW('Gap Analysis'!A$6)+1),ROWS($A$1:A1))),"") | B28: =IFERROR(INDEX('Gap Analysis'!B$6:B$55,SMALL(IF(('Gap Analysis'!E$6:E$55="Critical")+('Gap Analysis'!E$6:E$55="High"),ROW('Gap Analysis'!A$6:A$55)-ROW('Gap Analysis'!A$6)+1),ROWS($A$1:A1))),"") | C28: =IFERROR(INDEX('Gap Analysis'!D$6:D$55,SMALL(IF(('Gap Analysis'!E$6:E$55="Critical")+('Gap Analysis'!E$6:E$55="High"),ROW('Gap Analysis'!A$6:A$55)-ROW('Gap Analysis'!A$6)+1),ROWS($A$1:A1))),"") | D28: =IFERROR(INDEX('Gap Analysis'!E$6:E$55,SMALL(IF(('Gap Analysis'!E$6:E$55="Critical")+('Gap Analysis'!E$6:E$55="High"),ROW('Gap Analysis'!A$6:A$55)-ROW('Gap Analysis'!A$6)+1),ROWS($A$1:A1))),"") | E28: =IFERROR(INDEX('Gap Analysis'!K$6:K$55,SMALL(IF(('Gap Analysis'!E$6:E$55="Critical")+('Gap Analysis'!E$6:E$55="High"),ROW('Gap Analysis'!A$6:A$55)-ROW('Gap Analysis'!A$6)+1),ROWS($A$1:A1))),"") | F28: =IFERROR(INDEX('Gap Analysis'!I$6:I$55,SMALL(IF(('Gap Analysis'!E$6:E$55="Critical")+('Gap Analysis'!E$6:E$55="High"),ROW('Gap Analysis'!A$6:A$55)-ROW('Gap Analysis'!A$6)+1),ROWS($A$1:A1))),"") | G28: =IFERROR(INDEX('Gap Analysis'!J$6:J$55,SMALL(IF(('Gap Analysis'!E$6:E$55="Critical")+('Gap Analysis'!E$6:E$55="High"),ROW('Gap Analysis'!A$6:A$55)-ROW('Gap Analysis'!A$6)+1),ROWS($A$1:A1))),"")
A29: =IFERROR(INDEX('Gap Analysis'!A$6:A$55,SMALL(IF(('Gap Analysis'!E$6:E$55="Critical")+('Gap Analysis'!E$6:E$55="High"),ROW('Gap Analysis'!A$6:A$55)-ROW('Gap Analysis'!A$6)+1),ROWS($A$1:A2))),"") | B29: =IFERROR(INDEX('Gap Analysis'!B$6:B$55,SMALL(IF(('Gap Analysis'!E$6:E$55="Critical")+('Gap Analysis'!E$6:E$55="High"),ROW('Gap Analysis'!A$6:A$55)-ROW('Gap Analysis'!A$6)+1),ROWS($A$1:A2))),"") | C29: =IFERROR(INDEX('Gap Analysis'!D$6:D$55,SMALL(IF(('Gap Analysis'!E$6:E$55="Critical")+('Gap Analysis'!E$6:E$55="High"),ROW('Gap Analysis'!A$6:A$55)-ROW('Gap Analysis'!A$6)+1),ROWS($A$1:A2))),"") | D29: =IFERROR(INDEX('Gap Analysis'!E$6:E$55,SMALL(IF(('Gap Analysis'!E$6:E$55="Critical")+('Gap Analysis'!E$6:E$55="High"),ROW('Gap Analysis'!A$6:A$55)-ROW('Gap Analysis'!A$6)+1),ROWS($A$1:A2))),"") | E29: =IFERROR(INDEX('Gap Analysis'!K$6:K$55,SMALL(IF(('Gap Analysis'!E$6:E$55="Critical")+('Gap Analysis'!E$6:E$55="High"),ROW('Gap Analysis'!A$6:A$55)-ROW('Gap Analysis'!A$6)+1),ROWS($A$1:A2))),"") | F29: =IFERROR(INDEX('Gap Analysis'!I$6:I$55,SMALL(IF(('Gap Analysis'!E$6:E$55="Critical")+('Gap Analysis'!E$6:E$55="High"),ROW('Gap Analysis'!A$6:A$55)-ROW('Gap Analysis'!A$6)+1),ROWS($A$1:A2))),"") | G29: =IFERROR(INDEX('Gap Analysis'!J$6:J$55,SMALL(IF(('Gap Analysis'!E$6:E$55="Critical")+('Gap Analysis'!E$6:E$55="High"),ROW('Gap Analysis'!A$6:A$55)-ROW('Gap Analysis'!A$6)+1),ROWS($A$1:A2))),"")
A30: =IFERROR(INDEX('Gap Analysis'!A$6:A$55,SMALL(IF(('Gap Analysis'!E$6:E$55="Critical")+('Gap Analysis'!E$6:E$55="High"),ROW('Gap Analysis'!A$6:A$55)-ROW('Gap Analysis'!A$6)+1),ROWS($A$1:A3))),"") | B30: =IFERROR(INDEX('Gap Analysis'!B$6:B$55,SMALL(IF(('Gap Analysis'!E$6:E$55="Critical")+('Gap Analysis'!E$6:E$55="High"),ROW('Gap Analysis'!A$6:A$55)-ROW('Gap Analysis'!A$6)+1),ROWS($A$1:A3))),"") | C30: =IFERROR(INDEX('Gap Analysis'!D$6:D$55,SMALL(IF(('Gap Analysis'!E$6:E$55="Critical")+('Gap Analysis'!E$6:E$55="High"),ROW('Gap Analysis'!A$6:A$55)-ROW('Gap Analysis'!A$6)+1),ROWS($A$1:A3))),"") | D30: =IFERROR(INDEX('Gap Analysis'!E$6:E$55,SMALL(IF(('Gap Analysis'!E$6:E$55="Critical")+('Gap Analysis'!E$6:E$55="High"),ROW('Gap Analysis'!A$6:A$55)-ROW('Gap Analysis'!A$6)+1),ROWS($A$1:A3))),"") | E30: =IFERROR(INDEX('Gap Analysis'!K$6:K$55,SMALL(IF(('Gap Analysis'!E$6:E$55="Critical")+('Gap Analysis'!E$6:E$55="High"),ROW('Gap Analysis'!A$6:A$55)-ROW('Gap Analysis'!A$6)+1),ROWS($A$1:A3))),"") | F30: =IFERROR(INDEX('Gap Analysis'!I$6:I$55,SMALL(IF(('Gap Analysis'!E$6:E$55="Critical")+('Gap Analysis'!E$6:E$55="High"),ROW('Gap Analysis'!A$6:A$55)-ROW('Gap Analysis'!A$6)+1),ROWS($A$1:A3))),"") | G30: =IFERROR(INDEX('Gap Analysis'!J$6:J$55,SMALL(IF(('Gap Analysis'!E$6:E$55="Critical")+('Gap Analysis'!E$6:E$55="High"),ROW('Gap Analysis'!A$6:A$55)-ROW('Gap Analysis'!A$6)+1),ROWS($A$1:A3))),"")
A31: =IFERROR(INDEX('Gap Analysis'!A$6:A$55,SMALL(IF(('Gap Analysis'!E$6:E$55="Critical")+('Gap Analysis'!E$6:E$55="High"),ROW('Gap Analysis'!A$6:A$55)-ROW('Gap Analysis'!A$6)+1),ROWS($A$1:A4))),"") | B31: =IFERROR(INDEX('Gap Analysis'!B$6:B$55,SMALL(IF(('Gap Analysis'!E$6:E$55="Critical")+('Gap Analysis'!E$6:E$55="High"),ROW('Gap Analysis'!A$6:A$55)-ROW('Gap Analysis'!A$6)+1),ROWS($A$1:A4))),"") | C31: =IFERROR(INDEX('Gap Analysis'!D$6:D$55,SMALL(IF(('Gap Analysis'!E$6:E$55="Critical")+('Gap Analysis'!E$6:E$55="High"),ROW('Gap Analysis'!A$6:A$55)-ROW('Gap Analysis'!A$6)+1),ROWS($A$1:A4))),"") | D31: =IFERROR(INDEX('Gap Analysis'!E$6:E$55,SMALL(IF(('Gap Analysis'!E$6:E$55="Critical")+('Gap Analysis'!E$6:E$55="High"),ROW('Gap Analysis'!A$6:A$55)-ROW('Gap Analysis'!A$6)+1),ROWS($A$1:A4))),"") | E31: =IFERROR(INDEX('Gap Analysis'!K$6:K$55,SMALL(IF(('Gap Analysis'!E$6:E$55="Critical")+('Gap Analysis'!E$6:E$55="High"),ROW('Gap Analysis'!A$6:A$55)-ROW('Gap Analysis'!A$6)+1),ROWS($A$1:A4))),"") | F31: =IFERROR(INDEX('Gap Analysis'!I$6:I$55,SMALL(IF(('Gap Analysis'!E$6:E$55="Critical")+('Gap Analysis'!E$6:E$55="High"),ROW('Gap Analysis'!A$6:A$55)-ROW('Gap Analysis'!A$6)+1),ROWS($A$1:A4))),"") | G31: =IFERROR(INDEX('Gap Analysis'!J$6:J$55,SMALL(IF(('Gap Analysis'!E$6:E$55="Critical")+('Gap Analysis'!E$6:E$55="High"),ROW('Gap Analysis'!A$6:A$55)-ROW('Gap Analysis'!A$6)+1),ROWS($A$1:A4))),"")
A32: =IFERROR(INDEX('Gap Analysis'!A$6:A$55,SMALL(IF(('Gap Analysis'!E$6:E$55="Critical")+('Gap Analysis'!E$6:E$55="High"),ROW('Gap Analysis'!A$6:A$55)-ROW('Gap Analysis'!A$6)+1),ROWS($A$1:A5))),"") | B32: =IFERROR(INDEX('Gap Analysis'!B$6:B$55,SMALL(IF(('Gap Analysis'!E$6:E$55="Critical")+('Gap Analysis'!E$6:E$55="High"),ROW('Gap Analysis'!A$6:A$55)-ROW('Gap Analysis'!A$6)+1),ROWS($A$1:A5))),"") | C32: =IFERROR(INDEX('Gap Analysis'!D$6:D$55,SMALL(IF(('Gap Analysis'!E$6:E$55="Critical")+('Gap Analysis'!E$6:E$55="High"),ROW('Gap Analysis'!A$6:A$55)-ROW('Gap Analysis'!A$6)+1),ROWS($A$1:A5))),"") | D32: =IFERROR(INDEX('Gap Analysis'!E$6:E$55,SMALL(IF(('Gap Analysis'!E$6:E$55="Critical")+('Gap Analysis'!E$6:E$55="High"),ROW('Gap Analysis'!A$6:A$55)-ROW('Gap Analysis'!A$6)+1),ROWS($A$1:A5))),"") | E32: =IFERROR(INDEX('Gap Analysis'!K$6:K$55,SMALL(IF(('Gap Analysis'!E$6:E$55="Critical")+('Gap Analysis'!E$6:E$55="High"),ROW('Gap Analysis'!A$6:A$55)-ROW('Gap Analysis'!A$6)+1),ROWS($A$1:A5))),"") | F32: =IFERROR(INDEX('Gap Analysis'!I$6:I$55,SMALL(IF(('Gap Analysis'!E$6:E$55="Critical")+('Gap Analysis'!E$6:E$55="High"),ROW('Gap Analysis'!A$6:A$55)-ROW('Gap Analysis'!A$6)+1),ROWS($A$1:A5))),"") | G32: =IFERROR(INDEX('Gap Analysis'!J$6:J$55,SMALL(IF(('Gap Analysis'!E$6:E$55="Critical")+('Gap Analysis'!E$6:E$55="High"),ROW('Gap Analysis'!A$6:A$55)-ROW('Gap Analysis'!A$6)+1),ROWS($A$1:A5))),"")
A33: =IFERROR(INDEX('Gap Analysis'!A$6:A$55,SMALL(IF(('Gap Analysis'!E$6:E$55="Critical")+('Gap Analysis'!E$6:E$55="High"),ROW('Gap Analysis'!A$6:A$55)-ROW('Gap Analysis'!A$6)+1),ROWS($A$1:A6))),"") | B33: =IFERROR(INDEX('Gap Analysis'!B$6:B$55,SMALL(IF(('Gap Analysis'!E$6:E$55="Critical")+('Gap Analysis'!E$6:E$55="High"),ROW('Gap Analysis'!A$6:A$55)-ROW('Gap Analysis'!A$6)+1),ROWS($A$1:A6))),"") | C33: =IFERROR(INDEX('Gap Analysis'!D$6:D$55,SMALL(IF(('Gap Analysis'!E$6:E$55="Critical")+('Gap Analysis'!E$6:E$55="High"),ROW('Gap Analysis'!A$6:A$55)-ROW('Gap Analysis'!A$6)+1),ROWS($A$1:A6))),"") | D33: =IFERROR(INDEX('Gap Analysis'!E$6:E$55,SMALL(IF(('Gap Analysis'!E$6:E$55="Critical")+('Gap Analysis'!E$6:E$55="High"),ROW('Gap Analysis'!A$6:A$55)-ROW('Gap Analysis'!A$6)+1),ROWS($A$1:A6))),"") | E33: =IFERROR(INDEX('Gap Analysis'!K$6:K$55,SMALL(IF(('Gap Analysis'!E$6:E$55="Critical")+('Gap Analysis'!E$6:E$55="High"),ROW('Gap Analysis'!A$6:A$55)-ROW('Gap Analysis'!A$6)+1),ROWS($A$1:A6))),"") | F33: =IFERROR(INDEX('Gap Analysis'!I$6:I$55,SMALL(IF(('Gap Analysis'!E$6:E$55="Critical")+('Gap Analysis'!E$6:E$55="High"),ROW('Gap Analysis'!A$6:A$55)-ROW('Gap Analysis'!A$6)+1),ROWS($A$1:A6))),"") | G33: =IFERROR(INDEX('Gap Analysis'!J$6:J$55,SMALL(IF(('Gap Analysis'!E$6:E$55="Critical")+('Gap Analysis'!E$6:E$55="High"),ROW('Gap Analysis'!A$6:A$55)-ROW('Gap Analysis'!A$6)+1),ROWS($A$1:A6))),"")
A34: =IFERROR(INDEX('Gap Analysis'!A$6:A$55,SMALL(IF(('Gap Analysis'!E$6:E$55="Critical")+('Gap Analysis'!E$6:E$55="High"),ROW('Gap Analysis'!A$6:A$55)-ROW('Gap Analysis'!A$6)+1),ROWS($A$1:A7))),"") | B34: =IFERROR(INDEX('Gap Analysis'!B$6:B$55,SMALL(IF(('Gap Analysis'!E$6:E$55="Critical")+('Gap Analysis'!E$6:E$55="High"),ROW('Gap Analysis'!A$6:A$55)-ROW('Gap Analysis'!A$6)+1),ROWS($A$1:A7))),"") | C34: =IFERROR(INDEX('Gap Analysis'!D$6:D$55,SMALL(IF(('Gap Analysis'!E$6:E$55="Critical")+('Gap Analysis'!E$6:E$55="High"),ROW('Gap Analysis'!A$6:A$55)-ROW('Gap Analysis'!A$6)+1),ROWS($A$1:A7))),"") | D34: =IFERROR(INDEX('Gap Analysis'!E$6:E$55,SMALL(IF(('Gap Analysis'!E$6:E$55="Critical")+('Gap Analysis'!E$6:E$55="High"),ROW('Gap Analysis'!A$6:A$55)-ROW('Gap Analysis'!A$6)+1),ROWS($A$1:A7))),"") | E34: =IFERROR(INDEX('Gap Analysis'!K$6:K$55,SMALL(IF(('Gap Analysis'!E$6:E$55="Critical")+('Gap Analysis'!E$6:E$55="High"),ROW('Gap Analysis'!A$6:A$55)-ROW('Gap Analysis'!A$6)+1),ROWS($A$1:A7))),"") | F34: =IFERROR(INDEX('Gap Analysis'!I$6:I$55,SMALL(IF(('Gap Analysis'!E$6:E$55="Critical")+('Gap Analysis'!E$6:E$55="High"),ROW('Gap Analysis'!A$6:A$55)-ROW('Gap Analysis'!A$6)+1),ROWS($A$1:A7))),"") | G34: =IFERROR(INDEX('Gap Analysis'!J$6:J$55,SMALL(IF(('Gap Analysis'!E$6:E$55="Critical")+('Gap Analysis'!E$6:E$55="High"),ROW('Gap Analysis'!A$6:A$55)-ROW('Gap Analysis'!A$6)+1),ROWS($A$1:A7))),"")
A35: =IFERROR(INDEX('Gap Analysis'!A$6:A$55,SMALL(IF(('Gap Analysis'!E$6:E$55="Critical")+('Gap Analysis'!E$6:E$55="High"),ROW('Gap Analysis'!A$6:A$55)-ROW('Gap Analysis'!A$6)+1),ROWS($A$1:A8))),"") | B35: =IFERROR(INDEX('Gap Analysis'!B$6:B$55,SMALL(IF(('Gap Analysis'!E$6:E$55="Critical")+('Gap Analysis'!E$6:E$55="High"),ROW('Gap Analysis'!A$6:A$55)-ROW('Gap Analysis'!A$6)+1),ROWS($A$1:A8))),"") | C35: =IFERROR(INDEX('Gap Analysis'!D$6:D$55,SMALL(IF(('Gap Analysis'!E$6:E$55="Critical")+('Gap Analysis'!E$6:E$55="High"),ROW('Gap Analysis'!A$6:A$55)-ROW('Gap Analysis'!A$6)+1),ROWS($A$1:A8))),"") | D35: =IFERROR(INDEX('Gap Analysis'!E$6:E$55,SMALL(IF(('Gap Analysis'!E$6:E$55="Critical")+('Gap Analysis'!E$6:E$55="High"),ROW('Gap Analysis'!A$6:A$55)-ROW('Gap Analysis'!A$6)+1),ROWS($A$1:A8))),"") | E35: =IFERROR(INDEX('Gap Analysis'!K$6:K$55,SMALL(IF(('Gap Analysis'!E$6:E$55="Critical")+('Gap Analysis'!E$6:E$55="High"),ROW('Gap Analysis'!A$6:A$55)-ROW('Gap Analysis'!A$6)+1),ROWS($A$1:A8))),"") | F35: =IFERROR(INDEX('Gap Analysis'!I$6:I$55,SMALL(IF(('Gap Analysis'!E$6:E$55="Critical")+('Gap Analysis'!E$6:E$55="High"),ROW('Gap Analysis'!A$6:A$55)-ROW('Gap Analysis'!A$6)+1),ROWS($A$1:A8))),"") | G35: =IFERROR(INDEX('Gap Analysis'!J$6:J$55,SMALL(IF(('Gap Analysis'!E$6:E$55="Critical")+('Gap Analysis'!E$6:E$55="High"),ROW('Gap Analysis'!A$6:A$55)-ROW('Gap Analysis'!A$6)+1),ROWS($A$1:A8))),"")
A36: =IFERROR(INDEX('Gap Analysis'!A$6:A$55,SMALL(IF(('Gap Analysis'!E$6:E$55="Critical")+('Gap Analysis'!E$6:E$55="High"),ROW('Gap Analysis'!A$6:A$55)-ROW('Gap Analysis'!A$6)+1),ROWS($A$1:A9))),"") | B36: =IFERROR(INDEX('Gap Analysis'!B$6:B$55,SMALL(IF(('Gap Analysis'!E$6:E$55="Critical")+('Gap Analysis'!E$6:E$55="High"),ROW('Gap Analysis'!A$6:A$55)-ROW('Gap Analysis'!A$6)+1),ROWS($A$1:A9))),"") | C36: =IFERROR(INDEX('Gap Analysis'!D$6:D$55,SMALL(IF(('Gap Analysis'!E$6:E$55="Critical")+('Gap Analysis'!E$6:E$55="High"),ROW('Gap Analysis'!A$6:A$55)-ROW('Gap Analysis'!A$6)+1),ROWS($A$1:A9))),"") | D36: =IFERROR(INDEX('Gap Analysis'!E$6:E$55,SMALL(IF(('Gap Analysis'!E$6:E$55="Critical")+('Gap Analysis'!E$6:E$55="High"),ROW('Gap Analysis'!A$6:A$55)-ROW('Gap Analysis'!A$6)+1),ROWS($A$1:A9))),"") | E36: =IFERROR(INDEX('Gap Analysis'!K$6:K$55,SMALL(IF(('Gap Analysis'!E$6:E$55="Critical")+('Gap Analysis'!E$6:E$55="High"),ROW('Gap Analysis'!A$6:A$55)-ROW('Gap Analysis'!A$6)+1),ROWS($A$1:A9))),"") | F36: =IFERROR(INDEX('Gap Analysis'!I$6:I$55,SMALL(IF(('Gap Analysis'!E$6:E$55="Critical")+('Gap Analysis'!E$6:E$55="High"),ROW('Gap Analysis'!A$6:A$55)-ROW('Gap Analysis'!A$6)+1),ROWS($A$1:A9))),"") | G36: =IFERROR(INDEX('Gap Analysis'!J$6:J$55,SMALL(IF(('Gap Analysis'!E$6:E$55="Critical")+('Gap Analysis'!E$6:E$55="High"),ROW('Gap Analysis'!A$6:A$55)-ROW('Gap Analysis'!A$6)+1),ROWS($A$1:A9))),"")
A37: =IFERROR(INDEX('Gap Analysis'!A$6:A$55,SMALL(IF(('Gap Analysis'!E$6:E$55="Critical")+('Gap Analysis'!E$6:E$55="High"),ROW('Gap Analysis'!A$6:A$55)-ROW('Gap Analysis'!A$6)+1),ROWS($A$1:A10))),"") | B37: =IFERROR(INDEX('Gap Analysis'!B$6:B$55,SMALL(IF(('Gap Analysis'!E$6:E$55="Critical")+('Gap Analysis'!E$6:E$55="High"),ROW('Gap Analysis'!A$6:A$55)-ROW('Gap Analysis'!A$6)+1),ROWS($A$1:A10))),"") | C37: =IFERROR(INDEX('Gap Analysis'!D$6:D$55,SMALL(IF(('Gap Analysis'!E$6:E$55="Critical")+('Gap Analysis'!E$6:E$55="High"),ROW('Gap Analysis'!A$6:A$55)-ROW('Gap Analysis'!A$6)+1),ROWS($A$1:A10))),"") | D37: =IFERROR(INDEX('Gap Analysis'!E$6:E$55,SMALL(IF(('Gap Analysis'!E$6:E$55="Critical")+('Gap Analysis'!E$6:E$55="High"),ROW('Gap Analysis'!A$6:A$55)-ROW('Gap Analysis'!A$6)+1),ROWS($A$1:A10))),"") | E37: =IFERROR(INDEX('Gap Analysis'!K$6:K$55,SMALL(IF(('Gap Analysis'!E$6:E$55="Critical")+('Gap Analysis'!E$6:E$55="High"),ROW('Gap Analysis'!A$6:A$55)-ROW('Gap Analysis'!A$6)+1),ROWS($A$1:A10))),"") | F37: =IFERROR(INDEX('Gap Analysis'!I$6:I$55,SMALL(IF(('Gap Analysis'!E$6:E$55="Critical")+('Gap Analysis'!E$6:E$55="High"),ROW('Gap Analysis'!A$6:A$55)-ROW('Gap Analysis'!A$6)+1),ROWS($A$1:A10))),"") | G37: =IFERROR(INDEX('Gap Analysis'!J$6:J$55,SMALL(IF(('Gap Analysis'!E$6:E$55="Critical")+('Gap Analysis'!E$6:E$55="High"),ROW('Gap Analysis'!A$6:A$55)-ROW('Gap Analysis'!A$6)+1),ROWS($A$1:A10))),"")
A40: Total Critical/High Findings: | B40: =COUNTIF('Gap Analysis'!E6:E55,"Critical")+COUNTIF('Gap Analysis'!E6:E55,"High")

Sheet Approval Sign-Off
A1: ASSESSMENT APPROVAL AND SIGN-OFF
A2: ISO/IEC 27001:2022 - Control A.8.1-7-18-19: Endpoint and Device Security
A3: ASSESSMENT SUMMARY
A4: Document: | B4: ISMS-IMP-A.8.1-7-18-19.2 - Protection Coverage
A5: Assessment Period:
A6: Overall Compliance Rating: | B6: ='Summary Dashboard'!G10
A7: Assessment Status:
A8: Assessed By:
A11: COMPLETED BY (ASSESSOR)
A12: Name:
A13: Title:
A14: Date:
A15: Signature:
A16: Comments:
A18: REVIEWED BY (INFORMATION SECURITY OFFICER)
A19: Name:
A20: Title:
A21: Date:
... A38: Special Considerations:
