Workbook

Sheet Instructions & Legend
A1: ISMS-IMP-A.8.1-7-18-19.3 - Software Controls ISO/IEC 27001:2022 - Control A.8.1-7-18-19: Endpoint and Device Security
A3: Document Information
A4: Document ID | B4: ISMS-IMP-A.8.1-7-18-19.3
A5: Workbook Title | B5: Software Controls
A6: Control Reference | B6: ISO/IEC 27001:2022 - Control A.8.1-7-18-19: Endpoint and Device Security
A7: Version | B7: 1.0
A8: Assessment Date
A9: Completed By
A10: Organisation
A12: Instructions
A13: 1. Complete Approved Software — maintain the list of approved applications and their versions.
A14: 2. Complete Software Inventory — document all software installed across managed endpoints.
A15: 3. Complete Unauthorised Software — identify and action software not on the approved list.
A16: 4. Complete Application Control — assess whitelisting/allowlisting technology deployment.
A17: 5. Complete Change Control — verify software changes follow the approved change management process.
A18: 6. Complete Vulnerability Management — assess patching status for all installed software.
A19: 7. Complete Licensing Compliance — verify all software is properly licenced.
A20: 8. Complete Capability Requirements — map policy requirements to implemented controls.
... A24: Status Legend
A25: Symbol | B25: Status | C25: Description
A26: ✓ | B26: Compliant / Complete | C26: Requirement fully met
A27: ⚠ | B27: Partial / In Progress | C27: Partially met or in progress
A28: ✗ | B28: Non-Compliant / Not Started | C28: Requirement not met
A29: — | B29: Not Applicable | C29: Not applicable to this assessment

Sheet Approved Software
A1: APPROVED SOFTWARE CATALOG
A2: Master list of approved software applications (annual review required)
A4: Software ID | B4: Software Name | C4: Vendor | D4: Version | E4: Category | F4: Type | G4: Business Justification | H4: Approval Date | I4: Approved By | J4: Review Date | K4: Risk Level | L4: Deployment Method | M4: Notes
A5: SW-0001 | B5: Microsoft Office 365 | C5: Microsoft | D5: 2024 | E5: Business Application | F5: Desktop Application | G5: Required for productivity | H5: 01.01.2024 | I5: IT Manager | J5: 01.01.2025 | K5: Medium | L5: SCCM/Intune | M5: Licensed per user
A6: SW-0001
A7: SW-0002
A8: SW-0003
A9: SW-0004
A10: SW-0005
A11: SW-0006
A12: SW-0007
A13: SW-0008
A14: SW-0009
A15: SW-0010
A16: SW-0011
A17: SW-0012
... A207: [CHART] APPROVED SOFTWARE SUMMARY
A208: Total Approved Software: | B208: =COUNTA(B6:B205)
A209: Last List Review Date:
A211: By Category:
A212: [BIZ] Business Application: | B212: =COUNTIF(E6:E205,"[BIZ] Business Application")
A213: [TOOL] Development Tool: | B213: =COUNTIF(E6:E205,"[TOOL] Development Tool")
A214: ⚿ Security Software: | B214: =COUNTIF(E6:E205,"⚿ Security Software")
A215: [CHART] Analytics/BI: | B215: =COUNTIF(E6:E205,"[CHART] Analytics/BI")
A216: [CHAT] Communication: | B216: =COUNTIF(E6:E205,"[CHAT] Communication")
A217: [CLOUD] Cloud Service: | B217: =COUNTIF(E6:E205,"[CLOUD] Cloud Service")

Sheet Software Inventory
A1: INSTALLED SOFTWARE INVENTORY
A2: Software installed per device group (from SCCM/Intune/Jamf export — one row per group/software combination)
A4: Group ID | B4: Device Group Name | C4: Software Name | D4: Version | E4: Vendor | F4: Installation Date | G4: Installation Method | H4: Approved | I4: Approval Reference | J4: Notes
A5: GRP-001 | B5: SG-Windows-Endpoints | C5: Microsoft Office 365 | D5: 2024 | E5: Microsoft | F5: 01.01.2026 | G5: SCCM/Intune | H5: Yes | I5: REF-SW-0001 | J5: Standard deployment
A57: [CHART] SOFTWARE INVENTORY SUMMARY
A58: Total Software Entries: | B58: =COUNTA(C6:C55)
A59: Unique Software Titles: | B59: =SUMPRODUCT((C6:C55<>"")/COUNTIF(C6:C55,C6:C55&""))
A60: Unique Groups: | B60: =SUMPRODUCT((B6:B55<>"")/COUNTIF(B6:B55,B6:B55&""))

Sheet Unauthorised Software
A1: UNAUTHORIZED SOFTWARE DETECTION & REMEDIATION
A2: Software NOT in approved list - detection, risk assessment, remediation tracking
A4: Detection ID | B4: Detection Date | C4: Device ID | D4: Hostname | E4: Software Name | F4: Vendor | G4: Risk Assessment | H4: Remediation Action | I4: Remediation Date | J4: Remediation Status | K4: Notes
A5: UNAUTH-0001 | B5: 21.02.2026 | C5: EP-1002 | D5: LAPTOP-USER-02 | E5: VLC Media Player | F5: VideoLAN | G5: Low | H5: Approved Retroactively | I5: 21.02.2026 | J5: Approved Retroactively | K5: Approved after review
A6: UNAUTH-0001
A7: UNAUTH-0002
A8: UNAUTH-0003
A9: UNAUTH-0004
A10: UNAUTH-0005
A11: UNAUTH-0006
A12: UNAUTH-0007
A13: UNAUTH-0008
A14: UNAUTH-0009
A15: UNAUTH-0010
A16: UNAUTH-0011
A17: UNAUTH-0012
... A107: [CHART] UNAUTHORIZED SOFTWARE SUMMARY
A108: Total Unauthorised Detections: | B108: =COUNTA(B6:B105)
A109: ✅ Remediated: | B109: =COUNTIF(J6:J105,"Removed")+COUNTIF(J6:J105,"Approved Retroactively")
A110: Remediation Rate: | B110: =IF(B108>0,B109/B108*100,0)&"%"
A112: By Risk Level:
A113: Critical: | B113: =COUNTIF(G6:G105,"Critical")
A114: High: | B114: =COUNTIF(G6:G105,"High")

Sheet Application Control
A1: APPLICATION CONTROL DEPLOYMENT
A2: AppLocker, WDAC, application whitelisting deployment and enforcement status
A4: Device ID | B4: Hostname | C4: Device Type | D4: Control Technology | E4: Policy Name | F4: Enforcement Mode | G4: Last Policy Update | H4: Blocked Executions (30d) | I4: Status | J4: Notes
A5: EP-1001 | B5: LAPTOP-GREG-01 | C5: Laptop | D5: AppLocker | E5: Default Allow Policy | F5: ✅ Enforce | G5: 21.02.2026 | H5: 0 | I5: ✅ Enforced | J5: Example endpoint
A6: EP-1001
A7: EP-1002
A8: EP-1003
A9: EP-1004
A10: EP-1005
A11: EP-1006
A12: EP-1007
A13: EP-1008
A14: EP-1009
A15: EP-1010
A16: EP-1011
A17: EP-1012
... A57: [CHART] APPLICATION CONTROL SUMMARY
A58: Total Endpoints Assessed: | B58: =COUNTA(B6:B55)
A59: ✅ Enforced: | B59: =COUNTIF(I6:I55,"✅ Enforced")
A60: Deployment Rate: | B60: =IF(B58>0,B59/B58*100,0)&"%"

Sheet Change Control
A1: SOFTWARE INSTALLATION CHANGE CONTROL
A2: Change control integration for software installations - 100% compliance required
A4: Change ID | B4: Change Date | C4: Software Name | D4: Version | E4: Affected Devices | F4: Change Type | G4: Testing Completed | H4: Rollback Plan | I4: Implementer | J4: Approval Reference | K4: Change Status | L4: Notes
A5: CHG-00001 | B5: 21.02.2026 | C5: Microsoft Office 365 | D5: 2024 | E5: 50 endpoints | F5: New Installation | G5: Yes | H5: Yes | I5: IT Manager | J5: CHG-REF-001 | K5: ✅ Approved | L5: Deployed via SCCM
A6: CHG-00001
A7: CHG-00002
A8: CHG-00003
A9: CHG-00004
A10: CHG-00005
A11: CHG-00006
A12: CHG-00007
A13: CHG-00008
A14: CHG-00009
A15: CHG-00010
A16: CHG-00011
A17: CHG-00012
... A107: [CHART] CHANGE CONTROL SUMMARY
A108: Total Changes: | B108: =COUNTA(B6:B105)
A109: ✅ Implemented: | B109: =COUNTIF(K6:K105,"✅ Implemented")
A110: Changes with Testing: | B110: =COUNTIF(G6:G105,"Yes")
A111: Testing Compliance: | B111: =IF(B108>0,B110/B108*100,0)&"%"

Sheet Vulnerability Management
A1: SOFTWARE VULNERABILITY & PATCH MANAGEMENT
A2: Software vulnerabilities, patch status, SLA compliance tracking
A4: Vulnerability ID | B4: Software Name | C4: Version Affected | D4: CVE ID | E4: Severity | F4: Discovery Date | G4: Patch Available | H4: Patch Status | I4: Patch Date | J4: SLA Compliance | K4: Notes
A5: VULN-0001 | B5: Microsoft Office 365 | C5: 2023 | D5: CVE-2024-1234 | E5: High | F5: 15.02.2026 | G5: Yes | H5: ✅ Patched | I5: 21.02.2026 | J5: ✅ Met | K5: Within SLA
A6: VULN-0001 | J6: =IF(E6="Critical",IF(I6-F6<=7,"✅ Met","❌ Missed"),IF(E6="High",IF(I6-F6<=30,"✅ Met","❌ Missed"),"N/A"))
A7: VULN-0002 | J7: =IF(E7="Critical",IF(I7-F7<=7,"✅ Met","❌ Missed"),IF(E7="High",IF(I7-F7<=30,"✅ Met","❌ Missed"),"N/A"))
A8: VULN-0003 | J8: =IF(E8="Critical",IF(I8-F8<=7,"✅ Met","❌ Missed"),IF(E8="High",IF(I8-F8<=30,"✅ Met","❌ Missed"),"N/A"))
A9: VULN-0004 | J9: =IF(E9="Critical",IF(I9-F9<=7,"✅ Met","❌ Missed"),IF(E9="High",IF(I9-F9<=30,"✅ Met","❌ Missed"),"N/A"))
A10: VULN-0005 | J10: =IF(E10="Critical",IF(I10-F10<=7,"✅ Met","❌ Missed"),IF(E10="High",IF(I10-F10<=30,"✅ Met","❌ Missed"),"N/A"))
A11: VULN-0006 | J11: =IF(E11="Critical",IF(I11-F11<=7,"✅ Met","❌ Missed"),IF(E11="High",IF(I11-F11<=30,"✅ Met","❌ Missed"),"N/A"))
A12: VULN-0007 | J12: =IF(E12="Critical",IF(I12-F12<=7,"✅ Met","❌ Missed"),IF(E12="High",IF(I12-F12<=30,"✅ Met","❌ Missed"),"N/A"))
A13: VULN-0008 | J13: =IF(E13="Critical",IF(I13-F13<=7,"✅ Met","❌ Missed"),IF(E13="High",IF(I13-F13<=30,"✅ Met","❌ Missed"),"N/A"))
A14: VULN-0009 | J14: =IF(E14="Critical",IF(I14-F14<=7,"✅ Met","❌ Missed"),IF(E14="High",IF(I14-F14<=30,"✅ Met","❌ Missed"),"N/A"))
A15: VULN-0010 | J15: =IF(E15="Critical",IF(I15-F15<=7,"✅ Met","❌ Missed"),IF(E15="High",IF(I15-F15<=30,"✅ Met","❌ Missed"),"N/A"))
A16: VULN-0011 | J16: =IF(E16="Critical",IF(I16-F16<=7,"✅ Met","❌ Missed"),IF(E16="High",IF(I16-F16<=30,"✅ Met","❌ Missed"),"N/A"))
A17: VULN-0012 | J17: =IF(E17="Critical",IF(I17-F17<=7,"✅ Met","❌ Missed"),IF(E17="High",IF(I17-F17<=30,"✅ Met","❌ Missed"),"N/A"))
... A105: VULN-0100 | J105: =IF(E105="Critical",IF(I105-F105<=7,"✅ Met","❌ Missed"),IF(E105="High",IF(I105-F105<=30,"✅ Met","❌ Missed"),"N/A"))
A107: [CHART] VULNERABILITY SUMMARY
A108: Total Vulnerabilities: | B108: =COUNTA(B6:B105)
A109: Critical: | B109: =COUNTIF(E6:E105,"Critical")
A110: ✅ Patched: | B110: =COUNTIF(H6:H105,"✅ Patched")
A111: SLA Compliance Rate: | B111: =IF(COUNTA(J6:J105)>0,COUNTIF(J6:J105,"✅ Met")/COUNTA(J6:J105)*100,0)&"%"

Sheet Licensing Compliance
A1: SOFTWARE LICENSING COMPLIANCE
A2: License counts vs. deployments, compliance status, cost management
A4: Software Name | B4: Vendor | C4: License Type | D4: Licenses Purchased | E4: Licenses Deployed | F4: Licenses Available | G4: Compliance Status | H4: Annual Cost | I4: License Expiration | J4: Notes
A5: Microsoft Office 365 | B5: Microsoft | C5: Subscription | D5: 100 | E5: 95 | F5: =D5-E5 | G5: =IF(E5<=D5,"✅ Compliant",IF(E5>D5,"⚠ Over-Deployed","Unknown")) | H5: 12500 | I5: 01.01.2027 | J5: Annual renewal
F6: =D6-E6 | G6: =IF(E6<=D6,"✅ Compliant",IF(E6>D6,"⚠ Over-Deployed","Unknown"))
F7: =D7-E7 | G7: =IF(E7<=D7,"✅ Compliant",IF(E7>D7,"⚠ Over-Deployed","Unknown"))
F8: =D8-E8 | G8: =IF(E8<=D8,"✅ Compliant",IF(E8>D8,"⚠ Over-Deployed","Unknown"))
F9: =D9-E9 | G9: =IF(E9<=D9,"✅ Compliant",IF(E9>D9,"⚠ Over-Deployed","Unknown"))
F10: =D10-E10 | G10: =IF(E10<=D10,"✅ Compliant",IF(E10>D10,"⚠ Over-Deployed","Unknown"))
F11: =D11-E11 | G11: =IF(E11<=D11,"✅ Compliant",IF(E11>D11,"⚠ Over-Deployed","Unknown"))
F12: =D12-E12 | G12: =IF(E12<=D12,"✅ Compliant",IF(E12>D12,"⚠ Over-Deployed","Unknown"))
F13: =D13-E13 | G13: =IF(E13<=D13,"✅ Compliant",IF(E13>D13,"⚠ Over-Deployed","Unknown"))
F14: =D14-E14 | G14: =IF(E14<=D14,"✅ Compliant",IF(E14>D14,"⚠ Over-Deployed","Unknown"))
F15: =D15-E15 | G15: =IF(E15<=D15,"✅ Compliant",IF(E15>D15,"⚠ Over-Deployed","Unknown"))
F16: =D16-E16 | G16: =IF(E16<=D16,"✅ Compliant",IF(E16>D16,"⚠ Over-Deployed","Unknown"))
F17: =D17-E17 | G17: =IF(E17<=D17,"✅ Compliant",IF(E17>D17,"⚠ Over-Deployed","Unknown"))
... F105: =D105-E105 | G105: =IF(E105<=D105,"✅ Compliant",IF(E105>D105,"⚠ Over-Deployed","Unknown"))
A107: [CHART] LICENSE COMPLIANCE SUMMARY
A108: Total Software Tracked: | B108: =COUNTA(A6:A105)
A109: ✅ Compliant: | B109: =COUNTIF(G6:G105,"✅ Compliant")
A110: ⚠ Over-Deployed: | B110: =COUNTIF(G6:G105,"⚠ Over-Deployed")
A111: Total Annual Cost: | B111: =SUM(H6:H105)

Sheet Capability Requirements
A1: CAPABILITY REQUIREMENTS MAPPING
A2: A.8.19 Policy Requirements → Implementation (20 requirements)
A4: Req ID | B4: Policy Requirement | C4: Implemented | D4: Evidence Reference | E4: Notes | F4: Status
A5: REQ-A819-000 | B5: Example: Software installation policy documented and approved | C5: Yes | D5: /policy/SW-install-policy.pdf | E5: IT Security | F5: ✅ Compliant
A6: REQ-A819-001 | B6: Approved software list maintained and annually reviewed | F6: =IF(C6="Yes","✅ Compliant",IF(C6="N/A","N/A","❌ Gap"))
A7: REQ-A819-002 | B7: Software approval process documented and enforced | F7: =IF(C7="Yes","✅ Compliant",IF(C7="N/A","N/A","❌ Gap"))
A8: REQ-A819-003 | B8: Software approval includes security review | F8: =IF(C8="Yes","✅ Compliant",IF(C8="N/A","N/A","❌ Gap"))
A9: REQ-A819-004 | B9: Software approval includes business justification | F9: =IF(C9="Yes","✅ Compliant",IF(C9="N/A","N/A","❌ Gap"))
A10: REQ-A819-005 | B10: Unauthorised software detected daily | F10: =IF(C10="Yes","✅ Compliant",IF(C10="N/A","N/A","❌ Gap"))
A11: REQ-A819-006 | B11: Unauthorised software rate <1% | F11: =IF(C11="Yes","✅ Compliant",IF(C11="N/A","N/A","❌ Gap"))
A12: REQ-A819-007 | B12: Unauthorised software remediated within 24 hours (high-risk) | F12: =IF(C12="Yes","✅ Compliant",IF(C12="N/A","N/A","❌ Gap"))
A13: REQ-A819-008 | B13: Application control deployed ≥90% endpoints | F13: =IF(C13="Yes","✅ Compliant",IF(C13="N/A","N/A","❌ Gap"))
A14: REQ-A819-009 | B14: Application control in enforcement mode (not audit) | F14: =IF(C14="Yes","✅ Compliant",IF(C14="N/A","N/A","❌ Gap"))
A15: REQ-A819-010 | B15: 100% software installations via change control | F15: =IF(C15="Yes","✅ Compliant",IF(C15="N/A","N/A","❌ Gap"))
A16: REQ-A819-011 | B16: Change control includes testing | F16: =IF(C16="Yes","✅ Compliant",IF(C16="N/A","N/A","❌ Gap"))
A17: REQ-A819-012 | B17: Change control includes rollback plan | F17: =IF(C17="Yes","✅ Compliant",IF(C17="N/A","N/A","❌ Gap"))
... A25: REQ-A819-020 | B25: Quarterly software control effectiveness assessment | F25: =IF(C25="Yes","✅ Compliant",IF(C25="N/A","N/A","❌ Gap"))

Sheet Gap Analysis
A1: GAP ANALYSIS & REMEDIATION TRACKING
A2: Identified gaps in A.8.19 software installation controls — severity, owner, remediation tracking (50 entries)
A4: Gap ID | B4: Gap Description | C4: Affected Software/Devices | D4: Related Requirement | E4: Severity | F4: Risk | G4: Root Cause | H4: Remediation Plan | I4: Owner | J4: Due Date | K4: Status | L4: Budget | M4: Notes
A5: GAP-001 | B5: Example: Unauthorised software installed on endpoints | C5: 12 workstations (Finance) | D5: REQ-A819-001 | E5: High | F5: High — unauthorised software may contain malware | G5: No software whitelisting enforced | H5: Implement application control / whitelisting | I5: IT Operations | J5: 28.02.2026 | K5: Open | L5: CHF 0 | M5: Example row — do not use for compliance calculations

Sheet Evidence Register
A1: EVIDENCE REGISTER
A2: Comprehensive evidence documentation for software controls assessment (100 evidence entries)
A4: Evidence ID | B4: Evidence Type | C4: Description | D4: Related Requirement | E4: Related Worksheet/Device | F4: File Location | G4: Collection Date | H4: Collected By
A5: EV-001 | B5: Inventory Report | C5: Example: Approved software catalog export | D5: A.8.19 Approved Software | E5: Approved Software sheet row 6 | F5: /evidence/A.8.19/sw-catalog-export.xlsx | G5: 20.02.2026 | H5: IT Security Team
A106: Total Evidence Entries: | B106: =COUNTA(C6:C105)

Sheet Summary Dashboard
A1: SOFTWARE CONTROLS — SUMMARY DASHBOARD
A2: Consolidated compliance metrics for software installation and control assessment
A3: TABLE 1 — Compliance Summary by Assessment Area
A4: Assessment Area | B4: Total Items | C4: Compliant | D4: Partial | E4: Non-Compliant | F4: N/A | G4: Compliance %
A5: Unauthorised SW Detection | B5: =SUM(C5:F5) | C5: =COUNTIF('Unauthorised Software'!J6:J105,"Removed")+COUNTIF('Unauthorised Software'!J6:J105,"Approved Retroactively") | D5: =COUNTIF('Unauthorised Software'!J6:J105,"In Progress") | E5: =COUNTIF('Unauthorised Software'!J6:J105,"Pending")+COUNTIF('Unauthorised Software'!J6:J105,"Unresolved") | F5: 0 | G5: =IF((B5-F5)=0,0,C5/(B5-F5))
A6: Application Control | B6: =SUM(C6:F6) | C6: =COUNTIF('Application Control'!I6:I55,"✅ Enforced") | D6: =COUNTIF('Application Control'!I6:I55,"Audit Mode") | E6: =COUNTIF('Application Control'!I6:I55,"Not Configured") | F6: =COUNTIF('Application Control'!I6:I55,"N/A") | G6: =IF((B6-F6)=0,0,C6/(B6-F6))
A7: Change Control | B7: =SUM(C7:F7) | C7: =COUNTIF('Change Control'!K6:K105,"✅ Approved")+COUNTIF('Change Control'!K6:K105,"Implemented") | D7: =COUNTIF('Change Control'!K6:K105,"In Progress") | E7: =COUNTIF('Change Control'!K6:K105,"Pending Approval")+COUNTIF('Change Control'!K6:K105,"Rejected") | F7: 0 | G7: =IF((B7-F7)=0,0,C7/(B7-F7))
A8: Vulnerability & Patching | B8: =SUM(C8:F8) | C8: =COUNTIF('Vulnerability Management'!H6:H105,"✅ Patched") | D8: =COUNTIF('Vulnerability Management'!H6:H105,"Pending") | E8: =COUNTIF('Vulnerability Management'!H6:H105,"Vulnerable") | F8: =COUNTIF('Vulnerability Management'!H6:H105,"N/A") | G8: =IF((B8-F8)=0,0,C8/(B8-F8))
A9: Licensing Compliance | B9: =SUM(C9:F9) | C9: =COUNTIF('Licensing Compliance'!G6:G105,"✅ Compliant") | D9: =COUNTIF('Licensing Compliance'!G6:G105,"⚠ Over-Deployed") | E9: =COUNTIF('Licensing Compliance'!G6:G105,"Unknown") | F9: 0 | G9: =IF((B9-F9)=0,0,C9/(B9-F9))
A10: Capability Requirements | B10: =SUM(C10:F10) | C10: =COUNTIF('Capability Requirements'!F6:F25,"✅ Compliant") | D10: 0 | E10: =COUNTIF('Capability Requirements'!F6:F25,"❌ Gap") | F10: =COUNTIF('Capability Requirements'!F6:F25,"N/A") | G10: =IF((B10-F10)=0,0,C10/(B10-F10))
A11: TOTAL | B11: =SUM(B5:B10) | C11: =SUM(C5:C10) | D11: =SUM(D5:D10) | E11: =SUM(E5:E10) | F11: =SUM(F5:F10) | G11: =SUM(G5:G10)
A13: TABLE 2 — Key Performance Indicators
A14: KPI | B14: Current Value | C14: Target | D14: Status | E14: Last Updated | F14: Owner | G14: Notes
A15: Approved Software Entries | B15: =COUNTA('Approved Software'!B6:B205) | C15: —
A16: Installed SW Approval Rate | B16: =IF(COUNTA('Software Inventory'!H6:H55)=0,0,COUNTIF('Software Inventory'!H6:H55,"Yes")/COUNTA('Software Inventory'!H6:H55)) | C16: ≥95%
A17: Unauthorised SW Detections | B17: =COUNTA('Unauthorised Software'!B6:B105) | C17: 0
A18: Unauthorised SW Remediated | B18: =IF(COUNTA('Unauthorised Software'!B6:B105)=0,0,(COUNTIF('Unauthorised Software'!J6:J105,"Removed")+COUNTIF('Unauthorised Software'!J6:J105,"Approved Retroactively"))/COUNTA('Unauthorised Software'!B6:B105)) | C18: ≥95%
A19: App Control Enforcement Rate | B19: =IF(COUNTA('Application Control'!I6:I55)=0,0,COUNTIF('Application Control'!I6:I55,"✅ Enforced")/COUNTA('Application Control'!I6:I55)) | C19: ≥95%
A20: Changes with Test Evidence | B20: =IF(COUNTA('Change Control'!G6:G105)=0,0,COUNTIF('Change Control'!G6:G105,"Yes")/COUNTA('Change Control'!G6:G105)) | C20: ≥95%
A21: Critical/High Vulnerabilities | B21: =COUNTIF('Vulnerability Management'!E6:E105,"Critical")+COUNTIF('Vulnerability Management'!E6:E105,"High") | C21: 0
A22: Patch Compliance Rate | B22: =IF(COUNTA('Vulnerability Management'!H6:H105)=0,0,COUNTIF('Vulnerability Management'!H6:H105,"✅ Patched")/COUNTA('Vulnerability Management'!H6:H105)) | C22: ≥95%
A23: Licensing Compliant Rate | B23: =IF((COUNTIF('Licensing Compliance'!G6:G105,"✅ Compliant")+COUNTIF('Licensing Compliance'!G6:G105,"⚠ Over-Deployed")+COUNTIF('Licensing Compliance'!G6:G105,"Unknown"))=0,0,COUNTIF('Licensing Compliance'!G6:G105,"✅ Compliant")/(COUNTIF('Licensing Compliance'!G6:G105,"✅ Compliant")+COUNTIF('Licensing Compliance'!G6:G105,"⚠ Over-Deployed")+COUNTIF('Licensing Compliance'!G6:G105,"Unknown"))) | C23: ≥90%
A24: Policy Req Implemented | B24: =IF((COUNTIF('Capability Requirements'!F6:F25,"✅ Compliant")+COUNTIF('Capability Requirements'!F6:F25,"❌ Gap")+COUNTIF('Capability Requirements'!F6:F25,"N/A"))=0,0,COUNTIF('Capability Requirements'!F6:F25,"✅ Compliant")/(COUNTIF('Capability Requirements'!F6:F25,"✅ Compliant")+COUNTIF('Capability Requirements'!F6:F25,"❌ Gap")+COUNTIF('Capability Requirements'!F6:F25,"N/A"))) | C24: 100%
A25: Critical/High Gaps | B25: =COUNTIF('Gap Analysis'!E6:E55,"Critical")+COUNTIF('Gap Analysis'!E6:E55,"High") | C25: 0
A29: TABLE 3 — Critical & High Priority Findings
A30: Finding ID | B30: Description | C30: Affected Area | D30: Severity | E30: Status | F30: Owner | G30: Due Date
A31: =IFERROR(INDEX('Gap Analysis'!$A$6:$A$55,SMALL(IF(('Gap Analysis'!$E$6:$E$55="Critical")+('Gap Analysis'!$E$6:$E$55="High"),ROW('Gap Analysis'!$A$6:$A$55)-ROW('Gap Analysis'!$A$6)+1),1)),"") | B31: =IFERROR(INDEX('Gap Analysis'!$B$6:$B$55,SMALL(IF(('Gap Analysis'!$E$6:$E$55="Critical")+('Gap Analysis'!$E$6:$E$55="High"),ROW('Gap Analysis'!$A$6:$A$55)-ROW('Gap Analysis'!$A$6)+1),1)),"") | C31: =IFERROR(INDEX('Gap Analysis'!$D$6:$D$55,SMALL(IF(('Gap Analysis'!$E$6:$E$55="Critical")+('Gap Analysis'!$E$6:$E$55="High"),ROW('Gap Analysis'!$A$6:$A$55)-ROW('Gap Analysis'!$A$6)+1),1)),"") | D31: =IFERROR(INDEX('Gap Analysis'!$E$6:$E$55,SMALL(IF(('Gap Analysis'!$E$6:$E$55="Critical")+('Gap Analysis'!$E$6:$E$55="High"),ROW('Gap Analysis'!$A$6:$A$55)-ROW('Gap Analysis'!$A$6)+1),1)),"") | E31: =IFERROR(INDEX('Gap Analysis'!$K$6:$K$55,SMALL(IF(('Gap Analysis'!$E$6:$E$55="Critical")+('Gap Analysis'!$E$6:$E$55="High"),ROW('Gap Analysis'!$A$6:$A$55)-ROW('Gap Analysis'!$A$6)+1),1)),"") | F31: =IFERROR(INDEX('Gap Analysis'!$I$6:$I$55,SMALL(IF(('Gap Analysis'!$E$6:$E$55="Critical")+('Gap Analysis'!$E$6:$E$55="High"),ROW('Gap Analysis'!$A$6:$A$55)-ROW('Gap Analysis'!$A$6)+1),1)),"") | G31: =IFERROR(INDEX('Gap Analysis'!$J$6:$J$55,SMALL(IF(('Gap Analysis'!$E$6:$E$55="Critical")+('Gap Analysis'!$E$6:$E$55="High"),ROW('Gap Analysis'!$A$6:$A$55)-ROW('Gap Analysis'!$A$6)+1),1)),"")
A32: =IFERROR(INDEX('Gap Analysis'!$A$6:$A$55,SMALL(IF(('Gap Analysis'!$E$6:$E$55="Critical")+('Gap Analysis'!$E$6:$E$55="High"),ROW('Gap Analysis'!$A$6:$A$55)-ROW('Gap Analysis'!$A$6)+1),2)),"") | B32: =IFERROR(INDEX('Gap Analysis'!$B$6:$B$55,SMALL(IF(('Gap Analysis'!$E$6:$E$55="Critical")+('Gap Analysis'!$E$6:$E$55="High"),ROW('Gap Analysis'!$A$6:$A$55)-ROW('Gap Analysis'!$A$6)+1),2)),"") | C32: =IFERROR(INDEX('Gap Analysis'!$D$6:$D$55,SMALL(IF(('Gap Analysis'!$E$6:$E$55="Critical")+('Gap Analysis'!$E$6:$E$55="High"),ROW('Gap Analysis'!$A$6:$A$55)-ROW('Gap Analysis'!$A$6)+1),2)),"") | D32: =IFERROR(INDEX('Gap Analysis'!$E$6:$E$55,SMALL(IF(('Gap Analysis'!$E$6:$E$55="Critical")+('Gap Analysis'!$E$6:$E$55="High"),ROW('Gap Analysis'!$A$6:$A$55)-ROW('Gap Analysis'!$A$6)+1),2)),"") | E32: =IFERROR(INDEX('Gap Analysis'!$K$6:$K$55,SMALL(IF(('Gap Analysis'!$E$6:$E$55="Critical")+('Gap Analysis'!$E$6:$E$55="High"),ROW('Gap Analysis'!$A$6:$A$55)-ROW('Gap Analysis'!$A$6)+1),2)),"") | F32: =IFERROR(INDEX('Gap Analysis'!$I$6:$I$55,SMALL(IF(('Gap Analysis'!$E$6:$E$55="Critical")+('Gap Analysis'!$E$6:$E$55="High"),ROW('Gap Analysis'!$A$6:$A$55)-ROW('Gap Analysis'!$A$6)+1),2)),"") | G32: =IFERROR(INDEX('Gap Analysis'!$J$6:$J$55,SMALL(IF(('Gap Analysis'!$E$6:$E$55="Critical")+('Gap Analysis'!$E$6:$E$55="High"),ROW('Gap Analysis'!$A$6:$A$55)-ROW('Gap Analysis'!$A$6)+1),2)),"")
A33: =IFERROR(INDEX('Gap Analysis'!$A$6:$A$55,SMALL(IF(('Gap Analysis'!$E$6:$E$55="Critical")+('Gap Analysis'!$E$6:$E$55="High"),ROW('Gap Analysis'!$A$6:$A$55)-ROW('Gap Analysis'!$A$6)+1),3)),"") | B33: =IFERROR(INDEX('Gap Analysis'!$B$6:$B$55,SMALL(IF(('Gap Analysis'!$E$6:$E$55="Critical")+('Gap Analysis'!$E$6:$E$55="High"),ROW('Gap Analysis'!$A$6:$A$55)-ROW('Gap Analysis'!$A$6)+1),3)),"") | C33: =IFERROR(INDEX('Gap Analysis'!$D$6:$D$55,SMALL(IF(('Gap Analysis'!$E$6:$E$55="Critical")+('Gap Analysis'!$E$6:$E$55="High"),ROW('Gap Analysis'!$A$6:$A$55)-ROW('Gap Analysis'!$A$6)+1),3)),"") | D33: =IFERROR(INDEX('Gap Analysis'!$E$6:$E$55,SMALL(IF(('Gap Analysis'!$E$6:$E$55="Critical")+('Gap Analysis'!$E$6:$E$55="High"),ROW('Gap Analysis'!$A$6:$A$55)-ROW('Gap Analysis'!$A$6)+1),3)),"") | E33: =IFERROR(INDEX('Gap Analysis'!$K$6:$K$55,SMALL(IF(('Gap Analysis'!$E$6:$E$55="Critical")+('Gap Analysis'!$E$6:$E$55="High"),ROW('Gap Analysis'!$A$6:$A$55)-ROW('Gap Analysis'!$A$6)+1),3)),"") | F33: =IFERROR(INDEX('Gap Analysis'!$I$6:$I$55,SMALL(IF(('Gap Analysis'!$E$6:$E$55="Critical")+('Gap Analysis'!$E$6:$E$55="High"),ROW('Gap Analysis'!$A$6:$A$55)-ROW('Gap Analysis'!$A$6)+1),3)),"") | G33: =IFERROR(INDEX('Gap Analysis'!$J$6:$J$55,SMALL(IF(('Gap Analysis'!$E$6:$E$55="Critical")+('Gap Analysis'!$E$6:$E$55="High"),ROW('Gap Analysis'!$A$6:$A$55)-ROW('Gap Analysis'!$A$6)+1),3)),"")
A34: =IFERROR(INDEX('Gap Analysis'!$A$6:$A$55,SMALL(IF(('Gap Analysis'!$E$6:$E$55="Critical")+('Gap Analysis'!$E$6:$E$55="High"),ROW('Gap Analysis'!$A$6:$A$55)-ROW('Gap Analysis'!$A$6)+1),4)),"") | B34: =IFERROR(INDEX('Gap Analysis'!$B$6:$B$55,SMALL(IF(('Gap Analysis'!$E$6:$E$55="Critical")+('Gap Analysis'!$E$6:$E$55="High"),ROW('Gap Analysis'!$A$6:$A$55)-ROW('Gap Analysis'!$A$6)+1),4)),"") | C34: =IFERROR(INDEX('Gap Analysis'!$D$6:$D$55,SMALL(IF(('Gap Analysis'!$E$6:$E$55="Critical")+('Gap Analysis'!$E$6:$E$55="High"),ROW('Gap Analysis'!$A$6:$A$55)-ROW('Gap Analysis'!$A$6)+1),4)),"") | D34: =IFERROR(INDEX('Gap Analysis'!$E$6:$E$55,SMALL(IF(('Gap Analysis'!$E$6:$E$55="Critical")+('Gap Analysis'!$E$6:$E$55="High"),ROW('Gap Analysis'!$A$6:$A$55)-ROW('Gap Analysis'!$A$6)+1),4)),"") | E34: =IFERROR(INDEX('Gap Analysis'!$K$6:$K$55,SMALL(IF(('Gap Analysis'!$E$6:$E$55="Critical")+('Gap Analysis'!$E$6:$E$55="High"),ROW('Gap Analysis'!$A$6:$A$55)-ROW('Gap Analysis'!$A$6)+1),4)),"") | F34: =IFERROR(INDEX('Gap Analysis'!$I$6:$I$55,SMALL(IF(('Gap Analysis'!$E$6:$E$55="Critical")+('Gap Analysis'!$E$6:$E$55="High"),ROW('Gap Analysis'!$A$6:$A$55)-ROW('Gap Analysis'!$A$6)+1),4)),"") | G34: =IFERROR(INDEX('Gap Analysis'!$J$6:$J$55,SMALL(IF(('Gap Analysis'!$E$6:$E$55="Critical")+('Gap Analysis'!$E$6:$E$55="High"),ROW('Gap Analysis'!$A$6:$A$55)-ROW('Gap Analysis'!$A$6)+1),4)),"")
A35: =IFERROR(INDEX('Gap Analysis'!$A$6:$A$55,SMALL(IF(('Gap Analysis'!$E$6:$E$55="Critical")+('Gap Analysis'!$E$6:$E$55="High"),ROW('Gap Analysis'!$A$6:$A$55)-ROW('Gap Analysis'!$A$6)+1),5)),"") | B35: =IFERROR(INDEX('Gap Analysis'!$B$6:$B$55,SMALL(IF(('Gap Analysis'!$E$6:$E$55="Critical")+('Gap Analysis'!$E$6:$E$55="High"),ROW('Gap Analysis'!$A$6:$A$55)-ROW('Gap Analysis'!$A$6)+1),5)),"") | C35: =IFERROR(INDEX('Gap Analysis'!$D$6:$D$55,SMALL(IF(('Gap Analysis'!$E$6:$E$55="Critical")+('Gap Analysis'!$E$6:$E$55="High"),ROW('Gap Analysis'!$A$6:$A$55)-ROW('Gap Analysis'!$A$6)+1),5)),"") | D35: =IFERROR(INDEX('Gap Analysis'!$E$6:$E$55,SMALL(IF(('Gap Analysis'!$E$6:$E$55="Critical")+('Gap Analysis'!$E$6:$E$55="High"),ROW('Gap Analysis'!$A$6:$A$55)-ROW('Gap Analysis'!$A$6)+1),5)),"") | E35: =IFERROR(INDEX('Gap Analysis'!$K$6:$K$55,SMALL(IF(('Gap Analysis'!$E$6:$E$55="Critical")+('Gap Analysis'!$E$6:$E$55="High"),ROW('Gap Analysis'!$A$6:$A$55)-ROW('Gap Analysis'!$A$6)+1),5)),"") | F35: =IFERROR(INDEX('Gap Analysis'!$I$6:$I$55,SMALL(IF(('Gap Analysis'!$E$6:$E$55="Critical")+('Gap Analysis'!$E$6:$E$55="High"),ROW('Gap Analysis'!$A$6:$A$55)-ROW('Gap Analysis'!$A$6)+1),5)),"") | G35: =IFERROR(INDEX('Gap Analysis'!$J$6:$J$55,SMALL(IF(('Gap Analysis'!$E$6:$E$55="Critical")+('Gap Analysis'!$E$6:$E$55="High"),ROW('Gap Analysis'!$A$6:$A$55)-ROW('Gap Analysis'!$A$6)+1),5)),"")
A36: =IFERROR(INDEX('Gap Analysis'!$A$6:$A$55,SMALL(IF(('Gap Analysis'!$E$6:$E$55="Critical")+('Gap Analysis'!$E$6:$E$55="High"),ROW('Gap Analysis'!$A$6:$A$55)-ROW('Gap Analysis'!$A$6)+1),6)),"") | B36: =IFERROR(INDEX('Gap Analysis'!$B$6:$B$55,SMALL(IF(('Gap Analysis'!$E$6:$E$55="Critical")+('Gap Analysis'!$E$6:$E$55="High"),ROW('Gap Analysis'!$A$6:$A$55)-ROW('Gap Analysis'!$A$6)+1),6)),"") | C36: =IFERROR(INDEX('Gap Analysis'!$D$6:$D$55,SMALL(IF(('Gap Analysis'!$E$6:$E$55="Critical")+('Gap Analysis'!$E$6:$E$55="High"),ROW('Gap Analysis'!$A$6:$A$55)-ROW('Gap Analysis'!$A$6)+1),6)),"") | D36: =IFERROR(INDEX('Gap Analysis'!$E$6:$E$55,SMALL(IF(('Gap Analysis'!$E$6:$E$55="Critical")+('Gap Analysis'!$E$6:$E$55="High"),ROW('Gap Analysis'!$A$6:$A$55)-ROW('Gap Analysis'!$A$6)+1),6)),"") | E36: =IFERROR(INDEX('Gap Analysis'!$K$6:$K$55,SMALL(IF(('Gap Analysis'!$E$6:$E$55="Critical")+('Gap Analysis'!$E$6:$E$55="High"),ROW('Gap Analysis'!$A$6:$A$55)-ROW('Gap Analysis'!$A$6)+1),6)),"") | F36: =IFERROR(INDEX('Gap Analysis'!$I$6:$I$55,SMALL(IF(('Gap Analysis'!$E$6:$E$55="Critical")+('Gap Analysis'!$E$6:$E$55="High"),ROW('Gap Analysis'!$A$6:$A$55)-ROW('Gap Analysis'!$A$6)+1),6)),"") | G36: =IFERROR(INDEX('Gap Analysis'!$J$6:$J$55,SMALL(IF(('Gap Analysis'!$E$6:$E$55="Critical")+('Gap Analysis'!$E$6:$E$55="High"),ROW('Gap Analysis'!$A$6:$A$55)-ROW('Gap Analysis'!$A$6)+1),6)),"")
A37: =IFERROR(INDEX('Gap Analysis'!$A$6:$A$55,SMALL(IF(('Gap Analysis'!$E$6:$E$55="Critical")+('Gap Analysis'!$E$6:$E$55="High"),ROW('Gap Analysis'!$A$6:$A$55)-ROW('Gap Analysis'!$A$6)+1),7)),"") | B37: =IFERROR(INDEX('Gap Analysis'!$B$6:$B$55,SMALL(IF(('Gap Analysis'!$E$6:$E$55="Critical")+('Gap Analysis'!$E$6:$E$55="High"),ROW('Gap Analysis'!$A$6:$A$55)-ROW('Gap Analysis'!$A$6)+1),7)),"") | C37: =IFERROR(INDEX('Gap Analysis'!$D$6:$D$55,SMALL(IF(('Gap Analysis'!$E$6:$E$55="Critical")+('Gap Analysis'!$E$6:$E$55="High"),ROW('Gap Analysis'!$A$6:$A$55)-ROW('Gap Analysis'!$A$6)+1),7)),"") | D37: =IFERROR(INDEX('Gap Analysis'!$E$6:$E$55,SMALL(IF(('Gap Analysis'!$E$6:$E$55="Critical")+('Gap Analysis'!$E$6:$E$55="High"),ROW('Gap Analysis'!$A$6:$A$55)-ROW('Gap Analysis'!$A$6)+1),7)),"") | E37: =IFERROR(INDEX('Gap Analysis'!$K$6:$K$55,SMALL(IF(('Gap Analysis'!$E$6:$E$55="Critical")+('Gap Analysis'!$E$6:$E$55="High"),ROW('Gap Analysis'!$A$6:$A$55)-ROW('Gap Analysis'!$A$6)+1),7)),"") | F37: =IFERROR(INDEX('Gap Analysis'!$I$6:$I$55,SMALL(IF(('Gap Analysis'!$E$6:$E$55="Critical")+('Gap Analysis'!$E$6:$E$55="High"),ROW('Gap Analysis'!$A$6:$A$55)-ROW('Gap Analysis'!$A$6)+1),7)),"") | G37: =IFERROR(INDEX('Gap Analysis'!$J$6:$J$55,SMALL(IF(('Gap Analysis'!$E$6:$E$55="Critical")+('Gap Analysis'!$E$6:$E$55="High"),ROW('Gap Analysis'!$A$6:$A$55)-ROW('Gap Analysis'!$A$6)+1),7)),"")
A38: =IFERROR(INDEX('Gap Analysis'!$A$6:$A$55,SMALL(IF(('Gap Analysis'!$E$6:$E$55="Critical")+('Gap Analysis'!$E$6:$E$55="High"),ROW('Gap Analysis'!$A$6:$A$55)-ROW('Gap Analysis'!$A$6)+1),8)),"") | B38: =IFERROR(INDEX('Gap Analysis'!$B$6:$B$55,SMALL(IF(('Gap Analysis'!$E$6:$E$55="Critical")+('Gap Analysis'!$E$6:$E$55="High"),ROW('Gap Analysis'!$A$6:$A$55)-ROW('Gap Analysis'!$A$6)+1),8)),"") | C38: =IFERROR(INDEX('Gap Analysis'!$D$6:$D$55,SMALL(IF(('Gap Analysis'!$E$6:$E$55="Critical")+('Gap Analysis'!$E$6:$E$55="High"),ROW('Gap Analysis'!$A$6:$A$55)-ROW('Gap Analysis'!$A$6)+1),8)),"") | D38: =IFERROR(INDEX('Gap Analysis'!$E$6:$E$55,SMALL(IF(('Gap Analysis'!$E$6:$E$55="Critical")+('Gap Analysis'!$E$6:$E$55="High"),ROW('Gap Analysis'!$A$6:$A$55)-ROW('Gap Analysis'!$A$6)+1),8)),"") | E38: =IFERROR(INDEX('Gap Analysis'!$K$6:$K$55,SMALL(IF(('Gap Analysis'!$E$6:$E$55="Critical")+('Gap Analysis'!$E$6:$E$55="High"),ROW('Gap Analysis'!$A$6:$A$55)-ROW('Gap Analysis'!$A$6)+1),8)),"") | F38: =IFERROR(INDEX('Gap Analysis'!$I$6:$I$55,SMALL(IF(('Gap Analysis'!$E$6:$E$55="Critical")+('Gap Analysis'!$E$6:$E$55="High"),ROW('Gap Analysis'!$A$6:$A$55)-ROW('Gap Analysis'!$A$6)+1),8)),"") | G38: =IFERROR(INDEX('Gap Analysis'!$J$6:$J$55,SMALL(IF(('Gap Analysis'!$E$6:$E$55="Critical")+('Gap Analysis'!$E$6:$E$55="High"),ROW('Gap Analysis'!$A$6:$A$55)-ROW('Gap Analysis'!$A$6)+1),8)),"")
A39: =IFERROR(INDEX('Gap Analysis'!$A$6:$A$55,SMALL(IF(('Gap Analysis'!$E$6:$E$55="Critical")+('Gap Analysis'!$E$6:$E$55="High"),ROW('Gap Analysis'!$A$6:$A$55)-ROW('Gap Analysis'!$A$6)+1),9)),"") | B39: =IFERROR(INDEX('Gap Analysis'!$B$6:$B$55,SMALL(IF(('Gap Analysis'!$E$6:$E$55="Critical")+('Gap Analysis'!$E$6:$E$55="High"),ROW('Gap Analysis'!$A$6:$A$55)-ROW('Gap Analysis'!$A$6)+1),9)),"") | C39: =IFERROR(INDEX('Gap Analysis'!$D$6:$D$55,SMALL(IF(('Gap Analysis'!$E$6:$E$55="Critical")+('Gap Analysis'!$E$6:$E$55="High"),ROW('Gap Analysis'!$A$6:$A$55)-ROW('Gap Analysis'!$A$6)+1),9)),"") | D39: =IFERROR(INDEX('Gap Analysis'!$E$6:$E$55,SMALL(IF(('Gap Analysis'!$E$6:$E$55="Critical")+('Gap Analysis'!$E$6:$E$55="High"),ROW('Gap Analysis'!$A$6:$A$55)-ROW('Gap Analysis'!$A$6)+1),9)),"") | E39: =IFERROR(INDEX('Gap Analysis'!$K$6:$K$55,SMALL(IF(('Gap Analysis'!$E$6:$E$55="Critical")+('Gap Analysis'!$E$6:$E$55="High"),ROW('Gap Analysis'!$A$6:$A$55)-ROW('Gap Analysis'!$A$6)+1),9)),"") | F39: =IFERROR(INDEX('Gap Analysis'!$I$6:$I$55,SMALL(IF(('Gap Analysis'!$E$6:$E$55="Critical")+('Gap Analysis'!$E$6:$E$55="High"),ROW('Gap Analysis'!$A$6:$A$55)-ROW('Gap Analysis'!$A$6)+1),9)),"") | G39: =IFERROR(INDEX('Gap Analysis'!$J$6:$J$55,SMALL(IF(('Gap Analysis'!$E$6:$E$55="Critical")+('Gap Analysis'!$E$6:$E$55="High"),ROW('Gap Analysis'!$A$6:$A$55)-ROW('Gap Analysis'!$A$6)+1),9)),"")
A40: =IFERROR(INDEX('Gap Analysis'!$A$6:$A$55,SMALL(IF(('Gap Analysis'!$E$6:$E$55="Critical")+('Gap Analysis'!$E$6:$E$55="High"),ROW('Gap Analysis'!$A$6:$A$55)-ROW('Gap Analysis'!$A$6)+1),10)),"") | B40: =IFERROR(INDEX('Gap Analysis'!$B$6:$B$55,SMALL(IF(('Gap Analysis'!$E$6:$E$55="Critical")+('Gap Analysis'!$E$6:$E$55="High"),ROW('Gap Analysis'!$A$6:$A$55)-ROW('Gap Analysis'!$A$6)+1),10)),"") | C40: =IFERROR(INDEX('Gap Analysis'!$D$6:$D$55,SMALL(IF(('Gap Analysis'!$E$6:$E$55="Critical")+('Gap Analysis'!$E$6:$E$55="High"),ROW('Gap Analysis'!$A$6:$A$55)-ROW('Gap Analysis'!$A$6)+1),10)),"") | D40: =IFERROR(INDEX('Gap Analysis'!$E$6:$E$55,SMALL(IF(('Gap Analysis'!$E$6:$E$55="Critical")+('Gap Analysis'!$E$6:$E$55="High"),ROW('Gap Analysis'!$A$6:$A$55)-ROW('Gap Analysis'!$A$6)+1),10)),"") | E40: =IFERROR(INDEX('Gap Analysis'!$K$6:$K$55,SMALL(IF(('Gap Analysis'!$E$6:$E$55="Critical")+('Gap Analysis'!$E$6:$E$55="High"),ROW('Gap Analysis'!$A$6:$A$55)-ROW('Gap Analysis'!$A$6)+1),10)),"") | F40: =IFERROR(INDEX('Gap Analysis'!$I$6:$I$55,SMALL(IF(('Gap Analysis'!$E$6:$E$55="Critical")+('Gap Analysis'!$E$6:$E$55="High"),ROW('Gap Analysis'!$A$6:$A$55)-ROW('Gap Analysis'!$A$6)+1),10)),"") | G40: =IFERROR(INDEX('Gap Analysis'!$J$6:$J$55,SMALL(IF(('Gap Analysis'!$E$6:$E$55="Critical")+('Gap Analysis'!$E$6:$E$55="High"),ROW('Gap Analysis'!$A$6:$A$55)-ROW('Gap Analysis'!$A$6)+1),10)),"")
A43: TOTAL Critical/High Findings: | B43: =COUNTIF('Gap Analysis'!E6:E55,"Critical")+COUNTIF('Gap Analysis'!E6:E55,"High")

Sheet Approval Sign-Off
A1: ASSESSMENT APPROVAL AND SIGN-OFF
A2: ISO/IEC 27001:2022 - Control A.8.1-7-18-19: Endpoint and Device Security
A3: ASSESSMENT SUMMARY
A4: Document: | B4: ISMS-IMP-A.8.1-7-18-19.3 - Software Controls
A5: Assessment Period:
A6: Overall Compliance Rating: | B6: ='Summary Dashboard'!G11
A7: Assessment Status:
A8: Assessed By:
A11: COMPLETED BY (ASSESSOR)
A12: Name:
A13: Title:
A14: Date:
A15: Signature:
A16: Comments:
A18: REVIEWED BY (INFORMATION SECURITY OFFICER)
A19: Name:
A20: Title:
A21: Date:
... A38: Special Considerations:
