Workbook

Sheet Instructions & Legend
A1: ISMS-IMP-A.8.1-7-18-19.1 - Endpoint Inventory ISO/IEC 27001:2022 - Control A.8.1-7-18-19: Endpoint and Device Security
A3: Document Information
A4: Document ID | B4: ISMS-IMP-A.8.1-7-18-19.1
A5: Workbook Title | B5: Endpoint Inventory
A6: Control Reference | B6: ISO/IEC 27001:2022 - Control A.8.1-7-18-19: Endpoint and Device Security
A7: Version | B7: 1.0
A8: Assessment Date
A9: Completed By
A10: Organisation
A12: Instructions
A13: 1. Inventory Sheet — Complete endpoint inventory from MDM/SCCM/Jamf exports. Populate Device ID, Hostname, Type, OS, User, Location, Status for ALL endpoints.
A14: 2. Baseline Compliance — Assess each endpoint against security baseline (OS hardening, firewall, encryption, antivirus). Use compliance status dropdowns.
A15: 3. Encryption Status — Document encryption technology per endpoint (BitLocker, FileVault, LUKS, built-in). Verify encryption is active.
A16: 4. Management Enrollment — Document MDM platform enrollment status. Identify unmanaged devices.
A17: 5. Capability Requirements — Map policy requirements to implementation. Verify all requirements are addressed.
A18: 6. Evidence Register — Document ALL evidence (config exports, screenshots, reports, certificates). Minimum 20 evidence entries.
A19: 7. Gap Analysis — Document identified gaps with severity, root cause, and remediation plan. Track remediation progress.
A20: 8. Approval Sign-Off — Obtain approvals: Assessor → IT Operations Manager → CISO. Final approval required for assessment closure.
A22: Status Legend
A23: Symbol | B23: Status | C23: Description
A24: ✓ | B24: Compliant / Complete | C24: Requirement fully met
A25: ⚠ | B25: Partial / In Progress | C25: Partially met or in progress
A26: ✗ | B26: Non-Compliant / Not Started | C26: Requirement not met
A27: — | B27: Not Applicable | C27: Not applicable to this assessment

Sheet Inventory
A1: ENDPOINT DEVICE GROUP INVENTORY
A2: Group-based inventory — each row represents a device group (AD OU, Entra ID group, department group, or device type)
A3: NOTE: To add more device groups, insert rows within the yellow range (rows 6–55) — do not insert above row 6 or below row 55 to preserve formula integrity.
A4: Group ID | B4: Device Group Name | C4: Group Type | D4: Device Type | E4: OS Platform | F4: Device Count | G4: Department | H4: Ownership Model | I4: Location | J4: Management Platform | K4: Compliance Status | L4: Last Assessed | M4: Criticality | N4: Notes
A5: GRP-001 | B5: SG-Windows-Endpoints | C5: Entra ID Group | D5: Workstations | E5: Windows | F5: 312 | G5: IT | H5: Corporate-Owned | I5: Office | J5: Microsoft Intune | K5: ✅ Compliant | L5: 20.02.2026 | M5: High | N5: Production Windows workstations — Intune managed. See evidence ER-001.
A58: [CHART] INVENTORY SUMMARY
A59: Total Device Groups: | B59: =COUNTA(B6:B55)
A60: ✅ Compliant Groups: | B60: =COUNTIF(K6:K55,"✅ Compliant")
A61: ⚠ Partial Compliance: | B61: =COUNTIF(K6:K55,"⚠ Partial")
A62: ❌ Non-Compliant Groups: | B62: =COUNTIF(K6:K55,"❌ Non-Compliant")

Sheet Baseline Compliance
A1: ENDPOINT BASELINE COMPLIANCE ASSESSMENT
A2: Per-endpoint security baseline compliance (OS hardening, firewall, antivirus, configuration)
A4: Group ID | B4: Device Group Name | C4: Device Type | D4: OS Hardening | E4: Firewall Status | F4: Antivirus / EDR | G4: Screen Lock | H4: Patch Compliance | I4: Password Policy | J4: Baseline Profile | K4: Compliance Status | L4: Notes
A5: GRP-001 | B5: SG-Windows-Endpoints | C5: Workstations | D5: ✅ Compliant | E5: ✅ Enabled | F5: ✅ Active | G5: Yes | H5: ✅ Current | I5: ✅ Compliant | J5: CIS Level 1 | K5: ✅ Compliant | L5: Example group row — CIS L1 baseline applied via Intune. See ER-002.
A6: =IF(Inventory!A6="","",Inventory!A6) | B6: =IF(Inventory!B6="","",Inventory!B6) | C6: =IF(Inventory!D6="","",Inventory!D6) | K6: =IF(COUNTA(D6:I6)=0,"",IF(COUNTIF(D6:I6,"❌*")+COUNTIF(G6:G6,"No")>0,"❌ Non-Compliant",IF(COUNTIF(D6:I6,"⚠*")>0,"⚠ Partial","✅ Compliant")))
A7: =IF(Inventory!A7="","",Inventory!A7) | B7: =IF(Inventory!B7="","",Inventory!B7) | C7: =IF(Inventory!D7="","",Inventory!D7) | K7: =IF(COUNTA(D7:I7)=0,"",IF(COUNTIF(D7:I7,"❌*")+COUNTIF(G7:G7,"No")>0,"❌ Non-Compliant",IF(COUNTIF(D7:I7,"⚠*")>0,"⚠ Partial","✅ Compliant")))
A8: =IF(Inventory!A8="","",Inventory!A8) | B8: =IF(Inventory!B8="","",Inventory!B8) | C8: =IF(Inventory!D8="","",Inventory!D8) | K8: =IF(COUNTA(D8:I8)=0,"",IF(COUNTIF(D8:I8,"❌*")+COUNTIF(G8:G8,"No")>0,"❌ Non-Compliant",IF(COUNTIF(D8:I8,"⚠*")>0,"⚠ Partial","✅ Compliant")))
A9: =IF(Inventory!A9="","",Inventory!A9) | B9: =IF(Inventory!B9="","",Inventory!B9) | C9: =IF(Inventory!D9="","",Inventory!D9) | K9: =IF(COUNTA(D9:I9)=0,"",IF(COUNTIF(D9:I9,"❌*")+COUNTIF(G9:G9,"No")>0,"❌ Non-Compliant",IF(COUNTIF(D9:I9,"⚠*")>0,"⚠ Partial","✅ Compliant")))
A10: =IF(Inventory!A10="","",Inventory!A10) | B10: =IF(Inventory!B10="","",Inventory!B10) | C10: =IF(Inventory!D10="","",Inventory!D10) | K10: =IF(COUNTA(D10:I10)=0,"",IF(COUNTIF(D10:I10,"❌*")+COUNTIF(G10:G10,"No")>0,"❌ Non-Compliant",IF(COUNTIF(D10:I10,"⚠*")>0,"⚠ Partial","✅ Compliant")))
A11: =IF(Inventory!A11="","",Inventory!A11) | B11: =IF(Inventory!B11="","",Inventory!B11) | C11: =IF(Inventory!D11="","",Inventory!D11) | K11: =IF(COUNTA(D11:I11)=0,"",IF(COUNTIF(D11:I11,"❌*")+COUNTIF(G11:G11,"No")>0,"❌ Non-Compliant",IF(COUNTIF(D11:I11,"⚠*")>0,"⚠ Partial","✅ Compliant")))
A12: =IF(Inventory!A12="","",Inventory!A12) | B12: =IF(Inventory!B12="","",Inventory!B12) | C12: =IF(Inventory!D12="","",Inventory!D12) | K12: =IF(COUNTA(D12:I12)=0,"",IF(COUNTIF(D12:I12,"❌*")+COUNTIF(G12:G12,"No")>0,"❌ Non-Compliant",IF(COUNTIF(D12:I12,"⚠*")>0,"⚠ Partial","✅ Compliant")))
A13: =IF(Inventory!A13="","",Inventory!A13) | B13: =IF(Inventory!B13="","",Inventory!B13) | C13: =IF(Inventory!D13="","",Inventory!D13) | K13: =IF(COUNTA(D13:I13)=0,"",IF(COUNTIF(D13:I13,"❌*")+COUNTIF(G13:G13,"No")>0,"❌ Non-Compliant",IF(COUNTIF(D13:I13,"⚠*")>0,"⚠ Partial","✅ Compliant")))
A14: =IF(Inventory!A14="","",Inventory!A14) | B14: =IF(Inventory!B14="","",Inventory!B14) | C14: =IF(Inventory!D14="","",Inventory!D14) | K14: =IF(COUNTA(D14:I14)=0,"",IF(COUNTIF(D14:I14,"❌*")+COUNTIF(G14:G14,"No")>0,"❌ Non-Compliant",IF(COUNTIF(D14:I14,"⚠*")>0,"⚠ Partial","✅ Compliant")))
A15: =IF(Inventory!A15="","",Inventory!A15) | B15: =IF(Inventory!B15="","",Inventory!B15) | C15: =IF(Inventory!D15="","",Inventory!D15) | K15: =IF(COUNTA(D15:I15)=0,"",IF(COUNTIF(D15:I15,"❌*")+COUNTIF(G15:G15,"No")>0,"❌ Non-Compliant",IF(COUNTIF(D15:I15,"⚠*")>0,"⚠ Partial","✅ Compliant")))
A16: =IF(Inventory!A16="","",Inventory!A16) | B16: =IF(Inventory!B16="","",Inventory!B16) | C16: =IF(Inventory!D16="","",Inventory!D16) | K16: =IF(COUNTA(D16:I16)=0,"",IF(COUNTIF(D16:I16,"❌*")+COUNTIF(G16:G16,"No")>0,"❌ Non-Compliant",IF(COUNTIF(D16:I16,"⚠*")>0,"⚠ Partial","✅ Compliant")))
A17: =IF(Inventory!A17="","",Inventory!A17) | B17: =IF(Inventory!B17="","",Inventory!B17) | C17: =IF(Inventory!D17="","",Inventory!D17) | K17: =IF(COUNTA(D17:I17)=0,"",IF(COUNTIF(D17:I17,"❌*")+COUNTIF(G17:G17,"No")>0,"❌ Non-Compliant",IF(COUNTIF(D17:I17,"⚠*")>0,"⚠ Partial","✅ Compliant")))
... A55: =IF(Inventory!A55="","",Inventory!A55) | B55: =IF(Inventory!B55="","",Inventory!B55) | C55: =IF(Inventory!D55="","",Inventory!D55) | K55: =IF(COUNTA(D55:I55)=0,"",IF(COUNTIF(D55:I55,"❌*")+COUNTIF(G55:G55,"No")>0,"❌ Non-Compliant",IF(COUNTIF(D55:I55,"⚠*")>0,"⚠ Partial","✅ Compliant")))
A58: [CHART] BASELINE COMPLIANCE SUMMARY
A59: ✅ Compliant Groups: | B59: =COUNTIF(K6:K55,"✅ Compliant")
A60: ⚠ Partial Compliance: | B60: =COUNTIF(K6:K55,"⚠ Partial")
A61: ❌ Non-Compliant Groups: | B61: =COUNTIF(K6:K55,"❌ Non-Compliant")
A62: Compliance Rate: | B62: =IF((COUNTIF(K6:K55,"✅ Compliant")+COUNTIF(K6:K55,"⚠ Partial")+COUNTIF(K6:K55,"❌ Non-Compliant"))=0,0,COUNTIF(K6:K55,"✅ Compliant")/(COUNTIF(K6:K55,"✅ Compliant")+COUNTIF(K6:K55,"⚠ Partial")+COUNTIF(K6:K55,"❌ Non-Compliant")))&"%"

Sheet Encryption Status
A1: ENDPOINT ENCRYPTION STATUS
A2: Encryption technology, status, key management, and recovery procedures per endpoint
A4: Device ID | B4: Hostname | C4: Device Type | D4: Encryption Technology | E4: Encryption Status | F4: Full Disk Encryption | G4: Key Escrow/Recovery | H4: Recovery Key Location | I4: Last Verified Date | J4: Notes
A5: GRP-001 | B5: SG-Windows-Endpoints | C5: Workstations | D5: BitLocker | E5: ✅ Encrypted | F5: Yes | G5: Microsoft Intune | H5: Azure AD / Intune portal | I5: 20.02.2026 | J5: Enforced via Intune policy — BitLocker recovery keys in Entra ID.
A6: =IF(Inventory!A6="","",Inventory!A6) | B6: =IF(Inventory!B6="","",Inventory!B6) | C6: =IF(Inventory!D6="","",Inventory!D6)
A7: =IF(Inventory!A7="","",Inventory!A7) | B7: =IF(Inventory!B7="","",Inventory!B7) | C7: =IF(Inventory!D7="","",Inventory!D7)
A8: =IF(Inventory!A8="","",Inventory!A8) | B8: =IF(Inventory!B8="","",Inventory!B8) | C8: =IF(Inventory!D8="","",Inventory!D8)
A9: =IF(Inventory!A9="","",Inventory!A9) | B9: =IF(Inventory!B9="","",Inventory!B9) | C9: =IF(Inventory!D9="","",Inventory!D9)
A10: =IF(Inventory!A10="","",Inventory!A10) | B10: =IF(Inventory!B10="","",Inventory!B10) | C10: =IF(Inventory!D10="","",Inventory!D10)
A11: =IF(Inventory!A11="","",Inventory!A11) | B11: =IF(Inventory!B11="","",Inventory!B11) | C11: =IF(Inventory!D11="","",Inventory!D11)
A12: =IF(Inventory!A12="","",Inventory!A12) | B12: =IF(Inventory!B12="","",Inventory!B12) | C12: =IF(Inventory!D12="","",Inventory!D12)
A13: =IF(Inventory!A13="","",Inventory!A13) | B13: =IF(Inventory!B13="","",Inventory!B13) | C13: =IF(Inventory!D13="","",Inventory!D13)
A14: =IF(Inventory!A14="","",Inventory!A14) | B14: =IF(Inventory!B14="","",Inventory!B14) | C14: =IF(Inventory!D14="","",Inventory!D14)
A15: =IF(Inventory!A15="","",Inventory!A15) | B15: =IF(Inventory!B15="","",Inventory!B15) | C15: =IF(Inventory!D15="","",Inventory!D15)
A16: =IF(Inventory!A16="","",Inventory!A16) | B16: =IF(Inventory!B16="","",Inventory!B16) | C16: =IF(Inventory!D16="","",Inventory!D16)
A17: =IF(Inventory!A17="","",Inventory!A17) | B17: =IF(Inventory!B17="","",Inventory!B17) | C17: =IF(Inventory!D17="","",Inventory!D17)
... A55: =IF(Inventory!A55="","",Inventory!A55) | B55: =IF(Inventory!B55="","",Inventory!B55) | C55: =IF(Inventory!D55="","",Inventory!D55)
A58: [CHART] ENCRYPTION COVERAGE SUMMARY
A59: ✅ Encrypted Groups: | B59: =COUNTIF(E6:E55,"✅ Encrypted")
A60: ❌ Not Encrypted: | B60: =COUNTIF(E6:E55,"❌ Not Encrypted")
A61: Encryption Coverage Rate: | B61: =IF((COUNTIF(E6:E55,"✅ Encrypted")+COUNTIF(E6:E55,"⚠ Partial")+COUNTIF(E6:E55,"❌ Not Encrypted"))=0,0,COUNTIF(E6:E55,"✅ Encrypted")/(COUNTIF(E6:E55,"✅ Encrypted")+COUNTIF(E6:E55,"⚠ Partial")+COUNTIF(E6:E55,"❌ Not Encrypted")))&"%"
A63: BitLocker (Windows): | B63: =COUNTIF(D6:D55,"BitLocker")
A64: FileVault (macOS): | B64: =COUNTIF(D6:D55,"FileVault")
A65: Built-in (iOS/Android): | B65: =COUNTIF(D6:D55,"Built-in (iOS/Android)")
A66: LUKS (Linux): | B66: =COUNTIF(D6:D55,"LUKS")

Sheet Management Enrollment
A1: ENDPOINT MANAGEMENT ENROLLMENT
A2: MDM platform enrollment status, capabilities, and management coverage
A4: Group ID | B4: Device Group Name | C4: Device Type | D4: MDM Platform | E4: Enrollment Status | F4: Remote Wipe Capable | G4: Policy Enforcement | H4: Compliance Policy Applied | I4: Last Check-In | J4: MDM Compliance Status | K4: Notes
A5: GRP-001 | B5: SG-Windows-Endpoints | C5: Workstations | D5: Microsoft Intune | E5: ✅ Enrolled | F5: Yes | G5: Yes | H5: Windows Compliance Policy v3 | I5: 20.02.2026 | J5: ✅ Compliant | K5: All enrolled via Autopilot — see evidence ER-003.
A6: =IF(Inventory!A6="","",Inventory!A6) | B6: =IF(Inventory!B6="","",Inventory!B6) | C6: =IF(Inventory!D6="","",Inventory!D6)
A7: =IF(Inventory!A7="","",Inventory!A7) | B7: =IF(Inventory!B7="","",Inventory!B7) | C7: =IF(Inventory!D7="","",Inventory!D7)
A8: =IF(Inventory!A8="","",Inventory!A8) | B8: =IF(Inventory!B8="","",Inventory!B8) | C8: =IF(Inventory!D8="","",Inventory!D8)
A9: =IF(Inventory!A9="","",Inventory!A9) | B9: =IF(Inventory!B9="","",Inventory!B9) | C9: =IF(Inventory!D9="","",Inventory!D9)
A10: =IF(Inventory!A10="","",Inventory!A10) | B10: =IF(Inventory!B10="","",Inventory!B10) | C10: =IF(Inventory!D10="","",Inventory!D10)
A11: =IF(Inventory!A11="","",Inventory!A11) | B11: =IF(Inventory!B11="","",Inventory!B11) | C11: =IF(Inventory!D11="","",Inventory!D11)
A12: =IF(Inventory!A12="","",Inventory!A12) | B12: =IF(Inventory!B12="","",Inventory!B12) | C12: =IF(Inventory!D12="","",Inventory!D12)
A13: =IF(Inventory!A13="","",Inventory!A13) | B13: =IF(Inventory!B13="","",Inventory!B13) | C13: =IF(Inventory!D13="","",Inventory!D13)
A14: =IF(Inventory!A14="","",Inventory!A14) | B14: =IF(Inventory!B14="","",Inventory!B14) | C14: =IF(Inventory!D14="","",Inventory!D14)
A15: =IF(Inventory!A15="","",Inventory!A15) | B15: =IF(Inventory!B15="","",Inventory!B15) | C15: =IF(Inventory!D15="","",Inventory!D15)
A16: =IF(Inventory!A16="","",Inventory!A16) | B16: =IF(Inventory!B16="","",Inventory!B16) | C16: =IF(Inventory!D16="","",Inventory!D16)
A17: =IF(Inventory!A17="","",Inventory!A17) | B17: =IF(Inventory!B17="","",Inventory!B17) | C17: =IF(Inventory!D17="","",Inventory!D17)
... A55: =IF(Inventory!A55="","",Inventory!A55) | B55: =IF(Inventory!B55="","",Inventory!B55) | C55: =IF(Inventory!D55="","",Inventory!D55)
A58: [CHART] MANAGEMENT ENROLLMENT SUMMARY
A59: ✅ Enrolled Groups: | B59: =COUNTIF(E6:E55,"✅ Enrolled")
A60: ❌ Not Enrolled: | B60: =COUNTIF(E6:E55,"❌ Not Enrolled")
A61: Enrollment Rate: | B61: =IF((COUNTIF(E6:E55,"✅ Enrolled")+COUNTIF(E6:E55,"⚠ Partial")+COUNTIF(E6:E55,"❌ Not Enrolled"))=0,0,COUNTIF(E6:E55,"✅ Enrolled")/(COUNTIF(E6:E55,"✅ Enrolled")+COUNTIF(E6:E55,"⚠ Partial")+COUNTIF(E6:E55,"❌ Not Enrolled")))&"%"
A63: By MDM Platform:
A64: Microsoft Intune: | B64: =COUNTIF(D6:D55,"Microsoft Intune")
A65: Jamf Pro: | B65: =COUNTIF(D6:D55,"Jamf Pro")
A66: SCCM: | B66: =COUNTIF(D6:D55,"SCCM")
A67: None: | B67: =COUNTIF(D6:D55,"None")

Sheet Capability Requirements
A1: CAPABILITY REQUIREMENTS MAPPING
A2: A.8.1 Policy Requirements → Implementation Verification (30 requirements)
A4: Req ID | B4: Policy Requirement | C4: Implemented | D4: Evidence Reference | E4: Notes | F4: Status
A5: REQ-A81-000 | B5: Complete endpoint inventory maintained (example sample row) | C5: Yes | D5: /evidence/A.8.1/example.png | E5: Sample row — do not edit | F5: =IF(C5="Yes","✅ Compliant",IF(C5="N/A","N/A","❌ Gap"))
A6: REQ-A81-001 | B6: Complete endpoint inventory maintained | F6: =IF(C6="Yes","✅ Compliant",IF(C6="N/A","N/A","❌ Gap"))
A7: REQ-A81-002 | B7: Endpoints classified by type, ownership, criticality | F7: =IF(C7="Yes","✅ Compliant",IF(C7="N/A","N/A","❌ Gap"))
A8: REQ-A81-003 | B8: Security baselines defined per endpoint type | F8: =IF(C8="Yes","✅ Compliant",IF(C8="N/A","N/A","❌ Gap"))
A9: REQ-A81-004 | B9: Baseline compliance ≥95% for corporate endpoints | F9: =IF(C9="Yes","✅ Compliant",IF(C9="N/A","N/A","❌ Gap"))
A10: REQ-A81-005 | B10: Full disk encryption for laptops (≥95%) | F10: =IF(C10="Yes","✅ Compliant",IF(C10="N/A","N/A","❌ Gap"))
A11: REQ-A81-006 | B11: Full disk encryption for desktops (≥90%) | F11: =IF(C11="Yes","✅ Compliant",IF(C11="N/A","N/A","❌ Gap"))
A12: REQ-A81-007 | B12: Mobile devices encrypted (≥95%) | F12: =IF(C12="Yes","✅ Compliant",IF(C12="N/A","N/A","❌ Gap"))
A13: REQ-A81-008 | B13: Encryption key escrow/recovery implemented | F13: =IF(C13="Yes","✅ Compliant",IF(C13="N/A","N/A","❌ Gap"))
A14: REQ-A81-009 | B14: MDM enrollment ≥95% corporate endpoints | F14: =IF(C14="Yes","✅ Compliant",IF(C14="N/A","N/A","❌ Gap"))
A15: REQ-A81-010 | B15: MDM enrollment ≥80% BYOD (if BYOD allowed) | F15: =IF(C15="Yes","✅ Compliant",IF(C15="N/A","N/A","❌ Gap"))
A16: REQ-A81-011 | B16: Remote wipe capability for all corporate mobile devices | F16: =IF(C16="Yes","✅ Compliant",IF(C16="N/A","N/A","❌ Gap"))
A17: REQ-A81-012 | B17: Screen lock enforced (max 15 minutes) | F17: =IF(C17="Yes","✅ Compliant",IF(C17="N/A","N/A","❌ Gap"))
... A35: REQ-A81-030 | B35: Annual endpoint security assessment | F35: =IF(C35="Yes","✅ Compliant",IF(C35="N/A","N/A","❌ Gap"))
A38: [CHART] REQUIREMENTS COMPLIANCE SUMMARY
A39: Total Requirements: | B39: 30
A40: Implemented: | B40: =COUNTIF(C6:C35,"Yes")
A41: Not Implemented: | B41: =COUNTIF(C6:C35,"No")
A42: Compliance Rate: | B42: =IF(COUNT(B40:B41)>0,B40/B39*100,0)&"%"

Sheet Gap Analysis
A1: GAP ANALYSIS & REMEDIATION TRACKING
A2: Gap identification, severity classification, remediation planning and tracking (50 entries)
A4: Gap ID | B4: Gap Description | C4: Affected Devices/Count | D4: Related Requirement | E4: Severity | F4: Risk | G4: Root Cause | H4: Remediation Plan | I4: Owner | J4: Due Date | K4: Status | L4: Budget Required | M4: Notes
A5: GAP-001 | B5: Example: AV/EDR agent not installed on endpoint | C5: 5 endpoints (IT Department) | D5: REQ-A81-001 | E5: High | F5: High — unprotected endpoints exposed to malware | G5: Imaging process does not include AV agent | H5: Update imaging template to include AV agent pre-install | I5: IT Operations | J5: 28.02.2026 | K5: Open | L5: CHF 0 | M5: Example row — do not use for compliance calculations
A58: [CHART] GAP SUMMARY BY SEVERITY
A59: Critical: | B59: =COUNTIF(E6:E55,"Critical")
A60: High: | B60: =COUNTIF(E6:E55,"High")
A61: Medium: | B61: =COUNTIF(E6:E55,"Medium")
A62: Low: | B62: =COUNTIF(E6:E55,"Low")
A64: [CHART] GAP SUMMARY BY STATUS
A65: Open: | B65: =COUNTIF(K6:K55,"Open")
A66: In Progress: | B66: =COUNTIF(K6:K55,"In Progress")
A67: ✅ Closed: | B67: =COUNTIF(K6:K55,"✅ Closed")

Sheet Evidence Register
A1: EVIDENCE REGISTER
A2: Comprehensive evidence documentation for endpoint inventory assessment (100 evidence entries)
A4: Evidence ID | B4: Evidence Type | C4: Description | D4: Related Requirement | E4: Related Worksheet/Device | F4: File Location | G4: Collection Date | H4: Collected By
A5: EV-001 | B5: Screenshot | C5: Example: Screenshot of endpoint encryption status | D5: A.8.1 Baseline Compliance | E5: Encryption Status sheet row 5 | F5: /evidence/A.8.1/enc-screenshot.png | G5: 20.02.2026 | H5: IT Security Team
A107: Total Evidence Entries: | B107: =COUNTA(C6:C105)

Sheet Summary Dashboard
A1: ENDPOINT INVENTORY — SUMMARY DASHBOARD
A2: Consolidated compliance metrics for endpoint device security assessment
A3: TABLE 1 — COMPLIANCE ASSESSMENT SUMMARY
A4: Assessment Area | B4: Total Items | C4: Compliant | D4: Partial | E4: Non-Compliant | F4: N/A | G4: Compliance %
A5: Baseline Compliance | B5: =SUM(C5:F5) | C5: =COUNTIF('Baseline Compliance'!K6:K55,"✅ Compliant") | D5: =COUNTIF('Baseline Compliance'!K6:K55,"⚠ Partial") | E5: =COUNTIF('Baseline Compliance'!K6:K55,"❌ Non-Compliant") | F5: =COUNTIF('Baseline Compliance'!K6:K55,"N/A") | G5: =IF((B5-F5)=0,0,C5/(B5-F5))
A6: Encryption (Full-Disk) | B6: =SUM(C6:F6) | C6: =COUNTIF('Encryption Status'!E6:E55,"✅ Encrypted") | D6: =COUNTIF('Encryption Status'!E6:E55,"⚠ Partial") | E6: =COUNTIF('Encryption Status'!E6:E55,"❌ Not Encrypted") | F6: 0 | G6: =IF((B6-F6)=0,0,C6/(B6-F6))
A7: MDM / UEM Enrollment | B7: =SUM(C7:F7) | C7: =COUNTIF('Management Enrollment'!E6:E55,"✅ Enrolled") | D7: =COUNTIF('Management Enrollment'!E6:E55,"⚠ Partial") | E7: =COUNTIF('Management Enrollment'!E6:E55,"❌ Not Enrolled") | F7: 0 | G7: =IF((B7-F7)=0,0,C7/(B7-F7))
A8: Capability Requirements | B8: =SUM(C8:F8) | C8: =COUNTIF('Capability Requirements'!F6:F35,"✅ Compliant") | D8: 0 | E8: =COUNTIF('Capability Requirements'!F6:F35,"❌ Gap") | F8: =COUNTIF('Capability Requirements'!F6:F35,"N/A") | G8: =IF((B8-F8)=0,0,C8/(B8-F8))
A9: TOTAL | B9: =SUM(B5:B8) | C9: =SUM(C5:C8) | D9: =SUM(D5:D8) | E9: =SUM(E5:E8) | F9: =SUM(F5:F8) | G9: =IF((B9-F9)=0,0,C9/(B9-F9))
A11: TABLE 2 — KEY PERFORMANCE INDICATORS
A12: KPI | B12: Current Value | C12: Target | D12: Status | E12: Last Updated | F12: Owner | G12: Notes
A13: Total Endpoints | B13: =COUNTA('Inventory'!B6:B55) | C13: >=50
A14: Baseline Compliance Rate | B14: =IF((COUNTIF('Baseline Compliance'!K6:K55,"✅ Compliant")+COUNTIF('Baseline Compliance'!K6:K55,"⚠ Partial")+COUNTIF('Baseline Compliance'!K6:K55,"❌ Non-Compliant"))=0,0,COUNTIF('Baseline Compliance'!K6:K55,"✅ Compliant")/(COUNTIF('Baseline Compliance'!K6:K55,"✅ Compliant")+COUNTIF('Baseline Compliance'!K6:K55,"⚠ Partial")+COUNTIF('Baseline Compliance'!K6:K55,"❌ Non-Compliant"))) | C14: >=95%
A15: Encryption Coverage | B15: =IF(COUNTA('Encryption Status'!E6:E55)=0,0,COUNTIF('Encryption Status'!E6:E55,"✅ Encrypted")/COUNTA('Encryption Status'!E6:E55)) | C15: 100%
A16: MDM/UEM Enrollment Rate | B16: =IF(COUNTA('Management Enrollment'!E6:E55)=0,0,COUNTIF('Management Enrollment'!E6:E55,"✅ Enrolled")/COUNTA('Management Enrollment'!E6:E55)) | C16: >=95%
A17: Critical Endpoints | B17: =COUNTIF('Inventory'!M6:M55,"Critical") | C17: —
A18: Unencrypted Critical Endpoints | B18: =COUNTIFS('Inventory'!M6:M55,"Critical",'Encryption Status'!E6:E55,"❌ Not Encrypted") | C18: 0
A19: Policy Requirements Implemented | B19: =IF((COUNTIF('Capability Requirements'!C6:C35,"Yes")+COUNTIF('Capability Requirements'!C6:C35,"No")+COUNTIF('Capability Requirements'!C6:C35,"N/A"))=0,0,COUNTIF('Capability Requirements'!C6:C35,"Yes")/(COUNTIF('Capability Requirements'!C6:C35,"Yes")+COUNTIF('Capability Requirements'!C6:C35,"No")+COUNTIF('Capability Requirements'!C6:C35,"N/A"))) | C19: 100%
A20: Open Gaps | B20: =COUNTIF('Gap Analysis'!K6:K55,"Open")+COUNTIF('Gap Analysis'!K6:K55,"In Progress") | C20: 0
A21: Critical/High Gaps | B21: =COUNTIF('Gap Analysis'!E6:E55,"Critical")+COUNTIF('Gap Analysis'!E6:E55,"High") | C21: 0
A22: Corporate-Owned Device Groups | B22: =COUNTIF('Inventory'!H6:H55,"Corporate-Owned") | C22: —
A23: BYOD Device Groups | B23: =COUNTIF('Inventory'!H6:H55,"BYOD") | C23: 0 preferred
A24: High-Criticality Device Groups | B24: =COUNTIF('Inventory'!M6:M55,"High") | C24: —
A28: TABLE 3 — CRITICAL FINDINGS
A29: Finding ID | B29: Description | C29: Affected Area | D29: Severity | E29: Status | F29: Owner | G29: Due Date
A30: =IFERROR(INDEX('Gap Analysis'!A$6:A$55,SMALL(IF(('Gap Analysis'!E$6:E$55="Critical")+('Gap Analysis'!E$6:E$55="High"),ROW('Gap Analysis'!A$6:A$55)-ROW('Gap Analysis'!A$6)+1),ROWS($A$1:$A1)),1),"") | B30: =IFERROR(INDEX('Gap Analysis'!B$6:B$55,SMALL(IF(('Gap Analysis'!E$6:E$55="Critical")+('Gap Analysis'!E$6:E$55="High"),ROW('Gap Analysis'!A$6:A$55)-ROW('Gap Analysis'!A$6)+1),ROWS($A$1:$A1)),1),"") | C30: =IFERROR(INDEX('Gap Analysis'!D$6:D$55,SMALL(IF(('Gap Analysis'!E$6:E$55="Critical")+('Gap Analysis'!E$6:E$55="High"),ROW('Gap Analysis'!A$6:A$55)-ROW('Gap Analysis'!A$6)+1),ROWS($A$1:$A1)),1),"") | D30: =IFERROR(INDEX('Gap Analysis'!E$6:E$55,SMALL(IF(('Gap Analysis'!E$6:E$55="Critical")+('Gap Analysis'!E$6:E$55="High"),ROW('Gap Analysis'!A$6:A$55)-ROW('Gap Analysis'!A$6)+1),ROWS($A$1:$A1)),1),"") | E30: =IFERROR(INDEX('Gap Analysis'!K$6:K$55,SMALL(IF(('Gap Analysis'!E$6:E$55="Critical")+('Gap Analysis'!E$6:E$55="High"),ROW('Gap Analysis'!A$6:A$55)-ROW('Gap Analysis'!A$6)+1),ROWS($A$1:$A1)),1),"") | F30: =IFERROR(INDEX('Gap Analysis'!I$6:I$55,SMALL(IF(('Gap Analysis'!E$6:E$55="Critical")+('Gap Analysis'!E$6:E$55="High"),ROW('Gap Analysis'!A$6:A$55)-ROW('Gap Analysis'!A$6)+1),ROWS($A$1:$A1)),1),"") | G30: =IFERROR(INDEX('Gap Analysis'!J$6:J$55,SMALL(IF(('Gap Analysis'!E$6:E$55="Critical")+('Gap Analysis'!E$6:E$55="High"),ROW('Gap Analysis'!A$6:A$55)-ROW('Gap Analysis'!A$6)+1),ROWS($A$1:$A1)),1),"")
A31: =IFERROR(INDEX('Gap Analysis'!A$6:A$55,SMALL(IF(('Gap Analysis'!E$6:E$55="Critical")+('Gap Analysis'!E$6:E$55="High"),ROW('Gap Analysis'!A$6:A$55)-ROW('Gap Analysis'!A$6)+1),ROWS($A$1:$A2)),1),"") | B31: =IFERROR(INDEX('Gap Analysis'!B$6:B$55,SMALL(IF(('Gap Analysis'!E$6:E$55="Critical")+('Gap Analysis'!E$6:E$55="High"),ROW('Gap Analysis'!A$6:A$55)-ROW('Gap Analysis'!A$6)+1),ROWS($A$1:$A2)),1),"") | C31: =IFERROR(INDEX('Gap Analysis'!D$6:D$55,SMALL(IF(('Gap Analysis'!E$6:E$55="Critical")+('Gap Analysis'!E$6:E$55="High"),ROW('Gap Analysis'!A$6:A$55)-ROW('Gap Analysis'!A$6)+1),ROWS($A$1:$A2)),1),"") | D31: =IFERROR(INDEX('Gap Analysis'!E$6:E$55,SMALL(IF(('Gap Analysis'!E$6:E$55="Critical")+('Gap Analysis'!E$6:E$55="High"),ROW('Gap Analysis'!A$6:A$55)-ROW('Gap Analysis'!A$6)+1),ROWS($A$1:$A2)),1),"") | E31: =IFERROR(INDEX('Gap Analysis'!K$6:K$55,SMALL(IF(('Gap Analysis'!E$6:E$55="Critical")+('Gap Analysis'!E$6:E$55="High"),ROW('Gap Analysis'!A$6:A$55)-ROW('Gap Analysis'!A$6)+1),ROWS($A$1:$A2)),1),"") | F31: =IFERROR(INDEX('Gap Analysis'!I$6:I$55,SMALL(IF(('Gap Analysis'!E$6:E$55="Critical")+('Gap Analysis'!E$6:E$55="High"),ROW('Gap Analysis'!A$6:A$55)-ROW('Gap Analysis'!A$6)+1),ROWS($A$1:$A2)),1),"") | G31: =IFERROR(INDEX('Gap Analysis'!J$6:J$55,SMALL(IF(('Gap Analysis'!E$6:E$55="Critical")+('Gap Analysis'!E$6:E$55="High"),ROW('Gap Analysis'!A$6:A$55)-ROW('Gap Analysis'!A$6)+1),ROWS($A$1:$A2)),1),"")
A32: =IFERROR(INDEX('Gap Analysis'!A$6:A$55,SMALL(IF(('Gap Analysis'!E$6:E$55="Critical")+('Gap Analysis'!E$6:E$55="High"),ROW('Gap Analysis'!A$6:A$55)-ROW('Gap Analysis'!A$6)+1),ROWS($A$1:$A3)),1),"") | B32: =IFERROR(INDEX('Gap Analysis'!B$6:B$55,SMALL(IF(('Gap Analysis'!E$6:E$55="Critical")+('Gap Analysis'!E$6:E$55="High"),ROW('Gap Analysis'!A$6:A$55)-ROW('Gap Analysis'!A$6)+1),ROWS($A$1:$A3)),1),"") | C32: =IFERROR(INDEX('Gap Analysis'!D$6:D$55,SMALL(IF(('Gap Analysis'!E$6:E$55="Critical")+('Gap Analysis'!E$6:E$55="High"),ROW('Gap Analysis'!A$6:A$55)-ROW('Gap Analysis'!A$6)+1),ROWS($A$1:$A3)),1),"") | D32: =IFERROR(INDEX('Gap Analysis'!E$6:E$55,SMALL(IF(('Gap Analysis'!E$6:E$55="Critical")+('Gap Analysis'!E$6:E$55="High"),ROW('Gap Analysis'!A$6:A$55)-ROW('Gap Analysis'!A$6)+1),ROWS($A$1:$A3)),1),"") | E32: =IFERROR(INDEX('Gap Analysis'!K$6:K$55,SMALL(IF(('Gap Analysis'!E$6:E$55="Critical")+('Gap Analysis'!E$6:E$55="High"),ROW('Gap Analysis'!A$6:A$55)-ROW('Gap Analysis'!A$6)+1),ROWS($A$1:$A3)),1),"") | F32: =IFERROR(INDEX('Gap Analysis'!I$6:I$55,SMALL(IF(('Gap Analysis'!E$6:E$55="Critical")+('Gap Analysis'!E$6:E$55="High"),ROW('Gap Analysis'!A$6:A$55)-ROW('Gap Analysis'!A$6)+1),ROWS($A$1:$A3)),1),"") | G32: =IFERROR(INDEX('Gap Analysis'!J$6:J$55,SMALL(IF(('Gap Analysis'!E$6:E$55="Critical")+('Gap Analysis'!E$6:E$55="High"),ROW('Gap Analysis'!A$6:A$55)-ROW('Gap Analysis'!A$6)+1),ROWS($A$1:$A3)),1),"")
A33: =IFERROR(INDEX('Gap Analysis'!A$6:A$55,SMALL(IF(('Gap Analysis'!E$6:E$55="Critical")+('Gap Analysis'!E$6:E$55="High"),ROW('Gap Analysis'!A$6:A$55)-ROW('Gap Analysis'!A$6)+1),ROWS($A$1:$A4)),1),"") | B33: =IFERROR(INDEX('Gap Analysis'!B$6:B$55,SMALL(IF(('Gap Analysis'!E$6:E$55="Critical")+('Gap Analysis'!E$6:E$55="High"),ROW('Gap Analysis'!A$6:A$55)-ROW('Gap Analysis'!A$6)+1),ROWS($A$1:$A4)),1),"") | C33: =IFERROR(INDEX('Gap Analysis'!D$6:D$55,SMALL(IF(('Gap Analysis'!E$6:E$55="Critical")+('Gap Analysis'!E$6:E$55="High"),ROW('Gap Analysis'!A$6:A$55)-ROW('Gap Analysis'!A$6)+1),ROWS($A$1:$A4)),1),"") | D33: =IFERROR(INDEX('Gap Analysis'!E$6:E$55,SMALL(IF(('Gap Analysis'!E$6:E$55="Critical")+('Gap Analysis'!E$6:E$55="High"),ROW('Gap Analysis'!A$6:A$55)-ROW('Gap Analysis'!A$6)+1),ROWS($A$1:$A4)),1),"") | E33: =IFERROR(INDEX('Gap Analysis'!K$6:K$55,SMALL(IF(('Gap Analysis'!E$6:E$55="Critical")+('Gap Analysis'!E$6:E$55="High"),ROW('Gap Analysis'!A$6:A$55)-ROW('Gap Analysis'!A$6)+1),ROWS($A$1:$A4)),1),"") | F33: =IFERROR(INDEX('Gap Analysis'!I$6:I$55,SMALL(IF(('Gap Analysis'!E$6:E$55="Critical")+('Gap Analysis'!E$6:E$55="High"),ROW('Gap Analysis'!A$6:A$55)-ROW('Gap Analysis'!A$6)+1),ROWS($A$1:$A4)),1),"") | G33: =IFERROR(INDEX('Gap Analysis'!J$6:J$55,SMALL(IF(('Gap Analysis'!E$6:E$55="Critical")+('Gap Analysis'!E$6:E$55="High"),ROW('Gap Analysis'!A$6:A$55)-ROW('Gap Analysis'!A$6)+1),ROWS($A$1:$A4)),1),"")
A34: =IFERROR(INDEX('Gap Analysis'!A$6:A$55,SMALL(IF(('Gap Analysis'!E$6:E$55="Critical")+('Gap Analysis'!E$6:E$55="High"),ROW('Gap Analysis'!A$6:A$55)-ROW('Gap Analysis'!A$6)+1),ROWS($A$1:$A5)),1),"") | B34: =IFERROR(INDEX('Gap Analysis'!B$6:B$55,SMALL(IF(('Gap Analysis'!E$6:E$55="Critical")+('Gap Analysis'!E$6:E$55="High"),ROW('Gap Analysis'!A$6:A$55)-ROW('Gap Analysis'!A$6)+1),ROWS($A$1:$A5)),1),"") | C34: =IFERROR(INDEX('Gap Analysis'!D$6:D$55,SMALL(IF(('Gap Analysis'!E$6:E$55="Critical")+('Gap Analysis'!E$6:E$55="High"),ROW('Gap Analysis'!A$6:A$55)-ROW('Gap Analysis'!A$6)+1),ROWS($A$1:$A5)),1),"") | D34: =IFERROR(INDEX('Gap Analysis'!E$6:E$55,SMALL(IF(('Gap Analysis'!E$6:E$55="Critical")+('Gap Analysis'!E$6:E$55="High"),ROW('Gap Analysis'!A$6:A$55)-ROW('Gap Analysis'!A$6)+1),ROWS($A$1:$A5)),1),"") | E34: =IFERROR(INDEX('Gap Analysis'!K$6:K$55,SMALL(IF(('Gap Analysis'!E$6:E$55="Critical")+('Gap Analysis'!E$6:E$55="High"),ROW('Gap Analysis'!A$6:A$55)-ROW('Gap Analysis'!A$6)+1),ROWS($A$1:$A5)),1),"") | F34: =IFERROR(INDEX('Gap Analysis'!I$6:I$55,SMALL(IF(('Gap Analysis'!E$6:E$55="Critical")+('Gap Analysis'!E$6:E$55="High"),ROW('Gap Analysis'!A$6:A$55)-ROW('Gap Analysis'!A$6)+1),ROWS($A$1:$A5)),1),"") | G34: =IFERROR(INDEX('Gap Analysis'!J$6:J$55,SMALL(IF(('Gap Analysis'!E$6:E$55="Critical")+('Gap Analysis'!E$6:E$55="High"),ROW('Gap Analysis'!A$6:A$55)-ROW('Gap Analysis'!A$6)+1),ROWS($A$1:$A5)),1),"")
A35: =IFERROR(INDEX('Gap Analysis'!A$6:A$55,SMALL(IF(('Gap Analysis'!E$6:E$55="Critical")+('Gap Analysis'!E$6:E$55="High"),ROW('Gap Analysis'!A$6:A$55)-ROW('Gap Analysis'!A$6)+1),ROWS($A$1:$A6)),1),"") | B35: =IFERROR(INDEX('Gap Analysis'!B$6:B$55,SMALL(IF(('Gap Analysis'!E$6:E$55="Critical")+('Gap Analysis'!E$6:E$55="High"),ROW('Gap Analysis'!A$6:A$55)-ROW('Gap Analysis'!A$6)+1),ROWS($A$1:$A6)),1),"") | C35: =IFERROR(INDEX('Gap Analysis'!D$6:D$55,SMALL(IF(('Gap Analysis'!E$6:E$55="Critical")+('Gap Analysis'!E$6:E$55="High"),ROW('Gap Analysis'!A$6:A$55)-ROW('Gap Analysis'!A$6)+1),ROWS($A$1:$A6)),1),"") | D35: =IFERROR(INDEX('Gap Analysis'!E$6:E$55,SMALL(IF(('Gap Analysis'!E$6:E$55="Critical")+('Gap Analysis'!E$6:E$55="High"),ROW('Gap Analysis'!A$6:A$55)-ROW('Gap Analysis'!A$6)+1),ROWS($A$1:$A6)),1),"") | E35: =IFERROR(INDEX('Gap Analysis'!K$6:K$55,SMALL(IF(('Gap Analysis'!E$6:E$55="Critical")+('Gap Analysis'!E$6:E$55="High"),ROW('Gap Analysis'!A$6:A$55)-ROW('Gap Analysis'!A$6)+1),ROWS($A$1:$A6)),1),"") | F35: =IFERROR(INDEX('Gap Analysis'!I$6:I$55,SMALL(IF(('Gap Analysis'!E$6:E$55="Critical")+('Gap Analysis'!E$6:E$55="High"),ROW('Gap Analysis'!A$6:A$55)-ROW('Gap Analysis'!A$6)+1),ROWS($A$1:$A6)),1),"") | G35: =IFERROR(INDEX('Gap Analysis'!J$6:J$55,SMALL(IF(('Gap Analysis'!E$6:E$55="Critical")+('Gap Analysis'!E$6:E$55="High"),ROW('Gap Analysis'!A$6:A$55)-ROW('Gap Analysis'!A$6)+1),ROWS($A$1:$A6)),1),"")
A36: =IFERROR(INDEX('Gap Analysis'!A$6:A$55,SMALL(IF(('Gap Analysis'!E$6:E$55="Critical")+('Gap Analysis'!E$6:E$55="High"),ROW('Gap Analysis'!A$6:A$55)-ROW('Gap Analysis'!A$6)+1),ROWS($A$1:$A7)),1),"") | B36: =IFERROR(INDEX('Gap Analysis'!B$6:B$55,SMALL(IF(('Gap Analysis'!E$6:E$55="Critical")+('Gap Analysis'!E$6:E$55="High"),ROW('Gap Analysis'!A$6:A$55)-ROW('Gap Analysis'!A$6)+1),ROWS($A$1:$A7)),1),"") | C36: =IFERROR(INDEX('Gap Analysis'!D$6:D$55,SMALL(IF(('Gap Analysis'!E$6:E$55="Critical")+('Gap Analysis'!E$6:E$55="High"),ROW('Gap Analysis'!A$6:A$55)-ROW('Gap Analysis'!A$6)+1),ROWS($A$1:$A7)),1),"") | D36: =IFERROR(INDEX('Gap Analysis'!E$6:E$55,SMALL(IF(('Gap Analysis'!E$6:E$55="Critical")+('Gap Analysis'!E$6:E$55="High"),ROW('Gap Analysis'!A$6:A$55)-ROW('Gap Analysis'!A$6)+1),ROWS($A$1:$A7)),1),"") | E36: =IFERROR(INDEX('Gap Analysis'!K$6:K$55,SMALL(IF(('Gap Analysis'!E$6:E$55="Critical")+('Gap Analysis'!E$6:E$55="High"),ROW('Gap Analysis'!A$6:A$55)-ROW('Gap Analysis'!A$6)+1),ROWS($A$1:$A7)),1),"") | F36: =IFERROR(INDEX('Gap Analysis'!I$6:I$55,SMALL(IF(('Gap Analysis'!E$6:E$55="Critical")+('Gap Analysis'!E$6:E$55="High"),ROW('Gap Analysis'!A$6:A$55)-ROW('Gap Analysis'!A$6)+1),ROWS($A$1:$A7)),1),"") | G36: =IFERROR(INDEX('Gap Analysis'!J$6:J$55,SMALL(IF(('Gap Analysis'!E$6:E$55="Critical")+('Gap Analysis'!E$6:E$55="High"),ROW('Gap Analysis'!A$6:A$55)-ROW('Gap Analysis'!A$6)+1),ROWS($A$1:$A7)),1),"")
A37: =IFERROR(INDEX('Gap Analysis'!A$6:A$55,SMALL(IF(('Gap Analysis'!E$6:E$55="Critical")+('Gap Analysis'!E$6:E$55="High"),ROW('Gap Analysis'!A$6:A$55)-ROW('Gap Analysis'!A$6)+1),ROWS($A$1:$A8)),1),"") | B37: =IFERROR(INDEX('Gap Analysis'!B$6:B$55,SMALL(IF(('Gap Analysis'!E$6:E$55="Critical")+('Gap Analysis'!E$6:E$55="High"),ROW('Gap Analysis'!A$6:A$55)-ROW('Gap Analysis'!A$6)+1),ROWS($A$1:$A8)),1),"") | C37: =IFERROR(INDEX('Gap Analysis'!D$6:D$55,SMALL(IF(('Gap Analysis'!E$6:E$55="Critical")+('Gap Analysis'!E$6:E$55="High"),ROW('Gap Analysis'!A$6:A$55)-ROW('Gap Analysis'!A$6)+1),ROWS($A$1:$A8)),1),"") | D37: =IFERROR(INDEX('Gap Analysis'!E$6:E$55,SMALL(IF(('Gap Analysis'!E$6:E$55="Critical")+('Gap Analysis'!E$6:E$55="High"),ROW('Gap Analysis'!A$6:A$55)-ROW('Gap Analysis'!A$6)+1),ROWS($A$1:$A8)),1),"") | E37: =IFERROR(INDEX('Gap Analysis'!K$6:K$55,SMALL(IF(('Gap Analysis'!E$6:E$55="Critical")+('Gap Analysis'!E$6:E$55="High"),ROW('Gap Analysis'!A$6:A$55)-ROW('Gap Analysis'!A$6)+1),ROWS($A$1:$A8)),1),"") | F37: =IFERROR(INDEX('Gap Analysis'!I$6:I$55,SMALL(IF(('Gap Analysis'!E$6:E$55="Critical")+('Gap Analysis'!E$6:E$55="High"),ROW('Gap Analysis'!A$6:A$55)-ROW('Gap Analysis'!A$6)+1),ROWS($A$1:$A8)),1),"") | G37: =IFERROR(INDEX('Gap Analysis'!J$6:J$55,SMALL(IF(('Gap Analysis'!E$6:E$55="Critical")+('Gap Analysis'!E$6:E$55="High"),ROW('Gap Analysis'!A$6:A$55)-ROW('Gap Analysis'!A$6)+1),ROWS($A$1:$A8)),1),"")
A38: =IFERROR(INDEX('Gap Analysis'!A$6:A$55,SMALL(IF(('Gap Analysis'!E$6:E$55="Critical")+('Gap Analysis'!E$6:E$55="High"),ROW('Gap Analysis'!A$6:A$55)-ROW('Gap Analysis'!A$6)+1),ROWS($A$1:$A9)),1),"") | B38: =IFERROR(INDEX('Gap Analysis'!B$6:B$55,SMALL(IF(('Gap Analysis'!E$6:E$55="Critical")+('Gap Analysis'!E$6:E$55="High"),ROW('Gap Analysis'!A$6:A$55)-ROW('Gap Analysis'!A$6)+1),ROWS($A$1:$A9)),1),"") | C38: =IFERROR(INDEX('Gap Analysis'!D$6:D$55,SMALL(IF(('Gap Analysis'!E$6:E$55="Critical")+('Gap Analysis'!E$6:E$55="High"),ROW('Gap Analysis'!A$6:A$55)-ROW('Gap Analysis'!A$6)+1),ROWS($A$1:$A9)),1),"") | D38: =IFERROR(INDEX('Gap Analysis'!E$6:E$55,SMALL(IF(('Gap Analysis'!E$6:E$55="Critical")+('Gap Analysis'!E$6:E$55="High"),ROW('Gap Analysis'!A$6:A$55)-ROW('Gap Analysis'!A$6)+1),ROWS($A$1:$A9)),1),"") | E38: =IFERROR(INDEX('Gap Analysis'!K$6:K$55,SMALL(IF(('Gap Analysis'!E$6:E$55="Critical")+('Gap Analysis'!E$6:E$55="High"),ROW('Gap Analysis'!A$6:A$55)-ROW('Gap Analysis'!A$6)+1),ROWS($A$1:$A9)),1),"") | F38: =IFERROR(INDEX('Gap Analysis'!I$6:I$55,SMALL(IF(('Gap Analysis'!E$6:E$55="Critical")+('Gap Analysis'!E$6:E$55="High"),ROW('Gap Analysis'!A$6:A$55)-ROW('Gap Analysis'!A$6)+1),ROWS($A$1:$A9)),1),"") | G38: =IFERROR(INDEX('Gap Analysis'!J$6:J$55,SMALL(IF(('Gap Analysis'!E$6:E$55="Critical")+('Gap Analysis'!E$6:E$55="High"),ROW('Gap Analysis'!A$6:A$55)-ROW('Gap Analysis'!A$6)+1),ROWS($A$1:$A9)),1),"")
A39: =IFERROR(INDEX('Gap Analysis'!A$6:A$55,SMALL(IF(('Gap Analysis'!E$6:E$55="Critical")+('Gap Analysis'!E$6:E$55="High"),ROW('Gap Analysis'!A$6:A$55)-ROW('Gap Analysis'!A$6)+1),ROWS($A$1:$A10)),1),"") | B39: =IFERROR(INDEX('Gap Analysis'!B$6:B$55,SMALL(IF(('Gap Analysis'!E$6:E$55="Critical")+('Gap Analysis'!E$6:E$55="High"),ROW('Gap Analysis'!A$6:A$55)-ROW('Gap Analysis'!A$6)+1),ROWS($A$1:$A10)),1),"") | C39: =IFERROR(INDEX('Gap Analysis'!D$6:D$55,SMALL(IF(('Gap Analysis'!E$6:E$55="Critical")+('Gap Analysis'!E$6:E$55="High"),ROW('Gap Analysis'!A$6:A$55)-ROW('Gap Analysis'!A$6)+1),ROWS($A$1:$A10)),1),"") | D39: =IFERROR(INDEX('Gap Analysis'!E$6:E$55,SMALL(IF(('Gap Analysis'!E$6:E$55="Critical")+('Gap Analysis'!E$6:E$55="High"),ROW('Gap Analysis'!A$6:A$55)-ROW('Gap Analysis'!A$6)+1),ROWS($A$1:$A10)),1),"") | E39: =IFERROR(INDEX('Gap Analysis'!K$6:K$55,SMALL(IF(('Gap Analysis'!E$6:E$55="Critical")+('Gap Analysis'!E$6:E$55="High"),ROW('Gap Analysis'!A$6:A$55)-ROW('Gap Analysis'!A$6)+1),ROWS($A$1:$A10)),1),"") | F39: =IFERROR(INDEX('Gap Analysis'!I$6:I$55,SMALL(IF(('Gap Analysis'!E$6:E$55="Critical")+('Gap Analysis'!E$6:E$55="High"),ROW('Gap Analysis'!A$6:A$55)-ROW('Gap Analysis'!A$6)+1),ROWS($A$1:$A10)),1),"") | G39: =IFERROR(INDEX('Gap Analysis'!J$6:J$55,SMALL(IF(('Gap Analysis'!E$6:E$55="Critical")+('Gap Analysis'!E$6:E$55="High"),ROW('Gap Analysis'!A$6:A$55)-ROW('Gap Analysis'!A$6)+1),ROWS($A$1:$A10)),1),"")
A42: Total Critical/High Findings: | B42: =COUNTIF('Gap Analysis'!E6:E55,"Critical")+COUNTIF('Gap Analysis'!E6:E55,"High")

Sheet Approval Sign-Off
A1: ASSESSMENT APPROVAL AND SIGN-OFF
A2: ISO/IEC 27001:2022 - Control A.8.1-7-18-19: Endpoint and Device Security
A3: ASSESSMENT SUMMARY
A4: Document: | B4: ISMS-IMP-A.8.1-7-18-19.1 - Endpoint Inventory
A5: Assessment Period:
A6: Overall Compliance Rating: | B6: ='Summary Dashboard'!G9
A7: Assessment Status:
A8: Assessed By:
A11: COMPLETED BY (ASSESSOR)
A12: Name:
A13: Title:
A14: Date:
A15: Signature:
A16: Comments:
A18: REVIEWED BY (INFORMATION SECURITY OFFICER)
A19: Name:
A20: Title:
A21: Date:
... A38: Special Considerations:
