Workbook

Sheet Instructions & Legend
A1: ISMS-IMP-A.5.15-16-18.S1 - User Inventory & Lifecycle Compliance Assessment ISO/IEC 27001:2022 - Control A.5.16: Identity Management
A3: Document Information
A4: Document ID | B4: ISMS-IMP-A.5.15-16-18.S1
A5: Workbook Title | B5: User Inventory & Lifecycle Compliance Assessment
A6: Control Reference | B6: ISO/IEC 27001:2022 - Control A.5.16: Identity Management
A7: Version | B7: 1.0
A8: Assessment Date
A9: Completed By
A10: Organisation
A12: Instructions
A13: 1. Review this sheet to understand the assessment structure and status conventions.
A14: 2. Complete the User Inventory sheet with all identities across all systems.
A15: 3. Complete the Employee Lifecycle sheet with joiner/leaver provisioning events.
A16: 4. Complete the Contractor Lifecycle sheet with contractor time-bound access records.
A17: 5. Complete the Service Accounts sheet with all non-human account details.
A18: 6. Complete the Orphaned Accounts sheet with detection and remediation tracking.
A19: 7. Review the Lifecycle Metrics sheet for SLA compliance summary.
A20: 8. Complete the Gap Analysis sheet with all non-compliance findings.
... A24: Status Legend
A25: Symbol | B25: Status | C25: Description
A26: ✓ | B26: Compliant / Complete | C26: Requirement fully met
A27: ⚠ | B27: Partial / In Progress | C27: Partially met or in progress
A28: ✗ | B28: Non-Compliant / Not Started | C28: Requirement not met
A29: — | B29: Not Applicable | C29: Not applicable to this assessment

Sheet User Inventory
A1: USER INVENTORY - ALL IDENTITY SYSTEMS
A2: Assessment Date: 01.03.2026
A3: Total Users: 100
A5: User ID | B5: Username | C5: Full Name | D5: Email | E5: User Type | F5: Department | G5: Job Title | H5: Manager | I5: Hire Date | J5: Termination Date | K5: Status | L5: Last Login | M5: Account Created | N5: Comments
A6: USR-0001 | B6: jsmith | C6: John Smith | D6: j.smith@example.com | E6: Employee | F6: IT | G6: System Administrator | H6: M. Johnson | I6: 01.01.2024 | K6: Active | L6: 28.02.2026 | M6: 01.01.2024

Sheet Employee Lifecycle
A1: EMPLOYEE LIFECYCLE COMPLIANCE - JOINER & LEAVER EVENTS
A2: Assessment Period: 01.03.2026
A3: Employees Assessed: 0
A5: JOINER EVENTS - Provisioning Compliance
A6: User ID | B6: Username | C6: Full Name | D6: Department | E6: Hire Date | F6: Provision Date | G6: Days to Provision | H6: SLA (Days) | I6: Compliance Status | J6: Notes
A7: USR-0001 | B7: jsmith | C7: John Smith | D7: IT | E7: 15.01.2024 | F7: 16.01.2024 | G7: 1 | H7: 2 | I7: Compliant
A33: LEAVER EVENTS - Deprovisioning Compliance
A34: User ID | B34: Username | C34: Full Name | D34: Department | E34: Termination Date | F34: Disable Date | G34: Hours to Disable | H34: SLA (Hours) | I34: Compliance Status | J34: Notes
A35: USR-0002 | B35: pmartin | C35: Paul Martin | D35: Finance | E35: 15.12.2023 | F35: 15.12.2023 08:30 | G35: 2 | H35: 4 | I35: Compliant

Sheet Contractor Lifecycle
A1: CONTRACTOR LIFECYCLE - TIME-BOUND ACCESS COMPLIANCE
A2: Assessment Date: 01.03.2026
A3: Contractors Assessed: 0
A5: User ID | B5: Username | C5: Full Name | D5: Department | E5: Sponsor | F5: Contract Start | G5: Contract End | H5: Access Expiry | I5: Days Remaining | J5: Status | K5: Compliance
A6: USR-0050 | B6: c.jones | C6: Carol Jones | D6: IT | E6: M. Wilson | F6: 01.01.2025 | G6: 31.12.2026 | H6: 31.12.2026 | I6: 365 | J6: Active | K6: Compliant

Sheet Service Accounts
A1: SERVICE ACCOUNT INVENTORY - NON-HUMAN ACCOUNTS
A2: Assessment Date: 01.03.2026
A3: Service Accounts: 0
A5: Account ID | B5: Account Name | C5: Purpose | D5: Owner | E5: Department | F5: Created Date | G5: Last Used | H5: Privileged | I5: Password Rotation | J5: Status
A6: SVC-001 | B6: svc-backup | C6: Automated Backup | D6: IT Manager | E6: IT | F6: 01.01.2023 | G6: 28.02.2026 | H6: No | I6: 90 Days | J6: Active

Sheet Orphaned Accounts
A1: ORPHANED ACCOUNT DETECTION & REMEDIATION
A2: Detection Date: 01.03.2026
A3: Orphaned Accounts Found: 0
A5: User ID | B5: Username | C5: Full Name | D5: User Type | E5: Department | F5: Last Login | G5: Status | H5: Orphan Reason | I5: Detected Date | J5: Remediation Status | K5: Notes
A6: USR-0099 | B6: t.davis | C6: Tom Davis | D6: Employee | E6: Finance | F6: Never | G6: Disabled | H6: Disabled account with no termination record | I6: 01.03.2026 | J6: Open

Sheet Lifecycle Metrics
A1: IDENTITY LIFECYCLE COMPLIANCE METRICS - A.5.16
A2: Assessment Period: 01.03.2026
A4: Key Performance Indicators (KPIs)
A5: Metric | B5: Target | C5: Actual | D5: Status | E5: Gap | F5: Comments
A6: Provisioning On-Time Rate | B6: ≥95% | C6: 92% | D6: Warning | E6: -3% | F6: 3 late provisioning instances
A7: Deprovisioning On-Time Rate | B7: ≥98% | C7: 96% | D7: Warning | E7: -2% | F7: 2 late deprovisioning instances
A8: Orphaned Account Count | B8: ≤1% | C8: 1.5% | D8: Non-Compliant | E8: +0.5% | F8: 15 orphaned accounts detected
A9: Service Account Documentation | B9: 100% | C9: 95% | D9: Warning | E9: -5% | F9: 1 account missing owner
A10: Contractor Access Compliance | B10: 100% | C10: 90% | D10: Warning | E10: -10% | F10: 3 expired contractor accounts
A12: Overall A.5.16 Compliance Score
A13: Score Calculation | B13: (Provisioning + Deprovisioning + Orphaned Account Management) / 3
A14: Overall Score | B14: 82%
A15: Maturity Level | B15: Managed (80-89%)

Sheet Gap Analysis
A1: GAP ANALYSIS - NON-COMPLIANCE FINDINGS
A2: Assessment Date: 01.03.2026
A4: Gap ID | B4: Category | C4: Description | D4: Risk Level | E4: Affected Users | F4: Root Cause | G4: Remediation Plan | H4: Owner | I4: Due Date | J4: Status
A5: GAP-001 | B5: Provisioning | C5: 3 users provisioned after hire date | D5: Medium | E5: 3 | F5: Manual provisioning delays | G5: Automate provisioning via HR system | H5: IAM Manager | I5: 2026-06-30 | J5: Open

Sheet Evidence Register
A1: EVIDENCE REGISTER
A2: ISO/IEC 27001:2022 Annex A - Control A.5.16: Identity Management
A4: Evidence ID | B4: Evidence Type | C4: Description | D4: Related Control / Section | E4: Collection Date (DD.MM.YYYY) | F4: Storage Location / Reference | G4: Collected By | H4: Status
A5: EV-001 | B5: Document | C5: Sample evidence entry — replace with actual evidence | D5: All Controls | E5: 01.01.2026 | F5: SharePoint/ISMS/Evidence/ | G5: ISMS Team | H5: Active

Sheet Summary Dashboard
A1: USER INVENTORY & LIFECYCLE — SUMMARY DASHBOARD
A2: ISO/IEC 27001:2022 — Control A.5.16: Identity Management
A4: TABLE 1: ASSESSMENT AREA COMPLIANCE OVERVIEW
A5: Assessment Area | B5: Total Items | C5: Compliant | D5: Partial / Warning | E5: Non-Compliant | F5: N/A | G5: Compliance %
A6: Employee Lifecycle | B6: =COUNTA('Employee Lifecycle'!A7:A106) | C6: =COUNTIF('Employee Lifecycle'!I7:I106,"Compliant") | D6: 0 | E6: =COUNTIF('Employee Lifecycle'!I7:I106,"Non-Compliant") | F6: 0 | G6: =IF((B6-F6)=0,0,C6/(B6-F6))
A7: Contractor Lifecycle | B7: =COUNTA('Contractor Lifecycle'!A6:A56) | C7: =COUNTIF('Contractor Lifecycle'!K6:K56,"Compliant") | D7: =COUNTIF('Contractor Lifecycle'!K6:K56,"Warning") | E7: =COUNTIF('Contractor Lifecycle'!K6:K56,"Non-Compliant") | F7: 0 | G7: =IF((B7-F7)=0,0,C7/(B7-F7))
A8: Service Accounts | B8: =COUNTA('Service Accounts'!A6:A56) | C8: =COUNTIF('Service Accounts'!J6:J56,"Active") | D8: 0 | E8: =COUNTIF('Service Accounts'!J6:J56,"Disabled") | F8: 0 | G8: =IF((B8-F8)=0,0,C8/(B8-F8))
A9: Orphaned Accounts | B9: =COUNTA('Orphaned Accounts'!A6:A56) | C9: =COUNTIF('Orphaned Accounts'!J6:J56,"Remediated")+COUNTIF('Orphaned Accounts'!J6:J56,"Closed") | D9: =COUNTIF('Orphaned Accounts'!J6:J56,"In Progress") | E9: =COUNTIF('Orphaned Accounts'!J6:J56,"Open") | F9: 0 | G9: =IF((B9-F9)=0,0,C9/(B9-F9))
A10: Gap Analysis | B10: =COUNTA('Gap Analysis'!A6:A55) | C10: =COUNTIF('Gap Analysis'!J6:J55,"Resolved") | D10: =COUNTIF('Gap Analysis'!J6:J55,"In Progress") | E10: =COUNTIF('Gap Analysis'!J6:J55,"Open") | F10: 0 | G10: =IF((B10-F10)=0,0,C10/(B10-F10))
A11: TOTAL | B11: =SUM(B6:B10) | C11: =SUM(C6:C10) | D11: =SUM(D6:D10) | E11: =SUM(E6:E10) | F11: =SUM(F6:F10) | G11: =IF((B11-F11)=0,0,C11/(B11-F11))
A13: TABLE 2: KEY METRICS
A14: Metric | B14: Value
A15: Total Users in Inventory | B15: =COUNTA('User Inventory'!A6:A56)
A16: Active User Accounts | B16: =COUNTIF('User Inventory'!K6:K56,"Active")
A17: Disabled Accounts | B17: =COUNTIF('User Inventory'!K6:K56,"Disabled")
A18: Orphaned Accounts Detected | B18: =COUNTA('Orphaned Accounts'!A6:A56)
A19: Orphaned Accounts Remediated | B19: =COUNTIF('Orphaned Accounts'!J6:J56,"Remediated")+COUNTIF('Orphaned Accounts'!J6:J56,"Closed")
A20: Joiner On-Time Provisioning Rate | B20: =IFERROR(COUNTIF('Employee Lifecycle'!I7:I32,"Compliant")/COUNTA('Employee Lifecycle'!A7:A32),0)
A21: Leaver On-Time Deprovisioning Rate | B21: =IFERROR(COUNTIF('Employee Lifecycle'!I35:I60,"Compliant")/COUNTA('Employee Lifecycle'!A35:A60),0)
A22: Contractor Compliance Rate | B22: =IFERROR(COUNTIF('Contractor Lifecycle'!K6:K56,"Compliant")/COUNTA('Contractor Lifecycle'!A6:A56),0)
A23: Expired Contractor Accounts | B23: =COUNTIF('Contractor Lifecycle'!K6:K56,"Non-Compliant")
A24: Service Accounts with Valid Owner | B24: =COUNTIF('Service Accounts'!J6:J56,"Active")
A25: Open Lifecycle Gaps | B25: =COUNTIF('Gap Analysis'!J6:J55,"Open")
A26: Gaps In Progress | B26: =COUNTIF('Gap Analysis'!J6:J55,"In Progress")
A30: TABLE 3: CRITICAL FINDINGS REQUIRING IMMEDIATE ATTENTION
A31: Category | B31: Finding | C31: Count | D31: Severity | E31: Action Required
A32: Identity Lifecycle | B32: Orphaned accounts pending remediation | C32: =COUNTIF('Orphaned Accounts'!J6:J56,"Open") | D32: Critical | E32: Immediate
A33: Identity Lifecycle | B33: Non-compliant lifecycle events (employees) | C33: =COUNTIF('Employee Lifecycle'!I7:I106,"Non-Compliant") | D33: Critical | E33: Immediate
A34: Contractor Management | B34: Expired contractor accounts still active | C34: =COUNTIF('Contractor Lifecycle'!K6:K56,"Non-Compliant") | D34: High | E34: Urgent
A35: Contractor Management | B35: Contractors expiring — access review required | C35: =COUNTIF('Contractor Lifecycle'!K6:K56,"Warning") | D35: High | E35: Urgent
A36: Service Accounts | B36: Disabled service accounts (ownership risk) | C36: =COUNTIF('Service Accounts'!J6:J56,"Disabled") | D36: Medium | E36: Plan
A37: Gap Analysis | B37: High-risk open gaps | C37: =COUNTIF('Gap Analysis'!D6:D55,"High") | D37: Critical | E37: Immediate
A38: Gap Analysis | B38: Total open gaps requiring remediation | C38: =COUNTIF('Gap Analysis'!J6:J55,"Open") | D38: High | E38: Urgent
A39: Identity Lifecycle | B39: Orphaned accounts in progress (not yet resolved) | C39: =COUNTIF('Orphaned Accounts'!J6:J56,"In Progress") | D39: Medium | E39: Plan

Sheet Approval Sign-Off
A1: ASSESSMENT APPROVAL AND SIGN-OFF
A2: ISO/IEC 27001:2022 - Control A.5.16: Identity Management
A3: ASSESSMENT SUMMARY
A4: Document: | B4: ISMS-IMP-A.5.15-16-18.S1 - User Inventory & Lifecycle Compliance Assessment
A5: Assessment Period:
A6: Overall Compliance Rating: | B6: =IFERROR(AVERAGE('Summary Dashboard'!G6:G10),"")
A7: Assessment Status:
A8: Assessed By:
A11: COMPLETED BY (ASSESSOR)
A12: Name:
A13: Title:
A14: Date:
A15: Signature:
A16: Comments:
A18: REVIEWED BY (INFORMATION SECURITY OFFICER)
A19: Name:
A20: Title:
A21: Date:
... A38: Special Considerations:
