Workbook

Sheet Instructions & Legend
A1: ISMS-IMP-A.5.15-16-18.S4 - Role Compliance & Segregation of Duties Assessment ISO/IEC 27001:2022 - Control A.5.15 & A.5.18: Access Control & Access Rights (RBAC/SoD)
A3: Document Information
A4: Document ID | B4: ISMS-IMP-A.5.15-16-18.S4
A5: Workbook Title | B5: Role Compliance & Segregation of Duties Assessment
A6: Control Reference | B6: ISO/IEC 27001:2022 - Control A.5.15 & A.5.18: Access Control & Access Rights (RBAC/SoD)
A7: Version | B7: 1.0
A8: Assessment Date
A9: Completed By
A10: Organisation
A12: Instructions
A13: 1. Open this workbook and review the sheet tabs to understand the assessment scope.
A14: 2. Complete the Assessment Date and Prepared By fields in the Document Information table above.
A15: 3. Navigate to each data sheet and review the pre-populated sample data.
A16: 4. Replace sample data with actual organisation data for your environment.
A17: 5. Use the dropdown lists in each sheet for consistent status and category values.
A18: 6. Document all gaps and findings in the Gap Analysis sheet.
A19: 7. Collect supporting evidence and record references in the Evidence Register.
A20: 8. Obtain required approvals via the Approval Sign-Off sheet before submission.
... A23: Status Legend
A24: Symbol | B24: Status | C24: Description
A25: ✓ | B25: Compliant / Complete | C25: Requirement fully met
A26: ⚠ | B26: Partial / In Progress | C26: Partially met or in progress
A27: ✗ | B27: Non-Compliant / Not Started | C27: Requirement not met
A28: — | B28: Not Applicable | C28: Not applicable to this assessment

Sheet Role Catalog
A1: ROLE CATALOG - RBAC ROLE DEFINITIONS
A2: Catalog Date: 07.03.2026
A3: Total Roles: 30
A5: Role ID | B5: Role Name | C5: Department | D5: Description | E5: Systems/Access | F5: User Count | G5: Privileged | H5: Last Review | I5: Owner | J5: Status
A6: ROLE-001 | B6: IT Standard User | C6: IT | D6: Standard read/write access for IT personnel | E6: Active Directory, Email, Intranet | F6: 45 | G6: No | H6: 01.01.2026 | I6: IT Manager | J6: Active

Sheet Role Assignments
A1: ROLE ASSIGNMENTS - USER TO ROLE MAPPINGS
A2: Assessment Date: 07.03.2026
A3: Users with Roles: 80
A5: User ID | B5: Username | C5: Full Name | D5: Department | E5: Assigned Role | F5: Assignment Date | G5: Assignment Type | H5: Role Appropriate | I5: Verified By | J5: Status
A6: USR-0001 | B6: jsmith | C6: John Smith | D6: IT | E6: IT Standard User | F6: 01.01.2024 | G6: Automatic | H6: Yes | I6: IT Manager | J6: Active

Sheet Direct Access Users
A1: DIRECT ACCESS USERS - NON-RBAC ACCESS
A2: Assessment Date: 07.03.2026
A3: Direct Access Users: 20
A5: User ID | B5: Username | C5: Full Name | D5: Department | E5: System | F5: Access Level | G5: Granted Date | H5: Justification | I5: Migration Plan | J5: Status
A6: USR-0020 | B6: ldavis | C6: Linda Davis | D6: Finance | E6: Finance System | F6: Admin | G6: 15.06.2022 | H6: Legacy access before RBAC implementation | I6: Migrate to FINANCE-ADMIN role by Q2 2026 | J6: Non-Compliant

Sheet SoD Matrix
A1: SEGREGATION OF DUTIES MATRIX - CONFLICTING ROLE COMBINATIONS
A2: SoD Matrix Date: 07.03.2026
A3: Defined SoD Conflicts: 6
A5: Conflict ID | B5: Role A | C5: Role B | D5: Risk Level | E5: Description | F5: Rationale | G5: Compensating Controls | H5: Status
A6: SOD-001 | B6: IT Admin | C6: Finance Approver | D6: High | E6: IT Admin can approve own financial transactions | F6: Separation of financial approval from IT administration | G6: Dual approval required | H6: Active

Sheet SoD Violations
A1: SOD VIOLATIONS - DETECTED CONFLICTING ROLE ASSIGNMENTS
A2: Detection Date: 07.03.2026
A3: Violations Detected: 5
A5: Violation ID | B5: User ID | C5: Username | D5: Conflict ID | E5: Role A | F5: Role B | G5: Risk Level | H5: Detected Date | I5: Remediation Plan | J5: Due Date | K5: Status
A6: VIO-1000 | B6: USR-0005 | C6: mwilson | D6: SOD-001 | E6: IT Admin | F6: Finance Approver | G6: High | H6: 01.03.2026 | I6: Remove Finance Approver role from user | J6: 15.03.2026 | K6: Open

Sheet RBAC Metrics
A1: RBAC ADOPTION METRICS & KPIS
A2: Assessment Period: 07.03.2026
A4: Key Performance Indicators (KPIs)
A5: Metric | B5: Target | C5: Actual | D5: Status | E5: Gap | F5: Comments
A6: RBAC Adoption Rate | B6: ≥80% | C6: 80% | D6: Compliant | E6: 0% | F6: 80 users with roles, 20 with direct access
A7: Role Coverage | B7: 100% | C7: 100% | D7: Compliant | E7: 0% | F7: All departments have defined roles
A8: Role Assignment Accuracy | B8: ≥95% | C8: 90% | D8: Warning | E8: -5% | F8: 8 role assignments need review
A9: SoD Compliance | B9: 100% | C9: 95% | D9: Warning | E9: -5% | F9: 5 SoD violations detected
A10: Privileged Role Usage | B10: ≤10% | C10: 12% | D10: Warning | E10: +2% | F10: Slightly higher than target
A12: Overall RBAC & SoD Compliance Score
A13: Score Calculation | B13: (RBAC Adoption + SoD Compliance + Role Accuracy) / 3
A14: Overall Score | B14: 88%
A15: Maturity Level | B15: Managed (80-89%)

Sheet Gap Analysis
A1: GAP ANALYSIS - RBAC & SOD NON-COMPLIANCE
A2: Assessment Date: 07.03.2026
A4: Gap ID | B4: Category | C4: Description | D4: Risk Level | E4: Affected Items | F4: Root Cause | G4: Remediation Plan | H4: Owner | I4: Due Date | J4: Status
A5: GAP-001 | B5: RBAC Adoption | C5: 20 users with direct access (non-RBAC) | D5: Medium | E5: 20 users | F5: Legacy access before RBAC implementation | G5: Migrate users to appropriate roles by Q2 2026 | H5: IAM Manager | I5: 2026-06-30 | J5: Open

Sheet Evidence Register
A1: EVIDENCE REGISTER
A2: ISO/IEC 27001:2022 Annex A - Control A.5.15 & A.5.18: Access Control & Access Rights (RBAC/SoD)
A4: Evidence ID | B4: Evidence Type | C4: Description | D4: Related Control / Section | E4: Collection Date (DD.MM.YYYY) | F4: Storage Location / Reference | G4: Collected By | H4: Status
A5: EV-001 | B5: Document | C5: Sample evidence entry — replace with actual evidence | D5: All Controls | E5: 01.01.2026 | F5: SharePoint/ISMS/Evidence/ | G5: ISMS Team | H5: Active

Sheet Summary Dashboard
A1: ROLE & SOD COMPLIANCE — SUMMARY DASHBOARD
A2: ISO/IEC 27001:2022 — Controls A.5.15 & A.5.18: Access Control & Access Rights
A4: TABLE 1: ASSESSMENT AREA COMPLIANCE OVERVIEW
A5: Assessment Area | B5: Total Items | C5: Compliant / Active | D5: Partial / Under Review | E5: Non-Compliant / Inappropriate | F5: N/A | G5: Compliance %
A6: Role Catalog | B6: =COUNTA('Role Catalog'!A6:A56) | C6: =COUNTA('Role Catalog'!A6:A56) | D6: 0 | E6: 0 | F6: 0 | G6: =IF(B6=0,0,1)
A7: Role Assignments | B7: =COUNTA('Role Assignments'!A6:A56) | C7: =COUNTIF('Role Assignments'!H6:H56,"Yes") | D7: =COUNTIF('Role Assignments'!H6:H56,"Needs Review") | E7: =COUNTIF('Role Assignments'!H6:H56,"No") | F7: 0 | G7: =IF((B7-F7)=0,0,C7/(B7-F7))
A8: Direct Access Users | B8: =COUNTA('Direct Access Users'!A6:A56) | C8: 0 | D8: 0 | E8: =COUNTA('Direct Access Users'!A6:A56) | F8: 0 | G8: =IF(B8=0,1,0)
A9: SoD Violations | B9: =COUNTA('SoD Violations'!A6:A56) | C9: =COUNTIF('SoD Violations'!K6:K56,"Remediation In Progress")+COUNTIF('SoD Violations'!K6:K56,"Accepted") | D9: 0 | E9: =COUNTIF('SoD Violations'!K6:K56,"Open") | F9: 0 | G9: =IF((B9-F9)=0,0,C9/(B9-F9))
A10: Gap Analysis | B10: =COUNTA('Gap Analysis'!A6:A55) | C10: =COUNTIF('Gap Analysis'!J6:J55,"Resolved") | D10: =COUNTIF('Gap Analysis'!J6:J55,"In Progress") | E10: =COUNTIF('Gap Analysis'!J6:J55,"Open") | F10: 0 | G10: =IF((B10-F10)=0,0,C10/(B10-F10))
A11: TOTAL | B11: =SUM(B6:B10) | C11: =SUM(C6:C10) | D11: =SUM(D6:D10) | E11: =SUM(E6:E10) | F11: =SUM(F6:F10) | G11: =IF((B11-F11)=0,0,C11/(B11-F11))
A13: TABLE 2: KEY METRICS
A14: Metric | B14: Value
A15: Total Roles Defined | B15: =COUNTA('Role Catalog'!A6:A56)
A16: Total Users Assessed | B16: =COUNTA('Role Assignments'!A6:A56)
A17: Roles Appropriately Assigned | B17: =COUNTIF('Role Assignments'!H6:H56,"Yes")
A18: Roles Needing Review | B18: =COUNTIF('Role Assignments'!H6:H56,"Needs Review")
A19: Inappropriate Role Assignments | B19: =COUNTIF('Role Assignments'!H6:H56,"No")
A20: Non-RBAC (Direct Access) Users | B20: =COUNTA('Direct Access Users'!A6:A56)
A21: SoD Conflicts Defined | B21: =COUNTA('SoD Matrix'!A6:A15)
A22: SoD Violations Detected | B22: =COUNTA('SoD Violations'!A6:A56)
A23: SoD Violations Open | B23: =COUNTIF('SoD Violations'!K6:K56,"Open")
A24: SoD Violations Remediated | B24: =COUNTIF('SoD Violations'!K6:K56,"Remediation In Progress")+COUNTIF('SoD Violations'!K6:K56,"Accepted")
A25: Open RBAC Gaps | B25: =COUNTIF('Gap Analysis'!J6:J55,"Open")
A26: RBAC Adoption Rate | B26: =IFERROR(COUNTA('Role Assignments'!A6:A56)/(COUNTA('Role Assignments'!A6:A56)+COUNTA('Direct Access Users'!A6:A56)),0)
A30: TABLE 3: CRITICAL FINDINGS REQUIRING IMMEDIATE ATTENTION
A31: Category | B31: Finding | C31: Count | D31: Severity | E31: Action Required
A32: Segregation of Duties | B32: Open SoD violations (unresolved) | C32: =COUNTIF('SoD Violations'!K6:K56,"Open") | D32: Critical | E32: Immediate
A33: RBAC Compliance | B33: Users with inappropriate role assignments | C33: =COUNTIF('Role Assignments'!H6:H56,"No") | D33: Critical | E33: Immediate
A34: Access Control | B34: Non-RBAC users (direct access, not role-based) | C34: =COUNTA('Direct Access Users'!A6:A56) | D34: High | E34: Urgent
A35: RBAC Compliance | B35: Role assignments needing review | C35: =COUNTIF('Role Assignments'!H6:H56,"Needs Review") | D35: High | E35: Urgent
A36: Segregation of Duties | B36: SoD violations in remediation | C36: =COUNTIF('SoD Violations'!K6:K56,"Remediation In Progress") | D36: Medium | E36: Plan
A37: Gap Analysis | B37: High-risk RBAC gaps | C37: =COUNTIF('Gap Analysis'!D6:D55,"High") | D37: Critical | E37: Immediate
A38: Gap Analysis | B38: Open RBAC/SoD gaps | C38: =COUNTIF('Gap Analysis'!J6:J55,"Open") | D38: High | E38: Urgent
A39: Access Control | B39: SoD conflicts defined vs. violations ratio | C39: =IFERROR(COUNTA('SoD Violations'!A6:A56)/COUNTA('SoD Matrix'!A6:A15),0) | D39: Medium | E39: Plan

Sheet Approval Sign-Off
A1: ASSESSMENT APPROVAL AND SIGN-OFF
A2: ISO/IEC 27001:2022 - Control A.5.15 & A.5.18: Access Control & Access Rights (RBAC/SoD)
A3: ASSESSMENT SUMMARY
A4: Document: | B4: ISMS-IMP-A.5.15-16-18.S4 - Role Compliance & Segregation of Duties Assessment
A5: Assessment Period:
A6: Overall Compliance Rating: | B6: =IFERROR(AVERAGE('Summary Dashboard'!G6:G10),"")
A7: Assessment Status:
A8: Assessed By:
A11: COMPLETED BY (ASSESSOR)
A12: Name:
A13: Title:
A14: Date:
A15: Signature:
A16: Comments:
A18: REVIEWED BY (INFORMATION SECURITY OFFICER)
A19: Name:
A20: Title:
A21: Date:
... A38: Special Considerations:
