Workbook

Sheet Instructions & Legend
A1: ISMS-IMP-A.5.15-16-18.S3 - Access Review Results Assessment ISO/IEC 27001:2022 - Control A.5.15 & A.5.18: Access Control & Access Rights
A3: Document Information
A4: Document ID | B4: ISMS-IMP-A.5.15-16-18.S3
A5: Workbook Title | B5: Access Review Results Assessment
A6: Control Reference | B6: ISO/IEC 27001:2022 - Control A.5.15 & A.5.18: Access Control & Access Rights
A7: Version | B7: 1.0
A8: Assessment Date
A9: Completed By
A10: Organisation
A12: Instructions
A13: 1. Open this workbook and review the sheet tabs to understand the assessment scope.
A14: 2. Complete the Assessment Date and Prepared By fields in the Document Information table above.
A15: 3. Navigate to each data sheet and review the pre-populated sample data.
A16: 4. Replace sample data with actual organisation data for your environment.
A17: 5. Use the dropdown lists in each sheet for consistent status and category values.
A18: 6. Document all gaps and findings in the Gap Analysis sheet.
A19: 7. Collect supporting evidence and record references in the Evidence Register.
A20: 8. Obtain required approvals via the Approval Sign-Off sheet before submission.
... A23: Status Legend
A24: Symbol | B24: Status | C24: Description
A25: ✓ | B25: Compliant / Complete | C25: Requirement fully met
A26: ⚠ | B26: Partial / In Progress | C26: Partially met or in progress
A27: ✗ | B27: Non-Compliant / Not Started | C27: Requirement not met
A28: — | B28: Not Applicable | C28: Not applicable to this assessment

Sheet Review Schedule
A1: ACCESS REVIEW SCHEDULE - 2026 ANNUAL CALENDAR
A2: Schedule Generated: 01.03.2026
A3: Scheduled Reviews: 80
A5: Review ID | B5: System/Application | C5: Criticality | D5: Review Period | E5: Frequency | F5: Reviewer | G5: Reviewer Role | H5: Due Date | I5: Est. Users | J5: Status
A6: REV-001 | B6: Active Directory | C6: Critical | D6: Q1 2026 | E6: Quarterly | F6: J. Smith | G6: IT Manager | H6: 31.03.2026 | I6: 150 | J6: Scheduled

Sheet Review Completion
A1: REVIEW COMPLETION TRACKING - EXECUTION STATUS
A2: Assessment Date: 01.03.2026
A4: Review ID | B4: System | C4: Review Period | D4: Reviewer | E4: Due Date | F4: Start Date | G4: Completion Date | H4: Days to Complete | I4: Users Reviewed | J4: Access Confirmed | K4: Access Removed | L4: Status
A5: REV-001 | B5: Active Directory | C5: Q1 2026 | D5: J. Smith | E5: 31.03.2026 | F5: 10.03.2026 | G5: 25.03.2026 | H5: 15 | I5: 150 | J5: 135 | K5: 15 | L5: Completed

Sheet Review Findings
A1: REVIEW FINDINGS - DETAILED ACTIONS
A2: Assessment Date: 01.03.2026
A3: Total Findings: 60
A5: Finding ID | B5: Review ID | C5: System | D5: Username | E5: Access Level | F5: Action | G5: Reason | H5: Priority | I5: Completion Date | J5: Days to Remediate | K5: Status
A6: FIND-001 | B6: REV-001 | C6: Active Directory | D6: jsmith | E6: Read/Write | F6: Confirm | G6: Correct access for role | H6: Low | I6: 25.03.2026 | J6: 3 | K6: Completed

Sheet Overdue Reviews
A1: OVERDUE REVIEWS - ESCALATION REQUIRED
A2: Assessment Date: 01.03.2026
A3: Overdue Reviews: 0
A5: Review ID | B5: System | C5: Criticality | D5: Reviewer | E5: Due Date | F5: Days Overdue | G5: Escalation Level | H5: Escalation Date | I5: Escalated To | J5: Status
A6: REV-010 | B6: CRM System | C6: High | D6: P. Jones | E6: 31.01.2026 | F6: 28 | G6: Level 2: Manager | H6: 01.02.2026 | I6: P. Jones + Manager | J6: Overdue

Sheet Reviewer Performance
A1: REVIEWER PERFORMANCE METRICS - RESPONSIVENESS
A2: Assessment Period: 01.03.2026
A4: Reviewer Name | B4: Role | C4: Department | D4: Total Reviews | E4: Completed | F4: Overdue | G4: Completion Rate | H4: Avg Days to Complete | I4: Performance | J4: Status
A5: John Smith | B5: IT Manager | C5: IT | D5: 8 | E5: 7 | F5: 1 | G5: 88% | H5: 7 | I5: Good | J5: Compliant

Sheet Review Metrics
A1: ACCESS REVIEW COMPLIANCE METRICS - KPIS
A2: Assessment Period: 01.03.2026
A4: Key Performance Indicators (KPIs)
A5: Metric | B5: Target | C5: Actual | D5: Status | E5: Gap | F5: Comments
A6: Review Completion Rate | B6: ≥95% | C6: 87% | D6: Warning | E6: -8% | F6: 12 reviews overdue
A7: On-Time Completion | B7: ≥90% | C7: 83% | D7: Warning | E7: -7% | F7: Reviews completed late
A8: Finding Remediation Rate | B8: ≥95% | C8: 78% | D8: Non-Compliant | E8: -17% | F8: 18 findings pending
A9: Reviewer Response Rate | B9: 100% | C9: 92% | D9: Warning | E9: -8% | F9: 3 unresponsive reviewers
A10: Access Removal Rate | B10: 8-15% | C10: 12% | D10: Compliant | E10: 0% | F10: Within expected range
A12: Overall Access Review Compliance Score
A13: Score Calculation | B13: (Completion Rate + Remediation Rate + Reviewer Response) / 3
A14: Overall Score | B14: 86%
A15: Maturity Level | B15: Managed (80-89%)

Sheet Gap Analysis
A1: GAP ANALYSIS - REVIEW PROCESS NON-COMPLIANCE
A2: Assessment Date: 01.03.2026
A4: Gap ID | B4: Category | C4: Description | D4: Risk Level | E4: Affected Items | F4: Root Cause | G4: Remediation Plan | H4: Owner | I4: Due Date | J4: Status
A5: GAP-001 | B5: Review Completion | C5: 12 reviews past due date | D5: High | E5: 12 reviews | F5: Unresponsive reviewers, lack of follow-up | G5: Implement automated escalation workflow | H5: Security Manager | I5: 2026-06-30 | J5: Open

Sheet Evidence Register
A1: EVIDENCE REGISTER
A2: ISO/IEC 27001:2022 Annex A - Control A.5.15 & A.5.18: Access Control & Access Rights
A4: Evidence ID | B4: Evidence Type | C4: Description | D4: Related Control / Section | E4: Collection Date (DD.MM.YYYY) | F4: Storage Location / Reference | G4: Collected By | H4: Status
A5: EV-001 | B5: Document | C5: Sample evidence entry — replace with actual evidence | D5: All Controls | E5: 01.01.2026 | F5: SharePoint/ISMS/Evidence/ | G5: ISMS Team | H5: Active

Sheet Summary Dashboard
A1: ACCESS REVIEW RESULTS — SUMMARY DASHBOARD
A2: ISO/IEC 27001:2022 — Controls A.5.15 & A.5.18: Access Control & Access Rights
A4: TABLE 1: ASSESSMENT AREA COMPLIANCE OVERVIEW
A5: Assessment Area | B5: Total Items | C5: Compliant / Completed | D5: Partial / Scheduled | E5: Non-Compliant / Overdue | F5: N/A | G5: Compliance %
A6: Review Schedule | B6: =COUNTA('Review Schedule'!A6:A56) | C6: =COUNTIF('Review Schedule'!J6:J56,"Completed") | D6: =COUNTIF('Review Schedule'!J6:J56,"Scheduled") | E6: =COUNTIF('Review Schedule'!J6:J56,"Overdue") | F6: 0 | G6: =IF((B6-F6)=0,0,C6/(B6-F6))
A7: Review Findings | B7: =COUNTA('Review Findings'!A6:A56) | C7: =COUNTIF('Review Findings'!K6:K56,"Completed") | D7: =COUNTIF('Review Findings'!K6:K56,"In Progress") | E7: =COUNTIF('Review Findings'!K6:K56,"Overdue") | F7: 0 | G7: =IF((B7-F7)=0,0,C7/(B7-F7))
A8: Overdue Reviews | B8: =COUNTA('Overdue Reviews'!A6:A56) | C8: 0 | D8: 0 | E8: =COUNTA('Overdue Reviews'!A6:A56) | F8: 0 | G8: =IF(B8=0,0,1-(E8/B8))
A9: Reviewer Performance | B9: =COUNTA('Reviewer Performance'!A5:A55) | C9: =COUNTIF('Reviewer Performance'!I5:I55,"Excellent")+COUNTIF('Reviewer Performance'!I5:I55,"Good") | D9: 0 | E9: =COUNTIF('Reviewer Performance'!I5:I55,"Needs Improvement") | F9: 0 | G9: =IF((B9-F9)=0,0,C9/(B9-F9))
A10: Gap Analysis | B10: =COUNTA('Gap Analysis'!A6:A55) | C10: =COUNTIF('Gap Analysis'!J6:J55,"Resolved") | D10: =COUNTIF('Gap Analysis'!J6:J55,"In Progress") | E10: =COUNTIF('Gap Analysis'!J6:J55,"Open") | F10: 0 | G10: =IF((B10-F10)=0,0,C10/(B10-F10))
A11: TOTAL | B11: =SUM(B6:B10) | C11: =SUM(C6:C10) | D11: =SUM(D6:D10) | E11: =SUM(E6:E10) | F11: =SUM(F6:F10) | G11: =IF((B11-F11)=0,0,C11/(B11-F11))
A13: TABLE 2: KEY METRICS
A14: Metric | B14: Value
A15: Total Reviews Scheduled | B15: =COUNTA('Review Schedule'!A6:A56)
A16: Reviews Completed | B16: =COUNTIF('Review Schedule'!J6:J56,"Completed")
A17: Reviews Overdue | B17: =COUNTIF('Review Schedule'!J6:J56,"Overdue")
A18: Total Review Findings | B18: =COUNTA('Review Findings'!A6:A56)
A19: Findings Completed | B19: =COUNTIF('Review Findings'!K6:K56,"Completed")
A20: Findings In Progress | B20: =COUNTIF('Review Findings'!K6:K56,"In Progress")
A21: Overdue Findings | B21: =COUNTIF('Review Findings'!K6:K56,"Overdue")
A22: Overdue Reviews (Escalated) | B22: =COUNTA('Overdue Reviews'!A6:A56)
A23: Total Reviewers | B23: =COUNTA('Reviewer Performance'!A5:A55)
A24: High-Performing Reviewers | B24: =COUNTIF('Reviewer Performance'!I5:I55,"Excellent")
A25: Reviewers Needing Improvement | B25: =COUNTIF('Reviewer Performance'!I5:I55,"Needs Improvement")
A26: Open Review Gaps | B26: =COUNTIF('Gap Analysis'!J6:J55,"Open")
A30: TABLE 3: CRITICAL FINDINGS REQUIRING IMMEDIATE ATTENTION
A31: Category | B31: Finding | C31: Count | D31: Severity | E31: Action Required
A32: Access Reviews | B32: Overdue scheduled reviews | C32: =COUNTIF('Review Schedule'!J6:J56,"Overdue") | D32: Critical | E32: Immediate
A33: Review Findings | B33: Overdue review findings (not actioned) | C33: =COUNTIF('Review Findings'!K6:K56,"Overdue") | D33: Critical | E33: Immediate
A34: Review Escalation | B34: Escalated overdue reviews | C34: =COUNTA('Overdue Reviews'!A6:A56) | D34: High | E34: Urgent
A35: Reviewer Performance | B35: Reviewers needing performance improvement | C35: =COUNTIF('Reviewer Performance'!I5:I55,"Needs Improvement") | D35: Medium | E35: Plan
A36: Access Reviews | B36: Reviews still scheduled (backlog) | C36: =COUNTIF('Review Schedule'!J6:J56,"Scheduled") | D36: Medium | E36: Plan
A37: Review Findings | B37: Findings in progress (not yet completed) | C37: =COUNTIF('Review Findings'!K6:K56,"In Progress") | D37: Medium | E37: Plan
A38: Gap Analysis | B38: High-risk review gaps | C38: =COUNTIF('Gap Analysis'!D6:D55,"High") | D38: High | E38: Urgent
A39: Gap Analysis | B39: Total open review gaps | C39: =COUNTIF('Gap Analysis'!J6:J55,"Open") | D39: High | E39: Urgent

Sheet Approval Sign-Off
A1: ASSESSMENT APPROVAL AND SIGN-OFF
A2: ISO/IEC 27001:2022 - Control A.5.15 & A.5.18: Access Control & Access Rights
A3: ASSESSMENT SUMMARY
A4: Document: | B4: ISMS-IMP-A.5.15-16-18.S3 - Access Review Results Assessment
A5: Assessment Period:
A6: Overall Compliance Rating: | B6: =IFERROR(AVERAGE('Summary Dashboard'!G6:G10),"")
A7: Assessment Status:
A8: Assessed By:
A11: COMPLETED BY (ASSESSOR)
A12: Name:
A13: Title:
A14: Date:
A15: Signature:
A16: Comments:
A18: REVIEWED BY (INFORMATION SECURITY OFFICER)
A19: Name:
A20: Title:
A21: Date:
... A38: Special Considerations:
