Workbook

Sheet Instructions & Legend
A1: ISMS-IMP-A.5.15-16-18.S2 - Access Rights Matrix Assessment ISO/IEC 27001:2022 - Control A.5.18: Access Rights
A3: Document Information
A4: Document ID | B4: ISMS-IMP-A.5.15-16-18.S2
A5: Workbook Title | B5: Access Rights Matrix Assessment
A6: Control Reference | B6: ISO/IEC 27001:2022 - Control A.5.18: Access Rights
A7: Version | B7: 1.0
A8: Assessment Date
A9: Completed By
A10: Organisation
A12: Instructions
A13: 1. Review this sheet to understand the assessment structure and status conventions.
A14: 2. Complete the Access Matrix sheet mapping all users to systems with access levels.
A15: 3. Complete the Role Assignments sheet documenting RBAC role-to-user mappings.
A16: 4. Complete the Group Memberships sheet with all group membership details.
A17: 5. Complete the Privileged Access sheet tracking admin and elevated-rights accounts.
A18: 6. Complete the Access Documentation sheet verifying business justification records.
A19: 7. Review the Coverage Analysis sheet for system-level access statistics.
A20: 8. Complete the Gap Analysis sheet with all non-compliance findings.
... A24: Status Legend
A25: Symbol | B25: Status | C25: Description
A26: ✓ | B26: Compliant / Complete | C26: Requirement fully met
A27: ⚠ | B27: Partial / In Progress | C27: Partially met or in progress
A28: ✗ | B28: Non-Compliant / Not Started | C28: Requirement not met
A29: — | B29: Not Applicable | C29: Not applicable to this assessment

Sheet Access Matrix
A1: ACCESS RIGHTS MATRIX - USER X SYSTEM MAPPING
A2: Assessment Date: 10.03.2026
A3: Access Mappings: 150
A5: User ID | B5: Username | C5: Full Name | D5: Department | E5: System/Application | F5: Access Level | G5: Access Type | H5: Granted Date | I5: Granted By | J5: Last Used | K5: Status
A6: USR-0001 | B6: jsmith | C6: John Smith | D6: IT | E6: Active Directory | F6: Read/Write | G6: Role-Based | H6: 01.01.2024 | I6: IT Manager | J6: 28.02.2026 | K6: Active

Sheet Role Assignments
A1: ROLE ASSIGNMENTS - RBAC IMPLEMENTATION
A2: Assessment Date: 10.03.2026
A3: Users with Roles: 80
A5: User ID | B5: Username | C5: Full Name | D5: Department | E5: Assigned Role | F5: Assignment Date | G5: Assignment Type | H5: Status
A6: USR-0001 | B6: jsmith | C6: John Smith | D6: IT | E6: IT Standard User | F6: 01.01.2024 | G6: Automatic | H6: Active

Sheet Group Memberships
A1: GROUP MEMBERSHIP DETAILS
A2: Assessment Date: 10.03.2026
A4: Group Name | B4: Group Type | C4: Purpose | D4: Owner | E4: Member Count | F4: Created Date | G4: Last Modified | H4: Nested Groups | I4: Review Frequency | J4: Status
A5: SEC-IT-Read | B5: Security | C5: Security group for IT read access | D5: IT Manager | E5: 25 | F5: 01.01.2023 | G5: 01.02.2026 | H5: No | I5: Quarterly | J5: Active

Sheet Privileged Access
A1: PRIVILEGED ACCESS TRACKING - ADMIN & ELEVATED RIGHTS
A2: Assessment Date: 10.03.2026
A3: Privileged Users: 25
A5: User ID | B5: Username | C5: Full Name | D5: Department | E5: System | F5: Privilege Level | G5: Granted Date | H5: Business Justification | I5: Approved By | J5: Last Review | K5: Status
A6: USR-0010 | B6: aadmin | C6: Alice Admin | D6: IT | E6: Active Directory | F6: Domain Admin | G6: 01.06.2023 | H6: IT infrastructure management | I6: IT Manager | J6: 01.12.2025 | K6: Compliant

Sheet Access Documentation
A1: ACCESS DOCUMENTATION COMPLETENESS - BUSINESS JUSTIFICATION
A2: Assessment Date: 10.03.2026
A4: Access ID | B4: Username | C4: System | D4: Access Level | E4: Granted Date | F4: Business Justification | G4: Approver | H4: Approval Date | I4: Documentation Quality | J4: Status
A5: ACC-10001 | B5: jsmith | C5: Active Directory | D5: Read/Write | E5: 01.01.2024 | F5: New hire — requires AD access for IT role | G5: Manager | H5: 02.01.2024 | I5: Complete | J5: Compliant

Sheet Coverage Analysis
A1: COVERAGE ANALYSIS - SYSTEM-LEVEL ACCESS STATISTICS
A2: Assessment Date: 10.03.2026
A4: System/Application | B4: Criticality | C4: Total Users | D4: Read Access | E4: Write Access | F4: Admin Access | G4: RBAC Adoption | H4: Review Frequency
A5: Active Directory | B5: Critical | C5: 150 | D5: 100 | E5: 40 | F5: 10 | G5: 95% | H5: Quarterly

Sheet Gap Analysis
A1: GAP ANALYSIS - ACCESS RIGHTS NON-COMPLIANCE
A2: Assessment Date: 10.03.2026
A4: Gap ID | B4: Category | C4: Description | D4: Risk Level | E4: Affected Items | F4: Root Cause | G4: Remediation Plan | H4: Owner | I4: Due Date | J4: Status
A5: GAP-001 | B5: Documentation | C5: 15 access grants missing business justification | D5: Medium | E5: 15 users | F5: Manual provisioning without ticketing system | G5: Implement access request workflow | H5: Security Manager | I5: 2026-06-30 | J5: Open

Sheet Evidence Register
A1: EVIDENCE REGISTER
A2: ISO/IEC 27001:2022 Annex A - Control A.5.18: Access Rights
A4: Evidence ID | B4: Evidence Type | C4: Description | D4: Related Control / Section | E4: Collection Date (DD.MM.YYYY) | F4: Storage Location / Reference | G4: Collected By | H4: Status
A5: EV-001 | B5: Document | C5: Sample evidence entry — replace with actual evidence | D5: All Controls | E5: 01.01.2026 | F5: SharePoint/ISMS/Evidence/ | G5: ISMS Team | H5: Active

Sheet Summary Dashboard
A1: ACCESS RIGHTS MATRIX — SUMMARY DASHBOARD
A2: ISO/IEC 27001:2022 — Control A.5.18: Access Rights
A4: TABLE 1: ASSESSMENT AREA COMPLIANCE OVERVIEW
A5: Assessment Area | B5: Total Items | C5: Compliant | D5: Partial / Warning | E5: Non-Compliant | F5: N/A | G5: Compliance %
A6: Access Matrix | B6: =COUNTA('Access Matrix'!A6:A56) | C6: =COUNTIF('Access Matrix'!K6:K56,"Active")+COUNTIF('Access Matrix'!K6:K56,"Recently Used") | D6: 0 | E6: =COUNTIF('Access Matrix'!K6:K56,"Inactive")+COUNTIF('Access Matrix'!K6:K56,"Never Used") | F6: 0 | G6: =IF((B6-F6)=0,0,C6/(B6-F6))
A7: Privileged Access | B7: =COUNTA('Privileged Access'!A6:A56) | C7: =COUNTIF('Privileged Access'!K6:K56,"Compliant") | D7: =COUNTIF('Privileged Access'!K6:K56,"Review Required") | E7: =COUNTIF('Privileged Access'!K6:K56,"Non-Compliant") | F7: 0 | G7: =IF((B7-F7)=0,0,C7/(B7-F7))
A8: Access Documentation | B8: =COUNTA('Access Documentation'!A5:A55) | C8: =COUNTIF('Access Documentation'!J5:J55,"Compliant") | D8: 0 | E8: =COUNTIF('Access Documentation'!J5:J55,"Non-Compliant") | F8: 0 | G8: =IF((B8-F8)=0,0,C8/(B8-F8))
A9: Role Assignments | B9: =COUNTA('Role Assignments'!A6:A56) | C9: =COUNTIF('Role Assignments'!H6:H56,"Active") | D9: 0 | E9: =COUNTIF('Role Assignments'!H6:H56,"Terminated")+COUNTIF('Role Assignments'!H6:H56,"Inactive") | F9: 0 | G9: =IF((B9-F9)=0,0,C9/(B9-F9))
A10: Gap Analysis | B10: =COUNTA('Gap Analysis'!A6:A55) | C10: =COUNTIF('Gap Analysis'!J6:J55,"Resolved") | D10: =COUNTIF('Gap Analysis'!J6:J55,"In Progress") | E10: =COUNTIF('Gap Analysis'!J6:J55,"Open") | F10: 0 | G10: =IF((B10-F10)=0,0,C10/(B10-F10))
A11: TOTAL | B11: =SUM(B6:B10) | C11: =SUM(C6:C10) | D11: =SUM(D6:D10) | E11: =SUM(E6:E10) | F11: =SUM(F6:F10) | G11: =IF((B11-F11)=0,0,C11/(B11-F11))
A13: TABLE 2: KEY METRICS
A14: Metric | B14: Value
A15: Total Access Mappings | B15: =COUNTA('Access Matrix'!A6:A56)
A16: Active Access Assignments | B16: =COUNTIF('Access Matrix'!K6:K56,"Active")
A17: Inactive / Unused Access (Review Required) | B17: =COUNTIF('Access Matrix'!K6:K56,"Inactive")+COUNTIF('Access Matrix'!K6:K56,"Never Used")
A18: Total Privileged Access Users | B18: =COUNTA('Privileged Access'!A6:A56)
A19: Privileged Access Compliant | B19: =COUNTIF('Privileged Access'!K6:K56,"Compliant")
A20: Privileged Access Needing Review | B20: =COUNTIF('Privileged Access'!K6:K56,"Review Required")
A21: Access Documentation Complete | B21: =COUNTIF('Access Documentation'!J5:J160,"Compliant")
A22: Access Without Documentation | B22: =COUNTIF('Access Documentation'!J5:J160,"Non-Compliant")
A23: RBAC User Count | B23: =COUNTA('Role Assignments'!A6:A56)
A24: Role Assignments Active | B24: =COUNTIF('Role Assignments'!H6:H56,"Active")
A25: Open Access Rights Gaps | B25: =COUNTIF('Gap Analysis'!J6:J55,"Open")
A26: Systems with Access Coverage | B26: =COUNTA('Coverage Analysis'!A5:A20)
A30: TABLE 3: CRITICAL FINDINGS REQUIRING IMMEDIATE ATTENTION
A31: Category | B31: Finding | C31: Count | D31: Severity | E31: Action Required
A32: Privileged Access | B32: Non-compliant privileged access records | C32: =COUNTIF('Privileged Access'!K6:K56,"Non-Compliant") | D32: Critical | E32: Immediate
A33: Privileged Access | B33: Privileged access needing review | C33: =COUNTIF('Privileged Access'!K6:K56,"Review Required") | D33: High | E33: Urgent
A34: Access Documentation | B34: Access without business justification | C34: =COUNTIF('Access Documentation'!J5:J160,"Non-Compliant") | D34: High | E34: Urgent
A35: Access Matrix | B35: Inactive access (potential orphaned rights) | C35: =COUNTIF('Access Matrix'!K6:K56,"Inactive") | D35: High | E35: Urgent
A36: Access Matrix | B36: Access never used (provisioned but inactive) | C36: =COUNTIF('Access Matrix'!K6:K56,"Never Used") | D36: Medium | E36: Plan
A37: Role Management | B37: Terminated / inactive role assignments | C37: =COUNTIF('Role Assignments'!H6:H56,"Terminated")+COUNTIF('Role Assignments'!H6:H56,"Inactive") | D37: High | E37: Urgent
A38: Gap Analysis | B38: High-risk open access gaps | C38: =COUNTIF('Gap Analysis'!D6:D55,"High") | D38: Critical | E38: Immediate
A39: Gap Analysis | B39: Total open access gaps | C39: =COUNTIF('Gap Analysis'!J6:J55,"Open") | D39: High | E39: Urgent

Sheet Approval Sign-Off
A1: ASSESSMENT APPROVAL AND SIGN-OFF
A2: ISO/IEC 27001:2022 - Control A.5.18: Access Rights
A3: ASSESSMENT SUMMARY
A4: Document: | B4: ISMS-IMP-A.5.15-16-18.S2 - Access Rights Matrix Assessment
A5: Assessment Period:
A6: Overall Compliance Rating: | B6: =IFERROR(AVERAGE('Summary Dashboard'!G6:G10),"")
A7: Assessment Status:
A8: Assessed By:
A11: COMPLETED BY (ASSESSOR)
A12: Name:
A13: Title:
A14: Date:
A15: Signature:
A16: Comments:
A18: REVIEWED BY (INFORMATION SECURITY OFFICER)
A19: Name:
A20: Title:
A21: Date:
... A38: Special Considerations:
