Workbook

Sheet Instructions
A1: ISMS-IMP-A.8.9.3 - Configuration Monitoring Assessment ISO/IEC 27001:2022 - Control A.8.9: Configuration Management
A3: Document ID: | B3: ISMS-IMP-A.8.9.3
A4: Assessment: | B4: Configuration Monitoring Assessment
A5: Version: | B5: 1.0
A6: Generated: | B6: 08.02.2026 12:26
A9: ASSESSMENT OVERVIEW
A10: ━━━━━━━━━━━━━━━━━━━━━━━━━━━━━━━━━━━━━━━━━━━━━━━━━━━━━━━━━━━━━━━━━━━━━━━━━━━━━━━━
A12: Purpose:
A13: This workbook evaluates configuration monitoring and drift detection effectiveness. It verifies that configuration states are continuously monitored against approved baselines, deviations are detected promptly, and corrective actions are tracked. Provides evidence of ISO 27001:2022 Control A.8.9 monitoring compliance.
A15: Assessment Scope:
A16: • Configuration monitoring coverage (which assets are monitored)
A17: • Drift detection capabilities (automated vs. manual)
A18: • Baseline compliance verification frequency
A19: • Drift alerting and notification workflows
A20: • Drift incident tracking and remediation
A21: • False positive management
A22: • Monitoring tool effectiveness
... A261: Generated: 08.02.2026 | Version: 1.0 | Document ID: ISMS-IMP-A.8.9.3

Sheet Lookup_Tables
A1: Asset Type | B1: Asset Category
A2: Physical Server | B2: Infrastructure
A3: Virtual Machine | B3: Infrastructure
A4: Hypervisor | B4: Infrastructure
A5: Network Switch | B5: Infrastructure
A6: Router | B6: Infrastructure
A7: Firewall | B7: Infrastructure
A8: Load Balancer | B8: Infrastructure
A9: Storage Array | B9: Infrastructure
A10: Backup Appliance | B10: Infrastructure
A11: UPS | B11: Infrastructure
A12: HVAC | B12: Infrastructure
... A44: Medical Device | B44: IoT/OT

Sheet Monitoring_Coverage_Register
A1: Configuration Monitoring Coverage Register
A2: Asset ID | B2: Asset Name | C2: Asset Type | D2: Asset Category | E2: Asset Criticality | F2: Monitoring Tier | G2: Monitoring Status | H2: Monitoring Method | I2: Monitoring Tool/System | J2: Check Frequency | K2: Baseline Reference | L2: Last Monitored Date | M2: Monitoring Configuration Location | N2: Coverage Compliance | O2: Gap Justification | P2: Notes
D3: =IFERROR(VLOOKUP(C3,Lookup_Tables!$A$2:$B$44,2,FALSE),"") | F3: =IF(E3="Critical","Tier 1 - Critical Assets",IF(E3="High","Tier 2 - High Value Assets",IF(E3="Medium","Tier 3 - Standard Assets","Tier 4 - Low Risk Assets"))) | N3: =IF(G3="Excluded","Excluded",IF(E3="Critical",IF(AND(G3="Monitored",OR(H3="Automated Continuous",H3="Hybrid")),"Compliant","Non-Compliant"),IF(E3="High",IF(G3="Monitored","Compliant",IF(G3="Partially Monitored","Partial","Non-Compliant")),IF(G3="Not Monitored","Non-Compliant","Compliant"))))
D4: =IFERROR(VLOOKUP(C4,Lookup_Tables!$A$2:$B$44,2,FALSE),"") | F4: =IF(E4="Critical","Tier 1 - Critical Assets",IF(E4="High","Tier 2 - High Value Assets",IF(E4="Medium","Tier 3 - Standard Assets","Tier 4 - Low Risk Assets"))) | N4: =IF(G4="Excluded","Excluded",IF(E4="Critical",IF(AND(G4="Monitored",OR(H4="Automated Continuous",H4="Hybrid")),"Compliant","Non-Compliant"),IF(E4="High",IF(G4="Monitored","Compliant",IF(G4="Partially Monitored","Partial","Non-Compliant")),IF(G4="Not Monitored","Non-Compliant","Compliant"))))
D5: =IFERROR(VLOOKUP(C5,Lookup_Tables!$A$2:$B$44,2,FALSE),"") | F5: =IF(E5="Critical","Tier 1 - Critical Assets",IF(E5="High","Tier 2 - High Value Assets",IF(E5="Medium","Tier 3 - Standard Assets","Tier 4 - Low Risk Assets"))) | N5: =IF(G5="Excluded","Excluded",IF(E5="Critical",IF(AND(G5="Monitored",OR(H5="Automated Continuous",H5="Hybrid")),"Compliant","Non-Compliant"),IF(E5="High",IF(G5="Monitored","Compliant",IF(G5="Partially Monitored","Partial","Non-Compliant")),IF(G5="Not Monitored","Non-Compliant","Compliant"))))
D6: =IFERROR(VLOOKUP(C6,Lookup_Tables!$A$2:$B$44,2,FALSE),"") | F6: =IF(E6="Critical","Tier 1 - Critical Assets",IF(E6="High","Tier 2 - High Value Assets",IF(E6="Medium","Tier 3 - Standard Assets","Tier 4 - Low Risk Assets"))) | N6: =IF(G6="Excluded","Excluded",IF(E6="Critical",IF(AND(G6="Monitored",OR(H6="Automated Continuous",H6="Hybrid")),"Compliant","Non-Compliant"),IF(E6="High",IF(G6="Monitored","Compliant",IF(G6="Partially Monitored","Partial","Non-Compliant")),IF(G6="Not Monitored","Non-Compliant","Compliant"))))
D7: =IFERROR(VLOOKUP(C7,Lookup_Tables!$A$2:$B$44,2,FALSE),"") | F7: =IF(E7="Critical","Tier 1 - Critical Assets",IF(E7="High","Tier 2 - High Value Assets",IF(E7="Medium","Tier 3 - Standard Assets","Tier 4 - Low Risk Assets"))) | N7: =IF(G7="Excluded","Excluded",IF(E7="Critical",IF(AND(G7="Monitored",OR(H7="Automated Continuous",H7="Hybrid")),"Compliant","Non-Compliant"),IF(E7="High",IF(G7="Monitored","Compliant",IF(G7="Partially Monitored","Partial","Non-Compliant")),IF(G7="Not Monitored","Non-Compliant","Compliant"))))
D8: =IFERROR(VLOOKUP(C8,Lookup_Tables!$A$2:$B$44,2,FALSE),"") | F8: =IF(E8="Critical","Tier 1 - Critical Assets",IF(E8="High","Tier 2 - High Value Assets",IF(E8="Medium","Tier 3 - Standard Assets","Tier 4 - Low Risk Assets"))) | N8: =IF(G8="Excluded","Excluded",IF(E8="Critical",IF(AND(G8="Monitored",OR(H8="Automated Continuous",H8="Hybrid")),"Compliant","Non-Compliant"),IF(E8="High",IF(G8="Monitored","Compliant",IF(G8="Partially Monitored","Partial","Non-Compliant")),IF(G8="Not Monitored","Non-Compliant","Compliant"))))
D9: =IFERROR(VLOOKUP(C9,Lookup_Tables!$A$2:$B$44,2,FALSE),"") | F9: =IF(E9="Critical","Tier 1 - Critical Assets",IF(E9="High","Tier 2 - High Value Assets",IF(E9="Medium","Tier 3 - Standard Assets","Tier 4 - Low Risk Assets"))) | N9: =IF(G9="Excluded","Excluded",IF(E9="Critical",IF(AND(G9="Monitored",OR(H9="Automated Continuous",H9="Hybrid")),"Compliant","Non-Compliant"),IF(E9="High",IF(G9="Monitored","Compliant",IF(G9="Partially Monitored","Partial","Non-Compliant")),IF(G9="Not Monitored","Non-Compliant","Compliant"))))
D10: =IFERROR(VLOOKUP(C10,Lookup_Tables!$A$2:$B$44,2,FALSE),"") | F10: =IF(E10="Critical","Tier 1 - Critical Assets",IF(E10="High","Tier 2 - High Value Assets",IF(E10="Medium","Tier 3 - Standard Assets","Tier 4 - Low Risk Assets"))) | N10: =IF(G10="Excluded","Excluded",IF(E10="Critical",IF(AND(G10="Monitored",OR(H10="Automated Continuous",H10="Hybrid")),"Compliant","Non-Compliant"),IF(E10="High",IF(G10="Monitored","Compliant",IF(G10="Partially Monitored","Partial","Non-Compliant")),IF(G10="Not Monitored","Non-Compliant","Compliant"))))
D11: =IFERROR(VLOOKUP(C11,Lookup_Tables!$A$2:$B$44,2,FALSE),"") | F11: =IF(E11="Critical","Tier 1 - Critical Assets",IF(E11="High","Tier 2 - High Value Assets",IF(E11="Medium","Tier 3 - Standard Assets","Tier 4 - Low Risk Assets"))) | N11: =IF(G11="Excluded","Excluded",IF(E11="Critical",IF(AND(G11="Monitored",OR(H11="Automated Continuous",H11="Hybrid")),"Compliant","Non-Compliant"),IF(E11="High",IF(G11="Monitored","Compliant",IF(G11="Partially Monitored","Partial","Non-Compliant")),IF(G11="Not Monitored","Non-Compliant","Compliant"))))
D12: =IFERROR(VLOOKUP(C12,Lookup_Tables!$A$2:$B$44,2,FALSE),"") | F12: =IF(E12="Critical","Tier 1 - Critical Assets",IF(E12="High","Tier 2 - High Value Assets",IF(E12="Medium","Tier 3 - Standard Assets","Tier 4 - Low Risk Assets"))) | N12: =IF(G12="Excluded","Excluded",IF(E12="Critical",IF(AND(G12="Monitored",OR(H12="Automated Continuous",H12="Hybrid")),"Compliant","Non-Compliant"),IF(E12="High",IF(G12="Monitored","Compliant",IF(G12="Partially Monitored","Partial","Non-Compliant")),IF(G12="Not Monitored","Non-Compliant","Compliant"))))
D13: =IFERROR(VLOOKUP(C13,Lookup_Tables!$A$2:$B$44,2,FALSE),"") | F13: =IF(E13="Critical","Tier 1 - Critical Assets",IF(E13="High","Tier 2 - High Value Assets",IF(E13="Medium","Tier 3 - Standard Assets","Tier 4 - Low Risk Assets"))) | N13: =IF(G13="Excluded","Excluded",IF(E13="Critical",IF(AND(G13="Monitored",OR(H13="Automated Continuous",H13="Hybrid")),"Compliant","Non-Compliant"),IF(E13="High",IF(G13="Monitored","Compliant",IF(G13="Partially Monitored","Partial","Non-Compliant")),IF(G13="Not Monitored","Non-Compliant","Compliant"))))
D14: =IFERROR(VLOOKUP(C14,Lookup_Tables!$A$2:$B$44,2,FALSE),"") | F14: =IF(E14="Critical","Tier 1 - Critical Assets",IF(E14="High","Tier 2 - High Value Assets",IF(E14="Medium","Tier 3 - Standard Assets","Tier 4 - Low Risk Assets"))) | N14: =IF(G14="Excluded","Excluded",IF(E14="Critical",IF(AND(G14="Monitored",OR(H14="Automated Continuous",H14="Hybrid")),"Compliant","Non-Compliant"),IF(E14="High",IF(G14="Monitored","Compliant",IF(G14="Partially Monitored","Partial","Non-Compliant")),IF(G14="Not Monitored","Non-Compliant","Compliant"))))
... D102: =IFERROR(VLOOKUP(C102,Lookup_Tables!$A$2:$B$44,2,FALSE),"") | F102: =IF(E102="Critical","Tier 1 - Critical Assets",IF(E102="High","Tier 2 - High Value Assets",IF(E102="Medium","Tier 3 - Standard Assets","Tier 4 - Low Risk Assets"))) | N102: =IF(G102="Excluded","Excluded",IF(E102="Critical",IF(AND(G102="Monitored",OR(H102="Automated Continuous",H102="Hybrid")),"Compliant","Non-Compliant"),IF(E102="High",IF(G102="Monitored","Compliant",IF(G102="Partially Monitored","Partial","Non-Compliant")),IF(G102="Not Monitored","Non-Compliant","Compliant"))))

Sheet Drift_Detection_Log
A1: Configuration Drift Detection Log
A2: Drift Incident ID | B2: Detection Date/Time | C2: Asset ID | D2: Asset Name | E2: Configuration Item | F2: Expected Value | G2: Actual Value | H2: Drift Category | I2: Detection Method | J2: Detecting Tool/System | K2: Authorized Change | L2: Change ID Reference | M2: Root Cause Category | N2: Root Cause Detail | O2: Drift Status | P2: Time to Detect (Hours) | Q2: Remediation Owner | R2: Priority | S2: Notes
P3: =IF(B3="","","") | R3: =IF(H3="Critical","P1-Critical",IF(H3="High","P2-High",IF(H3="Medium","P3-Medium","P4-Low")))
P4: =IF(B4="","","") | R4: =IF(H4="Critical","P1-Critical",IF(H4="High","P2-High",IF(H4="Medium","P3-Medium","P4-Low")))
P5: =IF(B5="","","") | R5: =IF(H5="Critical","P1-Critical",IF(H5="High","P2-High",IF(H5="Medium","P3-Medium","P4-Low")))
P6: =IF(B6="","","") | R6: =IF(H6="Critical","P1-Critical",IF(H6="High","P2-High",IF(H6="Medium","P3-Medium","P4-Low")))
P7: =IF(B7="","","") | R7: =IF(H7="Critical","P1-Critical",IF(H7="High","P2-High",IF(H7="Medium","P3-Medium","P4-Low")))
P8: =IF(B8="","","") | R8: =IF(H8="Critical","P1-Critical",IF(H8="High","P2-High",IF(H8="Medium","P3-Medium","P4-Low")))
P9: =IF(B9="","","") | R9: =IF(H9="Critical","P1-Critical",IF(H9="High","P2-High",IF(H9="Medium","P3-Medium","P4-Low")))
P10: =IF(B10="","","") | R10: =IF(H10="Critical","P1-Critical",IF(H10="High","P2-High",IF(H10="Medium","P3-Medium","P4-Low")))
P11: =IF(B11="","","") | R11: =IF(H11="Critical","P1-Critical",IF(H11="High","P2-High",IF(H11="Medium","P3-Medium","P4-Low")))
P12: =IF(B12="","","") | R12: =IF(H12="Critical","P1-Critical",IF(H12="High","P2-High",IF(H12="Medium","P3-Medium","P4-Low")))
P13: =IF(B13="","","") | R13: =IF(H13="Critical","P1-Critical",IF(H13="High","P2-High",IF(H13="Medium","P3-Medium","P4-Low")))
P14: =IF(B14="","","") | R14: =IF(H14="Critical","P1-Critical",IF(H14="High","P2-High",IF(H14="Medium","P3-Medium","P4-Low")))
... P152: =IF(B152="","","") | R152: =IF(H152="Critical","P1-Critical",IF(H152="High","P2-High",IF(H152="Medium","P3-Medium","P4-Low")))

Sheet Monitoring_Tool_Inventory
A1: Monitoring Tool Inventory
A2: Tool ID | B2: Tool Name | C2: Vendor | D2: Tool Type | E2: Monitoring Capabilities | F2: Asset Types Covered | G2: Assets Monitored Count | H2: Deployment Status | I2: Integration Points | J2: Alerting Method | K2: Licensing Model | L2: Annual Cost | M2: Last Health Check | N2: Known Limitations | O2: Tool Owner | P2: Notes
K33: TOTAL: | L33: =SUM(L3:L32)

Sheet Drift_Remediation_Tracking
A1: Drift Remediation Tracking
A2: Drift Incident ID | B2: Asset Name | C2: Drift Category | D2: Detection Date | E2: Remediation Owner | F2: Remediation Started Date | G2: Remediation Action Taken | H2: Remediation Action Detail | I2: Remediation Completed Date | J2: Time to Remediate (Days) | K2: Verification Method | L2: Verification Date | M2: Verification Result | N2: Recurrence Prevention | O2: Root Cause Remediation | P2: Remediation Status | Q2: SLA Compliance | R2: Notes
J3: =IF(OR(D3="",I3=""),"",I3-D3) | P3: =IF(I3<>"","Complete",IF(J3="","Not Started",IF(C3="Critical",IF(J3<1,"On-Time","Overdue"),IF(C3="High",IF(J3<2,"On-Time",IF(J3<3,"At Risk","Overdue")),IF(J3<8,"On-Time","At Risk"))))) | Q3: =IF(P3="Complete",IF(C3="Critical",IF(J3<=0.17,"Met","Missed"),IF(C3="High",IF(J3<=1,"Met","Missed"),IF(C3="Medium",IF(J3<=7,"Met","Missed"),"N/A"))),"In Progress")
J4: =IF(OR(D4="",I4=""),"",I4-D4) | P4: =IF(I4<>"","Complete",IF(J4="","Not Started",IF(C4="Critical",IF(J4<1,"On-Time","Overdue"),IF(C4="High",IF(J4<2,"On-Time",IF(J4<3,"At Risk","Overdue")),IF(J4<8,"On-Time","At Risk"))))) | Q4: =IF(P4="Complete",IF(C4="Critical",IF(J4<=0.17,"Met","Missed"),IF(C4="High",IF(J4<=1,"Met","Missed"),IF(C4="Medium",IF(J4<=7,"Met","Missed"),"N/A"))),"In Progress")
J5: =IF(OR(D5="",I5=""),"",I5-D5) | P5: =IF(I5<>"","Complete",IF(J5="","Not Started",IF(C5="Critical",IF(J5<1,"On-Time","Overdue"),IF(C5="High",IF(J5<2,"On-Time",IF(J5<3,"At Risk","Overdue")),IF(J5<8,"On-Time","At Risk"))))) | Q5: =IF(P5="Complete",IF(C5="Critical",IF(J5<=0.17,"Met","Missed"),IF(C5="High",IF(J5<=1,"Met","Missed"),IF(C5="Medium",IF(J5<=7,"Met","Missed"),"N/A"))),"In Progress")
J6: =IF(OR(D6="",I6=""),"",I6-D6) | P6: =IF(I6<>"","Complete",IF(J6="","Not Started",IF(C6="Critical",IF(J6<1,"On-Time","Overdue"),IF(C6="High",IF(J6<2,"On-Time",IF(J6<3,"At Risk","Overdue")),IF(J6<8,"On-Time","At Risk"))))) | Q6: =IF(P6="Complete",IF(C6="Critical",IF(J6<=0.17,"Met","Missed"),IF(C6="High",IF(J6<=1,"Met","Missed"),IF(C6="Medium",IF(J6<=7,"Met","Missed"),"N/A"))),"In Progress")
J7: =IF(OR(D7="",I7=""),"",I7-D7) | P7: =IF(I7<>"","Complete",IF(J7="","Not Started",IF(C7="Critical",IF(J7<1,"On-Time","Overdue"),IF(C7="High",IF(J7<2,"On-Time",IF(J7<3,"At Risk","Overdue")),IF(J7<8,"On-Time","At Risk"))))) | Q7: =IF(P7="Complete",IF(C7="Critical",IF(J7<=0.17,"Met","Missed"),IF(C7="High",IF(J7<=1,"Met","Missed"),IF(C7="Medium",IF(J7<=7,"Met","Missed"),"N/A"))),"In Progress")
J8: =IF(OR(D8="",I8=""),"",I8-D8) | P8: =IF(I8<>"","Complete",IF(J8="","Not Started",IF(C8="Critical",IF(J8<1,"On-Time","Overdue"),IF(C8="High",IF(J8<2,"On-Time",IF(J8<3,"At Risk","Overdue")),IF(J8<8,"On-Time","At Risk"))))) | Q8: =IF(P8="Complete",IF(C8="Critical",IF(J8<=0.17,"Met","Missed"),IF(C8="High",IF(J8<=1,"Met","Missed"),IF(C8="Medium",IF(J8<=7,"Met","Missed"),"N/A"))),"In Progress")
J9: =IF(OR(D9="",I9=""),"",I9-D9) | P9: =IF(I9<>"","Complete",IF(J9="","Not Started",IF(C9="Critical",IF(J9<1,"On-Time","Overdue"),IF(C9="High",IF(J9<2,"On-Time",IF(J9<3,"At Risk","Overdue")),IF(J9<8,"On-Time","At Risk"))))) | Q9: =IF(P9="Complete",IF(C9="Critical",IF(J9<=0.17,"Met","Missed"),IF(C9="High",IF(J9<=1,"Met","Missed"),IF(C9="Medium",IF(J9<=7,"Met","Missed"),"N/A"))),"In Progress")
J10: =IF(OR(D10="",I10=""),"",I10-D10) | P10: =IF(I10<>"","Complete",IF(J10="","Not Started",IF(C10="Critical",IF(J10<1,"On-Time","Overdue"),IF(C10="High",IF(J10<2,"On-Time",IF(J10<3,"At Risk","Overdue")),IF(J10<8,"On-Time","At Risk"))))) | Q10: =IF(P10="Complete",IF(C10="Critical",IF(J10<=0.17,"Met","Missed"),IF(C10="High",IF(J10<=1,"Met","Missed"),IF(C10="Medium",IF(J10<=7,"Met","Missed"),"N/A"))),"In Progress")
J11: =IF(OR(D11="",I11=""),"",I11-D11) | P11: =IF(I11<>"","Complete",IF(J11="","Not Started",IF(C11="Critical",IF(J11<1,"On-Time","Overdue"),IF(C11="High",IF(J11<2,"On-Time",IF(J11<3,"At Risk","Overdue")),IF(J11<8,"On-Time","At Risk"))))) | Q11: =IF(P11="Complete",IF(C11="Critical",IF(J11<=0.17,"Met","Missed"),IF(C11="High",IF(J11<=1,"Met","Missed"),IF(C11="Medium",IF(J11<=7,"Met","Missed"),"N/A"))),"In Progress")
J12: =IF(OR(D12="",I12=""),"",I12-D12) | P12: =IF(I12<>"","Complete",IF(J12="","Not Started",IF(C12="Critical",IF(J12<1,"On-Time","Overdue"),IF(C12="High",IF(J12<2,"On-Time",IF(J12<3,"At Risk","Overdue")),IF(J12<8,"On-Time","At Risk"))))) | Q12: =IF(P12="Complete",IF(C12="Critical",IF(J12<=0.17,"Met","Missed"),IF(C12="High",IF(J12<=1,"Met","Missed"),IF(C12="Medium",IF(J12<=7,"Met","Missed"),"N/A"))),"In Progress")
J13: =IF(OR(D13="",I13=""),"",I13-D13) | P13: =IF(I13<>"","Complete",IF(J13="","Not Started",IF(C13="Critical",IF(J13<1,"On-Time","Overdue"),IF(C13="High",IF(J13<2,"On-Time",IF(J13<3,"At Risk","Overdue")),IF(J13<8,"On-Time","At Risk"))))) | Q13: =IF(P13="Complete",IF(C13="Critical",IF(J13<=0.17,"Met","Missed"),IF(C13="High",IF(J13<=1,"Met","Missed"),IF(C13="Medium",IF(J13<=7,"Met","Missed"),"N/A"))),"In Progress")
J14: =IF(OR(D14="",I14=""),"",I14-D14) | P14: =IF(I14<>"","Complete",IF(J14="","Not Started",IF(C14="Critical",IF(J14<1,"On-Time","Overdue"),IF(C14="High",IF(J14<2,"On-Time",IF(J14<3,"At Risk","Overdue")),IF(J14<8,"On-Time","At Risk"))))) | Q14: =IF(P14="Complete",IF(C14="Critical",IF(J14<=0.17,"Met","Missed"),IF(C14="High",IF(J14<=1,"Met","Missed"),IF(C14="Medium",IF(J14<=7,"Met","Missed"),"N/A"))),"In Progress")
... J152: =IF(OR(D152="",I152=""),"",I152-D152) | P152: =IF(I152<>"","Complete",IF(J152="","Not Started",IF(C152="Critical",IF(J152<1,"On-Time","Overdue"),IF(C152="High",IF(J152<2,"On-Time",IF(J152<3,"At Risk","Overdue")),IF(J152<8,"On-Time","At Risk"))))) | Q152: =IF(P152="Complete",IF(C152="Critical",IF(J152<=0.17,"Met","Missed"),IF(C152="High",IF(J152<=1,"Met","Missed"),IF(C152="Medium",IF(J152<=7,"Met","Missed"),"N/A"))),"In Progress")

Sheet False_Positive_Register
A1: False Positive Register - Alert Quality Tracking
A2: False Positive ID | B2: Alert Date | C2: Monitoring Tool | D2: Asset ID | E2: Alert Type | F2: Alert Message | G2: False Positive Reason | H2: False Positive Detail | I2: Investigation Date | J2: Investigated By | K2: Tuning Action Taken | L2: Tuning Action Detail | M2: Tuning Completed Date | N2: Recurrence Status | O2: Last Recurrence Date | P2: False Positive Category | Q2: Notes
P3: =IF(OR(G3="Tool Misconfiguration",G3="Tool Bug"),"Systemic (tool issue)",IF(G3="Incorrect Baseline","Baseline Issue","One-Time (environmental)"))
P4: =IF(OR(G4="Tool Misconfiguration",G4="Tool Bug"),"Systemic (tool issue)",IF(G4="Incorrect Baseline","Baseline Issue","One-Time (environmental)"))
P5: =IF(OR(G5="Tool Misconfiguration",G5="Tool Bug"),"Systemic (tool issue)",IF(G5="Incorrect Baseline","Baseline Issue","One-Time (environmental)"))
P6: =IF(OR(G6="Tool Misconfiguration",G6="Tool Bug"),"Systemic (tool issue)",IF(G6="Incorrect Baseline","Baseline Issue","One-Time (environmental)"))
P7: =IF(OR(G7="Tool Misconfiguration",G7="Tool Bug"),"Systemic (tool issue)",IF(G7="Incorrect Baseline","Baseline Issue","One-Time (environmental)"))
P8: =IF(OR(G8="Tool Misconfiguration",G8="Tool Bug"),"Systemic (tool issue)",IF(G8="Incorrect Baseline","Baseline Issue","One-Time (environmental)"))
P9: =IF(OR(G9="Tool Misconfiguration",G9="Tool Bug"),"Systemic (tool issue)",IF(G9="Incorrect Baseline","Baseline Issue","One-Time (environmental)"))
P10: =IF(OR(G10="Tool Misconfiguration",G10="Tool Bug"),"Systemic (tool issue)",IF(G10="Incorrect Baseline","Baseline Issue","One-Time (environmental)"))
P11: =IF(OR(G11="Tool Misconfiguration",G11="Tool Bug"),"Systemic (tool issue)",IF(G11="Incorrect Baseline","Baseline Issue","One-Time (environmental)"))
P12: =IF(OR(G12="Tool Misconfiguration",G12="Tool Bug"),"Systemic (tool issue)",IF(G12="Incorrect Baseline","Baseline Issue","One-Time (environmental)"))
P13: =IF(OR(G13="Tool Misconfiguration",G13="Tool Bug"),"Systemic (tool issue)",IF(G13="Incorrect Baseline","Baseline Issue","One-Time (environmental)"))
P14: =IF(OR(G14="Tool Misconfiguration",G14="Tool Bug"),"Systemic (tool issue)",IF(G14="Incorrect Baseline","Baseline Issue","One-Time (environmental)"))
... P77: =IF(OR(G77="Tool Misconfiguration",G77="Tool Bug"),"Systemic (tool issue)",IF(G77="Incorrect Baseline","Baseline Issue","One-Time (environmental)"))

Sheet Monitoring_Effectiveness_Metrics
A1: Monitoring Effectiveness Metrics Dashboard
A3: OVERALL MONITORING COVERAGE
A4: Metric | B4: Value | C4: Target | D4: Status
A5: Total Assets in Scope | B5: =COUNTA(Monitoring_Coverage_Register!A3:A102)-COUNTBLANK(Monitoring_Coverage_Register!A3:A102) | C5: N/A
A6: Assets Monitored | B6: =COUNTIF(Monitoring_Coverage_Register!G3:G102,"Monitored") | C6: ≥85%
A7: Overall Monitoring Coverage % | B7: =IF(B5=0,0,B6/B5*100) | C7: ≥85% | D7: =IF(B7>=85,"✓ Compliant",IF(B7>=70,"⚠ Partial","✗ Non-Compliant"))
A8: Tier 1 (Critical) Coverage % | B8: =IF(COUNTIF(Monitoring_Coverage_Register!F3:F102,"Tier 1*")=0,0,COUNTIFS(Monitoring_Coverage_Register!F3:F102,"Tier 1*",Monitoring_Coverage_Register!G3:G102,"Monitored")/COUNTIF(Monitoring_Coverage_Register!F3:F102,"Tier 1*")*100) | C8: 100% | D8: =IF(B8>=100,"✓","✗")
A9: Tier 2 (High) Coverage % | B9: =IF(COUNTIF(Monitoring_Coverage_Register!F3:F102,"Tier 2*")=0,0,COUNTIFS(Monitoring_Coverage_Register!F3:F102,"Tier 2*",Monitoring_Coverage_Register!G3:G102,"Monitored")/COUNTIF(Monitoring_Coverage_Register!F3:F102,"Tier 2*")*100) | C9: ≥95% | D9: =IF(B9>=95,"✓","✗")
A10: Tier 3 (Standard) Coverage % | B10: =IF(COUNTIF(Monitoring_Coverage_Register!F3:F102,"Tier 3*")=0,0,COUNTIFS(Monitoring_Coverage_Register!F3:F102,"Tier 3*",Monitoring_Coverage_Register!G3:G102,"Monitored")/COUNTIF(Monitoring_Coverage_Register!F3:F102,"Tier 3*")*100) | C10: ≥85% | D10: =IF(B10>=85,"✓","✗")
A11: Non-Compliant Coverage | B11: =COUNTIF(Monitoring_Coverage_Register!N3:N102,"Non-Compliant") | C11: 0 | D11: =IF(B11=0,"✓ None","✗ "&B11&" Assets")
A12: Monitoring Tools Active | B12: =COUNTIF(Monitoring_Tool_Inventory!H3:H32,"Active") | C12: All
A13: Tools Offline/Degraded | B13: =COUNTIF(Monitoring_Tool_Inventory!H3:H32,"Offline")+COUNTIF(Monitoring_Tool_Inventory!H3:H32,"Degraded") | C13: 0 | D13: =IF(B13=0,"✓ None","✗ "&B13&" Issues")
A15: DRIFT DETECTION METRICS
A16: Metric | B16: Value | C16: Target | D16: Status
A17: Total Drift Incidents (All Time) | B17: =COUNTA(Drift_Detection_Log!A3:A152)-COUNTBLANK(Drift_Detection_Log!A3:A152) | C17: N/A
A18: Critical Drift Incidents | B18: =COUNTIF(Drift_Detection_Log!H3:H152,"Critical") | C18: 0 | D18: =IF(B18=0,"✓ None","✗ "&B18&" CRITICAL")
A19: High Drift Incidents | B19: =COUNTIF(Drift_Detection_Log!H3:H152,"High") | C19: <5/month
A20: Unauthorized Changes Detected | B20: =COUNTIF(Drift_Detection_Log!K3:K152,"No (Unauthorized)") | C20: Detect all
A21: False Positive Rate % | B21: =IF(B13=0,0,COUNTIF(Drift_Detection_Log!O3:O152,"False Positive")/B13*100) | C21: <10% | D21: =IF(B21<10,"✓ Good",IF(B21<20,"⚠ Warning","✗ Critical"))
A23: REMEDIATION PERFORMANCE
A24: Metric | B24: Value | C24: Target | D24: Status
A25: Open Drift Incidents | B25: =COUNTIFS(Drift_Detection_Log!O3:O152,"<>Closed",Drift_Detection_Log!O3:O152,"<>False Positive") | C25: Minimize
A26: Overdue Critical Drift | B26: =COUNTIFS(Drift_Remediation_Tracking!C3:C152,"Critical",Drift_Remediation_Tracking!P3:P152,"Overdue") | C26: 0 | D26: =IF(B26=0,"✓ None","✗ "&B26&" OVERDUE")
A27: Mean Time to Remediate (Days) | B27: =IFERROR(AVERAGE(Drift_Remediation_Tracking!J3:J152),0) | C27: <1 day
A28: SLA Compliance - Critical % | B28: =IF(COUNTIF(Drift_Remediation_Tracking!C3:C152,"Critical")=0,100,COUNTIFS(Drift_Remediation_Tracking!C3:C152,"Critical",Drift_Remediation_Tracking!Q3:Q152,"Met")/COUNTIF(Drift_Remediation_Tracking!C3:C152,"Critical")*100) | C28: 100% | D28: =IF(B28>=100,"✓","✗")
A29: Overall Remediation Success Rate % | B29: =IF(COUNTA(Drift_Remediation_Tracking!M3:M152)=0,0,COUNTIF(Drift_Remediation_Tracking!M3:M152,"Passed")/COUNTA(Drift_Remediation_Tracking!M3:M152)*100) | C29: ≥98% | D29: =IF(B29>=98,"✓ Excellent",IF(B29>=90,"⚠ Good","✗ Needs Improvement"))
A32: NOTE: All metrics auto-calculated. Review monthly. Critical drift = absolute zero tolerance.

Sheet Coverage_Gap_Analysis
A1: Monitoring Coverage Gap Analysis
A3: COVERAGE BY ASSET CATEGORY
A4: Asset Category | B4: Total Assets | C4: Monitored | D4: Coverage % | E4: Gap Priority
A5: Infrastructure | B5: =COUNTIF(Monitoring_Coverage_Register!$D$3:$D$102,"Infrastructure") | C5: =COUNTIFS(Monitoring_Coverage_Register!$D$3:$D$102,"Infrastructure",Monitoring_Coverage_Register!$G$3:$G$102,"Monitored") | D5: =IF(B5=0,0,C5/B5*100) | E5: =IF(D5<70,"Critical Gap",IF(D5<85,"High Priority","Acceptable"))
A6: Endpoint | B6: =COUNTIF(Monitoring_Coverage_Register!$D$3:$D$102,"Endpoint") | C6: =COUNTIFS(Monitoring_Coverage_Register!$D$3:$D$102,"Endpoint",Monitoring_Coverage_Register!$G$3:$G$102,"Monitored") | D6: =IF(B6=0,0,C6/B6*100) | E6: =IF(D6<70,"Critical Gap",IF(D6<85,"High Priority","Acceptable"))
A7: Network Services | B7: =COUNTIF(Monitoring_Coverage_Register!$D$3:$D$102,"Network Services") | C7: =COUNTIFS(Monitoring_Coverage_Register!$D$3:$D$102,"Network Services",Monitoring_Coverage_Register!$G$3:$G$102,"Monitored") | D7: =IF(B7=0,0,C7/B7*100) | E7: =IF(D7<70,"Critical Gap",IF(D7<85,"High Priority","Acceptable"))
A8: Applications | B8: =COUNTIF(Monitoring_Coverage_Register!$D$3:$D$102,"Applications") | C8: =COUNTIFS(Monitoring_Coverage_Register!$D$3:$D$102,"Applications",Monitoring_Coverage_Register!$G$3:$G$102,"Monitored") | D8: =IF(B8=0,0,C8/B8*100) | E8: =IF(D8<70,"Critical Gap",IF(D8<85,"High Priority","Acceptable"))
A9: Cloud | B9: =COUNTIF(Monitoring_Coverage_Register!$D$3:$D$102,"Cloud") | C9: =COUNTIFS(Monitoring_Coverage_Register!$D$3:$D$102,"Cloud",Monitoring_Coverage_Register!$G$3:$G$102,"Monitored") | D9: =IF(B9=0,0,C9/B9*100) | E9: =IF(D9<70,"Critical Gap",IF(D9<85,"High Priority","Acceptable"))
A10: IoT/OT | B10: =COUNTIF(Monitoring_Coverage_Register!$D$3:$D$102,"IoT/OT") | C10: =COUNTIFS(Monitoring_Coverage_Register!$D$3:$D$102,"IoT/OT",Monitoring_Coverage_Register!$G$3:$G$102,"Monitored") | D10: =IF(B10=0,0,C10/B10*100) | E10: =IF(D10<70,"Critical Gap",IF(D10<85,"High Priority","Acceptable"))
A12: COVERAGE BY ASSET CRITICALITY
A13: Criticality | B13: Total Assets | C13: Monitored | D13: Coverage % | E13: Status
A14: Critical | B14: =COUNTIF(Monitoring_Coverage_Register!$E$3:$E$102,"Critical") | C14: =COUNTIFS(Monitoring_Coverage_Register!$E$3:$E$102,"Critical",Monitoring_Coverage_Register!$G$3:$G$102,"Monitored") | D14: =IF(B14=0,0,C14/B14*100) | E14: =IF(D14>=100,"✓","✗")
A15: High | B15: =COUNTIF(Monitoring_Coverage_Register!$E$3:$E$102,"High") | C15: =COUNTIFS(Monitoring_Coverage_Register!$E$3:$E$102,"High",Monitoring_Coverage_Register!$G$3:$G$102,"Monitored") | D15: =IF(B15=0,0,C15/B15*100) | E15: =IF(D15>=95,"✓","✗")
A16: Medium | B16: =COUNTIF(Monitoring_Coverage_Register!$E$3:$E$102,"Medium") | C16: =COUNTIFS(Monitoring_Coverage_Register!$E$3:$E$102,"Medium",Monitoring_Coverage_Register!$G$3:$G$102,"Monitored") | D16: =IF(B16=0,0,C16/B16*100) | E16: =IF(D16>=85,"✓","✗")
A17: Low | B17: =COUNTIF(Monitoring_Coverage_Register!$E$3:$E$102,"Low") | C17: =COUNTIFS(Monitoring_Coverage_Register!$E$3:$E$102,"Low",Monitoring_Coverage_Register!$G$3:$G$102,"Monitored") | D17: =IF(B17=0,0,C17/B17*100) | E17: =IF(D17>=70,"✓","✗")

Sheet Drift_Trend_Analysis
A1: Configuration Drift Trend Analysis
A3: DRIFT DISTRIBUTION BY CATEGORY
A4: Drift Category | B4: Total | C4: Open | D4: Closed | E4: Percentage | F4: Trend
A5: Critical | B5: =COUNTIF(Drift_Detection_Log!$H$3:$H$152,"Critical") | C5: =COUNTIFS(Drift_Detection_Log!$H$3:$H$152,"Critical",Drift_Detection_Log!$O$3:$O$152,"<>Closed",Drift_Detection_Log!$O$3:$O$152,"<>False Positive") | D5: =COUNTIFS(Drift_Detection_Log!$H$3:$H$152,"Critical",Drift_Detection_Log!$O$3:$O$152,"Closed") | E5: =IF(SUM(B$5:B$9)=0,0,B5/SUM(B$5:B$9)*100) | F5: Monitor
A6: High | B6: =COUNTIF(Drift_Detection_Log!$H$3:$H$152,"High") | C6: =COUNTIFS(Drift_Detection_Log!$H$3:$H$152,"High",Drift_Detection_Log!$O$3:$O$152,"<>Closed",Drift_Detection_Log!$O$3:$O$152,"<>False Positive") | D6: =COUNTIFS(Drift_Detection_Log!$H$3:$H$152,"High",Drift_Detection_Log!$O$3:$O$152,"Closed") | E6: =IF(SUM(B$5:B$9)=0,0,B6/SUM(B$5:B$9)*100) | F6: Monitor
A7: Medium | B7: =COUNTIF(Drift_Detection_Log!$H$3:$H$152,"Medium") | C7: =COUNTIFS(Drift_Detection_Log!$H$3:$H$152,"Medium",Drift_Detection_Log!$O$3:$O$152,"<>Closed",Drift_Detection_Log!$O$3:$O$152,"<>False Positive") | D7: =COUNTIFS(Drift_Detection_Log!$H$3:$H$152,"Medium",Drift_Detection_Log!$O$3:$O$152,"Closed") | E7: =IF(SUM(B$5:B$9)=0,0,B7/SUM(B$5:B$9)*100) | F7: Monitor
A8: Low | B8: =COUNTIF(Drift_Detection_Log!$H$3:$H$152,"Low") | C8: =COUNTIFS(Drift_Detection_Log!$H$3:$H$152,"Low",Drift_Detection_Log!$O$3:$O$152,"<>Closed",Drift_Detection_Log!$O$3:$O$152,"<>False Positive") | D8: =COUNTIFS(Drift_Detection_Log!$H$3:$H$152,"Low",Drift_Detection_Log!$O$3:$O$152,"Closed") | E8: =IF(SUM(B$5:B$9)=0,0,B8/SUM(B$5:B$9)*100) | F8: Monitor
A9: Informational | B9: =COUNTIF(Drift_Detection_Log!$H$3:$H$152,"Informational") | C9: =COUNTIFS(Drift_Detection_Log!$H$3:$H$152,"Informational",Drift_Detection_Log!$O$3:$O$152,"<>Closed",Drift_Detection_Log!$O$3:$O$152,"<>False Positive") | D9: =COUNTIFS(Drift_Detection_Log!$H$3:$H$152,"Informational",Drift_Detection_Log!$O$3:$O$152,"Closed") | E9: =IF(SUM(B$5:B$9)=0,0,B9/SUM(B$5:B$9)*100) | F9: Monitor
A12: NOTE: Use this data to identify drift patterns. High Critical/High drift = environmental instability.

Sheet Evidence_Register
A1: Evidence Register - Configuration Monitoring Assessment
A2: Evidence ID | B2: Evidence Type | C2: Evidence Description | D2: Related Asset(s) | E2: Related Drift Incident ID(s) | F2: Evidence Date | G2: Evidence Location | H2: Evidence Owner | I2: Evidence Classification | J2: Retention Period | K2: Last Verified Date | L2: Verification Status | M2: Linked Control Requirement | N2: Notes

Sheet Approval_Sign_Off
A1: Assessment Approval Sign-Off
A3: DOCUMENT INFORMATION
A4: Assessment Title | B4: Configuration Monitoring Assessment - Control A.8.9
A5: Assessment Period | B5: [Start Date DD.MM.YYYY] to [End Date DD.MM.YYYY]
A6: Document ID | B6: ISMS-IMP-A.8.9.3
A7: Version | B7: 1.0
A8: Assessment Date | B8: 08.02.2026
A10: PREPARER SIGN-OFF
A11: Preparer Name
A12: Preparer Role
A13: Preparer Signature
A14: Date Prepared
A15: Completeness Attestation | B15: I attest that monitoring coverage has been documented accurately and drift incidents have been tracked completely.
A17: REVIEWER SIGN-OFF
A18: Reviewer Name
A19: Reviewer Role
A20: Reviewer Signature
A21: Date Reviewed
A22: Review Findings
A23: Gaps Identified
A24: Review Attestation | B24: I have reviewed monitoring effectiveness and verified drift detection capabilities. Coverage gaps and remediation improvements have been identified.
A26: APPROVER SIGN-OFF
A27: Approver Name
A28: Approver Role
A29: Approver Signature
A30: Date Approved
A31: Approval Decision
A32: Conditions/Comments
A33: Next Assessment Due
A34: Approver Attestation | B34: I approve this monitoring assessment and authorize budget for monitoring tool expansion and gap remediation.
