Workbook

Sheet Instructions
A1: ISMS-IMP-A.8.9.2 - Change Control Assessment ISO/IEC 27001:2022 - Control A.8.9: Configuration Management
A3: Document ID: | B3: ISMS-IMP-A.8.9.2
A4: Assessment: | B4: Change Control Assessment
A5: Version: | B5: 1.0
A6: Generated: | B6: 08.02.2026 11:50
A9: ASSESSMENT OVERVIEW
A10: ━━━━━━━━━━━━━━━━━━━━━━━━━━━━━━━━━━━━━━━━━━━━━━━━━━━━━━━━━━━━━━━━━━━━━━━━━━━━━━━━
A12: Purpose:
A13: This workbook evaluates the effectiveness of configuration change management processes. It verifies that all changes follow controlled procedures including impact assessment, approval workflows, testing validation, and rollback capability. Provides evidence of ISO 27001:2022 Control A.8.9 compliance.
A15: Assessment Scope:
A16: • All configuration changes (Standard, Normal, Emergency, Hot Fix)
A17: • Multi-tier approval workflows and authorization chains
A18: • Pre-deployment testing and validation
A19: • Change implementation and post-implementation verification
A20: • Rollback capability and procedures
A21: • Emergency change management and retrospective review
A23: CHANGE TYPES AND PRIORITIES
... A183: Generated: 08.02.2026 | Version: 1.0 | Document ID: ISMS-IMP-A.8.9.2

Sheet Change_Request_Register
A1: Change Request Register - Configuration Change Tracking
A2: Change ID | B2: Change Title | C2: Change Type | D2: Priority | E2: Affected Systems/Assets | F2: Requestor Name | G2: Requestor Contact | H2: Request Date | I2: Required Implementation Date | J2: Change Status | K2: Current Phase | L2: Days in Current Phase | M2: Overall Status Indicator | N2: Notes
K3: =IF(J3="Draft","Planning",IF(J3="Submitted","Approval",IF(OR(J3="Approved",J3="In Testing"),"Testing",IF(J3="Scheduled","Pre-Implementation",IF(J3="Implementing","Implementation",IF(OR(J3="Completed",J3="Failed",J3="Rolled Back",J3="Cancelled"),"Closed","Unknown")))))) | L3: =IF(H3="","",TODAY()-H3) | M3: =IF(OR(J3="Completed",J3="Cancelled"),"Complete",IF(L3>30,"Delayed",IF(L3>14,"At Risk","On Track")))
K4: =IF(J4="Draft","Planning",IF(J4="Submitted","Approval",IF(OR(J4="Approved",J4="In Testing"),"Testing",IF(J4="Scheduled","Pre-Implementation",IF(J4="Implementing","Implementation",IF(OR(J4="Completed",J4="Failed",J4="Rolled Back",J4="Cancelled"),"Closed","Unknown")))))) | L4: =IF(H4="","",TODAY()-H4) | M4: =IF(OR(J4="Completed",J4="Cancelled"),"Complete",IF(L4>30,"Delayed",IF(L4>14,"At Risk","On Track")))
K5: =IF(J5="Draft","Planning",IF(J5="Submitted","Approval",IF(OR(J5="Approved",J5="In Testing"),"Testing",IF(J5="Scheduled","Pre-Implementation",IF(J5="Implementing","Implementation",IF(OR(J5="Completed",J5="Failed",J5="Rolled Back",J5="Cancelled"),"Closed","Unknown")))))) | L5: =IF(H5="","",TODAY()-H5) | M5: =IF(OR(J5="Completed",J5="Cancelled"),"Complete",IF(L5>30,"Delayed",IF(L5>14,"At Risk","On Track")))
K6: =IF(J6="Draft","Planning",IF(J6="Submitted","Approval",IF(OR(J6="Approved",J6="In Testing"),"Testing",IF(J6="Scheduled","Pre-Implementation",IF(J6="Implementing","Implementation",IF(OR(J6="Completed",J6="Failed",J6="Rolled Back",J6="Cancelled"),"Closed","Unknown")))))) | L6: =IF(H6="","",TODAY()-H6) | M6: =IF(OR(J6="Completed",J6="Cancelled"),"Complete",IF(L6>30,"Delayed",IF(L6>14,"At Risk","On Track")))
K7: =IF(J7="Draft","Planning",IF(J7="Submitted","Approval",IF(OR(J7="Approved",J7="In Testing"),"Testing",IF(J7="Scheduled","Pre-Implementation",IF(J7="Implementing","Implementation",IF(OR(J7="Completed",J7="Failed",J7="Rolled Back",J7="Cancelled"),"Closed","Unknown")))))) | L7: =IF(H7="","",TODAY()-H7) | M7: =IF(OR(J7="Completed",J7="Cancelled"),"Complete",IF(L7>30,"Delayed",IF(L7>14,"At Risk","On Track")))
K8: =IF(J8="Draft","Planning",IF(J8="Submitted","Approval",IF(OR(J8="Approved",J8="In Testing"),"Testing",IF(J8="Scheduled","Pre-Implementation",IF(J8="Implementing","Implementation",IF(OR(J8="Completed",J8="Failed",J8="Rolled Back",J8="Cancelled"),"Closed","Unknown")))))) | L8: =IF(H8="","",TODAY()-H8) | M8: =IF(OR(J8="Completed",J8="Cancelled"),"Complete",IF(L8>30,"Delayed",IF(L8>14,"At Risk","On Track")))
K9: =IF(J9="Draft","Planning",IF(J9="Submitted","Approval",IF(OR(J9="Approved",J9="In Testing"),"Testing",IF(J9="Scheduled","Pre-Implementation",IF(J9="Implementing","Implementation",IF(OR(J9="Completed",J9="Failed",J9="Rolled Back",J9="Cancelled"),"Closed","Unknown")))))) | L9: =IF(H9="","",TODAY()-H9) | M9: =IF(OR(J9="Completed",J9="Cancelled"),"Complete",IF(L9>30,"Delayed",IF(L9>14,"At Risk","On Track")))
K10: =IF(J10="Draft","Planning",IF(J10="Submitted","Approval",IF(OR(J10="Approved",J10="In Testing"),"Testing",IF(J10="Scheduled","Pre-Implementation",IF(J10="Implementing","Implementation",IF(OR(J10="Completed",J10="Failed",J10="Rolled Back",J10="Cancelled"),"Closed","Unknown")))))) | L10: =IF(H10="","",TODAY()-H10) | M10: =IF(OR(J10="Completed",J10="Cancelled"),"Complete",IF(L10>30,"Delayed",IF(L10>14,"At Risk","On Track")))
K11: =IF(J11="Draft","Planning",IF(J11="Submitted","Approval",IF(OR(J11="Approved",J11="In Testing"),"Testing",IF(J11="Scheduled","Pre-Implementation",IF(J11="Implementing","Implementation",IF(OR(J11="Completed",J11="Failed",J11="Rolled Back",J11="Cancelled"),"Closed","Unknown")))))) | L11: =IF(H11="","",TODAY()-H11) | M11: =IF(OR(J11="Completed",J11="Cancelled"),"Complete",IF(L11>30,"Delayed",IF(L11>14,"At Risk","On Track")))
K12: =IF(J12="Draft","Planning",IF(J12="Submitted","Approval",IF(OR(J12="Approved",J12="In Testing"),"Testing",IF(J12="Scheduled","Pre-Implementation",IF(J12="Implementing","Implementation",IF(OR(J12="Completed",J12="Failed",J12="Rolled Back",J12="Cancelled"),"Closed","Unknown")))))) | L12: =IF(H12="","",TODAY()-H12) | M12: =IF(OR(J12="Completed",J12="Cancelled"),"Complete",IF(L12>30,"Delayed",IF(L12>14,"At Risk","On Track")))
K13: =IF(J13="Draft","Planning",IF(J13="Submitted","Approval",IF(OR(J13="Approved",J13="In Testing"),"Testing",IF(J13="Scheduled","Pre-Implementation",IF(J13="Implementing","Implementation",IF(OR(J13="Completed",J13="Failed",J13="Rolled Back",J13="Cancelled"),"Closed","Unknown")))))) | L13: =IF(H13="","",TODAY()-H13) | M13: =IF(OR(J13="Completed",J13="Cancelled"),"Complete",IF(L13>30,"Delayed",IF(L13>14,"At Risk","On Track")))
K14: =IF(J14="Draft","Planning",IF(J14="Submitted","Approval",IF(OR(J14="Approved",J14="In Testing"),"Testing",IF(J14="Scheduled","Pre-Implementation",IF(J14="Implementing","Implementation",IF(OR(J14="Completed",J14="Failed",J14="Rolled Back",J14="Cancelled"),"Closed","Unknown")))))) | L14: =IF(H14="","",TODAY()-H14) | M14: =IF(OR(J14="Completed",J14="Cancelled"),"Complete",IF(L14>30,"Delayed",IF(L14>14,"At Risk","On Track")))
... K102: =IF(J102="Draft","Planning",IF(J102="Submitted","Approval",IF(OR(J102="Approved",J102="In Testing"),"Testing",IF(J102="Scheduled","Pre-Implementation",IF(J102="Implementing","Implementation",IF(OR(J102="Completed",J102="Failed",J102="Rolled Back",J102="Cancelled"),"Closed","Unknown")))))) | L102: =IF(H102="","",TODAY()-H102) | M102: =IF(OR(J102="Completed",J102="Cancelled"),"Complete",IF(L102>30,"Delayed",IF(L102>14,"At Risk","On Track")))

Sheet Change_Approval_Workflow
A1: Change Approval Workflow Tracking
A2: Change ID | B2: Change Title | C2: Approval Tier Required | D2: Tier 1 Approver Name | E2: Tier 1 Approval Status | F2: Tier 1 Approval Date | G2: Tier 2 Approver Name | H2: Tier 2 Approval Status | I2: Tier 2 Approval Date | J2: Tier 3 Approver Name | K2: Tier 3 Approval Status | L2: Tier 3 Approval Date | M2: Approval Method | N2: Approval Reference | O2: Overall Approval Status | P2: Days to Full Approval | Q2: Notes
O3: =IF(C3="Single-Tier",IF(E3="Approved","Approved",IF(E3="Rejected","Rejected","Pending")),IF(C3="Two-Tier",IF(AND(E3="Approved",H3="Approved"),"Approved",IF(OR(E3="Rejected",H3="Rejected"),"Rejected","Pending")),IF(C3="Three-Tier",IF(AND(E3="Approved",H3="Approved",K3="Approved"),"Approved",IF(OR(E3="Rejected",H3="Rejected",K3="Rejected"),"Rejected","Pending")),"Unknown"))) | P3: =IF(O3="Approved",IF(C3="Single-Tier",IF(F3="","",F3-TODAY()+365),IF(C3="Two-Tier",IF(I3="","",I3-TODAY()+365),IF(L3="","",L3-TODAY()+365))),"")
O4: =IF(C4="Single-Tier",IF(E4="Approved","Approved",IF(E4="Rejected","Rejected","Pending")),IF(C4="Two-Tier",IF(AND(E4="Approved",H4="Approved"),"Approved",IF(OR(E4="Rejected",H4="Rejected"),"Rejected","Pending")),IF(C4="Three-Tier",IF(AND(E4="Approved",H4="Approved",K4="Approved"),"Approved",IF(OR(E4="Rejected",H4="Rejected",K4="Rejected"),"Rejected","Pending")),"Unknown"))) | P4: =IF(O4="Approved",IF(C4="Single-Tier",IF(F4="","",F4-TODAY()+365),IF(C4="Two-Tier",IF(I4="","",I4-TODAY()+365),IF(L4="","",L4-TODAY()+365))),"")
O5: =IF(C5="Single-Tier",IF(E5="Approved","Approved",IF(E5="Rejected","Rejected","Pending")),IF(C5="Two-Tier",IF(AND(E5="Approved",H5="Approved"),"Approved",IF(OR(E5="Rejected",H5="Rejected"),"Rejected","Pending")),IF(C5="Three-Tier",IF(AND(E5="Approved",H5="Approved",K5="Approved"),"Approved",IF(OR(E5="Rejected",H5="Rejected",K5="Rejected"),"Rejected","Pending")),"Unknown"))) | P5: =IF(O5="Approved",IF(C5="Single-Tier",IF(F5="","",F5-TODAY()+365),IF(C5="Two-Tier",IF(I5="","",I5-TODAY()+365),IF(L5="","",L5-TODAY()+365))),"")
O6: =IF(C6="Single-Tier",IF(E6="Approved","Approved",IF(E6="Rejected","Rejected","Pending")),IF(C6="Two-Tier",IF(AND(E6="Approved",H6="Approved"),"Approved",IF(OR(E6="Rejected",H6="Rejected"),"Rejected","Pending")),IF(C6="Three-Tier",IF(AND(E6="Approved",H6="Approved",K6="Approved"),"Approved",IF(OR(E6="Rejected",H6="Rejected",K6="Rejected"),"Rejected","Pending")),"Unknown"))) | P6: =IF(O6="Approved",IF(C6="Single-Tier",IF(F6="","",F6-TODAY()+365),IF(C6="Two-Tier",IF(I6="","",I6-TODAY()+365),IF(L6="","",L6-TODAY()+365))),"")
O7: =IF(C7="Single-Tier",IF(E7="Approved","Approved",IF(E7="Rejected","Rejected","Pending")),IF(C7="Two-Tier",IF(AND(E7="Approved",H7="Approved"),"Approved",IF(OR(E7="Rejected",H7="Rejected"),"Rejected","Pending")),IF(C7="Three-Tier",IF(AND(E7="Approved",H7="Approved",K7="Approved"),"Approved",IF(OR(E7="Rejected",H7="Rejected",K7="Rejected"),"Rejected","Pending")),"Unknown"))) | P7: =IF(O7="Approved",IF(C7="Single-Tier",IF(F7="","",F7-TODAY()+365),IF(C7="Two-Tier",IF(I7="","",I7-TODAY()+365),IF(L7="","",L7-TODAY()+365))),"")
O8: =IF(C8="Single-Tier",IF(E8="Approved","Approved",IF(E8="Rejected","Rejected","Pending")),IF(C8="Two-Tier",IF(AND(E8="Approved",H8="Approved"),"Approved",IF(OR(E8="Rejected",H8="Rejected"),"Rejected","Pending")),IF(C8="Three-Tier",IF(AND(E8="Approved",H8="Approved",K8="Approved"),"Approved",IF(OR(E8="Rejected",H8="Rejected",K8="Rejected"),"Rejected","Pending")),"Unknown"))) | P8: =IF(O8="Approved",IF(C8="Single-Tier",IF(F8="","",F8-TODAY()+365),IF(C8="Two-Tier",IF(I8="","",I8-TODAY()+365),IF(L8="","",L8-TODAY()+365))),"")
O9: =IF(C9="Single-Tier",IF(E9="Approved","Approved",IF(E9="Rejected","Rejected","Pending")),IF(C9="Two-Tier",IF(AND(E9="Approved",H9="Approved"),"Approved",IF(OR(E9="Rejected",H9="Rejected"),"Rejected","Pending")),IF(C9="Three-Tier",IF(AND(E9="Approved",H9="Approved",K9="Approved"),"Approved",IF(OR(E9="Rejected",H9="Rejected",K9="Rejected"),"Rejected","Pending")),"Unknown"))) | P9: =IF(O9="Approved",IF(C9="Single-Tier",IF(F9="","",F9-TODAY()+365),IF(C9="Two-Tier",IF(I9="","",I9-TODAY()+365),IF(L9="","",L9-TODAY()+365))),"")
O10: =IF(C10="Single-Tier",IF(E10="Approved","Approved",IF(E10="Rejected","Rejected","Pending")),IF(C10="Two-Tier",IF(AND(E10="Approved",H10="Approved"),"Approved",IF(OR(E10="Rejected",H10="Rejected"),"Rejected","Pending")),IF(C10="Three-Tier",IF(AND(E10="Approved",H10="Approved",K10="Approved"),"Approved",IF(OR(E10="Rejected",H10="Rejected",K10="Rejected"),"Rejected","Pending")),"Unknown"))) | P10: =IF(O10="Approved",IF(C10="Single-Tier",IF(F10="","",F10-TODAY()+365),IF(C10="Two-Tier",IF(I10="","",I10-TODAY()+365),IF(L10="","",L10-TODAY()+365))),"")
O11: =IF(C11="Single-Tier",IF(E11="Approved","Approved",IF(E11="Rejected","Rejected","Pending")),IF(C11="Two-Tier",IF(AND(E11="Approved",H11="Approved"),"Approved",IF(OR(E11="Rejected",H11="Rejected"),"Rejected","Pending")),IF(C11="Three-Tier",IF(AND(E11="Approved",H11="Approved",K11="Approved"),"Approved",IF(OR(E11="Rejected",H11="Rejected",K11="Rejected"),"Rejected","Pending")),"Unknown"))) | P11: =IF(O11="Approved",IF(C11="Single-Tier",IF(F11="","",F11-TODAY()+365),IF(C11="Two-Tier",IF(I11="","",I11-TODAY()+365),IF(L11="","",L11-TODAY()+365))),"")
O12: =IF(C12="Single-Tier",IF(E12="Approved","Approved",IF(E12="Rejected","Rejected","Pending")),IF(C12="Two-Tier",IF(AND(E12="Approved",H12="Approved"),"Approved",IF(OR(E12="Rejected",H12="Rejected"),"Rejected","Pending")),IF(C12="Three-Tier",IF(AND(E12="Approved",H12="Approved",K12="Approved"),"Approved",IF(OR(E12="Rejected",H12="Rejected",K12="Rejected"),"Rejected","Pending")),"Unknown"))) | P12: =IF(O12="Approved",IF(C12="Single-Tier",IF(F12="","",F12-TODAY()+365),IF(C12="Two-Tier",IF(I12="","",I12-TODAY()+365),IF(L12="","",L12-TODAY()+365))),"")
O13: =IF(C13="Single-Tier",IF(E13="Approved","Approved",IF(E13="Rejected","Rejected","Pending")),IF(C13="Two-Tier",IF(AND(E13="Approved",H13="Approved"),"Approved",IF(OR(E13="Rejected",H13="Rejected"),"Rejected","Pending")),IF(C13="Three-Tier",IF(AND(E13="Approved",H13="Approved",K13="Approved"),"Approved",IF(OR(E13="Rejected",H13="Rejected",K13="Rejected"),"Rejected","Pending")),"Unknown"))) | P13: =IF(O13="Approved",IF(C13="Single-Tier",IF(F13="","",F13-TODAY()+365),IF(C13="Two-Tier",IF(I13="","",I13-TODAY()+365),IF(L13="","",L13-TODAY()+365))),"")
O14: =IF(C14="Single-Tier",IF(E14="Approved","Approved",IF(E14="Rejected","Rejected","Pending")),IF(C14="Two-Tier",IF(AND(E14="Approved",H14="Approved"),"Approved",IF(OR(E14="Rejected",H14="Rejected"),"Rejected","Pending")),IF(C14="Three-Tier",IF(AND(E14="Approved",H14="Approved",K14="Approved"),"Approved",IF(OR(E14="Rejected",H14="Rejected",K14="Rejected"),"Rejected","Pending")),"Unknown"))) | P14: =IF(O14="Approved",IF(C14="Single-Tier",IF(F14="","",F14-TODAY()+365),IF(C14="Two-Tier",IF(I14="","",I14-TODAY()+365),IF(L14="","",L14-TODAY()+365))),"")
... O102: =IF(C102="Single-Tier",IF(E102="Approved","Approved",IF(E102="Rejected","Rejected","Pending")),IF(C102="Two-Tier",IF(AND(E102="Approved",H102="Approved"),"Approved",IF(OR(E102="Rejected",H102="Rejected"),"Rejected","Pending")),IF(C102="Three-Tier",IF(AND(E102="Approved",H102="Approved",K102="Approved"),"Approved",IF(OR(E102="Rejected",H102="Rejected",K102="Rejected"),"Rejected","Pending")),"Unknown"))) | P102: =IF(O102="Approved",IF(C102="Single-Tier",IF(F102="","",F102-TODAY()+365),IF(C102="Two-Tier",IF(I102="","",I102-TODAY()+365),IF(L102="","",L102-TODAY()+365))),"")

Sheet Impact_Assessment
A1: Impact Assessment - Risk Analysis per Change
A2: Change ID | B2: Change Title | C2: Affected Systems Count | D2: Affected Systems Detail | E2: User Impact | F2: User Count Affected | G2: Service Downtime Required | H2: Risk Level | I2: Risk Description | J2: Mitigation Strategies | K2: Rollback Required | L2: Estimated Rollback Time | M2: Dependencies | N2: Business Justification | O2: Risk Score | P2: Assessment Completed By | Q2: Assessment Date
O3: =IF(H3="Low",1,IF(H3="Medium",2,IF(H3="High",3,IF(H3="Critical",4,0))))*IF(E3="None",1,IF(E3="Minimal",2,IF(E3="Moderate",3,IF(E3="Significant",4,IF(E3="Severe",5,0)))))
O4: =IF(H4="Low",1,IF(H4="Medium",2,IF(H4="High",3,IF(H4="Critical",4,0))))*IF(E4="None",1,IF(E4="Minimal",2,IF(E4="Moderate",3,IF(E4="Significant",4,IF(E4="Severe",5,0)))))
O5: =IF(H5="Low",1,IF(H5="Medium",2,IF(H5="High",3,IF(H5="Critical",4,0))))*IF(E5="None",1,IF(E5="Minimal",2,IF(E5="Moderate",3,IF(E5="Significant",4,IF(E5="Severe",5,0)))))
O6: =IF(H6="Low",1,IF(H6="Medium",2,IF(H6="High",3,IF(H6="Critical",4,0))))*IF(E6="None",1,IF(E6="Minimal",2,IF(E6="Moderate",3,IF(E6="Significant",4,IF(E6="Severe",5,0)))))
O7: =IF(H7="Low",1,IF(H7="Medium",2,IF(H7="High",3,IF(H7="Critical",4,0))))*IF(E7="None",1,IF(E7="Minimal",2,IF(E7="Moderate",3,IF(E7="Significant",4,IF(E7="Severe",5,0)))))
O8: =IF(H8="Low",1,IF(H8="Medium",2,IF(H8="High",3,IF(H8="Critical",4,0))))*IF(E8="None",1,IF(E8="Minimal",2,IF(E8="Moderate",3,IF(E8="Significant",4,IF(E8="Severe",5,0)))))
O9: =IF(H9="Low",1,IF(H9="Medium",2,IF(H9="High",3,IF(H9="Critical",4,0))))*IF(E9="None",1,IF(E9="Minimal",2,IF(E9="Moderate",3,IF(E9="Significant",4,IF(E9="Severe",5,0)))))
O10: =IF(H10="Low",1,IF(H10="Medium",2,IF(H10="High",3,IF(H10="Critical",4,0))))*IF(E10="None",1,IF(E10="Minimal",2,IF(E10="Moderate",3,IF(E10="Significant",4,IF(E10="Severe",5,0)))))
O11: =IF(H11="Low",1,IF(H11="Medium",2,IF(H11="High",3,IF(H11="Critical",4,0))))*IF(E11="None",1,IF(E11="Minimal",2,IF(E11="Moderate",3,IF(E11="Significant",4,IF(E11="Severe",5,0)))))
O12: =IF(H12="Low",1,IF(H12="Medium",2,IF(H12="High",3,IF(H12="Critical",4,0))))*IF(E12="None",1,IF(E12="Minimal",2,IF(E12="Moderate",3,IF(E12="Significant",4,IF(E12="Severe",5,0)))))
O13: =IF(H13="Low",1,IF(H13="Medium",2,IF(H13="High",3,IF(H13="Critical",4,0))))*IF(E13="None",1,IF(E13="Minimal",2,IF(E13="Moderate",3,IF(E13="Significant",4,IF(E13="Severe",5,0)))))
O14: =IF(H14="Low",1,IF(H14="Medium",2,IF(H14="High",3,IF(H14="Critical",4,0))))*IF(E14="None",1,IF(E14="Minimal",2,IF(E14="Moderate",3,IF(E14="Significant",4,IF(E14="Severe",5,0)))))
... O102: =IF(H102="Low",1,IF(H102="Medium",2,IF(H102="High",3,IF(H102="Critical",4,0))))*IF(E102="None",1,IF(E102="Minimal",2,IF(E102="Moderate",3,IF(E102="Significant",4,IF(E102="Severe",5,0)))))

Sheet Testing_Validation
A1: Testing Validation Records
A2: Change ID | B2: Change Title | C2: Testing Required | D2: Test Environment | E2: Test Start Date | F2: Test End Date | G2: Test Duration (Days) | H2: Test Plan Reference | I2: Test Cases Executed | J2: Test Cases Passed | K2: Test Cases Failed | L2: Test Pass Rate % | M2: Critical Issues Found | N2: Issues Resolved Before Deployment | O2: Testing Status | P2: Go/No-Go Decision | Q2: Decision Maker | R2: Decision Date | S2: Notes
G3: =IF(OR(E3="",F3=""),"",F3-E3) | L3: =IF(I3=0,"",J3/I3*100)
G4: =IF(OR(E4="",F4=""),"",F4-E4) | L4: =IF(I4=0,"",J4/I4*100)
G5: =IF(OR(E5="",F5=""),"",F5-E5) | L5: =IF(I5=0,"",J5/I5*100)
G6: =IF(OR(E6="",F6=""),"",F6-E6) | L6: =IF(I6=0,"",J6/I6*100)
G7: =IF(OR(E7="",F7=""),"",F7-E7) | L7: =IF(I7=0,"",J7/I7*100)
G8: =IF(OR(E8="",F8=""),"",F8-E8) | L8: =IF(I8=0,"",J8/I8*100)
G9: =IF(OR(E9="",F9=""),"",F9-E9) | L9: =IF(I9=0,"",J9/I9*100)
G10: =IF(OR(E10="",F10=""),"",F10-E10) | L10: =IF(I10=0,"",J10/I10*100)
G11: =IF(OR(E11="",F11=""),"",F11-E11) | L11: =IF(I11=0,"",J11/I11*100)
G12: =IF(OR(E12="",F12=""),"",F12-E12) | L12: =IF(I12=0,"",J12/I12*100)
G13: =IF(OR(E13="",F13=""),"",F13-E13) | L13: =IF(I13=0,"",J13/I13*100)
G14: =IF(OR(E14="",F14=""),"",F14-E14) | L14: =IF(I14=0,"",J14/I14*100)
... G102: =IF(OR(E102="",F102=""),"",F102-E102) | L102: =IF(I102=0,"",J102/I102*100)

Sheet Implementation_Log
A1: Implementation Log - Change Execution Records
A2: Change ID | B2: Change Title | C2: Scheduled Implementation Date/Time | D2: Actual Implementation Date/Time | E2: Implementation Completed Date/Time | F2: Implementation Duration (Hours) | G2: Implementer Name | H2: Implementation Method | I2: Implementation Steps Performed | J2: Deviations from Plan | K2: Post-Implementation Verification | L2: Verification Method | M2: Issues Encountered | N2: Issues Resolved | O2: Implementation Status | P2: Change Outcome | Q2: Rollback Triggered | R2: Rollback Completion Time | S2: Notes
F3: =IF(OR(D3="",E3=""),"",ROUND((E3-D3)*24,2)) | P3: =IF(O3="Successful","Success",IF(O3="Failed","Failure",IF(O3="Rolled Back","Rollback Required","Unknown")))
F4: =IF(OR(D4="",E4=""),"",ROUND((E4-D4)*24,2)) | P4: =IF(O4="Successful","Success",IF(O4="Failed","Failure",IF(O4="Rolled Back","Rollback Required","Unknown")))
F5: =IF(OR(D5="",E5=""),"",ROUND((E5-D5)*24,2)) | P5: =IF(O5="Successful","Success",IF(O5="Failed","Failure",IF(O5="Rolled Back","Rollback Required","Unknown")))
F6: =IF(OR(D6="",E6=""),"",ROUND((E6-D6)*24,2)) | P6: =IF(O6="Successful","Success",IF(O6="Failed","Failure",IF(O6="Rolled Back","Rollback Required","Unknown")))
F7: =IF(OR(D7="",E7=""),"",ROUND((E7-D7)*24,2)) | P7: =IF(O7="Successful","Success",IF(O7="Failed","Failure",IF(O7="Rolled Back","Rollback Required","Unknown")))
F8: =IF(OR(D8="",E8=""),"",ROUND((E8-D8)*24,2)) | P8: =IF(O8="Successful","Success",IF(O8="Failed","Failure",IF(O8="Rolled Back","Rollback Required","Unknown")))
F9: =IF(OR(D9="",E9=""),"",ROUND((E9-D9)*24,2)) | P9: =IF(O9="Successful","Success",IF(O9="Failed","Failure",IF(O9="Rolled Back","Rollback Required","Unknown")))
F10: =IF(OR(D10="",E10=""),"",ROUND((E10-D10)*24,2)) | P10: =IF(O10="Successful","Success",IF(O10="Failed","Failure",IF(O10="Rolled Back","Rollback Required","Unknown")))
F11: =IF(OR(D11="",E11=""),"",ROUND((E11-D11)*24,2)) | P11: =IF(O11="Successful","Success",IF(O11="Failed","Failure",IF(O11="Rolled Back","Rollback Required","Unknown")))
F12: =IF(OR(D12="",E12=""),"",ROUND((E12-D12)*24,2)) | P12: =IF(O12="Successful","Success",IF(O12="Failed","Failure",IF(O12="Rolled Back","Rollback Required","Unknown")))
F13: =IF(OR(D13="",E13=""),"",ROUND((E13-D13)*24,2)) | P13: =IF(O13="Successful","Success",IF(O13="Failed","Failure",IF(O13="Rolled Back","Rollback Required","Unknown")))
F14: =IF(OR(D14="",E14=""),"",ROUND((E14-D14)*24,2)) | P14: =IF(O14="Successful","Success",IF(O14="Failed","Failure",IF(O14="Rolled Back","Rollback Required","Unknown")))
... F102: =IF(OR(D102="",E102=""),"",ROUND((E102-D102)*24,2)) | P102: =IF(O102="Successful","Success",IF(O102="Failed","Failure",IF(O102="Rolled Back","Rollback Required","Unknown")))

Sheet Rollback_Capability
A1: Rollback Capability Assessment
A2: Change ID | B2: Change Title | C2: Rollback Required | D2: Rollback Procedure Documented | E2: Rollback Document Location | F2: Rollback Trigger Criteria | G2: Estimated Rollback Time | H2: Rollback Tested | I2: Rollback Test Date | J2: Rollback Test Results | K2: Rollback Dependencies | L2: Data Loss Risk on Rollback | M2: Data Backup Verified | N2: Rollback Approval Required | O2: Rollback Owner | P2: Rollback Readiness | Q2: Notes
P3: =IF(C3="No","N/A",IF(AND(D3="Yes",H3="Yes",J3="Successful",M3="Yes"),"Ready",IF(AND(D3="Yes",OR(H3="No",J3="Not Tested")),"Not Ready","Partially Ready")))
P4: =IF(C4="No","N/A",IF(AND(D4="Yes",H4="Yes",J4="Successful",M4="Yes"),"Ready",IF(AND(D4="Yes",OR(H4="No",J4="Not Tested")),"Not Ready","Partially Ready")))
P5: =IF(C5="No","N/A",IF(AND(D5="Yes",H5="Yes",J5="Successful",M5="Yes"),"Ready",IF(AND(D5="Yes",OR(H5="No",J5="Not Tested")),"Not Ready","Partially Ready")))
P6: =IF(C6="No","N/A",IF(AND(D6="Yes",H6="Yes",J6="Successful",M6="Yes"),"Ready",IF(AND(D6="Yes",OR(H6="No",J6="Not Tested")),"Not Ready","Partially Ready")))
P7: =IF(C7="No","N/A",IF(AND(D7="Yes",H7="Yes",J7="Successful",M7="Yes"),"Ready",IF(AND(D7="Yes",OR(H7="No",J7="Not Tested")),"Not Ready","Partially Ready")))
P8: =IF(C8="No","N/A",IF(AND(D8="Yes",H8="Yes",J8="Successful",M8="Yes"),"Ready",IF(AND(D8="Yes",OR(H8="No",J8="Not Tested")),"Not Ready","Partially Ready")))
P9: =IF(C9="No","N/A",IF(AND(D9="Yes",H9="Yes",J9="Successful",M9="Yes"),"Ready",IF(AND(D9="Yes",OR(H9="No",J9="Not Tested")),"Not Ready","Partially Ready")))
P10: =IF(C10="No","N/A",IF(AND(D10="Yes",H10="Yes",J10="Successful",M10="Yes"),"Ready",IF(AND(D10="Yes",OR(H10="No",J10="Not Tested")),"Not Ready","Partially Ready")))
P11: =IF(C11="No","N/A",IF(AND(D11="Yes",H11="Yes",J11="Successful",M11="Yes"),"Ready",IF(AND(D11="Yes",OR(H11="No",J11="Not Tested")),"Not Ready","Partially Ready")))
P12: =IF(C12="No","N/A",IF(AND(D12="Yes",H12="Yes",J12="Successful",M12="Yes"),"Ready",IF(AND(D12="Yes",OR(H12="No",J12="Not Tested")),"Not Ready","Partially Ready")))
P13: =IF(C13="No","N/A",IF(AND(D13="Yes",H13="Yes",J13="Successful",M13="Yes"),"Ready",IF(AND(D13="Yes",OR(H13="No",J13="Not Tested")),"Not Ready","Partially Ready")))
P14: =IF(C14="No","N/A",IF(AND(D14="Yes",H14="Yes",J14="Successful",M14="Yes"),"Ready",IF(AND(D14="Yes",OR(H14="No",J14="Not Tested")),"Not Ready","Partially Ready")))
... P102: =IF(C102="No","N/A",IF(AND(D102="Yes",H102="Yes",J102="Successful",M102="Yes"),"Ready",IF(AND(D102="Yes",OR(H102="No",J102="Not Tested")),"Not Ready","Partially Ready")))

Sheet Emergency_Changes
A1: Emergency Changes - Expedited Process Tracking
A2: Change ID | B2: Change Title | C2: Emergency Type | D2: Business Impact if Not Implemented | E2: Emergency Declared By | F2: Emergency Declaration Time | G2: Implementation Time | H2: Time to Implement (Hours) | I2: Emergency Approval Method | J2: Emergency Approvers | K2: Post-Implementation Documentation Completed | L2: CAB Retrospective Review Date | M2: CAB Review Outcome | N2: Justification Valid | O2: Process Abuse Indicator | P2: Lessons Learned | Q2: Remediation Actions | R2: Notes
H3: =IF(OR(F3="",G3=""),"",ROUND((G3-F3)*24,2)) | O3: =IF(AND(H3>48,N3="Questionable"),"Likely Abuse",IF(OR(H3>72,N3="No"),"Questionable","Legitimate"))
H4: =IF(OR(F4="",G4=""),"",ROUND((G4-F4)*24,2)) | O4: =IF(AND(H4>48,N4="Questionable"),"Likely Abuse",IF(OR(H4>72,N4="No"),"Questionable","Legitimate"))
H5: =IF(OR(F5="",G5=""),"",ROUND((G5-F5)*24,2)) | O5: =IF(AND(H5>48,N5="Questionable"),"Likely Abuse",IF(OR(H5>72,N5="No"),"Questionable","Legitimate"))
H6: =IF(OR(F6="",G6=""),"",ROUND((G6-F6)*24,2)) | O6: =IF(AND(H6>48,N6="Questionable"),"Likely Abuse",IF(OR(H6>72,N6="No"),"Questionable","Legitimate"))
H7: =IF(OR(F7="",G7=""),"",ROUND((G7-F7)*24,2)) | O7: =IF(AND(H7>48,N7="Questionable"),"Likely Abuse",IF(OR(H7>72,N7="No"),"Questionable","Legitimate"))
H8: =IF(OR(F8="",G8=""),"",ROUND((G8-F8)*24,2)) | O8: =IF(AND(H8>48,N8="Questionable"),"Likely Abuse",IF(OR(H8>72,N8="No"),"Questionable","Legitimate"))
H9: =IF(OR(F9="",G9=""),"",ROUND((G9-F9)*24,2)) | O9: =IF(AND(H9>48,N9="Questionable"),"Likely Abuse",IF(OR(H9>72,N9="No"),"Questionable","Legitimate"))
H10: =IF(OR(F10="",G10=""),"",ROUND((G10-F10)*24,2)) | O10: =IF(AND(H10>48,N10="Questionable"),"Likely Abuse",IF(OR(H10>72,N10="No"),"Questionable","Legitimate"))
H11: =IF(OR(F11="",G11=""),"",ROUND((G11-F11)*24,2)) | O11: =IF(AND(H11>48,N11="Questionable"),"Likely Abuse",IF(OR(H11>72,N11="No"),"Questionable","Legitimate"))
H12: =IF(OR(F12="",G12=""),"",ROUND((G12-F12)*24,2)) | O12: =IF(AND(H12>48,N12="Questionable"),"Likely Abuse",IF(OR(H12>72,N12="No"),"Questionable","Legitimate"))
H13: =IF(OR(F13="",G13=""),"",ROUND((G13-F13)*24,2)) | O13: =IF(AND(H13>48,N13="Questionable"),"Likely Abuse",IF(OR(H13>72,N13="No"),"Questionable","Legitimate"))
H14: =IF(OR(F14="",G14=""),"",ROUND((G14-F14)*24,2)) | O14: =IF(AND(H14>48,N14="Questionable"),"Likely Abuse",IF(OR(H14>72,N14="No"),"Questionable","Legitimate"))
... H52: =IF(OR(F52="",G52=""),"",ROUND((G52-F52)*24,2)) | O52: =IF(AND(H52>48,N52="Questionable"),"Likely Abuse",IF(OR(H52>72,N52="No"),"Questionable","Legitimate"))

Sheet Change_Success_Metrics
A1: Change Success Metrics Dashboard
A3: OVERALL CHANGE METRICS
A4: Metric | B4: Value | C4: Target | D4: Status
A5: Total Changes (All Types) | B5: =COUNTA(Change_Request_Register!A3:A102)-COUNTBLANK(Change_Request_Register!A3:A102) | C5: N/A
A6: Completed Changes | B6: =COUNTIF(Change_Request_Register!J3:J102,"Completed") | C6: N/A
A7: Failed Changes | B7: =COUNTIF(Change_Request_Register!J3:J102,"Failed") | C7: <5% | D7: =IF(B7=0,"N/A",IF(B7/B5*100<5,"✓ Within Target","✗ Exceeds Target"))
A8: Rolled Back Changes | B8: =COUNTIF(Change_Request_Register!J3:J102,"Rolled Back") | C8: <3% | D8: =IF(B8=0,"N/A",IF(B8/B5*100<3,"✓ Within Target","✗ Exceeds Target"))
A9: Changes in Progress | B9: =COUNTIF(Change_Request_Register!J3:J102,"Implementing")+COUNTIF(Change_Request_Register!J3:J102,"Scheduled") | C9: N/A
A10: Overall Success Rate % | B10: =IF((B6+B7+B8)=0,0,B6/(B6+B7+B8)*100) | C10: ≥95% | D10: =IF(B10>=95,"✓ Compliant",IF(B10>=90,"⚠ Partial","✗ Non-Compliant"))
A12: CHANGE TYPE DISTRIBUTION
A13: Change Type | B13: Count | C13: Percentage | D13: Target %
A14: Standard | B14: =COUNTIF(Change_Request_Register!C3:C102,"Standard") | C14: =IF($B$5=0,0,B14/$B$5*100) | D14: 40-50%
A15: Normal | B15: =COUNTIF(Change_Request_Register!C3:C102,"Normal") | C15: =IF($B$5=0,0,B15/$B$5*100) | D15: 40-50%
A16: Emergency | B16: =COUNTIF(Change_Request_Register!C3:C102,"Emergency") | C16: =IF($B$5=0,0,B16/$B$5*100) | D16: <8%
A17: Hot Fix | B17: =COUNTIF(Change_Request_Register!C3:C102,"Hot Fix") | C17: =IF($B$5=0,0,B17/$B$5*100) | D17: <2%
A19: SUCCESS RATE BY CHANGE TYPE
A20: Change Type | B20: Total | C20: Successful | D20: Success Rate %
A21: Standard | B21: =COUNTIF(Change_Request_Register!C3:C102,"Standard") | C21: =COUNTIFS(Change_Request_Register!C3:C102,"Standard",Change_Request_Register!J3:J102,"Completed") | D21: =IF(B21=0,0,C21/B21*100)
A22: Normal | B22: =COUNTIF(Change_Request_Register!C3:C102,"Normal") | C22: =COUNTIFS(Change_Request_Register!C3:C102,"Normal",Change_Request_Register!J3:J102,"Completed") | D22: =IF(B22=0,0,C22/B22*100)
A23: Emergency | B23: =COUNTIF(Change_Request_Register!C3:C102,"Emergency") | C23: =COUNTIFS(Change_Request_Register!C3:C102,"Emergency",Change_Request_Register!J3:J102,"Completed") | D23: =IF(B23=0,0,C23/B23*100)
A24: Hot Fix | B24: =COUNTIF(Change_Request_Register!C3:C102,"Hot Fix") | C24: =COUNTIFS(Change_Request_Register!C3:C102,"Hot Fix",Change_Request_Register!J3:J102,"Completed") | D24: =IF(B24=0,0,C24/B24*100)
A26: EMERGENCY CHANGE ANALYSIS
A27: Metric | B27: Value | C27: Target | D27: Status
A28: Total Emergency Changes | B28: =COUNTA(Emergency_Changes!A3:A52)-COUNTBLANK(Emergency_Changes!A3:A52) | C28: N/A
A29: Emergency Changes % | B29: =IF($B$5=0,0,B29/$B$5*100) | C29: <10% | D29: =IF(B29<10,"✓ Within Target",IF(B29<15,"⚠ Warning","✗ Critical"))
A30: Emergency Changes Not Reviewed | B30: =COUNTIF(Emergency_Changes!M3:M52,"Not Yet Reviewed") | C30: 0 | D30: =IF(B30=0,"✓ All Reviewed","✗ "&B30&" Pending")
A31: Process Abuse Flagged | B31: =COUNTIF(Emergency_Changes!O3:O52,"Likely Abuse") | C31: 0 | D31: =IF(B31=0,"✓ None","✗ "&B31&" Flagged")
A34: NOTE: All metrics auto-calculated. Review monthly. Target: ≥95% success rate, <10% emergency changes.

Sheet Compliance_Dashboard
A1: Change Control Compliance Dashboard
A3: APPROVAL COMPLIANCE
A4: Compliance Check | B4: Compliant | C4: Non-Compliant | D4: Compliance % | E4: Target
A5: All Changes Have Approval Records | B5: =COUNTIF(Change_Approval_Workflow!O3:O102,"Approved")+COUNTIF(Change_Approval_Workflow!O3:O102,"Rejected") | C5: =COUNTA(Change_Request_Register!A3:A102)-COUNTBLANK(Change_Request_Register!A3:A102)-B5 | D5: =IF((B5+C5)=0,0,B5/(B5+C5)*100) | E5: 100%
A6: Emergency Changes Have Post-Facto Review | B6: =COUNTIFS(Emergency_Changes!M3:M52,"Approved")+COUNTIFS(Emergency_Changes!M3:M52,"Approved with Remediation") | C6: =COUNTA(Emergency_Changes!A3:A52)-COUNTBLANK(Emergency_Changes!A3:A52)-B6 | D6: =IF((B6+C6)=0,0,B6/(B6+C6)*100) | E6: 100%
A8: TESTING COMPLIANCE
A9: Compliance Check | B9: Compliant | C9: Non-Compliant | D9: Compliance % | E9: Target
A10: Normal Changes Have Testing | B10: =COUNTIFS(Change_Request_Register!C3:C102,"Normal",Testing_Validation!C3:C102,"Yes") | C10: =COUNTIF(Change_Request_Register!C3:C102,"Normal")-B10 | D10: =IF((B10+C10)=0,0,B10/(B10+C10)*100) | E10: 100%
A11: Test Pass Rate ≥95% | B11: =COUNTIF(Testing_Validation!L3:L102,">=95") | C11: =COUNTIF(Testing_Validation!L3:L102,"<95") | D11: =IF((B11+C11)=0,0,B11/(B11+C11)*100) | E11: 95%
A12: Go/No-Go Decision Documented | B12: =COUNTIF(Testing_Validation!P3:P102,"Go")+COUNTIF(Testing_Validation!P3:P102,"No-Go") | C12: =COUNTA(Testing_Validation!A3:A102)-COUNTBLANK(Testing_Validation!A3:A102)-B12 | D12: =IF((B12+C12)=0,0,B12/(B12+C12)*100) | E12: 100%
A14: ROLLBACK COMPLIANCE
A15: Compliance Check | B15: Compliant | C15: Non-Compliant | D15: Compliance % | E15: Target
A16: High-Risk Changes Have Rollback Plan | B16: =COUNTIFS(Impact_Assessment!H3:H102,"High",Rollback_Capability!C3:C102,"Yes")+COUNTIFS(Impact_Assessment!H3:H102,"Critical",Rollback_Capability!C3:C102,"Yes") | C16: =(COUNTIF(Impact_Assessment!H3:H102,"High")+COUNTIF(Impact_Assessment!H3:H102,"Critical"))-B16 | D16: =IF((B16+C16)=0,0,B16/(B16+C16)*100) | E16: 100%
A17: Rollback Procedures Tested | B17: =COUNTIF(Rollback_Capability!P3:P102,"Ready") | C17: =COUNTIF(Rollback_Capability!P3:P102,"Not Ready") | D17: =IF((B17+C17)=0,0,B17/(B17+C17)*100) | E17: 100%
A19: OVERALL COMPLIANCE SUMMARY
A20: Category | D20: Compliance % | E20: Status
A21: Approval Process | D21: =AVERAGE(D6:D7) | E21: =IF(D21>=95,"✓ Compliant",IF(D21>=90,"⚠ Partial","✗ Non-Compliant"))
A22: Testing Process | D22: =AVERAGE(D11:D13) | E22: =IF(D22>=95,"✓ Compliant",IF(D22>=90,"⚠ Partial","✗ Non-Compliant"))
A23: Rollback Readiness | D23: =AVERAGE(D17:D18) | E23: =IF(D23>=95,"✓ Compliant",IF(D23>=90,"⚠ Partial","✗ Non-Compliant"))
A24: OVERALL COMPLIANCE | D24: =AVERAGE(D21:D23) | E24: =IF(D24>=95,"✓ COMPLIANT",IF(D24>=90,"⚠ PARTIAL","✗ NON-COMPLIANT"))

Sheet Evidence_Register
A1: Evidence Register - Change Control Assessment
A2: Evidence ID | B2: Evidence Type | C2: Evidence Description | D2: Related Change ID(s) | E2: Evidence Date | F2: Evidence Location | G2: Evidence Owner | H2: Evidence Classification | I2: Retention Period | J2: Last Verified Date | K2: Verification Status | L2: Linked Control Requirement | M2: Notes

Sheet Approval_Sign_Off
A1: Assessment Approval Sign-Off
A3: DOCUMENT INFORMATION
A4: Assessment Title | B4: Change Control Assessment - Control A.8.9
A5: Assessment Period | B5: [Start Date DD.MM.YYYY] to [End Date DD.MM.YYYY]
A6: Document ID | B6: ISMS-IMP-A.8.9.2
A7: Version | B7: 1.0
A8: Assessment Date | B8: 08.02.2026
A10: PREPARER SIGN-OFF
A11: Preparer Name
A12: Preparer Role
A13: Preparer Signature
A14: Date Prepared
A15: Completeness Attestation | B15: I attest that all configuration changes have been documented accurately and change control procedures have been followed.
A17: REVIEWER SIGN-OFF
A18: Reviewer Name
A19: Reviewer Role
A20: Reviewer Signature
A21: Date Reviewed
A22: Review Findings
A23: Gaps Identified
A24: Review Attestation | B24: I have reviewed this assessment and verified change control process compliance. Process improvement opportunities have been identified.
A26: APPROVER SIGN-OFF
A27: Approver Name
A28: Approver Role
A29: Approver Signature
A30: Date Approved
A31: Approval Decision
A32: Conditions/Comments
A33: Next Assessment Due
A34: Approver Attestation | B34: I approve this change control assessment and authorize remediation activities for identified gaps.
