Workbook

Sheet Instructions
A1: ISMS-IMP-A.8.9.1 - Baseline Configuration Assessment ISO/IEC 27001:2022 - Control A.8.9: Configuration Management
A3: Document ID: | B3: ISMS-IMP-A.8.9.1
A4: Assessment: | B4: Baseline Configuration Assessment
A5: Version: | B5: 1.0
A6: Generated: | B6: 08.02.2026 12:26
A9: ASSESSMENT OVERVIEW
A10: ━━━━━━━━━━━━━━━━━━━━━━━━━━━━━━━━━━━━━━━━━━━━━━━━━━━━━━━━━━━━━━━━━━━━━━━━━━━━━━━━
A12: Purpose:
A13: This workbook assesses the establishment, documentation, approval, and maintenance of configuration baselines across [Organization]'s information assets. This assessment provides evidence of compliance with ISO 27001:2022 Control A.8.9 baseline configuration requirements.
A15: Assessment Scope:
A16: • All information assets requiring baseline configuration management
A17: • 43 asset types across 6 major categories (Infrastructure, Endpoint, Network, Applications, Cloud, IoT/OT)
A18: • Baseline documentation quality, approval status, and version control
A19: • Configuration deviations and exceptions
A21: WHO SHOULD COMPLETE THIS ASSESSMENT
A22: ━━━━━━━━━━━━━━━━━━━━━━━━━━━━━━━━━━━━━━━━━━━━━━━━━━━━━━━━━━━━━━━━━━━━━━━━━━━━━━━━
A24: Preparer (System Administrators, Asset Owners):
... A154: Generated: 08.02.2026 | Version: 1.0 | Document ID: ISMS-IMP-A.8.9.1

Sheet Lookup_Tables
A1: Asset Type | B1: Category
A2: Physical Server | B2: Infrastructure
A3: Virtual Machine (VM) | B3: Infrastructure
A4: Hypervisor | B4: Infrastructure
A5: Network Switch | B5: Infrastructure
A6: Network Router | B6: Infrastructure
A7: Firewall | B7: Infrastructure
A8: Load Balancer | B8: Infrastructure
A9: Storage Array (SAN/NAS) | B9: Infrastructure
A10: Backup Appliance | B10: Infrastructure
A11: UPS/Power Distribution | B11: Infrastructure
A12: Environmental Control (HVAC) | B12: Infrastructure
... A44: Medical Device | B44: IoT/OT

Sheet Asset_Inventory
A1: Asset Inventory - Baseline Configuration Assessment
A2: Asset ID | B2: Asset Name | C2: Asset Type | D2: Asset Category | E2: Criticality | F2: Owner | G2: Location | H2: Baseline Status | I2: Baseline Reference | J2: Last Reviewed Date | K2: Next Review Due | L2: Compliance Status | M2: Notes
D3: =IF(C3="","",IFERROR(VLOOKUP(C3,Lookup_Tables!$A$2:$B$44,2,FALSE),"Unknown")) | K3: =IF(J3="","",IF(E3="Critical",J3+90,IF(E3="High",J3+90,IF(E3="Medium",J3+180,J3+180)))) | L3: =IF(H3="✅ Defined","✅ Compliant",IF(H3="➖ N/A","➖ Excluded","❌ Non-Compliant"))
D4: =IF(C4="","",IFERROR(VLOOKUP(C4,Lookup_Tables!$A$2:$B$44,2,FALSE),"Unknown")) | K4: =IF(J4="","",IF(E4="Critical",J4+90,IF(E4="High",J4+90,IF(E4="Medium",J4+180,J4+180)))) | L4: =IF(H4="✅ Defined","✅ Compliant",IF(H4="➖ N/A","➖ Excluded","❌ Non-Compliant"))
D5: =IF(C5="","",IFERROR(VLOOKUP(C5,Lookup_Tables!$A$2:$B$44,2,FALSE),"Unknown")) | K5: =IF(J5="","",IF(E5="Critical",J5+90,IF(E5="High",J5+90,IF(E5="Medium",J5+180,J5+180)))) | L5: =IF(H5="✅ Defined","✅ Compliant",IF(H5="➖ N/A","➖ Excluded","❌ Non-Compliant"))
D6: =IF(C6="","",IFERROR(VLOOKUP(C6,Lookup_Tables!$A$2:$B$44,2,FALSE),"Unknown")) | K6: =IF(J6="","",IF(E6="Critical",J6+90,IF(E6="High",J6+90,IF(E6="Medium",J6+180,J6+180)))) | L6: =IF(H6="✅ Defined","✅ Compliant",IF(H6="➖ N/A","➖ Excluded","❌ Non-Compliant"))
D7: =IF(C7="","",IFERROR(VLOOKUP(C7,Lookup_Tables!$A$2:$B$44,2,FALSE),"Unknown")) | K7: =IF(J7="","",IF(E7="Critical",J7+90,IF(E7="High",J7+90,IF(E7="Medium",J7+180,J7+180)))) | L7: =IF(H7="✅ Defined","✅ Compliant",IF(H7="➖ N/A","➖ Excluded","❌ Non-Compliant"))
D8: =IF(C8="","",IFERROR(VLOOKUP(C8,Lookup_Tables!$A$2:$B$44,2,FALSE),"Unknown")) | K8: =IF(J8="","",IF(E8="Critical",J8+90,IF(E8="High",J8+90,IF(E8="Medium",J8+180,J8+180)))) | L8: =IF(H8="✅ Defined","✅ Compliant",IF(H8="➖ N/A","➖ Excluded","❌ Non-Compliant"))
D9: =IF(C9="","",IFERROR(VLOOKUP(C9,Lookup_Tables!$A$2:$B$44,2,FALSE),"Unknown")) | K9: =IF(J9="","",IF(E9="Critical",J9+90,IF(E9="High",J9+90,IF(E9="Medium",J9+180,J9+180)))) | L9: =IF(H9="✅ Defined","✅ Compliant",IF(H9="➖ N/A","➖ Excluded","❌ Non-Compliant"))
D10: =IF(C10="","",IFERROR(VLOOKUP(C10,Lookup_Tables!$A$2:$B$44,2,FALSE),"Unknown")) | K10: =IF(J10="","",IF(E10="Critical",J10+90,IF(E10="High",J10+90,IF(E10="Medium",J10+180,J10+180)))) | L10: =IF(H10="✅ Defined","✅ Compliant",IF(H10="➖ N/A","➖ Excluded","❌ Non-Compliant"))
D11: =IF(C11="","",IFERROR(VLOOKUP(C11,Lookup_Tables!$A$2:$B$44,2,FALSE),"Unknown")) | K11: =IF(J11="","",IF(E11="Critical",J11+90,IF(E11="High",J11+90,IF(E11="Medium",J11+180,J11+180)))) | L11: =IF(H11="✅ Defined","✅ Compliant",IF(H11="➖ N/A","➖ Excluded","❌ Non-Compliant"))
D12: =IF(C12="","",IFERROR(VLOOKUP(C12,Lookup_Tables!$A$2:$B$44,2,FALSE),"Unknown")) | K12: =IF(J12="","",IF(E12="Critical",J12+90,IF(E12="High",J12+90,IF(E12="Medium",J12+180,J12+180)))) | L12: =IF(H12="✅ Defined","✅ Compliant",IF(H12="➖ N/A","➖ Excluded","❌ Non-Compliant"))
D13: =IF(C13="","",IFERROR(VLOOKUP(C13,Lookup_Tables!$A$2:$B$44,2,FALSE),"Unknown")) | K13: =IF(J13="","",IF(E13="Critical",J13+90,IF(E13="High",J13+90,IF(E13="Medium",J13+180,J13+180)))) | L13: =IF(H13="✅ Defined","✅ Compliant",IF(H13="➖ N/A","➖ Excluded","❌ Non-Compliant"))
D14: =IF(C14="","",IFERROR(VLOOKUP(C14,Lookup_Tables!$A$2:$B$44,2,FALSE),"Unknown")) | K14: =IF(J14="","",IF(E14="Critical",J14+90,IF(E14="High",J14+90,IF(E14="Medium",J14+180,J14+180)))) | L14: =IF(H14="✅ Defined","✅ Compliant",IF(H14="➖ N/A","➖ Excluded","❌ Non-Compliant"))
... D102: =IF(C102="","",IFERROR(VLOOKUP(C102,Lookup_Tables!$A$2:$B$44,2,FALSE),"Unknown")) | K102: =IF(J102="","",IF(E102="Critical",J102+90,IF(E102="High",J102+90,IF(E102="Medium",J102+180,J102+180)))) | L102: =IF(H102="✅ Defined","✅ Compliant",IF(H102="➖ N/A","➖ Excluded","❌ Non-Compliant"))

Sheet Baseline_Repository
A1: Baseline Repository
A2: Baseline ID | B2: Baseline Name | C2: Baseline Version | D2: Applicable Asset Types | E2: Description | F2: Approval Status | G2: Approved By | H2: Approval Date | I2: Last Updated | J2: Documentation Location | K2: Config Elements Count | L2: Applied to Assets Count | M2: Notes
L3: =COUNTIF(Asset_Inventory!$I$3:$I$102,A3)
L4: =COUNTIF(Asset_Inventory!$I$3:$I$102,A4)
L5: =COUNTIF(Asset_Inventory!$I$3:$I$102,A5)
L6: =COUNTIF(Asset_Inventory!$I$3:$I$102,A6)
L7: =COUNTIF(Asset_Inventory!$I$3:$I$102,A7)
L8: =COUNTIF(Asset_Inventory!$I$3:$I$102,A8)
L9: =COUNTIF(Asset_Inventory!$I$3:$I$102,A9)
L10: =COUNTIF(Asset_Inventory!$I$3:$I$102,A10)
L11: =COUNTIF(Asset_Inventory!$I$3:$I$102,A11)
L12: =COUNTIF(Asset_Inventory!$I$3:$I$102,A12)
L13: =COUNTIF(Asset_Inventory!$I$3:$I$102,A13)
L14: =COUNTIF(Asset_Inventory!$I$3:$I$102,A14)
... L52: =COUNTIF(Asset_Inventory!$I$3:$I$102,A52)

Sheet Baseline_Coverage_Matrix
A1: Baseline Coverage Matrix by Asset Type
A2: Asset Type | B2: Asset Category | C2: Total Assets | D2: Assets with Baselines | E2: Assets In Progress | F2: Assets Not Started | G2: Assets N/A | H2: Coverage % | I2: Critical Assets Count | J2: Critical Coverage % | K2: Status | L2: Gap Analysis
A3: Physical Server | B3: Infrastructure | C3: =COUNTIF(Asset_Inventory!$C$3:$C$102,A3) | D3: =COUNTIFS(Asset_Inventory!$C$3:$C$102,A3,Asset_Inventory!$H$3:$H$102,"✅ Defined") | E3: =COUNTIFS(Asset_Inventory!$C$3:$C$102,A3,Asset_Inventory!$H$3:$H$102,"⏳ In Progress") | F3: =COUNTIFS(Asset_Inventory!$C$3:$C$102,A3,Asset_Inventory!$H$3:$H$102,"🔴 Not Started") | G3: =COUNTIFS(Asset_Inventory!$C$3:$C$102,A3,Asset_Inventory!$H$3:$H$102,"➖ N/A") | H3: =IF((C3-G3)=0,0,D3/(C3-G3)*100) | I3: =COUNTIFS(Asset_Inventory!$C$3:$C$102,A3,Asset_Inventory!$E$3:$E$102,"🔴 Critical") | J3: =IF(I3=0,0,COUNTIFS(Asset_Inventory!$C$3:$C$102,A3,Asset_Inventory!$E$3:$E$102,"🔴 Critical",Asset_Inventory!$H$3:$H$102,"✅ Defined")/I3*100) | K3: =IF(H3>=90,"✅ Compliant",IF(H3>=60,"⚠️ Partial","❌ Non-Compliant")) | L3: =IF(ISNUMBER(SEARCH("Compliant",K3)),"✅ Coverage target met",IF(F3>0,F3&" assets need baselines started","⏳ Review in-progress baselines"))
A4: Virtual Machine (VM) | B4: Infrastructure | C4: =COUNTIF(Asset_Inventory!$C$3:$C$102,A4) | D4: =COUNTIFS(Asset_Inventory!$C$3:$C$102,A4,Asset_Inventory!$H$3:$H$102,"✅ Defined") | E4: =COUNTIFS(Asset_Inventory!$C$3:$C$102,A4,Asset_Inventory!$H$3:$H$102,"⏳ In Progress") | F4: =COUNTIFS(Asset_Inventory!$C$3:$C$102,A4,Asset_Inventory!$H$3:$H$102,"🔴 Not Started") | G4: =COUNTIFS(Asset_Inventory!$C$3:$C$102,A4,Asset_Inventory!$H$3:$H$102,"➖ N/A") | H4: =IF((C4-G4)=0,0,D4/(C4-G4)*100) | I4: =COUNTIFS(Asset_Inventory!$C$3:$C$102,A4,Asset_Inventory!$E$3:$E$102,"🔴 Critical") | J4: =IF(I4=0,0,COUNTIFS(Asset_Inventory!$C$3:$C$102,A4,Asset_Inventory!$E$3:$E$102,"🔴 Critical",Asset_Inventory!$H$3:$H$102,"✅ Defined")/I4*100) | K4: =IF(H4>=90,"✅ Compliant",IF(H4>=60,"⚠️ Partial","❌ Non-Compliant")) | L4: =IF(ISNUMBER(SEARCH("Compliant",K4)),"✅ Coverage target met",IF(F4>0,F4&" assets need baselines started","⏳ Review in-progress baselines"))
A5: Hypervisor | B5: Infrastructure | C5: =COUNTIF(Asset_Inventory!$C$3:$C$102,A5) | D5: =COUNTIFS(Asset_Inventory!$C$3:$C$102,A5,Asset_Inventory!$H$3:$H$102,"✅ Defined") | E5: =COUNTIFS(Asset_Inventory!$C$3:$C$102,A5,Asset_Inventory!$H$3:$H$102,"⏳ In Progress") | F5: =COUNTIFS(Asset_Inventory!$C$3:$C$102,A5,Asset_Inventory!$H$3:$H$102,"🔴 Not Started") | G5: =COUNTIFS(Asset_Inventory!$C$3:$C$102,A5,Asset_Inventory!$H$3:$H$102,"➖ N/A") | H5: =IF((C5-G5)=0,0,D5/(C5-G5)*100) | I5: =COUNTIFS(Asset_Inventory!$C$3:$C$102,A5,Asset_Inventory!$E$3:$E$102,"🔴 Critical") | J5: =IF(I5=0,0,COUNTIFS(Asset_Inventory!$C$3:$C$102,A5,Asset_Inventory!$E$3:$E$102,"🔴 Critical",Asset_Inventory!$H$3:$H$102,"✅ Defined")/I5*100) | K5: =IF(H5>=90,"✅ Compliant",IF(H5>=60,"⚠️ Partial","❌ Non-Compliant")) | L5: =IF(ISNUMBER(SEARCH("Compliant",K5)),"✅ Coverage target met",IF(F5>0,F5&" assets need baselines started","⏳ Review in-progress baselines"))
A6: Network Switch | B6: Infrastructure | C6: =COUNTIF(Asset_Inventory!$C$3:$C$102,A6) | D6: =COUNTIFS(Asset_Inventory!$C$3:$C$102,A6,Asset_Inventory!$H$3:$H$102,"✅ Defined") | E6: =COUNTIFS(Asset_Inventory!$C$3:$C$102,A6,Asset_Inventory!$H$3:$H$102,"⏳ In Progress") | F6: =COUNTIFS(Asset_Inventory!$C$3:$C$102,A6,Asset_Inventory!$H$3:$H$102,"🔴 Not Started") | G6: =COUNTIFS(Asset_Inventory!$C$3:$C$102,A6,Asset_Inventory!$H$3:$H$102,"➖ N/A") | H6: =IF((C6-G6)=0,0,D6/(C6-G6)*100) | I6: =COUNTIFS(Asset_Inventory!$C$3:$C$102,A6,Asset_Inventory!$E$3:$E$102,"🔴 Critical") | J6: =IF(I6=0,0,COUNTIFS(Asset_Inventory!$C$3:$C$102,A6,Asset_Inventory!$E$3:$E$102,"🔴 Critical",Asset_Inventory!$H$3:$H$102,"✅ Defined")/I6*100) | K6: =IF(H6>=90,"✅ Compliant",IF(H6>=60,"⚠️ Partial","❌ Non-Compliant")) | L6: =IF(ISNUMBER(SEARCH("Compliant",K6)),"✅ Coverage target met",IF(F6>0,F6&" assets need baselines started","⏳ Review in-progress baselines"))
A7: Network Router | B7: Infrastructure | C7: =COUNTIF(Asset_Inventory!$C$3:$C$102,A7) | D7: =COUNTIFS(Asset_Inventory!$C$3:$C$102,A7,Asset_Inventory!$H$3:$H$102,"✅ Defined") | E7: =COUNTIFS(Asset_Inventory!$C$3:$C$102,A7,Asset_Inventory!$H$3:$H$102,"⏳ In Progress") | F7: =COUNTIFS(Asset_Inventory!$C$3:$C$102,A7,Asset_Inventory!$H$3:$H$102,"🔴 Not Started") | G7: =COUNTIFS(Asset_Inventory!$C$3:$C$102,A7,Asset_Inventory!$H$3:$H$102,"➖ N/A") | H7: =IF((C7-G7)=0,0,D7/(C7-G7)*100) | I7: =COUNTIFS(Asset_Inventory!$C$3:$C$102,A7,Asset_Inventory!$E$3:$E$102,"🔴 Critical") | J7: =IF(I7=0,0,COUNTIFS(Asset_Inventory!$C$3:$C$102,A7,Asset_Inventory!$E$3:$E$102,"🔴 Critical",Asset_Inventory!$H$3:$H$102,"✅ Defined")/I7*100) | K7: =IF(H7>=90,"✅ Compliant",IF(H7>=60,"⚠️ Partial","❌ Non-Compliant")) | L7: =IF(ISNUMBER(SEARCH("Compliant",K7)),"✅ Coverage target met",IF(F7>0,F7&" assets need baselines started","⏳ Review in-progress baselines"))
A8: Firewall | B8: Infrastructure | C8: =COUNTIF(Asset_Inventory!$C$3:$C$102,A8) | D8: =COUNTIFS(Asset_Inventory!$C$3:$C$102,A8,Asset_Inventory!$H$3:$H$102,"✅ Defined") | E8: =COUNTIFS(Asset_Inventory!$C$3:$C$102,A8,Asset_Inventory!$H$3:$H$102,"⏳ In Progress") | F8: =COUNTIFS(Asset_Inventory!$C$3:$C$102,A8,Asset_Inventory!$H$3:$H$102,"🔴 Not Started") | G8: =COUNTIFS(Asset_Inventory!$C$3:$C$102,A8,Asset_Inventory!$H$3:$H$102,"➖ N/A") | H8: =IF((C8-G8)=0,0,D8/(C8-G8)*100) | I8: =COUNTIFS(Asset_Inventory!$C$3:$C$102,A8,Asset_Inventory!$E$3:$E$102,"🔴 Critical") | J8: =IF(I8=0,0,COUNTIFS(Asset_Inventory!$C$3:$C$102,A8,Asset_Inventory!$E$3:$E$102,"🔴 Critical",Asset_Inventory!$H$3:$H$102,"✅ Defined")/I8*100) | K8: =IF(H8>=90,"✅ Compliant",IF(H8>=60,"⚠️ Partial","❌ Non-Compliant")) | L8: =IF(ISNUMBER(SEARCH("Compliant",K8)),"✅ Coverage target met",IF(F8>0,F8&" assets need baselines started","⏳ Review in-progress baselines"))
A9: Load Balancer | B9: Infrastructure | C9: =COUNTIF(Asset_Inventory!$C$3:$C$102,A9) | D9: =COUNTIFS(Asset_Inventory!$C$3:$C$102,A9,Asset_Inventory!$H$3:$H$102,"✅ Defined") | E9: =COUNTIFS(Asset_Inventory!$C$3:$C$102,A9,Asset_Inventory!$H$3:$H$102,"⏳ In Progress") | F9: =COUNTIFS(Asset_Inventory!$C$3:$C$102,A9,Asset_Inventory!$H$3:$H$102,"🔴 Not Started") | G9: =COUNTIFS(Asset_Inventory!$C$3:$C$102,A9,Asset_Inventory!$H$3:$H$102,"➖ N/A") | H9: =IF((C9-G9)=0,0,D9/(C9-G9)*100) | I9: =COUNTIFS(Asset_Inventory!$C$3:$C$102,A9,Asset_Inventory!$E$3:$E$102,"🔴 Critical") | J9: =IF(I9=0,0,COUNTIFS(Asset_Inventory!$C$3:$C$102,A9,Asset_Inventory!$E$3:$E$102,"🔴 Critical",Asset_Inventory!$H$3:$H$102,"✅ Defined")/I9*100) | K9: =IF(H9>=90,"✅ Compliant",IF(H9>=60,"⚠️ Partial","❌ Non-Compliant")) | L9: =IF(ISNUMBER(SEARCH("Compliant",K9)),"✅ Coverage target met",IF(F9>0,F9&" assets need baselines started","⏳ Review in-progress baselines"))
A10: Storage Array (SAN/NAS) | B10: Infrastructure | C10: =COUNTIF(Asset_Inventory!$C$3:$C$102,A10) | D10: =COUNTIFS(Asset_Inventory!$C$3:$C$102,A10,Asset_Inventory!$H$3:$H$102,"✅ Defined") | E10: =COUNTIFS(Asset_Inventory!$C$3:$C$102,A10,Asset_Inventory!$H$3:$H$102,"⏳ In Progress") | F10: =COUNTIFS(Asset_Inventory!$C$3:$C$102,A10,Asset_Inventory!$H$3:$H$102,"🔴 Not Started") | G10: =COUNTIFS(Asset_Inventory!$C$3:$C$102,A10,Asset_Inventory!$H$3:$H$102,"➖ N/A") | H10: =IF((C10-G10)=0,0,D10/(C10-G10)*100) | I10: =COUNTIFS(Asset_Inventory!$C$3:$C$102,A10,Asset_Inventory!$E$3:$E$102,"🔴 Critical") | J10: =IF(I10=0,0,COUNTIFS(Asset_Inventory!$C$3:$C$102,A10,Asset_Inventory!$E$3:$E$102,"🔴 Critical",Asset_Inventory!$H$3:$H$102,"✅ Defined")/I10*100) | K10: =IF(H10>=90,"✅ Compliant",IF(H10>=60,"⚠️ Partial","❌ Non-Compliant")) | L10: =IF(ISNUMBER(SEARCH("Compliant",K10)),"✅ Coverage target met",IF(F10>0,F10&" assets need baselines started","⏳ Review in-progress baselines"))
A11: Backup Appliance | B11: Infrastructure | C11: =COUNTIF(Asset_Inventory!$C$3:$C$102,A11) | D11: =COUNTIFS(Asset_Inventory!$C$3:$C$102,A11,Asset_Inventory!$H$3:$H$102,"✅ Defined") | E11: =COUNTIFS(Asset_Inventory!$C$3:$C$102,A11,Asset_Inventory!$H$3:$H$102,"⏳ In Progress") | F11: =COUNTIFS(Asset_Inventory!$C$3:$C$102,A11,Asset_Inventory!$H$3:$H$102,"🔴 Not Started") | G11: =COUNTIFS(Asset_Inventory!$C$3:$C$102,A11,Asset_Inventory!$H$3:$H$102,"➖ N/A") | H11: =IF((C11-G11)=0,0,D11/(C11-G11)*100) | I11: =COUNTIFS(Asset_Inventory!$C$3:$C$102,A11,Asset_Inventory!$E$3:$E$102,"🔴 Critical") | J11: =IF(I11=0,0,COUNTIFS(Asset_Inventory!$C$3:$C$102,A11,Asset_Inventory!$E$3:$E$102,"🔴 Critical",Asset_Inventory!$H$3:$H$102,"✅ Defined")/I11*100) | K11: =IF(H11>=90,"✅ Compliant",IF(H11>=60,"⚠️ Partial","❌ Non-Compliant")) | L11: =IF(ISNUMBER(SEARCH("Compliant",K11)),"✅ Coverage target met",IF(F11>0,F11&" assets need baselines started","⏳ Review in-progress baselines"))
A12: UPS/Power Distribution | B12: Infrastructure | C12: =COUNTIF(Asset_Inventory!$C$3:$C$102,A12) | D12: =COUNTIFS(Asset_Inventory!$C$3:$C$102,A12,Asset_Inventory!$H$3:$H$102,"✅ Defined") | E12: =COUNTIFS(Asset_Inventory!$C$3:$C$102,A12,Asset_Inventory!$H$3:$H$102,"⏳ In Progress") | F12: =COUNTIFS(Asset_Inventory!$C$3:$C$102,A12,Asset_Inventory!$H$3:$H$102,"🔴 Not Started") | G12: =COUNTIFS(Asset_Inventory!$C$3:$C$102,A12,Asset_Inventory!$H$3:$H$102,"➖ N/A") | H12: =IF((C12-G12)=0,0,D12/(C12-G12)*100) | I12: =COUNTIFS(Asset_Inventory!$C$3:$C$102,A12,Asset_Inventory!$E$3:$E$102,"🔴 Critical") | J12: =IF(I12=0,0,COUNTIFS(Asset_Inventory!$C$3:$C$102,A12,Asset_Inventory!$E$3:$E$102,"🔴 Critical",Asset_Inventory!$H$3:$H$102,"✅ Defined")/I12*100) | K12: =IF(H12>=90,"✅ Compliant",IF(H12>=60,"⚠️ Partial","❌ Non-Compliant")) | L12: =IF(ISNUMBER(SEARCH("Compliant",K12)),"✅ Coverage target met",IF(F12>0,F12&" assets need baselines started","⏳ Review in-progress baselines"))
A13: Environmental Control (HVAC) | B13: Infrastructure | C13: =COUNTIF(Asset_Inventory!$C$3:$C$102,A13) | D13: =COUNTIFS(Asset_Inventory!$C$3:$C$102,A13,Asset_Inventory!$H$3:$H$102,"✅ Defined") | E13: =COUNTIFS(Asset_Inventory!$C$3:$C$102,A13,Asset_Inventory!$H$3:$H$102,"⏳ In Progress") | F13: =COUNTIFS(Asset_Inventory!$C$3:$C$102,A13,Asset_Inventory!$H$3:$H$102,"🔴 Not Started") | G13: =COUNTIFS(Asset_Inventory!$C$3:$C$102,A13,Asset_Inventory!$H$3:$H$102,"➖ N/A") | H13: =IF((C13-G13)=0,0,D13/(C13-G13)*100) | I13: =COUNTIFS(Asset_Inventory!$C$3:$C$102,A13,Asset_Inventory!$E$3:$E$102,"🔴 Critical") | J13: =IF(I13=0,0,COUNTIFS(Asset_Inventory!$C$3:$C$102,A13,Asset_Inventory!$E$3:$E$102,"🔴 Critical",Asset_Inventory!$H$3:$H$102,"✅ Defined")/I13*100) | K13: =IF(H13>=90,"✅ Compliant",IF(H13>=60,"⚠️ Partial","❌ Non-Compliant")) | L13: =IF(ISNUMBER(SEARCH("Compliant",K13)),"✅ Coverage target met",IF(F13>0,F13&" assets need baselines started","⏳ Review in-progress baselines"))
A14: Physical Security System | B14: Infrastructure | C14: =COUNTIF(Asset_Inventory!$C$3:$C$102,A14) | D14: =COUNTIFS(Asset_Inventory!$C$3:$C$102,A14,Asset_Inventory!$H$3:$H$102,"✅ Defined") | E14: =COUNTIFS(Asset_Inventory!$C$3:$C$102,A14,Asset_Inventory!$H$3:$H$102,"⏳ In Progress") | F14: =COUNTIFS(Asset_Inventory!$C$3:$C$102,A14,Asset_Inventory!$H$3:$H$102,"🔴 Not Started") | G14: =COUNTIFS(Asset_Inventory!$C$3:$C$102,A14,Asset_Inventory!$H$3:$H$102,"➖ N/A") | H14: =IF((C14-G14)=0,0,D14/(C14-G14)*100) | I14: =COUNTIFS(Asset_Inventory!$C$3:$C$102,A14,Asset_Inventory!$E$3:$E$102,"🔴 Critical") | J14: =IF(I14=0,0,COUNTIFS(Asset_Inventory!$C$3:$C$102,A14,Asset_Inventory!$E$3:$E$102,"🔴 Critical",Asset_Inventory!$H$3:$H$102,"✅ Defined")/I14*100) | K14: =IF(H14>=90,"✅ Compliant",IF(H14>=60,"⚠️ Partial","❌ Non-Compliant")) | L14: =IF(ISNUMBER(SEARCH("Compliant",K14)),"✅ Coverage target met",IF(F14>0,F14&" assets need baselines started","⏳ Review in-progress baselines"))
... A45: Medical Device | B45: IoT/OT | C45: =COUNTIF(Asset_Inventory!$C$3:$C$102,A45) | D45: =COUNTIFS(Asset_Inventory!$C$3:$C$102,A45,Asset_Inventory!$H$3:$H$102,"✅ Defined") | E45: =COUNTIFS(Asset_Inventory!$C$3:$C$102,A45,Asset_Inventory!$H$3:$H$102,"⏳ In Progress") | F45: =COUNTIFS(Asset_Inventory!$C$3:$C$102,A45,Asset_Inventory!$H$3:$H$102,"🔴 Not Started") | G45: =COUNTIFS(Asset_Inventory!$C$3:$C$102,A45,Asset_Inventory!$H$3:$H$102,"➖ N/A") | H45: =IF((C45-G45)=0,0,D45/(C45-G45)*100) | I45: =COUNTIFS(Asset_Inventory!$C$3:$C$102,A45,Asset_Inventory!$E$3:$E$102,"🔴 Critical") | J45: =IF(I45=0,0,COUNTIFS(Asset_Inventory!$C$3:$C$102,A45,Asset_Inventory!$E$3:$E$102,"🔴 Critical",Asset_Inventory!$H$3:$H$102,"✅ Defined")/I45*100) | K45: =IF(H45>=90,"✅ Compliant",IF(H45>=60,"⚠️ Partial","❌ Non-Compliant")) | L45: =IF(ISNUMBER(SEARCH("Compliant",K45)),"✅ Coverage target met",IF(F45>0,F45&" assets need baselines started","⏳ Review in-progress baselines"))
A46: TOTAL / OVERALL | C46: =SUM(C3:C45) | D46: =SUM(D3:D45) | E46: =SUM(E3:E45) | F46: =SUM(F3:F45) | G46: =SUM(G3:G45) | H46: =IF((C46-G46)=0,0,D46/(C46-G46)*100) | I46: =SUM(I3:I45) | J46: =IF(I46=0,0,COUNTIFS(Asset_Inventory!$E$3:$E$102,"🔴 Critical",Asset_Inventory!$H$3:$H$102,"✅ Defined")/I46*100) | K46: =IF(H46>=85,"✅ Compliant",IF(H46>=70,"⚠️ Partial","❌ Non-Compliant"))

Sheet Approval_Tracking
A1: Baseline Approval Tracking
A2: Baseline ID | B2: Baseline Name | C2: Submission Date | D2: Approver Name | E2: Approval Status | F2: Approval Date | G2: Approval Method | H2: Approval Reference | I2: Business Justification | J2: Risk Assessment | K2: Days Pending | L2: SLA Status | M2: Next Action | N2: Notes
K3: =IF(C3="","",IF(F3="",TODAY()-C3,F3-C3)) | L3: =IF(K3="","",IF(K3<=14,"Within SLA",IF(K3<=21,"Approaching SLA","SLA Breach")))
K4: =IF(C4="","",IF(F4="",TODAY()-C4,F4-C4)) | L4: =IF(K4="","",IF(K4<=14,"Within SLA",IF(K4<=21,"Approaching SLA","SLA Breach")))
K5: =IF(C5="","",IF(F5="",TODAY()-C5,F5-C5)) | L5: =IF(K5="","",IF(K5<=14,"Within SLA",IF(K5<=21,"Approaching SLA","SLA Breach")))
K6: =IF(C6="","",IF(F6="",TODAY()-C6,F6-C6)) | L6: =IF(K6="","",IF(K6<=14,"Within SLA",IF(K6<=21,"Approaching SLA","SLA Breach")))
K7: =IF(C7="","",IF(F7="",TODAY()-C7,F7-C7)) | L7: =IF(K7="","",IF(K7<=14,"Within SLA",IF(K7<=21,"Approaching SLA","SLA Breach")))
K8: =IF(C8="","",IF(F8="",TODAY()-C8,F8-C8)) | L8: =IF(K8="","",IF(K8<=14,"Within SLA",IF(K8<=21,"Approaching SLA","SLA Breach")))
K9: =IF(C9="","",IF(F9="",TODAY()-C9,F9-C9)) | L9: =IF(K9="","",IF(K9<=14,"Within SLA",IF(K9<=21,"Approaching SLA","SLA Breach")))
K10: =IF(C10="","",IF(F10="",TODAY()-C10,F10-C10)) | L10: =IF(K10="","",IF(K10<=14,"Within SLA",IF(K10<=21,"Approaching SLA","SLA Breach")))
K11: =IF(C11="","",IF(F11="",TODAY()-C11,F11-C11)) | L11: =IF(K11="","",IF(K11<=14,"Within SLA",IF(K11<=21,"Approaching SLA","SLA Breach")))
K12: =IF(C12="","",IF(F12="",TODAY()-C12,F12-C12)) | L12: =IF(K12="","",IF(K12<=14,"Within SLA",IF(K12<=21,"Approaching SLA","SLA Breach")))
K13: =IF(C13="","",IF(F13="",TODAY()-C13,F13-C13)) | L13: =IF(K13="","",IF(K13<=14,"Within SLA",IF(K13<=21,"Approaching SLA","SLA Breach")))
K14: =IF(C14="","",IF(F14="",TODAY()-C14,F14-C14)) | L14: =IF(K14="","",IF(K14<=14,"Within SLA",IF(K14<=21,"Approaching SLA","SLA Breach")))
... K52: =IF(C52="","",IF(F52="",TODAY()-C52,F52-C52)) | L52: =IF(K52="","",IF(K52<=14,"Within SLA",IF(K52<=21,"Approaching SLA","SLA Breach")))

Sheet Documentation_Assessment
A1: Baseline Documentation Quality Assessment
A2: Baseline ID | B2: Baseline Name | C2: Documentation Completeness | D2: Completeness Score | E2: Documentation Accuracy | F2: Accuracy Score | G2: Maintainability | H2: Maintainability Score | I2: Accessibility | J2: Accessibility Score | K2: Overall Quality Score | L2: Quality Rating | M2: Gaps Identified | N2: Remediation Priority | O2: Target Completion Date
D3: =IF(C3="Comprehensive",100,IF(C3="Adequate",75,IF(C3="Insufficient",40,IF(C3="Missing",0,"")))) | F3: =IF(E3="Verified Accurate",100,IF(E3="Mostly Accurate",75,IF(E3="Contains Errors",40,IF(E3="Not Verified",0,"")))) | H3: =IF(G3="Easy to Update",100,IF(G3="Moderate Effort",75,IF(G3="Difficult",40,IF(G3="Not Maintainable",0,"")))) | J3: =IF(I3="Highly Accessible",100,IF(I3="Accessible",75,IF(I3="Limited Access",40,IF(I3="Not Accessible",0,"")))) | K3: =IF(AND(D3="",F3="",H3="",J3=""),"",(D3+F3+H3+J3)/4) | L3: =IF(K3="","",IF(K3>=90,"Excellent",IF(K3>=75,"Good",IF(K3>=50,"Fair","Poor"))))
D4: =IF(C4="Comprehensive",100,IF(C4="Adequate",75,IF(C4="Insufficient",40,IF(C4="Missing",0,"")))) | F4: =IF(E4="Verified Accurate",100,IF(E4="Mostly Accurate",75,IF(E4="Contains Errors",40,IF(E4="Not Verified",0,"")))) | H4: =IF(G4="Easy to Update",100,IF(G4="Moderate Effort",75,IF(G4="Difficult",40,IF(G4="Not Maintainable",0,"")))) | J4: =IF(I4="Highly Accessible",100,IF(I4="Accessible",75,IF(I4="Limited Access",40,IF(I4="Not Accessible",0,"")))) | K4: =IF(AND(D4="",F4="",H4="",J4=""),"",(D4+F4+H4+J4)/4) | L4: =IF(K4="","",IF(K4>=90,"Excellent",IF(K4>=75,"Good",IF(K4>=50,"Fair","Poor"))))
D5: =IF(C5="Comprehensive",100,IF(C5="Adequate",75,IF(C5="Insufficient",40,IF(C5="Missing",0,"")))) | F5: =IF(E5="Verified Accurate",100,IF(E5="Mostly Accurate",75,IF(E5="Contains Errors",40,IF(E5="Not Verified",0,"")))) | H5: =IF(G5="Easy to Update",100,IF(G5="Moderate Effort",75,IF(G5="Difficult",40,IF(G5="Not Maintainable",0,"")))) | J5: =IF(I5="Highly Accessible",100,IF(I5="Accessible",75,IF(I5="Limited Access",40,IF(I5="Not Accessible",0,"")))) | K5: =IF(AND(D5="",F5="",H5="",J5=""),"",(D5+F5+H5+J5)/4) | L5: =IF(K5="","",IF(K5>=90,"Excellent",IF(K5>=75,"Good",IF(K5>=50,"Fair","Poor"))))
D6: =IF(C6="Comprehensive",100,IF(C6="Adequate",75,IF(C6="Insufficient",40,IF(C6="Missing",0,"")))) | F6: =IF(E6="Verified Accurate",100,IF(E6="Mostly Accurate",75,IF(E6="Contains Errors",40,IF(E6="Not Verified",0,"")))) | H6: =IF(G6="Easy to Update",100,IF(G6="Moderate Effort",75,IF(G6="Difficult",40,IF(G6="Not Maintainable",0,"")))) | J6: =IF(I6="Highly Accessible",100,IF(I6="Accessible",75,IF(I6="Limited Access",40,IF(I6="Not Accessible",0,"")))) | K6: =IF(AND(D6="",F6="",H6="",J6=""),"",(D6+F6+H6+J6)/4) | L6: =IF(K6="","",IF(K6>=90,"Excellent",IF(K6>=75,"Good",IF(K6>=50,"Fair","Poor"))))
D7: =IF(C7="Comprehensive",100,IF(C7="Adequate",75,IF(C7="Insufficient",40,IF(C7="Missing",0,"")))) | F7: =IF(E7="Verified Accurate",100,IF(E7="Mostly Accurate",75,IF(E7="Contains Errors",40,IF(E7="Not Verified",0,"")))) | H7: =IF(G7="Easy to Update",100,IF(G7="Moderate Effort",75,IF(G7="Difficult",40,IF(G7="Not Maintainable",0,"")))) | J7: =IF(I7="Highly Accessible",100,IF(I7="Accessible",75,IF(I7="Limited Access",40,IF(I7="Not Accessible",0,"")))) | K7: =IF(AND(D7="",F7="",H7="",J7=""),"",(D7+F7+H7+J7)/4) | L7: =IF(K7="","",IF(K7>=90,"Excellent",IF(K7>=75,"Good",IF(K7>=50,"Fair","Poor"))))
D8: =IF(C8="Comprehensive",100,IF(C8="Adequate",75,IF(C8="Insufficient",40,IF(C8="Missing",0,"")))) | F8: =IF(E8="Verified Accurate",100,IF(E8="Mostly Accurate",75,IF(E8="Contains Errors",40,IF(E8="Not Verified",0,"")))) | H8: =IF(G8="Easy to Update",100,IF(G8="Moderate Effort",75,IF(G8="Difficult",40,IF(G8="Not Maintainable",0,"")))) | J8: =IF(I8="Highly Accessible",100,IF(I8="Accessible",75,IF(I8="Limited Access",40,IF(I8="Not Accessible",0,"")))) | K8: =IF(AND(D8="",F8="",H8="",J8=""),"",(D8+F8+H8+J8)/4) | L8: =IF(K8="","",IF(K8>=90,"Excellent",IF(K8>=75,"Good",IF(K8>=50,"Fair","Poor"))))
D9: =IF(C9="Comprehensive",100,IF(C9="Adequate",75,IF(C9="Insufficient",40,IF(C9="Missing",0,"")))) | F9: =IF(E9="Verified Accurate",100,IF(E9="Mostly Accurate",75,IF(E9="Contains Errors",40,IF(E9="Not Verified",0,"")))) | H9: =IF(G9="Easy to Update",100,IF(G9="Moderate Effort",75,IF(G9="Difficult",40,IF(G9="Not Maintainable",0,"")))) | J9: =IF(I9="Highly Accessible",100,IF(I9="Accessible",75,IF(I9="Limited Access",40,IF(I9="Not Accessible",0,"")))) | K9: =IF(AND(D9="",F9="",H9="",J9=""),"",(D9+F9+H9+J9)/4) | L9: =IF(K9="","",IF(K9>=90,"Excellent",IF(K9>=75,"Good",IF(K9>=50,"Fair","Poor"))))
D10: =IF(C10="Comprehensive",100,IF(C10="Adequate",75,IF(C10="Insufficient",40,IF(C10="Missing",0,"")))) | F10: =IF(E10="Verified Accurate",100,IF(E10="Mostly Accurate",75,IF(E10="Contains Errors",40,IF(E10="Not Verified",0,"")))) | H10: =IF(G10="Easy to Update",100,IF(G10="Moderate Effort",75,IF(G10="Difficult",40,IF(G10="Not Maintainable",0,"")))) | J10: =IF(I10="Highly Accessible",100,IF(I10="Accessible",75,IF(I10="Limited Access",40,IF(I10="Not Accessible",0,"")))) | K10: =IF(AND(D10="",F10="",H10="",J10=""),"",(D10+F10+H10+J10)/4) | L10: =IF(K10="","",IF(K10>=90,"Excellent",IF(K10>=75,"Good",IF(K10>=50,"Fair","Poor"))))
D11: =IF(C11="Comprehensive",100,IF(C11="Adequate",75,IF(C11="Insufficient",40,IF(C11="Missing",0,"")))) | F11: =IF(E11="Verified Accurate",100,IF(E11="Mostly Accurate",75,IF(E11="Contains Errors",40,IF(E11="Not Verified",0,"")))) | H11: =IF(G11="Easy to Update",100,IF(G11="Moderate Effort",75,IF(G11="Difficult",40,IF(G11="Not Maintainable",0,"")))) | J11: =IF(I11="Highly Accessible",100,IF(I11="Accessible",75,IF(I11="Limited Access",40,IF(I11="Not Accessible",0,"")))) | K11: =IF(AND(D11="",F11="",H11="",J11=""),"",(D11+F11+H11+J11)/4) | L11: =IF(K11="","",IF(K11>=90,"Excellent",IF(K11>=75,"Good",IF(K11>=50,"Fair","Poor"))))
D12: =IF(C12="Comprehensive",100,IF(C12="Adequate",75,IF(C12="Insufficient",40,IF(C12="Missing",0,"")))) | F12: =IF(E12="Verified Accurate",100,IF(E12="Mostly Accurate",75,IF(E12="Contains Errors",40,IF(E12="Not Verified",0,"")))) | H12: =IF(G12="Easy to Update",100,IF(G12="Moderate Effort",75,IF(G12="Difficult",40,IF(G12="Not Maintainable",0,"")))) | J12: =IF(I12="Highly Accessible",100,IF(I12="Accessible",75,IF(I12="Limited Access",40,IF(I12="Not Accessible",0,"")))) | K12: =IF(AND(D12="",F12="",H12="",J12=""),"",(D12+F12+H12+J12)/4) | L12: =IF(K12="","",IF(K12>=90,"Excellent",IF(K12>=75,"Good",IF(K12>=50,"Fair","Poor"))))
D13: =IF(C13="Comprehensive",100,IF(C13="Adequate",75,IF(C13="Insufficient",40,IF(C13="Missing",0,"")))) | F13: =IF(E13="Verified Accurate",100,IF(E13="Mostly Accurate",75,IF(E13="Contains Errors",40,IF(E13="Not Verified",0,"")))) | H13: =IF(G13="Easy to Update",100,IF(G13="Moderate Effort",75,IF(G13="Difficult",40,IF(G13="Not Maintainable",0,"")))) | J13: =IF(I13="Highly Accessible",100,IF(I13="Accessible",75,IF(I13="Limited Access",40,IF(I13="Not Accessible",0,"")))) | K13: =IF(AND(D13="",F13="",H13="",J13=""),"",(D13+F13+H13+J13)/4) | L13: =IF(K13="","",IF(K13>=90,"Excellent",IF(K13>=75,"Good",IF(K13>=50,"Fair","Poor"))))
D14: =IF(C14="Comprehensive",100,IF(C14="Adequate",75,IF(C14="Insufficient",40,IF(C14="Missing",0,"")))) | F14: =IF(E14="Verified Accurate",100,IF(E14="Mostly Accurate",75,IF(E14="Contains Errors",40,IF(E14="Not Verified",0,"")))) | H14: =IF(G14="Easy to Update",100,IF(G14="Moderate Effort",75,IF(G14="Difficult",40,IF(G14="Not Maintainable",0,"")))) | J14: =IF(I14="Highly Accessible",100,IF(I14="Accessible",75,IF(I14="Limited Access",40,IF(I14="Not Accessible",0,"")))) | K14: =IF(AND(D14="",F14="",H14="",J14=""),"",(D14+F14+H14+J14)/4) | L14: =IF(K14="","",IF(K14>=90,"Excellent",IF(K14>=75,"Good",IF(K14>=50,"Fair","Poor"))))
... D32: =IF(C32="Comprehensive",100,IF(C32="Adequate",75,IF(C32="Insufficient",40,IF(C32="Missing",0,"")))) | F32: =IF(E32="Verified Accurate",100,IF(E32="Mostly Accurate",75,IF(E32="Contains Errors",40,IF(E32="Not Verified",0,"")))) | H32: =IF(G32="Easy to Update",100,IF(G32="Moderate Effort",75,IF(G32="Difficult",40,IF(G32="Not Maintainable",0,"")))) | J32: =IF(I32="Highly Accessible",100,IF(I32="Accessible",75,IF(I32="Limited Access",40,IF(I32="Not Accessible",0,"")))) | K32: =IF(AND(D32="",F32="",H32="",J32=""),"",(D32+F32+H32+J32)/4) | L32: =IF(K32="","",IF(K32>=90,"Excellent",IF(K32>=75,"Good",IF(K32>=50,"Fair","Poor"))))

Sheet Version_Control
A1: Baseline Version Control History
A2: Baseline ID | B2: Baseline Name | C2: Version Number | D2: Version Date | E2: Previous Version | F2: Change Type | G2: Change Summary | H2: Change Request Reference | I2: Changed By | J2: Approved By | K2: Superseded Date | L2: Status | M2: Assets Affected Count | N2: Documentation Location
L3: =IF(K3="","Current","Superseded")
L4: =IF(K4="","Current","Superseded")
L5: =IF(K5="","Current","Superseded")
L6: =IF(K6="","Current","Superseded")
L7: =IF(K7="","Current","Superseded")
L8: =IF(K8="","Current","Superseded")
L9: =IF(K9="","Current","Superseded")
L10: =IF(K10="","Current","Superseded")
L11: =IF(K11="","Current","Superseded")
L12: =IF(K12="","Current","Superseded")
L13: =IF(K13="","Current","Superseded")
L14: =IF(K14="","Current","Superseded")
... L52: =IF(K52="","Current","Superseded")

Sheet Deviation_Register
A1: Configuration Baseline Deviation Register
A2: Deviation ID | B2: Asset ID | C2: Asset Name | D2: Baseline ID | E2: Deviation Type | F2: Configuration Element | G2: Standard Value | H2: Actual Value | I2: Business Justification | J2: Risk Assessment | K2: Compensating Controls | L2: Approved By | M2: Approval Date | N2: Review Frequency | O2: Next Review Date | P2: Deviation Status | Q2: Expiration Date | R2: Notes
O3: =IF(M3="","",IF(N3="Monthly",M3+30,IF(N3="Quarterly",M3+90,IF(N3="Semi-Annual",M3+180,IF(N3="Annual",M3+365,"")))))
O4: =IF(M4="","",IF(N4="Monthly",M4+30,IF(N4="Quarterly",M4+90,IF(N4="Semi-Annual",M4+180,IF(N4="Annual",M4+365,"")))))
O5: =IF(M5="","",IF(N5="Monthly",M5+30,IF(N5="Quarterly",M5+90,IF(N5="Semi-Annual",M5+180,IF(N5="Annual",M5+365,"")))))
O6: =IF(M6="","",IF(N6="Monthly",M6+30,IF(N6="Quarterly",M6+90,IF(N6="Semi-Annual",M6+180,IF(N6="Annual",M6+365,"")))))
O7: =IF(M7="","",IF(N7="Monthly",M7+30,IF(N7="Quarterly",M7+90,IF(N7="Semi-Annual",M7+180,IF(N7="Annual",M7+365,"")))))
O8: =IF(M8="","",IF(N8="Monthly",M8+30,IF(N8="Quarterly",M8+90,IF(N8="Semi-Annual",M8+180,IF(N8="Annual",M8+365,"")))))
O9: =IF(M9="","",IF(N9="Monthly",M9+30,IF(N9="Quarterly",M9+90,IF(N9="Semi-Annual",M9+180,IF(N9="Annual",M9+365,"")))))
O10: =IF(M10="","",IF(N10="Monthly",M10+30,IF(N10="Quarterly",M10+90,IF(N10="Semi-Annual",M10+180,IF(N10="Annual",M10+365,"")))))
O11: =IF(M11="","",IF(N11="Monthly",M11+30,IF(N11="Quarterly",M11+90,IF(N11="Semi-Annual",M11+180,IF(N11="Annual",M11+365,"")))))
O12: =IF(M12="","",IF(N12="Monthly",M12+30,IF(N12="Quarterly",M12+90,IF(N12="Semi-Annual",M12+180,IF(N12="Annual",M12+365,"")))))
O13: =IF(M13="","",IF(N13="Monthly",M13+30,IF(N13="Quarterly",M13+90,IF(N13="Semi-Annual",M13+180,IF(N13="Annual",M13+365,"")))))
O14: =IF(M14="","",IF(N14="Monthly",M14+30,IF(N14="Quarterly",M14+90,IF(N14="Semi-Annual",M14+180,IF(N14="Annual",M14+365,"")))))
... O52: =IF(M52="","",IF(N52="Monthly",M52+30,IF(N52="Quarterly",M52+90,IF(N52="Semi-Annual",M52+180,IF(N52="Annual",M52+365,"")))))

Sheet Metrics_Summary
A1: Baseline Configuration Assessment - Metrics Summary
A3: OVERALL COMPLIANCE METRICS
A4: Metric | B4: Value | C4: Target | D4: Status
A5: Total Assets in Scope | B5: =COUNTA(Asset_Inventory!A3:A102)-COUNTBLANK(Asset_Inventory!A3:A102) | C5: N/A
A6: Assets with Defined Baselines | B6: =COUNTIF(Asset_Inventory!H3:H102,"Defined") | C6: N/A
A7: Overall Baseline Coverage % | B7: =IF(B5=0,0,B6/B5*100) | C7: ≥85% | D7: =IF(B7>=85,"✓ Compliant",IF(B7>=70,"⚠ Partial","✗ Non-Compliant"))
A8: Critical Asset Count | B8: =COUNTIF(Asset_Inventory!E3:E102,"Critical") | C8: N/A
A9: Critical Assets with Baselines | B9: =COUNTIFS(Asset_Inventory!E3:E102,"Critical",Asset_Inventory!H3:H102,"Defined") | C9: N/A
A10: Critical Asset Coverage % | B10: =IF(B8=0,0,B9/B8*100) | C10: ≥95% | D10: =IF(B10>=95,"✓ Compliant",IF(B10>=90,"⚠ Partial","✗ Non-Compliant"))
A11: High Asset Count | B11: =COUNTIF(Asset_Inventory!E3:E102,"High") | C11: N/A
A12: High Assets with Baselines | B12: =COUNTIFS(Asset_Inventory!E3:E102,"High",Asset_Inventory!H3:H102,"Defined") | C12: N/A
A13: High Asset Coverage % | B13: =IF(B11=0,0,B12/B11*100) | C13: ≥90% | D13: =IF(B13>=90,"✓ Compliant",IF(B13>=85,"⚠ Partial","✗ Non-Compliant"))
A14: Baselines Pending Approval | B14: =COUNTIF(Approval_Tracking!E3:E52,"Submitted")+COUNTIF(Approval_Tracking!E3:E52,"Under Review") | C14: 0 | D14: =IF(B14=0,"✓ None Pending","⚠ "&B14&" Pending")
A15: Baselines with Excellent Documentation | B15: =COUNTIF(Documentation_Assessment!L3:L32,"Excellent") | C15: Maximize | D15: =B15&" baselines"
A16: Baselines with Poor Documentation | B16: =COUNTIF(Documentation_Assessment!L3:L32,"Poor") | C16: 0 | D16: =IF(B16=0,"✓ None","✗ "&B16&" Need Remediation")
A17: Active High/Critical Risk Deviations | B17: =COUNTIFS(Deviation_Register!J3:J52,"High",Deviation_Register!P3:P52,"Active")+COUNTIFS(Deviation_Register!J3:J52,"Critical",Deviation_Register!P3:P52,"Active") | C17: <5 | D17: =IF(B17<5,"✓ Within Target","✗ "&B17&" High-Risk")
A19: COVERAGE BY ASSET CATEGORY
A20: Category | B20: Total Assets | C20: With Baselines | D20: Coverage %
A21: Infrastructure | B21: =COUNTIF(Asset_Inventory!$D$3:$D$102,"Infrastructure") | C21: =COUNTIFS(Asset_Inventory!$D$3:$D$102,"Infrastructure",Asset_Inventory!$H$3:$H$102,"Defined") | D21: =IF(B21=0,0,C21/B21*100)
A22: Endpoint | B22: =COUNTIF(Asset_Inventory!$D$3:$D$102,"Endpoint") | C22: =COUNTIFS(Asset_Inventory!$D$3:$D$102,"Endpoint",Asset_Inventory!$H$3:$H$102,"Defined") | D22: =IF(B22=0,0,C22/B22*100)
A23: Network Services | B23: =COUNTIF(Asset_Inventory!$D$3:$D$102,"Network Services") | C23: =COUNTIFS(Asset_Inventory!$D$3:$D$102,"Network Services",Asset_Inventory!$H$3:$H$102,"Defined") | D23: =IF(B23=0,0,C23/B23*100)
A24: Applications | B24: =COUNTIF(Asset_Inventory!$D$3:$D$102,"Applications") | C24: =COUNTIFS(Asset_Inventory!$D$3:$D$102,"Applications",Asset_Inventory!$H$3:$H$102,"Defined") | D24: =IF(B24=0,0,C24/B24*100)
A25: Cloud | B25: =COUNTIF(Asset_Inventory!$D$3:$D$102,"Cloud") | C25: =COUNTIFS(Asset_Inventory!$D$3:$D$102,"Cloud",Asset_Inventory!$H$3:$H$102,"Defined") | D25: =IF(B25=0,0,C25/B25*100)
A26: IoT/OT | B26: =COUNTIF(Asset_Inventory!$D$3:$D$102,"IoT/OT") | C26: =COUNTIFS(Asset_Inventory!$D$3:$D$102,"IoT/OT",Asset_Inventory!$H$3:$H$102,"Defined") | D26: =IF(B26=0,0,C26/B26*100)
A28: APPROVAL PROCESS HEALTH
A29: Metric | B29: Value | C29: Target | D29: Status
A30: Average Approval Time (Days) | B30: =IFERROR(AVERAGE(Approval_Tracking!K3:K52),0) | C30: <14 days | D30: =IF(B30<=14,"✓ Within SLA","✗ Exceeds SLA")
A31: Baselines Exceeding SLA (>21 days) | B31: =COUNTIF(Approval_Tracking!L3:L52,"SLA Breach") | C31: 0 | D31: =IF(B31=0,"✓ None","✗ "&B31&" Breaches")
A32: Total Approved Baselines | B32: =COUNTIF(Approval_Tracking!E3:E52,"Approved") | C32: N/A
A33: Total Rejected Baselines | B33: =COUNTIF(Approval_Tracking!E3:E52,"Rejected") | C33: N/A
A34: Approval Success Rate % | B34: =IF((B32+B33)=0,0,B32/(B32+B33)*100) | C34: >90% | D34: =IF(B34>=90,"✓ Good",IF(B34>=80,"⚠ Fair","✗ Poor"))
A37: NOTE: All metrics on this sheet are auto-calculated from data in other sheets. Do not edit.
A38: Generated: 08.02.2026 12:26 | Status indicators: ✓ = Compliant, ⚠ = Partial/Warning, ✗ = Non-Compliant

Sheet Evidence_Register
A1: Evidence Register - Baseline Configuration Assessment
A2: Evidence ID | B2: Evidence Type | C2: Evidence Description | D2: Related Asset(s) | E2: Related Baseline(s) | F2: Evidence Date | G2: Evidence Location | H2: Evidence Owner | I2: Evidence Classification | J2: Retention Period | K2: Last Verified Date | L2: Verification Status | M2: Linked Control Requirement | N2: Notes

Sheet Approval_Sign_Off
A1: Assessment Approval Sign-Off
A3: DOCUMENT INFORMATION
A4: Assessment Title | B4: Baseline Configuration Assessment - Control A.8.9
A5: Assessment Period | B5: [Start Date DD.MM.YYYY] to [End Date DD.MM.YYYY]
A6: Document ID | B6: ISMS-IMP-A.8.9.1
A7: Version | B7: 1.0
A8: Assessment Date | B8: 08.02.2026
A10: PREPARER SIGN-OFF
A11: Preparer Name
A12: Preparer Role
A13: Preparer Signature
A14: Date Prepared
A15: Completeness Attestation | B15: I attest that the information in this assessment has been compiled accurately to the best of my knowledge and all required evidence has been collected.
A17: REVIEWER SIGN-OFF
A18: Reviewer Name
A19: Reviewer Role
A20: Reviewer Signature
A21: Date Reviewed
A22: Review Findings
A23: Gaps Identified
A24: Review Attestation | B24: I have reviewed this assessment and verify that it accurately represents [Organization]'s baseline configuration status. Identified gaps have been documented for remediation.
A26: APPROVER SIGN-OFF
A27: Approver Name
A28: Approver Role
A29: Approver Signature
A30: Date Approved
A31: Approval Decision
A32: Conditions/Comments
A33: Next Assessment Due
A34: Approver Attestation | B34: I approve this baseline configuration assessment and authorize any documented remediation activities to proceed. This assessment will be used for compliance reporting and audit purposes.
