Workbook

Sheet Instructions & Legend
A1: ISMS-IMP-A.8.8.4 - Remediation & Prioritization ISO/IEC 27001:2022 - Control A.8.8: Management of Technical Vulnerabilities
A3: Document Information
A4: Document ID | B4: ISMS-IMP-A.8.8.4
A5: Workbook Title | B5: Remediation & Prioritization
A6: Control Reference | B6: ISO/IEC 27001:2022 - Control A.8.8: Management of Technical Vulnerabilities
A7: Version | B7: 1.0
A8: Assessment Date
A9: Completed By
A10: Organisation
A12: Instructions
A13: 1. Review this sheet to understand the assessment structure and status conventions.
A14: 2. Complete the Priority Matrix sheet with SLA assignments for all prioritised vulnerabilities.
A15: 3. Complete the Remediation Queue sheet with deployment tracking for each patch/fix.
A16: 4. Complete the Change Control sheet with all change requests for vulnerability remediation.
A17: 5. Complete the Testing and Validation sheet with patch testing outcomes.
A18: 6. Complete the SLA Compliance sheet with SLA status for each tracked vulnerability.
A19: 7. Record all supporting evidence in the Evidence Register.
A20: 8. Review the Summary Dashboard for TABLE 1/2/3 compliance metrics.
... A23: Status Legend
A24: Symbol | B24: Status | C24: Description
A25: ✓ | B25: Compliant / Complete | C25: Requirement fully met
A26: ⚠ | B26: Partial / In Progress | C26: Partially met or in progress
A27: ✗ | B27: Non-Compliant / Not Started | C27: Requirement not met
A28: — | B28: Not Applicable | C28: Not applicable to this assessment

Sheet Priority Matrix
A1: ISMS-IMP-A.8.8.4 — PRIORITY MATRIX
A2: ISO/IEC 27001:2022 — Control A.8.8: SLA-Based Vulnerability Prioritisation
A4: Vuln_ID | B4: CVE_ID | C4: Asset_ID | D4: Asset_Criticality | E4: CVSS_v4.0_Score | F4: CVSS_v3.1_Score | G4: EPSS_Score | H4: KEV_Listed | I4: Exploit_Available | J4: Asset_Exposure | K4: Business_Impact | L4: Data_Sensitivity | M4: Regulatory_Requirement | N4: Compensating_Control | O4: Base_CVSS_Priority | P4: KEV_Adjustment | Q4: Asset_Criticality_Weight | R4: Exploit_Weight | S4: Exposure_Weight | T4: Business_Impact_Weight | U4: Regulatory_Weight | V4: EPSS_Weight | W4: Composite_Score | X4: Initial_Priority | Y4: Risk_Owner | Z4: Last_Review_Date | AA4: Next_Review_Date | AB4: Escalation_Status | AC4: Change_Control_ID | AD4: Final_Priority | AE4: SLA_Target_Date | AF4: SLA_Days_Remaining | AG4: SLA_Status_Calc | AH4: SLA_Status
A5: VULN-001 | B5: CVE-2024-1234 | C5: SRV-PROD-001 | D5: Critical | E5: 9.2 | F5: 9.8 | G5: 0.9742 | H5: YES | I5: Yes | J5: Internet | K5: Critical | L5: High | M5: Yes | N5: No | O5: P0 | P5: +1 | Q5: 25 | R5: 20 | S5: 20 | T5: 15 | U5: 10 | V5: 5 | W5: 95 | X5: P0 | Y5: Infrastructure Lead | Z5: 20/01/2024 | AA5: 27/01/2024 | AB5: Escalated | AC5: CHG-001 | AD5: P0 | AE5: 24/01/2024 | AF5: 3 | AG5: Calculated | AH5: On Track

Sheet Remediation Queue
A1: ISMS-IMP-A.8.8.4 — REMEDIATION QUEUE
A2: ISO/IEC 27001:2022 — Control A.8.8: Patch Deployment Tracking
A4: Vuln_ID | B4: CVE_ID | C4: Asset_ID | D4: Priority | E4: Change_Control_ID | F4: Remediation_Type | G4: Patch_ID | H4: Patch_Version | I4: Patch_Source | J4: Test_Environment | K4: Tested_By | L4: Test_Date | M4: Test_Result | N4: Rollback_Plan | O4: Rollback_Tested | P4: CAB_Approval | Q4: Change_Request_ID | R4: Deployment_Window | S4: Deployment_Method | T4: Target_Assets | U4: Assets_Count | V4: Deployment_Owner | W4: Deployment_Team | X4: Scheduled_Date | Y4: Actual_Start | Z4: Actual_End | AA4: Duration_Hours | AB4: Pre_Check_Complete | AC4: Deployment_Detail | AD4: Post_Deployment_Test | AE4: Verification_Status | AF4: Verification_Date | AG4: Issues_Encountered | AH4: Issues_Resolved | AI4: Rollback_Triggered | AJ4: Rollback_Reason | AK4: Lessons_Learned | AL4: Next_Steps | AM4: Notes | AN4: Deployment_Status
A5: VULN-001 | B5: CVE-2024-1234 | C5: SRV-PROD-001 | D5: P0 | E5: CHG-001 | F5: Patch | G5: PATCH-001 | H5: 2.4.51 | I5: Apache.org | J5: Staging | K5: Security Engineer | L5: 22/01/2024 | M5: Pass | N5: Yes | O5: Yes | P5: Emergency | Q5: REQ-001 | R5: 22/01/2024 02:00-04:00 | S5: Automated | T5: All web servers | U5: 12 | V5: Infrastructure Lead | W5: Ops Team | X5: 22/01/2024 | Y5: 22/01/2024 02:05 | Z5: 22/01/2024 03:45 | AA5: 1.67 | AB5: Yes | AC5: Automated patch manager | AD5: Yes | AE5: Pass | AF5: 23/01/2024 | AH5: No | AI5: No | AK5: Document rollback procedure | AL5: Monitor for 48hrs | AM5: Emergency patch successful | AN5: Complete

Sheet Change Control
A1: ISMS-IMP-A.8.8.4 — CHANGE CONTROL
A2: ISO/IEC 27001:2022 — Control A.8.8: Change Request Management
A4: Change_ID | B4: Vuln_ID | C4: Change_Title | D4: Change_Description | E4: Change_Owner | F4: Change_Type | G4: Submission_Date | H4: Approval_Status
A5: CHG-001 | B5: VULN-001 | C5: Emergency Apache HTTP Server Patch — CVE-2024-1234 | D5: Apply Apache HTTP Server 2.4.51 patch to all production web servers | E5: Infrastructure Lead | F5: Emergency | G5: 20/01/2024 | H5: Approved

Sheet Testing and Validation
A1: ISMS-IMP-A.8.8.4 — TESTING AND VALIDATION
A2: ISO/IEC 27001:2022 — Control A.8.8: Patch Testing & Verification
A4: Test_ID | B4: Vuln_ID | C4: Asset_ID | D4: Remediation_Type | E4: Test_Type | F4: Test_Environment | G4: Test_Owner | H4: Test_Date | I4: Expected_Result | J4: Actual_Result | K4: CVE_Resolved_Confirmed | L4: CVE_Verified_Fixed | M4: Test_Notes | N4: Test_Result
A5: TST-001 | B5: VULN-001 | C5: SRV-PROD-001 | D5: Patch | E5: Automated | F5: Staging | G5: Security Engineer | H5: 22/01/2024 | I5: Vulnerability no longer present post-patch | J5: CVE-2024-1234 confirmed remediated by scanner | K5: Yes | L5: Yes | M5: Tenable scan confirmed 0 findings for CVE-2024-1234 | N5: Pass

Sheet SLA Compliance
A1: ISMS-IMP-A.8.8.4 — SLA COMPLIANCE
A2: ISO/IEC 27001:2022 — Control A.8.8: SLA Monitoring Per Vulnerability
A4: Vuln_ID | B4: Priority | C4: SLA_Target_Days | D4: Days_Since_Discovery | E4: SLA_Deadline | F4: Actual_Completion_Date | G4: SLA_Variance_Days | H4: SLA_Status
A5: VULN-001 | B5: P0 | C5: 3 | D5: 1 | E5: 24/01/2024 | F5: 23/01/2024 | G5: 1 | H5: Complete

Sheet Evidence Register
A1: EVIDENCE REGISTER
A2: ISO/IEC 27001:2022 Annex A — Control A.8.8: Management of Technical Vulnerabilities
A4: Evidence ID | B4: Evidence Type | C4: Description | D4: Related Control / Section | E4: Collection Date (DD.MM.YYYY) | F4: Storage Location / Reference | G4: Collected By | H4: Status
A5: EV-001 | B5: Remediation Report | C5: Sample evidence entry — replace with actual evidence | D5: A.8.8 Remediation & Prioritization | E5: 01.01.2026 | F5: SharePoint/ISMS/A.8.8/S4/Evidence/ | G5: Security Team | H5: Active

Sheet Summary Dashboard
A1: REMEDIATION & PRIORITIZATION — SUMMARY DASHBOARD
A2: ISO/IEC 27001:2022 — Control A.8.8: Management of Technical Vulnerabilities
A4: TABLE 1: ASSESSMENT AREA COMPLIANCE OVERVIEW
A5: Assessment Area | B5: Total Items | C5: Compliant | D5: Partial / Warning | E5: Non-Compliant | F5: N/A | G5: Compliance %
A6: Priority Matrix | B6: =COUNTA('Priority Matrix'!A6:A55) | C6: =COUNTIF('Priority Matrix'!AH6:AH55,"On Track")+COUNTIF('Priority Matrix'!AH6:AH55,"Complete") | D6: =COUNTIF('Priority Matrix'!AH6:AH55,"At Risk") | E6: =COUNTIF('Priority Matrix'!AH6:AH55,"Overdue") | F6: 0 | G6: =IF((B6-F6)=0,0,C6/(B6-F6))
A7: Remediation Queue | B7: =COUNTA('Remediation Queue'!A6:A55) | C7: =COUNTIF('Remediation Queue'!AN6:AN55,"Complete") | D7: =COUNTIF('Remediation Queue'!AN6:AN55,"In Progress")+COUNTIF('Remediation Queue'!AN6:AN55,"Scheduled") | E7: =COUNTIF('Remediation Queue'!AN6:AN55,"Failed")+COUNTIF('Remediation Queue'!AN6:AN55,"Rolled Back") | F7: 0 | G7: =IF((B7-F7)=0,0,C7/(B7-F7))
A8: Change Control | B8: =COUNTA('Change Control'!A6:A55) | C8: =COUNTIF('Change Control'!H6:H55,"Approved")+COUNTIF('Change Control'!H6:H55,"Implemented")+COUNTIF('Change Control'!H6:H55,"Closed") | D8: =COUNTIF('Change Control'!H6:H55,"Submitted") | E8: =COUNTIF('Change Control'!H6:H55,"Draft")+COUNTIF('Change Control'!H6:H55,"Rejected") | F8: 0 | G8: =IF((B8-F8)=0,0,C8/(B8-F8))
A9: Testing and Validation | B9: =COUNTA('Testing and Validation'!A6:A55) | C9: =COUNTIF('Testing and Validation'!N6:N55,"Pass")+COUNTIF('Testing and Validation'!N6:N55,"Not Required") | D9: =COUNTIF('Testing and Validation'!N6:N55,"Pending") | E9: =COUNTIF('Testing and Validation'!N6:N55,"Fail") | F9: 0 | G9: =IF((B9-F9)=0,0,C9/(B9-F9))
A10: SLA Compliance | B10: =COUNTA('SLA Compliance'!A6:A55) | C10: =COUNTIF('SLA Compliance'!H6:H55,"On Track")+COUNTIF('SLA Compliance'!H6:H55,"Complete") | D10: =COUNTIF('SLA Compliance'!H6:H55,"At Risk") | E10: =COUNTIF('SLA Compliance'!H6:H55,"Overdue") | F10: 0 | G10: =IF((B10-F10)=0,0,C10/(B10-F10))
A11: TOTAL | B11: =SUM(B6:B10) | C11: =SUM(C6:C10) | D11: =SUM(D6:D10) | E11: =SUM(E6:E10) | F11: =SUM(F6:F10) | G11: =IF((B11-F11)=0,0,C11/(B11-F11))
A13: TABLE 2: KEY METRICS
A14: Metric | B14: Value
A15: Remediation Backlog
A16: Total in Remediation Queue | B16: =COUNTA('Remediation Queue'!A6:A55)
A17: SLA Performance
A18: P0 — SLA On Track | B18: =COUNTIFS('Priority Matrix'!AD6:AD55,"P0",'Priority Matrix'!AH6:AH55,"On Track")
A19: P0 — SLA Overdue | B19: =COUNTIFS('Priority Matrix'!AD6:AD55,"P0",'Priority Matrix'!AH6:AH55,"Overdue")
A20: P1 — SLA Overdue | B20: =COUNTIFS('Priority Matrix'!AD6:AD55,"P1",'Priority Matrix'!AH6:AH55,"Overdue")
A21: Overall SLA Compliance % | B21: =IFERROR((COUNTIF('SLA Compliance'!H6:H55,"On Track")+COUNTIF('SLA Compliance'!H6:H55,"Complete"))/COUNTA('SLA Compliance'!A6:A55),0)
A22: Deployment & Testing
A23: Deployments Complete | B23: =COUNTIF('Remediation Queue'!AN6:AN55,"Complete")
A24: Deployments Failed | B24: =COUNTIF('Remediation Queue'!AN6:AN55,"Failed")
A25: Patch Test Pass Rate | B25: =IFERROR(COUNTIF('Testing and Validation'!N6:N55,"Pass")/COUNTA('Testing and Validation'!A6:A55),0)
A26: Change Management
A27: Change Requests Approved | B27: =COUNTIF('Change Control'!H6:H55,"Approved")+COUNTIF('Change Control'!H6:H55,"Implemented")
A28: Change Requests Rejected | B28: =COUNTIF('Change Control'!H6:H55,"Rejected")
A29: Emergency Patches (Change_Type=Emergency) | B29: =COUNTIF('Change Control'!F6:F55,"Emergency")
A30: Verification Passed % | B30: =IFERROR(COUNTIF('Testing and Validation'!N6:N55,"Pass")/COUNTA('Testing and Validation'!A6:A55),0)
A32: TABLE 3: CRITICAL FINDINGS REQUIRING ACTION
A33: Category | B33: Finding | C33: Count | D33: Severity | E33: Action Required
A34: SLA | B34: P0 Emergency items — SLA OVERDUE | C34: =COUNTIFS('Priority Matrix'!AD6:AD55,"P0",'Priority Matrix'!AH6:AH55,"Overdue") | D34: Critical | E34: Immediate
A35: SLA | B35: P1 Critical items — SLA OVERDUE | C35: =COUNTIFS('Priority Matrix'!AD6:AD55,"P1",'Priority Matrix'!AH6:AH55,"Overdue") | D35: Critical | E35: Immediate
A36: Deployment | B36: Deployment failures unresolved | C36: =COUNTIF('Remediation Queue'!AN6:AN55,"Failed") | D36: Critical | E36: Immediate
A37: Testing | B37: Patch validation failures | C37: =COUNTIF('Testing and Validation'!N6:N55,"Fail") | D37: High | E37: Urgent
A38: SLA | B38: P2 High items — SLA OVERDUE | C38: =COUNTIFS('Priority Matrix'!AD6:AD55,"P2",'Priority Matrix'!AH6:AH55,"Overdue") | D38: High | E38: Urgent
A39: Change Control | B39: Change requests rejected | C39: =COUNTIF('Change Control'!H6:H55,"Rejected") | D39: High | E39: Urgent
A40: Deployment | B40: Rolled back deployments | C40: =COUNTIF('Remediation Queue'!AN6:AN55,"Rolled Back") | D40: Medium | E40: Plan
A41: SLA | B41: Any items in At Risk status | C41: =COUNTIF('SLA Compliance'!H6:H55,"At Risk") | D41: Medium | E41: Plan

Sheet Approval Sign-Off
A1: REMEDIATION AND PRIORITIZATION — ASSESSMENT APPROVAL AND SIGN-OFF
A2: ISO/IEC 27001:2022 Annex A — Control A.8.8: Management of Technical Vulnerabilities
A3: ASSESSMENT SUMMARY
A4: Document: | B4: ISMS-IMP-A.8.8.4 — Remediation & Prioritization
A5: Assessment Period:
A6: Overall Compliance Rating: | B6: ='Summary Dashboard'!G11
A7: Assessment Status:
A8: Assessed By:
A10: ASSESSMENT REVIEW AND APPROVAL
A11: Role / Function | B11: Name | C11: Signature / Initials | D11: Date (DD.MM.YYYY) | E11: Comments
A12: Lead Assessor / Author
A13: IT Security Manager
A14: Reviewer (Technical / Compliance)
A15: CISO / Final Approver
A17: FINAL DECISION: | B17: ☐ Approved ☐ Approved with Conditions ☐ Rejected ☐ Deferred
A19: NEXT REVIEW DETAILS
A20: Next Review Date (DD.MM.YYYY)
A21: Review Owner
