Workbook

Sheet Instructions & Legend
A1: ISMS-IMP-A.8.8.6 - Metrics & KPIs Dashboard ISO/IEC 27001:2022 - Control A.8.8: Management of Technical Vulnerabilities
A3: Document Information
A4: Document ID | B4: ISMS-IMP-A.8.8.6
A5: Workbook Title | B5: Metrics & KPIs Dashboard
A6: Control Reference | B6: ISO/IEC 27001:2022 - Control A.8.8: Management of Technical Vulnerabilities
A7: Version | B7: 1.0
A8: Assessment Date
A9: Completed By
A10: Organisation
A12: Instructions
A13: 1. Review this sheet to understand the assessment structure and status conventions.
A14: 2. Complete the Metric Definitions sheet with all 80 KPI definitions and current status.
A15: 3. Complete the SLA Performance sheet with SLA compliance data per priority level.
A16: 4. Complete the Risk Metrics sheet with current risk KPI values.
A17: 5. Complete the Monthly Trends sheet with rolling 12-month vulnerability data.
A18: 6. Review the Executive Dashboard for a print-ready A4 summary of key metrics.
A19: 7. Complete the Benchmarks sheet comparing org metrics to industry standards.
A20: 8. Record all supporting evidence in the Evidence Register.
... A24: Status Legend
A25: Symbol | B25: Status | C25: Description
A26: ✓ | B26: Compliant / Complete | C26: Requirement fully met
A27: ⚠ | B27: Partial / In Progress | C27: Partially met or in progress
A28: ✗ | B28: Non-Compliant / Not Started | C28: Requirement not met
A29: — | B29: Not Applicable | C29: Not applicable to this assessment

Sheet Metric Definitions
A1: ISMS-IMP-A.8.8.6 — METRIC DEFINITIONS
A2: ISO/IEC 27001:2022 — Control A.8.8: Management of Technical Vulnerabilities
A4: Metric_ID | B4: Metric_Name | C4: Category | D4: Description | E4: Formula_Description | F4: Current_Value | G4: Target | H4: Warning_Threshold | I4: Unit | J4: Calculation_Frequency | K4: Data_Source | L4: Measurement_Tool | M4: Last_Updated | N4: Responsible_Owner | O4: Audit_Relevance | P4: Notes | Q4: Status
A5: MET-001 | B5: Mean Time to Remediate (P1) | C5: Remediation | D5: Average days from discovery to close for P1 vulnerabilities | E5: AVG(Days_Active) where Priority=P1 | F5: 12.5 | G5: 14 | H5: 21 | I5: Days | J5: Monthly | K5: Remediation Queue | L5: ISMS-IMP-A.8.8.4 | M5: 2026-02-01 | N5: CISO | O5: Critical | Q5: Green

Sheet SLA Performance
A1: ISMS-IMP-A.8.8.6 — SLA PERFORMANCE
A2: ISO/IEC 27001:2022 — Control A.8.8: Management of Technical Vulnerabilities
A4: Priority_Level | B4: SLA_Target | C4: Current_Avg_Days | D4: SLA_Status | E4: Total_Items | F4: Items_Breached | G4: Notes
A5: P1 Critical | B5: 14 days | C5: 12.5 | D5: Met | E5: 23 | F5: 2 | G5: Last 30 days

Sheet Risk Metrics
A1: ISMS-IMP-A.8.8.6 — RISK METRICS
A2: ISO/IEC 27001:2022 — Control A.8.8: Management of Technical Vulnerabilities
A4: Metric_ID | B4: Metric_Name | C4: Current_Value | D4: Status | E4: Notes
A5: RMT-001 | B5: Open P0 Vulnerabilities | C5: 0 | D5: Green | E5: No P0 items open as of assessment date

Sheet Monthly Trends
A1: ISMS-IMP-A.8.8.6 — MONTHLY TRENDS
A2: ISO/IEC 27001:2022 — Control A.8.8: Management of Technical Vulnerabilities
A4: Month | B4: Total_Vulns_Open | C4: New_Vulns_Discovered | D4: Remediated | E4: Avg_Days_To_Remediate | F4: Trend_Status | G4: P0_P1_Open | H4: Notes
A5: Jan | B5: 145 | C5: 32 | D5: 28 | E5: 15.2 | F5: Improving | G5: 3 | H5: End of quarter review

Sheet Executive Dashboard
A1: ISMS-IMP-A.8.8.6 — EXECUTIVE DASHBOARD
A2: ISO/IEC 27001:2022 — Control A.8.8: Management of Technical Vulnerabilities — Executive Summary
A4: KEY PERFORMANCE INDICATORS — CURRENT STATUS
A5: KPI Area | B5: Description | C5: Source Workbook | D5: Status | E5: Notes
A6: Scanning Coverage | B6: % assets with active scanner coverage | C6: S1
A7: Vulnerability Inventory | B7: Total open vulnerabilities by priority | C7: S2
A8: Threat Intelligence | B8: Active exploitation & KEV status | C8: S3
A9: Remediation SLA | B9: SLA compliance by priority tier | C9: S4
A10: Exception Management | B10: Open exceptions & compensating controls | C10: S5
A11: KPI Health | B11: Overall KPI green/yellow/red status | C11: S6
A13: AUDIT READINESS SUMMARY
A14: Audit Item | B14: Guidance | C14: Status
A15: Audit-Critical KPIs in Green | B15: Review Metric Definitions — Audit_Relevance=Critical, Status=Green
A16: Audit-Critical KPIs in Red | B16: Immediate remediation required before audit
A17: Evidence Completeness | B17: All FFFFCC rows in Evidence Register populated
A18: Sign-Off Obtained | B18: Approval Sign-Off sheet fully completed

Sheet Benchmarks
A1: ISMS-IMP-A.8.8.6 — BENCHMARKS
A2: ISO/IEC 27001:2022 — Control A.8.8: Management of Technical Vulnerabilities
A4: Benchmark_ID | B4: Metric_Name | C4: Industry_Target | D4: Our_Current_Value | E4: Benchmark_Status | F4: Source | G4: Notes
A5: BNK-001 | B5: Mean Time to Remediate P1 | C5: 14 days | D5: 12.5 days | E5: Exceeding | F5: SANS 2024 | G5: Below industry target — good

Sheet Evidence Register
A1: EVIDENCE REGISTER
A2: ISO/IEC 27001:2022 — Control A.8.8: Management of Technical Vulnerabilities — Evidence Collection
A4: Evidence_ID | B4: Evidence_Title | C4: Evidence_Type | D4: Source_Sheet | E4: Date_Collected | F4: Collected_By | G4: File_Path_or_Reference | H4: Notes
A5: EV-001 | B5: KPI Status Report | C5: Report | D5: Metric Definitions | E5: 2026-02-01 | F5: CISO | G5: /evidence/a.8.8/kpi-report-202602.pdf | H5: Monthly KPI report

Sheet Summary Dashboard
A1: METRICS & KPIS DASHBOARD — SUMMARY DASHBOARD
A2: ISO/IEC 27001:2022 — Control A.8.8: Management of Technical Vulnerabilities
A4: TABLE 1: ASSESSMENT AREA COMPLIANCE OVERVIEW
A5: Assessment Area | B5: Total Items | C5: Compliant | D5: Partial / Warning | E5: Non-Compliant | F5: N/A | G5: Compliance %
A6: Metric Definitions | B6: =COUNTA('Metric Definitions'!A6:A85) | C6: =COUNTIF('Metric Definitions'!Q6:Q85,"Green") | D6: =COUNTIF('Metric Definitions'!Q6:Q85,"Yellow") | E6: =COUNTIF('Metric Definitions'!Q6:Q85,"Red") | F6: =COUNTIF('Metric Definitions'!Q6:Q85,"N/A") | G6: =IF((B6-F6)=0,0,C6/(B6-F6))
A7: SLA Performance | B7: =COUNTA('SLA Performance'!A6:A55) | C7: =COUNTIF('SLA Performance'!D6:D55,"Met") | D7: 0 | E7: =COUNTIF('SLA Performance'!D6:D55,"Violated") | F7: =COUNTIF('SLA Performance'!D6:D55,"N/A") | G7: =IF((B7-F7)=0,0,C7/(B7-F7))
A8: Risk Metrics | B8: =COUNTA('Risk Metrics'!A6:A55) | C8: =COUNTIF('Risk Metrics'!D6:D55,"Green") | D8: =COUNTIF('Risk Metrics'!D6:D55,"Yellow") | E8: =COUNTIF('Risk Metrics'!D6:D55,"Red") | F8: 0 | G8: =IF((B8-F8)=0,0,C8/(B8-F8))
A9: Monthly Trends | B9: =COUNTA('Monthly Trends'!A6:A55) | C9: =COUNTIF('Monthly Trends'!F6:F55,"Improving") | D9: =COUNTIF('Monthly Trends'!F6:F55,"Stable") | E9: =COUNTIF('Monthly Trends'!F6:F55,"Declining") | F9: 0 | G9: =IF((B9-F9)=0,0,C9/(B9-F9))
A10: Executive Dashboard | B10: =IF(COUNTA('Executive Dashboard'!A1:H1)>0,1,0) | C10: =B10 | D10: 0 | E10: =1-B10 | F10: 0 | G10: =IF((B10-F10)=0,0,C10/(B10-F10))
A11: TOTAL | B11: =SUM(B6:B10) | C11: =SUM(C6:C10) | D11: =SUM(D6:D10) | E11: =SUM(E6:E10) | F11: =SUM(F6:F10) | G11: =IF((B11-F11)=0,0,C11/(B11-F11))
A13: TABLE 2: KEY METRICS
A14: Metric | B14: Value
A15: KPI Status Overview
A16: Total KPIs Defined | B16: =COUNTA('Metric Definitions'!A6:A85)
A17: KPIs in Green (On Target) | B17: =COUNTIF('Metric Definitions'!Q6:Q85,"Green")
A18: KPIs in Yellow (Warning) | B18: =COUNTIF('Metric Definitions'!Q6:Q85,"Yellow")
A19: KPIs in Red (Critical) | B19: =COUNTIF('Metric Definitions'!Q6:Q85,"Red")
A20: Audit Readiness
A21: Audit-Critical KPIs in Green | B21: =COUNTIFS('Metric Definitions'!O6:O85,"Critical",'Metric Definitions'!Q6:Q85,"Green")
A22: Audit-Critical KPIs in Red | B22: =COUNTIFS('Metric Definitions'!O6:O85,"Critical",'Metric Definitions'!Q6:Q85,"Red")
A23: SLA & Risk Metrics
A24: SLA Metrics — Met | B24: =COUNTIF('SLA Performance'!D6:D55,"Met")
A25: SLA Metrics — Violated | B25: =COUNTIF('SLA Performance'!D6:D55,"Violated")
A26: Risk Metrics in Green | B26: =COUNTIF('Risk Metrics'!D6:D55,"Green")
A27: KPI Green Rate % | B27: =IFERROR(COUNTIF('Metric Definitions'!Q6:Q85,"Green")/COUNTA('Metric Definitions'!A6:A85),0)
A28: Benchmarking
A29: Benchmarks — Exceeding Target | B29: =COUNTIF('Benchmarks'!E6:E55,"Exceeding")
A30: Benchmarks — Below Target | B30: =COUNTIF('Benchmarks'!E6:E55,"Below")
A32: TABLE 3: CRITICAL FINDINGS REQUIRING ACTION
A33: Category | B33: Finding | C33: Count | D33: Severity | E33: Action Required
A34: Audit Readiness | B34: Audit-critical KPIs in RED status | C34: =COUNTIFS('Metric Definitions'!O6:O85,"Critical",'Metric Definitions'!Q6:Q85,"Red") | D34: Critical | E34: Immediate
A35: SLA | B35: SLA metrics violated | C35: =COUNTIF('SLA Performance'!D6:D55,"Violated") | D35: High | E35: Urgent
A36: Risk Metrics | B36: Risk metrics in RED status | C36: =COUNTIF('Risk Metrics'!D6:D55,"Red") | D36: High | E36: Urgent
A37: KPI Health | B37: All KPIs in RED status | C37: =COUNTIF('Metric Definitions'!Q6:Q85,"Red") | D37: High | E37: Urgent
A38: Audit Readiness | B38: High-relevance KPIs in RED | C38: =COUNTIFS('Metric Definitions'!O6:O85,"High",'Metric Definitions'!Q6:Q85,"Red") | D38: High | E38: Urgent
A39: Benchmarking | B39: Metrics below industry benchmark | C39: =COUNTIF('Benchmarks'!E6:E55,"Below") | D39: Medium | E39: Plan
A40: KPI Health | B40: KPIs in YELLOW (warning) status | C40: =COUNTIF('Metric Definitions'!Q6:Q85,"Yellow") | D40: Medium | E40: Plan
A41: Reporting | B41: Monthly trends showing decline | C41: =COUNTIF('Monthly Trends'!F6:F55,"Declining") | D41: Medium | E41: Plan

Sheet Approval Sign-Off
A1: METRICS AND KPIs DASHBOARD — ASSESSMENT APPROVAL AND SIGN-OFF
A2: ISO/IEC 27001:2022 Annex A — Control A.8.8: Management of Technical Vulnerabilities
A3: ASSESSMENT SUMMARY
A4: Document: | B4: ISMS-IMP-A.8.8.6 — Metrics & KPIs Dashboard
A5: Assessment Period:
A6: Overall Compliance Rating: | B6: ='Summary Dashboard'!G11
A7: Assessment Status:
A8: Assessed By:
A10: ASSESSMENT REVIEW AND APPROVAL
A11: Role / Function | B11: Name | C11: Signature / Initials | D11: Date (DD.MM.YYYY) | E11: Comments
A12: Lead Assessor / Author
A13: IT Security Manager
A14: Reviewer (Technical / Compliance)
A15: CISO / Final Approver
A17: FINAL DECISION: | B17: ☐ Approved ☐ Approved with Conditions ☐ Rejected ☐ Deferred
A19: NEXT REVIEW DETAILS
A20: Next Review Date (DD.MM.YYYY)
A21: Review Owner
