Workbook

Sheet Instructions & Legend
A1: ISMS-IMP-A.8.8.1 - Scanning & Coverage Assessment ISO/IEC 27001:2022 - Control A.8.8: Management of Technical Vulnerabilities
A3: Document Information
A4: Document ID | B4: ISMS-IMP-A.8.8.1
A5: Workbook Title | B5: Scanning & Coverage Assessment
A6: Control Reference | B6: ISO/IEC 27001:2022 - Control A.8.8: Management of Technical Vulnerabilities
A7: Version | B7: 1.0
A8: Assessment Date
A9: Completed By
A10: Organisation
A12: Instructions
A13: 1. Review this sheet to understand the assessment structure and status conventions.
A14: 2. Complete the Scanner Inventory sheet with all vulnerability scanners in scope.
A15: 3. Complete the Asset Scanner Mapping sheet with per-asset scanner coverage status.
A16: 4. Complete the Scan Schedule sheet with all scheduled scan configurations.
A17: 5. Complete the Scan Execution Log sheet with scan execution history and outcomes.
A18: 6. Complete the Coverage Gaps sheet with all identified scanning coverage gaps.
A19: 7. Record all supporting evidence in the Evidence Register.
A20: 8. Review the Summary Dashboard for TABLE 1/2/3 compliance metrics.
... A23: Status Legend
A24: Symbol | B24: Status | C24: Description
A25: ✓ | B25: Compliant / Complete | C25: Requirement fully met
A26: ⚠ | B26: Partial / In Progress | C26: Partially met or in progress
A27: ✗ | B27: Non-Compliant / Not Started | C27: Requirement not met
A28: — | B28: Not Applicable | C28: Not applicable to this assessment

Sheet Scanner Inventory
A1: ISMS-IMP-A.8.8.1 — SCANNER INVENTORY
A2: ISO/IEC 27001:2022 — Control A.8.8: Management of Technical Vulnerabilities
A4: Scanner_ID | B4: Scanner_Name | C4: Vendor | D4: Product_Version | E4: Scan_Type | F4: Status | G4: IP_Address | H4: Deployment_Type | I4: Managed_By | J4: Scan_Protocols | K4: Auth_Method | L4: Network_Segment | M4: Scan_Frequency | N4: Last_Scan_Date | O4: Next_Scheduled_Scan | P4: Plugin_Feed | Q4: Agent_Based | R4: Agentless_Supported | S4: API_Integration | T4: Deployment_Date | U4: CVSS_v40_Support
A5: SCN-001 | B5: Tenable Nessus | C5: Tenable | D5: 10.7.0 | E5: Network | F5: Active | G5: 192.168.1.100 | H5: On-Premises | I5: Security Team | J5: TCP/UDP | K5: Credential | L5: 10.0.0.0/8 | M5: Daily | N5: 01.01.2026 | O5: 02.01.2026 | P5: Tenable Plugins | Q5: Yes | R5: Yes | S5: Yes | T5: 01.06.2025 | U5: Yes

Sheet Asset Scanner Mapping
A1: ISMS-IMP-A.8.8.1 — ASSET SCANNER MAPPING
A2: ISO/IEC 27001:2022 — Control A.8.8: Management of Technical Vulnerabilities
A4: Asset_ID | B4: Asset_Name | C4: Asset_Type | D4: IP_Address | E4: Environment | F4: Owner | G4: Department | H4: Scan_Frequency | I4: Scanner_Name | J4: Asset_Criticality | K4: Last_Scan_Date | L4: Scan_Coverage_Status | M4: Notes
A5: AST-001 | B5: web-prod-01 | C5: Server | D5: 10.0.1.50 | E5: Production | F5: J.Smith | G5: IT Operations | H5: Daily | I5: Tenable Nessus | J5: Critical | K5: 01.01.2026 | L5: Covered | M5: Primary web server

Sheet Scan Schedule
A1: ISMS-IMP-A.8.8.1 — SCAN SCHEDULE
A2: ISO/IEC 27001:2022 — Control A.8.8: Management of Technical Vulnerabilities
A4: Schedule_ID | B4: Schedule_Name | C4: Scanner_Name | D4: Target_Assets | E4: Scan_Type | F4: Frequency | G4: Next_Scan_Date | H4: Schedule_Status | I4: Last_Executed | J4: Auth_Profile | K4: Notification_Email | L4: Notes
A5: SCH-001 | B5: Daily Production Scan | C5: Tenable Nessus | D5: Production Servers | E5: Network | F5: Daily | G5: 02.01.2026 | H5: Active | I5: 01.01.2026 | J5: Prod-Credentials | K5: security@company.com | L5: Daily full scan of production network

Sheet Scan Execution Log
A1: ISMS-IMP-A.8.8.1 — SCAN EXECUTION LOG
A2: ISO/IEC 27001:2022 — Control A.8.8: Management of Technical Vulnerabilities
A4: Scan_ID | B4: Schedule_Name | C4: Start_Date | D4: End_Date | E4: Scanner_Name | F4: Status | G4: Duration_Minutes | H4: Assets_Scanned | I4: Vulns_Found | J4: Critical_Vulns | K4: High_Vulns | L4: Errors | M4: Notes
A5: EXC-001 | B5: Daily Production Scan | C5: 01.01.2026 | D5: 01.01.2026 | E5: Tenable Nessus | F5: Complete | G5: 45 | H5: 50 | I5: 23 | J5: 2 | K5: 8 | L5: None | M5: Completed successfully — all targets responsive

Sheet Coverage Gaps
A1: ISMS-IMP-A.8.8.1 — COVERAGE GAPS
A2: ISO/IEC 27001:2022 — Control A.8.8: Management of Technical Vulnerabilities
A4: Gap_ID | B4: Gap_Description | C4: Asset_Name | D4: Asset_Type | E4: Priority | F4: Gap_Owner | G4: Date_Identified | H4: Target_Resolution | I4: Root_Cause | J4: Remediation_Action | K4: Status | L4: Notes
A5: GAP-001 | B5: Production database server not scanned — no credentials configured | C5: db-prod-01 | D5: Server | E5: Critical | F5: J.Smith | G5: 01.01.2026 | H5: 08.01.2026 | I5: Scanner credentials not configured for DB subnet | J5: Configure scanner credentials; validate scan reaches DB-01 | K5: In Progress | L5: Escalated to DBA team for credential provisioning

Sheet Evidence Register
A1: EVIDENCE REGISTER
A2: ISO/IEC 27001:2022 Annex A — Control A.8.8: Management of Technical Vulnerabilities
A4: Evidence ID | B4: Evidence Type | C4: Description | D4: Related Control / Section | E4: Collection Date (DD.MM.YYYY) | F4: Storage Location / Reference | G4: Collected By | H4: Status
A5: EV-001 | B5: Report | C5: Sample evidence entry — replace with actual evidence | D5: A.8.8 Scanning & Coverage | E5: 01.01.2026 | F5: SharePoint/ISMS/A.8.8/S1/Evidence/ | G5: Security Team | H5: Active

Sheet Summary Dashboard
A1: SCANNING & COVERAGE ASSESSMENT — SUMMARY DASHBOARD
A2: ISO/IEC 27001:2022 — Control A.8.8: Management of Technical Vulnerabilities
A4: TABLE 1: ASSESSMENT AREA COMPLIANCE OVERVIEW
A5: Assessment Area | B5: Total Items | C5: Compliant | D5: Partial / Warning | E5: Non-Compliant | F5: N/A | G5: Compliance %
A6: Scanner Inventory | B6: =COUNTA('Scanner Inventory'!A6:A55) | C6: =COUNTIF('Scanner Inventory'!F6:F55,"Active") | D6: =COUNTIF('Scanner Inventory'!F6:F55,"Maintenance") | E6: =COUNTIF('Scanner Inventory'!F6:F55,"Inactive")+COUNTIF('Scanner Inventory'!F6:F55,"Decommissioned") | F6: 0 | G6: =IF((B6-F6)=0,0,C6/(B6-F6))
A7: Asset Scanner Mapping | B7: =COUNTA('Asset Scanner Mapping'!A6:A55) | C7: =COUNTIF('Asset Scanner Mapping'!L6:L55,"Covered") | D7: =COUNTIF('Asset Scanner Mapping'!L6:L55,"Partial") | E7: =COUNTIF('Asset Scanner Mapping'!L6:L55,"Not Covered") | F7: 0 | G7: =IF((B7-F7)=0,0,C7/(B7-F7))
A8: Scan Schedule | B8: =COUNTA('Scan Schedule'!A6:A55) | C8: =COUNTIF('Scan Schedule'!H6:H55,"Active") | D8: =COUNTIF('Scan Schedule'!H6:H55,"Paused") | E8: =COUNTIF('Scan Schedule'!H6:H55,"Overdue")+COUNTIF('Scan Schedule'!H6:H55,"Inactive") | F8: 0 | G8: =IF((B8-F8)=0,0,C8/(B8-F8))
A9: Scan Execution Log | B9: =COUNTA('Scan Execution Log'!A6:A55) | C9: =COUNTIF('Scan Execution Log'!F6:F55,"Complete") | D9: =COUNTIF('Scan Execution Log'!F6:F55,"Partial") | E9: =COUNTIF('Scan Execution Log'!F6:F55,"Failed") | F9: 0 | G9: =IF((B9-F9)=0,0,C9/(B9-F9))
A10: Coverage Gaps | B10: =COUNTA('Coverage Gaps'!A6:A55) | C10: =COUNTIF('Coverage Gaps'!K6:K55,"Resolved")+COUNTIF('Coverage Gaps'!K6:K55,"Accepted") | D10: =COUNTIF('Coverage Gaps'!K6:K55,"In Progress") | E10: =COUNTIF('Coverage Gaps'!K6:K55,"Open") | F10: 0 | G10: =IF((B10-F10)=0,0,C10/(B10-F10))
A11: TOTAL | B11: =SUM(B6:B10) | C11: =SUM(C6:C10) | D11: =SUM(D6:D10) | E11: =SUM(E6:E10) | F11: =SUM(F6:F10) | G11: =IF((B11-F11)=0,0,C11/(B11-F11))
A13: TABLE 2: KEY METRICS
A14: Metric | B14: Value
A15: Asset Coverage
A16: Total Assets in Scope | B16: =COUNTA('Asset Scanner Mapping'!A6:A55)
A17: Assets with Scanner Coverage | B17: =COUNTIF('Asset Scanner Mapping'!L6:L55,"Covered")
A18: Scanning Coverage % | B18: =IFERROR(COUNTIF('Asset Scanner Mapping'!L6:L55,"Covered")/COUNTA('Asset Scanner Mapping'!A6:A55),0)
A19: Critical Assets Covered | B19: =COUNTIFS('Asset Scanner Mapping'!J6:J55,"Critical",'Asset Scanner Mapping'!L6:L55,"Covered")
A20: Critical Assets NOT Covered | B20: =COUNTIFS('Asset Scanner Mapping'!J6:J55,"Critical",'Asset Scanner Mapping'!L6:L55,"Not Covered")
A21: Scanner Health
A22: Active Scanners | B22: =COUNTIF('Scanner Inventory'!F6:F55,"Active")
A23: Scanners with CVSS v4.0 Support | B23: =COUNTIF('Scanner Inventory'!U6:U55,"Yes")
A24: Coverage Gaps
A25: Coverage Gaps — Open (Critical/High) | B25: =COUNTIF('Coverage Gaps'!E6:E55,"Critical")+COUNTIF('Coverage Gaps'!E6:E55,"High")
A26: Coverage Gaps — Resolved | B26: =COUNTIF('Coverage Gaps'!K6:K55,"Resolved")
A27: Scan Execution
A28: Scans Completed (Last 30 Days) | B28: =COUNTIFS('Scan Execution Log'!C6:C55,">="&TODAY()-30,'Scan Execution Log'!F6:F55,"Complete")
A29: Failed Scans (Last 30 Days) | B29: =COUNTIFS('Scan Execution Log'!C6:C55,">="&TODAY()-30,'Scan Execution Log'!F6:F55,"Failed")
A30: Scan Success Rate | B30: =IFERROR(COUNTIF('Scan Execution Log'!F6:F55,"Complete")/COUNTA('Scan Execution Log'!A6:A55),0)
A34: TABLE 3: CRITICAL FINDINGS REQUIRING IMMEDIATE ATTENTION
A35: Category | B35: Finding | C35: Count | D35: Severity | E35: Action Required
A36: Coverage | B36: Critical assets with NO scanner coverage | C36: =COUNTIFS('Asset Scanner Mapping'!J6:J55,"Critical",'Asset Scanner Mapping'!L6:L55,"Not Covered") | D36: Critical | E36: Immediate
A37: Coverage | B37: High-criticality assets with NO scanner coverage | C37: =COUNTIFS('Asset Scanner Mapping'!J6:J55,"High",'Asset Scanner Mapping'!L6:L55,"Not Covered") | D37: Critical | E37: Immediate
A38: Coverage | B38: Overall scanning coverage below 95% threshold | C38: =IF(IFERROR(COUNTIF('Asset Scanner Mapping'!L6:L55,"Covered")/COUNTA('Asset Scanner Mapping'!A6:A55),0)<0.95,1,0) | D38: Critical | E38: Immediate
A39: Scanner Health | B39: Inactive or decommissioned scanners | C39: =COUNTIF('Scanner Inventory'!F6:F55,"Inactive")+COUNTIF('Scanner Inventory'!F6:F55,"Decommissioned") | D39: High | E39: Urgent
A40: Scanner Health | B40: Scanners without CVSS v4.0 support | C40: =COUNTIF('Scanner Inventory'!U6:U55,"No")+COUNTIF('Scanner Inventory'!U6:U55,"Unknown") | D40: Medium | E40: Plan
A41: Scan Execution | B41: Failed scans in last 30 days | C41: =COUNTIFS('Scan Execution Log'!C6:C55,">="&TODAY()-30,'Scan Execution Log'!F6:F55,"Failed") | D41: High | E41: Urgent
A42: Coverage Gaps | B42: Open critical/high severity coverage gaps | C42: =COUNTIF('Coverage Gaps'!E6:E55,"Critical")+COUNTIF('Coverage Gaps'!E6:E55,"High") | D42: High | E42: Urgent
A43: Scan Schedule | B43: Overdue or inactive scan schedules | C43: =COUNTIF('Scan Schedule'!H6:H55,"Overdue")+COUNTIF('Scan Schedule'!H6:H55,"Inactive") | D43: High | E43: Urgent

Sheet Approval Sign-Off
A1: SCANNING AND COVERAGE ASSESSMENT — ASSESSMENT APPROVAL AND SIGN-OFF
A2: ISO/IEC 27001:2022 Annex A — Control A.8.8: Management of Technical Vulnerabilities
A3: ASSESSMENT SUMMARY
A4: Document: | B4: ISMS-IMP-A.8.8.1 — Scanning & Coverage Assessment
A5: Assessment Period:
A6: Overall Compliance Rating: | B6: ='Summary Dashboard'!G11
A7: Assessment Status:
A8: Assessed By:
A10: ASSESSMENT REVIEW AND APPROVAL
A11: Role / Function | B11: Name | C11: Signature / Initials | D11: Date (DD.MM.YYYY) | E11: Comments
A12: Lead Assessor / Author
A13: IT Security Manager
A14: Reviewer (Technical / Compliance)
A15: CISO / Final Approver
A17: FINAL DECISION: | B17: ☐ Approved ☐ Approved with Conditions ☐ Rejected ☐ Deferred
A19: NEXT REVIEW DETAILS
A20: Next Review Date (DD.MM.YYYY)
A21: Review Owner
