Workbook

Sheet Instructions & Legend
A1: ISMS-IMP-A.8.8.3 - Threat Intelligence ISO/IEC 27001:2022 - Control A.8.8: Management of Technical Vulnerabilities
A3: Document Information
A4: Document ID | B4: ISMS-IMP-A.8.8.3
A5: Workbook Title | B5: Threat Intelligence
A6: Control Reference | B6: ISO/IEC 27001:2022 - Control A.8.8: Management of Technical Vulnerabilities
A7: Version | B7: 1.0
A8: Assessment Date
A9: Completed By
A10: Organisation
A12: Instructions
A13: 1. Review this sheet to understand the assessment structure and status conventions.
A14: 2. Complete the TI Sources Register with all threat intelligence feeds and sources.
A15: 3. Complete CVE TI Correlation mapping CVEs to threat intelligence indicators.
A16: 4. Complete KEV Impact Assessment with CISA Known Exploited Vulnerability tracking.
A17: 5. Complete Active Exploitation with current exploitation events affecting the org.
A18: 6. Complete Emergency Patching Queue with urgent vulnerability remediation items.
A19: 7. Record all supporting evidence in the Evidence Register.
A20: 8. Review the Summary Dashboard for TABLE 1/2/3 compliance metrics.
... A23: Status Legend
A24: Symbol | B24: Status | C24: Description
A25: ✓ | B25: Compliant / Complete | C25: Requirement fully met
A26: ⚠ | B26: Partial / In Progress | C26: Partially met or in progress
A27: ✗ | B27: Non-Compliant / Not Started | C27: Requirement not met
A28: — | B28: Not Applicable | C28: Not applicable to this assessment

Sheet TI Sources Register
A1: ISMS-IMP-A.8.8.3 — TI SOURCES REGISTER
A2: ISO/IEC 27001:2022 — Control A.8.8: Management of Technical Vulnerabilities
A4: Source_ID | B4: Source_Name | C4: Source_Type | D4: URL_or_Feed | E4: Source_Status | F4: Coverage_Areas | G4: Update_Frequency | H4: Last_Updated | I4: TI_Provider | J4: Authentication | K4: Format | L4: Notes
A5: TIS-001 | B5: CISA KEV Catalogue | C5: Government Advisory | D5: https://www.cisa.gov/known-exploited-vulnerabilities-catalog | E5: Active | F5: Vulnerability Exploitation | G5: Daily | H5: 01.01.2026 | I5: CISA | J5: Public/API Key | K5: JSON/CSV | L5: Primary KEV feed — automated daily pull via API

Sheet CVE TI Correlation
A1: ISMS-IMP-A.8.8.3 — CVE TI CORRELATION
A2: ISO/IEC 27001:2022 — Control A.8.8: Management of Technical Vulnerabilities
A4: CVE_ID | B4: CVE_Description | C4: CVSS_Version | D4: CVSS_Score | E4: CVSS_Vector | F4: KEV_Listed | G4: Active_Exploitation | H4: Exploit_Available | I4: TI_Source_1 | J4: TI_Source_2 | K4: Threat_Actor | L4: Campaign | M4: First_Seen | N4: Last_Updated | O4: Weaponization_Risk | P4: Correlation_Status | Q4: Notes
A5: CVE-2024-12345 | B5: Remote code execution in Vendor X product affecting web servers | C5: v4.0 | D5: 9.8 | E5: CVSS:4.0/AV:N/AC:L/AT:N/PR:N/UI:N/VC:H/VI:H/VA:H/SC:N/SI:N/SA:N | F5: YES | G5: YES | H5: YES | I5: CISA KEV | J5: Vendor Advisory | K5: APT29 | L5: Campaign-Alpha | M5: 01.01.2026 | N5: 01.01.2026 | O5: Critical | P5: Correlated | Q5: Active exploitation confirmed via CISA KEV and Vendor Advisory

Sheet KEV Impact Assessment
A1: ISMS-IMP-A.8.8.3 — KEV IMPACT ASSESSMENT
A2: ISO/IEC 27001:2022 — Control A.8.8: Management of Technical Vulnerabilities
A4: KEV_ID | B4: CVE_ID | C4: Vulnerability_Name | D4: Vendor | E4: Product | F4: CISA_Due_Date | G4: Remediation_Status | H4: Affected_Systems | I4: Workaround_Available | J4: Notes
A5: KEV-001 | B5: CVE-2024-12345 | C5: Vendor X Remote Code Execution via API Endpoint | D5: Vendor X | E5: Product Suite 2024 | F5: 15.01.2026 | G5: In Progress | H5: web-prod-01, web-prod-02 | I5: Yes | J5: Patch available — testing in staging environment

Sheet Active Exploitation
A1: ISMS-IMP-A.8.8.3 — ACTIVE EXPLOITATION
A2: ISO/IEC 27001:2022 — Control A.8.8: Management of Technical Vulnerabilities
A4: CVE_ID | B4: CVE_Description | C4: Exploit_Type | D4: Threat_Actor | E4: Campaign_Name | F4: First_Exploited | G4: Last_Activity | H4: Affected_Systems | I4: Detection_Method | J4: Detection_Date | K4: Response_Action | L4: Org_Impact | M4: Notes
A5: CVE-2024-12345 | B5: Remote code execution via API endpoint — actively exploited in the wild | C5: RCE via HTTP POST | D5: APT29 | E5: Campaign-Alpha | F5: 15.12.2025 | G5: 01.01.2026 | H5: web-prod-01 | I5: SIEM Alert / CISA Advisory | J5: 01.01.2026 | K5: Emergency patch applied — monitoring for indicators | L5: Resolved | M5: Patch deployed 01.01.2026 — no indicators of successful exploitation

Sheet Emergency Patching Queue
A1: ISMS-IMP-A.8.8.3 — EMERGENCY PATCHING QUEUE
A2: ISO/IEC 27001:2022 — Control A.8.8: Management of Technical Vulnerabilities
A4: Emergency_ID | B4: CVE_ID | C4: Vulnerability_Name | D4: Affected_Systems | E4: Priority | F4: Assigned_To | G4: Scheduled_Date | H4: Status | I4: Completion_Date | J4: Notes
A5: EPQ-001 | B5: CVE-2024-12345 | C5: Vendor X Remote Code Execution — CISA KEV Priority | D5: web-prod-01, web-prod-02 | E5: P0 - Emergency | F5: J.Smith | G5: 02.01.2026 | H5: Complete | I5: 02.01.2026 | J5: Emergency patch applied within 72h SLA — post-patch validation passed

Sheet Evidence Register
A1: EVIDENCE REGISTER
A2: ISO/IEC 27001:2022 Annex A — Control A.8.8: Management of Technical Vulnerabilities
A4: Evidence ID | B4: Evidence Type | C4: Description | D4: Related Control / Section | E4: Collection Date (DD.MM.YYYY) | F4: Storage Location / Reference | G4: Collected By | H4: Status
A5: EV-001 | B5: Report | C5: Sample evidence entry — replace with actual evidence | D5: A.8.8 Threat Intelligence | E5: 01.01.2026 | F5: SharePoint/ISMS/A.8.8/S3/Evidence/ | G5: Security Team | H5: Active

Sheet Summary Dashboard
A1: THREAT INTELLIGENCE — SUMMARY DASHBOARD
A2: ISO/IEC 27001:2022 — Control A.8.8 (Optional: A.5.7 Integration)
A4: TABLE 1: ASSESSMENT AREA COMPLIANCE OVERVIEW
A5: Assessment Area | B5: Total Items | C5: Compliant | D5: Partial / Warning | E5: Non-Compliant | F5: N/A | G5: Compliance %
A6: TI Sources Register | B6: =COUNTA('TI Sources Register'!A6:A55) | C6: =COUNTIF('TI Sources Register'!E6:E55,"Active") | D6: =COUNTIF('TI Sources Register'!E6:E55,"Under Review") | E6: =COUNTIF('TI Sources Register'!E6:E55,"Inactive") | F6: 0 | G6: =IF((B6-F6)=0,0,C6/(B6-F6))
A7: CVE TI Correlation | B7: =COUNTA('CVE TI Correlation'!A6:A55) | C7: =COUNTIF('CVE TI Correlation'!P6:P55,"Correlated") | D7: =COUNTIF('CVE TI Correlation'!P6:P55,"Partial") | E7: =COUNTIF('CVE TI Correlation'!P6:P55,"Not Correlated") | F7: 0 | G7: =IF((B7-F7)=0,0,C7/(B7-F7))
A8: KEV Impact Assessment | B8: =COUNTA('KEV Impact Assessment'!A6:A55) | C8: =COUNTIF('KEV Impact Assessment'!G6:G55,"Complete")+COUNTIF('KEV Impact Assessment'!G6:G55,"Risk Accepted") | D8: =COUNTIF('KEV Impact Assessment'!G6:G55,"In Progress") | E8: =COUNTIF('KEV Impact Assessment'!G6:G55,"Not Started") | F8: 0 | G8: =IF((B8-F8)=0,0,C8/(B8-F8))
A9: Active Exploitation | B9: =COUNTA('Active Exploitation'!A6:A55) | C9: =COUNTIF('Active Exploitation'!L6:L55,"Not Vulnerable")+COUNTIF('Active Exploitation'!L6:L55,"Resolved") | D9: =COUNTIF('Active Exploitation'!L6:L55,"At Risk") | E9: =COUNTIF('Active Exploitation'!L6:L55,"Under Attack") | F9: 0 | G9: =IF((B9-F9)=0,0,C9/(B9-F9))
A10: Emergency Patching Queue | B10: =COUNTA('Emergency Patching Queue'!A6:A55) | C10: =COUNTIF('Emergency Patching Queue'!H6:H55,"Complete") | D10: =COUNTIF('Emergency Patching Queue'!H6:H55,"In Progress") | E10: =COUNTIF('Emergency Patching Queue'!H6:H55,"Open") | F10: =COUNTIF('Emergency Patching Queue'!H6:H55,"Cancelled") | G10: =IF((B10-F10)=0,0,C10/(B10-F10))
A11: TOTAL | B11: =SUM(B6:B10) | C11: =SUM(C6:C10) | D11: =SUM(D6:D10) | E11: =SUM(E6:E10) | F11: =SUM(F6:F10) | G11: =IF((B11-F11)=0,0,C11/(B11-F11))
A13: TABLE 2: KEY METRICS
A14: Metric | B14: Value
A15: TI Source Management
A16: TI Sources Monitored | B16: =COUNTA('TI Sources Register'!A6:A55)
A17: Active TI Sources | B17: =COUNTIF('TI Sources Register'!E6:E55,"Active")
A18: KEV & Exploitation
A19: CVEs Correlated with TI | B19: =COUNTIF('CVE TI Correlation'!P6:P55,"Correlated")
A20: KEV Entries Tracked | B20: =COUNTA('KEV Impact Assessment'!A6:A55)
A21: KEV Remediation Compliance % | B21: =IFERROR((COUNTIF('KEV Impact Assessment'!G6:G55,"Complete")+COUNTIF('KEV Impact Assessment'!G6:G55,"Risk Accepted"))/COUNTA('KEV Impact Assessment'!A6:A55),0)
A22: KEV Entries — Not Started | B22: =COUNTIF('KEV Impact Assessment'!G6:G55,"Not Started")
A23: Active Threats
A24: CVEs Under Active Exploitation | B24: =COUNTA('Active Exploitation'!A6:A55)
A25: Org Currently Under Attack | B25: =COUNTIF('Active Exploitation'!L6:L55,"Under Attack")
A26: Org At Risk (Exploit Available) | B26: =COUNTIF('Active Exploitation'!L6:L55,"At Risk")
A27: Emergency Response
A28: Emergency Patching Queue — Open | B28: =COUNTIF('Emergency Patching Queue'!H6:H55,"Open")
A29: Emergency Patching Queue — Complete | B29: =COUNTIF('Emergency Patching Queue'!H6:H55,"Complete")
A30: TI Source Coverage Rate | B30: =IFERROR(COUNTIF('TI Sources Register'!E6:E55,"Active")/COUNTA('TI Sources Register'!A6:A55),0)
A34: TABLE 3: CRITICAL FINDINGS REQUIRING IMMEDIATE ATTENTION
A35: Category | B35: Finding | C35: Count | D35: Severity | E35: Action Required
A36: Active Threats | B36: Organisation currently UNDER ATTACK | C36: =COUNTIF('Active Exploitation'!L6:L55,"Under Attack") | D36: Critical | E36: Immediate
A37: KEV Compliance | B37: KEV entries — remediation NOT STARTED | C37: =COUNTIF('KEV Impact Assessment'!G6:G55,"Not Started") | D37: Critical | E37: Immediate
A38: Emergency | B38: Emergency patching queue — OPEN items | C38: =COUNTIF('Emergency Patching Queue'!H6:H55,"Open") | D38: Critical | E38: Immediate
A39: TI Sources | B39: No active TI sources monitored | C39: =IF(COUNTIF('TI Sources Register'!E6:E55,"Active")=0,1,0) | D39: Critical | E39: Immediate
A40: TI Sources | B40: TI sources inactive (coverage gap) | C40: =COUNTIF('TI Sources Register'!E6:E55,"Inactive") | D40: High | E40: Urgent
A41: Active Threats | B41: Org at risk from available exploits | C41: =COUNTIF('Active Exploitation'!L6:L55,"At Risk") | D41: High | E41: Urgent
A42: KEV Compliance | B42: KEV entries still In Progress (potentially overdue) | C42: =COUNTIF('KEV Impact Assessment'!G6:G55,"In Progress") | D42: High | E42: Urgent
A43: Correlation | B43: CVEs not correlated with TI data | C43: =COUNTIF('CVE TI Correlation'!P6:P55,"Not Correlated") | D43: Medium | E43: Plan

Sheet Approval Sign-Off
A1: THREAT INTELLIGENCE — ASSESSMENT APPROVAL AND SIGN-OFF
A2: ISO/IEC 27001:2022 Annex A — Control A.8.8: Management of Technical Vulnerabilities
A3: ASSESSMENT SUMMARY
A4: Document: | B4: ISMS-IMP-A.8.8.3 — Threat Intelligence
A5: Assessment Period:
A6: Overall Compliance Rating: | B6: ='Summary Dashboard'!G11
A7: Assessment Status:
A8: Assessed By:
A10: ASSESSMENT REVIEW AND APPROVAL
A11: Role / Function | B11: Name | C11: Signature / Initials | D11: Date (DD.MM.YYYY) | E11: Comments
A12: Lead Assessor / Author
A13: IT Security Manager
A14: Reviewer (Technical / Compliance)
A15: CISO / Final Approver
A17: FINAL DECISION: | B17: ☐ Approved ☐ Approved with Conditions ☐ Rejected ☐ Deferred
A19: NEXT REVIEW DETAILS
A20: Next Review Date (DD.MM.YYYY)
A21: Review Owner
