Workbook

Sheet Instructions & Legend
A1: ISMS-IMP-A.8.8.5 - Exception, Compensating Controls & Verification ISO/IEC 27001:2022 - Control A.8.8: Management of Technical Vulnerabilities
A3: Document Information
A4: Document ID | B4: ISMS-IMP-A.8.8.5
A5: Workbook Title | B5: Exception, Compensating Controls & Verification
A6: Control Reference | B6: ISO/IEC 27001:2022 - Control A.8.8: Management of Technical Vulnerabilities
A7: Version | B7: 1.0
A8: Assessment Date
A9: Completed By
A10: Organisation
A12: Instructions
A13: 1. Review this sheet to understand the assessment structure and status conventions.
A14: 2. Complete the Exception Requests sheet with all active vulnerability exceptions.
A15: 3. Complete the Compensating Controls sheet with controls applied where patching is deferred.
A16: 4. Complete the CC Effectiveness sheet with validation results for each compensating control.
A17: 5. Complete the Verification Queue sheet with post-remediation verification records.
A18: 6. Complete the Re-Remediation Log sheet with cases requiring re-remediation.
A19: 7. Record all supporting evidence in the Evidence Register.
A20: 8. Review the Summary Dashboard for TABLE 1/2/3 compliance metrics.
... A23: Status Legend
A24: Symbol | B24: Status | C24: Description
A25: ✓ | B25: Compliant / Complete | C25: Requirement fully met
A26: ⚠ | B26: Partial / In Progress | C26: Partially met or in progress
A27: ✗ | B27: Non-Compliant / Not Started | C27: Requirement not met
A28: — | B28: Not Applicable | C28: Not applicable to this assessment

Sheet Exception Requests
A1: ISMS-IMP-A.8.8.5 — EXCEPTION REQUESTS
A2: ISO/IEC 27001:2022 — Control A.8.8: Vulnerability Exception Portfolio
A4: Exception_ID | B4: Vuln_ID | C4: CVE_ID | D4: Asset_ID | E4: Asset_Criticality | F4: Exception_Type | G4: Risk_Description | H4: Business_Justification | I4: Requested_By | J4: Request_Date | K4: Risk_Owner | L4: IT_Security_Lead | M4: Start_Date | N4: End_Date | O4: Duration_Days | P4: Review_Frequency | Q4: Compensating_Control_ID | R4: Compensating_Control_Description | S4: Residual_Risk_Level | T4: Risk_Treatment_Reference | U4: Approval_Level_Required | V4: Approved_By | W4: Approval_Date | X4: Approval_Comments | Y4: Last_Review_Date | Z4: Next_Review_Date | AA4: Closure_Date | AB4: Status
A5: EXC-001 | B5: VULN-001 | C5: CVE-2024-1234 | D5: SRV-PROD-001 | E5: Critical | F5: Temporary | G5: Cannot patch during trading hours; business-critical system | H5: System unavailable for 4hr maintenance window; next window in 30 days | I5: Infrastructure Lead | J5: 20/01/2024 | K5: Infrastructure Lead | L5: Security Manager | M5: 20/01/2024 | N5: 20/02/2024 | O5: 30 | P5: Monthly | Q5: CC-001 | R5: WAF rule added to block exploitation vector | S5: Low | T5: TRT-001 | U5: CISO | V5: CISO | W5: 21/01/2024 | X5: Approved pending monthly review | Y5: 21/01/2024 | Z5: 20/02/2024 | AB5: Active

Sheet Compensating Controls
A1: ISMS-IMP-A.8.8.5 — COMPENSATING CONTROLS
A2: ISO/IEC 27001:2022 — Control A.8.8: Compensating Control Register
A4: Control_ID | B4: Exception_ID | C4: Vuln_ID | D4: CVE_ID | E4: Control_Name | F4: Control_Category | G4: Control_Description | H4: Control_Owner | I4: Implementation_Date | J4: Control_Technology | K4: Assets_Protected | L4: Assets_Count | M4: CVSS_Risk_Reduction_Pct | N4: Effectiveness_Target_Pct | O4: Last_Validation_Date | P4: Next_Validation_Date | Q4: Validation_Frequency | R4: Validation_Method | S4: Validation_Owner | T4: Pass_Count | U4: Fail_Count | V4: Revalidation_Due_Date | W4: Escalation_Required | X4: Escalated_To | Y4: Residual_Risk_Level | Z4: Coverage_Scope | AA4: Compensating_Adequacy | AB4: ISO27001_Reference | AC4: Regulatory_Mapping | AD4: Board_Approved | AE4: CISO_Signed_Off | AF4: Removal_Date | AG4: Removal_Reason | AH4: Final_Review_Date | AI4: Notes | AJ4: Status
A5: CC-001 | B5: EXC-001 | C5: VULN-001 | D5: CVE-2024-1234 | E5: WAF Rule — Block Apache RCE Vector | F5: Technical | G5: ModSecurity rule added to block CVE-2024-1234 exploitation pattern | H5: Security Engineer | I5: 20/01/2024 | J5: ModSecurity WAF | K5: All web servers behind F5 | L5: 12 | M5: 85 | N5: 90 | O5: 21/01/2024 | P5: 21/02/2024 | Q5: Monthly | R5: Automated | S5: Security Engineer | T5: 1 | U5: 0 | V5: 21/02/2024 | W5: No | Y5: Low | Z5: Full | AA5: Adequate | AB5: A.8.16 | AC5: ISO27001:2022 | AD5: Yes | AE5: Yes | AI5: Pending patch window | AJ5: Active

Sheet CC Effectiveness
A1: ISMS-IMP-A.8.8.5 — CC EFFECTIVENESS
A2: ISO/IEC 27001:2022 — Control A.8.8: Compensating Control Validation Results
A4: Validation_ID | B4: Control_ID | C4: Exception_ID | D4: Validation_Date | E4: Validation_Type | F4: Validation_Owner | G4: Validated_By | H4: Method_Details | I4: Test_Scope | J4: Findings_Count | K4: Findings_Description | L4: Risk_Remaining | M4: Revalidation_Date | N4: Validation_Result
A5: VAL-001 | B5: CC-001 | C5: EXC-001 | D5: 21/01/2024 | E5: Automated | F5: Security Engineer | G5: Security Engineer | H5: ModSecurity WAF log analysis + penetration test attempt | I5: CVE-2024-1234 attack vector simulation | J5: 0 | K5: No findings — WAF rule blocked all test payloads | L5: None | M5: 21/02/2024 | N5: Pass

Sheet Verification Queue
A1: ISMS-IMP-A.8.8.5 — VERIFICATION QUEUE
A2: ISO/IEC 27001:2022 — Control A.8.8: Post-Remediation Verification
A4: Verification_ID | B4: Vuln_ID | C4: CVE_ID | D4: Asset_ID | E4: Priority | F4: Remediation_ID | G4: Patch_ID | H4: Remediation_Type | I4: Verification_Type | J4: Verifier | K4: Verification_Team | L4: Scan_Tool | M4: Scan_Profile | N4: Verification_Scope | O4: Pre_Verification_Status | P4: Verification_Method_Details | Q4: Test_Environment | R4: Verification_Start_Date | S4: Verification_Completed_Date | T4: Scanner_Findings_Count | U4: CVE_Still_Present | V4: False_Positive | W4: Re_Remediation_Required | X4: Re_Remediation_ID | Y4: Re_Remediation_Owner | Z4: Escalation_Status | AA4: Escalation_Reason | AB4: Verification_Notes | AC4: Verification_Due_Date | AD4: SLA_Remaining_Days | AE4: Status
A5: VER-001 | B5: VULN-001 | C5: CVE-2024-1234 | D5: SRV-PROD-001 | E5: P0 | F5: REM-001 | G5: PATCH-001 | H5: Patch | I5: Scanner | J5: Security Engineer | K5: Security Team | L5: Tenable Nessus | M5: Full System Scan | N5: All production web servers | O5: In Progress (patched) | P5: Authenticated scan — full vulnerability assessment | Q5: Production | R5: 23/01/2024 | S5: 23/01/2024 | T5: 0 | U5: No | V5: No | W5: No | Z5: Normal | AB5: All findings cleared | AC5: 24/01/2024 | AD5: 1 | AE5: Complete

Sheet Re-Remediation Log
A1: ISMS-IMP-A.8.8.5 — RE-REMEDIATION LOG
A2: ISO/IEC 27001:2022 — Control A.8.8: Failed Verification Re-Remediation Cases
A4: Re_Rem_ID | B4: Verification_ID | C4: Vuln_ID | D4: CVE_ID | E4: Asset_ID | F4: Failed_Verification_Date | G4: Failure_Reason | H4: Re_Remediation_Type | I4: Re_Remediation_Owner | J4: Re_Remediation_Target_Date | K4: Actual_Completion_Date | L4: Post_Rerem_Verification_ID | M4: Root_Cause_Analysis | N4: Lessons_Learned | O4: Closure_Status
A5: RREM-001 | B5: VER-001 | C5: VULN-001 | D5: CVE-2024-1234 | E5: SRV-PROD-001 | F5: 23/01/2024 | G5: Patch applied but wrong version — vulnerability still present after v2.4.51 installation | H5: Patch | I5: Infrastructure Lead | J5: 25/01/2024 | M5: Package manager cached old version; manual download required | N5: Always verify patch version against CVE fix confirmation advisory | O5: In Progress

Sheet Evidence Register
A1: EVIDENCE REGISTER
A2: ISO/IEC 27001:2022 Annex A — Control A.8.8: Management of Technical Vulnerabilities
A4: Evidence ID | B4: Evidence Type | C4: Description | D4: Related Control / Section | E4: Collection Date (DD.MM.YYYY) | F4: Storage Location / Reference | G4: Collected By | H4: Status
A5: EV-001 | B5: Exception Record | C5: Sample evidence entry — replace with actual evidence | D5: A.8.8 Exceptions & Compensating Controls | E5: 01.01.2026 | F5: SharePoint/ISMS/A.8.8/S5/Evidence/ | G5: Security Team | H5: Active

Sheet Summary Dashboard
A1: EXCEPTION, COMPENSATING CONTROLS & VERIFICATION — SUMMARY DASHBOARD
A2: ISO/IEC 27001:2022 — Control A.8.8: Management of Technical Vulnerabilities
A4: TABLE 1: ASSESSMENT AREA COMPLIANCE OVERVIEW
A5: Assessment Area | B5: Total Items | C5: Compliant | D5: Partial / Warning | E5: Non-Compliant | F5: N/A | G5: Compliance %
A6: Exception Requests | B6: =COUNTA('Exception Requests'!A6:A55) | C6: =COUNTIF('Exception Requests'!AB6:AB55,"Closed") | D6: =COUNTIF('Exception Requests'!AB6:AB55,"Active")+COUNTIF('Exception Requests'!AB6:AB55,"Pending Approval") | E6: =COUNTIF('Exception Requests'!AB6:AB55,"Expired") | F6: =COUNTIF('Exception Requests'!AB6:AB55,"Rejected") | G6: =IF((B6-F6)=0,0,C6/(B6-F6))
A7: Compensating Controls | B7: =COUNTA('Compensating Controls'!A6:A55) | C7: =COUNTIF('Compensating Controls'!AJ6:AJ55,"Active")+COUNTIF('Compensating Controls'!AJ6:AJ55,"Removed") | D7: =COUNTIF('Compensating Controls'!AJ6:AJ55,"Pending Removal") | E7: =COUNTIF('Compensating Controls'!AJ6:AJ55,"Failed") | F7: 0 | G7: =IF((B7-F7)=0,0,C7/(B7-F7))
A8: CC Effectiveness | B8: =COUNTA('CC Effectiveness'!A6:A55) | C8: =COUNTIF('CC Effectiveness'!N6:N55,"Pass") | D8: =COUNTIF('CC Effectiveness'!N6:N55,"Pending")+COUNTIF('CC Effectiveness'!N6:N55,"Revalidating") | E8: =COUNTIF('CC Effectiveness'!N6:N55,"Fail") | F8: 0 | G8: =IF((B8-F8)=0,0,C8/(B8-F8))
A9: Verification Queue | B9: =COUNTA('Verification Queue'!A6:A55) | C9: =COUNTIF('Verification Queue'!AE6:AE55,"Complete") | D9: =COUNTIF('Verification Queue'!AE6:AE55,"In Progress") | E9: =COUNTIF('Verification Queue'!AE6:AE55,"Failed")+COUNTIF('Verification Queue'!AE6:AE55,"Pending") | F9: =COUNTIF('Verification Queue'!AE6:AE55,"Cancelled") | G9: =IF((B9-F9)=0,0,C9/(B9-F9))
A10: Re-Remediation Log | B10: =COUNTA('Re-Remediation Log'!A6:A55) | C10: =COUNTIF('Re-Remediation Log'!O6:O55,"Closed") | D10: =COUNTIF('Re-Remediation Log'!O6:O55,"In Progress") | E10: =COUNTIF('Re-Remediation Log'!O6:O55,"Open")+COUNTIF('Re-Remediation Log'!O6:O55,"Escalated") | F10: 0 | G10: =IF((B10-F10)=0,0,C10/(B10-F10))
A11: TOTAL | B11: =SUM(B6:B10) | C11: =SUM(C6:C10) | D11: =SUM(D6:D10) | E11: =SUM(E6:E10) | F11: =SUM(F6:F10) | G11: =IF((B11-F11)=0,0,C11/(B11-F11))
A13: TABLE 2: KEY METRICS
A14: Metric | B14: Value
A15: Exception Portfolio
A16: Active Exceptions | B16: =COUNTIF('Exception Requests'!AB6:AB55,"Active")
A17: Expired Exceptions | B17: =COUNTIF('Exception Requests'!AB6:AB55,"Expired")
A18: Pending Exception Approvals | B18: =COUNTIF('Exception Requests'!AB6:AB55,"Pending Approval")
A19: Exceptions — Closed (Remediated) | B19: =COUNTIF('Exception Requests'!AB6:AB55,"Closed")
A20: Compensating Controls
A21: Active Compensating Controls | B21: =COUNTIF('Compensating Controls'!AJ6:AJ55,"Active")
A22: Controls Validated (Passing) | B22: =COUNTIF('CC Effectiveness'!N6:N55,"Pass")
A23: Controls Validation Failed | B23: =COUNTIF('CC Effectiveness'!N6:N55,"Fail")
A24: CC Validation Compliance % | B24: =IFERROR(COUNTIF('CC Effectiveness'!N6:N55,"Pass")/COUNTA('CC Effectiveness'!A6:A55),0)
A25: Verification
A26: Verifications Pending | B26: =COUNTIF('Verification Queue'!AE6:AE55,"Pending")
A27: Verifications Passed | B27: =COUNTIF('Verification Queue'!AE6:AE55,"Complete")
A28: Verifications Failed (Re-Remediation) | B28: =COUNTIF('Verification Queue'!AE6:AE55,"Failed")
A29: Verification Pass Rate % | B29: =IFERROR(COUNTIF('Verification Queue'!AE6:AE55,"Complete")/COUNTA('Verification Queue'!A6:A55),0)
A31: TABLE 3: CRITICAL FINDINGS REQUIRING ACTION
A32: Category | B32: Finding | C32: Count | D32: Severity | E32: Action Required
A33: Exceptions | B33: Exceptions in EXPIRED status | C33: =COUNTIF('Exception Requests'!AB6:AB55,"Expired") | D33: Critical | E33: Immediate
A34: Compensating Controls | B34: Compensating controls FAILED validation | C34: =COUNTIF('CC Effectiveness'!N6:N55,"Fail") | D34: Critical | E34: Immediate
A35: Verification | B35: Verification FAILED — re-remediation required | C35: =COUNTIF('Verification Queue'!AE6:AE55,"Failed") | D35: Critical | E35: Immediate
A36: Exceptions | B36: Exceptions pending approval > threshold | C36: =COUNTIF('Exception Requests'!AB6:AB55,"Pending Approval") | D36: High | E36: Urgent
A37: Compensating Controls | B37: Controls with failed status | C37: =COUNTIF('Compensating Controls'!AJ6:AJ55,"Failed") | D37: High | E37: Urgent
A38: Verification | B38: Verifications overdue SLA | C38: =COUNTIFS('Verification Queue'!AE6:AE55,"Pending",'Verification Queue'!AC6:AC55,"<"&TODAY()) | D38: High | E38: Urgent
A39: Re-Remediation | B39: Re-remediation cases escalated | C39: =COUNTIF('Re-Remediation Log'!O6:O55,"Escalated") | D39: High | E39: Urgent
A40: Compensating Controls | B40: Controls due for validation (overdue) | C40: =COUNTIF('CC Effectiveness'!N6:N55,"Revalidating") | D40: Medium | E40: Plan

Sheet Approval Sign-Off
A1: EXCEPTION, COMPENSATING CONTROLS AND VERIFICATION — ASSESSMENT APPROVAL AND SIGN-OFF
A2: ISO/IEC 27001:2022 Annex A — Control A.8.8: Management of Technical Vulnerabilities
A3: ASSESSMENT SUMMARY
A4: Document: | B4: ISMS-IMP-A.8.8.5 — Exception, Compensating Controls & Verification
A5: Assessment Period:
A6: Overall Compliance Rating: | B6: ='Summary Dashboard'!G11
A7: Assessment Status:
A8: Assessed By:
A10: ASSESSMENT REVIEW AND APPROVAL
A11: Role / Function | B11: Name | C11: Signature / Initials | D11: Date (DD.MM.YYYY) | E11: Comments
A12: Lead Assessor / Author
A13: IT Security Manager
A14: Reviewer (Technical / Compliance)
A15: CISO / Final Approver
A17: FINAL DECISION: | B17: ☐ Approved ☐ Approved with Conditions ☐ Rejected ☐ Deferred
A19: NEXT REVIEW DETAILS
A20: Next Review Date (DD.MM.YYYY)
A21: Review Owner
