Workbook

Sheet Instructions & Legend
A1: ISMS-IMP-A.8.8.2 - Vulnerability Inventory, Scoring & Risk ISO/IEC 27001:2022 - Control A.8.8: Management of Technical Vulnerabilities
A3: Document Information
A4: Document ID | B4: ISMS-IMP-A.8.8.2
A5: Workbook Title | B5: Vulnerability Inventory, Scoring & Risk
A6: Control Reference | B6: ISO/IEC 27001:2022 - Control A.8.8: Management of Technical Vulnerabilities
A7: Version | B7: 1.0
A8: Assessment Date
A9: Completed By
A10: Organisation
A12: Instructions
A13: 1. Review this sheet to understand the assessment structure and status conventions.
A14: 2. Complete the Vulnerability Inventory sheet with all known vulnerabilities in scope.
A15: 3. Complete the Vulnerability Scoring sheet with CVSS v4.0/v3.1 scores per CVE.
A16: 4. Complete the Asset Criticality sheet with criticality ratings for all affected assets.
A17: 5. Complete the Risk Assessment sheet with risk treatment decisions for each vulnerability.
A18: 6. Complete the Risk Treatment sheet tracking treatment implementation and expiry.
A19: 7. Record all supporting evidence in the Evidence Register.
A20: 8. Review the Summary Dashboard for TABLE 1/2/3 compliance metrics.
... A23: Status Legend
A24: Symbol | B24: Status | C24: Description
A25: ✓ | B25: Compliant / Complete | C25: Requirement fully met
A26: ⚠ | B26: Partial / In Progress | C26: Partially met or in progress
A27: ✗ | B27: Non-Compliant / Not Started | C27: Requirement not met
A28: — | B28: Not Applicable | C28: Not applicable to this assessment

Sheet Vulnerability Inventory
A1: ISMS-IMP-A.8.8.2 — VULNERABILITY INVENTORY
A2: ISO/IEC 27001:2022 — Control A.8.8: Management of Technical Vulnerabilities
A4: Vuln_ID | B4: CVE_ID | C4: Vulnerability_Name | D4: Affected_Asset_ID | E4: Affected_Asset_Name | F4: KEV_Listed | G4: First_Detected_Date | H4: Last_Scanned_Date | I4: CVSS_v3.1_Score | J4: CVSS_v4.0_Score | K4: CVSS_Severity | L4: EPSS_Score | M4: Exploit_Available | N4: Affected_Software | O4: Affected_Version | P4: Patch_Available | Q4: Patch_URL | R4: Scanner_Source | S4: Scan_Date | T4: Risk_Score | U4: Business_Owner | V4: Priority | W4: Target_Remediation_Date | X4: Actual_Remediation_Date | Y4: Notes | Z4: Remediation_Status
A5: VULN-001 | B5: CVE-2024-1234 | C5: Critical RCE in Apache HTTP Server | D5: SRV-PROD-001 | E5: web-prod-01 | F5: YES | G5: 15/01/2024 | H5: 20/01/2024 | I5: 9.8 | J5: 9.2 | K5: Critical | L5: 0.9742 | M5: Yes | N5: Apache HTTP Server | O5: 2.4.50 | P5: Yes | Q5: https://httpd.apache.org/security/ | R5: Tenable Nessus | S5: 20/01/2024 | T5: 95 | U5: Infrastructure Team | V5: P0 | W5: 25/01/2024 | Y5: KEV-listed; emergency patching initiated | Z5: In Progress

Sheet Vulnerability Scoring
A1: ISMS-IMP-A.8.8.2 — VULNERABILITY SCORING
A2: ISO/IEC 27001:2022 — Control A.8.8: CVSS v4.0 Scoring Completeness
A4: CVE_ID | B4: Asset_ID | C4: CVSS_v3.1_Score | D4: CVSS_v3.1_Vector | E4: CVSS_v4.0_Score | F4: CVSS_v4.0_Vector | G4: EPSS_Score | H4: Score_Status
A5: CVE-2024-1234 | B5: SRV-PROD-001 | C5: 9.8 | D5: CVSS:3.1/AV:N/AC:L/PR:N/UI:N/S:U/C:H/I:H/A:H | E5: 9.2 | F5: CVSS:4.0/AV:N/AC:L/AT:N/PR:N/UI:N/VC:H/VI:H/VA:H/SC:N/SI:N/SA:N | G5: 0.9742 | H5: v4.0 Scored

Sheet Asset Criticality
A1: ISMS-IMP-A.8.8.2 — ASSET CRITICALITY
A2: ISO/IEC 27001:2022 — Control A.8.8: Asset Criticality Register
A4: Asset_ID | B4: Asset_Name | C4: Asset_Type | D4: Asset_Owner | E4: Business_Function | F4: Criticality_Level | G4: Last_Assessment_Date | H4: Validation_Status
A5: SRV-PROD-001 | B5: web-prod-01 | C5: Server | D5: Infrastructure Team | E5: E-Commerce Platform | F5: Critical | G5: 15/01/2024 | H5: Validated

Sheet Risk Assessment
A1: ISMS-IMP-A.8.8.2 — RISK ASSESSMENT
A2: ISO/IEC 27001:2022 — Control A.8.8: Vulnerability Risk Assessments
A4: Vuln_ID | B4: Risk_Description | C4: Likelihood | D4: Impact | E4: Risk_Score | F4: Inherent_Risk_Rating | G4: Risk_Treatment_Status
A5: VULN-001 | B5: RCE exploit enables full server compromise via unauthenticated HTTP | C5: High | D5: High | E5: 25 | F5: Critical | G5: Approved

Sheet Risk Treatment
A1: ISMS-IMP-A.8.8.2 — RISK TREATMENT
A2: ISO/IEC 27001:2022 — Control A.8.8: Risk Treatment Decisions
A4: Decision_ID | B4: Vuln_ID | C4: Treatment_Option | D4: Treatment_Description | E4: Risk_Owner | F4: Approved_By | G4: Approval_Date | H4: Decision_Date | I4: Review_Due_Date | J4: Implementation_Notes | K4: Residual_Risk_Level | L4: Status
A5: TRT-001 | B5: VULN-001 | C5: Remediate | D5: Apply Apache patch 2.4.51 and harden HTTP configuration | E5: Infrastructure Lead | F5: CISO | G5: 20/01/2024 | H5: 21/01/2024 | I5: 30/01/2024 | J5: Emergency patch approved; CAB bypass authorised | K5: Low | L5: Implemented

Sheet Evidence Register
A1: EVIDENCE REGISTER
A2: ISO/IEC 27001:2022 Annex A — Control A.8.8: Management of Technical Vulnerabilities
A4: Evidence ID | B4: Evidence Type | C4: Description | D4: Related Control / Section | E4: Collection Date (DD.MM.YYYY) | F4: Storage Location / Reference | G4: Collected By | H4: Status
A5: EV-001 | B5: Vulnerability Report | C5: Sample evidence entry — replace with actual evidence | D5: A.8.8 Vulnerability Inventory | E5: 01.01.2026 | F5: SharePoint/ISMS/A.8.8/S2/Evidence/ | G5: Security Team | H5: Active

Sheet Summary Dashboard
A1: VULNERABILITY INVENTORY, SCORING & RISK — SUMMARY DASHBOARD
A2: ISO/IEC 27001:2022 — Control A.8.8: Management of Technical Vulnerabilities
A4: TABLE 1: ASSESSMENT AREA COMPLIANCE OVERVIEW
A5: Assessment Area | B5: Total Items | C5: Compliant | D5: Partial / Warning | E5: Non-Compliant | F5: N/A | G5: Compliance %
A6: Vulnerability Inventory | B6: =COUNTA('Vulnerability Inventory'!A6:A55) | C6: =COUNTIF('Vulnerability Inventory'!Z6:Z55,"Complete")+COUNTIF('Vulnerability Inventory'!Z6:Z55,"Risk Accepted") | D6: =COUNTIF('Vulnerability Inventory'!Z6:Z55,"In Progress")+COUNTIF('Vulnerability Inventory'!Z6:Z55,"Testing") | E6: =COUNTIF('Vulnerability Inventory'!Z6:Z55,"Open") | F6: 0 | G6: =IF((B6-F6)=0,0,C6/(B6-F6))
A7: Vulnerability Scoring | B7: =COUNTA('Vulnerability Scoring'!A6:A55) | C7: =COUNTIF('Vulnerability Scoring'!H6:H55,"v4.0 Scored") | D7: =COUNTIF('Vulnerability Scoring'!H6:H55,"v3.1 Only") | E7: =COUNTIF('Vulnerability Scoring'!H6:H55,"Unscored") | F7: 0 | G7: =IF((B7-F7)=0,0,C7/(B7-F7))
A8: Asset Criticality | B8: =COUNTA('Asset Criticality'!A6:A55) | C8: =COUNTIF('Asset Criticality'!H6:H55,"Validated") | D8: =COUNTIF('Asset Criticality'!H6:H55,"Needs Review") | E8: =COUNTIF('Asset Criticality'!H6:H55,"Overdue") | F8: 0 | G8: =IF((B8-F8)=0,0,C8/(B8-F8))
A9: Risk Assessment | B9: =COUNTA('Risk Assessment'!A6:A55) | C9: =COUNTIF('Risk Assessment'!G6:G55,"Approved") | D9: =COUNTIF('Risk Assessment'!G6:G55,"Pending Approval") | E9: =COUNTIF('Risk Assessment'!G6:G55,"Rejected")+COUNTIF('Risk Assessment'!G6:G55,"Assessed") | F9: 0 | G9: =IF((B9-F9)=0,0,C9/(B9-F9))
A10: Risk Treatment | B10: =COUNTA('Risk Treatment'!A6:A55) | C10: =COUNTIF('Risk Treatment'!L6:L55,"Implemented") | D10: =COUNTIF('Risk Treatment'!L6:L55,"Approved") | E10: =COUNTIF('Risk Treatment'!L6:L55,"Open")+COUNTIF('Risk Treatment'!L6:L55,"Expired") | F10: 0 | G10: =IF((B10-F10)=0,0,C10/(B10-F10))
A11: TOTAL | B11: =SUM(B6:B10) | C11: =SUM(C6:C10) | D11: =SUM(D6:D10) | E11: =SUM(E6:E10) | F11: =SUM(F6:F10) | G11: =IF((B11-F11)=0,0,C11/(B11-F11))
A13: TABLE 2: KEY METRICS
A14: Metric | B14: Value
A15: Vulnerability Backlog
A16: Total Vulnerabilities in Inventory | B16: =COUNTA('Vulnerability Inventory'!A6:A55)
A17: P0 — Emergency (Open) | B17: =COUNTIFS('Vulnerability Inventory'!V6:V55,"P0",'Vulnerability Inventory'!Z6:Z55,"Open")
A18: P1 — Critical (Open) | B18: =COUNTIFS('Vulnerability Inventory'!V6:V55,"P1",'Vulnerability Inventory'!Z6:Z55,"Open")
A19: P2 — High (Open) | B19: =COUNTIFS('Vulnerability Inventory'!V6:V55,"P2",'Vulnerability Inventory'!Z6:Z55,"Open")
A20: KEV-Listed Vulnerabilities | B20: =COUNTIF('Vulnerability Inventory'!F6:F55,"YES")
A21: KEV-Listed — Not Remediated | B21: =COUNTIFS('Vulnerability Inventory'!F6:F55,"YES",'Vulnerability Inventory'!Z6:Z55,"Open")
A22: Remediated (Complete) | B22: =COUNTIF('Vulnerability Inventory'!Z6:Z55,"Complete")
A23: Risk Accepted | B23: =COUNTIF('Vulnerability Inventory'!Z6:Z55,"Risk Accepted")
A24: Scoring & Assessment
A25: CVSS v4.0 Scored % | B25: =IFERROR(COUNTIF('Vulnerability Scoring'!H6:H55,"v4.0 Scored")/COUNTA('Vulnerability Scoring'!A6:A55),0)
A26: Asset & Risk Management
A27: Assets in Criticality Register | B27: =COUNTA('Asset Criticality'!A6:A55)
A28: Risk Treatment Decisions — Pending | B28: =COUNTIF('Risk Treatment'!L6:L55,"Open")
A29: Risk Treatment Decisions — Implemented | B29: =COUNTIF('Risk Treatment'!L6:L55,"Implemented")
A31: TABLE 3: CRITICAL FINDINGS REQUIRING ACTION
A32: Category | B32: Finding | C32: Count | D32: Severity | E32: Action Required
A33: Emergency | B33: P0 Emergency vulnerabilities — Open | C33: =COUNTIFS('Vulnerability Inventory'!V6:V55,"P0",'Vulnerability Inventory'!Z6:Z55,"Open") | D33: Critical | E33: Immediate
A34: KEV Compliance | B34: KEV-listed vulnerabilities — Not Remediated | C34: =COUNTIFS('Vulnerability Inventory'!F6:F55,"YES",'Vulnerability Inventory'!Z6:Z55,"Open") | D34: Critical | E34: Immediate
A35: Priority | B35: P1 Critical vulnerabilities — Open | C35: =COUNTIFS('Vulnerability Inventory'!V6:V55,"P1",'Vulnerability Inventory'!Z6:Z55,"Open") | D35: Critical | E35: Immediate
A36: Risk Assessment | B36: Risk treatment decisions pending approval | C36: =COUNTIF('Risk Treatment'!L6:L55,"Open") | D36: High | E36: Urgent
A37: Risk Assessment | B37: Risk treatment decisions expired | C37: =COUNTIF('Risk Treatment'!L6:L55,"Expired") | D37: High | E37: Urgent
A38: Scoring | B38: Vulnerabilities with no CVSS score | C38: =COUNTIF('Vulnerability Scoring'!H6:H55,"Unscored") | D38: High | E38: Urgent
A39: Asset Criticality | B39: Asset criticality assessments overdue | C39: =COUNTIF('Asset Criticality'!H6:H55,"Overdue") | D39: Medium | E39: Plan
A40: Priority | B40: P2 High vulnerabilities — Open | C40: =COUNTIFS('Vulnerability Inventory'!V6:V55,"P2",'Vulnerability Inventory'!Z6:Z55,"Open") | D40: Medium | E40: Plan

Sheet Approval Sign-Off
A1: VULNERABILITY INVENTORY, SCORING AND RISK — ASSESSMENT APPROVAL AND SIGN-OFF
A2: ISO/IEC 27001:2022 Annex A — Control A.8.8: Management of Technical Vulnerabilities
A3: ASSESSMENT SUMMARY
A4: Document: | B4: ISMS-IMP-A.8.8.2 — Vulnerability Inventory, Scoring & Risk
A5: Assessment Period:
A6: Overall Compliance Rating: | B6: ='Summary Dashboard'!G11
A7: Assessment Status:
A8: Assessed By:
A10: ASSESSMENT REVIEW AND APPROVAL
A11: Role / Function | B11: Name | C11: Signature / Initials | D11: Date (DD.MM.YYYY) | E11: Comments
A12: Lead Assessor / Author
A13: IT Security Manager
A14: Reviewer (Technical / Compliance)
A15: CISO / Final Approver
A17: FINAL DECISION: | B17: ☐ Approved ☐ Approved with Conditions ☐ Rejected ☐ Deferred
A19: NEXT REVIEW DETAILS
A20: Next Review Date (DD.MM.YYYY)
A21: Review Owner
