Workbook

Sheet Instructions
A1: DPIA Assessment - Instructions & Legend
A5: WORKBOOK OVERVIEW
A6: This workbook implements GDPR Article 35 Data Protection Impact Assessments (DPIAs).
A7: A DPIA is required when processing is likely to result in HIGH RISK to individuals' rights and freedoms.
A9: Complete sheets in order:
A10: 1. Instructions (this sheet) - Read first
A11: 2. Trigger Assessment - Determine which processing activities need DPIA
A12: 3. DPIA Register - Track all DPIAs from initiation to completion
A13: 4. Risk Assessment - Evaluate risks to data subjects (necessity, proportionality, impact)
A14: 5. Mitigation Measures - Document controls to reduce risks
A15: 6. Stakeholder Consultation - Record DPO and data subject consultations (Art. 35(9))
A16: 7. Gap Analysis - Calculate residual risk after mitigation
... A59: COLOR CODING LEGEND
A60: Green | B60: Low risk, DPIA not required, controls adequate, compliant
A61: Yellow | B61: Medium risk, DPIA uncertain (DPO consultation), monitoring required
A62: Orange | B62: High risk, enhanced controls required, management approval needed
A63: Red | B63: Critical risk, DPIA mandatory, supervisory authority consultation, immediate action
A66: EVIDENCE REQUIREMENTS
A67: • System architecture diagrams (data flow diagrams showing PII processing paths)
A68: • Data processing agreements (DPAs) with processors, joint controller agreements
A69: • Privacy notices provided to data subjects (demonstrate transparency)
A70: • Security control implementation documentation (encryption, access controls, monitoring)
A71: • DPO consultation records (emails, meeting minutes, formal opinions)
A72: • Supervisory authority correspondence (if Art. 36 consultation required)
A73: • Legal basis justifications (consent records, contract necessity, legitimate interests balancing test)
A74: • Data subject consultation evidence (surveys, focus groups, public consultations)
A77: ⚠️ COMMON PITFALLS TO AVOID
A78: ❌ Starting DPIA too late (after processing already began) → GDPR violation
A79: ❌ Conducting DPIA in isolation without stakeholder input → Incomplete risk assessment
... A85: ❌ Confusing 'necessary' with 'convenient' → Proportionality failure

Sheet Trigger_Assessment
A1: Processing Activity ID | B1: Processing Activity Name | C1: System/Application | D1: Trigger 1: Systematic Profiling | E1: Trigger 2: Large-Scale Special Categories | F1: Trigger 3: Systematic Monitoring | G1: Trigger 4: Innovative Technology | H1: Trigger 5: Denial of Service | I1: Trigger 6: Large Scale | J1: Trigger 7: Matching Datasets | K1: Trigger 8: Vulnerable Subjects | L1: Trigger 9: Cross-Border Transfer | M1: Total Triggers | N1: DPIA Required? | O1: Notes
M2: =COUNTIF(D2:L2,"Yes") | N2: =IF(M2>=2,"Yes",IF(M2=1,"Uncertain","No"))
M3: =COUNTIF(D3:L3,"Yes") | N3: =IF(M3>=2,"Yes",IF(M3=1,"Uncertain","No"))
M4: =COUNTIF(D4:L4,"Yes") | N4: =IF(M4>=2,"Yes",IF(M4=1,"Uncertain","No"))
M5: =COUNTIF(D5:L5,"Yes") | N5: =IF(M5>=2,"Yes",IF(M5=1,"Uncertain","No"))
M6: =COUNTIF(D6:L6,"Yes") | N6: =IF(M6>=2,"Yes",IF(M6=1,"Uncertain","No"))
M7: =COUNTIF(D7:L7,"Yes") | N7: =IF(M7>=2,"Yes",IF(M7=1,"Uncertain","No"))
M8: =COUNTIF(D8:L8,"Yes") | N8: =IF(M8>=2,"Yes",IF(M8=1,"Uncertain","No"))
M9: =COUNTIF(D9:L9,"Yes") | N9: =IF(M9>=2,"Yes",IF(M9=1,"Uncertain","No"))
M10: =COUNTIF(D10:L10,"Yes") | N10: =IF(M10>=2,"Yes",IF(M10=1,"Uncertain","No"))
M11: =COUNTIF(D11:L11,"Yes") | N11: =IF(M11>=2,"Yes",IF(M11=1,"Uncertain","No"))
M12: =COUNTIF(D12:L12,"Yes") | N12: =IF(M12>=2,"Yes",IF(M12=1,"Uncertain","No"))
M13: =COUNTIF(D13:L13,"Yes") | N13: =IF(M13>=2,"Yes",IF(M13=1,"Uncertain","No"))
... M1000: =COUNTIF(D1000:L1000,"Yes") | N1000: =IF(M1000>=2,"Yes",IF(M1000=1,"Uncertain","No"))

Sheet DPIA_Register
A1: DPIA ID | B1: Processing Activity ID | C1: Processing Activity Name | D1: System/Application | E1: Business Owner | F1: DPO Assigned | G1: DPIA Start Date | H1: Target Completion Date | I1: Actual Completion Date | J1: DPIA Status | K1: Initial Risk Rating | L1: Residual Risk Rating | M1: Supervisory Authority Consulted? | N1: Authority Consultation Date | O1: Authority Reference Number | P1: Next Review Date | Q1: DPIA Document Location | R1: Notes
C2: =IFERROR(VLOOKUP(B2,Trigger_Assessment!$A$2:$B$1000,2,FALSE),"") | D2: =IFERROR(VLOOKUP(B2,Trigger_Assessment!$A$2:$C$1000,3,FALSE),"") | P2: =IF(ISBLANK(I2),"",DATE(YEAR(I2)+1,MONTH(I2),DAY(I2)))
C3: =IFERROR(VLOOKUP(B3,Trigger_Assessment!$A$2:$B$1000,2,FALSE),"") | D3: =IFERROR(VLOOKUP(B3,Trigger_Assessment!$A$2:$C$1000,3,FALSE),"") | P3: =IF(ISBLANK(I3),"",DATE(YEAR(I3)+1,MONTH(I3),DAY(I3)))
C4: =IFERROR(VLOOKUP(B4,Trigger_Assessment!$A$2:$B$1000,2,FALSE),"") | D4: =IFERROR(VLOOKUP(B4,Trigger_Assessment!$A$2:$C$1000,3,FALSE),"") | P4: =IF(ISBLANK(I4),"",DATE(YEAR(I4)+1,MONTH(I4),DAY(I4)))
C5: =IFERROR(VLOOKUP(B5,Trigger_Assessment!$A$2:$B$1000,2,FALSE),"") | D5: =IFERROR(VLOOKUP(B5,Trigger_Assessment!$A$2:$C$1000,3,FALSE),"") | P5: =IF(ISBLANK(I5),"",DATE(YEAR(I5)+1,MONTH(I5),DAY(I5)))
C6: =IFERROR(VLOOKUP(B6,Trigger_Assessment!$A$2:$B$1000,2,FALSE),"") | D6: =IFERROR(VLOOKUP(B6,Trigger_Assessment!$A$2:$C$1000,3,FALSE),"") | P6: =IF(ISBLANK(I6),"",DATE(YEAR(I6)+1,MONTH(I6),DAY(I6)))
C7: =IFERROR(VLOOKUP(B7,Trigger_Assessment!$A$2:$B$1000,2,FALSE),"") | D7: =IFERROR(VLOOKUP(B7,Trigger_Assessment!$A$2:$C$1000,3,FALSE),"") | P7: =IF(ISBLANK(I7),"",DATE(YEAR(I7)+1,MONTH(I7),DAY(I7)))
C8: =IFERROR(VLOOKUP(B8,Trigger_Assessment!$A$2:$B$1000,2,FALSE),"") | D8: =IFERROR(VLOOKUP(B8,Trigger_Assessment!$A$2:$C$1000,3,FALSE),"") | P8: =IF(ISBLANK(I8),"",DATE(YEAR(I8)+1,MONTH(I8),DAY(I8)))
C9: =IFERROR(VLOOKUP(B9,Trigger_Assessment!$A$2:$B$1000,2,FALSE),"") | D9: =IFERROR(VLOOKUP(B9,Trigger_Assessment!$A$2:$C$1000,3,FALSE),"") | P9: =IF(ISBLANK(I9),"",DATE(YEAR(I9)+1,MONTH(I9),DAY(I9)))
C10: =IFERROR(VLOOKUP(B10,Trigger_Assessment!$A$2:$B$1000,2,FALSE),"") | D10: =IFERROR(VLOOKUP(B10,Trigger_Assessment!$A$2:$C$1000,3,FALSE),"") | P10: =IF(ISBLANK(I10),"",DATE(YEAR(I10)+1,MONTH(I10),DAY(I10)))
C11: =IFERROR(VLOOKUP(B11,Trigger_Assessment!$A$2:$B$1000,2,FALSE),"") | D11: =IFERROR(VLOOKUP(B11,Trigger_Assessment!$A$2:$C$1000,3,FALSE),"") | P11: =IF(ISBLANK(I11),"",DATE(YEAR(I11)+1,MONTH(I11),DAY(I11)))
C12: =IFERROR(VLOOKUP(B12,Trigger_Assessment!$A$2:$B$1000,2,FALSE),"") | D12: =IFERROR(VLOOKUP(B12,Trigger_Assessment!$A$2:$C$1000,3,FALSE),"") | P12: =IF(ISBLANK(I12),"",DATE(YEAR(I12)+1,MONTH(I12),DAY(I12)))
C13: =IFERROR(VLOOKUP(B13,Trigger_Assessment!$A$2:$B$1000,2,FALSE),"") | D13: =IFERROR(VLOOKUP(B13,Trigger_Assessment!$A$2:$C$1000,3,FALSE),"") | P13: =IF(ISBLANK(I13),"",DATE(YEAR(I13)+1,MONTH(I13),DAY(I13)))
... C1000: =IFERROR(VLOOKUP(B1000,Trigger_Assessment!$A$2:$B$1000,2,FALSE),"") | D1000: =IFERROR(VLOOKUP(B1000,Trigger_Assessment!$A$2:$C$1000,3,FALSE),"") | P1000: =IF(ISBLANK(I1000),"",DATE(YEAR(I1000)+1,MONTH(I1000),DAY(I1000)))

Sheet Risk_Assessment
A1: DPIA ID | B1: Risk ID | C1: Risk Category | D1: Risk Description | E1: Data Subject Impact | F1: Likelihood (Before Mitigation) | G1: Impact (Before Mitigation) | H1: Inherent Risk Score | I1: Inherent Risk Level | J1: Necessity Justified? | K1: Necessity Justification | L1: Proportionality Justified? | M1: Proportionality Justification | N1: Legal Basis | O1: Special Category Legal Basis | P1: Data Subject Rights Respected? | Q1: Rights Restrictions Documented | R1: Third-Party Recipients | S1: Cross-Border Transfers | T1: Transfer Safeguards
B2: =IF(ISBLANK(A2),"",A2&"-R"&TEXT(COUNTIF($A$2:A2,A2),"00")) | H2: =IF(OR(ISBLANK(F2),ISBLANK(G2)),"",VALUE(LEFT(F2,1))*VALUE(LEFT(G2,1))) | I2: =IF(ISBLANK(H2),"",IF(H2>=20,"Critical",IF(H2>=15,"High",IF(H2>=8,"Medium","Low"))))
B3: =IF(ISBLANK(A3),"",A3&"-R"&TEXT(COUNTIF($A$2:A3,A3),"00")) | H3: =IF(OR(ISBLANK(F3),ISBLANK(G3)),"",VALUE(LEFT(F3,1))*VALUE(LEFT(G3,1))) | I3: =IF(ISBLANK(H3),"",IF(H3>=20,"Critical",IF(H3>=15,"High",IF(H3>=8,"Medium","Low"))))
B4: =IF(ISBLANK(A4),"",A4&"-R"&TEXT(COUNTIF($A$2:A4,A4),"00")) | H4: =IF(OR(ISBLANK(F4),ISBLANK(G4)),"",VALUE(LEFT(F4,1))*VALUE(LEFT(G4,1))) | I4: =IF(ISBLANK(H4),"",IF(H4>=20,"Critical",IF(H4>=15,"High",IF(H4>=8,"Medium","Low"))))
B5: =IF(ISBLANK(A5),"",A5&"-R"&TEXT(COUNTIF($A$2:A5,A5),"00")) | H5: =IF(OR(ISBLANK(F5),ISBLANK(G5)),"",VALUE(LEFT(F5,1))*VALUE(LEFT(G5,1))) | I5: =IF(ISBLANK(H5),"",IF(H5>=20,"Critical",IF(H5>=15,"High",IF(H5>=8,"Medium","Low"))))
B6: =IF(ISBLANK(A6),"",A6&"-R"&TEXT(COUNTIF($A$2:A6,A6),"00")) | H6: =IF(OR(ISBLANK(F6),ISBLANK(G6)),"",VALUE(LEFT(F6,1))*VALUE(LEFT(G6,1))) | I6: =IF(ISBLANK(H6),"",IF(H6>=20,"Critical",IF(H6>=15,"High",IF(H6>=8,"Medium","Low"))))
B7: =IF(ISBLANK(A7),"",A7&"-R"&TEXT(COUNTIF($A$2:A7,A7),"00")) | H7: =IF(OR(ISBLANK(F7),ISBLANK(G7)),"",VALUE(LEFT(F7,1))*VALUE(LEFT(G7,1))) | I7: =IF(ISBLANK(H7),"",IF(H7>=20,"Critical",IF(H7>=15,"High",IF(H7>=8,"Medium","Low"))))
B8: =IF(ISBLANK(A8),"",A8&"-R"&TEXT(COUNTIF($A$2:A8,A8),"00")) | H8: =IF(OR(ISBLANK(F8),ISBLANK(G8)),"",VALUE(LEFT(F8,1))*VALUE(LEFT(G8,1))) | I8: =IF(ISBLANK(H8),"",IF(H8>=20,"Critical",IF(H8>=15,"High",IF(H8>=8,"Medium","Low"))))
B9: =IF(ISBLANK(A9),"",A9&"-R"&TEXT(COUNTIF($A$2:A9,A9),"00")) | H9: =IF(OR(ISBLANK(F9),ISBLANK(G9)),"",VALUE(LEFT(F9,1))*VALUE(LEFT(G9,1))) | I9: =IF(ISBLANK(H9),"",IF(H9>=20,"Critical",IF(H9>=15,"High",IF(H9>=8,"Medium","Low"))))
B10: =IF(ISBLANK(A10),"",A10&"-R"&TEXT(COUNTIF($A$2:A10,A10),"00")) | H10: =IF(OR(ISBLANK(F10),ISBLANK(G10)),"",VALUE(LEFT(F10,1))*VALUE(LEFT(G10,1))) | I10: =IF(ISBLANK(H10),"",IF(H10>=20,"Critical",IF(H10>=15,"High",IF(H10>=8,"Medium","Low"))))
B11: =IF(ISBLANK(A11),"",A11&"-R"&TEXT(COUNTIF($A$2:A11,A11),"00")) | H11: =IF(OR(ISBLANK(F11),ISBLANK(G11)),"",VALUE(LEFT(F11,1))*VALUE(LEFT(G11,1))) | I11: =IF(ISBLANK(H11),"",IF(H11>=20,"Critical",IF(H11>=15,"High",IF(H11>=8,"Medium","Low"))))
B12: =IF(ISBLANK(A12),"",A12&"-R"&TEXT(COUNTIF($A$2:A12,A12),"00")) | H12: =IF(OR(ISBLANK(F12),ISBLANK(G12)),"",VALUE(LEFT(F12,1))*VALUE(LEFT(G12,1))) | I12: =IF(ISBLANK(H12),"",IF(H12>=20,"Critical",IF(H12>=15,"High",IF(H12>=8,"Medium","Low"))))
B13: =IF(ISBLANK(A13),"",A13&"-R"&TEXT(COUNTIF($A$2:A13,A13),"00")) | H13: =IF(OR(ISBLANK(F13),ISBLANK(G13)),"",VALUE(LEFT(F13,1))*VALUE(LEFT(G13,1))) | I13: =IF(ISBLANK(H13),"",IF(H13>=20,"Critical",IF(H13>=15,"High",IF(H13>=8,"Medium","Low"))))
... B1000: =IF(ISBLANK(A1000),"",A1000&"-R"&TEXT(COUNTIF($A$2:A1000,A1000),"00")) | H1000: =IF(OR(ISBLANK(F1000),ISBLANK(G1000)),"",VALUE(LEFT(F1000,1))*VALUE(LEFT(G1000,1))) | I1000: =IF(ISBLANK(H1000),"",IF(H1000>=20,"Critical",IF(H1000>=15,"High",IF(H1000>=8,"Medium","Low"))))

Sheet Mitigation_Measures
A1: Risk ID | B1: Risk Description (Reference) | C1: Mitigation Control ID | D1: Control Type | E1: Mitigation Description | F1: Implementation Status | G1: Owner | H1: Target Date | I1: Actual Date | J1: Effectiveness Rating | K1: Evidence Location
B2: =IFERROR(VLOOKUP(A2,Risk_Assessment!$B$2:$D$1000,2,FALSE),"") | C2: =IF(ISBLANK(A2),"",A2&"-M"&TEXT(COUNTIF($A$2:A2,A2),"00"))
B3: =IFERROR(VLOOKUP(A3,Risk_Assessment!$B$2:$D$1000,2,FALSE),"") | C3: =IF(ISBLANK(A3),"",A3&"-M"&TEXT(COUNTIF($A$2:A3,A3),"00"))
B4: =IFERROR(VLOOKUP(A4,Risk_Assessment!$B$2:$D$1000,2,FALSE),"") | C4: =IF(ISBLANK(A4),"",A4&"-M"&TEXT(COUNTIF($A$2:A4,A4),"00"))
B5: =IFERROR(VLOOKUP(A5,Risk_Assessment!$B$2:$D$1000,2,FALSE),"") | C5: =IF(ISBLANK(A5),"",A5&"-M"&TEXT(COUNTIF($A$2:A5,A5),"00"))
B6: =IFERROR(VLOOKUP(A6,Risk_Assessment!$B$2:$D$1000,2,FALSE),"") | C6: =IF(ISBLANK(A6),"",A6&"-M"&TEXT(COUNTIF($A$2:A6,A6),"00"))
B7: =IFERROR(VLOOKUP(A7,Risk_Assessment!$B$2:$D$1000,2,FALSE),"") | C7: =IF(ISBLANK(A7),"",A7&"-M"&TEXT(COUNTIF($A$2:A7,A7),"00"))
B8: =IFERROR(VLOOKUP(A8,Risk_Assessment!$B$2:$D$1000,2,FALSE),"") | C8: =IF(ISBLANK(A8),"",A8&"-M"&TEXT(COUNTIF($A$2:A8,A8),"00"))
B9: =IFERROR(VLOOKUP(A9,Risk_Assessment!$B$2:$D$1000,2,FALSE),"") | C9: =IF(ISBLANK(A9),"",A9&"-M"&TEXT(COUNTIF($A$2:A9,A9),"00"))
B10: =IFERROR(VLOOKUP(A10,Risk_Assessment!$B$2:$D$1000,2,FALSE),"") | C10: =IF(ISBLANK(A10),"",A10&"-M"&TEXT(COUNTIF($A$2:A10,A10),"00"))
B11: =IFERROR(VLOOKUP(A11,Risk_Assessment!$B$2:$D$1000,2,FALSE),"") | C11: =IF(ISBLANK(A11),"",A11&"-M"&TEXT(COUNTIF($A$2:A11,A11),"00"))
B12: =IFERROR(VLOOKUP(A12,Risk_Assessment!$B$2:$D$1000,2,FALSE),"") | C12: =IF(ISBLANK(A12),"",A12&"-M"&TEXT(COUNTIF($A$2:A12,A12),"00"))
B13: =IFERROR(VLOOKUP(A13,Risk_Assessment!$B$2:$D$1000,2,FALSE),"") | C13: =IF(ISBLANK(A13),"",A13&"-M"&TEXT(COUNTIF($A$2:A13,A13),"00"))
... B1000: =IFERROR(VLOOKUP(A1000,Risk_Assessment!$B$2:$D$1000,2,FALSE),"") | C1000: =IF(ISBLANK(A1000),"",A1000&"-M"&TEXT(COUNTIF($A$2:A1000,A1000),"00"))

Sheet Stakeholder_Consultation
A1: DPIA ID | B1: Stakeholder Type | C1: Stakeholder Name/Title | D1: Consultation Date | E1: Consultation Method | F1: Key Concerns Raised | G1: Recommendations | H1: Action Taken | I1: Evidence Location

Sheet Gap_Analysis
A1: Risk ID | B1: Inherent Risk Score (Reference) | C1: Mitigation Implemented? | D1: Mitigation Effectiveness | E1: Risk Reduction Factor | F1: Residual Likelihood | G1: Residual Risk Score | H1: Residual Risk Level | I1: Gap Identified? | J1: Gap Description | K1: Remediation Plan
B2: =IFERROR(VLOOKUP(A2,Risk_Assessment!$B$2:$H$1000,7,FALSE),"") | E2: =IF(C2="No",1,IF(D2="N/A",1,IF(D2="Low (10% reduction)",0.9,IF(D2="Medium (30% reduction)",0.7,IF(D2="High (50% reduction)",0.5,IF(D2="Very High (70% reduction)",0.3,1)))))) | F2: =IF(ISBLANK(B2),"",ROUNDUP(SQRT(B2)*E2,0)) | G2: =IF(ISBLANK(B2),"",ROUNDUP(B2*E2,0)) | H2: =IF(ISBLANK(G2),"",IF(G2>=20,"Critical",IF(G2>=15,"High",IF(G2>=8,"Medium","Low"))))
B3: =IFERROR(VLOOKUP(A3,Risk_Assessment!$B$2:$H$1000,7,FALSE),"") | E3: =IF(C3="No",1,IF(D3="N/A",1,IF(D3="Low (10% reduction)",0.9,IF(D3="Medium (30% reduction)",0.7,IF(D3="High (50% reduction)",0.5,IF(D3="Very High (70% reduction)",0.3,1)))))) | F3: =IF(ISBLANK(B3),"",ROUNDUP(SQRT(B3)*E3,0)) | G3: =IF(ISBLANK(B3),"",ROUNDUP(B3*E3,0)) | H3: =IF(ISBLANK(G3),"",IF(G3>=20,"Critical",IF(G3>=15,"High",IF(G3>=8,"Medium","Low"))))
B4: =IFERROR(VLOOKUP(A4,Risk_Assessment!$B$2:$H$1000,7,FALSE),"") | E4: =IF(C4="No",1,IF(D4="N/A",1,IF(D4="Low (10% reduction)",0.9,IF(D4="Medium (30% reduction)",0.7,IF(D4="High (50% reduction)",0.5,IF(D4="Very High (70% reduction)",0.3,1)))))) | F4: =IF(ISBLANK(B4),"",ROUNDUP(SQRT(B4)*E4,0)) | G4: =IF(ISBLANK(B4),"",ROUNDUP(B4*E4,0)) | H4: =IF(ISBLANK(G4),"",IF(G4>=20,"Critical",IF(G4>=15,"High",IF(G4>=8,"Medium","Low"))))
B5: =IFERROR(VLOOKUP(A5,Risk_Assessment!$B$2:$H$1000,7,FALSE),"") | E5: =IF(C5="No",1,IF(D5="N/A",1,IF(D5="Low (10% reduction)",0.9,IF(D5="Medium (30% reduction)",0.7,IF(D5="High (50% reduction)",0.5,IF(D5="Very High (70% reduction)",0.3,1)))))) | F5: =IF(ISBLANK(B5),"",ROUNDUP(SQRT(B5)*E5,0)) | G5: =IF(ISBLANK(B5),"",ROUNDUP(B5*E5,0)) | H5: =IF(ISBLANK(G5),"",IF(G5>=20,"Critical",IF(G5>=15,"High",IF(G5>=8,"Medium","Low"))))
B6: =IFERROR(VLOOKUP(A6,Risk_Assessment!$B$2:$H$1000,7,FALSE),"") | E6: =IF(C6="No",1,IF(D6="N/A",1,IF(D6="Low (10% reduction)",0.9,IF(D6="Medium (30% reduction)",0.7,IF(D6="High (50% reduction)",0.5,IF(D6="Very High (70% reduction)",0.3,1)))))) | F6: =IF(ISBLANK(B6),"",ROUNDUP(SQRT(B6)*E6,0)) | G6: =IF(ISBLANK(B6),"",ROUNDUP(B6*E6,0)) | H6: =IF(ISBLANK(G6),"",IF(G6>=20,"Critical",IF(G6>=15,"High",IF(G6>=8,"Medium","Low"))))
B7: =IFERROR(VLOOKUP(A7,Risk_Assessment!$B$2:$H$1000,7,FALSE),"") | E7: =IF(C7="No",1,IF(D7="N/A",1,IF(D7="Low (10% reduction)",0.9,IF(D7="Medium (30% reduction)",0.7,IF(D7="High (50% reduction)",0.5,IF(D7="Very High (70% reduction)",0.3,1)))))) | F7: =IF(ISBLANK(B7),"",ROUNDUP(SQRT(B7)*E7,0)) | G7: =IF(ISBLANK(B7),"",ROUNDUP(B7*E7,0)) | H7: =IF(ISBLANK(G7),"",IF(G7>=20,"Critical",IF(G7>=15,"High",IF(G7>=8,"Medium","Low"))))
B8: =IFERROR(VLOOKUP(A8,Risk_Assessment!$B$2:$H$1000,7,FALSE),"") | E8: =IF(C8="No",1,IF(D8="N/A",1,IF(D8="Low (10% reduction)",0.9,IF(D8="Medium (30% reduction)",0.7,IF(D8="High (50% reduction)",0.5,IF(D8="Very High (70% reduction)",0.3,1)))))) | F8: =IF(ISBLANK(B8),"",ROUNDUP(SQRT(B8)*E8,0)) | G8: =IF(ISBLANK(B8),"",ROUNDUP(B8*E8,0)) | H8: =IF(ISBLANK(G8),"",IF(G8>=20,"Critical",IF(G8>=15,"High",IF(G8>=8,"Medium","Low"))))
B9: =IFERROR(VLOOKUP(A9,Risk_Assessment!$B$2:$H$1000,7,FALSE),"") | E9: =IF(C9="No",1,IF(D9="N/A",1,IF(D9="Low (10% reduction)",0.9,IF(D9="Medium (30% reduction)",0.7,IF(D9="High (50% reduction)",0.5,IF(D9="Very High (70% reduction)",0.3,1)))))) | F9: =IF(ISBLANK(B9),"",ROUNDUP(SQRT(B9)*E9,0)) | G9: =IF(ISBLANK(B9),"",ROUNDUP(B9*E9,0)) | H9: =IF(ISBLANK(G9),"",IF(G9>=20,"Critical",IF(G9>=15,"High",IF(G9>=8,"Medium","Low"))))
B10: =IFERROR(VLOOKUP(A10,Risk_Assessment!$B$2:$H$1000,7,FALSE),"") | E10: =IF(C10="No",1,IF(D10="N/A",1,IF(D10="Low (10% reduction)",0.9,IF(D10="Medium (30% reduction)",0.7,IF(D10="High (50% reduction)",0.5,IF(D10="Very High (70% reduction)",0.3,1)))))) | F10: =IF(ISBLANK(B10),"",ROUNDUP(SQRT(B10)*E10,0)) | G10: =IF(ISBLANK(B10),"",ROUNDUP(B10*E10,0)) | H10: =IF(ISBLANK(G10),"",IF(G10>=20,"Critical",IF(G10>=15,"High",IF(G10>=8,"Medium","Low"))))
B11: =IFERROR(VLOOKUP(A11,Risk_Assessment!$B$2:$H$1000,7,FALSE),"") | E11: =IF(C11="No",1,IF(D11="N/A",1,IF(D11="Low (10% reduction)",0.9,IF(D11="Medium (30% reduction)",0.7,IF(D11="High (50% reduction)",0.5,IF(D11="Very High (70% reduction)",0.3,1)))))) | F11: =IF(ISBLANK(B11),"",ROUNDUP(SQRT(B11)*E11,0)) | G11: =IF(ISBLANK(B11),"",ROUNDUP(B11*E11,0)) | H11: =IF(ISBLANK(G11),"",IF(G11>=20,"Critical",IF(G11>=15,"High",IF(G11>=8,"Medium","Low"))))
B12: =IFERROR(VLOOKUP(A12,Risk_Assessment!$B$2:$H$1000,7,FALSE),"") | E12: =IF(C12="No",1,IF(D12="N/A",1,IF(D12="Low (10% reduction)",0.9,IF(D12="Medium (30% reduction)",0.7,IF(D12="High (50% reduction)",0.5,IF(D12="Very High (70% reduction)",0.3,1)))))) | F12: =IF(ISBLANK(B12),"",ROUNDUP(SQRT(B12)*E12,0)) | G12: =IF(ISBLANK(B12),"",ROUNDUP(B12*E12,0)) | H12: =IF(ISBLANK(G12),"",IF(G12>=20,"Critical",IF(G12>=15,"High",IF(G12>=8,"Medium","Low"))))
B13: =IFERROR(VLOOKUP(A13,Risk_Assessment!$B$2:$H$1000,7,FALSE),"") | E13: =IF(C13="No",1,IF(D13="N/A",1,IF(D13="Low (10% reduction)",0.9,IF(D13="Medium (30% reduction)",0.7,IF(D13="High (50% reduction)",0.5,IF(D13="Very High (70% reduction)",0.3,1)))))) | F13: =IF(ISBLANK(B13),"",ROUNDUP(SQRT(B13)*E13,0)) | G13: =IF(ISBLANK(B13),"",ROUNDUP(B13*E13,0)) | H13: =IF(ISBLANK(G13),"",IF(G13>=20,"Critical",IF(G13>=15,"High",IF(G13>=8,"Medium","Low"))))
... B1000: =IFERROR(VLOOKUP(A1000,Risk_Assessment!$B$2:$H$1000,7,FALSE),"") | E1000: =IF(C1000="No",1,IF(D1000="N/A",1,IF(D1000="Low (10% reduction)",0.9,IF(D1000="Medium (30% reduction)",0.7,IF(D1000="High (50% reduction)",0.5,IF(D1000="Very High (70% reduction)",0.3,1)))))) | F1000: =IF(ISBLANK(B1000),"",ROUNDUP(SQRT(B1000)*E1000,0)) | G1000: =IF(ISBLANK(B1000),"",ROUNDUP(B1000*E1000,0)) | H1000: =IF(ISBLANK(G1000),"",IF(G1000>=20,"Critical",IF(G1000>=15,"High",IF(G1000>=8,"Medium","Low"))))

Sheet Dashboard
A1: DPIA ASSESSMENT SUMMARY
A3: Total DPIAs Registered | C3: =COUNTA(DPIA_Register!A2:A1000)
A4: DPIAs Complete | C4: =COUNTIF(DPIA_Register!J2:J1000,"Complete")
A5: DPIAs In Progress | C5: =COUNTIF(DPIA_Register!J2:J1000,"In Progress")
A6: DPIAs Overdue | C6: =COUNTIF(DPIA_Register!J2:J1000,"Overdue")
A7: Completion Rate | C7: =IF(C3=0,0,C4/C3)
A9: Supervisory Authority Consultations | C9: =COUNTIF(DPIA_Register!M2:M1000,"Yes")
A12: RISK DISTRIBUTION
A13: Total Risks Identified | C13: =COUNTA(Risk_Assessment!B2:B1000)
A14: Critical Risks | C14: =COUNTIF(Risk_Assessment!I2:I1000,"Critical")
A15: High Risks | C15: =COUNTIF(Risk_Assessment!I2:I1000,"High")
A16: Medium Risks | C16: =COUNTIF(Risk_Assessment!I2:I1000,"Medium")
A17: Low Risks | C17: =COUNTIF(Risk_Assessment!I2:I1000,"Low")
A20: MITIGATION IMPLEMENTATION
A21: Total Mitigation Controls | C21: =COUNTA(Mitigation_Measures!C2:C1000)
A22: Controls Validated | C22: =COUNTIF(Mitigation_Measures!F2:F1000,"Validated")
A23: Controls Implemented | C23: =COUNTIF(Mitigation_Measures!F2:F1000,"Implemented")
A24: Controls In Progress | C24: =COUNTIF(Mitigation_Measures!F2:F1000,"In Progress")
A25: Mitigation Completion Rate | C25: =IF(C24=0,0,(C25+C26)/C24)
A28: RESIDUAL RISK AFTER MITIGATION
A29: Total Assessed Risks | C29: =COUNTA(Gap_Analysis!A2:A1000)
A30: Residual Risk - Critical | C30: =COUNTIF(Gap_Analysis!H2:H1000,"Critical")
A31: Residual Risk - High | C31: =COUNTIF(Gap_Analysis!H2:H1000,"High")
A32: Residual Risk - Medium | C32: =COUNTIF(Gap_Analysis!H2:H1000,"Medium")
A33: Residual Risk - Low | C33: =COUNTIF(Gap_Analysis!H2:H1000,"Low")
A36: GDPR ARTICLE 35 COMPLIANCE
A37: Necessity Justified (Yes) | C37: =COUNTIF(Risk_Assessment!J2:J1000,"Yes")
A38: Proportionality Justified (Yes) | C38: =COUNTIF(Risk_Assessment!L2:L1000,"Yes")
A39: Data Subject Rights Fully Respected | C39: =COUNTIF(Risk_Assessment!P2:P1000,"Yes")
A40: Stakeholder Consultations Conducted | C40: =COUNTA(Stakeholder_Consultation!A2:A1000)
A42: Overall DPIA Compliance Score | C42: =IF(C3=0,0,C7*0.4+C28*0.3+IF(C34=0,0,(1-C36/C34)*0.3))
