Workbook

Sheet 1. Instructions & Legend
A1: ISMS-IMP-A.5.34.3 - Data Subject Rights Management Assessment
A2: DSR Request Tracking and SLA Compliance Monitoring
A4: ASSESSMENT OVERVIEW
A6: This assessment tracks all data subject rights (DSR) requests to ensure compliance with: • GDPR Articles 15-22 (Access, Rectification, Erasure, Restriction, Portability, Object, Automated Decision-Making) • Swiss FADP Articles 25-28 (Right of access, Right to data portability, Right to rectification) • 30-day response timeline (GDPR Art. 12(3)) CRITICAL: Non-response or delayed response = regulatory violations and fines.
A12: THE 7 DATA SUBJECT RIGHTS (GDPR Art. 15-22)
A14: 1. Access (Art. 15) | C14: Provide copy of personal data + processing details
A15: 2. Rectification (Art. 16) | C15: Correct inaccurate personal data
A16: 3. Erasure (Art. 17) | C16: Delete personal data ('right to be forgotten')
A17: 4. Restriction (Art. 18) | C17: Suspend processing temporarily
A18: 5. Portability (Art. 20) | C18: Receive data in machine-readable format
A19: 6. Object (Art. 21) | C19: Stop specific processing (e.g., direct marketing)
A20: 7. Automated Decision-Making (Art. 22) | C20: Challenge automated decisions
A23: 30-DAY SLA REQUIREMENT
A25: GDPR Article 12(3): Response within 1 month (30 days) from receipt Extension: +60 days possible if request is complex (total: 90 days) Extension notification: Must inform data subject within 30 days with reason for delay Direct Marketing Objection: IMMEDIATE cessation required (no 30-day grace period)

Sheet 2. DSR Request Inventory
A1: Request ID | B1: Receipt Date | C1: Request Channel | D1: Right Type | E1: Requester Name | F1: Requester Contact | G1: Request Description | H1: Request Scope | I1: Identity Verification Method | J1: Verification Status | K1: Verification Date | L1: Response Date | M1: Response Deadline | N1: Days to Respond | O1: SLA Status | P1: Response Method | Q1: Response Description | R1: Request Outcome | S1: Rejection Reason | T1: Extension Justification | U1: Requester Satisfaction | V1: Request Complexity | W1: Effort (Hours) | X1: Assigned To | Y1: Evidence Reference
M2: =B2+30 | N2: =IF(L2="", "", L2-B2) | O2: =IF(L2="", "Pending", IF(N2<=30, "Met", "Breached"))
M3: =B3+30 | N3: =IF(L3="", "", L3-B3) | O3: =IF(L3="", "Pending", IF(N3<=30, "Met", "Breached"))
M4: =B4+30 | N4: =IF(L4="", "", L4-B4) | O4: =IF(L4="", "Pending", IF(N4<=30, "Met", "Breached"))
M5: =B5+30 | N5: =IF(L5="", "", L5-B5) | O5: =IF(L5="", "Pending", IF(N5<=30, "Met", "Breached"))
M6: =B6+30 | N6: =IF(L6="", "", L6-B6) | O6: =IF(L6="", "Pending", IF(N6<=30, "Met", "Breached"))
M7: =B7+30 | N7: =IF(L7="", "", L7-B7) | O7: =IF(L7="", "Pending", IF(N7<=30, "Met", "Breached"))
M8: =B8+30 | N8: =IF(L8="", "", L8-B8) | O8: =IF(L8="", "Pending", IF(N8<=30, "Met", "Breached"))
M9: =B9+30 | N9: =IF(L9="", "", L9-B9) | O9: =IF(L9="", "Pending", IF(N9<=30, "Met", "Breached"))
M10: =B10+30 | N10: =IF(L10="", "", L10-B10) | O10: =IF(L10="", "Pending", IF(N10<=30, "Met", "Breached"))
M11: =B11+30 | N11: =IF(L11="", "", L11-B11) | O11: =IF(L11="", "Pending", IF(N11<=30, "Met", "Breached"))
M12: =B12+30 | N12: =IF(L12="", "", L12-B12) | O12: =IF(L12="", "Pending", IF(N12<=30, "Met", "Breached"))
M13: =B13+30 | N13: =IF(L13="", "", L13-B13) | O13: =IF(L13="", "Pending", IF(N13<=30, "Met", "Breached"))
... M10000: =B10000+30 | N10000: =IF(L10000="", "", L10000-B10000) | O10000: =IF(L10000="", "Pending", IF(N10000<=30, "Met", "Breached"))

Sheet 3. Request Processing Procedures
A1: Right Type | B1: Standard Response Time | C1: Identity Verification Required | D1: Typical Fulfillment Steps | E1: Systems Involved | F1: Quality Checklist | G1: Common Exceptions | H1: Escalation Criteria
A2: Access
A3: Rectification
A4: Erasure
A5: Restriction
A6: Data Portability
A7: Object
A8: Automated Decision-Making

Sheet 4. SLA Compliance Tracking
A1: SLA COMPLIANCE DASHBOARD
A4: SUMMARY METRICS
A5: Total Requests in Period | B5: =COUNTA('2. DSR Request Inventory'!A2:A10000)
A6: Requests Met SLA | B6: =COUNTIF('2. DSR Request Inventory'!O2:O10000, "Met")
A7: Requests Breached SLA | B7: =COUNTIF('2. DSR Request Inventory'!O2:O10000, "Breached")
A8: Requests Pending | B8: =COUNTIF('2. DSR Request Inventory'!O2:O10000, "Pending")
A9: SLA Compliance Rate | B9: =IF(B5-B8=0, 0, B6/(B5-B8))
A10: Average Response Time (Days) | B10: =AVERAGE('2. DSR Request Inventory'!N2:N10000)
A13: BREAKDOWN BY RIGHT TYPE
A14: Right Type | B14: Total | C14: SLA Met | D14: SLA Breached | E14: Avg Response Time
A15: Access | B15: =COUNTIF('2. DSR Request Inventory'!D2:D10000, "Access (Art. 15)*") | C15: =COUNTIFS('2. DSR Request Inventory'!D2:D10000, "Access (Art. 15)*", '2. DSR Request Inventory'!O2:O10000, "Met") | D15: =COUNTIFS('2. DSR Request Inventory'!D2:D10000, "Access (Art. 15)*", '2. DSR Request Inventory'!O2:O10000, "Breached") | E15: =AVERAGEIF('2. DSR Request Inventory'!D2:D10000, "Access (Art. 15)*", '2. DSR Request Inventory'!N2:N10000)
A16: Rectification | B16: =COUNTIF('2. DSR Request Inventory'!D2:D10000, "Rectification (Art. 16)*") | C16: =COUNTIFS('2. DSR Request Inventory'!D2:D10000, "Rectification (Art. 16)*", '2. DSR Request Inventory'!O2:O10000, "Met") | D16: =COUNTIFS('2. DSR Request Inventory'!D2:D10000, "Rectification (Art. 16)*", '2. DSR Request Inventory'!O2:O10000, "Breached") | E16: =AVERAGEIF('2. DSR Request Inventory'!D2:D10000, "Rectification (Art. 16)*", '2. DSR Request Inventory'!N2:N10000)
A17: Erasure | B17: =COUNTIF('2. DSR Request Inventory'!D2:D10000, "Erasure (Art. 17)*") | C17: =COUNTIFS('2. DSR Request Inventory'!D2:D10000, "Erasure (Art. 17)*", '2. DSR Request Inventory'!O2:O10000, "Met") | D17: =COUNTIFS('2. DSR Request Inventory'!D2:D10000, "Erasure (Art. 17)*", '2. DSR Request Inventory'!O2:O10000, "Breached") | E17: =AVERAGEIF('2. DSR Request Inventory'!D2:D10000, "Erasure (Art. 17)*", '2. DSR Request Inventory'!N2:N10000)
A18: Restriction | B18: =COUNTIF('2. DSR Request Inventory'!D2:D10000, "Restriction (Art. 18)*") | C18: =COUNTIFS('2. DSR Request Inventory'!D2:D10000, "Restriction (Art. 18)*", '2. DSR Request Inventory'!O2:O10000, "Met") | D18: =COUNTIFS('2. DSR Request Inventory'!D2:D10000, "Restriction (Art. 18)*", '2. DSR Request Inventory'!O2:O10000, "Breached") | E18: =AVERAGEIF('2. DSR Request Inventory'!D2:D10000, "Restriction (Art. 18)*", '2. DSR Request Inventory'!N2:N10000)
A19: Data Portability | B19: =COUNTIF('2. DSR Request Inventory'!D2:D10000, "Data Portability (Art. 20)*") | C19: =COUNTIFS('2. DSR Request Inventory'!D2:D10000, "Data Portability (Art. 20)*", '2. DSR Request Inventory'!O2:O10000, "Met") | D19: =COUNTIFS('2. DSR Request Inventory'!D2:D10000, "Data Portability (Art. 20)*", '2. DSR Request Inventory'!O2:O10000, "Breached") | E19: =AVERAGEIF('2. DSR Request Inventory'!D2:D10000, "Data Portability (Art. 20)*", '2. DSR Request Inventory'!N2:N10000)
A20: Object | B20: =COUNTIF('2. DSR Request Inventory'!D2:D10000, "Object (Art. 21)*") | C20: =COUNTIFS('2. DSR Request Inventory'!D2:D10000, "Object (Art. 21)*", '2. DSR Request Inventory'!O2:O10000, "Met") | D20: =COUNTIFS('2. DSR Request Inventory'!D2:D10000, "Object (Art. 21)*", '2. DSR Request Inventory'!O2:O10000, "Breached") | E20: =AVERAGEIF('2. DSR Request Inventory'!D2:D10000, "Object (Art. 21)*", '2. DSR Request Inventory'!N2:N10000)
A21: Automated Decision-Making | B21: =COUNTIF('2. DSR Request Inventory'!D2:D10000, "Automated Decision-Making (Art. 22)*") | C21: =COUNTIFS('2. DSR Request Inventory'!D2:D10000, "Automated Decision-Making (Art. 22)*", '2. DSR Request Inventory'!O2:O10000, "Met") | D21: =COUNTIFS('2. DSR Request Inventory'!D2:D10000, "Automated Decision-Making (Art. 22)*", '2. DSR Request Inventory'!O2:O10000, "Breached") | E21: =AVERAGEIF('2. DSR Request Inventory'!D2:D10000, "Automated Decision-Making (Art. 22)*", '2. DSR Request Inventory'!N2:N10000)

Sheet 5. Exception & Rejection Tracking
A1: Request ID | B1: Right Type | C1: Exception Legal Basis | D1: Detailed Justification | E1: Data Subject Notified | F1: Appeal Rights Communicated | G1: Alternative Measures Offered | H1: DPO Review | I1: Legal Counsel Review | J1: Requester Response

Sheet 6. Rights-Specific Analysis
A1: RIGHTS-SPECIFIC DEEP-DIVE ANALYSIS
A4: ACCESS
A5: Total Requests | B5: =COUNTIF('2. DSR Request Inventory'!D2:D10000, "Access (Art. 15)*")
A6: Avg Response Time | B6: =AVERAGEIF('2. DSR Request Inventory'!D2:D10000, "Access (Art. 15)*", '2. DSR Request Inventory'!N2:N10000)
A7: SLA Compliance Rate | B7: =IFERROR(COUNTIFS('2. DSR Request Inventory'!D2:D10000, "Access (Art. 15)*", '2. DSR Request Inventory'!O2:O10000, "Met")/COUNTIF('2. DSR Request Inventory'!D2:D10000, "Access (Art. 15)*"), 0)
A8: Rejection Rate | B8: =IFERROR(COUNTIFS('2. DSR Request Inventory'!D2:D10000, "Access (Art. 15)*", '2. DSR Request Inventory'!R2:R10000, "Rejected")/COUNTIF('2. DSR Request Inventory'!D2:D10000, "Access (Art. 15)*"), 0)
A11: RECTIFICATION
A12: Total Requests | B12: =COUNTIF('2. DSR Request Inventory'!D2:D10000, "Rectification (Art. 16)*")
A13: Avg Response Time | B13: =AVERAGEIF('2. DSR Request Inventory'!D2:D10000, "Rectification (Art. 16)*", '2. DSR Request Inventory'!N2:N10000)
A14: SLA Compliance Rate | B14: =IFERROR(COUNTIFS('2. DSR Request Inventory'!D2:D10000, "Rectification (Art. 16)*", '2. DSR Request Inventory'!O2:O10000, "Met")/COUNTIF('2. DSR Request Inventory'!D2:D10000, "Rectification (Art. 16)*"), 0)
A15: Rejection Rate | B15: =IFERROR(COUNTIFS('2. DSR Request Inventory'!D2:D10000, "Rectification (Art. 16)*", '2. DSR Request Inventory'!R2:R10000, "Rejected")/COUNTIF('2. DSR Request Inventory'!D2:D10000, "Rectification (Art. 16)*"), 0)
A18: ERASURE
A19: Total Requests | B19: =COUNTIF('2. DSR Request Inventory'!D2:D10000, "Erasure (Art. 17)*")
A20: Avg Response Time | B20: =AVERAGEIF('2. DSR Request Inventory'!D2:D10000, "Erasure (Art. 17)*", '2. DSR Request Inventory'!N2:N10000)
A21: SLA Compliance Rate | B21: =IFERROR(COUNTIFS('2. DSR Request Inventory'!D2:D10000, "Erasure (Art. 17)*", '2. DSR Request Inventory'!O2:O10000, "Met")/COUNTIF('2. DSR Request Inventory'!D2:D10000, "Erasure (Art. 17)*"), 0)
A22: Rejection Rate | B22: =IFERROR(COUNTIFS('2. DSR Request Inventory'!D2:D10000, "Erasure (Art. 17)*", '2. DSR Request Inventory'!R2:R10000, "Rejected")/COUNTIF('2. DSR Request Inventory'!D2:D10000, "Erasure (Art. 17)*"), 0)
A25: RESTRICTION
A26: Total Requests | B26: =COUNTIF('2. DSR Request Inventory'!D2:D10000, "Restriction (Art. 18)*")
A27: Avg Response Time | B27: =AVERAGEIF('2. DSR Request Inventory'!D2:D10000, "Restriction (Art. 18)*", '2. DSR Request Inventory'!N2:N10000)
A28: SLA Compliance Rate | B28: =IFERROR(COUNTIFS('2. DSR Request Inventory'!D2:D10000, "Restriction (Art. 18)*", '2. DSR Request Inventory'!O2:O10000, "Met")/COUNTIF('2. DSR Request Inventory'!D2:D10000, "Restriction (Art. 18)*"), 0)
A29: Rejection Rate | B29: =IFERROR(COUNTIFS('2. DSR Request Inventory'!D2:D10000, "Restriction (Art. 18)*", '2. DSR Request Inventory'!R2:R10000, "Rejected")/COUNTIF('2. DSR Request Inventory'!D2:D10000, "Restriction (Art. 18)*"), 0)
A32: DATA PORTABILITY
A33: Total Requests | B33: =COUNTIF('2. DSR Request Inventory'!D2:D10000, "Data Portability (Art. 20)*")
A34: Avg Response Time | B34: =AVERAGEIF('2. DSR Request Inventory'!D2:D10000, "Data Portability (Art. 20)*", '2. DSR Request Inventory'!N2:N10000)
A35: SLA Compliance Rate | B35: =IFERROR(COUNTIFS('2. DSR Request Inventory'!D2:D10000, "Data Portability (Art. 20)*", '2. DSR Request Inventory'!O2:O10000, "Met")/COUNTIF('2. DSR Request Inventory'!D2:D10000, "Data Portability (Art. 20)*"), 0)
A36: Rejection Rate | B36: =IFERROR(COUNTIFS('2. DSR Request Inventory'!D2:D10000, "Data Portability (Art. 20)*", '2. DSR Request Inventory'!R2:R10000, "Rejected")/COUNTIF('2. DSR Request Inventory'!D2:D10000, "Data Portability (Art. 20)*"), 0)
A39: OBJECT
A40: Total Requests | B40: =COUNTIF('2. DSR Request Inventory'!D2:D10000, "Object (Art. 21)*")
A41: Avg Response Time | B41: =AVERAGEIF('2. DSR Request Inventory'!D2:D10000, "Object (Art. 21)*", '2. DSR Request Inventory'!N2:N10000)
A42: SLA Compliance Rate | B42: =IFERROR(COUNTIFS('2. DSR Request Inventory'!D2:D10000, "Object (Art. 21)*", '2. DSR Request Inventory'!O2:O10000, "Met")/COUNTIF('2. DSR Request Inventory'!D2:D10000, "Object (Art. 21)*"), 0)
A43: Rejection Rate | B43: =IFERROR(COUNTIFS('2. DSR Request Inventory'!D2:D10000, "Object (Art. 21)*", '2. DSR Request Inventory'!R2:R10000, "Rejected")/COUNTIF('2. DSR Request Inventory'!D2:D10000, "Object (Art. 21)*"), 0)
A46: AUTOMATED DECISION-MAKING
A47: Total Requests | B47: =COUNTIF('2. DSR Request Inventory'!D2:D10000, "Automated Decision-Making (Art. 22)*")
A48: Avg Response Time | B48: =AVERAGEIF('2. DSR Request Inventory'!D2:D10000, "Automated Decision-Making (Art. 22)*", '2. DSR Request Inventory'!N2:N10000)
A49: SLA Compliance Rate | B49: =IFERROR(COUNTIFS('2. DSR Request Inventory'!D2:D10000, "Automated Decision-Making (Art. 22)*", '2. DSR Request Inventory'!O2:O10000, "Met")/COUNTIF('2. DSR Request Inventory'!D2:D10000, "Automated Decision-Making (Art. 22)*"), 0)
A50: Rejection Rate | B50: =IFERROR(COUNTIFS('2. DSR Request Inventory'!D2:D10000, "Automated Decision-Making (Art. 22)*", '2. DSR Request Inventory'!R2:R10000, "Rejected")/COUNTIF('2. DSR Request Inventory'!D2:D10000, "Automated Decision-Making (Art. 22)*"), 0)

Sheet 7. Evidence Repository
A1: Evidence ID | B1: Request ID (Link) | C1: Evidence Type | D1: Description | E1: File Location | F1: Evidence Date | G1: Retention Period (Years) | H1: Verification Status | I1: Notes

Sheet 8. Dashboard
A1: DSR COMPLIANCE DASHBOARD
A2: Generated: 08.02.2026 11:49
A5: REQUEST VOLUME
A6: Total Requests | B6: =COUNTA('2. DSR Request Inventory'!A2:A10000)
A7: Requests by Channel - Email | B7: =COUNTIF('2. DSR Request Inventory'!C2:C10000, "Email")
A8: Requests by Channel - Web Portal | B8: =COUNTIF('2. DSR Request Inventory'!C2:C10000, "Web Portal")
A11: SLA COMPLIANCE
A12: Overall SLA Compliance Rate | B12: ='4. SLA Compliance Tracking'!B9
A13: Average Response Time (Days) | B13: ='4. SLA Compliance Tracking'!B10
A14: SLA Breaches | B14: =COUNTIF('2. DSR Request Inventory'!O2:O10000, "Breached")
A17: REQUEST OUTCOMES
A18: Fulfilled | B18: =COUNTIF('2. DSR Request Inventory'!R2:R10000, "Fulfilled")
A19: Rejected | B19: =COUNTIF('2. DSR Request Inventory'!R2:R10000, "Rejected")
A20: Extended | B20: =COUNTIF('2. DSR Request Inventory'!R2:R10000, "Extended")
A23: EFFORT ANALYSIS
A24: Total Effort (Hours) | B24: =SUM('2. DSR Request Inventory'!W2:W10000)
A25: Average Effort per Request | B25: =AVERAGE('2. DSR Request Inventory'!W2:W10000)
A28: OVERALL DSR COMPLIANCE SCORE
A29: Compliance Score | B29: ='4. SLA Compliance Tracking'!B9

Sheet 9. Approval & Sign-Off
A1: DSR Assessment - Approval and Sign-Off
A4: ASSESSMENT COMPLETION
A5: Assessor Name:
A6: Role:
A7: Completion Date:
A10: STAKEHOLDER REVIEWS
A11: Stakeholder | B11: Name | C11: Date | D11: Approval Status | E11: Comments
A12: Data Protection Officer (DPO)
A13: Legal Counsel
A14: Customer Service Lead
A15: CISO / Chief Privacy Officer
A18: FINAL APPROVAL
A19: Final Approver:
A20: Title:
A21: Approval Date:
A22: Next Review Date: | B22: =DATE(YEAR(B20)+1, MONTH(B20), DAY(B20))
A23: Signature:
