Workbook

Sheet Instructions & Legend
A1: ISMS-IMP-A.5.30.S2 - Redundancy Analysis ISO/IEC 27001:2022 - Control A.5.30: Information Backup
A3: Document Information
A4: Document ID | B4: ISMS-IMP-A.5.30.S2
A5: Workbook Title | B5: Redundancy Analysis
A6: Control Reference | B6: ISO/IEC 27001:2022 - Control A.5.30: Information Backup
A7: Version | B7: 1.0
A8: Assessment Date
A9: Completed By
A10: Organisation
A12: Instructions
A13: 1. Populate the Redundancy Inventory worksheet (document redundancy status for all systems).
A14: 2. Complete the SPOF Register worksheet (identify and track Single Points of Failure).
A15: 3. Assess the RTO Compliance worksheet (compare failover capability vs BIA requirements).
A16: 4. Document evidence in the Evidence Register (minimum 5 items required for audit).
A17: 5. Review the Summary Dashboard for compliance status overview.
A18: 6. Complete the Approval Sign-Off worksheet to obtain formal sign-off.
A20: Status Legend
A21: Symbol | B21: Status | C21: Description
A22: ✓ | B22: Compliant / Complete | C22: Requirement fully met
A23: ⚠ | B23: Partial / In Progress | C23: Partially met or in progress
A24: ✗ | B24: Non-Compliant / Not Started | C24: Requirement not met
A25: — | B25: Not Applicable | C25: Not applicable to this assessment
A27: Acceptable Evidence (examples)
A28: ✓ Redundancy architecture diagrams (Active-Active, Active-Passive, N+1)
A29: ✓ Failover test records with date, system, and RTO achieved
A30: ✓ System monitoring screenshots showing HA/DR status
A31: ✓ Cloud provider multi-region/availability zone configuration
A32: ✓ SPOF remediation tickets and closure evidence
A33: ✓ RTO/RTOs defined in Business Impact Analysis (BIA)
A34: ✓ Vendor SLA documents for critical systems
A35: ✓ Disaster Recovery runbooks and test results

Sheet Redundancy Inventory
A1: REDUNDANCY INVENTORY & STATUS
A2: Document redundancy status for all systems requiring RTO < 4 hours
A4: System Name | B4: Criticality Tier | C4: RTO Requirement (hours) | D4: Redundancy Status | E4: Architecture Type | F4: Failover Type | G4: Geographic Redundancy | H4: Last Failover Test | I4: Test Result | J4: Notes
A5: Mail Server (Example) | B5: Tier 2 - Important | C5: 4 | D5: ⚠ Partial | E5: Active-Passive | F5: Manual | G5: ❌ No | I5: ➖ Not Tested | J5: Sample — replace with actual system data
A58: REDUNDANCY COVERAGE METRICS
A59: Total Systems: | B59: =COUNTA(A6:A55)
A60: Systems with Redundancy: | B60: =COUNTIF(D6:D55,"{CHECK}*")
A61: Redundancy Coverage %: | B61: =IF(B59>0,B60/B59,0)
A62: Critical Systems (RTO < 4h): | B62: =COUNTIFS(B6:B55,"Tier 1*",C6:C55,"<4")
A63: Critical with Redundancy: | B63: =COUNTIFS(B6:B55,"Tier 1*",D6:D55,"{CHECK}*")
A64: Critical Coverage %: | B64: =IF(B62>0,B63/B62,1)

Sheet SPOF Register
A1: SINGLE POINT OF FAILURE (SPOF) REGISTER
A2: Track identified SPOFs and mitigation progress
A4: SPOF ID | B4: System Affected | C4: SPOF Component | D4: SPOF Type | E4: Risk Level | F4: Mitigation Status | G4: Mitigation Plan | H4: Owner | I4: Target Date
A5: SPOF-008 | B5: Database Server (Example) | C5: Single storage array | D5: Storage | E5: [~] High | F5: ⏳ In Progress | G5: Add redundant storage and configure RAID | H5: Storage Admin
A58: SPOF SUMMARY
A59: Total SPOFs Identified: | B59: =COUNTA(B6:B55)
A60: SPOFs Mitigated: | B60: =COUNTIF(F6:F55,"{CHECK}*")
A61: SPOFs In Progress: | B61: =COUNTIF(F6:F55,"⏳*")
A62: Open SPOFs: | B62: =COUNTIF(F6:F55,"{XMARK}*")
A63: Critical Open SPOFs: | B63: =COUNTIFS(E6:E55,"[!]*",F6:F55,"{XMARK}*")
A64: Mitigation Rate: | B64: =IF(B59>0,B60/B59,0)

Sheet RTO Compliance
A1: RTO COMPLIANCE ASSESSMENT
A2: Compare RTO requirements vs actual tested failover time
A4: System Name | B4: Criticality Tier | C4: RTO Requirement (hours) | D4: Actual Failover Time (hours) | E4: RTO Compliant | F4: Gap (hours) | G4: Notes
E5: =IF(AND(ISNUMBER(C5),ISNUMBER(D5)),IF(D5<=C5,"✅ Compliant","❌ Non-Compliant"),"❓ Unknown") | F5: =IF(AND(ISNUMBER(C5),ISNUMBER(D5)),MAX(0,D5-C5),"")
E6: =IF(AND(ISNUMBER(C6),ISNUMBER(D6)),IF(D6<=C6,"✅ Compliant","❌ Non-Compliant"),"❓ Unknown") | F6: =IF(AND(ISNUMBER(C6),ISNUMBER(D6)),MAX(0,D6-C6),"")
E7: =IF(AND(ISNUMBER(C7),ISNUMBER(D7)),IF(D7<=C7,"✅ Compliant","❌ Non-Compliant"),"❓ Unknown") | F7: =IF(AND(ISNUMBER(C7),ISNUMBER(D7)),MAX(0,D7-C7),"")
E8: =IF(AND(ISNUMBER(C8),ISNUMBER(D8)),IF(D8<=C8,"✅ Compliant","❌ Non-Compliant"),"❓ Unknown") | F8: =IF(AND(ISNUMBER(C8),ISNUMBER(D8)),MAX(0,D8-C8),"")
E9: =IF(AND(ISNUMBER(C9),ISNUMBER(D9)),IF(D9<=C9,"✅ Compliant","❌ Non-Compliant"),"❓ Unknown") | F9: =IF(AND(ISNUMBER(C9),ISNUMBER(D9)),MAX(0,D9-C9),"")
E10: =IF(AND(ISNUMBER(C10),ISNUMBER(D10)),IF(D10<=C10,"✅ Compliant","❌ Non-Compliant"),"❓ Unknown") | F10: =IF(AND(ISNUMBER(C10),ISNUMBER(D10)),MAX(0,D10-C10),"")
E11: =IF(AND(ISNUMBER(C11),ISNUMBER(D11)),IF(D11<=C11,"✅ Compliant","❌ Non-Compliant"),"❓ Unknown") | F11: =IF(AND(ISNUMBER(C11),ISNUMBER(D11)),MAX(0,D11-C11),"")
E12: =IF(AND(ISNUMBER(C12),ISNUMBER(D12)),IF(D12<=C12,"✅ Compliant","❌ Non-Compliant"),"❓ Unknown") | F12: =IF(AND(ISNUMBER(C12),ISNUMBER(D12)),MAX(0,D12-C12),"")
E13: =IF(AND(ISNUMBER(C13),ISNUMBER(D13)),IF(D13<=C13,"✅ Compliant","❌ Non-Compliant"),"❓ Unknown") | F13: =IF(AND(ISNUMBER(C13),ISNUMBER(D13)),MAX(0,D13-C13),"")
E14: =IF(AND(ISNUMBER(C14),ISNUMBER(D14)),IF(D14<=C14,"✅ Compliant","❌ Non-Compliant"),"❓ Unknown") | F14: =IF(AND(ISNUMBER(C14),ISNUMBER(D14)),MAX(0,D14-C14),"")
E15: =IF(AND(ISNUMBER(C15),ISNUMBER(D15)),IF(D15<=C15,"✅ Compliant","❌ Non-Compliant"),"❓ Unknown") | F15: =IF(AND(ISNUMBER(C15),ISNUMBER(D15)),MAX(0,D15-C15),"")
E16: =IF(AND(ISNUMBER(C16),ISNUMBER(D16)),IF(D16<=C16,"✅ Compliant","❌ Non-Compliant"),"❓ Unknown") | F16: =IF(AND(ISNUMBER(C16),ISNUMBER(D16)),MAX(0,D16-C16),"")
... E114: =IF(AND(ISNUMBER(C114),ISNUMBER(D114)),IF(D114<=C114,"✅ Compliant","❌ Non-Compliant"),"❓ Unknown") | F114: =IF(AND(ISNUMBER(C114),ISNUMBER(D114)),MAX(0,D114-C114),"")
A118: RTO COMPLIANCE METRICS
A119: Total Systems: | B119: =COUNTA(A5:A114)
A120: Systems Compliant: | B120: =COUNTIF(E5:E114,"✅*")
A121: Systems Non-Compliant: | B121: =COUNTIF(E5:E114,"❌*")
A122: Systems Not Tested: | B122: =COUNTIF(E5:E114,"❓*")
A123: RTO Compliance Rate: | B123: =IF(B119>0,B120/B119,0)
A124: Critical Compliance Rate: | B124: =IF(COUNTIF(B5:B114,"Tier 1*")>0,COUNTIFS(B5:B114,"Tier 1*",E5:E114,"✅*")/COUNTIF(B5:B114,"Tier 1*"),1)

Sheet Evidence Register
A1: EVIDENCE REGISTER
A2: Document all evidence collected during this assessment (minimum 5 items required for audit compliance)
A4: Evidence ID | B4: Assessment Area | C4: Evidence Type | D4: Description | E4: Location / Path | F4: Date Collected | G4: Collected By | H4: Verification Status
A5: EV-001 | B5: Redundancy Inventory | C5: Architecture Diagram | D5: E-Commerce redundancy architecture diagram (Active-Passive configuration) | E5: /evidence/redundancy/ecommerce_architecture.pdf | F5: 07.03.2026 | G5: Solutions Architect | H5: ✅ Verified

Sheet Summary Dashboard
A1: REDUNDANCY ANALYSIS — SUMMARY DASHBOARD
A2: Assessment ID: ISMS-IMP-A.5.30.S2 | Assessment Date: [enter date]
A4: REDUNDANCY COVERAGE
A5: Total Systems: | B5: ='Redundancy Inventory'!B59
A6: Systems with Redundancy: | B6: ='Redundancy Inventory'!B60
A7: Overall Coverage: | B7: ='Redundancy Inventory'!B61
A8: Critical Systems (RTO < 4h): | B8: ='Redundancy Inventory'!B62
A9: Critical with Redundancy: | B9: ='Redundancy Inventory'!B63
A10: Critical Coverage: | B10: ='Redundancy Inventory'!B64
A12: SINGLE POINTS OF FAILURE (SPOF)
A13: Total SPOFs Identified: | B13: ='SPOF Register'!B59
A14: SPOFs Mitigated: | B14: ='SPOF Register'!B60
A15: SPOFs In Progress: | B15: ='SPOF Register'!B61
A16: Open SPOFs: | B16: ='SPOF Register'!B62
A17: Critical Open SPOFs: | B17: ='SPOF Register'!B63
A18: Mitigation Rate: | B18: ='SPOF Register'!B64
A20: RTO COMPLIANCE
A21: Total Systems: | B21: ='RTO Compliance'!B119
A22: Systems Compliant: | B22: ='RTO Compliance'!B120
A23: Systems Non-Compliant: | B23: ='RTO Compliance'!B121
A24: Systems Not Tested: | B24: ='RTO Compliance'!B122
A25: RTO Compliance Rate: | B25: ='RTO Compliance'!B123
A26: Critical Compliance Rate: | B26: ='RTO Compliance'!B124
A28: KEY ACTIONS
A29: • Address [!] Critical Open SPOFs immediately (30-day target)
A30: • Review systems with ❌ None redundancy (especially Tier 1)
A31: • Test all systems marked ➖ Not Tested (failover testing required)
A32: • Address RTO gaps (actual failover time > requirement)
A33: • Target: 100% redundancy for Critical systems (RTO < 4h)
A34: • Document minimum 5 evidence items in Evidence_Register

Sheet Approval Sign-Off
A1: ASSESSMENT APPROVAL AND SIGN-OFF
A2: ISMS-IMP-A.5.30.S2 | ISO/IEC 27001:2022 - Control A.8.14 (Redundancy of Information Processing Facilities)
A3: ASSESSMENT SUMMARY
A4: Document: | B4: ISMS-IMP-A.5.30.S2 - Redundancy Analysis & SPOF Assessment
A5: Assessment Period:
A6: Overall Redundancy Coverage: | B6: ='Summary Dashboard'!B7
A7: Assessment Status:
A8: Assessed By:
A11: COMPLETED BY (ASSESSOR)
A12: Name:
A13: Title:
A14: Date:
A15: Signature:
A16: Comments:
A18: REVIEWED BY (INFORMATION SECURITY OFFICER)
A19: Name:
A20: Title:
A21: Date:
... A38: Special Considerations:
