Workbook

Sheet Instructions & Legend
A1: ISMS-IMP-A.5.30.S1 - Backup Inventory ISO/IEC 27001:2022 - Control A.5.30: Information Backup
A3: Document Information
A4: Document ID | B4: ISMS-IMP-A.5.30.S1
A5: Workbook Title | B5: Backup Inventory
A6: Control Reference | B6: ISO/IEC 27001:2022 - Control A.5.30: Information Backup
A7: Version | B7: 1.0
A8: Assessment Date
A9: Completed By
A10: Organisation
A12: Instructions
A13: 1. Populate the Backup Inventory worksheet (document all systems requiring backup).
A14: 2. Complete the RPO Compliance worksheet (compare BIA requirements vs actual frequency).
A15: 3. Assess the 3-2-1-1-0 Compliance worksheet (evaluate backup architecture).
A16: 4. Document evidence in the Evidence Register (minimum 5 items required for audit).
A17: 5. Review the Summary Dashboard for compliance status overview.
A18: 6. Complete the Approval Sign-Off worksheet to obtain formal sign-off.
A19: 7. Re-assess quarterly to track improvements and maintain compliance.
A21: Status Legend
A22: Symbol | B22: Status | C22: Description
A23: ✓ | B23: Compliant / Complete | C23: Requirement fully met
A24: ⚠ | B24: Partial / In Progress | C24: Partially met or in progress
A25: ✗ | B25: Non-Compliant / Not Started | C25: Requirement not met
A26: — | B26: Not Applicable | C26: Not applicable to this assessment
A28: Acceptable Evidence (examples)
A29: ✓ Backup job configuration screenshots (Veeam, AWS Backup, Azure Backup)
A30: ✓ Backup completion logs and status reports (last 30 days)
A31: ✓ Restore test records with date, system, and outcome
A32: ✓ RPO/RTO definitions from Business Impact Analysis (BIA)
A33: ✓ Cloud storage configuration screenshots (S3 Object Lock, Azure Immutable)
A34: ✓ Offsite backup policy and configuration evidence
A35: ✓ Backup monitoring alerts and notification configuration
A36: ✓ Backup vendor contracts and SLA documents

Sheet Backup Inventory
A1: BACKUP INVENTORY & STATUS
A2: Document backup status for all in-scope systems
A4: System Name | B4: Criticality Tier | C4: Backup Status | D4: Backup Solution | E4: Backup Frequency | F4: Last Backup Date | G4: Offsite Backup | H4: Immutable Backup | I4: Last Test Date | J4: Test Result | K4: Notes
A5: Web Application (Example) | B5: Tier 2 - Important | C5: ✅ Backed Up | D5: Veeam Backup & Replication | E5: Daily | G5: ✅ Yes | H5: ❌ No | J5: ➖ Not Tested | K5: Sample — replace with actual system data
A58: BACKUP COVERAGE METRICS
A59: Total Systems: | B59: =COUNTA(A6:A55)
A60: Systems Backed Up: | B60: =COUNTIF(C6:C55,"✅*")
A61: Backup Coverage %: | B61: =IF(B59>0,B60/B59,0)
A62: Critical Systems (Tier 1): | B62: =COUNTIF(B6:B55,"Tier 1*")
A63: Critical Systems Backed Up: | B63: =COUNTIFS(B6:B55,"Tier 1*",C6:C55,"✅*")
A64: Critical Coverage %: | B64: =IF(B62>0,B63/B62,1)

Sheet RPO Compliance
A1: RPO COMPLIANCE ASSESSMENT
A2: Compare RPO requirements (from BIA) vs actual backup capability
A4: System Name | B4: Criticality Tier | C4: RPO Requirement (hours) | D4: Backup Frequency (hours) | E4: RPO Compliant | F4: Gap (hours) | G4: Notes
E5: =IF(AND(ISNUMBER(C5),ISNUMBER(D5)),IF(D5<=C5,"✅ Compliant","❌ Non-Compliant"),"❓ Unknown") | F5: =IF(AND(ISNUMBER(C5),ISNUMBER(D5)),MAX(0,D5-C5),"")
E6: =IF(AND(ISNUMBER(C6),ISNUMBER(D6)),IF(D6<=C6,"✅ Compliant","❌ Non-Compliant"),"❓ Unknown") | F6: =IF(AND(ISNUMBER(C6),ISNUMBER(D6)),MAX(0,D6-C6),"")
E7: =IF(AND(ISNUMBER(C7),ISNUMBER(D7)),IF(D7<=C7,"✅ Compliant","❌ Non-Compliant"),"❓ Unknown") | F7: =IF(AND(ISNUMBER(C7),ISNUMBER(D7)),MAX(0,D7-C7),"")
E8: =IF(AND(ISNUMBER(C8),ISNUMBER(D8)),IF(D8<=C8,"✅ Compliant","❌ Non-Compliant"),"❓ Unknown") | F8: =IF(AND(ISNUMBER(C8),ISNUMBER(D8)),MAX(0,D8-C8),"")
E9: =IF(AND(ISNUMBER(C9),ISNUMBER(D9)),IF(D9<=C9,"✅ Compliant","❌ Non-Compliant"),"❓ Unknown") | F9: =IF(AND(ISNUMBER(C9),ISNUMBER(D9)),MAX(0,D9-C9),"")
E10: =IF(AND(ISNUMBER(C10),ISNUMBER(D10)),IF(D10<=C10,"✅ Compliant","❌ Non-Compliant"),"❓ Unknown") | F10: =IF(AND(ISNUMBER(C10),ISNUMBER(D10)),MAX(0,D10-C10),"")
E11: =IF(AND(ISNUMBER(C11),ISNUMBER(D11)),IF(D11<=C11,"✅ Compliant","❌ Non-Compliant"),"❓ Unknown") | F11: =IF(AND(ISNUMBER(C11),ISNUMBER(D11)),MAX(0,D11-C11),"")
E12: =IF(AND(ISNUMBER(C12),ISNUMBER(D12)),IF(D12<=C12,"✅ Compliant","❌ Non-Compliant"),"❓ Unknown") | F12: =IF(AND(ISNUMBER(C12),ISNUMBER(D12)),MAX(0,D12-C12),"")
E13: =IF(AND(ISNUMBER(C13),ISNUMBER(D13)),IF(D13<=C13,"✅ Compliant","❌ Non-Compliant"),"❓ Unknown") | F13: =IF(AND(ISNUMBER(C13),ISNUMBER(D13)),MAX(0,D13-C13),"")
E14: =IF(AND(ISNUMBER(C14),ISNUMBER(D14)),IF(D14<=C14,"✅ Compliant","❌ Non-Compliant"),"❓ Unknown") | F14: =IF(AND(ISNUMBER(C14),ISNUMBER(D14)),MAX(0,D14-C14),"")
E15: =IF(AND(ISNUMBER(C15),ISNUMBER(D15)),IF(D15<=C15,"✅ Compliant","❌ Non-Compliant"),"❓ Unknown") | F15: =IF(AND(ISNUMBER(C15),ISNUMBER(D15)),MAX(0,D15-C15),"")
E16: =IF(AND(ISNUMBER(C16),ISNUMBER(D16)),IF(D16<=C16,"✅ Compliant","❌ Non-Compliant"),"❓ Unknown") | F16: =IF(AND(ISNUMBER(C16),ISNUMBER(D16)),MAX(0,D16-C16),"")
... E114: =IF(AND(ISNUMBER(C114),ISNUMBER(D114)),IF(D114<=C114,"✅ Compliant","❌ Non-Compliant"),"❓ Unknown") | F114: =IF(AND(ISNUMBER(C114),ISNUMBER(D114)),MAX(0,D114-C114),"")
A118: RPO COMPLIANCE METRICS
A119: Total Systems: | B119: =COUNTA(A5:A114)
A120: Systems Compliant: | B120: =COUNTIF(E5:E114,"✅*")
A121: Systems Non-Compliant: | B121: =COUNTIF(E5:E114,"❌*")
A122: RPO Compliance Rate: | B122: =IF(B119>0,B120/B119,0)
A123: Critical Systems (Tier 1): | B123: =COUNTIF(B5:B114,"Tier 1*")
A124: Critical Compliant: | B124: =COUNTIFS(B5:B114,"Tier 1*",E5:E114,"✅*")
A125: Critical Compliance Rate: | B125: =IF(B123>0,B124/B123,1)

Sheet 3-2-1-1-0 Compliance
A1: 3-2-1-1-0 BACKUP RULE COMPLIANCE (VEEAM BEST PRACTICE)
A2: 3 copies | 2 media types | 1 offsite | 1 immutable | 0 errors (tested)
A4: System Name | B4: Criticality | C4: 3 Copies | D4: 2 Media Types | E4: 1 Offsite | F4: 1 Immutable | G4: 0 Errors (Tested) | H4: Total Score (0-5) | I4: Compliance Status | J4: Notes
H5: =(IF(C5="✅ Yes",1,0)+IF(D5="✅ Yes",1,0)+IF(E5="✅ Yes",1,0)+IF(F5="✅ Yes",1,0)+IF(G5="✅ Yes",1,0)) | I5: =IF(A5="","",IF(H5=5,"✅✅ Full Compliance",IF(H5>=3,"⚠ Partial ("&TEXT(H5,"0")&"/5)","❌❌ Non-Compliant ("&TEXT(H5,"0")&"/5)")))
H6: =(IF(C6="✅ Yes",1,0)+IF(D6="✅ Yes",1,0)+IF(E6="✅ Yes",1,0)+IF(F6="✅ Yes",1,0)+IF(G6="✅ Yes",1,0)) | I6: =IF(A6="","",IF(H6=5,"✅✅ Full Compliance",IF(H6>=3,"⚠ Partial ("&TEXT(H6,"0")&"/5)","❌❌ Non-Compliant ("&TEXT(H6,"0")&"/5)")))
H7: =(IF(C7="✅ Yes",1,0)+IF(D7="✅ Yes",1,0)+IF(E7="✅ Yes",1,0)+IF(F7="✅ Yes",1,0)+IF(G7="✅ Yes",1,0)) | I7: =IF(A7="","",IF(H7=5,"✅✅ Full Compliance",IF(H7>=3,"⚠ Partial ("&TEXT(H7,"0")&"/5)","❌❌ Non-Compliant ("&TEXT(H7,"0")&"/5)")))
H8: =(IF(C8="✅ Yes",1,0)+IF(D8="✅ Yes",1,0)+IF(E8="✅ Yes",1,0)+IF(F8="✅ Yes",1,0)+IF(G8="✅ Yes",1,0)) | I8: =IF(A8="","",IF(H8=5,"✅✅ Full Compliance",IF(H8>=3,"⚠ Partial ("&TEXT(H8,"0")&"/5)","❌❌ Non-Compliant ("&TEXT(H8,"0")&"/5)")))
H9: =(IF(C9="✅ Yes",1,0)+IF(D9="✅ Yes",1,0)+IF(E9="✅ Yes",1,0)+IF(F9="✅ Yes",1,0)+IF(G9="✅ Yes",1,0)) | I9: =IF(A9="","",IF(H9=5,"✅✅ Full Compliance",IF(H9>=3,"⚠ Partial ("&TEXT(H9,"0")&"/5)","❌❌ Non-Compliant ("&TEXT(H9,"0")&"/5)")))
H10: =(IF(C10="✅ Yes",1,0)+IF(D10="✅ Yes",1,0)+IF(E10="✅ Yes",1,0)+IF(F10="✅ Yes",1,0)+IF(G10="✅ Yes",1,0)) | I10: =IF(A10="","",IF(H10=5,"✅✅ Full Compliance",IF(H10>=3,"⚠ Partial ("&TEXT(H10,"0")&"/5)","❌❌ Non-Compliant ("&TEXT(H10,"0")&"/5)")))
H11: =(IF(C11="✅ Yes",1,0)+IF(D11="✅ Yes",1,0)+IF(E11="✅ Yes",1,0)+IF(F11="✅ Yes",1,0)+IF(G11="✅ Yes",1,0)) | I11: =IF(A11="","",IF(H11=5,"✅✅ Full Compliance",IF(H11>=3,"⚠ Partial ("&TEXT(H11,"0")&"/5)","❌❌ Non-Compliant ("&TEXT(H11,"0")&"/5)")))
H12: =(IF(C12="✅ Yes",1,0)+IF(D12="✅ Yes",1,0)+IF(E12="✅ Yes",1,0)+IF(F12="✅ Yes",1,0)+IF(G12="✅ Yes",1,0)) | I12: =IF(A12="","",IF(H12=5,"✅✅ Full Compliance",IF(H12>=3,"⚠ Partial ("&TEXT(H12,"0")&"/5)","❌❌ Non-Compliant ("&TEXT(H12,"0")&"/5)")))
H13: =(IF(C13="✅ Yes",1,0)+IF(D13="✅ Yes",1,0)+IF(E13="✅ Yes",1,0)+IF(F13="✅ Yes",1,0)+IF(G13="✅ Yes",1,0)) | I13: =IF(A13="","",IF(H13=5,"✅✅ Full Compliance",IF(H13>=3,"⚠ Partial ("&TEXT(H13,"0")&"/5)","❌❌ Non-Compliant ("&TEXT(H13,"0")&"/5)")))
H14: =(IF(C14="✅ Yes",1,0)+IF(D14="✅ Yes",1,0)+IF(E14="✅ Yes",1,0)+IF(F14="✅ Yes",1,0)+IF(G14="✅ Yes",1,0)) | I14: =IF(A14="","",IF(H14=5,"✅✅ Full Compliance",IF(H14>=3,"⚠ Partial ("&TEXT(H14,"0")&"/5)","❌❌ Non-Compliant ("&TEXT(H14,"0")&"/5)")))
H15: =(IF(C15="✅ Yes",1,0)+IF(D15="✅ Yes",1,0)+IF(E15="✅ Yes",1,0)+IF(F15="✅ Yes",1,0)+IF(G15="✅ Yes",1,0)) | I15: =IF(A15="","",IF(H15=5,"✅✅ Full Compliance",IF(H15>=3,"⚠ Partial ("&TEXT(H15,"0")&"/5)","❌❌ Non-Compliant ("&TEXT(H15,"0")&"/5)")))
H16: =(IF(C16="✅ Yes",1,0)+IF(D16="✅ Yes",1,0)+IF(E16="✅ Yes",1,0)+IF(F16="✅ Yes",1,0)+IF(G16="✅ Yes",1,0)) | I16: =IF(A16="","",IF(H16=5,"✅✅ Full Compliance",IF(H16>=3,"⚠ Partial ("&TEXT(H16,"0")&"/5)","❌❌ Non-Compliant ("&TEXT(H16,"0")&"/5)")))
... H114: =(IF(C114="✅ Yes",1,0)+IF(D114="✅ Yes",1,0)+IF(E114="✅ Yes",1,0)+IF(F114="✅ Yes",1,0)+IF(G114="✅ Yes",1,0)) | I114: =IF(A114="","",IF(H114=5,"✅✅ Full Compliance",IF(H114>=3,"⚠ Partial ("&TEXT(H114,"0")&"/5)","❌❌ Non-Compliant ("&TEXT(H114,"0")&"/5)")))
A118: 3-2-1-1-0 COMPLIANCE METRICS
A119: Total Systems: | B119: =COUNTA(A5:A114)
A120: Full Compliance (5/5): | B120: =COUNTIF(I5:I114,"✅✅*")
A121: Partial Compliance (3-4/5): | B121: =COUNTIF(I5:I114,"⚠*")
A122: Non-Compliant (0-2/5): | B122: =COUNTIF(I5:I114,"❌❌*")
A123: Full Compliance Rate: | B123: =IF(B119>0,B120/B119,0)
A124: Critical Systems (Tier 1): | B124: =COUNTIF(B5:B114,"Tier 1*")
A125: Critical Full Compliance: | B125: =COUNTIFS(B5:B114,"Tier 1*",I5:I114,"✅✅*")
A126: Critical Full Compliance Rate: | B126: =IF(B124>0,B125/B124,1)

Sheet Evidence Register
A1: EVIDENCE REGISTER
A2: Document all evidence collected during this assessment (minimum 5 items required for audit compliance)
A4: Evidence ID | B4: Assessment Area | C4: Evidence Type | D4: Description | E4: Location / Path | F4: Date Collected | G4: Collected By | H4: Verification Status
A5: EV-001 | B5: Backup Inventory | C5: Screenshot | D5: Veeam Backup & Replication dashboard showing successful backup jobs | E5: /evidence/backup/veeam_dashboard_2026-01-10.png | F5: 01.03.2026 | G5: Backup Administrator | H5: ✅ Verified

Sheet Summary Dashboard
A1: BACKUP INVENTORY — SUMMARY DASHBOARD
A2: Assessment ID: ISMS-IMP-A.5.30.S1 | Assessment Date: [enter date]
A4: OVERALL BACKUP METRICS
A5: Total Systems Assessed: | B5: ='Backup Inventory'!B59
A6: Systems with Backup: | B6: ='Backup Inventory'!B60
A7: Overall Backup Coverage: | B7: ='Backup Inventory'!B61
A8: Critical Systems (Tier 1): | B8: ='Backup Inventory'!B62
A9: Critical Systems Backed Up: | B9: ='Backup Inventory'!B63
A10: Critical System Coverage: | B10: ='Backup Inventory'!B64
A12: RPO COMPLIANCE (Business Requirements vs Capability)
A13: Total Systems Assessed: | B13: ='RPO Compliance'!B119
A14: Systems RPO Compliant: | B14: ='RPO Compliance'!B120
A15: Systems Non-Compliant: | B15: ='RPO Compliance'!B121
A16: Overall RPO Compliance Rate: | B16: ='RPO Compliance'!B122
A17: Critical Systems (Tier 1): | B17: ='RPO Compliance'!B123
A18: Critical Compliant: | B18: ='RPO Compliance'!B124
A19: Critical RPO Compliance Rate: | B19: ='RPO Compliance'!B125
A21: 3-2-1-1-0 RULE COMPLIANCE (Veeam Best Practice)
A22: Total Systems Assessed: | B22: ='3-2-1-1-0 Compliance'!B119
A23: Full Compliance (5/5): | B23: ='3-2-1-1-0 Compliance'!B120
A24: Partial Compliance (3-4/5): | B24: ='3-2-1-1-0 Compliance'!B121
A25: Non-Compliant (0-2/5): | B25: ='3-2-1-1-0 Compliance'!B122
A26: Full Compliance Rate: | B26: ='3-2-1-1-0 Compliance'!B123
A27: Critical Systems (Tier 1): | B27: ='3-2-1-1-0 Compliance'!B124
A28: Critical Full Compliance: | B28: ='3-2-1-1-0 Compliance'!B125
A29: Critical Full Compliance Rate: | B29: ='3-2-1-1-0 Compliance'!B126
A31: KEY FINDINGS & ACTION ITEMS
A32: • CRITICAL: Review systems with ❌ Not Backed Up status (Backup_Inventory sheet)
A33: • Address RPO gaps where backup frequency > RPO requirement (RPO_Compliance sheet)
A34: • Prioritize Critical systems (Tier 1) for full 3-2-1-1-0 compliance (5/5 score)
A35: • Test all systems marked ➖ Not Tested - restore testing is mandatory
A36: • Implement immutable backups for DORA/NIS2 compliance (Critical systems)
A37: • Document minimum 5 evidence items in Evidence_Register before approval
A38: • Complete Approval_Sign_Off workflow (all 3 levels: Assessor, ISO, CISO)
A39: • Re-assess quarterly to track compliance improvements over time

Sheet Approval Sign-Off
A1: ASSESSMENT APPROVAL AND SIGN-OFF
A2: ISMS-IMP-A.5.30.S1 | ISO/IEC 27001:2022 - Control A.5.30 (Information Backup)
A3: ASSESSMENT SUMMARY
A4: Document: | B4: ISMS-IMP-A.5.30.S1 - Backup Inventory & Coverage Assessment
A5: Assessment Period:
A6: Overall Backup Coverage: | B6: ='Summary Dashboard'!B7
A7: Assessment Status:
A8: Assessed By:
A11: COMPLETED BY (ASSESSOR)
A12: Name:
A13: Title:
A14: Date:
A15: Signature:
A16: Comments:
A18: REVIEWED BY (INFORMATION SECURITY OFFICER)
A19: Name:
A20: Title:
A21: Date:
... A38: Special Considerations:
