Workbook

Sheet Instructions & Legend
A1: ISMS-IMP-A.8.23.4 - Monitoring & Response Assessment ISO/IEC 27001:2022 - Control A.8.23: Web Filtering
A3: Document Information
A4: Document ID | B4: ISMS-IMP-A.8.23.4
A5: Workbook Title | B5: Monitoring & Response Assessment
A6: Control Reference | B6: ISO/IEC 27001:2022 - Control A.8.23: Web Filtering
A7: Version | B7: 1.0
A8: Assessment Date
A9: Completed By
A10: Organisation
A12: Instructions
A13: 1. Navigate through each worksheet tab to assess monitoring and response capabilities.
A14: 2. Use dropdown menus for standardised entries (Status, Severity, Priority).
A15: 3. Fill in yellow-highlighted cells with your organisation-specific information.
A16: 4. Document all log sources, alert rules, dashboards, and incident procedures.
A17: 5. Track false positives and analyse blocked event trends.
A18: 6. Identify gaps in the Gap Analysis sheet with remediation plans.
A19: 7. Link evidence in the Evidence Register for audit traceability.
A20: 8. Obtain required approvals in the Approval Sign-Off sheet.
... A24: Status Legend
A25: Symbol | B25: Status | C25: Description
A26: ✓ | B26: Compliant / Complete | C26: Requirement fully met
A27: ⚠ | B27: Partial / In Progress | C27: Partially met or in progress
A28: ✗ | B28: Non-Compliant / Not Started | C28: Requirement not met
A29: — | B29: Not Applicable | C29: Not applicable to this assessment

Sheet Log Collection
A1: LOG COLLECTION ASSESSMENT
A2: Document all web filtering log sources, collection methods, storage, and retention compliance
A4: SECTION A: LOG SOURCE INVENTORY
A5: Log_Source_ID | B5: Log_Source_Name | C5: Log_Type | D5: Source_System | E5: Collection_Method | F5: Destination | G5: Format | H5: Retention_Days | I5: Retention_Compliant | J5: Volume_Daily | K5: Status | L5: Evidence_Ref | M5: Notes
A6: LOG-001
A58: SECTION B: RETENTION REQUIREMENTS
A59: Requirement_ID | B59: Requirement_Source | C59: Log_Type_Affected | D59: Min_Retention_Days | E59: Current_Retention | F59: Compliant | G59: Notes
A60: RET-001
A73: SECTION C: SUMMARY METRICS
A74: Total log sources configured: | B74: =COUNTA(B6:B56)
A75: Blocked request log sources: | B75: =COUNTIF(C6:C56,"Blocked_Requests")
A76: Sources meeting retention: | B76: =COUNTIF(I6:I56,"Yes")
A77: Retention compliance rate: | B77: =IF(COUNTA(I6:I56)>0,COUNTIF(I6:I56,"Yes")/COUNTA(I6:I56),0)
A78: Implemented sources: | B78: =COUNTIF(K6:K56,"✅ Implemented")
A79: Sources needing attention: | B79: =COUNTIF(K6:K56,"⚠️ Partial")+COUNTIF(K6:K56,"❌ Not Implemented")

Sheet Alert Configuration
A1: ALERT CONFIGURATION ASSESSMENT
A2: Document alerting rules, thresholds, notification methods, and escalation paths
A4: SECTION A: ALERT RULES INVENTORY
A5: Alert_ID | B5: Alert_Name | C5: Alert_Category | D5: Trigger_Condition | E5: Threshold_Value | F5: Severity | G5: Notification_Method | H5: Recipients | I5: Response_SLA_Min | J5: Escalation_Path | K5: Auto_Response | L5: Status | M5: Last_Triggered | N5: Evidence_Ref
A6: ALR-001
A58: SECTION B: ALERT CATEGORIES SUMMARY
A59: Category | B59: Count | C59: Active | D59: Critical_Count | E59: Notes
A60: Threat_Detection | B60: =COUNTIF(C6:C56,"Threat_Detection") | C60: =COUNTIFS(C6:C56,"Threat_Detection",L6:L56,"✅ Implemented") | D60: =COUNTIFS(C6:C56,"Threat_Detection",F6:F56,"Critical")
A61: Policy_Violation | B61: =COUNTIF(C6:C56,"Policy_Violation") | C61: =COUNTIFS(C6:C56,"Policy_Violation",L6:L56,"✅ Implemented") | D61: =COUNTIFS(C6:C56,"Policy_Violation",F6:F56,"Critical")
A62: System_Health | B62: =COUNTIF(C6:C56,"System_Health") | C62: =COUNTIFS(C6:C56,"System_Health",L6:L56,"✅ Implemented") | D62: =COUNTIFS(C6:C56,"System_Health",F6:F56,"Critical")
A63: Threshold_Breach | B63: =COUNTIF(C6:C56,"Threshold_Breach") | C63: =COUNTIFS(C6:C56,"Threshold_Breach",L6:L56,"✅ Implemented") | D63: =COUNTIFS(C6:C56,"Threshold_Breach",F6:F56,"Critical")
A64: Anomaly | B64: =COUNTIF(C6:C56,"Anomaly") | C64: =COUNTIFS(C6:C56,"Anomaly",L6:L56,"✅ Implemented") | D64: =COUNTIFS(C6:C56,"Anomaly",F6:F56,"Critical")
A65: Compliance | B65: =COUNTIF(C6:C56,"Compliance") | C65: =COUNTIFS(C6:C56,"Compliance",L6:L56,"✅ Implemented") | D65: =COUNTIFS(C6:C56,"Compliance",F6:F56,"Critical")
A68: SECTION C: SUMMARY METRICS
A69: Total alert rules configured: | B69: =COUNTA(B6:B56)
A70: Implemented alerts: | B70: =COUNTIF(L6:L56,"✅ Implemented")
A71: Critical severity alerts: | B71: =COUNTIF(F6:F56,"Critical")
A72: High severity alerts: | B72: =COUNTIF(F6:F56,"High")
A73: Alerts with auto-response: | B73: =COUNTIF(K6:K56,"Yes")
A74: Alert coverage score: | B74: =IF(COUNTA(B6:B56)>0,COUNTIF(L6:L56,"✅ Implemented")/COUNTA(B6:B56),0)

Sheet Monitoring Dashboard
A1: MONITORING DASHBOARD ASSESSMENT
A2: Document monitoring dashboards, KPIs tracked, and review frequency
A4: SECTION A: DASHBOARD INVENTORY
A5: Dashboard_ID | B5: Dashboard_Name | C5: Platform | D5: Primary_Audience | E5: Update_Frequency | F5: Review_Frequency | G5: Key_Metrics_Displayed | H5: Alerting_Integrated | I5: Status | J5: Evidence_Ref
A6: DSH-001
A58: SECTION B: KEY PERFORMANCE INDICATORS (KPIs)
A59: KPI_ID | B59: KPI_Name | C59: Category | D59: Measurement_Unit | E59: Target_Value | F59: Current_Value | G59: Trend | H59: Review_Freq | I59: Owner_Role | J59: Status
A60: KPI-001 | B60: Total blocked requests (daily) | C60: Volume | D60: Count
A82: SECTION C: SUMMARY METRICS
A83: Total dashboards configured: | B83: =COUNTA(B6:B56)
A84: Dashboards with alerting: | B84: =COUNTIF(H6:H56,"Yes")
A85: Real-time dashboards: | B85: =COUNTIF(E6:E56,"Real-Time")
A86: KPIs defined: | B86: =COUNTA(B60:B80)
A87: KPIs meeting target: | B87: =COUNTIF(J60:J80,"Met")
A88: KPIs at risk: | B88: =COUNTIF(J60:J80,"At_Risk")+COUNTIF(J60:J80,"Not_Met")

Sheet Incident Response
A1: INCIDENT RESPONSE ASSESSMENT
A2: Document incident categories, SLAs, response procedures, and performance metrics
A4: SECTION A: INCIDENT CATEGORIES & SLAs
A5: Category_ID | B5: Incident_Category | C5: Default_Severity | D5: Response_SLA_Min | E5: Resolution_SLA_Hrs | F5: Escalation_Threshold | G5: Response_Procedure | H5: Owner_Role | I5: Status
A6: CAT-001 | B6: Malware delivery attempt | C6: Critical | D6: 15 | E6: 4
A24: SECTION B: SLA PERFORMANCE (Last 90 Days)
A25: Metric | B25: Target | C25: Actual | D25: Status | E25: Notes
A26: Critical incident response time | B26: <15 min
A27: High incident response time | B27: <30 min
A28: Medium incident response time | B28: <60 min
A29: Low incident response time | B29: <4 hours
A30: Critical resolution time | B30: <4 hours
A31: High resolution time | B31: <8 hours
A32: Medium resolution time | B32: <24 hours
A33: Overall SLA compliance rate | B33: >95%
A34: Mean time to detect (MTTD) | B34: <5 min
A35: Mean time to respond (MTTR) | B35: <30 min
A38: SECTION C: RECENT INCIDENT SUMMARY (Last 20 Incidents)
A39: Incident_ID | B39: Date_Detected | C39: Category | D39: Severity | E39: Response_Time_Min | F39: Resolution_Time_Hrs | G39: SLA_Met | H39: Root_Cause | I39: Lessons_Learned | J39: Evidence_Ref
A40: INC-001

Sheet Blocked Events Analysis
A1: BLOCKED EVENTS ANALYSIS
A2: Analyze patterns, trends, and categories of blocked web filtering events
A4: SECTION A: BLOCKED EVENT CATEGORIES
A5: Category_ID | B5: Block_Category | C5: Events_30_Days | D5: Events_90_Days | E5: Trend | F5: Top_Source | G5: Risk_Level | H5: Action_Required | I5: Notes
A6: BLK-001 | B6: Malware
A28: SECTION B: TOP 10 BLOCKED THREATS (Last 30 Days)
A29: Rank | B29: Threat_Type/URL | C29: Count_30_Days | D29: Percentage | E29: Mitigation_Status | F29: Notes
A30: 1
A31: 2
A32: 3
A33: 4
A34: 5
A35: 6
A36: 7
A37: 8
A38: 9
A39: 10
A42: SECTION C: 6-MONTH TREND ANALYSIS
A43: Month | B43: Total_Blocked | C43: Malware | D43: Phishing | E43: Policy_Violation | F43: Other | G43: Notes
A44: Month-6
A45: Month-5
A46: Month-4
A47: Month-3
A48: Month-2
A49: Current
A52: SECTION D: SUMMARY METRICS
A53: Categories tracked: | B53: =COUNTA(B6:B25)
A54: Categories requiring action: | B54: =COUNTIF(H6:H25,"Yes")
A55: High-risk categories: | B55: =COUNTIF(G6:G25,"Critical")+COUNTIF(G6:G25,"High")
A56: Categories with increasing trend: | B56: =COUNTIF(E6:E25,"Increasing")

Sheet False Positive Mgmt
A1: FALSE POSITIVE MANAGEMENT
A2: Track false positives, tuning actions, and resolution effectiveness
A4: SECTION A: FALSE POSITIVE LOG
A5: FP_ID | B5: Date_Reported | C5: Reported_By | D5: Blocked_URL_Category | E5: Business_Justification | F5: Investigation_Result | G5: Resolution_Action | H5: Resolution_Date | I5: Resolution_Time_Hrs | J5: Recurrence | K5: Status | L5: Evidence_Ref
A6: FP-001
A58: SECTION B: FALSE POSITIVE METRICS
A59: Metric | B59: Value | C59: Target | D59: Status | E59: Notes
A60: Total FPs reported (last 90 days) | B60: =COUNTA(B6:B55) | C60: <50
A61: Average resolution time (hours) | B61: =IFERROR(AVERAGE(I6:I55),"N/A") | C61: <24
A62: Open FPs | B62: =COUNTIF(K6:K55,"Open") | C62: <10
A63: Confirmed FP rate | B63: =IFERROR(COUNTIF(F6:F55,"Confirmed_FP")/COUNTA(F6:F55),"N/A") | C63: >80%
A64: Recurring FP percentage | B64: =IFERROR((COUNTIF(J6:J55,"Recurring")+COUNTIF(J6:J55,"Chronic"))/COUNTA(J6:J55),"N/A") | C64: <10%
A65: FPs escalated | B65: =COUNTIF(K6:K55,"Escalated") | C65: <5
A66: FPs resolved via whitelist | B66: =COUNTIF(G6:G55,"Whitelist") | C66: Monitor
A67: FPs resolved via tuning | B67: =COUNTIF(G6:G55,"Policy_Tuning") | C67: Monitor

Sheet Reporting Schedule
A1: REPORTING SCHEDULE
A2: Document regular reports generated for web filtering operations
A4: SECTION A: REPORT INVENTORY
A5: Report_ID | B5: Report_Name | C5: Report_Type | D5: Frequency | E5: Generation_Method | F5: Distribution_List | G5: Delivery_Method | H5: Content_Summary | I5: Last_Generated | J5: Status | K5: Evidence_Ref
A6: RPT-001 | B6: Daily Threat Summary | C6: Operational | D6: Daily
A28: SECTION B: STAKEHOLDER REPORTING COVERAGE
A29: Stakeholder | B29: Required_Reports | C29: Reports_Received | D29: Coverage_% | E29: Notes
A30: CISO | D30: =IFERROR(C30/B30,0)
A31: IT Management | D31: =IFERROR(C31/B31,0)
A32: Compliance Team | D32: =IFERROR(C32/B32,0)
A33: SOC | D33: =IFERROR(C33/B33,0)
A34: Internal Audit | D34: =IFERROR(C34/B34,0)
A35: External Auditors | D35: =IFERROR(C35/B35,0)
A36: HR | D36: =IFERROR(C36/B36,0)
A37: Legal | D37: =IFERROR(C37/B37,0)
A40: SECTION C: SUMMARY METRICS
A41: Total reports configured: | B41: =COUNTA(B6:B25)
A42: Automated reports: | B42: =COUNTIF(E6:E25,"Automated")
A43: Reports implemented: | B43: =COUNTIF(J6:J25,"✅ Implemented")
A44: Daily reports: | B44: =COUNTIF(D6:D25,"Daily")
A45: Stakeholders with full coverage: | B45: =COUNTIF(D30:D37,">=100%")

Sheet Gap Analysis
A1: GAP ANALYSIS - MONITORING & RESPONSE
A2: Identify and prioritize monitoring and incident response gaps for remediation
A4: GAP REGISTER
A5: Gap ID | B5: Gap Category | C5: Gap Description | D5: Current State | E5: Target State | F5: Risk Impact | G5: Affected Systems | H5: Remediation Action | I5: Owner | J5: Target Date | K5: Status | L5: Priority | M5: Evidence Ref
A6: GAP4-001
A38: SUMMARY METRICS
A39: Total gaps identified: | B39: =COUNTA(C6:C36)
A40: Critical gaps: | B40: =COUNTIF(F6:F36,"Critical")
A41: High gaps: | B41: =COUNTIF(F6:F36,"High")
A42: Open gaps: | B42: =COUNTIF(K6:K36,"○ Open")
A43: In Progress gaps: | B43: =COUNTIF(K6:K36,"⟳ In Progress")
A44: Resolved gaps: | B44: =COUNTIF(K6:K36,"✅ Resolved")
A45: Gaps past target date: | B45: =COUNTIFS(K6:K36,"<>✅ Resolved",J6:J36,"<"&TODAY())
A48: GAP CATEGORIES BREAKDOWN
A49: Category | B49: Count | C49: Open | D49: Critical/High
A50: Logging | B50: =COUNTIF(B6:B36,"Logging") | C50: =COUNTIFS(B6:B36,"Logging",K6:K36,"○ Open") | D50: =COUNTIFS(B6:B36,"Logging",F6:F36,"Critical")+COUNTIFS(B6:B36,"Logging",F6:F36,"High")
A51: Alerting | B51: =COUNTIF(B6:B36,"Alerting") | C51: =COUNTIFS(B6:B36,"Alerting",K6:K36,"○ Open") | D51: =COUNTIFS(B6:B36,"Alerting",F6:F36,"Critical")+COUNTIFS(B6:B36,"Alerting",F6:F36,"High")
A52: Monitoring | B52: =COUNTIF(B6:B36,"Monitoring") | C52: =COUNTIFS(B6:B36,"Monitoring",K6:K36,"○ Open") | D52: =COUNTIFS(B6:B36,"Monitoring",F6:F36,"Critical")+COUNTIFS(B6:B36,"Monitoring",F6:F36,"High")
A53: Incident_Response | B53: =COUNTIF(B6:B36,"Incident_Response") | C53: =COUNTIFS(B6:B36,"Incident_Response",K6:K36,"○ Open") | D53: =COUNTIFS(B6:B36,"Incident_Response",F6:F36,"Critical")+COUNTIFS(B6:B36,"Incident_Response",F6:F36,"High")
A54: Reporting | B54: =COUNTIF(B6:B36,"Reporting") | C54: =COUNTIFS(B6:B36,"Reporting",K6:K36,"○ Open") | D54: =COUNTIFS(B6:B36,"Reporting",F6:F36,"Critical")+COUNTIFS(B6:B36,"Reporting",F6:F36,"High")
A55: Integration | B55: =COUNTIF(B6:B36,"Integration") | C55: =COUNTIFS(B6:B36,"Integration",K6:K36,"○ Open") | D55: =COUNTIFS(B6:B36,"Integration",F6:F36,"Critical")+COUNTIFS(B6:B36,"Integration",F6:F36,"High")
A56: Retention | B56: =COUNTIF(B6:B36,"Retention") | C56: =COUNTIFS(B6:B36,"Retention",K6:K36,"○ Open") | D56: =COUNTIFS(B6:B36,"Retention",F6:F36,"Critical")+COUNTIFS(B6:B36,"Retention",F6:F36,"High")
A57: Process | B57: =COUNTIF(B6:B36,"Process") | C57: =COUNTIFS(B6:B36,"Process",K6:K36,"○ Open") | D57: =COUNTIFS(B6:B36,"Process",F6:F36,"Critical")+COUNTIFS(B6:B36,"Process",F6:F36,"High")

Sheet Evidence Register
A1: EVIDENCE REGISTER
A2: List all evidence files/documents referenced in this assessment (audit traceability).
A4: Evidence ID | B4: Assessment Area | C4: Evidence Type | D4: Description | E4: Location/Path | F4: Date Collected | G4: Collected By | H4: Verification Status
A5: EV-001 | B5: Web Filtering Monitoring & Response | C5: Configuration file | D5: Log collection configuration and alert rule export from SIEM | E5: /evidence/A.8.23/monitoring-config.json | F5: 15.01.2026 | G5: Assessor Name | H5: ✅ Verified

Sheet Summary Dashboard
A1: MONITORING & RESPONSE ASSESSMENT — SUMMARY DASHBOARD
A2: ISO/IEC 27001:2022 - Control A.8.23: Web Filtering
A4: TABLE 1: ASSESSMENT AREA COMPLIANCE OVERVIEW
A5: Assessment Area | B5: Total Items | C5: Compliant | D5: Partial | E5: Non-Compliant | F5: N/A | G5: Compliance %
A6: Log Collection | B6: =C6+D6+E6+F6 | C6: =COUNTIF('Log Collection'!K6:K56,"✅ Implemented") | D6: =COUNTIF('Log Collection'!K6:K56,"⚠️ Partial") | E6: =COUNTIF('Log Collection'!K6:K56,"❌ Not Implemented")+COUNTIF('Log Collection'!K6:K56,"⟳ Planned") | F6: =COUNTIF('Log Collection'!K6:K56,"N/A") | G6: =IF((B6-F6)=0,0,C6/(B6-F6))
A7: Alert Configuration | B7: =C7+D7+E7+F7 | C7: =COUNTIF('Alert Configuration'!L6:L56,"✅ Implemented") | D7: =COUNTIF('Alert Configuration'!L6:L56,"⚠️ Partial") | E7: =COUNTIF('Alert Configuration'!L6:L56,"❌ Not Implemented")+COUNTIF('Alert Configuration'!L6:L56,"⟳ Planned") | F7: =COUNTIF('Alert Configuration'!L6:L56,"N/A") | G7: =IF((B7-F7)=0,0,C7/(B7-F7))
A8: Open Monitoring Gaps | B8: =C8+D8+E8+F8 | C8: =COUNTIF('Gap Analysis'!K6:K36,"✅ Resolved")+COUNTIF('Gap Analysis'!K6:K36,"⚠️ Accepted") | D8: =COUNTIF('Gap Analysis'!K6:K36,"⟳ In Progress") | E8: =COUNTIF('Gap Analysis'!K6:K36,"○ Open") | F8: =COUNTIF('Gap Analysis'!K6:K36,"⏳ Deferred") | G8: =IF((B8-F8)=0,0,C8/(B8-F8))
A9: TOTAL | B9: =SUM(B6:B8) | C9: =SUM(C6:C8) | D9: =SUM(D6:D8) | E9: =SUM(E6:E8) | F9: =SUM(F6:F8) | G9: =IF((B9-F9)=0,0,C9/(B9-F9))
A12: TABLE 2: KEY METRICS
A13: Metric | B13: Count
A14: Log Sources ✅ Implemented | B14: =COUNTIF('Log Collection'!K6:K56,"✅ Implemented")
A15: Log Sources ❌ Not Implemented / ⟳ Planned | B15: =COUNTIF('Log Collection'!K6:K56,"❌ Not Implemented")+COUNTIF('Log Collection'!K6:K56,"⟳ Planned")
A16: Alert Rules ✅ Implemented | B16: =COUNTIF('Alert Configuration'!L6:L56,"✅ Implemented")
A17: Alert Rules ❌ Not Implemented / ⟳ Planned | B17: =COUNTIF('Alert Configuration'!L6:L56,"❌ Not Implemented")+COUNTIF('Alert Configuration'!L6:L56,"⟳ Planned")
A18: Monitoring Gaps ○ Open | B18: =COUNTIF('Gap Analysis'!K6:K36,"○ Open")
A19: Monitoring Gaps ⟳ In Progress | B19: =COUNTIF('Gap Analysis'!K6:K36,"⟳ In Progress")
A20: Monitoring Gaps ✅ Resolved / ⚠️ Accepted | B20: =COUNTIF('Gap Analysis'!K6:K36,"✅ Resolved")+COUNTIF('Gap Analysis'!K6:K36,"⚠️ Accepted")
A21: Monitoring Gaps ⏳ Deferred | B21: =COUNTIF('Gap Analysis'!K6:K36,"⏳ Deferred")
A22: Dashboard Sources ✅ Implemented | B22: =COUNTIF('Monitoring Dashboard'!I6:I80,"✅ Implemented")
A23: Dashboard Sources ❌ Not Configured / ⟳ Planned | B23: =COUNTIF('Monitoring Dashboard'!I6:I80,"❌ Not Implemented")+COUNTIF('Monitoring Dashboard'!I6:I80,"⟳ Planned")
A24: IR Procedures ✅ Documented | B24: =COUNTIF('Incident Response'!I6:I60,"✅ Implemented")
A25: IR Procedures ❌ Not Documented / ⟳ Planned | B25: =COUNTIF('Incident Response'!I6:I60,"❌ Not Implemented")+COUNTIF('Incident Response'!I6:I60,"⟳ Planned")
A26: Blocked Event Categories Requiring Action | B26: =COUNTIF('Blocked Events Analysis'!H6:H49,"Yes")
A27: False Positives Open / Escalated | B27: =COUNTIF('False Positive Mgmt'!K6:K67,"Open")+COUNTIF('False Positive Mgmt'!K6:K67,"Escalated")
A28: False Positives Resolved | B28: =COUNTIF('False Positive Mgmt'!K6:K67,"Resolved")
A31: TABLE 3: CRITICAL FINDINGS & OPEN GAPS
A32: Gap ID | B32: Gap Category | C32: Gap Description | D32: Risk Level | E32: Owner | F32: Target Date | G32: Status
A33: =IFERROR(INDEX('Gap Analysis'!A$6:A$36,SMALL(IF('Gap Analysis'!K$6:K$36="○ Open",ROW('Gap Analysis'!K$6:K$36)-ROW('Gap Analysis'!K$6)+1),1)),"") | B33: =IFERROR(INDEX('Gap Analysis'!B$6:B$36,SMALL(IF('Gap Analysis'!K$6:K$36="○ Open",ROW('Gap Analysis'!K$6:K$36)-ROW('Gap Analysis'!K$6)+1),1)),"") | C33: =IFERROR(INDEX('Gap Analysis'!C$6:C$36,SMALL(IF('Gap Analysis'!K$6:K$36="○ Open",ROW('Gap Analysis'!K$6:K$36)-ROW('Gap Analysis'!K$6)+1),1)),"") | D33: =IFERROR(INDEX('Gap Analysis'!F$6:F$36,SMALL(IF('Gap Analysis'!K$6:K$36="○ Open",ROW('Gap Analysis'!K$6:K$36)-ROW('Gap Analysis'!K$6)+1),1)),"") | E33: =IFERROR(INDEX('Gap Analysis'!I$6:I$36,SMALL(IF('Gap Analysis'!K$6:K$36="○ Open",ROW('Gap Analysis'!K$6:K$36)-ROW('Gap Analysis'!K$6)+1),1)),"") | F33: =IFERROR(INDEX('Gap Analysis'!J$6:J$36,SMALL(IF('Gap Analysis'!K$6:K$36="○ Open",ROW('Gap Analysis'!K$6:K$36)-ROW('Gap Analysis'!K$6)+1),1)),"") | G33: =IFERROR(INDEX('Gap Analysis'!K$6:K$36,SMALL(IF('Gap Analysis'!K$6:K$36="○ Open",ROW('Gap Analysis'!K$6:K$36)-ROW('Gap Analysis'!K$6)+1),1)),"")
A34: =IFERROR(INDEX('Gap Analysis'!A$6:A$36,SMALL(IF('Gap Analysis'!K$6:K$36="○ Open",ROW('Gap Analysis'!K$6:K$36)-ROW('Gap Analysis'!K$6)+1),2)),"") | B34: =IFERROR(INDEX('Gap Analysis'!B$6:B$36,SMALL(IF('Gap Analysis'!K$6:K$36="○ Open",ROW('Gap Analysis'!K$6:K$36)-ROW('Gap Analysis'!K$6)+1),2)),"") | C34: =IFERROR(INDEX('Gap Analysis'!C$6:C$36,SMALL(IF('Gap Analysis'!K$6:K$36="○ Open",ROW('Gap Analysis'!K$6:K$36)-ROW('Gap Analysis'!K$6)+1),2)),"") | D34: =IFERROR(INDEX('Gap Analysis'!F$6:F$36,SMALL(IF('Gap Analysis'!K$6:K$36="○ Open",ROW('Gap Analysis'!K$6:K$36)-ROW('Gap Analysis'!K$6)+1),2)),"") | E34: =IFERROR(INDEX('Gap Analysis'!I$6:I$36,SMALL(IF('Gap Analysis'!K$6:K$36="○ Open",ROW('Gap Analysis'!K$6:K$36)-ROW('Gap Analysis'!K$6)+1),2)),"") | F34: =IFERROR(INDEX('Gap Analysis'!J$6:J$36,SMALL(IF('Gap Analysis'!K$6:K$36="○ Open",ROW('Gap Analysis'!K$6:K$36)-ROW('Gap Analysis'!K$6)+1),2)),"") | G34: =IFERROR(INDEX('Gap Analysis'!K$6:K$36,SMALL(IF('Gap Analysis'!K$6:K$36="○ Open",ROW('Gap Analysis'!K$6:K$36)-ROW('Gap Analysis'!K$6)+1),2)),"")
A35: =IFERROR(INDEX('Gap Analysis'!A$6:A$36,SMALL(IF('Gap Analysis'!K$6:K$36="○ Open",ROW('Gap Analysis'!K$6:K$36)-ROW('Gap Analysis'!K$6)+1),3)),"") | B35: =IFERROR(INDEX('Gap Analysis'!B$6:B$36,SMALL(IF('Gap Analysis'!K$6:K$36="○ Open",ROW('Gap Analysis'!K$6:K$36)-ROW('Gap Analysis'!K$6)+1),3)),"") | C35: =IFERROR(INDEX('Gap Analysis'!C$6:C$36,SMALL(IF('Gap Analysis'!K$6:K$36="○ Open",ROW('Gap Analysis'!K$6:K$36)-ROW('Gap Analysis'!K$6)+1),3)),"") | D35: =IFERROR(INDEX('Gap Analysis'!F$6:F$36,SMALL(IF('Gap Analysis'!K$6:K$36="○ Open",ROW('Gap Analysis'!K$6:K$36)-ROW('Gap Analysis'!K$6)+1),3)),"") | E35: =IFERROR(INDEX('Gap Analysis'!I$6:I$36,SMALL(IF('Gap Analysis'!K$6:K$36="○ Open",ROW('Gap Analysis'!K$6:K$36)-ROW('Gap Analysis'!K$6)+1),3)),"") | F35: =IFERROR(INDEX('Gap Analysis'!J$6:J$36,SMALL(IF('Gap Analysis'!K$6:K$36="○ Open",ROW('Gap Analysis'!K$6:K$36)-ROW('Gap Analysis'!K$6)+1),3)),"") | G35: =IFERROR(INDEX('Gap Analysis'!K$6:K$36,SMALL(IF('Gap Analysis'!K$6:K$36="○ Open",ROW('Gap Analysis'!K$6:K$36)-ROW('Gap Analysis'!K$6)+1),3)),"")
A36: =IFERROR(INDEX('Gap Analysis'!A$6:A$36,SMALL(IF('Gap Analysis'!K$6:K$36="○ Open",ROW('Gap Analysis'!K$6:K$36)-ROW('Gap Analysis'!K$6)+1),4)),"") | B36: =IFERROR(INDEX('Gap Analysis'!B$6:B$36,SMALL(IF('Gap Analysis'!K$6:K$36="○ Open",ROW('Gap Analysis'!K$6:K$36)-ROW('Gap Analysis'!K$6)+1),4)),"") | C36: =IFERROR(INDEX('Gap Analysis'!C$6:C$36,SMALL(IF('Gap Analysis'!K$6:K$36="○ Open",ROW('Gap Analysis'!K$6:K$36)-ROW('Gap Analysis'!K$6)+1),4)),"") | D36: =IFERROR(INDEX('Gap Analysis'!F$6:F$36,SMALL(IF('Gap Analysis'!K$6:K$36="○ Open",ROW('Gap Analysis'!K$6:K$36)-ROW('Gap Analysis'!K$6)+1),4)),"") | E36: =IFERROR(INDEX('Gap Analysis'!I$6:I$36,SMALL(IF('Gap Analysis'!K$6:K$36="○ Open",ROW('Gap Analysis'!K$6:K$36)-ROW('Gap Analysis'!K$6)+1),4)),"") | F36: =IFERROR(INDEX('Gap Analysis'!J$6:J$36,SMALL(IF('Gap Analysis'!K$6:K$36="○ Open",ROW('Gap Analysis'!K$6:K$36)-ROW('Gap Analysis'!K$6)+1),4)),"") | G36: =IFERROR(INDEX('Gap Analysis'!K$6:K$36,SMALL(IF('Gap Analysis'!K$6:K$36="○ Open",ROW('Gap Analysis'!K$6:K$36)-ROW('Gap Analysis'!K$6)+1),4)),"")
A37: =IFERROR(INDEX('Gap Analysis'!A$6:A$36,SMALL(IF('Gap Analysis'!K$6:K$36="○ Open",ROW('Gap Analysis'!K$6:K$36)-ROW('Gap Analysis'!K$6)+1),5)),"") | B37: =IFERROR(INDEX('Gap Analysis'!B$6:B$36,SMALL(IF('Gap Analysis'!K$6:K$36="○ Open",ROW('Gap Analysis'!K$6:K$36)-ROW('Gap Analysis'!K$6)+1),5)),"") | C37: =IFERROR(INDEX('Gap Analysis'!C$6:C$36,SMALL(IF('Gap Analysis'!K$6:K$36="○ Open",ROW('Gap Analysis'!K$6:K$36)-ROW('Gap Analysis'!K$6)+1),5)),"") | D37: =IFERROR(INDEX('Gap Analysis'!F$6:F$36,SMALL(IF('Gap Analysis'!K$6:K$36="○ Open",ROW('Gap Analysis'!K$6:K$36)-ROW('Gap Analysis'!K$6)+1),5)),"") | E37: =IFERROR(INDEX('Gap Analysis'!I$6:I$36,SMALL(IF('Gap Analysis'!K$6:K$36="○ Open",ROW('Gap Analysis'!K$6:K$36)-ROW('Gap Analysis'!K$6)+1),5)),"") | F37: =IFERROR(INDEX('Gap Analysis'!J$6:J$36,SMALL(IF('Gap Analysis'!K$6:K$36="○ Open",ROW('Gap Analysis'!K$6:K$36)-ROW('Gap Analysis'!K$6)+1),5)),"") | G37: =IFERROR(INDEX('Gap Analysis'!K$6:K$36,SMALL(IF('Gap Analysis'!K$6:K$36="○ Open",ROW('Gap Analysis'!K$6:K$36)-ROW('Gap Analysis'!K$6)+1),5)),"")
A38: =IFERROR(INDEX('Gap Analysis'!A$6:A$36,SMALL(IF('Gap Analysis'!K$6:K$36="○ Open",ROW('Gap Analysis'!K$6:K$36)-ROW('Gap Analysis'!K$6)+1),6)),"") | B38: =IFERROR(INDEX('Gap Analysis'!B$6:B$36,SMALL(IF('Gap Analysis'!K$6:K$36="○ Open",ROW('Gap Analysis'!K$6:K$36)-ROW('Gap Analysis'!K$6)+1),6)),"") | C38: =IFERROR(INDEX('Gap Analysis'!C$6:C$36,SMALL(IF('Gap Analysis'!K$6:K$36="○ Open",ROW('Gap Analysis'!K$6:K$36)-ROW('Gap Analysis'!K$6)+1),6)),"") | D38: =IFERROR(INDEX('Gap Analysis'!F$6:F$36,SMALL(IF('Gap Analysis'!K$6:K$36="○ Open",ROW('Gap Analysis'!K$6:K$36)-ROW('Gap Analysis'!K$6)+1),6)),"") | E38: =IFERROR(INDEX('Gap Analysis'!I$6:I$36,SMALL(IF('Gap Analysis'!K$6:K$36="○ Open",ROW('Gap Analysis'!K$6:K$36)-ROW('Gap Analysis'!K$6)+1),6)),"") | F38: =IFERROR(INDEX('Gap Analysis'!J$6:J$36,SMALL(IF('Gap Analysis'!K$6:K$36="○ Open",ROW('Gap Analysis'!K$6:K$36)-ROW('Gap Analysis'!K$6)+1),6)),"") | G38: =IFERROR(INDEX('Gap Analysis'!K$6:K$36,SMALL(IF('Gap Analysis'!K$6:K$36="○ Open",ROW('Gap Analysis'!K$6:K$36)-ROW('Gap Analysis'!K$6)+1),6)),"")
A39: =IFERROR(INDEX('Gap Analysis'!A$6:A$36,SMALL(IF('Gap Analysis'!K$6:K$36="○ Open",ROW('Gap Analysis'!K$6:K$36)-ROW('Gap Analysis'!K$6)+1),7)),"") | B39: =IFERROR(INDEX('Gap Analysis'!B$6:B$36,SMALL(IF('Gap Analysis'!K$6:K$36="○ Open",ROW('Gap Analysis'!K$6:K$36)-ROW('Gap Analysis'!K$6)+1),7)),"") | C39: =IFERROR(INDEX('Gap Analysis'!C$6:C$36,SMALL(IF('Gap Analysis'!K$6:K$36="○ Open",ROW('Gap Analysis'!K$6:K$36)-ROW('Gap Analysis'!K$6)+1),7)),"") | D39: =IFERROR(INDEX('Gap Analysis'!F$6:F$36,SMALL(IF('Gap Analysis'!K$6:K$36="○ Open",ROW('Gap Analysis'!K$6:K$36)-ROW('Gap Analysis'!K$6)+1),7)),"") | E39: =IFERROR(INDEX('Gap Analysis'!I$6:I$36,SMALL(IF('Gap Analysis'!K$6:K$36="○ Open",ROW('Gap Analysis'!K$6:K$36)-ROW('Gap Analysis'!K$6)+1),7)),"") | F39: =IFERROR(INDEX('Gap Analysis'!J$6:J$36,SMALL(IF('Gap Analysis'!K$6:K$36="○ Open",ROW('Gap Analysis'!K$6:K$36)-ROW('Gap Analysis'!K$6)+1),7)),"") | G39: =IFERROR(INDEX('Gap Analysis'!K$6:K$36,SMALL(IF('Gap Analysis'!K$6:K$36="○ Open",ROW('Gap Analysis'!K$6:K$36)-ROW('Gap Analysis'!K$6)+1),7)),"")
A40: =IFERROR(INDEX('Gap Analysis'!A$6:A$36,SMALL(IF('Gap Analysis'!K$6:K$36="○ Open",ROW('Gap Analysis'!K$6:K$36)-ROW('Gap Analysis'!K$6)+1),8)),"") | B40: =IFERROR(INDEX('Gap Analysis'!B$6:B$36,SMALL(IF('Gap Analysis'!K$6:K$36="○ Open",ROW('Gap Analysis'!K$6:K$36)-ROW('Gap Analysis'!K$6)+1),8)),"") | C40: =IFERROR(INDEX('Gap Analysis'!C$6:C$36,SMALL(IF('Gap Analysis'!K$6:K$36="○ Open",ROW('Gap Analysis'!K$6:K$36)-ROW('Gap Analysis'!K$6)+1),8)),"") | D40: =IFERROR(INDEX('Gap Analysis'!F$6:F$36,SMALL(IF('Gap Analysis'!K$6:K$36="○ Open",ROW('Gap Analysis'!K$6:K$36)-ROW('Gap Analysis'!K$6)+1),8)),"") | E40: =IFERROR(INDEX('Gap Analysis'!I$6:I$36,SMALL(IF('Gap Analysis'!K$6:K$36="○ Open",ROW('Gap Analysis'!K$6:K$36)-ROW('Gap Analysis'!K$6)+1),8)),"") | F40: =IFERROR(INDEX('Gap Analysis'!J$6:J$36,SMALL(IF('Gap Analysis'!K$6:K$36="○ Open",ROW('Gap Analysis'!K$6:K$36)-ROW('Gap Analysis'!K$6)+1),8)),"") | G40: =IFERROR(INDEX('Gap Analysis'!K$6:K$36,SMALL(IF('Gap Analysis'!K$6:K$36="○ Open",ROW('Gap Analysis'!K$6:K$36)-ROW('Gap Analysis'!K$6)+1),8)),"")
A41: =IFERROR(INDEX('Gap Analysis'!A$6:A$36,SMALL(IF('Gap Analysis'!K$6:K$36="○ Open",ROW('Gap Analysis'!K$6:K$36)-ROW('Gap Analysis'!K$6)+1),9)),"") | B41: =IFERROR(INDEX('Gap Analysis'!B$6:B$36,SMALL(IF('Gap Analysis'!K$6:K$36="○ Open",ROW('Gap Analysis'!K$6:K$36)-ROW('Gap Analysis'!K$6)+1),9)),"") | C41: =IFERROR(INDEX('Gap Analysis'!C$6:C$36,SMALL(IF('Gap Analysis'!K$6:K$36="○ Open",ROW('Gap Analysis'!K$6:K$36)-ROW('Gap Analysis'!K$6)+1),9)),"") | D41: =IFERROR(INDEX('Gap Analysis'!F$6:F$36,SMALL(IF('Gap Analysis'!K$6:K$36="○ Open",ROW('Gap Analysis'!K$6:K$36)-ROW('Gap Analysis'!K$6)+1),9)),"") | E41: =IFERROR(INDEX('Gap Analysis'!I$6:I$36,SMALL(IF('Gap Analysis'!K$6:K$36="○ Open",ROW('Gap Analysis'!K$6:K$36)-ROW('Gap Analysis'!K$6)+1),9)),"") | F41: =IFERROR(INDEX('Gap Analysis'!J$6:J$36,SMALL(IF('Gap Analysis'!K$6:K$36="○ Open",ROW('Gap Analysis'!K$6:K$36)-ROW('Gap Analysis'!K$6)+1),9)),"") | G41: =IFERROR(INDEX('Gap Analysis'!K$6:K$36,SMALL(IF('Gap Analysis'!K$6:K$36="○ Open",ROW('Gap Analysis'!K$6:K$36)-ROW('Gap Analysis'!K$6)+1),9)),"")
A42: =IFERROR(INDEX('Gap Analysis'!A$6:A$36,SMALL(IF('Gap Analysis'!K$6:K$36="○ Open",ROW('Gap Analysis'!K$6:K$36)-ROW('Gap Analysis'!K$6)+1),10)),"") | B42: =IFERROR(INDEX('Gap Analysis'!B$6:B$36,SMALL(IF('Gap Analysis'!K$6:K$36="○ Open",ROW('Gap Analysis'!K$6:K$36)-ROW('Gap Analysis'!K$6)+1),10)),"") | C42: =IFERROR(INDEX('Gap Analysis'!C$6:C$36,SMALL(IF('Gap Analysis'!K$6:K$36="○ Open",ROW('Gap Analysis'!K$6:K$36)-ROW('Gap Analysis'!K$6)+1),10)),"") | D42: =IFERROR(INDEX('Gap Analysis'!F$6:F$36,SMALL(IF('Gap Analysis'!K$6:K$36="○ Open",ROW('Gap Analysis'!K$6:K$36)-ROW('Gap Analysis'!K$6)+1),10)),"") | E42: =IFERROR(INDEX('Gap Analysis'!I$6:I$36,SMALL(IF('Gap Analysis'!K$6:K$36="○ Open",ROW('Gap Analysis'!K$6:K$36)-ROW('Gap Analysis'!K$6)+1),10)),"") | F42: =IFERROR(INDEX('Gap Analysis'!J$6:J$36,SMALL(IF('Gap Analysis'!K$6:K$36="○ Open",ROW('Gap Analysis'!K$6:K$36)-ROW('Gap Analysis'!K$6)+1),10)),"") | G42: =IFERROR(INDEX('Gap Analysis'!K$6:K$36,SMALL(IF('Gap Analysis'!K$6:K$36="○ Open",ROW('Gap Analysis'!K$6:K$36)-ROW('Gap Analysis'!K$6)+1),10)),"")

Sheet Approval Sign-Off
A1: ASSESSMENT APPROVAL AND SIGN-OFF
A2: ISO/IEC 27001:2022 - Control A.8.23: Web Filtering
A3: ASSESSMENT SUMMARY
A4: Document: | B4: ISMS-IMP-A.8.23.4 - Monitoring & Response Assessment
A5: Assessment Period:
A6: Overall Compliance Rating: | B6: ='Summary Dashboard'!G9
A7: Assessment Status:
A8: Assessed By:
A11: COMPLETED BY (ASSESSOR)
A12: Name:
A13: Title:
A14: Date:
A15: Signature:
A16: Comments:
A18: REVIEWED BY (INFORMATION SECURITY OFFICER)
A19: Name:
A20: Title:
A21: Date:
... A38: Special Considerations:
