Workbook

Sheet Instructions & Legend
A1: ISMS-IMP-A.8.23.2 - Network Coverage Assessment ISO/IEC 27001:2022 - Control A.8.23: Web Filtering
A3: Document Information
A4: Document ID | B4: ISMS-IMP-A.8.23.2
A5: Workbook Title | B5: Network Coverage Assessment
A6: Control Reference | B6: ISO/IEC 27001:2022 - Control A.8.23: Web Filtering
A7: Version | B7: 1.0
A8: Assessment Date
A9: Completed By
A10: Organisation
A12: Instructions
A13: 1. Complete the Network Segment Inventory for every segment in your environment.
A14: 2. Document your specific network architecture (office LANs, WLANs, VPN, cloud endpoints, etc.).
A15: 3. Map filtering solutions to network segments in the Coverage Matrix.
A16: 4. Calculate coverage percentages and identify gaps in the Gap Analysis sheet.
A17: 5. Document any devices or segments exempt from filtering in the Exemption Register.
A18: 6. Perform technical verification tests and record results in Coverage Verification.
A19: 7. Track all supporting evidence in the Evidence Register.
A20: 8. Obtain network security and CISO approval via the Approval Sign-Off sheet.
... A24: Status Legend
A25: Symbol | B25: Status | C25: Description
A26: ✓ | B26: Compliant / Complete | C26: Requirement fully met
A27: ⚠ | B27: Partial / In Progress | C27: Partially met or in progress
A28: ✗ | B28: Non-Compliant / Not Started | C28: Requirement not met
A29: — | B29: Not Applicable | C29: Not applicable to this assessment

Sheet Network Segment Inventory
A1: NETWORK SEGMENT INVENTORY
A2: Document all network segments requiring web filtering protection
A4: Segment ID | B4: Segment Name | C4: Segment Type | D4: Location/Site | E4: Subnet/VLAN | F4: User Count | G4: Device Count | H4: Internet Access? | I4: Filtering Required? | J4: Filtering Status | K4: Filtering Solution(s) | L4: Coverage % | M4: Bypass Methods | N4: Exemption ID | O4: Evidence
A5: SEG-001

Sheet Coverage Matrix
A1: NETWORK COVERAGE MATRIX
A2: Map filtering solutions to network segments
A4: Network Segment | B4: Solution 1 | C4: Solution 2 | D4: Solution 3 | E4: Solution 4 | F4: Total Coverage | G4: Status
A5: SEG-001 [Segment Name] | F5: =SUM(B5:E5)
F6: =SUM(B6:E6)
F7: =SUM(B7:E7)
F8: =SUM(B8:E8)
F9: =SUM(B9:E9)
F10: =SUM(B10:E10)
F11: =SUM(B11:E11)
F12: =SUM(B12:E12)
F13: =SUM(B13:E13)
F14: =SUM(B14:E14)
F15: =SUM(B15:E15)
F16: =SUM(B16:E16)
F17: =SUM(B17:E17)
... F54: =SUM(B54:E54)
A57: COVERAGE SUMMARY METRICS
A58: Total segments assessed: | B58: =COUNTA(A5:A54)
A59: Fully protected (100%): | B59: =COUNTIF(F5:F54,">=100")
A60: Partially protected (<100%): | B60: =COUNTIFS(F5:F54,">0",F5:F54,"<100")
A61: Unprotected (0%): | B61: =COUNTIF(F5:F54,0)
A62: Overall Coverage Score: | B62: =AVERAGE(F5:F54)&"%"
A65: COVERAGE HEATMAP
A66: Coverage Level | B66: Segment Count | C66: % of Total | D66: Status
A67: 100% Coverage | B67: =COUNTIF(F5:F54,100) | C67: =IF(B67=0,0,B67/SUM(B67:B71)*100)&"%" | D67: ✅ Good
A68: 75-99% Coverage | B68: =COUNTIFS(F5:F54,">=75",F5:F54,"<100") | C68: =IF(B68=0,0,B68/SUM(B67:B71)*100)&"%" | D68: ⚠️ Needs Attention
A69: 50-74% Coverage | B69: =COUNTIFS(F5:F54,">=50",F5:F54,"<75") | C69: =IF(B69=0,0,B69/SUM(B67:B71)*100)&"%" | D69: ⚠️ Risk
A70: <50% Coverage | B70: =COUNTIFS(F5:F54,">0",F5:F54,"<50") | C70: =IF(B70=0,0,B70/SUM(B67:B71)*100)&"%" | D70: ❌ Critical
A71: 0% Coverage | B71: =COUNTIF(F5:F54,0) | C71: =IF(B71=0,0,B71/SUM(B67:B71)*100)&"%" | D71: ❌ Urgent

Sheet Gap Analysis
A1: COVERAGE GAPS & REMEDIATION TRACKING
A2: Identify unprotected/partially protected segments and plan remediation
A4: Gap ID | B4: Segment ID | C4: Segment Name | D4: Current Coverage | E4: Gap Description | F4: Risk Level | G4: Impact | H4: Remediation Plan | I4: Owner | J4: Target Date | K4: Status
A5: GAP-001
A58: GAP SUMMARY METRICS
A59: Risk Level | B59: Gap Count | C59: % of Total
A60: Critical | B60: =COUNTIF(F5:F55,"Critical") | C60: =IF(B60=0,0,B60/COUNTA(F5:F55)*100)&"%"
A61: High | B61: =COUNTIF(F5:F55,"High") | C61: =IF(B61=0,0,B61/COUNTA(F5:F55)*100)&"%"
A62: Medium | B62: =COUNTIF(F5:F55,"Medium") | C62: =IF(B62=0,0,B62/COUNTA(F5:F55)*100)&"%"
A63: Low | B63: =COUNTIF(F5:F55,"Low") | C63: =IF(B63=0,0,B63/COUNTA(F5:F55)*100)&"%"
A65: Total gaps identified: | B65: =COUNTA(B5:B55)
A66: Gaps resolved: | B66: =COUNTIF(K5:K55,"✅ Resolved")
A67: Gaps remaining: | B67: =COUNTA(B5:B55)-COUNTIF(K5:K55,"✅ Resolved")

Sheet Device Inventory
A1: DEVICE-LEVEL FILTERING INVENTORY
A2: Track endpoint protection for mobile/remote devices
A4: Device ID | B4: Device Type | C4: OS | D4: User/Owner | E4: Primary Network | F4: Filtering Solution | G4: Agent-Based? | H4: Status | I4: Last Verified | J4: Evidence
A5: DEV-001
A58: DEVICE SUMMARY BY TYPE
A59: Device Type | B59: Total | C59: Protected | D59: Unprotected | E59: Coverage %
A60: Laptop | B60: =COUNTIF(B5:B55,"Laptop") | C60: =COUNTIFS(B5:B55,"Laptop",H5:H55,"✅ Protected") | D60: =COUNTIFS(B5:B55,"Laptop",H5:H55,"❌ Unprotected") | E60: =IF(B60=0,0,C60/B60*100)&"%"
A61: Desktop | B61: =COUNTIF(B5:B55,"Desktop") | C61: =COUNTIFS(B5:B55,"Desktop",H5:H55,"✅ Protected") | D61: =COUNTIFS(B5:B55,"Desktop",H5:H55,"❌ Unprotected") | E61: =IF(B61=0,0,C61/B61*100)&"%"
A62: Smartphone | B62: =COUNTIF(B5:B55,"Smartphone") | C62: =COUNTIFS(B5:B55,"Smartphone",H5:H55,"✅ Protected") | D62: =COUNTIFS(B5:B55,"Smartphone",H5:H55,"❌ Unprotected") | E62: =IF(B62=0,0,C62/B62*100)&"%"
A63: Tablet | B63: =COUNTIF(B5:B55,"Tablet") | C63: =COUNTIFS(B5:B55,"Tablet",H5:H55,"✅ Protected") | D63: =COUNTIFS(B5:B55,"Tablet",H5:H55,"❌ Unprotected") | E63: =IF(B63=0,0,C63/B63*100)&"%"
A64: Virtual Desktop | B64: =COUNTIF(B5:B55,"Virtual Desktop") | C64: =COUNTIFS(B5:B55,"Virtual Desktop",H5:H55,"✅ Protected") | D64: =COUNTIFS(B5:B55,"Virtual Desktop",H5:H55,"❌ Unprotected") | E64: =IF(B64=0,0,C64/B64*100)&"%"
A65: Other | B65: =COUNTIF(B5:B55,"Other") | C65: =COUNTIFS(B5:B55,"Other",H5:H55,"✅ Protected") | D65: =COUNTIFS(B5:B55,"Other",H5:H55,"❌ Unprotected") | E65: =IF(B65=0,0,C65/B65*100)&"%"

Sheet Exemption Register
A1: FILTERING EXEMPTION REGISTER
A2: Document approved exceptions to web filtering requirements
A4: Exemption ID | B4: Segment/Device | C4: Exemption Type | D4: Business Justification | E4: Risk Assessment | F4: Compensating Controls | G4: Approved By | H4: Approval Date | I4: Review Date | J4: Status | K4: Evidence
A5: EXM-001
A58: EXEMPTION SUMMARY
A59: Exemption Type | B59: Active Count | C59: Expired/Overdue
A60: Full Exemption | B60: =COUNTIFS(C5:C24,"Full Exemption",J5:J24,"✅ Active") | C60: =COUNTIFS(C5:C24,"Full Exemption",J5:J24,"❌ Expired")
A61: Partial Exemption | B61: =COUNTIFS(C5:C24,"Partial Exemption",J5:J24,"✅ Active") | C61: =COUNTIFS(C5:C24,"Partial Exemption",J5:J24,"❌ Expired")
A62: Temporary Exemption | B62: =COUNTIFS(C5:C24,"Temporary Exemption",J5:J24,"✅ Active") | C62: =COUNTIFS(C5:C24,"Temporary Exemption",J5:J24,"❌ Expired")
A63: Category Exemption | B63: =COUNTIFS(C5:C24,"Category Exemption",J5:J24,"✅ Active") | C63: =COUNTIFS(C5:C24,"Category Exemption",J5:J24,"❌ Expired")
A64: Technical Exemption | B64: =COUNTIFS(C5:C24,"Technical Exemption",J5:J24,"✅ Active") | C64: =COUNTIFS(C5:C24,"Technical Exemption",J5:J24,"❌ Expired")
A67: ⚠️ ALERT: Exemptions >12 months old require re-approval | >10% of segments exempt = escalate to CISO

Sheet Coverage Verification
A1: COVERAGE VERIFICATION LOG
A2: Test and verify filtering effectiveness per network segment
A4: Verification ID | B4: Segment ID | C4: Segment Name | D4: Test Date | E4: Tester | F4: Test Method | G4: Test Results | H4: Issues Found | I4: Status | J4: Next Test Date
A5: VER-001 | J5: =IF(D5="","",D5+90)
J6: =IF(D6="","",D6+90)
J7: =IF(D7="","",D7+90)
J8: =IF(D8="","",D8+90)
J9: =IF(D9="","",D9+90)
J10: =IF(D10="","",D10+90)
J11: =IF(D11="","",D11+90)
J12: =IF(D12="","",D12+90)
J13: =IF(D13="","",D13+90)
J14: =IF(D14="","",D14+90)
J15: =IF(D15="","",D15+90)
J16: =IF(D16="","",D16+90)
J17: =IF(D17="","",D17+90)
... J55: =IF(D55="","",D55+90)
A58: TEST CHECKLIST (Verify for each segment)
A59: ☐ Malicious URL blocked (test with EICAR or known bad domains)
A60: ☐ Phishing site blocked (test with PhishTank samples)
A61: ☐ Known malware download blocked
A62: ☐ HTTPS sites properly filtered (if HTTPS inspection enabled)
A63: ☐ Logging working (blocked attempts logged)
A64: ☐ Bypass methods ineffective (proxy bypass, VPN bypass, etc.)
A65: ☐ User experience acceptable (latency, false positives)
A66: ☐ Exemptions working as intended

Sheet Evidence Register
A1: EVIDENCE REGISTER
A2: List all evidence files/documents referenced in this assessment (audit traceability).
A4: Evidence ID | B4: Assessment Area | C4: Evidence Type | D4: Description | E4: Location/Path | F4: Date Collected | G4: Collected By | H4: Verification Status
A5: EV-001 | B5: Web Filtering Network Coverage | C5: Configuration file | D5: Network segment inventory and filtering coverage evidence | E5: /evidence/A.8.23/ | F5: 15.01.2026 | G5: Assessor Name | H5: ✅ Verified

Sheet Summary Dashboard
A1: NETWORK COVERAGE ASSESSMENT — SUMMARY DASHBOARD
A2: ISO/IEC 27001:2022 - Control A.8.23: Web Filtering
A4: TABLE 1: ASSESSMENT AREA COMPLIANCE OVERVIEW
A5: Assessment Area | B5: Total Items | C5: Compliant | D5: Partial | E5: Non-Compliant | F5: N/A | G5: Compliance %
A6: Network Segment Inventory | B6: =C6+D6+E6+F6 | C6: =COUNTIF('Network Segment Inventory'!J5:J55,"✅ Protected") | D6: =COUNTIF('Network Segment Inventory'!J5:J55,"⚠️ Partial") | E6: =COUNTIF('Network Segment Inventory'!J5:J55,"❌ Unprotected") | F6: =COUNTIF('Network Segment Inventory'!J5:J55,"⟳ Planned")+COUNTIF('Network Segment Inventory'!J5:J55,"⊘ Exempt") | G6: =IF((B6-F6)=0,0,C6/(B6-F6))
A7: Coverage Matrix | B7: =C7+D7+E7+F7 | C7: =COUNTIF('Coverage Matrix'!G5:G54,"✅ Protected") | D7: =COUNTIF('Coverage Matrix'!G5:G54,"⚠️ Partial") | E7: =COUNTIF('Coverage Matrix'!G5:G54,"❌ Unprotected") | F7: =COUNTIF('Coverage Matrix'!G5:G54,"⟳ Planned")+COUNTIF('Coverage Matrix'!G5:G54,"⊘ Exempt") | G7: =IF((B7-F7)=0,0,C7/(B7-F7))
A8: Open Coverage Gaps | B8: =C8+D8+E8+F8 | C8: =COUNTIF('Gap Analysis'!K5:K55,"✅ Resolved")+COUNTIF('Gap Analysis'!K5:K55,"⊘ Exempt") | D8: =COUNTIF('Gap Analysis'!K5:K55,"⟳ In Progress") | E8: =COUNTIF('Gap Analysis'!K5:K55,"○ Open") | F8: =COUNTIF('Gap Analysis'!K5:K55,"⚠️ Accepted Risk") | G8: =IF((B8-F8)=0,0,C8/(B8-F8))
A9: TOTAL | B9: =SUM(B6:B8) | C9: =SUM(C6:C8) | D9: =SUM(D6:D8) | E9: =SUM(E6:E8) | F9: =SUM(F6:F8) | G9: =IF((B9-F9)=0,0,C9/(B9-F9))
A12: TABLE 2: KEY METRICS
A13: Metric | B13: Count
A14: Segments ✅ Protected | B14: =COUNTIF('Network Segment Inventory'!J5:J55,"✅ Protected")
A15: Segments ❌ Unprotected | B15: =COUNTIF('Network Segment Inventory'!J5:J55,"❌ Unprotected")
A16: Coverage ✅ Protected | B16: =COUNTIF('Coverage Matrix'!G5:G54,"✅ Protected")
A17: Coverage ❌ Unprotected | B17: =COUNTIF('Coverage Matrix'!G5:G54,"❌ Unprotected")
A18: Coverage ⊘ Exempt / ⟳ Planned | B18: =COUNTIF('Coverage Matrix'!G5:G54,"⊘ Exempt")+COUNTIF('Coverage Matrix'!G5:G54,"⟳ Planned")
A19: Coverage Gaps ○ Open | B19: =COUNTIF('Gap Analysis'!K5:K55,"○ Open")
A20: Coverage Gaps ⟳ In Progress | B20: =COUNTIF('Gap Analysis'!K5:K55,"⟳ In Progress")
A21: Coverage Gaps ✅ Resolved / ⊘ Exempt | B21: =COUNTIF('Gap Analysis'!K5:K55,"✅ Resolved")+COUNTIF('Gap Analysis'!K5:K55,"⊘ Exempt")
A24: TABLE 3: CRITICAL FINDINGS & OPEN GAPS
A25: Gap ID | B25: Segment Name | C25: Gap Description | D25: Risk Level | E25: Owner | F25: Target Date | G25: Status
A26: =IFERROR(INDEX('Gap Analysis'!A$5:A$55,SMALL(IF('Gap Analysis'!K$5:K$55="○ Open",ROW('Gap Analysis'!K$5:K$55)-ROW('Gap Analysis'!K$5)+1),1)),"") | B26: =IFERROR(INDEX('Gap Analysis'!C$5:C$55,SMALL(IF('Gap Analysis'!K$5:K$55="○ Open",ROW('Gap Analysis'!K$5:K$55)-ROW('Gap Analysis'!K$5)+1),1)),"") | C26: =IFERROR(INDEX('Gap Analysis'!E$5:E$55,SMALL(IF('Gap Analysis'!K$5:K$55="○ Open",ROW('Gap Analysis'!K$5:K$55)-ROW('Gap Analysis'!K$5)+1),1)),"") | D26: =IFERROR(INDEX('Gap Analysis'!F$5:F$55,SMALL(IF('Gap Analysis'!K$5:K$55="○ Open",ROW('Gap Analysis'!K$5:K$55)-ROW('Gap Analysis'!K$5)+1),1)),"") | E26: =IFERROR(INDEX('Gap Analysis'!I$5:I$55,SMALL(IF('Gap Analysis'!K$5:K$55="○ Open",ROW('Gap Analysis'!K$5:K$55)-ROW('Gap Analysis'!K$5)+1),1)),"") | F26: =IFERROR(INDEX('Gap Analysis'!J$5:J$55,SMALL(IF('Gap Analysis'!K$5:K$55="○ Open",ROW('Gap Analysis'!K$5:K$55)-ROW('Gap Analysis'!K$5)+1),1)),"") | G26: =IFERROR(INDEX('Gap Analysis'!K$5:K$55,SMALL(IF('Gap Analysis'!K$5:K$55="○ Open",ROW('Gap Analysis'!K$5:K$55)-ROW('Gap Analysis'!K$5)+1),1)),"")
A27: =IFERROR(INDEX('Gap Analysis'!A$5:A$55,SMALL(IF('Gap Analysis'!K$5:K$55="○ Open",ROW('Gap Analysis'!K$5:K$55)-ROW('Gap Analysis'!K$5)+1),2)),"") | B27: =IFERROR(INDEX('Gap Analysis'!C$5:C$55,SMALL(IF('Gap Analysis'!K$5:K$55="○ Open",ROW('Gap Analysis'!K$5:K$55)-ROW('Gap Analysis'!K$5)+1),2)),"") | C27: =IFERROR(INDEX('Gap Analysis'!E$5:E$55,SMALL(IF('Gap Analysis'!K$5:K$55="○ Open",ROW('Gap Analysis'!K$5:K$55)-ROW('Gap Analysis'!K$5)+1),2)),"") | D27: =IFERROR(INDEX('Gap Analysis'!F$5:F$55,SMALL(IF('Gap Analysis'!K$5:K$55="○ Open",ROW('Gap Analysis'!K$5:K$55)-ROW('Gap Analysis'!K$5)+1),2)),"") | E27: =IFERROR(INDEX('Gap Analysis'!I$5:I$55,SMALL(IF('Gap Analysis'!K$5:K$55="○ Open",ROW('Gap Analysis'!K$5:K$55)-ROW('Gap Analysis'!K$5)+1),2)),"") | F27: =IFERROR(INDEX('Gap Analysis'!J$5:J$55,SMALL(IF('Gap Analysis'!K$5:K$55="○ Open",ROW('Gap Analysis'!K$5:K$55)-ROW('Gap Analysis'!K$5)+1),2)),"") | G27: =IFERROR(INDEX('Gap Analysis'!K$5:K$55,SMALL(IF('Gap Analysis'!K$5:K$55="○ Open",ROW('Gap Analysis'!K$5:K$55)-ROW('Gap Analysis'!K$5)+1),2)),"")
A28: =IFERROR(INDEX('Gap Analysis'!A$5:A$55,SMALL(IF('Gap Analysis'!K$5:K$55="○ Open",ROW('Gap Analysis'!K$5:K$55)-ROW('Gap Analysis'!K$5)+1),3)),"") | B28: =IFERROR(INDEX('Gap Analysis'!C$5:C$55,SMALL(IF('Gap Analysis'!K$5:K$55="○ Open",ROW('Gap Analysis'!K$5:K$55)-ROW('Gap Analysis'!K$5)+1),3)),"") | C28: =IFERROR(INDEX('Gap Analysis'!E$5:E$55,SMALL(IF('Gap Analysis'!K$5:K$55="○ Open",ROW('Gap Analysis'!K$5:K$55)-ROW('Gap Analysis'!K$5)+1),3)),"") | D28: =IFERROR(INDEX('Gap Analysis'!F$5:F$55,SMALL(IF('Gap Analysis'!K$5:K$55="○ Open",ROW('Gap Analysis'!K$5:K$55)-ROW('Gap Analysis'!K$5)+1),3)),"") | E28: =IFERROR(INDEX('Gap Analysis'!I$5:I$55,SMALL(IF('Gap Analysis'!K$5:K$55="○ Open",ROW('Gap Analysis'!K$5:K$55)-ROW('Gap Analysis'!K$5)+1),3)),"") | F28: =IFERROR(INDEX('Gap Analysis'!J$5:J$55,SMALL(IF('Gap Analysis'!K$5:K$55="○ Open",ROW('Gap Analysis'!K$5:K$55)-ROW('Gap Analysis'!K$5)+1),3)),"") | G28: =IFERROR(INDEX('Gap Analysis'!K$5:K$55,SMALL(IF('Gap Analysis'!K$5:K$55="○ Open",ROW('Gap Analysis'!K$5:K$55)-ROW('Gap Analysis'!K$5)+1),3)),"")
A29: =IFERROR(INDEX('Gap Analysis'!A$5:A$55,SMALL(IF('Gap Analysis'!K$5:K$55="○ Open",ROW('Gap Analysis'!K$5:K$55)-ROW('Gap Analysis'!K$5)+1),4)),"") | B29: =IFERROR(INDEX('Gap Analysis'!C$5:C$55,SMALL(IF('Gap Analysis'!K$5:K$55="○ Open",ROW('Gap Analysis'!K$5:K$55)-ROW('Gap Analysis'!K$5)+1),4)),"") | C29: =IFERROR(INDEX('Gap Analysis'!E$5:E$55,SMALL(IF('Gap Analysis'!K$5:K$55="○ Open",ROW('Gap Analysis'!K$5:K$55)-ROW('Gap Analysis'!K$5)+1),4)),"") | D29: =IFERROR(INDEX('Gap Analysis'!F$5:F$55,SMALL(IF('Gap Analysis'!K$5:K$55="○ Open",ROW('Gap Analysis'!K$5:K$55)-ROW('Gap Analysis'!K$5)+1),4)),"") | E29: =IFERROR(INDEX('Gap Analysis'!I$5:I$55,SMALL(IF('Gap Analysis'!K$5:K$55="○ Open",ROW('Gap Analysis'!K$5:K$55)-ROW('Gap Analysis'!K$5)+1),4)),"") | F29: =IFERROR(INDEX('Gap Analysis'!J$5:J$55,SMALL(IF('Gap Analysis'!K$5:K$55="○ Open",ROW('Gap Analysis'!K$5:K$55)-ROW('Gap Analysis'!K$5)+1),4)),"") | G29: =IFERROR(INDEX('Gap Analysis'!K$5:K$55,SMALL(IF('Gap Analysis'!K$5:K$55="○ Open",ROW('Gap Analysis'!K$5:K$55)-ROW('Gap Analysis'!K$5)+1),4)),"")
A30: =IFERROR(INDEX('Gap Analysis'!A$5:A$55,SMALL(IF('Gap Analysis'!K$5:K$55="○ Open",ROW('Gap Analysis'!K$5:K$55)-ROW('Gap Analysis'!K$5)+1),5)),"") | B30: =IFERROR(INDEX('Gap Analysis'!C$5:C$55,SMALL(IF('Gap Analysis'!K$5:K$55="○ Open",ROW('Gap Analysis'!K$5:K$55)-ROW('Gap Analysis'!K$5)+1),5)),"") | C30: =IFERROR(INDEX('Gap Analysis'!E$5:E$55,SMALL(IF('Gap Analysis'!K$5:K$55="○ Open",ROW('Gap Analysis'!K$5:K$55)-ROW('Gap Analysis'!K$5)+1),5)),"") | D30: =IFERROR(INDEX('Gap Analysis'!F$5:F$55,SMALL(IF('Gap Analysis'!K$5:K$55="○ Open",ROW('Gap Analysis'!K$5:K$55)-ROW('Gap Analysis'!K$5)+1),5)),"") | E30: =IFERROR(INDEX('Gap Analysis'!I$5:I$55,SMALL(IF('Gap Analysis'!K$5:K$55="○ Open",ROW('Gap Analysis'!K$5:K$55)-ROW('Gap Analysis'!K$5)+1),5)),"") | F30: =IFERROR(INDEX('Gap Analysis'!J$5:J$55,SMALL(IF('Gap Analysis'!K$5:K$55="○ Open",ROW('Gap Analysis'!K$5:K$55)-ROW('Gap Analysis'!K$5)+1),5)),"") | G30: =IFERROR(INDEX('Gap Analysis'!K$5:K$55,SMALL(IF('Gap Analysis'!K$5:K$55="○ Open",ROW('Gap Analysis'!K$5:K$55)-ROW('Gap Analysis'!K$5)+1),5)),"")
A31: =IFERROR(INDEX('Gap Analysis'!A$5:A$55,SMALL(IF('Gap Analysis'!K$5:K$55="○ Open",ROW('Gap Analysis'!K$5:K$55)-ROW('Gap Analysis'!K$5)+1),6)),"") | B31: =IFERROR(INDEX('Gap Analysis'!C$5:C$55,SMALL(IF('Gap Analysis'!K$5:K$55="○ Open",ROW('Gap Analysis'!K$5:K$55)-ROW('Gap Analysis'!K$5)+1),6)),"") | C31: =IFERROR(INDEX('Gap Analysis'!E$5:E$55,SMALL(IF('Gap Analysis'!K$5:K$55="○ Open",ROW('Gap Analysis'!K$5:K$55)-ROW('Gap Analysis'!K$5)+1),6)),"") | D31: =IFERROR(INDEX('Gap Analysis'!F$5:F$55,SMALL(IF('Gap Analysis'!K$5:K$55="○ Open",ROW('Gap Analysis'!K$5:K$55)-ROW('Gap Analysis'!K$5)+1),6)),"") | E31: =IFERROR(INDEX('Gap Analysis'!I$5:I$55,SMALL(IF('Gap Analysis'!K$5:K$55="○ Open",ROW('Gap Analysis'!K$5:K$55)-ROW('Gap Analysis'!K$5)+1),6)),"") | F31: =IFERROR(INDEX('Gap Analysis'!J$5:J$55,SMALL(IF('Gap Analysis'!K$5:K$55="○ Open",ROW('Gap Analysis'!K$5:K$55)-ROW('Gap Analysis'!K$5)+1),6)),"") | G31: =IFERROR(INDEX('Gap Analysis'!K$5:K$55,SMALL(IF('Gap Analysis'!K$5:K$55="○ Open",ROW('Gap Analysis'!K$5:K$55)-ROW('Gap Analysis'!K$5)+1),6)),"")
A32: =IFERROR(INDEX('Gap Analysis'!A$5:A$55,SMALL(IF('Gap Analysis'!K$5:K$55="○ Open",ROW('Gap Analysis'!K$5:K$55)-ROW('Gap Analysis'!K$5)+1),7)),"") | B32: =IFERROR(INDEX('Gap Analysis'!C$5:C$55,SMALL(IF('Gap Analysis'!K$5:K$55="○ Open",ROW('Gap Analysis'!K$5:K$55)-ROW('Gap Analysis'!K$5)+1),7)),"") | C32: =IFERROR(INDEX('Gap Analysis'!E$5:E$55,SMALL(IF('Gap Analysis'!K$5:K$55="○ Open",ROW('Gap Analysis'!K$5:K$55)-ROW('Gap Analysis'!K$5)+1),7)),"") | D32: =IFERROR(INDEX('Gap Analysis'!F$5:F$55,SMALL(IF('Gap Analysis'!K$5:K$55="○ Open",ROW('Gap Analysis'!K$5:K$55)-ROW('Gap Analysis'!K$5)+1),7)),"") | E32: =IFERROR(INDEX('Gap Analysis'!I$5:I$55,SMALL(IF('Gap Analysis'!K$5:K$55="○ Open",ROW('Gap Analysis'!K$5:K$55)-ROW('Gap Analysis'!K$5)+1),7)),"") | F32: =IFERROR(INDEX('Gap Analysis'!J$5:J$55,SMALL(IF('Gap Analysis'!K$5:K$55="○ Open",ROW('Gap Analysis'!K$5:K$55)-ROW('Gap Analysis'!K$5)+1),7)),"") | G32: =IFERROR(INDEX('Gap Analysis'!K$5:K$55,SMALL(IF('Gap Analysis'!K$5:K$55="○ Open",ROW('Gap Analysis'!K$5:K$55)-ROW('Gap Analysis'!K$5)+1),7)),"")
A33: =IFERROR(INDEX('Gap Analysis'!A$5:A$55,SMALL(IF('Gap Analysis'!K$5:K$55="○ Open",ROW('Gap Analysis'!K$5:K$55)-ROW('Gap Analysis'!K$5)+1),8)),"") | B33: =IFERROR(INDEX('Gap Analysis'!C$5:C$55,SMALL(IF('Gap Analysis'!K$5:K$55="○ Open",ROW('Gap Analysis'!K$5:K$55)-ROW('Gap Analysis'!K$5)+1),8)),"") | C33: =IFERROR(INDEX('Gap Analysis'!E$5:E$55,SMALL(IF('Gap Analysis'!K$5:K$55="○ Open",ROW('Gap Analysis'!K$5:K$55)-ROW('Gap Analysis'!K$5)+1),8)),"") | D33: =IFERROR(INDEX('Gap Analysis'!F$5:F$55,SMALL(IF('Gap Analysis'!K$5:K$55="○ Open",ROW('Gap Analysis'!K$5:K$55)-ROW('Gap Analysis'!K$5)+1),8)),"") | E33: =IFERROR(INDEX('Gap Analysis'!I$5:I$55,SMALL(IF('Gap Analysis'!K$5:K$55="○ Open",ROW('Gap Analysis'!K$5:K$55)-ROW('Gap Analysis'!K$5)+1),8)),"") | F33: =IFERROR(INDEX('Gap Analysis'!J$5:J$55,SMALL(IF('Gap Analysis'!K$5:K$55="○ Open",ROW('Gap Analysis'!K$5:K$55)-ROW('Gap Analysis'!K$5)+1),8)),"") | G33: =IFERROR(INDEX('Gap Analysis'!K$5:K$55,SMALL(IF('Gap Analysis'!K$5:K$55="○ Open",ROW('Gap Analysis'!K$5:K$55)-ROW('Gap Analysis'!K$5)+1),8)),"")
A34: =IFERROR(INDEX('Gap Analysis'!A$5:A$55,SMALL(IF('Gap Analysis'!K$5:K$55="○ Open",ROW('Gap Analysis'!K$5:K$55)-ROW('Gap Analysis'!K$5)+1),9)),"") | B34: =IFERROR(INDEX('Gap Analysis'!C$5:C$55,SMALL(IF('Gap Analysis'!K$5:K$55="○ Open",ROW('Gap Analysis'!K$5:K$55)-ROW('Gap Analysis'!K$5)+1),9)),"") | C34: =IFERROR(INDEX('Gap Analysis'!E$5:E$55,SMALL(IF('Gap Analysis'!K$5:K$55="○ Open",ROW('Gap Analysis'!K$5:K$55)-ROW('Gap Analysis'!K$5)+1),9)),"") | D34: =IFERROR(INDEX('Gap Analysis'!F$5:F$55,SMALL(IF('Gap Analysis'!K$5:K$55="○ Open",ROW('Gap Analysis'!K$5:K$55)-ROW('Gap Analysis'!K$5)+1),9)),"") | E34: =IFERROR(INDEX('Gap Analysis'!I$5:I$55,SMALL(IF('Gap Analysis'!K$5:K$55="○ Open",ROW('Gap Analysis'!K$5:K$55)-ROW('Gap Analysis'!K$5)+1),9)),"") | F34: =IFERROR(INDEX('Gap Analysis'!J$5:J$55,SMALL(IF('Gap Analysis'!K$5:K$55="○ Open",ROW('Gap Analysis'!K$5:K$55)-ROW('Gap Analysis'!K$5)+1),9)),"") | G34: =IFERROR(INDEX('Gap Analysis'!K$5:K$55,SMALL(IF('Gap Analysis'!K$5:K$55="○ Open",ROW('Gap Analysis'!K$5:K$55)-ROW('Gap Analysis'!K$5)+1),9)),"")
A35: =IFERROR(INDEX('Gap Analysis'!A$5:A$55,SMALL(IF('Gap Analysis'!K$5:K$55="○ Open",ROW('Gap Analysis'!K$5:K$55)-ROW('Gap Analysis'!K$5)+1),10)),"") | B35: =IFERROR(INDEX('Gap Analysis'!C$5:C$55,SMALL(IF('Gap Analysis'!K$5:K$55="○ Open",ROW('Gap Analysis'!K$5:K$55)-ROW('Gap Analysis'!K$5)+1),10)),"") | C35: =IFERROR(INDEX('Gap Analysis'!E$5:E$55,SMALL(IF('Gap Analysis'!K$5:K$55="○ Open",ROW('Gap Analysis'!K$5:K$55)-ROW('Gap Analysis'!K$5)+1),10)),"") | D35: =IFERROR(INDEX('Gap Analysis'!F$5:F$55,SMALL(IF('Gap Analysis'!K$5:K$55="○ Open",ROW('Gap Analysis'!K$5:K$55)-ROW('Gap Analysis'!K$5)+1),10)),"") | E35: =IFERROR(INDEX('Gap Analysis'!I$5:I$55,SMALL(IF('Gap Analysis'!K$5:K$55="○ Open",ROW('Gap Analysis'!K$5:K$55)-ROW('Gap Analysis'!K$5)+1),10)),"") | F35: =IFERROR(INDEX('Gap Analysis'!J$5:J$55,SMALL(IF('Gap Analysis'!K$5:K$55="○ Open",ROW('Gap Analysis'!K$5:K$55)-ROW('Gap Analysis'!K$5)+1),10)),"") | G35: =IFERROR(INDEX('Gap Analysis'!K$5:K$55,SMALL(IF('Gap Analysis'!K$5:K$55="○ Open",ROW('Gap Analysis'!K$5:K$55)-ROW('Gap Analysis'!K$5)+1),10)),"")

Sheet Approval Sign-Off
A1: ASSESSMENT APPROVAL AND SIGN-OFF
A2: ISO/IEC 27001:2022 - Control A.8.23: Web Filtering
A3: ASSESSMENT SUMMARY
A4: Document: | B4: ISMS-IMP-A.8.23.2 - Network Coverage Assessment
A5: Assessment Period:
A6: Overall Compliance Rating: | B6: ='Summary Dashboard'!G9
A7: Assessment Status:
A8: Assessed By:
A11: COMPLETED BY (ASSESSOR)
A12: Name:
A13: Title:
A14: Date:
A15: Signature:
A16: Comments:
A18: REVIEWED BY (INFORMATION SECURITY OFFICER)
A19: Name:
A20: Title:
A21: Date:
... A38: Special Considerations:
