Workbook

Sheet Instructions & Legend
A1: ISMS-IMP-A.8.23.3 - Policy Configuration Assessment ISO/IEC 27001:2022 - Control A.8.23: Web Filtering
A3: Document Information
A4: Document ID | B4: ISMS-IMP-A.8.23.3
A5: Workbook Title | B5: Policy Configuration Assessment
A6: Control Reference | B6: ISO/IEC 27001:2022 - Control A.8.23: Web Filtering
A7: Version | B7: 1.0
A8: Assessment Date
A9: Completed By
A10: Organisation
A12: Instructions
A13: 1. Document your filtering philosophy (restrictive, trust-based, or hybrid) for each policy area.
A14: 2. Complete the Threat Protection sheet for malware, phishing, and exploit protection policies.
A15: 3. Document category filtering rules in Category Management (skip if trust-based approach).
A16: 4. Inventory all custom block and allow lists with business justification in Custom Lists.
A17: 5. Register all policy exceptions with business justification and approval in Policy Exceptions.
A18: 6. Document user group and role-based policy differentiation in User Group Policies.
A19: 7. Map filtering policies to Acceptable Use Policy requirements in Acceptable Use Alignment.
A20: 8. Document policy review processes and update procedures in Policy Review Process.
... A24: Status Legend
A25: Symbol | B25: Status | C25: Description
A26: ✓ | B26: Compliant / Complete | C26: Requirement fully met
A27: ⚠ | B27: Partial / In Progress | C27: Partially met or in progress
A28: ✗ | B28: Non-Compliant / Not Started | C28: Requirement not met
A29: — | B29: Not Applicable | C29: Not applicable to this assessment

Sheet Threat Protection
A1: THREAT PROTECTION POLICIES
A2: Mandatory baseline protection - applies to all filtering approaches
A4: Threat Type | B4: Policy Configured? | C4: Blocking Method | D4: Effectiveness | E4: False Positives | F4: Last Tested | G4: Evidence
A5: Known Malicious URLs
A6: Phishing Sites
A7: Malware Downloads
A8: Ransomware Delivery
A9: Exploit Kits
A10: Command & Control (C2)
A11: Cryptojacking Sites
A12: Zero-Day Threats
A15: THREAT INTELLIGENCE INTEGRATION
A16: Feed Source 1:
A17: Feed Source 2:
A18: Feed Source 3:
... A32: ☐ Policy reviewed within last 90 days

Sheet Category Management
A1: CATEGORY-BASED FILTERING POLICIES
A2: Document category blocking/allowing (if applicable to your approach)
A4: ORGANISATION'S FILTERING PHILOSOPHY
A5: Select your approach:
A6: ⚠️ If 'Trust-Based (Threats Only)' selected, mark all categories below as N/A
A8: Category | B8: Policy Action | C8: Applied To | D8: Business Justification | E8: Exceptions? | F8: Exception Count | G8: Last Reviewed | H8: Evidence
A9: Adult Content
A10: Gambling
A11: Illegal Activities
A12: Weapons
A13: Hate/Discrimination
A14: Violence/Gore
A15: Streaming Media
A16: Social Networks
A17: Personal Storage/Sharing
A18: Shopping
A19: Games
A20: Job Search
... A31: CATEGORY SUMMARY
A32: Policy Action | B32: Category Count | C32: % of Total
A33: Block | B33: =COUNTIF(B10:B29,"Block") | C33: =IF(B33=0,0,B33/COUNTA(B10:B29)*100)&"%"
A34: Allow | B34: =COUNTIF(B10:B29,"Allow") | C34: =IF(B34=0,0,B34/COUNTA(B10:B29)*100)&"%"
A35: Warn | B35: =COUNTIF(B10:B29,"Warn") | C35: =IF(B35=0,0,B35/COUNTA(B10:B29)*100)&"%"
A36: Monitor Only | B36: =COUNTIF(B10:B29,"Monitor Only") | C36: =IF(B36=0,0,B36/COUNTA(B10:B29)*100)&"%"
A37: N/A | B37: =COUNTIF(B10:B29,"N/A") | C37: =IF(B37=0,0,B37/COUNTA(B10:B29)*100)&"%"

Sheet Custom Lists
A1: CUSTOM BLOCK/ALLOW LISTS
A2: Organisation-maintained URL lists outside of vendor categories
A4: List ID | B4: List Name | C4: List Type | D4: URL Count | E4: Purpose | F4: Maintained By | G4: Last Updated | H4: Review Frequency | I4: Evidence
A5: LST-001
A58: LIST MANAGEMENT PROCESS
A59: List Creation Process:
A60: • Request Method:
A61: • Approval Required?:
A62: • Approver Role:
A63: • Documentation:
A65: List Update Process:
A66: • Update Frequency:
A67: • Responsible Party:
A68: • Testing Required?:
A69: • Change Management:
... A75: • Next Scheduled Review:

Sheet Policy Exceptions
A1: POLICY EXCEPTION REGISTER
A2: Track approved exceptions to filtering policies
A4: Exception ID | B4: Exception Type | C4: Requested For | D4: URL/Category | E4: Business Justification | F4: Risk Level | G4: Compensating Controls | H4: Requested By | I4: Approved By | J4: Approval Date | K4: Expiry Date | L4: Status | M4: Evidence
A5: EXC-001
A58: EXCEPTION SUMMARY
A59: Exception Type | B59: Active | C59: Expired
A60: URL Exception | B60: =COUNTIFS(B5:B55,"URL Exception",L5:L55,"✅ Active") | C60: =COUNTIFS(B5:B55,"URL Exception",L5:L55,"❌ Expired")
A61: Category Exception | B61: =COUNTIFS(B5:B55,"Category Exception",L5:L55,"✅ Active") | C61: =COUNTIFS(B5:B55,"Category Exception",L5:L55,"❌ Expired")
A62: User Exception | B62: =COUNTIFS(B5:B55,"User Exception",L5:L55,"✅ Active") | C62: =COUNTIFS(B5:B55,"User Exception",L5:L55,"❌ Expired")
A63: Group Exception | B63: =COUNTIFS(B5:B55,"Group Exception",L5:L55,"✅ Active") | C63: =COUNTIFS(B5:B55,"Group Exception",L5:L55,"❌ Expired")
A64: Temporary Exception | B64: =COUNTIFS(B5:B55,"Temporary Exception",L5:L55,"✅ Active") | C64: =COUNTIFS(B5:B55,"Temporary Exception",L5:L55,"❌ Expired")
A65: Permanent Exception | B65: =COUNTIFS(B5:B55,"Permanent Exception",L5:L55,"✅ Active") | C65: =COUNTIFS(B5:B55,"Permanent Exception",L5:L55,"❌ Expired")
A68: ⚠️ ALERTS: Exceptions >12 months = re-approval required | No compensating controls = HIGH RISK | Permanent exceptions = justify annually

Sheet User Group Policies
A1: USER & GROUP POLICY ASSIGNMENTS
A2: Role-based filtering policies (if applicable)
A4: Policy ID | B4: Policy Name | C4: Applied To | D4: User Count | E4: Policy Type | F4: Filtering Level | G4: Categories Blocked | H4: Time Restrictions | I4: HTTPS Inspection | J4: Evidence
A5: POL-001
A58: EXAMPLE POLICY TEMPLATES (Customise to your organisation)
A59: Standard Employee Policy:
A60: • Threat protection: ✅ Enabled
A61: • Category filtering: Medium (block inappropriate, allow business)
A62: • Custom lists: Applied
A63: • HTTPS inspection: Yes
A65: Executive/VIP Policy:
A66: • Threat protection: ✅ Enabled
A67: • Category filtering: Low (threats only, minimal categories)
A68: • Custom lists: Selective
A69: • HTTPS inspection: Optional
... A81: • HTTPS inspection: Yes (can decrypt for analysis)

Sheet Acceptable Use Alignment
A1: ACCEPTABLE USE POLICY ALIGNMENT
A2: Verify filtering policies enforce Acceptable Use requirements
A4: AUP Requirement | B4: Filtering Enforces This? | C4: How Enforced? | D4: Gaps Identified? | E4: Gap Description | F4: Remediation Plan | G4: Evidence
A5: Prohibited: Accessing illegal content
A6: Prohibited: Downloading pirated software
A7: Prohibited: Accessing adult/inappropriate content
A8: Prohibited: Using company resources for personal business
A9: Prohibited: Bypassing security controls
A10: Prohibited: Excessive personal use during work hours
A11: Prohibited: Accessing gambling sites
A12: Prohibited: Accessing hate/discrimination content
A13: Prohibited: Downloading unauthorised software
A14: Prohibited: Accessing malicious/phishing sites
A15: Required: Reporting suspicious sites
A16: Required: Not sharing credentials
... A27: AUP ALIGNMENT SUMMARY
A28: Alignment Status | B28: Count | C28: % of Total
A29: Fully Enforced (✅) | B29: =COUNTIF(B5:B24,"✅ Yes") | C29: =IF(B29=0,0,B29/COUNTA(B5:B24)*100)&"%"
A30: Partially Enforced (⚠️) | B30: =COUNTIF(B5:B24,"⚠️ Partial") | C30: =IF(B30=0,0,B30/COUNTA(B5:B24)*100)&"%"
A31: Not Enforced (❌) | B31: =COUNTIF(B5:B24,"❌ No") | C31: =IF(B31=0,0,B31/COUNTA(B5:B24)*100)&"%"
A32: N/A | B32: =COUNTIF(B5:B24,"N/A") | C32: =IF(B32=0,0,B32/COUNTA(B5:B24)*100)&"%"
A34: Overall AUP Alignment Score: | B34: =COUNTIF(B5:B24,"✅ Yes")/COUNTA(B5:B24)*100&"%"

Sheet Policy Review Process
A1: POLICY REVIEW PROCESS & TRACKING
A2: Maintain regular policy reviews and updates
A4: REVIEW SCHEDULE
A5: Policy Review Frequency:
A6: Responsible Party:
A7: Last Full Review Date:
A8: Next Scheduled Review:
A9: Review Meeting Required?:
A10: Stakeholders Involved:
A13: REVIEW HISTORY LOG
A14: Review Date | B14: Review Type | C14: Policies Reviewed | D14: Changes Made | E14: Approved By | F14: Next Review | G14: Evidence
A15: 01.01.2026 | B15: Full Review | C15: All web filtering policies | D15: Updated threat category list, added AI/ML tool categories | E15: CISO | F15: 01.04.2026 | G15: PolicyReview_2026Q1_Minutes.pdf
A68: QUARTERLY POLICY REVIEW CHECKLIST
A69: Threat Protection:
A70: ☐ Threat feeds updated and effective
A71: ☐ Zero-day protection working
A72: ☐ False positive rate acceptable
A74: Category Filtering (if applicable):
A75: ☐ Category lists current and appropriate
A76: ☐ Business justifications still valid
A77: ☐ Exception count reasonable
A79: Custom Lists:
A80: ☐ Block/allow lists reviewed
A81: ☐ Obsolete entries removed
... A103: ☐ Documentation updated

Sheet Evidence Register
A1: EVIDENCE REGISTER
A2: List all evidence files/documents referenced in this assessment (audit traceability).
A4: Evidence ID | B4: Assessment Area | C4: Evidence Type | D4: Description | E4: Location/Path | F4: Date Collected | G4: Collected By | H4: Verification Status
A5: EV-001 | B5: Web Filtering Policy Configuration | C5: Configuration file | D5: Filtering policy configuration export from management console | E5: /evidence/A.8.23/ | F5: 15.01.2026 | G5: Assessor Name | H5: ✅ Verified

Sheet Gap Analysis
A1: POLICY CONFIGURATION GAPS
A2: Identify missing or inadequate policy configurations
A4: Gap ID | B4: Policy Area | C4: Gap Description | D4: Risk Level | E4: Impact | F4: Current State | G4: Target State | H4: Remediation Plan | I4: Owner | J4: Target Date | K4: Status
A5: GAP-001
A58: GAP SUMMARY METRICS
A59: Risk Level | B59: Gap Count | C59: % of Total
A60: Critical | B60: =COUNTIF(D5:D55,"Critical") | C60: =IF(B60=0,0,B60/COUNTA(D5:D55)*100)&"%"
A61: High | B61: =COUNTIF(D5:D55,"High") | C61: =IF(B61=0,0,B61/COUNTA(D5:D55)*100)&"%"
A62: Medium | B62: =COUNTIF(D5:D55,"Medium") | C62: =IF(B62=0,0,B62/COUNTA(D5:D55)*100)&"%"
A63: Low | B63: =COUNTIF(D5:D55,"Low") | C63: =IF(B63=0,0,B63/COUNTA(D5:D55)*100)&"%"

Sheet Summary Dashboard
A1: POLICY CONFIGURATION ASSESSMENT — SUMMARY DASHBOARD
A2: ISO/IEC 27001:2022 - Control A.8.23: Web Filtering
A4: TABLE 1: ASSESSMENT AREA COMPLIANCE OVERVIEW
A5: Assessment Area | B5: Total Items | C5: Compliant | D5: Partial | E5: Non-Compliant | F5: N/A | G5: Compliance %
A6: Threat Protection | B6: =C6+D6+E6+F6 | C6: =COUNTIF('Threat Protection'!B5:B21,"✅ Configured") | D6: =COUNTIF('Threat Protection'!B5:B21,"⚠️ Partial") | E6: =COUNTIF('Threat Protection'!B5:B21,"❌ Not Configured")+COUNTIF('Threat Protection'!B5:B21,"⟳ Planned") | F6: =COUNTIF('Threat Protection'!B5:B21,"N/A") | G6: =IF((B6-F6)=0,0,C6/(B6-F6))
A7: Category Management | B7: =C7+D7+E7+F7 | C7: =COUNTIF('Category Management'!B9:B28,"⛔ Block")+COUNTIF('Category Management'!B9:B28,"✅ Allow")+COUNTIF('Category Management'!B9:B28,"⚠️ Warn") | D7: =COUNTIF('Category Management'!B9:B28,"○ Monitor Only") | E7: =0 | F7: =COUNTIF('Category Management'!B9:B28,"N/A") | G7: =IF((B7-F7)=0,0,C7/(B7-F7))
A8: Open Policy Gaps | B8: =C8+D8+E8+F8 | C8: =COUNTIF('Gap Analysis'!K5:K55,"✅ Resolved")+COUNTIF('Gap Analysis'!K5:K55,"⚠️ Accepted Risk") | D8: =COUNTIF('Gap Analysis'!K5:K55,"⟳ In Progress") | E8: =COUNTIF('Gap Analysis'!K5:K55,"○ Open") | F8: =0 | G8: =IF((B8-F8)=0,0,C8/(B8-F8))
A9: TOTAL | B9: =SUM(B6:B8) | C9: =SUM(C6:C8) | D9: =SUM(D6:D8) | E9: =SUM(E6:E8) | F9: =SUM(F6:F8) | G9: =IF((B9-F9)=0,0,C9/(B9-F9))
A12: TABLE 2: KEY METRICS
A13: Metric | B13: Count
A14: Threat Types ✅ Configured | B14: =COUNTIF('Threat Protection'!B5:B21,"✅ Configured")
A15: Threat Types ❌ Not Configured / ⟳ Planned | B15: =COUNTIF('Threat Protection'!B5:B21,"❌ Not Configured")+COUNTIF('Threat Protection'!B5:B21,"⟳ Planned")
A16: Categories ⛔ Blocked | B16: =COUNTIF('Category Management'!B9:B28,"⛔ Block")
A17: Categories ✅ Allowed | B17: =COUNTIF('Category Management'!B9:B28,"✅ Allow")
A18: Policy Exceptions ✅ Active | B18: =COUNTIF('Policy Exceptions'!L5:L55,"✅ Active")
A19: Policy Exceptions ⏳ Under Review | B19: =COUNTIF('Policy Exceptions'!L5:L55,"⏳ Under Review")
A20: Open Policy Gaps ○ | B20: =COUNTIF('Gap Analysis'!K5:K55,"○ Open")
A21: Policy Gaps ✅ Resolved | B21: =COUNTIF('Gap Analysis'!K5:K55,"✅ Resolved")
A24: TABLE 3: CRITICAL FINDINGS & OPEN GAPS
A25: Gap ID | B25: Policy Area | C25: Gap Description | D25: Risk Level | E25: Owner | F25: Target Date | G25: Status
A26: =IFERROR(INDEX('Gap Analysis'!A$5:A$55,SMALL(IF('Gap Analysis'!K$5:K$55="○ Open",ROW('Gap Analysis'!K$5:K$55)-ROW('Gap Analysis'!K$5)+1),1)),"") | B26: =IFERROR(INDEX('Gap Analysis'!B$5:B$55,SMALL(IF('Gap Analysis'!K$5:K$55="○ Open",ROW('Gap Analysis'!K$5:K$55)-ROW('Gap Analysis'!K$5)+1),1)),"") | C26: =IFERROR(INDEX('Gap Analysis'!C$5:C$55,SMALL(IF('Gap Analysis'!K$5:K$55="○ Open",ROW('Gap Analysis'!K$5:K$55)-ROW('Gap Analysis'!K$5)+1),1)),"") | D26: =IFERROR(INDEX('Gap Analysis'!D$5:D$55,SMALL(IF('Gap Analysis'!K$5:K$55="○ Open",ROW('Gap Analysis'!K$5:K$55)-ROW('Gap Analysis'!K$5)+1),1)),"") | E26: =IFERROR(INDEX('Gap Analysis'!I$5:I$55,SMALL(IF('Gap Analysis'!K$5:K$55="○ Open",ROW('Gap Analysis'!K$5:K$55)-ROW('Gap Analysis'!K$5)+1),1)),"") | F26: =IFERROR(INDEX('Gap Analysis'!J$5:J$55,SMALL(IF('Gap Analysis'!K$5:K$55="○ Open",ROW('Gap Analysis'!K$5:K$55)-ROW('Gap Analysis'!K$5)+1),1)),"") | G26: =IFERROR(INDEX('Gap Analysis'!K$5:K$55,SMALL(IF('Gap Analysis'!K$5:K$55="○ Open",ROW('Gap Analysis'!K$5:K$55)-ROW('Gap Analysis'!K$5)+1),1)),"")
A27: =IFERROR(INDEX('Gap Analysis'!A$5:A$55,SMALL(IF('Gap Analysis'!K$5:K$55="○ Open",ROW('Gap Analysis'!K$5:K$55)-ROW('Gap Analysis'!K$5)+1),2)),"") | B27: =IFERROR(INDEX('Gap Analysis'!B$5:B$55,SMALL(IF('Gap Analysis'!K$5:K$55="○ Open",ROW('Gap Analysis'!K$5:K$55)-ROW('Gap Analysis'!K$5)+1),2)),"") | C27: =IFERROR(INDEX('Gap Analysis'!C$5:C$55,SMALL(IF('Gap Analysis'!K$5:K$55="○ Open",ROW('Gap Analysis'!K$5:K$55)-ROW('Gap Analysis'!K$5)+1),2)),"") | D27: =IFERROR(INDEX('Gap Analysis'!D$5:D$55,SMALL(IF('Gap Analysis'!K$5:K$55="○ Open",ROW('Gap Analysis'!K$5:K$55)-ROW('Gap Analysis'!K$5)+1),2)),"") | E27: =IFERROR(INDEX('Gap Analysis'!I$5:I$55,SMALL(IF('Gap Analysis'!K$5:K$55="○ Open",ROW('Gap Analysis'!K$5:K$55)-ROW('Gap Analysis'!K$5)+1),2)),"") | F27: =IFERROR(INDEX('Gap Analysis'!J$5:J$55,SMALL(IF('Gap Analysis'!K$5:K$55="○ Open",ROW('Gap Analysis'!K$5:K$55)-ROW('Gap Analysis'!K$5)+1),2)),"") | G27: =IFERROR(INDEX('Gap Analysis'!K$5:K$55,SMALL(IF('Gap Analysis'!K$5:K$55="○ Open",ROW('Gap Analysis'!K$5:K$55)-ROW('Gap Analysis'!K$5)+1),2)),"")
A28: =IFERROR(INDEX('Gap Analysis'!A$5:A$55,SMALL(IF('Gap Analysis'!K$5:K$55="○ Open",ROW('Gap Analysis'!K$5:K$55)-ROW('Gap Analysis'!K$5)+1),3)),"") | B28: =IFERROR(INDEX('Gap Analysis'!B$5:B$55,SMALL(IF('Gap Analysis'!K$5:K$55="○ Open",ROW('Gap Analysis'!K$5:K$55)-ROW('Gap Analysis'!K$5)+1),3)),"") | C28: =IFERROR(INDEX('Gap Analysis'!C$5:C$55,SMALL(IF('Gap Analysis'!K$5:K$55="○ Open",ROW('Gap Analysis'!K$5:K$55)-ROW('Gap Analysis'!K$5)+1),3)),"") | D28: =IFERROR(INDEX('Gap Analysis'!D$5:D$55,SMALL(IF('Gap Analysis'!K$5:K$55="○ Open",ROW('Gap Analysis'!K$5:K$55)-ROW('Gap Analysis'!K$5)+1),3)),"") | E28: =IFERROR(INDEX('Gap Analysis'!I$5:I$55,SMALL(IF('Gap Analysis'!K$5:K$55="○ Open",ROW('Gap Analysis'!K$5:K$55)-ROW('Gap Analysis'!K$5)+1),3)),"") | F28: =IFERROR(INDEX('Gap Analysis'!J$5:J$55,SMALL(IF('Gap Analysis'!K$5:K$55="○ Open",ROW('Gap Analysis'!K$5:K$55)-ROW('Gap Analysis'!K$5)+1),3)),"") | G28: =IFERROR(INDEX('Gap Analysis'!K$5:K$55,SMALL(IF('Gap Analysis'!K$5:K$55="○ Open",ROW('Gap Analysis'!K$5:K$55)-ROW('Gap Analysis'!K$5)+1),3)),"")
A29: =IFERROR(INDEX('Gap Analysis'!A$5:A$55,SMALL(IF('Gap Analysis'!K$5:K$55="○ Open",ROW('Gap Analysis'!K$5:K$55)-ROW('Gap Analysis'!K$5)+1),4)),"") | B29: =IFERROR(INDEX('Gap Analysis'!B$5:B$55,SMALL(IF('Gap Analysis'!K$5:K$55="○ Open",ROW('Gap Analysis'!K$5:K$55)-ROW('Gap Analysis'!K$5)+1),4)),"") | C29: =IFERROR(INDEX('Gap Analysis'!C$5:C$55,SMALL(IF('Gap Analysis'!K$5:K$55="○ Open",ROW('Gap Analysis'!K$5:K$55)-ROW('Gap Analysis'!K$5)+1),4)),"") | D29: =IFERROR(INDEX('Gap Analysis'!D$5:D$55,SMALL(IF('Gap Analysis'!K$5:K$55="○ Open",ROW('Gap Analysis'!K$5:K$55)-ROW('Gap Analysis'!K$5)+1),4)),"") | E29: =IFERROR(INDEX('Gap Analysis'!I$5:I$55,SMALL(IF('Gap Analysis'!K$5:K$55="○ Open",ROW('Gap Analysis'!K$5:K$55)-ROW('Gap Analysis'!K$5)+1),4)),"") | F29: =IFERROR(INDEX('Gap Analysis'!J$5:J$55,SMALL(IF('Gap Analysis'!K$5:K$55="○ Open",ROW('Gap Analysis'!K$5:K$55)-ROW('Gap Analysis'!K$5)+1),4)),"") | G29: =IFERROR(INDEX('Gap Analysis'!K$5:K$55,SMALL(IF('Gap Analysis'!K$5:K$55="○ Open",ROW('Gap Analysis'!K$5:K$55)-ROW('Gap Analysis'!K$5)+1),4)),"")
A30: =IFERROR(INDEX('Gap Analysis'!A$5:A$55,SMALL(IF('Gap Analysis'!K$5:K$55="○ Open",ROW('Gap Analysis'!K$5:K$55)-ROW('Gap Analysis'!K$5)+1),5)),"") | B30: =IFERROR(INDEX('Gap Analysis'!B$5:B$55,SMALL(IF('Gap Analysis'!K$5:K$55="○ Open",ROW('Gap Analysis'!K$5:K$55)-ROW('Gap Analysis'!K$5)+1),5)),"") | C30: =IFERROR(INDEX('Gap Analysis'!C$5:C$55,SMALL(IF('Gap Analysis'!K$5:K$55="○ Open",ROW('Gap Analysis'!K$5:K$55)-ROW('Gap Analysis'!K$5)+1),5)),"") | D30: =IFERROR(INDEX('Gap Analysis'!D$5:D$55,SMALL(IF('Gap Analysis'!K$5:K$55="○ Open",ROW('Gap Analysis'!K$5:K$55)-ROW('Gap Analysis'!K$5)+1),5)),"") | E30: =IFERROR(INDEX('Gap Analysis'!I$5:I$55,SMALL(IF('Gap Analysis'!K$5:K$55="○ Open",ROW('Gap Analysis'!K$5:K$55)-ROW('Gap Analysis'!K$5)+1),5)),"") | F30: =IFERROR(INDEX('Gap Analysis'!J$5:J$55,SMALL(IF('Gap Analysis'!K$5:K$55="○ Open",ROW('Gap Analysis'!K$5:K$55)-ROW('Gap Analysis'!K$5)+1),5)),"") | G30: =IFERROR(INDEX('Gap Analysis'!K$5:K$55,SMALL(IF('Gap Analysis'!K$5:K$55="○ Open",ROW('Gap Analysis'!K$5:K$55)-ROW('Gap Analysis'!K$5)+1),5)),"")
A31: =IFERROR(INDEX('Gap Analysis'!A$5:A$55,SMALL(IF('Gap Analysis'!K$5:K$55="○ Open",ROW('Gap Analysis'!K$5:K$55)-ROW('Gap Analysis'!K$5)+1),6)),"") | B31: =IFERROR(INDEX('Gap Analysis'!B$5:B$55,SMALL(IF('Gap Analysis'!K$5:K$55="○ Open",ROW('Gap Analysis'!K$5:K$55)-ROW('Gap Analysis'!K$5)+1),6)),"") | C31: =IFERROR(INDEX('Gap Analysis'!C$5:C$55,SMALL(IF('Gap Analysis'!K$5:K$55="○ Open",ROW('Gap Analysis'!K$5:K$55)-ROW('Gap Analysis'!K$5)+1),6)),"") | D31: =IFERROR(INDEX('Gap Analysis'!D$5:D$55,SMALL(IF('Gap Analysis'!K$5:K$55="○ Open",ROW('Gap Analysis'!K$5:K$55)-ROW('Gap Analysis'!K$5)+1),6)),"") | E31: =IFERROR(INDEX('Gap Analysis'!I$5:I$55,SMALL(IF('Gap Analysis'!K$5:K$55="○ Open",ROW('Gap Analysis'!K$5:K$55)-ROW('Gap Analysis'!K$5)+1),6)),"") | F31: =IFERROR(INDEX('Gap Analysis'!J$5:J$55,SMALL(IF('Gap Analysis'!K$5:K$55="○ Open",ROW('Gap Analysis'!K$5:K$55)-ROW('Gap Analysis'!K$5)+1),6)),"") | G31: =IFERROR(INDEX('Gap Analysis'!K$5:K$55,SMALL(IF('Gap Analysis'!K$5:K$55="○ Open",ROW('Gap Analysis'!K$5:K$55)-ROW('Gap Analysis'!K$5)+1),6)),"")
A32: =IFERROR(INDEX('Gap Analysis'!A$5:A$55,SMALL(IF('Gap Analysis'!K$5:K$55="○ Open",ROW('Gap Analysis'!K$5:K$55)-ROW('Gap Analysis'!K$5)+1),7)),"") | B32: =IFERROR(INDEX('Gap Analysis'!B$5:B$55,SMALL(IF('Gap Analysis'!K$5:K$55="○ Open",ROW('Gap Analysis'!K$5:K$55)-ROW('Gap Analysis'!K$5)+1),7)),"") | C32: =IFERROR(INDEX('Gap Analysis'!C$5:C$55,SMALL(IF('Gap Analysis'!K$5:K$55="○ Open",ROW('Gap Analysis'!K$5:K$55)-ROW('Gap Analysis'!K$5)+1),7)),"") | D32: =IFERROR(INDEX('Gap Analysis'!D$5:D$55,SMALL(IF('Gap Analysis'!K$5:K$55="○ Open",ROW('Gap Analysis'!K$5:K$55)-ROW('Gap Analysis'!K$5)+1),7)),"") | E32: =IFERROR(INDEX('Gap Analysis'!I$5:I$55,SMALL(IF('Gap Analysis'!K$5:K$55="○ Open",ROW('Gap Analysis'!K$5:K$55)-ROW('Gap Analysis'!K$5)+1),7)),"") | F32: =IFERROR(INDEX('Gap Analysis'!J$5:J$55,SMALL(IF('Gap Analysis'!K$5:K$55="○ Open",ROW('Gap Analysis'!K$5:K$55)-ROW('Gap Analysis'!K$5)+1),7)),"") | G32: =IFERROR(INDEX('Gap Analysis'!K$5:K$55,SMALL(IF('Gap Analysis'!K$5:K$55="○ Open",ROW('Gap Analysis'!K$5:K$55)-ROW('Gap Analysis'!K$5)+1),7)),"")
A33: =IFERROR(INDEX('Gap Analysis'!A$5:A$55,SMALL(IF('Gap Analysis'!K$5:K$55="○ Open",ROW('Gap Analysis'!K$5:K$55)-ROW('Gap Analysis'!K$5)+1),8)),"") | B33: =IFERROR(INDEX('Gap Analysis'!B$5:B$55,SMALL(IF('Gap Analysis'!K$5:K$55="○ Open",ROW('Gap Analysis'!K$5:K$55)-ROW('Gap Analysis'!K$5)+1),8)),"") | C33: =IFERROR(INDEX('Gap Analysis'!C$5:C$55,SMALL(IF('Gap Analysis'!K$5:K$55="○ Open",ROW('Gap Analysis'!K$5:K$55)-ROW('Gap Analysis'!K$5)+1),8)),"") | D33: =IFERROR(INDEX('Gap Analysis'!D$5:D$55,SMALL(IF('Gap Analysis'!K$5:K$55="○ Open",ROW('Gap Analysis'!K$5:K$55)-ROW('Gap Analysis'!K$5)+1),8)),"") | E33: =IFERROR(INDEX('Gap Analysis'!I$5:I$55,SMALL(IF('Gap Analysis'!K$5:K$55="○ Open",ROW('Gap Analysis'!K$5:K$55)-ROW('Gap Analysis'!K$5)+1),8)),"") | F33: =IFERROR(INDEX('Gap Analysis'!J$5:J$55,SMALL(IF('Gap Analysis'!K$5:K$55="○ Open",ROW('Gap Analysis'!K$5:K$55)-ROW('Gap Analysis'!K$5)+1),8)),"") | G33: =IFERROR(INDEX('Gap Analysis'!K$5:K$55,SMALL(IF('Gap Analysis'!K$5:K$55="○ Open",ROW('Gap Analysis'!K$5:K$55)-ROW('Gap Analysis'!K$5)+1),8)),"")
A34: =IFERROR(INDEX('Gap Analysis'!A$5:A$55,SMALL(IF('Gap Analysis'!K$5:K$55="○ Open",ROW('Gap Analysis'!K$5:K$55)-ROW('Gap Analysis'!K$5)+1),9)),"") | B34: =IFERROR(INDEX('Gap Analysis'!B$5:B$55,SMALL(IF('Gap Analysis'!K$5:K$55="○ Open",ROW('Gap Analysis'!K$5:K$55)-ROW('Gap Analysis'!K$5)+1),9)),"") | C34: =IFERROR(INDEX('Gap Analysis'!C$5:C$55,SMALL(IF('Gap Analysis'!K$5:K$55="○ Open",ROW('Gap Analysis'!K$5:K$55)-ROW('Gap Analysis'!K$5)+1),9)),"") | D34: =IFERROR(INDEX('Gap Analysis'!D$5:D$55,SMALL(IF('Gap Analysis'!K$5:K$55="○ Open",ROW('Gap Analysis'!K$5:K$55)-ROW('Gap Analysis'!K$5)+1),9)),"") | E34: =IFERROR(INDEX('Gap Analysis'!I$5:I$55,SMALL(IF('Gap Analysis'!K$5:K$55="○ Open",ROW('Gap Analysis'!K$5:K$55)-ROW('Gap Analysis'!K$5)+1),9)),"") | F34: =IFERROR(INDEX('Gap Analysis'!J$5:J$55,SMALL(IF('Gap Analysis'!K$5:K$55="○ Open",ROW('Gap Analysis'!K$5:K$55)-ROW('Gap Analysis'!K$5)+1),9)),"") | G34: =IFERROR(INDEX('Gap Analysis'!K$5:K$55,SMALL(IF('Gap Analysis'!K$5:K$55="○ Open",ROW('Gap Analysis'!K$5:K$55)-ROW('Gap Analysis'!K$5)+1),9)),"")
A35: =IFERROR(INDEX('Gap Analysis'!A$5:A$55,SMALL(IF('Gap Analysis'!K$5:K$55="○ Open",ROW('Gap Analysis'!K$5:K$55)-ROW('Gap Analysis'!K$5)+1),10)),"") | B35: =IFERROR(INDEX('Gap Analysis'!B$5:B$55,SMALL(IF('Gap Analysis'!K$5:K$55="○ Open",ROW('Gap Analysis'!K$5:K$55)-ROW('Gap Analysis'!K$5)+1),10)),"") | C35: =IFERROR(INDEX('Gap Analysis'!C$5:C$55,SMALL(IF('Gap Analysis'!K$5:K$55="○ Open",ROW('Gap Analysis'!K$5:K$55)-ROW('Gap Analysis'!K$5)+1),10)),"") | D35: =IFERROR(INDEX('Gap Analysis'!D$5:D$55,SMALL(IF('Gap Analysis'!K$5:K$55="○ Open",ROW('Gap Analysis'!K$5:K$55)-ROW('Gap Analysis'!K$5)+1),10)),"") | E35: =IFERROR(INDEX('Gap Analysis'!I$5:I$55,SMALL(IF('Gap Analysis'!K$5:K$55="○ Open",ROW('Gap Analysis'!K$5:K$55)-ROW('Gap Analysis'!K$5)+1),10)),"") | F35: =IFERROR(INDEX('Gap Analysis'!J$5:J$55,SMALL(IF('Gap Analysis'!K$5:K$55="○ Open",ROW('Gap Analysis'!K$5:K$55)-ROW('Gap Analysis'!K$5)+1),10)),"") | G35: =IFERROR(INDEX('Gap Analysis'!K$5:K$55,SMALL(IF('Gap Analysis'!K$5:K$55="○ Open",ROW('Gap Analysis'!K$5:K$55)-ROW('Gap Analysis'!K$5)+1),10)),"")

Sheet Approval Sign-Off
A1: ASSESSMENT APPROVAL AND SIGN-OFF
A2: ISO/IEC 27001:2022 - Control A.8.23: Web Filtering
A3: ASSESSMENT SUMMARY
A4: Document: | B4: ISMS-IMP-A.8.23.3 - Policy Configuration Assessment
A5: Assessment Period:
A6: Overall Compliance Rating: | B6: ='Summary Dashboard'!G9
A7: Assessment Status:
A8: Assessed By:
A11: COMPLETED BY (ASSESSOR)
A12: Name:
A13: Title:
A14: Date:
A15: Signature:
A16: Comments:
A18: REVIEWED BY (INFORMATION SECURITY OFFICER)
A19: Name:
A20: Title:
A21: Date:
... A38: Special Considerations:
