Workbook

Sheet Instructions
A1: ISMS-IMP-A.8.17.2 ISO/IEC 27001:2022 - Control A.8.17: Clock Synchronization
A2: Generated: 2026-02-08 12:26:16
A4: Document ID: | B4: ISMS-IMP-A.8.17.2
A5: Title: | B5: System Synchronization Status Assessment
A8: Purpose:
A10: Sheets:
A11: • System_Inventory | B11: All systems requiring time synchronization
A12: • Drift_Analysis | B12: Statistical analysis of time drift across infrastructure
A13: • Gaps_Failures | B13: Systems not synchronized or exceeding drift thresholds
A14: • Compliance_Summary | B14: Overall compliance metrics and scores
A16: Instructions:
A17: 1. | B17: Import system inventory from A.5.9 Asset Management (if available)
A18: 2. | B18: For each system, verify and document:
B19: • NTP server configuration
B20: • Current synchronization status
B21: • Time drift measurement
B22: • Last sync verification timestamp
A23: 3. | B23: Use verification commands from ISMS-IMP-A.8.17-S2
A24: 4. | B24: Review Drift_Analysis for statistical insights
A25: 5. | B25: Address all items in Gaps_Failures sheet
A26: 6. | B26: Review Compliance_Summary for overall status
A28: Drift Thresholds:
A29: • General systems: | B29: ±1 second (±1000 milliseconds)
A30: • Critical security: | B30: ±100 milliseconds
A31: • High-precision: | B31: ±10 milliseconds
A33: Assessment Frequency:
A34: Policy Reference:
A35: Verification Guide:

Sheet System_Inventory
A1: System Name [*] | B1: Asset ID | C1: Type [*] | D1: OS/Platform | E1: Criticality | F1: NTP Server(s) Configured [*] | G1: Sync Status [*] | H1: Stratum | I1: Current Drift (ms) [*] | J1: Last Sync Time | K1: Last Verified [*] | L1: Compliance | M1: Notes
A2: web-server-01.org.local | B2: SRV-001 | C2: 🖥️ Server-Physical | D2: Ubuntu 22.04 | E2: 🟠 High | F2: ntp1.organization.local, ntp2.organization.local | G2: ✅ Synced | H2: 3 | I2: 0.5 | J2: 2026-02-08 12:26:16 | K2: 08.02.2026 | L2: =IF(G2="{CHECK} Synced",IF(E2="🔴 Critical",IF(ABS(I2)<=100,"{CHECK} PASS","{XMARK} FAIL"),IF(ABS(I2)<=1000,"{CHECK} PASS","{XMARK} FAIL")),"{XMARK} FAIL") | M2: Verified via chronyc tracking
A3: db-server-01.org.local | B3: SRV-002 | C3: 💻 Server-Virtual | D3: Windows Server 2022 | E3: 🔴 Critical | F3: ntp1.organization.local, ntp2.organization.local | G3: ✅ Synced | H3: 3 | I3: 25.3 | J3: 2026-02-08 12:26:16 | K3: 08.02.2026 | L3: =IF(G3="{CHECK} Synced",IF(E3="🔴 Critical",IF(ABS(I3)<=100,"{CHECK} PASS","{XMARK} FAIL"),IF(ABS(I3)<=1000,"{CHECK} PASS","{XMARK} FAIL")),"{XMARK} FAIL") | M3: Verified via w32tm
A4: firewall-01.org.local | B4: NET-001 | C4: 🌐 Network Device | D4: Cisco ASA | E4: 🔴 Critical | F4: 10.0.1.10, 10.0.1.11 | G4: ✅ Synced | H4: 3 | I4: 15.7 | J4: 2026-02-08 12:26:16 | K4: 08.02.2026 | L4: =IF(G4="{CHECK} Synced",IF(E4="🔴 Critical",IF(ABS(I4)<=100,"{CHECK} PASS","{XMARK} FAIL"),IF(ABS(I4)<=1000,"{CHECK} PASS","{XMARK} FAIL")),"{XMARK} FAIL") | M4: Verified via show ntp status
A5: siem-01.org.local | B5: SEC-001 | C5: 🔒 Security Appliance | D5: Splunk Enterprise | E5: 🔴 Critical | F5: ntp1.organization.local, ntp2.organization.local | G5: ❌ Not Synced | H5: 16 | I5: 1500.0 | J5: N/A | K5: 08.02.2026 | L5: =IF(G5="{CHECK} Synced",IF(E5="🔴 Critical",IF(ABS(I5)<=100,"{CHECK} PASS","{XMARK} FAIL"),IF(ABS(I5)<=1000,"{CHECK} PASS","{XMARK} FAIL")),"{XMARK} FAIL") | M5: NTP service not configured - REQUIRES REMEDIATION
A6: app-server-03.org.local | B6: SRV-005 | C6: ☁️ Server-Cloud | D6: Amazon Linux 2 | E6: 🟡 Medium | F6: 169.254.169.123 (AWS Time Sync) | G6: ✅ Synced | H6: 3 | I6: 2.1 | J6: 2026-02-08 12:26:16 | K6: 08.02.2026 | L6: =IF(G6="{CHECK} Synced",IF(E6="🔴 Critical",IF(ABS(I6)<=100,"{CHECK} PASS","{XMARK} FAIL"),IF(ABS(I6)<=1000,"{CHECK} PASS","{XMARK} FAIL")),"{XMARK} FAIL") | M6: Using AWS Time Sync Service
L7: =IF(G7="✅ Synced",IF(E7="🔴 Critical",IF(ABS(I7)<=100,"✅ PASS","❌ FAIL"),IF(ABS(I7)<=1000,"✅ PASS","❌ FAIL")),"❌ FAIL")
L8: =IF(G8="✅ Synced",IF(E8="🔴 Critical",IF(ABS(I8)<=100,"✅ PASS","❌ FAIL"),IF(ABS(I8)<=1000,"✅ PASS","❌ FAIL")),"❌ FAIL")
L9: =IF(G9="✅ Synced",IF(E9="🔴 Critical",IF(ABS(I9)<=100,"✅ PASS","❌ FAIL"),IF(ABS(I9)<=1000,"✅ PASS","❌ FAIL")),"❌ FAIL")
L10: =IF(G10="✅ Synced",IF(E10="🔴 Critical",IF(ABS(I10)<=100,"✅ PASS","❌ FAIL"),IF(ABS(I10)<=1000,"✅ PASS","❌ FAIL")),"❌ FAIL")
L11: =IF(G11="✅ Synced",IF(E11="🔴 Critical",IF(ABS(I11)<=100,"✅ PASS","❌ FAIL"),IF(ABS(I11)<=1000,"✅ PASS","❌ FAIL")),"❌ FAIL")
L12: =IF(G12="✅ Synced",IF(E12="🔴 Critical",IF(ABS(I12)<=100,"✅ PASS","❌ FAIL"),IF(ABS(I12)<=1000,"✅ PASS","❌ FAIL")),"❌ FAIL")
L13: =IF(G13="✅ Synced",IF(E13="🔴 Critical",IF(ABS(I13)<=100,"✅ PASS","❌ FAIL"),IF(ABS(I13)<=1000,"✅ PASS","❌ FAIL")),"❌ FAIL")
L14: =IF(G14="✅ Synced",IF(E14="🔴 Critical",IF(ABS(I14)<=100,"✅ PASS","❌ FAIL"),IF(ABS(I14)<=1000,"✅ PASS","❌ FAIL")),"❌ FAIL")
L15: =IF(G15="✅ Synced",IF(E15="🔴 Critical",IF(ABS(I15)<=100,"✅ PASS","❌ FAIL"),IF(ABS(I15)<=1000,"✅ PASS","❌ FAIL")),"❌ FAIL")
L16: =IF(G16="✅ Synced",IF(E16="🔴 Critical",IF(ABS(I16)<=100,"✅ PASS","❌ FAIL"),IF(ABS(I16)<=1000,"✅ PASS","❌ FAIL")),"❌ FAIL")
L17: =IF(G17="✅ Synced",IF(E17="🔴 Critical",IF(ABS(I17)<=100,"✅ PASS","❌ FAIL"),IF(ABS(I17)<=1000,"✅ PASS","❌ FAIL")),"❌ FAIL")
L18: =IF(G18="✅ Synced",IF(E18="🔴 Critical",IF(ABS(I18)<=100,"✅ PASS","❌ FAIL"),IF(ABS(I18)<=1000,"✅ PASS","❌ FAIL")),"❌ FAIL")
... L25: =IF(G25="✅ Synced",IF(E25="🔴 Critical",IF(ABS(I25)<=100,"✅ PASS","❌ FAIL"),IF(ABS(I25)<=1000,"✅ PASS","❌ FAIL")),"❌ FAIL")

Sheet Drift_Analysis
A1: Time Drift Statistical Analysis
A2: Analysis of time drift across all synchronized systems
A4: Overall Drift Statistics
A5: Metric | B5: Value | C5: Unit | D5: Notes
A6: Total Systems Assessed | B6: =COUNTA(System_Inventory!A2:A1000) | C6: systems | D6: All systems in inventory
A7: Systems Synchronized | B7: =COUNTIF(System_Inventory!G2:G1000,"Synced") | C7: systems | D7: Stratum ≠ 16
A8: Systems Not Synchronized | B8: =COUNTIF(System_Inventory!G2:G1000,"Not Synced")+COUNTIF(System_Inventory!G2:G1000,"Sync Failed") | C8: systems | D8: Requires remediation
A9: Average Drift (Synced Systems) | B9: =AVERAGEIF(System_Inventory!G2:G1000,"Synced",System_Inventory!I2:I1000) | C9: ms | D9: Mean time offset
A10: Maximum Drift (Synced Systems) | B10: =MAXIFS(System_Inventory!I2:I1000,System_Inventory!G2:G1000,"Synced") | C10: ms | D10: Highest offset observed
A11: Minimum Drift (Synced Systems) | B11: =MINIFS(System_Inventory!I2:I1000,System_Inventory!G2:G1000,"Synced") | C11: ms | D11: Lowest offset observed
A12: Standard Deviation | B12: =STDEV(System_Inventory!I2:I1000) | C12: ms | D12: Variation in drift
A15: Drift Distribution by Threshold
A16: Threshold | B16: Count | C16: Percentage | D16: Status
A17: ≤ 10ms (High-Precision) | B17: =COUNTIFS(System_Inventory!I2:I1000,"<=10",System_Inventory!I2:I1000,">=-10",System_Inventory!G2:G1000,"Synced") | C17: =B17/B6*100 | D17: Excellent
A18: ≤ 100ms (Critical Systems) | B18: =COUNTIFS(System_Inventory!I2:I1000,"<=100",System_Inventory!I2:I1000,">=-100",System_Inventory!G2:G1000,"Synced") | C18: =B18/B6*100 | D18: Good for critical
A19: ≤ 1000ms (General Systems) | B19: =COUNTIFS(System_Inventory!I2:I1000,"<=1000",System_Inventory!I2:I1000,">=-1000",System_Inventory!G2:G1000,"Synced") | C19: =B19/B6*100 | D19: Acceptable
A20: > 1000ms (Exceeds Threshold) | B20: =COUNTIFS(System_Inventory!I2:I1000,">1000",System_Inventory!G2:G1000,"Synced")+COUNTIFS(System_Inventory!I2:I1000,"<-1000",System_Inventory!G2:G1000,"Synced") | C20: =B20/B6*100 | D20: FAIL - Requires action
A23: Drift Analysis by System Type
A24: System Type | B24: Avg Drift (ms) | C24: Max Drift (ms) | D24: Count
A25: Server-Physical | B25: =AVERAGEIF(System_Inventory!C2:C1000,"Server-Physical",System_Inventory!I2:I1000) | C25: =MAXIFS(System_Inventory!I2:I1000,System_Inventory!C2:C1000,"Server-Physical") | D25: =COUNTIF(System_Inventory!C2:C1000,"Server-Physical")
A26: Server-Virtual | B26: =AVERAGEIF(System_Inventory!C2:C1000,"Server-Virtual",System_Inventory!I2:I1000) | C26: =MAXIFS(System_Inventory!I2:I1000,System_Inventory!C2:C1000,"Server-Virtual") | D26: =COUNTIF(System_Inventory!C2:C1000,"Server-Virtual")
A27: Server-Cloud | B27: =AVERAGEIF(System_Inventory!C2:C1000,"Server-Cloud",System_Inventory!I2:I1000) | C27: =MAXIFS(System_Inventory!I2:I1000,System_Inventory!C2:C1000,"Server-Cloud") | D27: =COUNTIF(System_Inventory!C2:C1000,"Server-Cloud")
A28: Network Device | B28: =AVERAGEIF(System_Inventory!C2:C1000,"Network Device",System_Inventory!I2:I1000) | C28: =MAXIFS(System_Inventory!I2:I1000,System_Inventory!C2:C1000,"Network Device") | D28: =COUNTIF(System_Inventory!C2:C1000,"Network Device")
A29: Security Appliance | B29: =AVERAGEIF(System_Inventory!C2:C1000,"Security Appliance",System_Inventory!I2:I1000) | C29: =MAXIFS(System_Inventory!I2:I1000,System_Inventory!C2:C1000,"Security Appliance") | D29: =COUNTIF(System_Inventory!C2:C1000,"Security Appliance")
A32: Drift Analysis by Criticality
A33: Criticality | B33: Avg Drift (ms) | C33: Max Drift (ms) | D33: Count
A34: Critical | B34: =AVERAGEIF(System_Inventory!E2:E1000,"Critical",System_Inventory!I2:I1000) | C34: =MAXIFS(System_Inventory!I2:I1000,System_Inventory!E2:E1000,"Critical") | D34: =COUNTIF(System_Inventory!E2:E1000,"Critical")
A35: High | B35: =AVERAGEIF(System_Inventory!E2:E1000,"High",System_Inventory!I2:I1000) | C35: =MAXIFS(System_Inventory!I2:I1000,System_Inventory!E2:E1000,"High") | D35: =COUNTIF(System_Inventory!E2:E1000,"High")
A36: Medium | B36: =AVERAGEIF(System_Inventory!E2:E1000,"Medium",System_Inventory!I2:I1000) | C36: =MAXIFS(System_Inventory!I2:I1000,System_Inventory!E2:E1000,"Medium") | D36: =COUNTIF(System_Inventory!E2:E1000,"Medium")
A37: Low | B37: =AVERAGEIF(System_Inventory!E2:E1000,"Low",System_Inventory!I2:I1000) | C37: =MAXIFS(System_Inventory!I2:I1000,System_Inventory!E2:E1000,"Low") | D37: =COUNTIF(System_Inventory!E2:E1000,"Low")

Sheet Gaps_Failures
A1: Systems Not Synchronized or Exceeding Drift Threshold
A2: These systems require immediate remediation
A4: System Name | B4: Type | C4: Criticality | D4: Sync Status | E4: Drift (ms) | F4: Issue Category | G4: Remediation Action | H4: Target Date
A5: Fill this sheet with systems from System_Inventory where:
A6: • Sync Status = f'❌ Not Synced', f'⚠ Sync Failed', or '❓ Unknown'
A7: • Compliance = f'❌ FAIL' (drift exceeds threshold for criticality level)
A8: • Stratum = 16 (not synchronized)
A10: siem-01.org.local | B10: 🔒 Security Appliance | C10: 🔴 Critical | D10: ❌ Not Synced | E10: 1500.0 | F10: NTP Not Configured | G10: Configure NTP client, restart service | H10: 11.02.2026
A11: legacy-app-server.org.local | B11: 🖥️ Server-Physical | C11: 🟡 Medium | D11: ⚠ Sync Failed | E11: 2500.0 | F11: NTP Server Unreachable | G11: Verify network connectivity, update firewall rules | H11: 13.02.2026
A12: db-replica-02.org.local | B12: 💻 Server-Virtual | C12: 🔴 Critical | D12: ✅ Synced | E12: 150.0 | F12: Excessive Drift (Critical) | G12: Investigate time source quality, restart NTP | H12: 09.02.2026

Sheet Compliance_Summary
A1: System Synchronization Status - Compliance Summary
A2: Assessment Date: 08.02.2026
A4: Overall Compliance Metrics
A5: Metric | B5: Value | C5: Target | D5: Status
A6: Total Systems Assessed | B6: =COUNTA(System_Inventory!A2:A1000) | C6: All systems
A7: Systems Synchronized | B7: =COUNTIF(System_Inventory!G2:G1000,"Synced") | C7: 100% | D7: =IF(B6/B5>=0.95,"PASS","FAIL")
A8: Synchronization Rate | B8: =B6/B5*100 | C8: ≥95% | D8: =IF(B7>=95,"PASS","FAIL")
A9: Systems Within Threshold | B9: =COUNTIF(System_Inventory!L2:L1000,"PASS") | C9: 100% | D9: =IF(B8/B5>=0.95,"PASS","FAIL")
A10: Compliance Rate | B10: =B8/B5*100 | C10: ≥95% | D10: =IF(B9>=95,"PASS","FAIL")
A11: Average Drift (All Systems) | B11: =Drift_Analysis!B5 | C11: < 100ms | D11: =IF(B10<100,"PASS","WARN")
A12: Maximum Drift Observed | B12: =Drift_Analysis!B6 | C12: < 1000ms | D12: =IF(B11<1000,"PASS","FAIL")
A13: Critical Systems in Compliance | B13: =COUNTIFS(System_Inventory!E2:E1000,"Critical",System_Inventory!L2:L1000,"PASS") | C13: 100% | D13: =IF(B12/COUNTIF(System_Inventory!E2:E1000,"Critical")=1,"PASS","FAIL")
A16: Compliance by Criticality Level
A17: Criticality | B17: Total | C17: Compliant | D17: Rate
A18: 🔴 Critical | B18: =COUNTIF(System_Inventory!E2:E1000,"🔴 Critical") | C18: =COUNTIFS(System_Inventory!E2:E1000,"🔴 Critical",System_Inventory!L2:L1000,"{CHECK} PASS") | D18: =C18/B18*100
A19: 🟠 High | B19: =COUNTIF(System_Inventory!E2:E1000,"🟠 High") | C19: =COUNTIFS(System_Inventory!E2:E1000,"🟠 High",System_Inventory!L2:L1000,"{CHECK} PASS") | D19: =C19/B19*100
A20: 🟡 Medium | B20: =COUNTIF(System_Inventory!E2:E1000,"🟡 Medium") | C20: =COUNTIFS(System_Inventory!E2:E1000,"🟡 Medium",System_Inventory!L2:L1000,"{CHECK} PASS") | D20: =C20/B20*100
A21: 🟢 Low | B21: =COUNTIF(System_Inventory!E2:E1000,"🟢 Low") | C21: =COUNTIFS(System_Inventory!E2:E1000,"🟢 Low",System_Inventory!L2:L1000,"{CHECK} PASS") | D21: =C21/B21*100
A24: Critical Gaps Requiring Immediate Action
A25: Gap Type | B25: Count | C25: Severity | D25: Action Required
A26: Systems Not Synchronized | B26: =COUNTIF(System_Inventory!G2:G1000,"{XMARK} Not Synced")+COUNTIF(System_Inventory!G2:G1000,"{WARNING} Sync Failed") | C26: 🔴 HIGH | D26: Configure NTP, verify connectivity
A27: Critical Systems Non-Compliant | B27: =COUNTIFS(System_Inventory!E2:E1000,"🔴 Critical",System_Inventory!L2:L1000,"{XMARK} FAIL") | C27: 🔴 HIGH | D27: Immediate remediation required
A28: Systems Exceeding Drift Threshold | B28: =COUNTIF(System_Inventory!L2:L1000,"{XMARK} FAIL") | C28: 🟡 MEDIUM | D28: Investigate and remediate
A29: Unknown Sync Status | B29: =COUNTIF(System_Inventory!G2:G1000,"❓ Unknown") | C29: 🟡 MEDIUM | D29: Verify and document status
A32: Next Steps
A33: 1. Review all systems in Gaps_Failures sheet
A34: 2. Assign remediation tasks to system owners
A35: 3. Track remediation progress (target dates in Gaps_Failures)
A36: 4. Re-verify systems after remediation
A37: 5. Update this assessment monthly
A38: 6. Escalate persistent non-compliance to management
A39: 7. Review drift trends in Drift_Analysis sheet
A42: Assessment Information
A43: Assessment Date: | B43: 08.02.2026
A44: Assessed By: | B44: [Name]
A45: Review Date: | B45: [Date]
A46: Approved By: | B46: [Name]
A47: Next Assessment: | B47: [Monthly - Date]
A48: Policy Reference: | B48: ISMS-POL-A.8.17 REQ-817-011
A49: Verification Guide: | B49: ISMS-IMP-A.8.17-S2
