Workbook

Sheet Instructions & Legend
A1: ALERT MANAGEMENT & RESPONSE ASSESSMENT
A2: ISO/IEC 27001:2022 - Control A.8.16: Monitoring Activities
A4: DOCUMENT INFORMATION
A5: Document ID: | B5: ISMS-IMP-A.8.16.4
A6: Assessment Area: | B6: Alert Management & Response
A7: Related Policy: | B7: ISMS-POL-A.8.16-S2.3
A8: Version: | B8: 1.0
A9: Assessment Date: | B9: [USER INPUT - DD.MM.YYYY]
A10: Completed By: | B10: [USER INPUT]
A11: Organization: | B11: [USER INPUT]
A12: Review Cycle: | B12: Quarterly
A13: Next Review Date: | B13: =IF(B8<>"",B8+90,"")
A16: HOW TO USE THIS WORKBOOK
A17: 1. Complete Alert Generation inventory (Sheet 1)
A18: 2. Document Triage & Investigation processes (Sheet 2)
A19: 3. Define Escalation & Response procedures (Sheet 3)
A20: 4. Track Performance Metrics (Sheet 4)
A21: 5. Assess SOC Operational Readiness (Sheet 5)
A22: 6. Review Summary Dashboard for gaps
A23: 7. Gather evidence and document in Evidence Register
A24: 8. Obtain approvals via Approval Sign-Off sheet
A25: 9. Review quarterly and update metrics
A28: "In God we trust. All others must bring data." - W. Edwards Deming
A29: 🎯 Measure response times. Track effectiveness. Improve continuously.

Sheet 1. Alert Generation
A1: 1. ALERT GENERATION & CLASSIFICATION ASSESSMENT
A2: Policy Reference: ISMS-POL-A.8.16-S2.3.3 - Alert generation
A3: Are alerts properly generated, classified, enriched, and managed?
A6: Alert Type/Name | B6: Alert Source | C6: Detection Rule ID | D6: Alert Severity | E6: MITRE ATT&CK Technique | F6: Alert Description | G6: Trigger Criteria | H6: Enrichment Data | I6: Expected FP Rate | J6: Actual FP Rate (30d) | K6: Alert Volume (30d) | L6: True Positives (30d) | M6: Response Playbook | N6: SLA Timeframe | O6: Auto-Enrichment | P6: Auto-Containment | Q6: Deduplication Enabled | R6: Alert Status | S6: Last Tuned | T6: Compliance Status | U6: Issues/Gaps | V6: Tuning Priority
A7: Privilege Escalation Alert | B7: SIEM | C7: RULE-105 | D7: High (P2) | E7: T1068 | F7: Detects privilege escalation attempts | G7: Event 4672 + 4768 within 5 min | H7: User context, asset info, threat intel | I7: 10% | J7: 8% | K7: 45 | L7: 41 | M7: PB-PRIV-ESC-001 | N7: <1 hr | O7: Yes | P7: No | Q7: Yes | R7: Active | S7: 15.12.2024 | T7: ✅ Compliant | U7: None | V7: Low
A40: ALERT STATISTICS
A41: Metric
A42: Total Active Alerts
A43: Critical Alerts
A44: High Alerts
A45: Alerts with Playbooks
A46: Alerts with Auto-Enrichment
A47: Alerts Needing Tuning
A48: Average FP Rate
A49: Alerts Without Deduplication
A52: ALERT GENERATION CHECKLIST
A53: # | B53: Requirement
A54: 1 | B54: All alert types documented
A55: 2 | B55: Alert severity classification consistent
A56: 3 | B56: MITRE ATT&CK mapping documented
A57: 4 | B57: Trigger criteria documented
A58: 5 | B58: Alert enrichment configured
A59: 6 | B59: Response playbook exists
A60: 7 | B60: SLA timeframes defined
A61: 8 | B61: False positive rates tracked (<25% overall, <10% critical)
A62: 9 | B62: High FP alerts tuned within 30 days
A63: 10 | B63: Alert deduplication configured
A64: 11 | B64: Auto-containment for high-confidence
A65: 12 | B65: Alerts tested before production
... A68: 15 | B68: Retired alerts properly archived
A69: SCORE: | B69: =COUNTIF(V54:V68,"✅ Compliant")&" / 15"

Sheet 2. Triage Investigation
A1: 2. TRIAGE & INVESTIGATION PROCESS ASSESSMENT
A2: Policy Reference: ISMS-POL-A.8.16-S2.3.5 - Triage procedures
A3: Are triage and investigation processes documented, trained, and effective?
A6: Process Step | B6: Process Owner | C6: Procedure Documented | D6: Documentation Location | E6: Training Provided | F6: Tools/Systems Used | G6: Automation Level | H6: Average Time (Minutes) | I6: SLA Target (Minutes) | J6: SLA Compliance % | K6: Bottlenecks Identified | L6: Quality Metrics | M6: Error Rate % | N6: Analyst Workload | O6: Shift Coverage | P6: Escalation Criteria | Q6: Escalation Rate % | R6: Process Status | S6: Last Process Review | T6: Improvement Opportunities | U6: Priority
A7: Initial Assessment | B7: Tier 1 Analyst | C7: Yes | D7: SOC-SOP-002 | E7: Yes | F7: SIEM, EDR Console | G7: Partially Automated | H7: 8 | I7: 15 | J7: 92% | K7: Manual enrichment takes time | L7: First contact resolution rate | M7: 3% | N7: 35 alerts/shift | O7: 24/7 | P7: Severity High + Confirmed TP | Q7: 12% | R7: ✅ Defined | S7: 10.12.2024 | T7: Automate enrichment | U7: Medium
A25: TRIAGE PROCESS STATISTICS
A26: Metric
A27: Process Steps Documented
A28: Fully Automated Steps
A29: Partially Automated Steps
A30: Manual Steps
A31: Steps Meeting SLA
A32: Staff Trained
A33: Processes Reviewed (90d)
A34: Average Escalation Rate
A37: TRIAGE & INVESTIGATION CHECKLIST
A38: # | B38: Requirement
A39: 1 | B39: Triage procedure documented
A40: 2 | B40: Triage steps clearly defined
A41: 3 | B41: Disposition criteria documented (TP/FP/Benign/Investigation)
A42: 4 | B42: Triage timeframes defined per severity
A43: 5 | B43: SOC analysts trained on triage procedures
A44: 6 | B44: Triage tools accessible to all analysts
A45: 7 | B45: Context enrichment automated where possible
A46: 8 | B46: Common false positive scenarios documented
A47: 9 | B47: Investigation playbooks exist
A48: 10 | B48: Evidence collection guidance provided
A49: 11 | B49: Documentation requirements defined
A50: 12 | B50: Escalation criteria clearly defined
... A53: 15 | B53: Continuous improvement implemented
A54: SCORE: | B54: =COUNTIF(U39:U53,"✅ Compliant")&" / 15"

Sheet 3. Escalation Response
A1: 3. ESCALATION & RESPONSE PROCEDURES
A2: Policy Reference: ISMS-POL-A.8.16-S2.3.7 - Escalation procedures
A3: Are escalation paths documented, tested, and effective?
A6: Escalation Scenario | B6: Trigger Criteria | C6: Escalation Level | D6: Target Person/Team | E6: Primary Contact | F6: Backup Contact | G6: Contact Method | H6: Escalation Timeframe | I6: Information to Provide | J6: Expected Response Time | K6: Procedure Documented | L6: Tested Frequency | M6: Last Tested | N6: Test Result | O6: After-Hours Procedure | P6: Escalation Rate (30d) | Q6: Compliance Status | R6: Gaps/Issues | S6: Priority
A7: Critical Alert - Confirmed Ransomware | B7: Ransomware indicators + file encryption | C7: SOC→IR | D7: Incident Response Team | E7: IR Lead (555-0100) | F7: IR Manager (555-0101) | G7: Phone | H7: Within 15 min | I7: Alert details, affected systems, IOCs | J7: 30 min | K7: Yes | L7: Quarterly | M7: 15.10.2024 | N7: Successful | O7: On-Call | P7: 3 incidents | Q7: ✅ Compliant | R7: None | S7: Critical
A30: ESCALATION STATISTICS
A31: Metric
A32: Total Escalation Paths Documented
A33: Paths with Procedures
A34: Tested Quarterly
A35: Tested in Last 90 Days
A36: Successful Test Results
A37: Paths with After-Hours Coverage
A38: Paths Needing Improvement
A39: Critical Escalations (30d)
A42: ESCALATION & RESPONSE CHECKLIST
A43: # | B43: Requirement
A44: 1 | B44: Escalation paths documented for all severity levels
A45: 2 | B45: Escalation criteria clearly defined
A46: 3 | B46: Contact information current (verified quarterly)
A47: 4 | B47: Backup contacts identified
A48: 5 | B48: After-hours escalation procedures defined
A49: 6 | B49: On-call rotation established
A50: 7 | B50: Escalation timeframes defined
A51: 8 | B51: Information requirements documented (what to escalate)
A52: 9 | B52: Communication templates available
A53: 10 | B53: Escalation tracking in place
A54: 11 | B54: Escalation procedures tested (tabletop exercises)
A55: 12 | B55: External escalation procedures defined (law enforcement, regulators)
... A58: 15 | B58: False escalations analyzed and reduced
A59: SCORE: | B59: =COUNTIF(S44:S58,"✅ Compliant")&" / 15"

Sheet 4. Performance Metrics
A1: 4. ALERT PERFORMANCE METRICS
A2: Policy Reference: ISMS-POL-A.8.16-S2.3.9 - Performance metrics
A3: Are alert performance metrics tracked, analyzed, and driving improvement?
A6: Metric Name | B6: Metric Category | C6: Measurement Method | D6: Data Source | E6: Current Value | F6: Target/SLA | G6: Status | H6: Trend (30d) | I6: Measurement Frequency | J6: Reporting Frequency | K6: Reported To | L6: Automated Tracking | M6: Dashboard Available | N6: Alert on Threshold | O6: Last Review | P6: Action Items | Q6: Compliance Status | R6: Notes
A7: Mean Time To Acknowledge (MTTA) | B7: Response Time | C7: SIEM timestamp analysis | D7: SIEM | E7: 8 min | F7: <15 min | G7: ✅ Meeting Target | H7: Improving | I7: Real-Time | J7: Daily | K7: SOC Lead | L7: Yes | M7: Yes | N7: Yes | O7: 05.01.2025 | P7: None - on target | Q7: ✅ Compliant | R7: Critical alerts only
A30: METRICS TRACKING STATISTICS
A31: Metric
A32: Total Metrics Tracked
A33: Metrics Meeting Target
A34: Metrics Below Target
A35: Metrics in Critical State
A36: Improving Trends
A37: Declining Trends
A38: Automated Tracking
A39: Dashboard Visibility
A42: KEY METRICS REFERENCE (MTTA/MTTT/MTTI/MTTR)
A43: Metric | B43: Definition | C43: Target (Critical) | D43: Target (High) | E43: Target (Medium)
A44: MTTA | B44: Mean Time To Acknowledge
A45: MTTT | B45: Mean Time To Triage
A46: MTTI | B46: Mean Time To Investigate
A47: MTTR | B47: Mean Time To Resolve
A48: TP Rate | B48: True Positive Rate
A49: FP Rate | B49: False Positive Rate
A52: PERFORMANCE METRICS CHECKLIST
A53: # | B53: Requirement
A54: 1 | B54: Alert volume metrics tracked
A55: 2 | B55: Response time metrics tracked (MTTA, MTTT, MTTI, MTTR)
A56: 3 | B56: Quality metrics tracked (TP rate, FP rate)
A57: 4 | B57: Effectiveness metrics tracked (detection rate)
A58: 5 | B58: Metrics targets defined
A59: 6 | B59: Metrics measured consistently
A60: 7 | B60: Metrics reported to SOC Lead (weekly)
A61: 8 | B61: Metrics reported to CISO (monthly)
A62: 9 | B62: Metrics dashboard available
A63: 10 | B63: Trends analyzed
A64: 11 | B64: Performance issues identified
A65: 12 | B65: Improvement actions taken
... A68: 15 | B68: Metrics included in management reporting
A69: SCORE: | B69: =COUNTIF(R54:R68,"✅ Compliant")&" / 15"

Sheet 5. SOC Readiness
A1: 5. SOC OPERATIONAL READINESS ASSESSMENT
A2: Policy Reference: ISMS-POL-A.8.16-S3 - SOC operations
A3: Is the SOC operationally ready with adequate staffing, training, tools, and procedures?
A6: Readiness Area | B6: Requirement | C6: Current State | D6: Status | E6: Evidence | F6: Gap Description | G6: Business Impact | H6: Risk Level | I6: Remediation Plan | J6: Target Date | K6: Owner | L6: Budget Required | M6: Dependencies | N6: Status | O6: Last Updated | P6: Compliance Status | Q6: Notes
A7: Staffing | B7: 24/7 SOC coverage with Tier 1/2 analysts | C7: 5 Tier 1, 3 Tier 2, 24/7 coverage | D7: ✅ Adequate | E7: Shift rosters, staffing plan | F7: None | G7: N/A | H7: Low | I7: N/A | J7: N/A | K7: SOC Manager | L7: No | M7: None | N7: Complete | O7: 01.01.2025 | P7: ✅ Compliant | Q7: Adequate staffing levels
A35: SOC READINESS STATISTICS
A36: Metric
A37: Total Readiness Requirements
A38: Requirements Adequate
A39: Requirements Needing Improvement
A40: Requirements Inadequate
A41: Remediation Complete
A42: Remediation In Progress
A43: Staffing by Area
A44: Training by Area
A47: SOC OPERATIONAL READINESS CHECKLIST
A48: # | B48: Requirement
A49: 1 | B49: SOC staffing adequate for 24/7 coverage
A50: 2 | B50: Analyst to alert ratio acceptable (<50 alerts/shift)
A51: 3 | B51: SOC tiers defined (Tier 1, 2, 3)
A52: 4 | B52: On-call rotation established
A53: 5 | B53: Shift handover procedures defined
A54: 6 | B54: SOC analysts trained on triage procedures
A55: 7 | B55: SOC analysts trained on investigation playbooks
A56: 8 | B56: SOC analysts trained on tools (SIEM, EDR, etc.)
A57: 9 | B57: Training records maintained
A58: 10 | B58: Quarterly training refreshers conducted
A59: 11 | B59: All required tools accessible to SOC
A60: 12 | B60: Tool access tested and functional
... A73: 25 | B73: Disaster recovery procedures tested
A74: SCORE: | B74: =COUNTIF(Q49:Q73,"✅ Compliant")&" / 25"

Sheet Summary Dashboard
A1: ALERT MANAGEMENT - SUMMARY DASHBOARD
A2: Consolidated Assessment - ISMS-IMP-A.8.16.4
A4: ALERT MANAGEMENT SUMMARY
A5: Metric
A6: Total Active Alerts
A7: Critical Alerts
A8: Average FP Rate
A9: Alerts with Playbooks
A10: Alerts Needing Tuning
A13: RESPONSE TIME PERFORMANCE
A14: Metric
A15: MTTA - Critical Alerts
... A37: COMPLIANCE SUMMARY
A38: Assessment Area | B38: Compliant | C38: Partial | D38: Non-Compliant | E38: N/A | F38: Total | G38: Compliance % | H38: Status
A39: 1. Alert Generation | B39: =COUNTIF('1. Alert Generation'!V54:V68,"✅ Compliant") | C39: =COUNTIF('1. Alert Generation'!V54:V68,"⚠️ Partial") | D39: =COUNTIF('1. Alert Generation'!V54:V68,"❌ Non-Compliant") | E39: =COUNTIF('1. Alert Generation'!V54:V68,"N/A") | F39: 15 | G39: =IF(F39>0,ROUND(B39/(F39-E39)*100,1)&"%","N/A") | H39: =IF(G39="N/A","N/A",IF(VALUE(LEFT(G39,LEN(G39)-1))>=80,"✅ Good","⚠️ Needs Work"))
A40: 2. Triage & Investigation | B40: =COUNTIF('2. Triage Investigation'!U39:U53,"✅ Compliant") | C40: =COUNTIF('2. Triage Investigation'!U39:U53,"⚠️ Partial") | D40: =COUNTIF('2. Triage Investigation'!U39:U53,"❌ Non-Compliant") | E40: =COUNTIF('2. Triage Investigation'!U39:U53,"N/A") | F40: 15 | G40: =IF(F40>0,ROUND(B40/(F40-E40)*100,1)&"%","N/A") | H40: =IF(G40="N/A","N/A",IF(VALUE(LEFT(G40,LEN(G40)-1))>=80,"✅ Good","⚠️ Needs Work"))
A41: 3. Escalation & Response | B41: =COUNTIF('3. Escalation Response'!S44:S58,"✅ Compliant") | C41: =COUNTIF('3. Escalation Response'!S44:S58,"⚠️ Partial") | D41: =COUNTIF('3. Escalation Response'!S44:S58,"❌ Non-Compliant") | E41: =COUNTIF('3. Escalation Response'!S44:S58,"N/A") | F41: 15 | G41: =IF(F41>0,ROUND(B41/(F41-E41)*100,1)&"%","N/A") | H41: =IF(G41="N/A","N/A",IF(VALUE(LEFT(G41,LEN(G41)-1))>=80,"✅ Good","⚠️ Needs Work"))
A42: 4. Performance Metrics | B42: =COUNTIF('4. Performance Metrics'!R54:R68,"✅ Compliant") | C42: =COUNTIF('4. Performance Metrics'!R54:R68,"⚠️ Partial") | D42: =COUNTIF('4. Performance Metrics'!R54:R68,"❌ Non-Compliant") | E42: =COUNTIF('4. Performance Metrics'!R54:R68,"N/A") | F42: 15 | G42: =IF(F42>0,ROUND(B42/(F42-E42)*100,1)&"%","N/A") | H42: =IF(G42="N/A","N/A",IF(VALUE(LEFT(G42,LEN(G42)-1))>=80,"✅ Good","⚠️ Needs Work"))
A43: 5. SOC Readiness | B43: =COUNTIF('5. SOC Readiness'!Q49:Q73,"✅ Compliant") | C43: =COUNTIF('5. SOC Readiness'!Q49:Q73,"⚠️ Partial") | D43: =COUNTIF('5. SOC Readiness'!Q49:Q73,"❌ Non-Compliant") | E43: =COUNTIF('5. SOC Readiness'!Q49:Q73,"N/A") | F43: 25 | G43: =IF(F43>0,ROUND(B43/(F43-E43)*100,1)&"%","N/A") | H43: =IF(G43="N/A","N/A",IF(VALUE(LEFT(G43,LEN(G43)-1))>=80,"✅ Good","⚠️ Needs Work"))
A45: OVERALL TOTAL | B45: =SUM(B39:B43) | C45: =SUM(C39:C43) | D45: =SUM(D39:D43) | E45: =SUM(E39:E43) | F45: =SUM(F39:F43) | G45: =IF(F45>0,ROUND(B45/(F45-E45)*100,1)&"%","N/A") | H45: =IF(G45="N/A","N/A",IF(VALUE(LEFT(G45,LEN(G45)-1))>=80,"✅ Good","⚠️ Needs Work"))
A47: CRITICAL ISSUES
A48: Priority | B48: Issue

Sheet Evidence Register

Sheet Approval Sign-Off
