Workbook

Sheet Instructions & Legend
A1: ISMS-IMP-A.8.27.4 - Zero Trust Implementation Assessment ISO/IEC 27001:2022 - Control A.8.27: Secure System Architecture and Engineering Principles
A3: Document Information
A4: Document ID | B4: ISMS-IMP-A.8.27.4
A5: Workbook Title | B5: Zero Trust Implementation Assessment
A6: Control Reference | B6: ISO/IEC 27001:2022 - Control A.8.27: Secure System Architecture and Engineering Principles
A7: Version | B7: 1.0
A8: Assessment Date
A9: Completed By
A10: Organisation
A12: Instructions
A13: 1. Complete the Strategy sheet to assess executive sponsorship and roadmap for Zero Trust adoption.
A14: 2. Complete the Identity sheet to evaluate authentication, authorisation, and identity lifecycle maturity.
A15: 3. Complete the Device sheet to assess device inventory, compliance, and endpoint detection capabilities.
A16: 4. Complete the Network sheet to evaluate segmentation, encryption, and ZTNA implementation.
A17: 5. Complete the Workload sheet to assess workload identity, isolation, and DevSecOps maturity.
A18: 6. Complete the Data sheet to evaluate classification, encryption, and data loss prevention controls.
A19: 7. Complete the Visibility sheet to assess logging, SIEM, and behavioural analytics capabilities.
A20: 8. Complete the Automation sheet to evaluate policy automation and orchestrated response maturity.
... A26: Status Legend
A27: Symbol | B27: Status | C27: Description
A28: ✓ | B28: Compliant / Complete | C28: Requirement fully met
A29: ⚠ | B29: Partial / In Progress | C29: Partially met or in progress
A30: ✗ | B30: Non-Compliant / Not Started | C30: Requirement not met
A31: — | B31: Not Applicable | C31: Not applicable to this assessment

Sheet Strategy
A1: ZERO TRUST - STRATEGY ASSESSMENT
A2: Assess organisational strategy, executive sponsorship, and governance for Zero Trust adoption
A4: Strat-ID | B4: Element | C4: Status | D4: Evidence | E4: Gap | F4: Owner | G4: Notes
A5: STRAT-001 | B5: Executive sponsorship for Zero Trust | C5: ✅ Yes | D5: Board approval documentation | E5: None identified | F5: CTO | G5: Zero Trust strategy approved

Sheet Identity
A1: ZERO TRUST - IDENTITY PILLAR ASSESSMENT
A2: Assess identity pillar maturity from traditional to optimal Zero Trust posture
A4: ID-ID | B4: Capability | C4: Traditional | D4: Initial | E4: Advanced | F4: Optimal | G4: Current | H4: Target | I4: Evidence | J4: Gap
A5: ID-001 | B5: Password-based to MFA enforcement | G5: =IF(F5>=2,"Optimal",IF(E5>=2,"Advanced",IF(D5>=2,"Initial","Traditional")))
A6: ID-002 | B6: Phishing-resistant MFA deployment | G6: =IF(F6>=2,"Optimal",IF(E6>=2,"Advanced",IF(D6>=2,"Initial","Traditional")))
A7: ID-003 | B7: Passwordless authentication | G7: =IF(F7>=2,"Optimal",IF(E7>=2,"Advanced",IF(D7>=2,"Initial","Traditional")))
A8: ID-004 | B8: Static RBAC to dynamic ABAC | G8: =IF(F8>=2,"Optimal",IF(E8>=2,"Advanced",IF(D8>=2,"Initial","Traditional")))
A9: ID-005 | B9: Risk-based conditional access | G9: =IF(F9>=2,"Optimal",IF(E9>=2,"Advanced",IF(D9>=2,"Initial","Traditional")))
A10: ID-006 | B10: Manual to automated identity lifecycle | G10: =IF(F10>=2,"Optimal",IF(E10>=2,"Advanced",IF(D10>=2,"Initial","Traditional")))
A11: ID-007 | B11: Just-in-time (JIT) privileged access | G11: =IF(F11>=2,"Optimal",IF(E11>=2,"Advanced",IF(D11>=2,"Initial","Traditional")))
A12: ID-008 | B12: Zero standing privilege | G12: =IF(F12>=2,"Optimal",IF(E12>=2,"Advanced",IF(D12>=2,"Initial","Traditional")))
A13: ID-009 | B13: Federation and modern protocols | G13: =IF(F13>=2,"Optimal",IF(E13>=2,"Advanced",IF(D13>=2,"Initial","Traditional")))
A14: ID-010 | B14: Continuous identity verification | G14: =IF(F14>=2,"Optimal",IF(E14>=2,"Advanced",IF(D14>=2,"Initial","Traditional")))

Sheet Device
A1: ZERO TRUST - DEVICE PILLAR ASSESSMENT
A2: Assess device pillar maturity from traditional to optimal Zero Trust posture
A4: DEV-ID | B4: Capability | C4: Traditional | D4: Initial | E4: Advanced | F4: Optimal | G4: Current | H4: Target | I4: Evidence | J4: Gap
A5: DEV-001 | B5: Device inventory completeness | G5: =IF(F5>=2,"Optimal",IF(E5>=2,"Advanced",IF(D5>=2,"Initial","Traditional")))
A6: DEV-002 | B6: Real-time device inventory | G6: =IF(F6>=2,"Optimal",IF(E6>=2,"Advanced",IF(D6>=2,"Initial","Traditional")))
A7: DEV-003 | B7: Device compliance checking | G7: =IF(F7>=2,"Optimal",IF(E7>=2,"Advanced",IF(D7>=2,"Initial","Traditional")))
A8: DEV-004 | B8: Continuous device posture assessment | G8: =IF(F8>=2,"Optimal",IF(E8>=2,"Advanced",IF(D8>=2,"Initial","Traditional")))
A9: DEV-005 | B9: Device health-based access decisions | G9: =IF(F9>=2,"Optimal",IF(E9>=2,"Advanced",IF(D9>=2,"Initial","Traditional")))
A10: DEV-006 | B10: EDR deployment | G10: =IF(F10>=2,"Optimal",IF(E10>=2,"Advanced",IF(D10>=2,"Initial","Traditional")))
A11: DEV-007 | B11: XDR integration | G11: =IF(F11>=2,"Optimal",IF(E11>=2,"Advanced",IF(D11>=2,"Initial","Traditional")))
A12: DEV-008 | B12: Autonomous threat response | G12: =IF(F12>=2,"Optimal",IF(E12>=2,"Advanced",IF(D12>=2,"Initial","Traditional")))

Sheet Network
A1: ZERO TRUST - NETWORK PILLAR ASSESSMENT
A2: Assess network pillar maturity from traditional to optimal Zero Trust posture
A4: NET-ID | B4: Capability | C4: Traditional | D4: Initial | E4: Advanced | F4: Optimal | G4: Current | H4: Target | I4: Evidence | J4: Gap
A5: NET-001 | B5: Network segmentation (VLANs) | G5: =IF(F5>=2,"Optimal",IF(E5>=2,"Advanced",IF(D5>=2,"Initial","Traditional")))
A6: NET-002 | B6: Micro-segmentation | G6: =IF(F6>=2,"Optimal",IF(E6>=2,"Advanced",IF(D6>=2,"Initial","Traditional")))
A7: NET-003 | B7: Application-level segmentation | G7: =IF(F7>=2,"Optimal",IF(E7>=2,"Advanced",IF(D7>=2,"Initial","Traditional")))
A8: NET-004 | B8: TLS for external traffic | G8: =IF(F8>=2,"Optimal",IF(E8>=2,"Advanced",IF(D8>=2,"Initial","Traditional")))
A9: NET-005 | B9: TLS everywhere (internal) | G9: =IF(F9>=2,"Optimal",IF(E9>=2,"Advanced",IF(D9>=2,"Initial","Traditional")))
A10: NET-006 | B10: mTLS service-to-service | G10: =IF(F10>=2,"Optimal",IF(E10>=2,"Advanced",IF(D10>=2,"Initial","Traditional")))
A11: NET-007 | B11: ZTNA basic implementation | G11: =IF(F11>=2,"Optimal",IF(E11>=2,"Advanced",IF(D11>=2,"Initial","Traditional")))
A12: NET-008 | B12: Software-defined perimeter | G12: =IF(F12>=2,"Optimal",IF(E12>=2,"Advanced",IF(D12>=2,"Initial","Traditional")))

Sheet Workload
A1: ZERO TRUST - WORKLOAD PILLAR ASSESSMENT
A2: Assess workload pillar maturity from traditional to optimal Zero Trust posture
A4: WL-ID | B4: Capability | C4: Traditional | D4: Initial | E4: Advanced | F4: Optimal | G4: Current | H4: Target | I4: Evidence | J4: Gap
A5: WL-001 | B5: Service account management | G5: =IF(F5>=2,"Optimal",IF(E5>=2,"Advanced",IF(D5>=2,"Initial","Traditional")))
A6: WL-002 | B6: Managed identities for workloads | G6: =IF(F6>=2,"Optimal",IF(E6>=2,"Advanced",IF(D6>=2,"Initial","Traditional")))
A7: WL-003 | B7: SPIFFE/SPIRE workload attestation | G7: =IF(F7>=2,"Optimal",IF(E7>=2,"Advanced",IF(D7>=2,"Initial","Traditional")))
A8: WL-004 | B8: API authentication (API keys to OAuth) | G8: =IF(F8>=2,"Optimal",IF(E8>=2,"Advanced",IF(D8>=2,"Initial","Traditional")))
A9: WL-005 | B9: Workload isolation (VMs to containers) | G9: =IF(F9>=2,"Optimal",IF(E9>=2,"Advanced",IF(D9>=2,"Initial","Traditional")))
A10: WL-006 | B10: Serverless isolation | G10: =IF(F10>=2,"Optimal",IF(E10>=2,"Advanced",IF(D10>=2,"Initial","Traditional")))
A11: WL-007 | B11: SAST/DAST integration | G11: =IF(F11>=2,"Optimal",IF(E11>=2,"Advanced",IF(D11>=2,"Initial","Traditional")))
A12: WL-008 | B12: DevSecOps pipeline security | G12: =IF(F12>=2,"Optimal",IF(E12>=2,"Advanced",IF(D12>=2,"Initial","Traditional")))
A13: WL-009 | B13: Runtime application protection | G13: =IF(F13>=2,"Optimal",IF(E13>=2,"Advanced",IF(D13>=2,"Initial","Traditional")))
A14: WL-010 | B14: Continuous security validation | G14: =IF(F14>=2,"Optimal",IF(E14>=2,"Advanced",IF(D14>=2,"Initial","Traditional")))

Sheet Data
A1: ZERO TRUST - DATA PILLAR ASSESSMENT
A2: Assess data pillar maturity from traditional to optimal Zero Trust posture
A4: DATA-ID | B4: Capability | C4: Traditional | D4: Initial | E4: Advanced | F4: Optimal | G4: Current | H4: Target | I4: Evidence | J4: Gap
A5: DATA-001 | B5: Manual data classification | G5: =IF(F5>=2,"Optimal",IF(E5>=2,"Advanced",IF(D5>=2,"Initial","Traditional")))
A6: DATA-002 | B6: Policy-based classification | G6: =IF(F6>=2,"Optimal",IF(E6>=2,"Advanced",IF(D6>=2,"Initial","Traditional")))
A7: DATA-003 | B7: Automated data labelling | G7: =IF(F7>=2,"Optimal",IF(E7>=2,"Advanced",IF(D7>=2,"Initial","Traditional")))
A8: DATA-004 | B8: ML-based classification | G8: =IF(F8>=2,"Optimal",IF(E8>=2,"Advanced",IF(D8>=2,"Initial","Traditional")))
A9: DATA-005 | B9: Selective encryption | G9: =IF(F9>=2,"Optimal",IF(E9>=2,"Advanced",IF(D9>=2,"Initial","Traditional")))
A10: DATA-006 | B10: Encryption at rest and transit | G10: =IF(F10>=2,"Optimal",IF(E10>=2,"Advanced",IF(D10>=2,"Initial","Traditional")))
A11: DATA-007 | B11: Per-field encryption | G11: =IF(F11>=2,"Optimal",IF(E11>=2,"Advanced",IF(D11>=2,"Initial","Traditional")))
A12: DATA-008 | B12: Data access controls (ABAC) | G12: =IF(F12>=2,"Optimal",IF(E12>=2,"Advanced",IF(D12>=2,"Initial","Traditional")))
A13: DATA-009 | B13: Basic DLP | G13: =IF(F13>=2,"Optimal",IF(E13>=2,"Advanced",IF(D13>=2,"Initial","Traditional")))
A14: DATA-010 | B14: AI-powered DLP | G14: =IF(F14>=2,"Optimal",IF(E14>=2,"Advanced",IF(D14>=2,"Initial","Traditional")))

Sheet Visibility
A1: ZERO TRUST - VISIBILITY PILLAR ASSESSMENT
A2: Assess visibility pillar maturity from traditional to optimal Zero Trust posture
A4: VIS-ID | B4: Capability | C4: Traditional | D4: Initial | E4: Advanced | F4: Optimal | G4: Current | H4: Target | I4: Evidence | J4: Gap
A5: VIS-001 | B5: Perimeter logging | G5: =IF(F5>=2,"Optimal",IF(E5>=2,"Advanced",IF(D5>=2,"Initial","Traditional")))
A6: VIS-002 | B6: Centralised logging | G6: =IF(F6>=2,"Optimal",IF(E6>=2,"Advanced",IF(D6>=2,"Initial","Traditional")))
A7: VIS-003 | B7: Full telemetry collection | G7: =IF(F7>=2,"Optimal",IF(E7>=2,"Advanced",IF(D7>=2,"Initial","Traditional")))
A8: VIS-004 | B8: SIEM deployment | G8: =IF(F8>=2,"Optimal",IF(E8>=2,"Advanced",IF(D8>=2,"Initial","Traditional")))
A9: VIS-005 | B9: UEBA integration | G9: =IF(F9>=2,"Optimal",IF(E9>=2,"Advanced",IF(D9>=2,"Initial","Traditional")))
A10: VIS-006 | B10: ML-based analytics | G10: =IF(F10>=2,"Optimal",IF(E10>=2,"Advanced",IF(D10>=2,"Initial","Traditional")))
A11: VIS-007 | B11: Behaviour-based detection | G11: =IF(F11>=2,"Optimal",IF(E11>=2,"Advanced",IF(D11>=2,"Initial","Traditional")))
A12: VIS-008 | B12: Guided investigation | G12: =IF(F12>=2,"Optimal",IF(E12>=2,"Advanced",IF(D12>=2,"Initial","Traditional")))

Sheet Automation
A1: ZERO TRUST - AUTOMATION PILLAR ASSESSMENT
A2: Assess automation pillar maturity from traditional to optimal Zero Trust posture
A4: AUTO-ID | B4: Capability | C4: Traditional | D4: Initial | E4: Advanced | F4: Optimal | G4: Current | H4: Target | I4: Evidence | J4: Gap
A5: AUTO-001 | B5: Manual policy deployment | G5: =IF(F5>=2,"Optimal",IF(E5>=2,"Advanced",IF(D5>=2,"Initial","Traditional")))
A6: AUTO-002 | B6: Scripted policy automation | G6: =IF(F6>=2,"Optimal",IF(E6>=2,"Advanced",IF(D6>=2,"Initial","Traditional")))
A7: AUTO-003 | B7: Policy as code | G7: =IF(F7>=2,"Optimal",IF(E7>=2,"Advanced",IF(D7>=2,"Initial","Traditional")))
A8: AUTO-004 | B8: Intent-based policy | G8: =IF(F8>=2,"Optimal",IF(E8>=2,"Advanced",IF(D8>=2,"Initial","Traditional")))
A9: AUTO-005 | B9: Basic response playbooks | G9: =IF(F9>=2,"Optimal",IF(E9>=2,"Advanced",IF(D9>=2,"Initial","Traditional")))
A10: AUTO-006 | B10: SOAR integration | G10: =IF(F10>=2,"Optimal",IF(E10>=2,"Advanced",IF(D10>=2,"Initial","Traditional")))
A11: AUTO-007 | B11: Auto-remediation | G11: =IF(F11>=2,"Optimal",IF(E11>=2,"Advanced",IF(D11>=2,"Initial","Traditional")))
A12: AUTO-008 | B12: Self-healing security | G12: =IF(F12>=2,"Optimal",IF(E12>=2,"Advanced",IF(D12>=2,"Initial","Traditional")))

Sheet Compliance
A1: ZERO TRUST - POLICY COMPLIANCE SCORING
A2: Score compliance with Zero Trust policy requirements and NIST 800-207 control objectives
A4: Comp-ID | B4: Requirement | C4: Source | D4: Compliant | E4: Evidence | F4: Score | G4: Notes
A5: COMP-001 | B5: Never trust, always verify principle implemented | C5: POL-A.8.27 §2.1 | D5: Yes | E5: Zero Trust strategy documentation | F5: =IF(D5="✅ Yes",100,IF(D5="⚠️ Partial",50,0)) | G5: Strategy aligns with NIST 800-207
F6: =IF(D6="✅ Yes",100,IF(D6="⚠️ Partial",50,0))
F7: =IF(D7="✅ Yes",100,IF(D7="⚠️ Partial",50,0))
F8: =IF(D8="✅ Yes",100,IF(D8="⚠️ Partial",50,0))
F9: =IF(D9="✅ Yes",100,IF(D9="⚠️ Partial",50,0))
F10: =IF(D10="✅ Yes",100,IF(D10="⚠️ Partial",50,0))
F11: =IF(D11="✅ Yes",100,IF(D11="⚠️ Partial",50,0))
F12: =IF(D12="✅ Yes",100,IF(D12="⚠️ Partial",50,0))
F13: =IF(D13="✅ Yes",100,IF(D13="⚠️ Partial",50,0))
F14: =IF(D14="✅ Yes",100,IF(D14="⚠️ Partial",50,0))
F15: =IF(D15="✅ Yes",100,IF(D15="⚠️ Partial",50,0))
F16: =IF(D16="✅ Yes",100,IF(D16="⚠️ Partial",50,0))
F17: =IF(D17="✅ Yes",100,IF(D17="⚠️ Partial",50,0))
... F55: =IF(D55="✅ Yes",100,IF(D55="⚠️ Partial",50,0))
E57: Overall Compliance: | F57: =AVERAGE(F6:F55)

Sheet Evidence Register
A1: EVIDENCE REGISTER
A2: Document all evidence collected during this assessment
A4: Evidence ID | B4: Assessment Area | C4: Evidence Type | D4: Description | E4: Location / Path | F4: Date Collected | G4: Collected By | H4: Verification Status
A5: EV-001 | B5: Zero Trust Assessment | C5: Policy Document | D5: Zero trust architecture implementation documentation | E5: \\fileserver\policies\document.pdf | F5: 15.01.2026 | G5: Assessor Name | H5: ✅ Verified

Sheet Summary Dashboard
A1: ZERO TRUST IMPLEMENTATION ASSESSMENT — SUMMARY DASHBOARD
A2: ISO/IEC 27001:2022 - Control A.8.27: Secure System Architecture and Engineering Principles
A4: TABLE 1: ASSESSMENT AREA COMPLIANCE OVERVIEW
A5: Assessment Area | B5: Total Items | C5: Compliant | D5: Partial | E5: Non-Compliant | F5: N/A | G5: Compliance %
A6: Strategy | B6: =COUNTA('Strategy'!B6:B55) | C6: =COUNTIF('Strategy'!C6:C55,"✅ Yes") | D6: =COUNTIF('Strategy'!C6:C55,"⚠️ Partial") | E6: =COUNTIF('Strategy'!C6:C55,"❌ No") | F6: =B6-(C6+D6+E6) | G6: =IF((B6-F6)=0,"0%",ROUND(C6/(B6-F6)*100,1)&"%")
A7: Identity | B7: =COUNTA('Identity'!B5:B14) | C7: =COUNTIF('Identity'!G5:G14,"Optimal")+COUNTIF('Identity'!G5:G14,"Advanced") | D7: =COUNTIF('Identity'!G5:G14,"Initial") | E7: =COUNTIF('Identity'!G5:G14,"Traditional") | F7: =B7-(C7+D7+E7) | G7: =IF((B7-F7)=0,"0%",ROUND(C7/(B7-F7)*100,1)&"%")
A8: Device | B8: =COUNTA('Device'!B5:B12) | C8: =COUNTIF('Device'!G5:G12,"Optimal")+COUNTIF('Device'!G5:G12,"Advanced") | D8: =COUNTIF('Device'!G5:G12,"Initial") | E8: =COUNTIF('Device'!G5:G12,"Traditional") | F8: =B8-(C8+D8+E8) | G8: =IF((B8-F8)=0,"0%",ROUND(C8/(B8-F8)*100,1)&"%")
A9: Network | B9: =COUNTA('Network'!B5:B12) | C9: =COUNTIF('Network'!G5:G12,"Optimal")+COUNTIF('Network'!G5:G12,"Advanced") | D9: =COUNTIF('Network'!G5:G12,"Initial") | E9: =COUNTIF('Network'!G5:G12,"Traditional") | F9: =B9-(C9+D9+E9) | G9: =IF((B9-F9)=0,"0%",ROUND(C9/(B9-F9)*100,1)&"%")
A10: Workload | B10: =COUNTA('Workload'!B5:B14) | C10: =COUNTIF('Workload'!G5:G14,"Optimal")+COUNTIF('Workload'!G5:G14,"Advanced") | D10: =COUNTIF('Workload'!G5:G14,"Initial") | E10: =COUNTIF('Workload'!G5:G14,"Traditional") | F10: =B10-(C10+D10+E10) | G10: =IF((B10-F10)=0,"0%",ROUND(C10/(B10-F10)*100,1)&"%")
A11: Data | B11: =COUNTA('Data'!B5:B14) | C11: =COUNTIF('Data'!G5:G14,"Optimal")+COUNTIF('Data'!G5:G14,"Advanced") | D11: =COUNTIF('Data'!G5:G14,"Initial") | E11: =COUNTIF('Data'!G5:G14,"Traditional") | F11: =B11-(C11+D11+E11) | G11: =IF((B11-F11)=0,"0%",ROUND(C11/(B11-F11)*100,1)&"%")
A12: Visibility | B12: =COUNTA('Visibility'!B5:B12) | C12: =COUNTIF('Visibility'!G5:G12,"Optimal")+COUNTIF('Visibility'!G5:G12,"Advanced") | D12: =COUNTIF('Visibility'!G5:G12,"Initial") | E12: =COUNTIF('Visibility'!G5:G12,"Traditional") | F12: =B12-(C12+D12+E12) | G12: =IF((B12-F12)=0,"0%",ROUND(C12/(B12-F12)*100,1)&"%")
A13: Automation | B13: =COUNTA('Automation'!B5:B12) | C13: =COUNTIF('Automation'!G5:G12,"Optimal")+COUNTIF('Automation'!G5:G12,"Advanced") | D13: =COUNTIF('Automation'!G5:G12,"Initial") | E13: =COUNTIF('Automation'!G5:G12,"Traditional") | F13: =B13-(C13+D13+E13) | G13: =IF((B13-F13)=0,"0%",ROUND(C13/(B13-F13)*100,1)&"%")
A14: Compliance | B14: =COUNTA('Compliance'!B6:B55) | C14: =COUNTIF('Compliance'!D6:D55,"✅ Yes") | D14: =COUNTIF('Compliance'!D6:D55,"⚠️ Partial") | E14: =COUNTIF('Compliance'!D6:D55,"❌ No") | F14: =B14-(C14+D14+E14) | G14: =IF((B14-F14)=0,"0%",ROUND(C14/(B14-F14)*100,1)&"%")
A15: TOTAL | B15: =SUM(B6:B14) | C15: =SUM(C6:C14) | D15: =SUM(D6:D14) | E15: =SUM(E6:E14) | F15: =SUM(F6:F14) | G15: =IF((B15-F15)=0,"0%",ROUND(C15/(B15-F15)*100,1)&"%")
A17: TABLE 2: KEY METRICS
A18: Metric | B18: Value | C18: What This Shows
A19: Strategy Not Started | B19: =COUNTIF(Strategy!C6:C55,"Not Started") | C19: Strategy elements not started (no Zero Trust roadmap)
A20: Traditional Maturity Pillars | B20: =COUNTIF(Identity!G5:G14,"Traditional")+COUNTIF(Device!G5:G12,"Traditional")+COUNTIF(Network!G5:G12,"Traditional")+COUNTIF(Workload!G5:G14,"Traditional")+COUNTIF(Data!G5:G14,"Traditional")+COUNTIF(Visibility!G5:G12,"Traditional")+COUNTIF(Automation!G5:G12,"Traditional") | C20: Capabilities at Traditional maturity (no Zero Trust implementation)
A21: Initial-Only Pillars | B21: =COUNTIF(Identity!G5:G14,"Initial")+COUNTIF(Device!G5:G12,"Initial")+COUNTIF(Network!G5:G12,"Initial")+COUNTIF(Workload!G5:G14,"Initial")+COUNTIF(Data!G5:G14,"Initial")+COUNTIF(Visibility!G5:G12,"Initial")+COUNTIF(Automation!G5:G12,"Initial") | C21: Capabilities at Initial maturity only (basic implementation)
A22: Advanced Capabilities Missing | B22: =COUNTIF(Identity!E5:E14,0)+COUNTIF(Device!E5:E12,0)+COUNTIF(Network!E5:E12,0)+COUNTIF(Workload!E5:E14,0)+COUNTIF(Data!E5:E14,0)+COUNTIF(Visibility!E5:E12,0)+COUNTIF(Automation!E5:E12,0) | C22: Capabilities with no Advanced maturity score (maturity gaps)
A23: Optimal Capabilities Missing | B23: =COUNTIF(Identity!F5:F14,0)+COUNTIF(Device!F5:F12,0)+COUNTIF(Network!F5:F12,0)+COUNTIF(Workload!F5:F14,0)+COUNTIF(Data!F5:F14,0)+COUNTIF(Visibility!F5:F12,0)+COUNTIF(Automation!F5:F12,0) | C23: Capabilities with no Optimal maturity score (leading practice gaps)
A24: Partial Strategy Elements | B24: =COUNTIF(Strategy!C6:C55,"⚠️ Partial") | C24: Partially implemented strategy elements (incomplete approach)
A25: Identity Pillar Traditional Count | B25: =COUNTIF(Identity!G5:G14,"Traditional") | C25: Identity capabilities at Traditional maturity (foundational pillar gaps)
A26: Network Pillar Traditional Count | B26: =COUNTIF(Network!G5:G12,"Traditional") | C26: Network capabilities at Traditional maturity (critical pillar gaps)
A27: Pillar Maturity Gap Score | B27: =ROUND((COUNTIF(Identity!G5:G14,"Traditional")+COUNTIF(Device!G5:G12,"Traditional")+COUNTIF(Network!G5:G12,"Traditional")+COUNTIF(Workload!G5:G14,"Traditional")+COUNTIF(Data!G5:G14,"Traditional")+COUNTIF(Visibility!G5:G12,"Traditional")+COUNTIF(Automation!G5:G12,"Traditional"))/72*100,1)&"%" | C27: Percentage of 72 total pillar capabilities at Traditional maturity
A28: Overall Compliance Rate | B28: ='Summary Dashboard'!G15 | C28: Overall Zero Trust compliance percentage
A32: TABLE 3: CRITICAL FINDINGS
A33: Critical Finding Type | B33: Count | C33: Filter Instructions
A34: Strategy Not Started | B34: =COUNTIF(Strategy!C6:C55,"Not Started") | C34: Filter Strategy sheet: Status = "Not Started"
A35: Traditional Maturity Pillars | B35: =COUNTIF(Identity!G5:G14,"Traditional")+COUNTIF(Device!G5:G12,"Traditional")+COUNTIF(Network!G5:G12,"Traditional")+COUNTIF(Workload!G5:G14,"Traditional")+COUNTIF(Data!G5:G14,"Traditional")+COUNTIF(Visibility!G5:G12,"Traditional")+COUNTIF(Automation!G5:G12,"Traditional") | C35: Filter pillar sheets: Current Maturity = "Traditional"
A36: Identity Pillar Traditional | B36: =COUNTIF(Identity!G5:G14,"Traditional") | C36: Filter Identity sheet: Current Maturity = "Traditional" (foundational pillar)
A37: Network Pillar Traditional | B37: =COUNTIF(Network!G5:G12,"Traditional") | C37: Filter Network sheet: Current Maturity = "Traditional" (critical pillar)
A38: Advanced Capabilities Missing | B38: =COUNTIF(Identity!E5:E14,0)+COUNTIF(Device!E5:E12,0)+COUNTIF(Network!E5:E12,0)+COUNTIF(Workload!E5:E14,0)+COUNTIF(Data!E5:E14,0)+COUNTIF(Visibility!E5:E12,0)+COUNTIF(Automation!E5:E12,0) | C38: Filter pillar sheets: Advanced score = 0
A39: TOTAL | B39: =SUM(B34:B38) | C39: Total critical findings requiring immediate remediation

Sheet Approval Sign-Off
A1: ASSESSMENT APPROVAL AND SIGN-OFF
A2: ISO/IEC 27001:2022 - Control A.8.27: Secure System Architecture and Engineering Principles
A3: ASSESSMENT SUMMARY
A4: Document: | B4: ISMS-IMP-A.8.27.4 - Zero Trust Implementation Assessment
A5: Assessment Period:
A6: Overall Compliance Rating: | B6: ='Summary Dashboard'!G15
A7: Assessment Status:
A8: Assessed By:
A11: COMPLETED BY (ASSESSOR)
A12: Name:
A13: Title:
A14: Date:
A15: Signature:
A16: Comments:
A18: REVIEWED BY (INFORMATION SECURITY OFFICER)
A19: Name:
A20: Title:
A21: Date:
... A38: Special Considerations:
