Workbook

Sheet Instructions & Legend
A1: ISMS-IMP-A.8.27.2 - Threat Modelling Methodology ISO/IEC 27001:2022 - Control A.8.27: Secure System Architecture and Engineering Principles
A3: Document Information
A4: Document ID | B4: ISMS-IMP-A.8.27.2
A5: Workbook Title | B5: Threat Modelling Methodology
A6: Control Reference | B6: ISO/IEC 27001:2022 - Control A.8.27: Secure System Architecture and Engineering Principles
A7: Version | B7: 1.0
A8: Assessment Date
A9: Completed By
A10: Organisation
A12: Instructions
A13: 1. Complete the Methodology sheet to assess threat modelling methodology adoption and documentation.
A14: 2. Use the MITRE ATT&CK sheet to evaluate coverage of relevant ATT&CK techniques against threat models.
A15: 3. Document the organisational threat catalogue in the ThreatCatalogue sheet, mapping threat actors and motivations.
A16: 4. Assess threat modelling tools and their integration in the Tools sheet.
A17: 5. Evaluate team competency and training status in the Competency sheet.
A18: 6. Review sample threat models for quality and completeness in the Samples sheet.
A19: 7. Score policy compliance in the Compliance sheet and review the Summary Dashboard for overall status.
A20: 8. Log all supporting evidence in the Evidence Register for audit traceability.
... A23: Status Legend
A24: Symbol | B24: Status | C24: Description
A25: ✓ | B25: Compliant / Complete | C25: Requirement fully met
A26: ⚠ | B26: Partial / In Progress | C26: Partially met or in progress
A27: ✗ | B27: Non-Compliant / Not Started | C27: Requirement not met
A28: — | B28: Not Applicable | C28: Not applicable to this assessment

Sheet Methodology
A1: THREAT MODELLING - METHODOLOGY ASSESSMENT
A2: Assess adoption and maturity of threat modelling methodology across the organisation
A3: Meth-ID | B3: Category | C3: Requirement | D3: Adopted | E3: Documented | F3: Effective | G3: Evidence | H3: Gaps
A4: METH-001 | B4: Selection | C4: Threat modelling methodology selected and documented | D4: Yes | E4: Yes | F4: 4 | G4: Methodology documentation, training records | H4: None identified

Sheet MITRE ATT&CK
A1: THREAT MODELLING - MITRE ATT&CK COVERAGE ASSESSMENT
A2: Evaluate coverage of relevant MITRE ATT&CK techniques in threat models and detection capabilities
A3: ATT-ID | B3: Tactic | C3: Technique | D3: Relevance | E3: Covered | F3: DetectionMap | G3: Gap
A4: T1566 | B4: Initial Access | C4: Phishing
A5: T1566.001 | B5: Initial Access | C5: Spearphishing Attachment
A6: T1566.002 | B6: Initial Access | C6: Spearphishing Link
A7: T1190 | B7: Initial Access | C7: Exploit Public-Facing Application
A8: T1133 | B8: Initial Access | C8: External Remote Services
A9: T1078 | B9: Initial Access | C9: Valid Accounts
A10: T1059 | B10: Execution | C10: Command and Scripting Interpreter
A11: T1059.001 | B11: Execution | C11: PowerShell
A12: T1204 | B12: Execution | C12: User Execution
A13: T1053 | B13: Persistence | C13: Scheduled Task/Job
A14: T1136 | B14: Persistence | C14: Create Account
A15: T1547 | B15: Persistence | C15: Boot or Logon Autostart Execution
... A36: T1490 | B36: Impact | C36: Inhibit System Recovery

Sheet ThreatCatalogue
A1: THREAT MODELLING - ORGANISATIONAL THREAT CATALOGUE
A2: Document organisational threat landscape including threat actors, capabilities, and countermeasures
A3: Threat-ID | B3: Category | C3: ThreatActor | D3: Motivation | E3: Capability | F3: ATT&CK Ref | G3: Likelihood | H3: Countermeasures
A4: THR-001 | B4: Nation-State | C4: APT Groups | D4: Espionage | E4: Nation-State | F4: T1566 (Phishing) | G4: Likely | H4: Email filtering, MFA, security awareness

Sheet Tools
A1: THREAT MODELLING - TOOLS ASSESSMENT
A2: Assess threat modelling tools availability, licensing, integration, and effectiveness
A3: Tool-ID | B3: Tool | C3: Purpose | D3: Licensed | E3: Users | F3: Integration | G3: Effectiveness | H3: Gaps
A4: TOOL-001 | B4: Microsoft Threat Modeling Tool | C4: DFD-based threat modelling
A5: TOOL-002 | B5: OWASP Threat Dragon | C5: Open source threat modelling
A6: TOOL-003 | B6: IriusRisk | C6: Enterprise threat modelling
A7: TOOL-004 | B7: Threagile | C7: Threat model as code
A8: TOOL-005 | B8: ThreatModeler | C8: Cloud-native threat modelling
A9: TOOL-006 | B9: MITRE ATT&CK Navigator | C9: Technique coverage mapping
A10: TOOL-007 | B10: Draw.io / Lucidchart | C10: Architecture diagramming
A11: TOOL-008 | B11: Custom Internal Tool | C11: Organisation-specific tool

Sheet Competency
A1: THREAT MODELLING - TEAM COMPETENCY ASSESSMENT
A2: Evaluate threat modelling competencies, training status, and skill gaps across relevant roles
A3: Comp-ID | B3: Role | C3: Competency | D3: Required | E3: Training | F3: Certified | G3: Target | H3: Gap
A4: COMP-001 | B4: Security Architect | C4: STRIDE Methodology | D4: Mandatory | E4: Yes | F4: Yes | G4: Advanced | H4: None

Sheet Samples
A1: THREAT MODELLING - SAMPLE QUALITY REVIEW
A2: Review sample threat models for quality, completeness, MITRE ATT&CK mapping, and findings remediation
A3: Sample-ID | B3: System | C3: Date | D3: Author | E3: Methodology | F3: Completeness | G3: Quality | H3: ATT&CK Mapped | I3: Findings | J3: Mitigated
A4: SAMP-001 | B4: Authentication Service | C4: 15.01.2026 | D4: Security Team Lead | E4: STRIDE | F4: 4 | G4: 4 | H4: Yes | I4: 12 | J4: Yes

Sheet Compliance
A1: THREAT MODELLING - POLICY COMPLIANCE SCORING
A2: Score compliance with threat modelling policy requirements and identify evidence gaps
A3: Comp-ID | B3: Requirement | C3: Source | D3: Compliant | E3: Evidence | F3: Score | G3: Notes
A4: COMP-001 | B4: Threat modelling methodology adopted | C4: POL-A.8.27 §2.2.1 | D4: Yes | E4: Methodology documentation | F4: =IF(D4="✅ Yes",100,IF(D4="⚠️ Partial",50,0)) | G4: Policy compliance verified
F5: =IF(D5="✅ Yes",100,IF(D5="⚠️ Partial",50,0))
F6: =IF(D6="✅ Yes",100,IF(D6="⚠️ Partial",50,0))
F7: =IF(D7="✅ Yes",100,IF(D7="⚠️ Partial",50,0))
F8: =IF(D8="✅ Yes",100,IF(D8="⚠️ Partial",50,0))
F9: =IF(D9="✅ Yes",100,IF(D9="⚠️ Partial",50,0))
F10: =IF(D10="✅ Yes",100,IF(D10="⚠️ Partial",50,0))
F11: =IF(D11="✅ Yes",100,IF(D11="⚠️ Partial",50,0))
F12: =IF(D12="✅ Yes",100,IF(D12="⚠️ Partial",50,0))
F13: =IF(D13="✅ Yes",100,IF(D13="⚠️ Partial",50,0))
F14: =IF(D14="✅ Yes",100,IF(D14="⚠️ Partial",50,0))
F15: =IF(D15="✅ Yes",100,IF(D15="⚠️ Partial",50,0))
F16: =IF(D16="✅ Yes",100,IF(D16="⚠️ Partial",50,0))
... F54: =IF(D54="✅ Yes",100,IF(D54="⚠️ Partial",50,0))
E56: Overall Compliance Score: | F56: =AVERAGE(F5:F54)

Sheet Evidence Register
A1: EVIDENCE REGISTER
A2: Document all evidence collected during this assessment
A4: Evidence ID | B4: Assessment Area | C4: Evidence Type | D4: Description | E4: Location / Path | F4: Date Collected | G4: Collected By | H4: Verification Status
A5: EV-001 | B5: Threat Modelling Assessment | C5: Policy Document | D5: Threat modelling methodology documentation | E5: \\fileserver\policies\document.pdf | F5: 15.01.2026 | G5: Assessor Name | H5: ✅ Verified

Sheet Summary Dashboard
A1: THREAT MODELLING METHODOLOGY — SUMMARY DASHBOARD
A2: ISO/IEC 27001:2022 - Control A.8.27: Secure System Architecture and Engineering Principles
A4: TABLE 1: ASSESSMENT AREA COMPLIANCE OVERVIEW
A5: Assessment Area | B5: Total Items | C5: Compliant | D5: Partial | E5: Non-Compliant | F5: N/A | G5: Compliance %
A6: Methodology Assessment | B6: =COUNTA('Methodology'!D5:D54) | C6: =COUNTIF('Methodology'!D5:D54,"✅ Yes") | D6: =COUNTIF('Methodology'!D5:D54,"⚠️ Partial") | E6: =COUNTIF('Methodology'!D5:D54,"❌ No") | F6: =B6-(C6+D6+E6) | G6: =IF((B6-F6)=0,"0%",ROUND(C6/(B6-F6)*100,1)&"%")
A7: MITRE ATT&CK Coverage | B7: =COUNTA('MITRE ATT&CK'!E4:E36) | C7: =COUNTIF('MITRE ATT&CK'!E4:E36,"✅ Yes") | D7: =COUNTIF('MITRE ATT&CK'!E4:E36,"⚠️ Partial") | E7: =COUNTIF('MITRE ATT&CK'!E4:E36,"❌ No") | F7: =B7-(C7+D7+E7) | G7: =IF((B7-F7)=0,"0%",ROUND(C7/(B7-F7)*100,1)&"%")
A8: Competency Assessment | B8: =COUNTA('Competency'!E4:E54) | C8: =COUNTIF('Competency'!E4:E54,"✅ Yes") | D8: =COUNTIF('Competency'!E4:E54,"⚠️ Partial") | E8: =COUNTIF('Competency'!E4:E54,"❌ No") | F8: =B8-(C8+D8+E8) | G8: =IF((B8-F8)=0,"0%",ROUND(C8/(B8-F8)*100,1)&"%")
A9: Sample Quality Review | B9: =COUNTA('Samples'!H5:H54) | C9: =COUNTIF('Samples'!H5:H54,"✅ Yes") | D9: =COUNTIF('Samples'!H5:H54,"⚠️ Partial") | E9: =COUNTIF('Samples'!H5:H54,"❌ No") | F9: =B9-(C9+D9+E9) | G9: =IF((B9-F9)=0,"0%",ROUND(C9/(B9-F9)*100,1)&"%")
A10: Policy Compliance | B10: =COUNTA('Compliance'!D4:D54) | C10: =COUNTIF('Compliance'!D4:D54,"✅ Yes") | D10: =COUNTIF('Compliance'!D4:D54,"⚠️ Partial") | E10: =COUNTIF('Compliance'!D4:D54,"❌ No") | F10: =B10-(C10+D10+E10) | G10: =IF((B10-F10)=0,"0%",ROUND(C10/(B10-F10)*100,1)&"%")
A11: TOTAL | B11: =SUM(B6:B10) | C11: =SUM(C6:C10) | D11: =SUM(D6:D10) | E11: =SUM(E6:E10) | F11: =SUM(F6:F10) | G11: =IF((B11-F11)=0,"0%",ROUND(C11/(B11-F11)*100,1)&"%")
A13: TABLE 2: KEY METRICS
A14: Metric | B14: Value | C14: What This Shows
A15: MITRE Coverage Gaps | B15: =COUNTIF('MITRE ATT&CK'!E4:E36,"❌ No") | C15: MITRE ATT&CK techniques not covered (blind spots in threat detection)
A16: High-Severity Threats Uncovered | B16: =COUNTIFS(ThreatCatalogue!E5:E54,"High",ThreatCatalogue!H5:H54,"")+COUNTIFS(ThreatCatalogue!E5:E54,"Nation-State",ThreatCatalogue!H5:H54,"") | C16: High/Nation-State threats without countermeasures (critical exposures)
A17: Ineffective Tools | B17: =COUNTIF(Tools!G4:G11,"<3") | C17: Tools with effectiveness rating below 3 (poor protection)
A18: Missing Tool Coverage | B18: =COUNTIF(Tools!D4:D11,"❌ No") | C18: Required threat modelling tools not implemented
A19: Competency Gaps | B19: =COUNTIF(Competency!E4:E54,"❌ No") | C19: Staff lacking required threat modelling skills (training deficiencies)
A20: Partial Training | B20: =COUNTIF(Competency!E4:E54,"⚠️ Partial") | C20: Staff with incomplete training (partial capability)
A21: Sample Quality Issues | B21: =COUNTIF(Samples!H5:H54,"❌ No")+COUNTIF(Samples!H5:H54,"⚠️ Partial") | C21: Samples not fully mapped to MITRE ATT&CK (incomplete validation)
A22: Moderate+ Threats Total | B22: =COUNTIF(ThreatCatalogue!E5:E54,"Moderate")+COUNTIF(ThreatCatalogue!E5:E54,"High")+COUNTIF(ThreatCatalogue!E5:E54,"Nation-State") | C22: Total active threat landscape requiring countermeasures
A23: Methodology Completeness | B23: =COUNTIF(Methodology!D5:D54,"❌ No") | C23: Missing methodology elements (inconsistent practice)
A24: Overall Compliance Rate | B24: ='Summary Dashboard'!G11 | C24: Overall threat modelling compliance percentage
A28: TABLE 3: CRITICAL FINDINGS
A29: Critical Finding Type | B29: Count | C29: Filter Instructions
A30: MITRE Coverage Gaps | B30: =COUNTIF('MITRE ATT&CK'!E4:E36,"❌ No") | C30: Filter MITRE ATT&CK sheet: Coverage = "❌ No"
A31: High-Severity Threats Uncovered | B31: =COUNTIFS(ThreatCatalogue!E5:E54,"High",ThreatCatalogue!H5:H54,"")+COUNTIFS(ThreatCatalogue!E5:E54,"Nation-State",ThreatCatalogue!H5:H54,"") | C31: Filter ThreatCatalogue: Capability = "High" or "Nation-State" AND Countermeasures empty
A32: Ineffective Tools | B32: =COUNTIF(Tools!G4:G11,"<3") | C32: Filter Tools sheet: Effectiveness < 3
A33: Competency Gaps | B33: =COUNTIF(Competency!E4:E54,"❌ No") | C33: Filter Competency sheet: Training = "❌ No"
A34: Methodology Completeness | B34: =COUNTIF(Methodology!D5:D54,"❌ No") | C34: Filter Methodology sheet: Status = "❌ No"
A35: TOTAL | B35: =SUM(B30:B34) | C35: Total critical findings requiring immediate remediation

Sheet Approval Sign-Off
A1: ASSESSMENT APPROVAL AND SIGN-OFF
A2: ISO/IEC 27001:2022 - Control A.8.27: Secure System Architecture and Engineering Principles
A3: ASSESSMENT SUMMARY
A4: Document: | B4: ISMS-IMP-A.8.27.2 - Threat Modelling Methodology
A5: Assessment Period:
A6: Overall Compliance Rating: | B6: ='Summary Dashboard'!G11
A7: Assessment Status:
A8: Assessed By:
A11: COMPLETED BY (ASSESSOR)
A12: Name:
A13: Title:
A14: Date:
A15: Signature:
A16: Comments:
A18: REVIEWED BY (INFORMATION SECURITY OFFICER)
A19: Name:
A20: Title:
A21: Date:
... A38: Special Considerations:
