Workbook

Sheet Instructions & Legend
A1: ISMS-IMP-A.8.27.1 - Security Architecture Review Process ISO/IEC 27001:2022 - Control A.8.27: Secure System Architecture and Engineering Principles
A3: Document Information
A4: Document ID | B4: ISMS-IMP-A.8.27.1
A5: Workbook Title | B5: Security Architecture Review Process
A6: Control Reference | B6: ISO/IEC 27001:2022 - Control A.8.27: Secure System Architecture and Engineering Principles
A7: Version | B7: 1.0
A8: Assessment Date
A9: Completed By
A10: Organisation
A12: Instructions
A13: 1. Review the Instructions & Legend sheet to understand the assessment methodology.
A14: 2. Complete the Governance sheet to assess review governance framework.
A15: 3. Complete the Process sheet to evaluate review process maturity.
A16: 4. Complete the Templates sheet to assess documentation templates.
A17: 5. Complete the Integration sheet to evaluate SDLC integration.
A18: 6. Complete the Metrics sheet to document effectiveness metrics.
A19: 7. Complete the Compliance sheet to score policy compliance.
A20: 8. Review the Summary Dashboard for compliance status overview.
... A24: Status Legend
A25: Symbol | B25: Status | C25: Description
A26: ✓ | B26: Compliant / Complete | C26: Requirement fully met
A27: ⚠ | B27: Partial / In Progress | C27: Partially met or in progress
A28: ✗ | B28: Non-Compliant / Not Started | C28: Requirement not met
A29: — | B29: Not Applicable | C29: Not applicable to this assessment

Sheet Governance
A1: SECURITY ARCHITECTURE REVIEW - GOVERNANCE ASSESSMENT
A2: Assess governance framework, policies, and decision-making structures for secure architecture
A4: Gov-ID | B4: Category | C4: Requirement | D4: Status | E4: Evidence | F4: Gap | G4: Owner | H4: Notes
A5: GOV-001 | B5: Policy | C5: Architecture review policy documented | D5: Implemented | E5: Policy document, review records | F5: None identified | G5: Security Team | H5: Review process established Q1 2024

Sheet Process
A1: SECURITY ARCHITECTURE REVIEW - PROCESS ASSESSMENT
A2: Assess architecture review process maturity, documentation, and operational effectiveness
A4: Proc-ID | B4: Phase | C4: Activity | D4: Documented | E4: Implemented | F4: Evidence | G4: Effectiveness | H4: Notes
A5: PROC-001 | B5: Trigger | C5: New system identification and intake | D5: Yes | E5: Yes | F5: Intake process documentation | G5: 4 | H5: Process functioning effectively

Sheet Templates
A1: SECURITY ARCHITECTURE REVIEW - TEMPLATES ASSESSMENT
A2: Assess completeness, usability, and maintenance of security architecture review templates
A4: Temp-ID | B4: Template | C4: Version | D4: Last Updated | E4: Completeness | F4: Usability | G4: Gaps | H4: Notes
A5: TEMP-001 | B5: Security Architecture Document (SAD)
A6: TEMP-002 | B6: Threat Model Template
A7: TEMP-003 | B7: Architecture Review Checklist
A8: TEMP-004 | B8: Security Requirements Template
A9: TEMP-005 | B9: Risk Assessment Template
A10: TEMP-006 | B10: Architecture Decision Record (ADR)
A11: TEMP-007 | B11: Exception Request Form
A12: TEMP-008 | B12: Review Completion Report

Sheet Integration
A1: SECURITY ARCHITECTURE REVIEW - SDLC INTEGRATION ASSESSMENT
A2: Assess integration of architecture review into software development lifecycle and operational processes
A4: Int-ID | B4: Integration | C4: Trigger | D4: Automated | E4: Tracked | F4: Enforced | G4: Evidence | H4: Notes
A5: INT-001 | B5: Project initiation | C5: New project intake form triggers review assessment
A6: INT-002 | B6: Architecture design phase | C6: Design milestone triggers security review
A7: INT-003 | B7: Pre-development gate | C7: Development cannot start without review approval
A8: INT-004 | B8: Pre-production release | C8: Release blocked without architecture sign-off
A9: INT-005 | B9: Major change requests | C9: Significant changes trigger re-review
A10: INT-006 | B10: Third-party integration | C10: External service integration requires review
A11: INT-007 | B11: Cloud service adoption | C11: New cloud services require architecture review
A12: INT-008 | B12: Post-incident review | C12: Security incidents may trigger architecture reassessment

Sheet Metrics
A1: SECURITY ARCHITECTURE REVIEW - EFFECTIVENESS METRICS
A2: Track and measure architecture review process effectiveness through key performance indicators
A4: Met-ID | B4: Metric | C4: Period | D4: Target | E4: Actual | F4: Trend | G4: Action | H4: Notes
A5: MET-001 | B5: Review coverage (% applicable projects reviewed) | D5: 100%
A6: MET-002 | B6: Review timeliness (days from trigger to completion) | D6: <10 days
A7: MET-003 | B7: Finding closure rate (% high findings closed before release) | D7: 100%
A8: MET-004 | B8: Bypass rate (% projects bypassing review) | D8: 0%
A9: MET-005 | B9: Rework rate (% requiring re-review) | D9: <10%
A10: MET-006 | B10: Template compliance (% using approved templates) | D10: 100%
A11: MET-007 | B11: Documentation completeness (average score) | D11: 4.0/5
A12: MET-008 | B12: Stakeholder satisfaction (survey score) | D12: 4.0/5
A13: MET-009 | B13: Time to approval (days from submission) | D13: <5 days
A14: MET-010 | B14: Finding recurrence (% findings repeating) | D14: <5%

Sheet Compliance
A1: SECURITY ARCHITECTURE REVIEW - POLICY COMPLIANCE SCORING
A2: Score compliance with security architecture review policy requirements and control objectives
A4: Comp-ID | B4: Requirement | C4: Source | D4: Compliant | E4: Evidence | F4: Score | G4: Notes
A5: COMP-001 | B5: Security architecture review policy documented | C5: POL-A.8.27 §2.2 | D5: ✅ Yes | E5: Policy document v1.0 | F5: =IF(D5="","",IF(D5="✅ Yes",100,IF(D5="⚠️ Partial",50,0))) | G5: Policy compliance verified
B6: Security by design — security requirements addressed from initial design, not retrofitted | F6: =IF(D6="","",IF(D6="✅ Yes",100,IF(D6="⚠️ Partial",50,0)))
B7: Defence in depth — multiple security layers applied so no single failure creates a breach | F7: =IF(D7="","",IF(D7="✅ Yes",100,IF(D7="⚠️ Partial",50,0)))
B8: Fail securely — system defaults to a secure state on failure (deny-by-default, no info disclosure) | F8: =IF(D8="","",IF(D8="✅ Yes",100,IF(D8="⚠️ Partial",50,0)))
B9: Least privilege — every component, user, and process operates with minimum necessary permissions | F9: =IF(D9="","",IF(D9="✅ Yes",100,IF(D9="⚠️ Partial",50,0)))
B10: Least functionality — only required services, ports, and functions enabled; all others disabled | F10: =IF(D10="","",IF(D10="✅ Yes",100,IF(D10="⚠️ Partial",50,0)))
B11: Distrust external input — all external/untrusted input validated before processing | F11: =IF(D11="","",IF(D11="✅ Yes",100,IF(D11="⚠️ Partial",50,0)))
B12: Assume breach — architecture designed assuming attackers may already be inside the perimeter | F12: =IF(D12="","",IF(D12="✅ Yes",100,IF(D12="⚠️ Partial",50,0)))
B13: Usability and manageability — security controls designed for practical use to avoid workarounds | F13: =IF(D13="","",IF(D13="✅ Yes",100,IF(D13="⚠️ Partial",50,0)))
F14: =IF(D14="","",IF(D14="✅ Yes",100,IF(D14="⚠️ Partial",50,0)))
F15: =IF(D15="","",IF(D15="✅ Yes",100,IF(D15="⚠️ Partial",50,0)))
F16: =IF(D16="","",IF(D16="✅ Yes",100,IF(D16="⚠️ Partial",50,0)))
F17: =IF(D17="","",IF(D17="✅ Yes",100,IF(D17="⚠️ Partial",50,0)))
F18: =IF(D18="","",IF(D18="✅ Yes",100,IF(D18="⚠️ Partial",50,0)))
F19: =IF(D19="","",IF(D19="✅ Yes",100,IF(D19="⚠️ Partial",50,0)))
F20: =IF(D20="","",IF(D20="✅ Yes",100,IF(D20="⚠️ Partial",50,0)))
F21: =IF(D21="","",IF(D21="✅ Yes",100,IF(D21="⚠️ Partial",50,0)))
F22: =IF(D22="","",IF(D22="✅ Yes",100,IF(D22="⚠️ Partial",50,0)))
F23: =IF(D23="","",IF(D23="✅ Yes",100,IF(D23="⚠️ Partial",50,0)))
F24: =IF(D24="","",IF(D24="✅ Yes",100,IF(D24="⚠️ Partial",50,0)))
F25: =IF(D25="","",IF(D25="✅ Yes",100,IF(D25="⚠️ Partial",50,0)))
... F63: =IF(D63="","",IF(D63="✅ Yes",100,IF(D63="⚠️ Partial",50,0)))
E65: Overall Compliance Score: | F65: =AVERAGE(F6:F63)

Sheet Evidence Register
A1: EVIDENCE REGISTER
A2: Document all evidence collected during this assessment
A4: Evidence ID | B4: Assessment Area | C4: Evidence Type | D4: Description | E4: Location / Path | F4: Date Collected | G4: Collected By | H4: Verification Status
A5: EV-001 | B5: Security Architecture Review | C5: Policy Document | D5: Architecture review process documentation | E5: \\fileserver\policies\document.pdf | F5: 15.01.2026 | G5: Assessor Name | H5: ✅ Verified

Sheet Summary Dashboard
A1: SECURITY ARCHITECTURE REVIEW PROCESS — SUMMARY DASHBOARD
A2: ISO/IEC 27001:2022 - Control A.8.27: Secure System Architecture and Engineering Principles
A4: TABLE 1: ASSESSMENT AREA COMPLIANCE OVERVIEW
A5: Assessment Area | B5: Total Items | C5: Compliant | D5: Partial | E5: Non-Compliant | F5: N/A | G5: Compliance %
A6: Governance | B6: =COUNTA(Governance!A6:A55) | C6: =COUNTIF('Governance'!D6:D55,"✅ Implemented") | D6: =COUNTIF('Governance'!D6:D55,"⚠️ Partial") | E6: =COUNTIF('Governance'!D6:D55,"❌ Not Implemented") | F6: =B6-(C6+D6+E6) | G6: =IF((B6-F6)=0,"0%",ROUND(C6/(B6-F6)*100,1)&"%")
A7: Process | B7: =COUNTA(Process!A6:A55) | C7: =COUNTIF('Process'!D6:D55,"✅ Yes") | D7: =COUNTIF('Process'!D6:D55,"⚠️ Partial") | E7: =COUNTIF('Process'!D6:D55,"❌ No") | F7: =B7-(C7+D7+E7) | G7: =IF((B7-F7)=0,"0%",ROUND(C7/(B7-F7)*100,1)&"%")
A8: Templates | B8: =COUNTA(Templates!A5:A12) | C8: =COUNTIF('Templates'!E5:E12,"5") | D8: =COUNTIF('Templates'!E5:E12,"3") | E8: =COUNTIF('Templates'!E5:E12,"1") | F8: =B8-(C8+D8+E8) | G8: =IF((B8-F8)=0,"0%",ROUND(C8/(B8-F8)*100,1)&"%")
A9: Integration | B9: =COUNTA(Integration!A5:A12) | C9: =COUNTIF('Integration'!D5:D12,"✅ Yes") | D9: =COUNTIF('Integration'!D5:D12,"⚠️ Partial") | E9: =COUNTIF('Integration'!D5:D12,"❌ No") | F9: =B9-(C9+D9+E9) | G9: =IF((B9-F9)=0,"0%",ROUND(C9/(B9-F9)*100,1)&"%")
A10: Metrics | B10: =COUNTA(Metrics!A5:A14) | C10: =COUNTIF('Metrics'!F5:F14,"Up") | D10: =COUNTIF('Metrics'!F5:F14,"Stable") | E10: =COUNTIF('Metrics'!F5:F14,"Down") | F10: =B10-(C10+D10+E10) | G10: =IF((B10-F10)=0,"0%",ROUND(C10/(B10-F10)*100,1)&"%")
A11: Compliance | B11: =COUNTA(Compliance!A6:A63) | C11: =COUNTIF('Compliance'!D6:D63,"✅ Yes") | D11: =COUNTIF('Compliance'!D6:D63,"⚠️ Partial") | E11: =COUNTIF('Compliance'!D6:D63,"❌ No") | F11: =B11-(C11+D11+E11) | G11: =IF((B11-F11)=0,"0%",ROUND(C11/(B11-F11)*100,1)&"%")
A12: TOTAL | B12: =SUM(B6:B11) | C12: =SUM(C6:C11) | D12: =SUM(D6:D11) | E12: =SUM(E6:E11) | F12: =SUM(F6:F11) | G12: =IF((B12-F12)=0,"0%",ROUND(C12/(B12-F12)*100,1)&"%")
A14: TABLE 2: KEY METRICS
A15: Metric | B15: Value | C15: What This Shows
A16: Governance Gaps | B16: =COUNTIF(Governance!D6:D55,"❌ Not Implemented") | C16: Governance elements not implemented (policy/framework deficiencies)
A17: Incomplete Templates | B17: =COUNTIF(Templates!E5:E12,"<3") | C17: Templates rated below 3 (unusable/incomplete documentation)
A18: Manual Integration Points | B18: =COUNTIF(Integration!D5:D12,"❌ No") | C18: Integration points not automated (manual processes = security gaps)
A19: Declining Metrics | B19: =COUNTIF(Metrics!F5:F14,"Down") | C19: Metrics trending downward (negative performance trends)
A20: Partial Implementations | B20: =COUNTIF(Governance!D6:D55,"⚠️ Partial")+COUNTIF(Process!D6:D55,"⚠️ Partial")+COUNTIF(Integration!D5:D12,"⚠️ Partial") | C20: Controls partially implemented (incomplete protection)
A21: Process Compliance Gaps | B21: =COUNTIF(Process!D6:D55,"❌ No") | C21: Process controls not implemented (procedural deficiencies)
A22: Low-Quality Templates | B22: =COUNTIF(Templates!E5:E12,"<=2") | C22: Templates rated 2 or below (poor quality documentation)
A23: Overall Compliance Rate | B23: ='Summary Dashboard'!G12 | C23: Overall architecture review compliance percentage
A27: TABLE 3: CRITICAL FINDINGS
A28: Critical Finding Type | B28: Count | C28: Filter Instructions
A29: Governance Gaps | B29: =COUNTIF(Governance!D6:D55,"❌ Not Implemented") | C29: Filter Governance sheet: Status = "❌ Not Implemented"
A30: Incomplete Templates | B30: =COUNTIF(Templates!E5:E12,"<3") | C30: Filter Templates sheet: Rating < 3
A31: Manual Integration Points | B31: =COUNTIF(Integration!D5:D12,"❌ No") | C31: Filter Integration sheet: Automated = "❌ No"
A32: Process Compliance Gaps | B32: =COUNTIF(Process!D6:D55,"❌ No") | C32: Filter Process sheet: Status = "❌ No"
A33: Declining Metrics | B33: =COUNTIF(Metrics!F5:F14,"Down") | C33: Filter Metrics sheet: Trend = "Down"
A34: TOTAL | B34: =SUM(B29:B33) | C34: Total critical findings requiring immediate remediation

Sheet Approval Sign-Off
A1: ASSESSMENT APPROVAL AND SIGN-OFF
A2: ISO/IEC 27001:2022 - Control A.8.27: Secure System Architecture and Engineering Principles
A3: ASSESSMENT SUMMARY
A4: Document: | B4: ISMS-IMP-A.8.27.1 - Security Architecture Review Process
A5: Assessment Period:
A6: Overall Compliance Rating: | B6: ='Summary Dashboard'!G12
A7: Assessment Status:
A8: Assessed By:
A11: COMPLETED BY (ASSESSOR)
A12: Name:
A13: Title:
A14: Date:
A15: Signature:
A16: Comments:
A18: REVIEWED BY (INFORMATION SECURITY OFFICER)
A19: Name:
A20: Title:
A21: Date:
... A38: Special Considerations:
