Workbook

Sheet Instructions
A1: ISMS-IMP-A.8.27.1 - Security Architecture Review Process Assessment
A3: Document Information
A4: Document ID | B4: ISMS-IMP-A.8.27.1
A5: Control Reference | B5: ISO/IEC 27001:2022 - Control A.8.27: Secure System Architecture and Engineering Principles
A6: Assessment Purpose | B6: Evaluate security architecture review process maturity and compliance
A7: Generated Date | B7: 10.02.2026
A8: Organisation | B8: [Organisation]
A10: Assessment Instructions
A11: 1. Review the Instructions sheet to understand the assessment methodology
A12: 2. Complete the Governance sheet to assess review governance framework
A13: 3. Complete the Process sheet to evaluate review process maturity
A14: 4. Complete the Templates sheet to assess documentation templates
A15: 5. Complete the Integration sheet to evaluate SDLC integration
A16: 6. Complete the Metrics sheet to document effectiveness metrics
A17: 7. Complete the Compliance sheet to score policy compliance
A18: 8. Document all gaps in the GapRegister sheet
A19: 9. Review the Dashboard for summary status
A21: Rating Scale
A22: 1 | B22: Not performed or completely ineffective
A23: 2 | B23: Performed ad-hoc, minimal effectiveness
A24: 3 | B24: Defined process, moderate effectiveness
A25: 4 | B25: Managed process, good effectiveness
A26: 5 | B26: Optimised process, excellent effectiveness

Sheet Governance
A1: Security Architecture Review - Governance Assessment
A3: Gov-ID | B3: Category | C3: Requirement | D3: Status | E3: Evidence | F3: Gap | G3: Owner | H3: Notes
A4: GOV-001 | B4: Policy | C4: Architecture review policy documented
A5: GOV-002 | B5: Policy | C5: Policy approved by CISO and Executive Management
A6: GOV-003 | B6: Procedures | C6: Review procedures defined and maintained
A7: GOV-004 | B7: Procedures | C7: Review methodology documented (STRIDE, etc.)
A8: GOV-005 | B8: Roles | C8: Reviewer roles and responsibilities defined
A9: GOV-006 | B9: Roles | C9: Approval authority documented
A10: GOV-007 | B10: Authority | C10: CISO approval requirements specified
A11: GOV-008 | B11: Authority | C11: Exception approval authority defined
A12: GOV-009 | B12: Exceptions | C12: Exception process established
A13: GOV-010 | B13: Exceptions | C13: Exception tracking and expiry defined
A14: GOV-011 | B14: Procedures | C14: Review scope criteria defined
A15: GOV-012 | B15: Procedures | C15: Mandatory review triggers documented
... A18: GOV-015 | B18: Procedures | C18: Continuous improvement process defined

Sheet Process
A1: Security Architecture Review - Process Assessment
A3: Proc-ID | B3: Phase | C3: Activity | D3: Documented | E3: Implemented | F3: Evidence | G3: Effectiveness | H3: Notes
A4: PROC-001 | B4: Trigger | C4: New system identification and intake
A5: PROC-002 | B5: Trigger | C5: Major change request assessment
A6: PROC-003 | B6: Trigger | C6: Architecture change impact evaluation
A7: PROC-004 | B7: Trigger | C7: Third-party integration trigger assessment
A8: PROC-005 | B8: Trigger | C8: Review threshold criteria application
A9: PROC-006 | B9: Planning | C9: Review scope definition
A10: PROC-007 | B10: Planning | C10: Reviewer assignment
A11: PROC-008 | B11: Planning | C11: Timeline establishment
A12: PROC-009 | B12: Planning | C12: Documentation gathering
A13: PROC-010 | B13: Execution | C13: Architecture documentation review
A14: PROC-011 | B14: Execution | C14: Threat modelling execution
A15: PROC-012 | B15: Execution | C15: Security requirements validation
... A28: PROC-025 | B28: Follow-up | C28: Lessons learned capture

Sheet Templates
A1: Security Architecture Review - Templates Assessment
A3: Temp-ID | B3: Template | C3: Version | D3: Last Updated | E3: Completeness | F3: Usability | G3: Gaps | H3: Notes
A4: TEMP-001 | B4: Security Architecture Document (SAD)
A5: TEMP-002 | B5: Threat Model Template
A6: TEMP-003 | B6: Architecture Review Checklist
A7: TEMP-004 | B7: Security Requirements Template
A8: TEMP-005 | B8: Risk Assessment Template
A9: TEMP-006 | B9: Architecture Decision Record (ADR)
A10: TEMP-007 | B10: Exception Request Form
A11: TEMP-008 | B11: Review Completion Report

Sheet Integration
A1: Security Architecture Review - SDLC Integration Assessment
A3: Int-ID | B3: Integration | C3: Trigger | D3: Automated | E3: Tracked | F3: Enforced | G3: Evidence | H3: Notes
A4: INT-001 | B4: Project initiation | C4: New project intake form triggers review assessment
A5: INT-002 | B5: Architecture design phase | C5: Design milestone triggers security review
A6: INT-003 | B6: Pre-development gate | C6: Development cannot start without review approval
A7: INT-004 | B7: Pre-production release | C7: Release blocked without architecture sign-off
A8: INT-005 | B8: Major change requests | C8: Significant changes trigger re-review
A9: INT-006 | B9: Third-party integration | C9: External service integration requires review
A10: INT-007 | B10: Cloud service adoption | C10: New cloud services require architecture review
A11: INT-008 | B11: Post-incident review | C11: Security incidents may trigger architecture reassessment

Sheet Metrics
A1: Security Architecture Review - Effectiveness Metrics
A3: Met-ID | B3: Metric | C3: Period | D3: Target | E3: Actual | F3: Trend | G3: Action | H3: Notes
A4: MET-001 | B4: Review coverage (% applicable projects reviewed) | D4: 100%
A5: MET-002 | B5: Review timeliness (days from trigger to completion) | D5: <10 days
A6: MET-003 | B6: Finding closure rate (% high findings closed before release) | D6: 100%
A7: MET-004 | B7: Bypass rate (% projects bypassing review) | D7: 0%
A8: MET-005 | B8: Rework rate (% requiring re-review) | D8: <10%
A9: MET-006 | B9: Template compliance (% using approved templates) | D9: 100%
A10: MET-007 | B10: Documentation completeness (average score) | D10: 4.0/5
A11: MET-008 | B11: Stakeholder satisfaction (survey score) | D11: 4.0/5
A12: MET-009 | B12: Time to approval (days from submission) | D12: <5 days
A13: MET-010 | B13: Finding recurrence (% findings repeating) | D13: <5%

Sheet Compliance
A1: Security Architecture Review - Policy Compliance Scoring
A3: Comp-ID | B3: Requirement | C3: Source | D3: Compliant | E3: Evidence | F3: Score | G3: Notes
A4: COMP-001 | B4: Security architecture review policy documented | C4: POL-A.8.27 §2.2 | F4: =IF(D4="Yes",100,IF(D4="Partial",50,0))
A5: COMP-002 | B5: Review triggers defined for new systems | C5: POL-A.8.27 §2.2.1 | F5: =IF(D5="Yes",100,IF(D5="Partial",50,0))
A6: COMP-003 | B6: Review triggers defined for major changes | C6: POL-A.8.27 §2.2.1 | F6: =IF(D6="Yes",100,IF(D6="Partial",50,0))
A7: COMP-004 | B7: Threat modelling methodology adopted | C7: POL-A.8.27 §2.2.1 | F7: =IF(D7="Yes",100,IF(D7="Partial",50,0))
A8: COMP-005 | B8: Security requirements validation required | C8: POL-A.8.27 §2.2.1 | F8: =IF(D8="Yes",100,IF(D8="Partial",50,0))
A9: COMP-006 | B9: Pattern compliance review required | C9: POL-A.8.27 §2.2.1 | F9: =IF(D9="Yes",100,IF(D9="Partial",50,0))
A10: COMP-007 | B10: Defence in depth assessment required | C10: POL-A.8.27 §2.2.1 | F10: =IF(D10="Yes",100,IF(D10="Partial",50,0))
A11: COMP-008 | B11: Risk assessment and documentation required | C11: POL-A.8.27 §2.2.1 | F11: =IF(D11="Yes",100,IF(D11="Partial",50,0))
A12: COMP-009 | B12: CISO/Security Architect approval required | C12: POL-A.8.27 §2.2.1 | F12: =IF(D12="Yes",100,IF(D12="Partial",50,0))
A13: COMP-010 | B13: SAD documentation required | C13: POL-A.8.27 §2.2.1 | F13: =IF(D13="Yes",100,IF(D13="Partial",50,0))
A14: COMP-011 | B14: Threat Model Report required | C14: POL-A.8.27 §2.2.1 | F14: =IF(D14="Yes",100,IF(D14="Partial",50,0))
A15: COMP-012 | B15: Security Requirements Traceability Matrix | C15: POL-A.8.27 §2.2.1 | F15: =IF(D15="Yes",100,IF(D15="Partial",50,0))
... A23: COMP-020 | B23: Architecture review metrics tracked | C23: POL-A.8.27 §4 | F23: =IF(D23="Yes",100,IF(D23="Partial",50,0))
E25: Overall Compliance Score: | F25: =AVERAGE(F4:F23)

Sheet GapRegister
A1: Security Architecture Review - Gap Register
A3: Gap-ID | B3: Source | C3: Description | D3: Risk | E3: Remediation | F3: Owner | G3: Due Date | H3: Status | I3: Closure Date | J3: Notes
A4: GAP-001
A5: GAP-002
A6: GAP-003
A7: GAP-004
A8: GAP-005
A9: GAP-006
A10: GAP-007
A11: GAP-008
A12: GAP-009
A13: GAP-010
A14: GAP-011
A15: GAP-012
... A23: GAP-020

Sheet Dashboard
A1: Security Architecture Review - Assessment Dashboard
A3: Assessment Summary
A4: Assessment Date | B4: 10.02.2026
A5: Organisation | B5: [Organisation]
A6: Control Reference | B6: ISO/IEC 27001:2022 - Control A.8.27: Secure System Architecture and Engineering Principles
A7: Overall Compliance Score | B7: =Compliance!F25
A9: Gap Summary
A10: High Risk Gaps | B10: =COUNTIF(GapRegister!D:D,"High")
A11: Medium Risk Gaps | B11: =COUNTIF(GapRegister!D:D,"Medium")
A12: Low Risk Gaps | B12: =COUNTIF(GapRegister!D:D,"Low")
A13: Open Gaps | B13: =COUNTIF(GapRegister!H:H,"Open")
A14: In Progress Gaps | B14: =COUNTIF(GapRegister!H:H,"In Progress")
A15: Closed Gaps | B15: =COUNTIF(GapRegister!H:H,"Closed")
