Workbook

Sheet Instructions & Legend
A1: ISMS-IMP-A.8.28.2 - Coding Standards and Development Tool Security ISO/IEC 27001:2022 - Control A.8.28: Secure Coding
A3: Document Information
A4: Document ID | B4: ISMS-IMP-A.8.28.2
A5: Workbook Title | B5: Coding Standards and Development Tool Security
A6: Control Reference | B6: ISO/IEC 27001:2022 - Control A.8.28: Secure Coding
A7: Version | B7: 1.0
A8: Assessment Date
A9: Completed By
A10: Organisation
A12: Instructions
A13: 1. Complete each assessment domain: Coding Standards, SAST/SCA, DAST, IDE Plugins, Tool Metrics.
A14: 2. Assess DEPLOYMENT (is it there?) and EFFECTIVENESS (does it work?).
A15: 3. For tools: assess whether they are configured and used properly, not just deployed.
A16: 4. Provide specific tool names and versions as evidence.
A17: 5. Reference actual scan results, configuration files, and adoption metrics.
A18: 6. Use Tool Effectiveness Metrics sheet to track measurable outcomes.
A19: 7. Document gaps with specific remediation actions.
A20: 8. Obtain approvals from both Security and Development leadership.
A22: Status Legend
A23: Symbol | B23: Status | C23: Description
A24: ✓ | B24: Compliant / Complete | C24: Requirement fully met
A25: ⚠ | B25: Partial / In Progress | C25: Partially met or in progress
A26: ✗ | B26: Non-Compliant / Not Started | C26: Requirement not met
A27: — | B27: Not Applicable | C27: Not applicable to this assessment

Sheet Coding Standards Adoption
A1: STANDARDS & TOOLS ASSESSMENT: CODING STANDARDS ADOPTION
A2: ISO 27001:2022 | Control A.8.28 | Coding Standards Adoption
A3: ID | B3: Requirement | C3: Implementation Status | D3: Evidence Reference | E3: Comments
A4: ▶ Standards Documentation
A5: 1.1 | B5: Organisation has documented secure coding standards | D5: Secure coding standards document, developer wiki, internal guidelines
A6: 1.2 | B6: Coding standards reference OWASP Top 10 and CWE Top 25 | D6: Standards document with OWASP/CWE mappings, policy references
A7: 1.3 | B7: Standards cover input validation requirements for all languages used | D7: Language-specific input validation guidelines, code examples
A8: 1.4 | B8: Standards cover output encoding/escaping requirements | D8: XSS prevention guidelines, encoding standards documentation
A9: 1.5 | B9: Standards cover authentication and session management requirements | D9: Auth standards, session handling guidelines, JWT/token standards
A10: 1.6 | B10: Standards cover cryptography requirements (algorithms, key management) | D10: Crypto standards, approved algorithms list, key management policies
A11: 1.7 | B11: Standards cover error handling and logging requirements | D11: Logging standards, error handling patterns, log retention policies
A12: ▶ Training & Awareness
A13: 1.8 | B13: Developers are trained on secure coding standards | D13: Training completion records, training materials, attendance logs
A14: ▶ Accessibility
A15: 1.9 | B15: Secure coding standards are easily accessible to all developers | D15: Internal wiki links, IDE bookmarks, quick reference guides
A16: ▶ Standards Maintenance
A17: 1.10 | B17: Standards are reviewed and updated at least annually | D17: Standards review schedule, change logs, version history
A18: ▶ Standards Documentation
A19: 1.11 | B19: Language-specific secure coding guides exist for primary languages | D19: Python/Java/JavaScript/etc. specific security guidelines
A20: 1.12 | B20: Standards include code examples (secure vs. insecure patterns) | D20: Code example repository, good/bad pattern documentation
A21: ▶ Standards Enforcement
A22: 1.13 | B22: Compliance with standards is measured and tracked | D22: Compliance metrics, SAST rule compliance, audit results
A23: 1.14 | B23: Standards violations are identified during code review | D23: Code review checklists, review comments, violation tracking
A24: ▶ Standards Governance
A25: 1.15 | B25: Developers can request clarifications or exceptions to standards | D25: Exception request process, clarification tickets, security champion reviews
A26: ▶ Standards Enforcement
A27: 1.16 | B27: Standards compliance is part of developer performance evaluation | D27: Performance review criteria, security KPIs for developers
A28: ▶ Training & Awareness
A29: 1.17 | B29: Secure coding champions help developers apply standards | D29: Security champion program documentation, champion activity logs
A30: 1.18 | B30: New hire onboarding includes secure coding standards training | D30: Onboarding checklist, new hire training materials, completion records
B31: Banned/unsafe functions list maintained — language-specific unsafe APIs prohibited (e.g. strcpy/strcat in C, eval() in Python/JS, pickle.loads() in Python, exec() in PHP)
B32: Memory safety requirements defined for C/C++ code — buffer overflow prevention (bounds checking, safe libraries), use-after-free detection
B33: Integer overflow/underflow protections required for arithmetic on untrusted input

Sheet SAST SCA Tools
A1: STANDARDS & TOOLS ASSESSMENT: SAST & SCA TOOLS
A2: ISO 27001:2022 | Control A.8.28 | SAST & SCA Tools
A3: ID | B3: Requirement | C3: Implementation Status | D3: Evidence Reference | E3: Comments
A4: ▶ SAST Deployment
A5: 2.1 | B5: SAST (Static Application Security Testing) tool is deployed | D5: Tool license, deployment documentation, access credentials
A6: ▶ SAST Configuration
A7: 2.2 | B7: SAST tool covers all primary programming languages used | D7: Language support documentation, configuration for each language
A8: ▶ SAST Integration
A9: 2.3 | B9: SAST scans run automatically on every code commit/PR | D9: CI/CD integration config, pipeline logs showing SAST execution
A10: ▶ SAST Configuration
A11: 2.4 | B11: SAST tool is configured with security-focused rulesets | D11: Ruleset configuration, enabled security rules list
A12: 2.5 | B12: SAST findings are prioritised by severity (Critical/High/Medium/Low) | D12: Severity classification schema, findings dashboard
A13: ▶ SAST Integration
A14: 2.6 | B14: Critical/High SAST findings block code deployment | D14: Quality gate configuration, blocked deployment logs
A15: ▶ SAST Configuration
A16: 2.7 | B16: SAST false positives can be suppressed with justification | D16: Suppression process, suppression audit trail, justification records
A17: ▶ SAST Remediation
A18: 2.8 | B18: SAST findings are tracked to resolution in ticketing system | D18: JIRA/Azure DevOps integration, vulnerability tracking tickets
A19: ▶ SCA Deployment
A20: 2.9 | B20: SCA (Software Composition Analysis) tool is deployed | D20: Tool license, deployment documentation, access credentials
A21: ▶ SCA Configuration
A22: 2.10 | B22: SCA tool scans all dependency manifests (package.json, pom.xml, etc.) | D22: Supported manifest files list, scan coverage reports
A23: ▶ SCA Integration
A24: 2.11 | B24: SCA scans run automatically on every build | D24: CI/CD integration, build logs showing SCA execution
A25: ▶ SCA Configuration
A26: 2.12 | B26: SCA tool checks for known vulnerabilities in dependencies (CVEs) | D26: Vulnerability database updates, CVE detection reports
A27: 2.13 | B27: SCA tool checks for license compliance issues | D27: License policy configuration, license violation reports
A28: ▶ SCA Integration
A29: 2.14 | B29: Critical/High vulnerability findings block deployment | D29: Quality gate configuration, blocked deployment logs
A30: ▶ SCA Remediation
A31: 2.15 | B31: SCA tool provides remediation guidance (upgrade paths) | D31: Remediation recommendations, automated PR generation
A32: 2.16 | B32: Dependency vulnerabilities have defined SLAs for remediation | D32: Vulnerability remediation SLA policy, SLA tracking metrics
A33: ▶ Tool Governance
A34: 2.17 | B34: SAST and SCA findings are reviewed by security team regularly | D34: Security review meeting notes, findings triage records
A35: ▶ Tool Effectiveness
A36: 2.18 | B36: Metrics track SAST/SCA finding trends and remediation velocity | D36: Security metrics dashboard, trend analysis reports

Sheet DAST Security Testing Tools
A1: STANDARDS & TOOLS ASSESSMENT: DAST & SECURITY TESTING TOOLS
A2: ISO 27001:2022 | Control A.8.28 | DAST & Security Testing Tools
A3: ID | B3: Requirement | C3: Implementation Status | D3: Evidence Reference | E3: Comments
A4: ▶ DAST Deployment
A5: 3.1 | B5: DAST (Dynamic Application Security Testing) tool is deployed | D5: Tool license, deployment documentation, scanning infrastructure
A6: ▶ DAST Configuration
A7: 3.2 | B7: DAST scans run against staging/pre-production environments | D7: Scan configuration, target environment documentation
A8: ▶ DAST Integration
A9: 3.3 | B9: DAST scans are executed before production releases | D9: Release checklist with DAST requirement, scan reports
A10: ▶ DAST Configuration
A11: 3.4 | B11: DAST tool tests for OWASP Top 10 vulnerabilities | D11: Scan policy configuration, OWASP Top 10 test coverage
A12: 3.5 | B12: DAST scans include authenticated testing (logged-in scenarios) | D12: Authentication configuration, authenticated scan results
A13: 3.6 | B13: DAST findings are classified by severity and risk | D13: Severity schema, risk scoring methodology
A14: ▶ DAST Integration
A15: 3.7 | B15: Critical DAST findings block production deployment | D15: Release gate configuration, blocked release records
A16: ▶ DAST Remediation
A17: 3.8 | B17: DAST false positives are validated and documented | D17: False positive validation process, validation records
A18: ▶ API Testing
A19: 3.9 | B19: API security testing tools are deployed for API testing | D19: API testing tool documentation (Postman, REST Assured, etc.)
A20: 3.10 | B20: API tests include authentication and authorisation testing | D20: API test scenarios, auth bypass test cases
A21: 3.11 | B21: API tests include input validation and injection testing | D21: API fuzzing results, injection test cases
A22: ▶ Container Security
A23: 3.12 | B23: Container/image scanning tool is deployed | D23: Tool documentation (Trivy, Clair, Anchore), scan integration
A24: 3.13 | B24: Container images are scanned before deployment | D24: Container scan results, vulnerability reports
A25: ▶ IaC Security
A26: 3.14 | B26: IaC (Infrastructure-as-Code) scanning tool is deployed | D26: Tool documentation (Checkov, tfsec, Terrascan), scan config
A27: 3.15 | B27: IaC is scanned for misconfigurations before deployment | D27: IaC scan results, misconfiguration findings
A28: ▶ Testing Governance
A29: 3.16 | B29: Security testing results are archived for audit purposes | D29: Test result storage, historical scan archives
A30: ▶ Penetration Testing
A31: 3.17 | B31: Penetration testing is performed annually for critical applications | D31: Pentest reports, remediation tracking, retest results
A32: ▶ External Testing
A33: 3.18 | B33: Bug bounty or responsible disclosure program is active | D33: Bug bounty platform (HackerOne, Bugcrowd), submission records

Sheet IDE Plugins Linters
A1: STANDARDS & TOOLS ASSESSMENT: IDE PLUGINS & LINTERS
A2: ISO 27001:2022 | Control A.8.28 | IDE Plugins & Linters
A3: ID | B3: Requirement | C3: Implementation Status | D3: Evidence Reference | E3: Comments
A4: ▶ IDE Plugins
A5: 4.1 | B5: Security-focused IDE plugins are available for developers | D5: Plugin catalog, installation guides, approved plugin list
A6: 4.2 | B6: SAST IDE plugins provide real-time security feedback | D6: SonarLint, Snyk IDE plugin, or similar tool documentation
A7: ▶ IDE Configuration
A8: 4.3 | B8: IDE plugins are integrated with organisational security policies | D8: Plugin configuration synced with SAST/SCA rules
A9: ▶ IDE Adoption
A10: 4.4 | B10: IDE plugin adoption rate is measured and tracked | D10: Plugin telemetry, adoption metrics dashboard
A11: ▶ IDE Training
A12: 4.5 | B12: Developers receive training on using IDE security plugins | D12: Plugin training materials, usage documentation
A13: ▶ Linting
A14: 4.6 | B14: Code linters are configured with security rules | D14: Linter configuration files (eslint, pylint, rubocop), security rules enabled
A15: 4.7 | B15: Linters run automatically in developer IDEs | D15: IDE linter integration, pre-commit hook configuration
A16: 4.8 | B16: Linting rules are enforced in CI/CD pipeline | D16: Pipeline linting step, linting failure logs
A17: ▶ Secret Prevention
A18: 4.9 | B18: Secret scanning pre-commit hooks are deployed | D18: Git hooks configuration (git-secrets, detect-secrets), hook installation
A19: 4.10 | B19: Pre-commit hooks prevent commits containing secrets | D19: Blocked commit logs, secret detection examples
A20: 4.11 | B20: Developers can bypass pre-commit hooks only with justification | D20: Bypass process documentation, bypass audit logs
A21: ▶ Code Quality
A22: 4.12 | B22: Code formatting tools enforce consistent style | D22: Prettier, Black, gofmt configuration, formatting enforcement
A23: 4.13 | B23: Complexity metrics are tracked (cyclomatic complexity, etc.) | D23: SonarQube complexity metrics, code quality dashboards
A24: 4.14 | B24: Code coverage metrics are tracked and enforced | D24: Coverage reports, minimum coverage thresholds
A25: ▶ Dependency Management
A26: 4.15 | B26: Dependency update tools provide automated update PRs | D26: Dependabot, Renovate Bot configuration, automated PRs
A27: ▶ IDE Plugins
A28: 4.16 | B28: IDE plugins provide inline documentation for secure coding | D28: Context-aware security hints, inline documentation
A29: ▶ Tool Governance
A30: 4.17 | B30: Developer feedback on tool usability is collected and acted upon | D30: Developer surveys, tool improvement backlog
A31: 4.18 | B31: Tool performance impact on developer workflow is monitored | D31: Performance metrics, developer satisfaction scores

Sheet Tool Effectiveness Metrics
A1: STANDARDS & TOOLS ASSESSMENT: TOOL EFFECTIVENESS & METRICS
A2: ISO 27001:2022 | Control A.8.28 | Tool Effectiveness & Metrics
A3: ID | B3: Requirement | C3: Implementation Status | D3: Evidence Reference | E3: Comments
A4: ▶ Metrics & Measurement
A5: 5.1 | B5: Security tool effectiveness is measured with KPIs | D5: KPI dashboard, effectiveness metrics definition
A6: 5.2 | B6: Vulnerability detection rate is tracked per tool | D6: Detection metrics by tool, true positive rates
A7: ▶ Tool Tuning
A8: 5.3 | B8: False positive rate is measured and minimised | D8: False positive metrics, tuning efforts documentation
A9: ▶ Metrics & Measurement
A10: 5.4 | B10: Mean time to remediation (MTTR) is tracked for findings | D10: MTTR metrics, remediation velocity dashboard
A11: ▶ Tool Coverage
A12: 5.5 | B12: Tool coverage is measured (% of codebase scanned) | D12: Coverage reports, unscanned code identification
A13: ▶ Metrics & Measurement
A14: 5.6 | B14: Security tool findings trends are analysed over time | D14: Trend analysis reports, historical metrics
A15: ▶ Tool Governance
A16: 5.7 | B16: Tool costs are tracked and justified by value delivered | D16: Cost-benefit analysis, ROI documentation
A17: ▶ Tool Performance
A18: 5.8 | B18: Tool performance (scan time, resource usage) is monitored | D18: Performance monitoring, scan duration metrics
A19: ▶ Tool Integration
A20: 5.9 | B20: Duplicate findings across tools are identified and deduplicated | D20: Deduplication process, consolidated findings reports
A21: ▶ Metrics & Measurement
A22: 5.10 | B22: Security findings are correlated with production incidents | D22: Incident analysis, finding-to-incident correlation reports
A23: ▶ Tool Integration
A24: 5.11 | B24: Tool findings are integrated with vulnerability management system | D24: VM system integration, unified vulnerability tracking
A25: ▶ Reporting
A26: 5.12 | B26: Security metrics are reported to management quarterly | D26: Management reports, executive dashboards
A27: ▶ Tool Governance
A28: 5.13 | B28: Tool configuration changes are tracked and audited | D28: Configuration change logs, audit trails
A29: 5.14 | B29: Tool licenses are managed and renewal dates tracked | D29: License management system, renewal calendar
A30: ▶ Tool Selection
A31: 5.15 | B31: New tools are evaluated against security requirements | D31: Tool evaluation framework, POC results
A32: ▶ Tool Maintenance
A33: 5.16 | B33: Tools are regularly updated to latest stable versions | D33: Tool version inventory, update schedule
A34: ▶ Tool Effectiveness
A35: 5.17 | B35: Tool effectiveness is benchmarked against industry standards | D35: Benchmark comparison reports, industry metrics
A36: ▶ Tool Governance
A37: 5.18 | B37: Continuous improvement process exists for tool optimization | D37: Improvement backlog, optimization initiatives

Sheet Evidence Register
A1: EVIDENCE REGISTER
A2: List all evidence files/documents referenced in this assessment (audit traceability).
A4: Evidence ID | B4: Assessment Area | C4: Evidence Type | D4: Description | E4: Location/Path | F4: Date Collected | G4: Collected By | H4: Verification Status
A5: EV-001 | B5: Test Data Inventory | C5: Configuration file | D5: Data masking configuration for UAT environment | E5: \fileserver\isms\evidence\test-data\uat-masking-config.json | F5: 2024-03-01 | G5: Sarah Mitchell | H5: Verified

Sheet Gap Analysis
A1: GAP ANALYSIS & REMEDIATION PLAN
A2: Document all 'Not Implemented' and 'Partially Implemented' requirements. Assign owners, set target dates, and track remediation progress.
A3: Gap ID | B3: Domain | C3: Requirement ID | D3: Requirement Description | E3: Current State | F3: Target State | G3: Priority | H3: Owner | I3: Target Date | J3: Status
A4: GAP-001 | B4: SAST & SCA Tools | C4: 2.2 | D4: SonarQube integrated into CI/CD pipeline | E4: SAST runs manually outside pipeline | F4: Automated SAST scans with quality gates in Jenkins | G4: High | H4: DevSecOps Lead | I4: 28.02.2025 | J4: In Progress

Sheet Summary Dashboard
A1: CODING STANDARDS AND DEVELOPMENT TOOL SECURITY — SUMMARY DASHBOARD
A2: ISO/IEC 27001:2022 Annex A.8.28 — Secure Coding | Standards & Tools Assessment
A4: TABLE 1: ASSESSMENT AREA COMPLIANCE OVERVIEW
A5: Assessment Area | B5: Total Items | C5: Compliant | D5: Partial | E5: Non-Compliant | F5: N/A | G5: Compliance %
A6: Coding Standards Adoption | B6: =COUNTA('Coding Standards Adoption'!C4:C100) | C6: =COUNTIF('Coding Standards Adoption'!C4:C100,"✅ Implemented") | D6: =COUNTIF('Coding Standards Adoption'!C4:C100,"⚠️ Partially Implemented") | E6: =COUNTIF('Coding Standards Adoption'!C4:C100,"❌ Not Implemented") | F6: =COUNTIF('Coding Standards Adoption'!C4:C100,"N/A") | G6: =IF((B6-F6)=0,0,C6/(B6-F6))
A7: SAST SCA Tools | B7: =COUNTA('SAST SCA Tools'!C4:C100) | C7: =COUNTIF('SAST SCA Tools'!C4:C100,"✅ Implemented") | D7: =COUNTIF('SAST SCA Tools'!C4:C100,"⚠️ Partially Implemented") | E7: =COUNTIF('SAST SCA Tools'!C4:C100,"❌ Not Implemented") | F7: =COUNTIF('SAST SCA Tools'!C4:C100,"N/A") | G7: =IF((B7-F7)=0,0,C7/(B7-F7))
A8: DAST Security Testing Tools | B8: =COUNTA('DAST Security Testing Tools'!C4:C100) | C8: =COUNTIF('DAST Security Testing Tools'!C4:C100,"✅ Implemented") | D8: =COUNTIF('DAST Security Testing Tools'!C4:C100,"⚠️ Partially Implemented") | E8: =COUNTIF('DAST Security Testing Tools'!C4:C100,"❌ Not Implemented") | F8: =COUNTIF('DAST Security Testing Tools'!C4:C100,"N/A") | G8: =IF((B8-F8)=0,0,C8/(B8-F8))
A9: IDE Plugins Linters | B9: =COUNTA('IDE Plugins Linters'!C4:C100) | C9: =COUNTIF('IDE Plugins Linters'!C4:C100,"✅ Implemented") | D9: =COUNTIF('IDE Plugins Linters'!C4:C100,"⚠️ Partially Implemented") | E9: =COUNTIF('IDE Plugins Linters'!C4:C100,"❌ Not Implemented") | F9: =COUNTIF('IDE Plugins Linters'!C4:C100,"N/A") | G9: =IF((B9-F9)=0,0,C9/(B9-F9))
A10: Tool Effectiveness Metrics | B10: =COUNTA('Tool Effectiveness Metrics'!C4:C100) | C10: =COUNTIF('Tool Effectiveness Metrics'!C4:C100,"✅ Implemented") | D10: =COUNTIF('Tool Effectiveness Metrics'!C4:C100,"⚠️ Partially Implemented") | E10: =COUNTIF('Tool Effectiveness Metrics'!C4:C100,"❌ Not Implemented") | F10: =COUNTIF('Tool Effectiveness Metrics'!C4:C100,"N/A") | G10: =IF((B10-F10)=0,0,C10/(B10-F10))
A11: TOTAL | B11: =SUM(B6:B10) | C11: =SUM(C6:C10) | D11: =SUM(D6:D10) | E11: =SUM(E6:E10) | F11: =SUM(F6:F10) | G11: =IF((B11-F11)=0,0,C11/(B11-F11))
A13: TABLE 2: KEY METRICS
A14: Metric | B14: Value
A15: Total Coding Standards | B15: =COUNTA('Coding Standards Adoption'!B5:B100)
A16: Standards Fully Adopted | B16: =COUNTIF('Coding Standards Adoption'!C5:C100,"✅ Implemented")
A17: Standards Adoption Rate | B17: =COUNTIF('Coding Standards Adoption'!C5:C100,"✅ Implemented")/COUNTA('Coding Standards Adoption'!B5:B100)
A18: Total SAST/SCA Tools | B18: =COUNTA('SAST SCA Tools'!B5:B100)
A19: Tools Fully Integrated | B19: =COUNTIF('SAST SCA Tools'!C5:C100,"✅ Implemented")
A20: SAST/SCA Coverage | B20: =COUNTIF('SAST SCA Tools'!C5:C100,"✅ Implemented")/COUNTA('SAST SCA Tools'!B5:B100)
A21: Total DAST Tools | B21: =COUNTA('DAST Security Testing Tools'!B5:B100)
A22: DAST Tools Active | B22: =COUNTIF('DAST Security Testing Tools'!C5:C100,"✅ Implemented")
A23: DAST Testing Coverage | B23: =COUNTIF('DAST Security Testing Tools'!C5:C100,"✅ Implemented")/COUNTA('DAST Security Testing Tools'!B5:B100)
A24: Total IDE Plugins | B24: =COUNTA('IDE Plugins Linters'!B5:B100)
A25: Plugins Deployed | B25: =COUNTIF('IDE Plugins Linters'!C5:C100,"✅ Implemented")
A26: Plugin Adoption Rate | B26: =COUNTIF('IDE Plugins Linters'!C5:C100,"✅ Implemented")/COUNTA('IDE Plugins Linters'!B5:B100)
A27: Total Effectiveness Metrics | B27: =COUNTA('Tool Effectiveness Metrics'!B5:B100)
A28: Metrics Tracked | B28: =COUNTIF('Tool Effectiveness Metrics'!C5:C100,"✅ Implemented")
A29: Overall Tool Effectiveness | B29: =COUNTIF('Tool Effectiveness Metrics'!C5:C100,"✅ Implemented")/COUNTA('Tool Effectiveness Metrics'!B5:B100)
A33: TABLE 3: CRITICAL FINDINGS REQUIRING IMMEDIATE ATTENTION
A34: Category | B34: Finding | C34: Count | D34: Severity | E34: Action Required
A35: Coding Standards Adoption | B35: No coding standards enforced | C35: =COUNTIF('Coding Standards Adoption'!C5:C100,"❌ Not Implemented") | D35: Critical | E35: Immediate
A36: SAST SCA Tools | B36: Missing SAST/SCA in CI/CD pipeline | C36: =COUNTIF('SAST SCA Tools'!C5:C100,"❌ Not Implemented") | D36: Critical | E36: Immediate
A37: DAST Security Testing Tools | B37: Zero DAST coverage for APIs | C37: =COUNTIF('DAST Security Testing Tools'!C5:C100,"❌ Not Implemented") | D37: Critical | E37: Immediate
A38: IDE Plugins Linters | B38: No security plugins in developer IDEs | C38: =COUNTIF('IDE Plugins Linters'!C5:C100,"❌ Not Implemented") | D38: Critical | E38: Immediate
A39: Tool Effectiveness Metrics | B39: No metrics tracking tool effectiveness | C39: =COUNTIF('Tool Effectiveness Metrics'!C5:C100,"❌ Not Implemented") | D39: Critical | E39: Immediate
A40: Coding Standards Adoption | B40: Inconsistent standards adoption | C40: =COUNTIF('Coding Standards Adoption'!C5:C100,"⚠️ Partially Implemented") | D40: High | E40: Urgent
A41: SAST SCA Tools | B41: Incomplete SAST/SCA integration | C41: =COUNTIF('SAST SCA Tools'!C5:C100,"⚠️ Partially Implemented") | D41: High | E41: Urgent
A42: DAST Security Testing Tools | B42: Partial DAST implementation | C42: =COUNTIF('DAST Security Testing Tools'!C5:C100,"⚠️ Partially Implemented") | D42: High | E42: Urgent
A43: IDE Plugins Linters | B43: Low plugin adoption rates | C43: =COUNTIF('IDE Plugins Linters'!C5:C100,"⚠️ Partially Implemented") | D43: High | E43: Urgent
A44: Tool Effectiveness Metrics | B44: Incomplete metrics collection | C44: =COUNTIF('Tool Effectiveness Metrics'!C5:C100,"⚠️ Partially Implemented") | D44: Medium | E44: Plan

Sheet Approval Sign-Off
A1: ASSESSMENT APPROVAL AND SIGN-OFF
A2: ISO/IEC 27001:2022 - Control A.8.28: Secure Coding
A3: ASSESSMENT SUMMARY
A4: Document: | B4: ISMS-IMP-A.8.28.2 - Standards & Tools Assessment
A5: Assessment Period:
A6: Overall Compliance Rating: | B6: ='Summary Dashboard'!G9
A7: Assessment Status:
A8: Assessed By:
A11: COMPLETED BY (ASSESSOR)
A12: Name:
A13: Title:
A14: Date:
A15: Signature:
A16: Comments:
A18: REVIEWED BY (INFORMATION SECURITY OFFICER)
A19: Name:
A20: Title:
A21: Date:
... A38: Special Considerations:
