Workbook

Sheet Instructions & Legend
A1: ISMS-IMP-A.8.28.4 - Third-Party Code and Open Source Component Security ISO/IEC 27001:2022 - Control A.8.28: Secure Coding
A3: Document Information
A4: Document ID | B4: ISMS-IMP-A.8.28.4
A5: Workbook Title | B5: Third-Party Code and Open Source Component Security
A6: Control Reference | B6: ISO/IEC 27001:2022 - Control A.8.28: Secure Coding
A7: Version | B7: 1.0
A8: Assessment Date
A9: Completed By
A10: Organisation
A12: Instructions
A13: 1. Complete each assessment domain sheet sequentially.
A14: 2. For each requirement, select Implementation Status from the dropdown menu.
A15: 3. Provide specific evidence references (URLs, file paths, system names).
A16: 4. Add Comments explaining implementation details or context.
A17: 5. Focus on ACTUAL PRACTICES, not just documented policies.
A18: 6. Review the Summary Dashboard to see overall compliance metrics.
A19: 7. Document all gaps in the Gap Analysis sheet with remediation plans.
A20: 8. Obtain required approvals on the Approval Sign-Off sheet.
A22: Status Legend
A23: Symbol | B23: Status | C23: Description
A24: ✓ | B24: Compliant / Complete | C24: Requirement fully met
A25: ⚠ | B25: Partial / In Progress | C25: Partially met or in progress
A26: ✗ | B26: Non-Compliant / Not Started | C26: Requirement not met
A27: — | B27: Not Applicable | C27: Not applicable to this assessment

Sheet Vendor Security Assessment
A1: THIRD-PARTY & OSS ASSESSMENT: VENDOR SECURITY ASSESSMENT
A2: ISO 27001:2022 | Control A.8.28 | Vendor Security Assessment
A3: ID | B3: Requirement | C3: Implementation Status | D3: Evidence Reference | E3: Comments
A4: ▶ Vendor Policy
A5: V-01 | B5: Vendor security assessment policy exists and is approved | D5: Policy document, approval signatures, policy publication records
A6: ▶ Vendor Assessment
A7: V-02 | B7: Security questionnaire sent to all vendors before onboarding | D7: Questionnaire templates, completed questionnaires, vendor onboarding records
A8: V-03 | B8: Vendor risk classification framework implemented (High/Medium/Low tiers) | D8: Risk classification matrix, vendor tier assignments, risk scoring methodology
A9: ▶ Vendor Contracting
A10: V-04 | B10: Contract security requirements defined for all vendors | D10: Contract templates with security clauses, executed vendor contracts
A11: V-05 | B11: Data protection requirements specified in vendor contracts (DPAs, data handling) | D11: Contract sections on data handling, Data Processing Agreements (DPAs), privacy clauses
A12: V-06 | B12: Incident response coordination requirements included in vendor contracts | D12: Incident notification SLAs, contact procedures, escalation paths in contracts
A13: ▶ Vendor Access Control
A14: V-07 | B14: Vendor access controls documented and enforced (least privilege) | D14: Access logs, permission matrices, SSO configurations, access request records
A15: V-08 | B15: Vendor accounts follow least privilege principle (minimal necessary permissions) | D15: Access reviews, role definitions, permission audits, access justifications
A16: V-09 | B16: Vendor access reviewed regularly (quarterly for high-risk vendors) | D16: Access review reports, approval records, review meeting notes, access certification logs
A17: ▶ Vendor Monitoring
A18: V-10 | B18: High-risk vendors undergo annual comprehensive security reviews | D18: Review meeting notes, security assessment reports, vendor scorecards, review schedules
A19: V-11 | B19: Vendor security incidents tracked and reviewed (lessons learned) | D19: Incident logs, post-mortem reports, lessons learned documents, remediation plans
A20: V-12 | B20: Vendor security posture monitored (security ratings, breach notifications) | D20: Security rating subscriptions (BitSight, SecurityScorecard), monitoring reports, breach alerts
A21: ▶ Vendor Compliance
A22: V-13 | B22: Vendor SOC 2 / ISO 27001 compliance verified where applicable | D22: SOC 2 Type II reports, ISO 27001 certificates, attestation letters, compliance verification
A23: V-14 | B23: Vendor data retention and deletion requirements specified in contracts | D23: Contract data handling clauses, data deletion procedures, retention schedules
A24: ▶ Vendor Assessment
A25: V-15 | B25: Vendor security questionnaire responses validated (not blindly accepted) | D25: Validation notes, follow-up correspondence, independent verification evidence
A26: ▶ Vendor Offboarding
A27: V-16 | B27: Vendor offboarding process includes security checklist (access revocation, data return) | D27: Offboarding checklists, access revocation logs, data deletion certificates
A28: ▶ Business Continuity
A29: V-17 | B29: Critical vendors have business continuity plans reviewed and tested | D29: BCP documents, disaster recovery plans, BCP test results, failover procedures
A30: ▶ Vendor Metrics
A31: V-18 | B31: Vendor security metrics tracked (% compliant vendors, review completion rates) | D31: Vendor compliance dashboard, metrics reports, KPI tracking, trend analysis

Sheet OSS Management
A1: THIRD-PARTY & OSS ASSESSMENT: OSS MANAGEMENT
A2: ISO 27001:2022 | Control A.8.28 | OSS Management
A3: ID | B3: Requirement | C3: Implementation Status | D3: Evidence Reference | E3: Comments
A4: ▶ OSS Policy
A5: O-01 | B5: OSS usage policy exists and is approved (defines acceptable OSS practices) | D5: OSS policy document, approval signatures, policy distribution records
A6: O-02 | B6: OSS approval workflow defined (request → review → approve process) | D6: Workflow documentation, JIRA/ServiceNow workflow configs, process diagrams
A7: O-03 | B7: OSS approval process enforced before production use (not bypassed) | D7: Approval tickets, process audit logs, enforcement metrics, compliance reports
A8: ▶ OSS Inventory
A9: O-04 | B9: OSS inventory maintained (SBOM) for all applications and services | D9: SBOM exports (CycloneDX, SPDX format), inventory databases, dependency manifests
A10: O-05 | B10: SBOM generated automatically in CI/CD pipeline (not manual) | D10: CI/CD pipeline configs, build logs showing SBOM generation, automation scripts
A11: O-06 | B11: OSS components tracked with specific version numbers (not version ranges) | D11: Dependency manifests (package.json, requirements.txt, pom.xml), lockfiles
A12: O-07 | B12: Transitive dependencies identified and tracked (dependencies of dependencies) | D12: Dependency tree reports, SCA tool outputs showing full dependency graph
A13: ▶ Dependency Health
A14: O-08 | B14: OSS license information captured in inventory for all dependencies | D14: License scan reports, SBOM license fields, license identification logs
A15: O-09 | B15: Abandoned/unmaintained OSS detected and tracked (staleness monitoring) | D15: Dependency staleness reports, EOL (end-of-life) tracking, maintainer activity checks
A16: O-10 | B16: OSS update policy defines acceptable staleness thresholds (e.g., <6 months since last update) | D16: Policy document with staleness thresholds, update frequency requirements
A17: ▶ OSS Approval
A18: O-11 | B18: OSS components reviewed for security before approval (not rubber-stamped) | D18: Security review checklists, approval criteria, security assessment notes
A19: O-12 | B19: Restricted licenses flagged during approval process (GPL, AGPL, SSPL) | D19: License allowlist/blocklist, flagging rules in approval workflow, legal review triggers
A20: O-13 | B20: OSS alternatives evaluated before approval (build vs. buy vs. OSS decision) | D20: Evaluation notes, decision records, alternative analysis documents
A21: ▶ OSS Contribution
A22: O-14 | B22: OSS contribution guidelines exist if organisation contributes to OSS projects | D22: Contribution policy, CLA (Contributor License Agreement) templates, approval process
A23: O-15 | B23: OSS forks minimised and justified (upstream contributions preferred) | D23: Fork justifications, upstream contribution plans, fork maintenance records
A24: ▶ Supplier Risk
A25: O-16 | B25: OSS components with known high-risk maintainers flagged for review | D25: Maintainer reputation checks, risk assessments, red flag criteria
A26: ▶ OSS Metrics
A27: O-17 | B27: OSS inventory reviewed regularly (quarterly minimum) for accuracy | D27: Inventory review reports, approval records, accuracy audit logs
A28: O-18 | B28: OSS metrics tracked (% approved components, inventory coverage, SBOM completeness) | D28: OSS compliance dashboard, metrics reports, KPI tracking

Sheet Dependency Vulnerability Mgmt
A1: THIRD-PARTY & OSS ASSESSMENT: DEPENDENCY VULNERABILITY MGMT
A2: ISO 27001:2022 | Control A.8.28 | Dependency Vulnerability Mgmt
A3: ID | B3: Requirement | C3: Implementation Status | D3: Evidence Reference | E3: Comments
A4: ▶ SCA Tooling
A5: D-01 | B5: SCA (Software Composition Analysis) tool deployed and scanning dependencies | D5: SCA tool configurations (Snyk, Dependabot, WhiteSource, Sonatype), deployment records
A6: D-02 | B6: SCA scans run automatically on every build/commit (not manual) | D6: CI/CD pipeline configs, scan logs, automation evidence, build failure logs
A7: D-03 | B7: SCA tool integrated with developer workflow (IDE plugins, PR checks) | D7: IDE plugin configurations, PR check results, developer tool screenshots
A8: ▶ Vulnerability Remediation
A9: D-04 | B9: Vulnerability alerts delivered to responsible teams (not ignored) | D9: Alert routing configurations, notification logs, Slack/email integrations
A10: D-05 | B10: Vulnerability remediation SLAs defined by severity (Critical/High/Medium/Low) | D10: SLA policy document, severity definitions, remediation timelines
A11: D-06 | B11: Critical vulnerabilities have <7 day remediation SLA (e.g., Log4Shell scenarios) | D11: SLA policy with critical timelines, compliance tracking, escalation procedures
A12: D-07 | B12: High vulnerabilities have <30 day remediation SLA | D12: SLA policy with high severity timelines, tracking metrics, compliance reports
A13: ▶ Vulnerability Triage
A14: D-08 | B14: Vulnerability triage process documented (risk assessment, prioritization) | D14: Triage workflow documentation, decision criteria, risk scoring methodology
A15: D-09 | B15: False positives documented with suppression justification (not silently ignored) | D15: Suppression records, justification notes, approval logs, suppression review process
A16: ▶ Dependency Updates
A17: D-10 | B17: Dependency update process documented (testing requirements, rollback plans) | D17: Update procedures, testing requirements, rollback documentation, change management
A18: D-11 | B18: Dependency updates tested before production deployment (not YOLO updates) | D18: Test results, staging environment logs, regression test evidence, QA sign-offs
A19: ▶ Dependency Management
A20: D-12 | B20: Transitive dependency vulnerabilities addressed (not just direct dependencies) | D20: Transitive vulnerability remediation records, dependency tree analysis, patch logs
A21: D-13 | B21: Dependency pinning used (lockfiles required: package-lock.json, Pipfile.lock, etc.) | D21: Lockfile examples, policy enforcement, CI/CD checks for lockfile presence
A22: D-14 | B22: Dependency version ranges minimised (avoid wildcards like '^1.0.0' or '~1.0.0') | D22: Dependency manifests showing pinned versions, policy on version ranges
A23: ▶ Emergency Response
A24: D-15 | B24: Emergency patching process for critical vulnerabilities (Log4Shell-style response plan) | D24: Emergency response plans, drill records, war room procedures, communication plans
A25: ▶ Risk Governance
A26: D-16 | B26: Vulnerability remediation tracked with metrics (MTTR, remediation rates) | D26: Remediation dashboards, MTTR (Mean Time To Remediate) metrics, trend reports
A27: D-17 | B27: Unpatched vulnerabilities require formal risk acceptance (no silent ignoring) | D27: Risk acceptance forms, approval signatures, risk register, acceptance expiry tracking
A28: ▶ Tool Effectiveness
A29: D-18 | B29: SCA tool effectiveness reviewed regularly (false negative testing, coverage checks) | D29: Tool effectiveness reports, benchmark tests, false negative rate analysis

Sheet Third-Party Code & Integration
A1: THIRD-PARTY & OSS ASSESSMENT: THIRD-PARTY CODE & INTEGRATION
A2: ISO 27001:2022 | Control A.8.28 | Third-Party Code & Integration
A3: ID | B3: Requirement | C3: Implementation Status | D3: Evidence Reference | E3: Comments
A4: ▶ Integration Policy
A5: T-01 | B5: Third-party code integration policy exists (defines security review requirements) | D5: Integration policy document, approval records, security review requirements
A6: T-02 | B6: Security review required for all third-party integrations before production | D6: Review checklists, approval workflow, integration assessment records
A7: ▶ API Security
A8: T-03 | B8: Third-party APIs assessed for security risks (authentication, authorisation, data exposure) | D8: API security assessments, risk ratings, vulnerability scan results
A9: T-04 | B9: API authentication mechanisms reviewed (OAuth, API keys, mutual TLS) | D9: Authentication config reviews, security assessment notes, credential management
A10: T-05 | B10: API authorisation controls verified (least privilege, scope limitations) | D10: Authorisation testing results, access reviews, scope definitions, permission audits
A11: T-06 | B11: Third-party API rate limiting and abuse prevention assessed | D11: Rate limiting configurations, abuse detection logs, throttling evidence
A12: ▶ Code Review
A13: T-07 | B13: SDK/library source code reviewed where feasible (especially for critical dependencies) | D13: Code review reports, static analysis results, security findings
A14: ▶ Container Security
A15: T-08 | B15: Third-party container images scanned for vulnerabilities (Trivy, Clair, etc.) | D15: Container scan reports, vulnerability findings, remediation evidence
A16: T-09 | B16: Container base images from trusted sources only (official registries, verified publishers) | D16: Image provenance records, registry configurations, trusted source lists
A17: ▶ Package Integrity
A18: T-10 | B18: Package integrity verified before installation (checksums, GPG signatures) | D18: Package verification configurations (GPG setup, SHA256 checks), verification logs
A19: T-11 | B19: Package manager security features enabled (npm audit, pip-audit, bundler-audit) | D19: Package manager configurations, audit command integration, CI/CD security checks
A20: T-12 | B20: Typosquatting protection implemented (package name validation, allowlists) | D20: Package allowlists, validation rules, namespace protection, monitoring alerts
A21: ▶ Code Isolation
A22: T-13 | B22: Third-party code isolated from critical systems (sandboxing, containerization) | D22: Architecture diagrams, isolation configurations, namespace separation, security boundaries
A23: T-14 | B23: Vendor-provided code deployed with least privilege (minimal permissions) | D23: Permission configurations, role definitions, privilege audits, access reviews
A24: ▶ Code Escrow
A25: T-15 | B25: Code escrow agreements in place for critical vendors (optional, for business continuity) | D25: Escrow agreements, escrow deposit verification, code access procedures
A26: ▶ Integration Monitoring
A27: T-16 | B27: Third-party integration monitoring in place (API calls, error rates, anomalies) | D27: Integration logs, monitoring dashboards, alert configurations, anomaly detection
A28: ▶ Supply Chain Security
A29: T-17 | B29: Supply chain attack mitigations documented (dependency confusion, typosquatting, compromised packages) | D29: Mitigation strategies, security controls, attack surface analysis, prevention measures
A30: T-18 | B30: Third-party integration security reviewed regularly (annual reviews minimum) | D30: Integration review reports, approval records, security reassessments, audit logs

Sheet License Compliance & Legal Risk
A1: THIRD-PARTY & OSS ASSESSMENT: LICENSE COMPLIANCE & LEGAL RISK
A2: ISO 27001:2022 | Control A.8.28 | License Compliance & Legal Risk
A3: ID | B3: Requirement | C3: Implementation Status | D3: Evidence Reference | E3: Comments
A4: ▶ License Policy
A5: L-01 | B5: License compliance policy exists and is approved by legal counsel | D5: Policy document, legal approval signatures, policy distribution records
A6: ▶ License Scanning
A7: L-02 | B7: License scanning tool deployed (FOSSA, Black Duck, WhiteSource, etc.) | D7: License scan tool configurations, deployment records, integration evidence
A8: L-03 | B8: License scans run automatically on every build (not manual/ad-hoc) | D8: CI/CD configurations, scan logs, build pipeline evidence, automation scripts
A9: ▶ License Inventory
A10: L-04 | B10: All dependency licenses identified and tracked (no unknown licenses) | D10: License scan reports, SBOM license data, license inventory, unknown license alerts
A11: L-05 | B11: License allowlist and blocklist defined (approved vs. restricted licenses) | D11: Allowlist/blocklist documents, approval criteria, legal guidance, license policies
A12: ▶ Copyleft Management
A13: L-06 | B13: Copyleft licenses flagged for legal review (GPL, AGPL, MPL, EPL) | D13: Flagging rules in scan tools, legal review records, copyleft license alerts
A14: L-07 | B14: License compatibility assessed (GPL + proprietary conflicts detected) | D14: Compatibility matrix, conflict reports, license interaction analysis, legal opinions
A15: L-08 | B15: Viral license contamination prevented (GPL/AGPL code isolated from proprietary code) | D15: Isolation strategies, architecture reviews, code segregation, legal firewalls
A16: ▶ License Enforcement
A17: L-09 | B17: Commercial licenses tracked with usage limits (seat counts, deployment restrictions) | D17: License tracking system, usage reports, compliance monitoring, license renewals
A18: L-10 | B18: License violation detection automated (blocklist enforcement, conflict detection) | D18: Violation detection rules, alert configurations, automated blocking, CI/CD gates
A19: L-11 | B19: License violations remediated with documented plan (not ignored) | D19: Remediation plans, resolution records, alternative selection, legal consultation
A20: ▶ Legal Review
A21: L-12 | B21: Legal review required for restrictive licenses (AGPL, SSPL, Business Source License) | D21: Legal review requests, approval records, risk assessments, legal opinions
A22: ▶ Attribution & Notices
A23: L-13 | B23: Open source attribution maintained (LICENSE, NOTICE, THIRD_PARTY_LICENSES files) | D23: Attribution files in repositories, automated generation scripts, distribution packages
A24: L-14 | B24: Third-party license notices included in product distributions (legal requirement) | D24: Distribution packages, license bundling, notice files, compliance documentation
A25: ▶ Release Compliance
A26: L-15 | B26: License compliance verified before production release (release gate) | D26: Release checklists, compliance sign-offs, license approval records, gate evidence
A27: L-16 | B27: License audit trails maintained (license changes, approvals, violations) | D27: Audit logs, compliance history, license change tracking, approval records
A28: ▶ License Metrics
A29: L-17 | B29: License compliance training provided to developers (awareness of GPL, AGPL, etc.) | D29: Training records, completion certificates, training materials, quiz results
A30: L-18 | B30: License compliance metrics tracked (% compliant, violations, legal reviews) | D30: Compliance dashboards, metrics reports, KPI tracking, trend analysis

Sheet Evidence Register
A1: EVIDENCE REGISTER
A2: List all evidence files/documents referenced in this assessment (audit traceability).
A4: Evidence ID | B4: Assessment Area | C4: Evidence Type | D4: Description | E4: Location/Path | F4: Date Collected | G4: Collected By | H4: Verification Status
A5: EV-001 | B5: Test Data Inventory | C5: Configuration file | D5: Data masking configuration for UAT environment | E5: \fileserver\isms\evidence\test-data\uat-masking-config.json | F5: 2024-03-01 | G5: Sarah Mitchell | H5: Verified

Sheet Gap Analysis
A1: GAP ANALYSIS & REMEDIATION PLAN
A2: Document all 'Not Implemented' and 'Partially Implemented' requirements. Assign owners, set target dates, and track remediation progress.
A3: Gap ID | B3: Domain | C3: Requirement ID | D3: Requirement Description | E3: Current State | F3: Target State | G3: Priority | H3: Owner | I3: Target Date | J3: Status
A4: GAP-001 | B4: Vendor Security Assessment | C4: 1.2 | D4: Third-party code review before integration | E4: No security review of vendor code | F4: Mandatory security review with SAST/dependency scan | G4: High | H4: Security Team Lead | I4: 28.02.2025 | J4: In Progress

Sheet Summary Dashboard
A1: THIRD-PARTY CODE AND OPEN SOURCE COMPONENT SECURITY — SUMMARY DASHBOARD
A2: ISO/IEC 27001:2022 Annex A.8.28 — Secure Coding | Third-Party & OSS Assessment
A4: TABLE 1: ASSESSMENT AREA COMPLIANCE OVERVIEW
A5: Assessment Area | B5: Total Items | C5: Compliant | D5: Partial | E5: Non-Compliant | F5: N/A | G5: Compliance %
A6: Vendor Security Assessment | B6: =COUNTA('Vendor Security Assessment'!C4:C100) | C6: =COUNTIF('Vendor Security Assessment'!C4:C100,"✅ Implemented") | D6: =COUNTIF('Vendor Security Assessment'!C4:C100,"⚠️ Partially Implemented") | E6: =COUNTIF('Vendor Security Assessment'!C4:C100,"❌ Not Implemented") | F6: =COUNTIF('Vendor Security Assessment'!C4:C100,"N/A") | G6: =IF((B6-F6)=0,0,C6/(B6-F6))
A7: OSS Management | B7: =COUNTA('OSS Management'!C4:C100) | C7: =COUNTIF('OSS Management'!C4:C100,"✅ Implemented") | D7: =COUNTIF('OSS Management'!C4:C100,"⚠️ Partially Implemented") | E7: =COUNTIF('OSS Management'!C4:C100,"❌ Not Implemented") | F7: =COUNTIF('OSS Management'!C4:C100,"N/A") | G7: =IF((B7-F7)=0,0,C7/(B7-F7))
A8: Dependency Vulnerability Mgmt | B8: =COUNTA('Dependency Vulnerability Mgmt'!C4:C100) | C8: =COUNTIF('Dependency Vulnerability Mgmt'!C4:C100,"✅ Implemented") | D8: =COUNTIF('Dependency Vulnerability Mgmt'!C4:C100,"⚠️ Partially Implemented") | E8: =COUNTIF('Dependency Vulnerability Mgmt'!C4:C100,"❌ Not Implemented") | F8: =COUNTIF('Dependency Vulnerability Mgmt'!C4:C100,"N/A") | G8: =IF((B8-F8)=0,0,C8/(B8-F8))
A9: Third-Party Code & Integration | B9: =COUNTA('Third-Party Code & Integration'!C4:C100) | C9: =COUNTIF('Third-Party Code & Integration'!C4:C100,"✅ Implemented") | D9: =COUNTIF('Third-Party Code & Integration'!C4:C100,"⚠️ Partially Implemented") | E9: =COUNTIF('Third-Party Code & Integration'!C4:C100,"❌ Not Implemented") | F9: =COUNTIF('Third-Party Code & Integration'!C4:C100,"N/A") | G9: =IF((B9-F9)=0,0,C9/(B9-F9))
A10: License Compliance & Legal Risk | B10: =COUNTA('License Compliance & Legal Risk'!C4:C100) | C10: =COUNTIF('License Compliance & Legal Risk'!C4:C100,"✅ Implemented") | D10: =COUNTIF('License Compliance & Legal Risk'!C4:C100,"⚠️ Partially Implemented") | E10: =COUNTIF('License Compliance & Legal Risk'!C4:C100,"❌ Not Implemented") | F10: =COUNTIF('License Compliance & Legal Risk'!C4:C100,"N/A") | G10: =IF((B10-F10)=0,0,C10/(B10-F10))
A11: TOTAL | B11: =SUM(B6:B10) | C11: =SUM(C6:C10) | D11: =SUM(D6:D10) | E11: =SUM(E6:E10) | F11: =SUM(F6:F10) | G11: =IF((B11-F11)=0,0,C11/(B11-F11))
A13: TABLE 2: KEY METRICS
A14: Metric | B14: Value
A15: Total Requirements Tracked | B15: =COUNTA('Vendor Security Assessment'!B5:B100)
A16: Security Requirements Documented | B16: =COUNTIF('Vendor Security Assessment'!C5:C100,"✅ Implemented")
A17: Threat Modeling Coverage | B17: =COUNTIF('Vendor Security Assessment'!C5:C100,"✅ Implemented")/COUNTA('Vendor Security Assessment'!B5:B100)
A18: Total OSS Controls | B18: =COUNTA('OSS Management'!B5:B100)
A19: OSS Controls Implemented | B19: =COUNTIF('OSS Management'!C5:C100,"✅ Implemented")
A20: OSS Repository Security Controls | B20: =COUNTIF('OSS Management'!C5:C100,"✅ Implemented")
A21: Total Pipeline Controls | B21: =COUNTA('Dependency Vulnerability Mgmt'!B5:B100)
A22: Security Scans Integrated | B22: =COUNTIF('Dependency Vulnerability Mgmt'!C5:C100,"✅ Implemented")
A23: Deployment Gates Active | B23: =COUNTIF('Dependency Vulnerability Mgmt'!C5:C100,"✅ Implemented")
A24: Total Testing Controls | B24: =COUNTA('Third-Party Code & Integration'!B5:B100)
A25: SAST/DAST Integration | B25: =COUNTIF('Third-Party Code & Integration'!C5:C100,"✅ Implemented")
A26: Penetration Testing Coverage | B26: =COUNTIF('Third-Party Code & Integration'!C5:C100,"✅ Implemented")
A27: Total License Controls | B27: =COUNTA('License Compliance & Legal Risk'!B5:B100)
A28: Approval Workflows Active | B28: =COUNTIF('License Compliance & Legal Risk'!C5:C100,"✅ Implemented")
A29: License Management Compliance | B29: =COUNTIF('License Compliance & Legal Risk'!C5:C100,"✅ Implemented")/COUNTA('License Compliance & Legal Risk'!B5:B100)
A33: TABLE 3: CRITICAL FINDINGS REQUIRING IMMEDIATE ATTENTION
A34: Category | B34: Finding | C34: Count | D34: Severity | E34: Action Required
A35: Vendor Security Assessment | B35: Requirements without security acceptance criteria | C35: =COUNTIF('Vendor Security Assessment'!C5:C100,"❌ Not Implemented") | D35: Critical | E35: Immediate
A36: OSS Management | B36: OSS controls not implemented | C36: =COUNTIF('OSS Management'!C5:C100,"❌ Not Implemented") | D36: Critical | E36: Immediate
A37: Dependency Vulnerability Mgmt | B37: Pipelines without SAST/SCA scanning | C37: =COUNTIF('Dependency Vulnerability Mgmt'!C5:C100,"❌ Not Implemented") | D37: Critical | E37: Immediate
A38: Third-Party Code & Integration | B38: Production code without security testing | C38: =COUNTIF('Third-Party Code & Integration'!C5:C100,"❌ Not Implemented") | D38: Critical | E38: Immediate
A39: License Compliance & Legal Risk | B39: Releases without license approval | C39: =COUNTIF('License Compliance & Legal Risk'!C5:C100,"❌ Not Implemented") | D39: Critical | E39: Immediate
A40: Vendor Security Assessment | B40: Missing threat modeling for high-risk apps | C40: =COUNTIF('Vendor Security Assessment'!C5:C100,"⚠️ Partially Implemented") | D40: High | E40: Urgent
A41: OSS Management | B41: OSS controls partially implemented | C41: =COUNTIF('OSS Management'!C5:C100,"⚠️ Partially Implemented") | D41: High | E41: Urgent
A42: Dependency Vulnerability Mgmt | B42: Security gates not enforced | C42: =COUNTIF('Dependency Vulnerability Mgmt'!C5:C100,"⚠️ Partially Implemented") | D42: High | E42: Urgent
A43: Third-Party Code & Integration | B43: Incomplete third-party code review coverage | C43: =COUNTIF('Third-Party Code & Integration'!C5:C100,"⚠️ Partially Implemented") | D43: High | E43: Urgent
A44: License Compliance & Legal Risk | B44: License compliance gaps identified | C44: =COUNTIF('License Compliance & Legal Risk'!C5:C100,"⚠️ Partially Implemented") | D44: Medium | E44: Plan

Sheet Approval Sign-Off
A1: ASSESSMENT APPROVAL AND SIGN-OFF
A2: ISO/IEC 27001:2022 - Control A.8.28: Secure Coding
A3: ASSESSMENT SUMMARY
A4: Document: | B4: ISMS-IMP-A.8.28.4 - Third-Party & OSS Assessment
A5: Assessment Period:
A6: Overall Compliance Rating: | B6: ='Summary Dashboard'!G9
A7: Assessment Status:
A8: Assessed By:
A11: COMPLETED BY (ASSESSOR)
A12: Name:
A13: Title:
A14: Date:
A15: Signature:
A16: Comments:
A18: REVIEWED BY (INFORMATION SECURITY OFFICER)
A19: Name:
A20: Title:
A21: Date:
... A38: Special Considerations:
