Workbook

Sheet Instructions & Legend
A1: ISMS-IMP-A.8.28.3 - Code Review and Security Testing Processes ISO/IEC 27001:2022 - Control A.8.28: Secure Coding
A3: Document Information
A4: Document ID | B4: ISMS-IMP-A.8.28.3
A5: Workbook Title | B5: Code Review and Security Testing Processes
A6: Control Reference | B6: ISO/IEC 27001:2022 - Control A.8.28: Secure Coding
A7: Version | B7: 1.0
A8: Assessment Date
A9: Completed By
A10: Organisation
A12: Instructions
A13: 1. Complete each assessment domain sheet sequentially.
A14: 2. Focus on EFFECTIVENESS, not just process existence.
A15: 3. For each requirement, select Implementation Status from the dropdown menu.
A16: 4. Provide evidence references documenting WHERE evidence can be found.
A17: 5. Sample actual code reviews to validate quality (not just process documentation).
A18: 6. Review the Summary Dashboard to see overall compliance metrics.
A19: 7. Document gaps with specific, actionable remediation plans.
A20: 8. Obtain approvals from both Security and Engineering leadership.
A22: Status Legend
A23: Symbol | B23: Status | C23: Description
A24: ✓ | B24: Compliant / Complete | C24: Requirement fully met
A25: ⚠ | B25: Partial / In Progress | C25: Partially met or in progress
A26: ✗ | B26: Non-Compliant / Not Started | C26: Requirement not met
A27: — | B27: Not Applicable | C27: Not applicable to this assessment

Sheet Code Review Process
A1: CODE REVIEW & TESTING ASSESSMENT: CODE REVIEW PROCESS & GOVERNANCE
A2: ISO 27001:2022 | Control A.8.28 | Code Review Process & Governance
A3: ID | B3: Requirement | C3: Implementation Status | D3: Evidence Reference | E3: Comments
A4: ▶ Review Policy
A5: 1.1 | B5: Peer review is mandatory for all production code changes | D5: Repository settings showing branch protection, review approval requirements
A6: 1.2 | B6: Code review policy is documented and accessible to all developers | D6: Code review policy document, developer handbook, internal wiki
A7: 1.3 | B7: Minimum reviewer qualifications are defined and enforced | D7: Reviewer qualification criteria, approved reviewer list
A8: ▶ Reviewer Training
A9: 1.4 | B9: All reviewers are trained on secure code review practices | D9: Training completion records, secure code review training materials
A10: ▶ Review Process
A11: 1.5 | B11: Security-focused checklist is used in all code reviews | D11: Code review checklist template, checklist usage in PR comments
A12: ▶ Review Tools
A13: 1.6 | B13: Code review tools are integrated into development workflow | D13: GitHub/GitLab/Bitbucket PR process, review tool configuration
A14: ▶ Review Enforcement
A15: 1.7 | B15: Review approval is required before code can be merged to production | D15: Branch protection rules, merge approval logs
A16: ▶ Review Metrics
A17: 1.8 | B17: Code review coverage is measured and tracked | D17: Review coverage metrics dashboard, coverage reports
A18: ▶ Review Quality
A19: 1.9 | B19: Review comments reference secure coding standards and best practices | D19: Sample review comments with standards references
A20: ▶ Review Process
A21: 1.10 | B21: High-risk code changes require additional security review scrutiny | D21: Risk-based review policy, high-risk change review records
A22: ▶ Review Follow-up
A23: 1.11 | B23: Security findings from code review are tracked to resolution | D23: Finding tracking system (JIRA, GitHub Issues), resolution logs
A24: ▶ Review Metrics
A25: 1.12 | B25: Code review metrics are reported to management quarterly | D25: Quarterly review metrics reports, management dashboards
A26: ▶ Review Enforcement
A27: 1.13 | B27: Review bypass requires documented approval and justification | D27: Exception request process, bypass approval records
A28: ▶ Review Tools
A29: 1.14 | B29: Automated review assistance tools are deployed (PR bots, automated checks) | D29: PR bot integration (Danger, CodeOwners), automated check configuration
A30: ▶ Review Quality
A31: 1.15 | B31: Code review quality is audited periodically | D31: Review quality audit results, sample review assessments
A32: ▶ Review Policy
A33: 1.16 | B33: Self-review is not permitted for production code | D33: Review policy prohibiting self-approval, enforcement evidence
A34: ▶ Review Metrics
A35: 1.17 | B35: Code review turnaround time is measured and within SLA | D35: Review SLA metrics, turnaround time tracking
A36: ▶ Continuous Improvement
A37: 1.18 | B37: Code review process is continuously improved based on lessons learned | D37: Process improvement backlog, retrospective notes

Sheet Security Champion Review
A1: CODE REVIEW & TESTING ASSESSMENT: SECURITY CHAMPION REVIEW & ARCHITECTURE
A2: ISO 27001:2022 | Control A.8.28 | Security Champion Review & Architecture
A3: ID | B3: Requirement | C3: Implementation Status | D3: Evidence Reference | E3: Comments
A4: ▶ Champion Program
A5: 2.1 | B5: Security Champion program is formally established | D5: Program charter, Security Champion roster, program documentation
A6: 2.2 | B6: Security Champions are assigned to all development teams | D6: Team assignments, Security Champion coverage matrix
A7: ▶ Champion Training
A8: 2.3 | B8: Security Champions are trained on secure development and threat modeling | D8: Training certifications, secure development course completion records
A9: ▶ Champion Process
A10: 2.4 | B10: Criteria for Security Champion review are clearly defined | D10: Review trigger criteria documentation (e.g., auth changes, crypto, PII)
A11: 2.5 | B11: High-risk code changes are automatically escalated to Security Champions | D11: Escalation logs, Champion review records, automated escalation rules
A12: ▶ Architecture Review
A13: 2.6 | B13: Architecture review is required for all new systems and major changes | D13: Architecture review policy, architecture review board meeting notes
A14: 2.7 | B14: Security design review is performed before implementation begins | D14: Design review meeting notes, security design sign-off records
A15: ▶ Threat Modeling
A16: 2.8 | B16: Threat modeling is performed for security-sensitive features | D16: Threat model documents, STRIDE analysis, attack trees
A17: ▶ Champion Performance
A18: 2.9 | B18: Security Champion availability and response time are tracked and meet SLA | D18: Response time SLA metrics, Champion availability data
A19: ▶ Champion Follow-up
A20: 2.10 | B20: Security Champion recommendations are tracked to implementation | D20: Recommendation tracking system, implementation verification
A21: ▶ Champion Process
A22: 2.11 | B22: Clear escalation path exists from Champions to AppSec team | D22: Escalation procedures, escalation records, contact information
A23: ▶ Champion Authority
A24: 2.12 | B24: Security Champions have authority to block releases for security issues | D24: Authority documentation, examples of Champion-blocked releases
A25: ▶ Champion Metrics
A26: 2.13 | B26: Security Champion program effectiveness is measured with KPIs | D26: Program metrics dashboard, effectiveness assessment reports
A27: ▶ Champion Program
A28: 2.14 | B28: Regular Security Champion sync meetings are held | D28: Meeting schedules, attendance records, meeting notes
A29: ▶ Champion Resources
A30: 2.15 | B30: Security Champion knowledge base and playbooks are maintained | D30: Internal wiki, Security Champion playbooks, decision trees
A31: ▶ Champion Training
A32: 2.16 | B32: New Security Champions are onboarded with systematic training plan | D32: Champion onboarding checklist, training plan documentation
A33: ▶ Champion Program
A34: 2.17 | B34: Security Champion contributions are recognised and rewarded | D34: Recognition program documentation, awards, acknowledgments
A35: ▶ Champion Training
A36: 2.18 | B36: Security Champions receive regular updates on emerging threats | D36: Threat intelligence briefings, security newsletters, training sessions

Sheet Unit Integration Testing
A1: CODE REVIEW & TESTING ASSESSMENT: SECURITY TESTING - UNIT & INTEGRATION
A2: ISO 27001:2022 | Control A.8.28 | Security Testing - Unit & Integration
A3: ID | B3: Requirement | C3: Implementation Status | D3: Evidence Reference | E3: Comments
A4: ▶ Test Coverage
A5: 3.1 | B5: Security test cases exist for all critical application functionality | D5: Security test suite, test case repository, test documentation
A6: ▶ Unit Testing
A7: 3.2 | B7: Input validation is tested at the unit test level | D7: Input validation unit tests, boundary testing, malicious input tests
A8: 3.3 | B8: Authentication logic is thoroughly tested with unit tests | D8: Authentication unit test suites, auth failure test cases
A9: 3.4 | B9: Authorisation checks are tested at unit and integration levels | D9: Authorisation test cases, access control test matrices
A10: ▶ Integration Testing
A11: 3.5 | B11: Session management security is tested | D11: Session security test cases, timeout testing, session fixation tests
A12: ▶ Unit Testing
A13: 3.6 | B13: Cryptographic functions are tested for correct implementation | D13: Cryptography unit tests, key generation tests, encryption/decryption tests
A14: 3.7 | B14: Error handling is tested to prevent information disclosure | D14: Error handling test scenarios, exception testing, stack trace prevention tests
A15: ▶ Integration Testing
A16: 3.8 | B16: Integration tests validate end-to-end authentication/authorisation workflows | D16: Integration test suites, workflow test scenarios
A17: ▶ Test Metrics
A18: 3.9 | B18: Security test coverage is measured and tracked | D18: Test coverage metrics for security-critical code, coverage reports
A19: ▶ Test Enforcement
A20: 3.10 | B20: Failed security tests block CI/CD pipeline deployment | D20: Pipeline configuration, test failure blocking evidence, failed build logs
A21: ▶ Test Automation
A22: 3.11 | B22: Security tests run automatically on every code commit | D22: CI/CD configuration, test execution logs, automated test runs
A23: ▶ Test Maintenance
A24: 3.12 | B24: Security test maintenance process exists and tests are kept current | D24: Test maintenance procedures, test update logs, deprecation handling
A25: ▶ Test Quality
A26: 3.13 | B26: Security test cases are peer-reviewed like production code | D26: Test code review records, test PR approvals
A27: ▶ Unit Testing
A28: 3.14 | B28: Negative test cases are included for security-critical functions | D28: Negative testing examples, failure mode testing
A29: 3.15 | B29: Boundary condition testing is performed for input validation | D29: Boundary test cases, edge case testing, overflow testing
A30: ▶ Integration Testing
A31: 3.16 | B31: Race condition testing is performed where applicable | D31: Concurrency test cases, threading tests, TOCTOU testing
A32: ▶ Test Metrics
A33: 3.17 | B33: Security test results are archived for audit and trend analysis | D33: Test result storage, historical test data, trend reports
A34: ▶ Test Environment
A35: 3.18 | B35: Test environment security is validated (no production data) | D35: Test environment security assessment, data handling procedures

Sheet API Application Testing
A1: CODE REVIEW & TESTING ASSESSMENT: API & APPLICATION SECURITY TESTING
A2: ISO 27001:2022 | Control A.8.28 | API & Application Security Testing
A3: ID | B3: Requirement | C3: Implementation Status | D3: Evidence Reference | E3: Comments
A4: ▶ API Testing
A5: 4.1 | B5: All APIs (REST, GraphQL, gRPC) have dedicated security test suites | D5: API security test documentation, Postman/REST Assured collections
A6: 4.2 | B6: API authentication mechanisms are thoroughly tested | D6: Auth testing scenarios (OAuth, JWT, API keys), token validation tests
A7: 4.3 | B7: Authorisation is tested for all API endpoints and operations | D7: Endpoint authorisation test matrix, RBAC testing, privilege escalation tests
A8: 4.4 | B8: Input validation is tested for all API parameters | D8: Input validation test cases, parameter fuzzing, type confusion tests
A9: ▶ Injection Testing
A10: 4.5 | B10: SQL injection testing is performed on all database-backed APIs | D10: SQL injection test results, parameterized query validation
A11: 4.6 | B11: Cross-Site Scripting (XSS) testing is performed | D11: XSS test scenarios, output encoding validation, CSP testing
A12: 4.7 | B12: XXE and deserialization vulnerability testing is performed | D12: XXE test cases, unsafe deserialization tests, XML/JSON validation
A13: ▶ API Testing
A14: 4.8 | B14: API fuzzing is performed to discover unexpected behaviour | D14: Fuzzing tool results (Burp Intruder, ffuf, RESTler), crash reports
A15: 4.9 | B15: API rate limiting and abuse prevention are tested | D15: Rate limit test evidence, DoS protection testing, throttling validation
A16: 4.10 | B16: CORS configuration is validated for security | D16: CORS test results, origin validation tests, preflight testing
A17: ▶ Application Testing
A18: 4.11 | B18: Security headers are validated in API responses | D18: Header validation tests (HSTS, CSP, X-Frame-Options, etc.)
A19: ▶ API Testing
A20: 4.12 | B20: API error responses are tested for information disclosure | D20: Error response security tests, stack trace prevention validation
A21: ▶ Test Environment
A22: 4.13 | B22: Staging/testing environment mirrors production security configuration | D22: Environment parity documentation, configuration comparison
A23: 4.14 | B23: Test data is sanitized and does not include production data | D23: Test data management policy, data anonymization procedures
A24: ▶ API Testing
A25: 4.15 | B25: API documentation is security-reviewed for sensitive information disclosure | D25: API documentation review records, Swagger/OpenAPI security review
A26: 4.16 | B26: GraphQL-specific security testing is performed (if applicable) | D26: GraphQL introspection testing, query depth limiting, batching abuse tests
A27: ▶ Application Testing
A28: 4.17 | B28: WebSocket security is tested (if applicable) | D28: WebSocket test scenarios, connection hijacking tests, message validation
A29: ▶ API Testing
A30: 4.18 | B30: API versioning security is validated across versions | D30: Version security tests, deprecated endpoint validation, migration testing

Sheet External Testing Validation
A1: CODE REVIEW & TESTING ASSESSMENT: EXTERNAL TESTING & CONTINUOUS VALIDATION
A2: ISO 27001:2022 | Control A.8.28 | External Testing & Continuous Validation
A3: ID | B3: Requirement | C3: Implementation Status | D3: Evidence Reference | E3: Comments
A4: ▶ Penetration Testing
A5: 5.1 | B5: Annual penetration testing is performed for critical applications | D5: Penetration test reports from last 12 months, test schedules
A6: 5.2 | B6: Penetration test scope covers all critical applications and APIs | D6: Pentest scope documentation, application inventory
A7: 5.3 | B7: Penetration test findings are prioritised by risk and severity | D7: Risk-ranked findings list, severity classification methodology
A8: ▶ Remediation
A9: 5.4 | B9: Critical pentest findings are remediated within 30 days | D9: Remediation tracking system, SLA compliance metrics
A10: ▶ Penetration Testing
A11: 5.5 | B11: Penetration test retest validates that fixes are effective | D11: Retest reports, fix validation evidence
A12: ▶ Bug Bounty
A13: 5.6 | B13: Bug bounty or responsible disclosure program is active | D13: Bug bounty platform documentation (HackerOne, Bugcrowd), program page
A14: 5.7 | B14: Vulnerability disclosure policy is publicly published | D14: Published security.txt or vulnerability disclosure policy URL
A15: 5.8 | B15: External vulnerability submissions are triaged within 48 hours | D15: Triage SLA metrics, response time tracking
A16: 5.9 | B16: Security researcher communication is handled professionally | D16: Communication templates, researcher feedback, response examples
A17: 5.10 | B17: Bug bounty payments are tracked and processed timely | D17: Payment records, payout tracking, bounty statistics
A18: ▶ Regression Testing
A19: 5.11 | B19: Security regression tests exist for all past critical vulnerabilities | D19: Regression test suite, vulnerability-specific tests
A20: 5.12 | B20: Security regression tests run automatically in CI/CD | D20: CI/CD regression test execution logs, test automation
A21: ▶ Metrics
A22: 5.13 | B22: Security testing metrics are tracked over time | D22: Historical metrics dashboard, trend analysis
A23: 5.14 | B23: Vulnerability trends are analysed to identify patterns | D23: Vulnerability trend analysis reports, root cause analysis
A24: 5.15 | B24: Testing effectiveness is measured with KPIs | D24: Testing effectiveness KPIs, detection rate metrics
A25: ▶ Continuous Improvement
A26: 5.16 | B26: False negative analysis is performed after security incidents | D26: Post-incident analysis reports, testing gap assessments
A27: 5.17 | B27: Testing gaps identified in incidents are addressed systematically | D27: Gap remediation plans, testing enhancement initiatives
A28: 5.18 | B28: Continuous improvement process drives testing program evolution | D28: Improvement backlog, testing maturity roadmap

Sheet Evidence Register
A1: EVIDENCE REGISTER
A2: List all evidence files/documents referenced in this assessment (audit traceability).
A4: Evidence ID | B4: Assessment Area | C4: Evidence Type | D4: Description | E4: Location/Path | F4: Date Collected | G4: Collected By | H4: Verification Status
A5: EV-001 | B5: Test Data Inventory | C5: Configuration file | D5: Data masking configuration for UAT environment | E5: \fileserver\isms\evidence\test-data\uat-masking-config.json | F5: 2024-03-01 | G5: Sarah Mitchell | H5: Verified

Sheet Gap Analysis
A1: GAP ANALYSIS & REMEDIATION PLAN
A2: Document all 'Not Implemented' and 'Partially Implemented' requirements. Assign owners, set target dates, and track remediation progress.
A3: Gap ID | B3: Domain | C3: Requirement ID | D3: Requirement Description | E3: Current State | F3: Target State | G3: Priority | H3: Owner | I3: Target Date | J3: Status
A4: GAP-001 | B4: Code Review Process | C4: 1.3 | D4: Security-focused code review checklist used | E4: Generic code review without security focus | F4: OWASP Code Review Guide checklist integrated | G4: Critical | H4: Security Champion | I4: 15.02.2025 | J4: Open

Sheet Summary Dashboard
A1: CODE REVIEW AND SECURITY TESTING PROCESSES — SUMMARY DASHBOARD
A2: ISO/IEC 27001:2022 Annex A.8.28 — Secure Coding | Code Review & Testing Assessment
A4: TABLE 1: ASSESSMENT AREA COMPLIANCE OVERVIEW
A5: Assessment Area | B5: Total Items | C5: Compliant | D5: Partial | E5: Non-Compliant | F5: N/A | G5: Compliance %
A6: Code Review Process | B6: =COUNTA('Code Review Process'!C4:C100) | C6: =COUNTIF('Code Review Process'!C4:C100,"✅ Implemented") | D6: =COUNTIF('Code Review Process'!C4:C100,"⚠️ Partially Implemented") | E6: =COUNTIF('Code Review Process'!C4:C100,"❌ Not Implemented") | F6: =COUNTIF('Code Review Process'!C4:C100,"N/A") | G6: =IF((B6-F6)=0,0,C6/(B6-F6))
A7: Security Champion Review | B7: =COUNTA('Security Champion Review'!C4:C100) | C7: =COUNTIF('Security Champion Review'!C4:C100,"✅ Implemented") | D7: =COUNTIF('Security Champion Review'!C4:C100,"⚠️ Partially Implemented") | E7: =COUNTIF('Security Champion Review'!C4:C100,"❌ Not Implemented") | F7: =COUNTIF('Security Champion Review'!C4:C100,"N/A") | G7: =IF((B7-F7)=0,0,C7/(B7-F7))
A8: Unit Integration Testing | B8: =COUNTA('Unit Integration Testing'!C4:C100) | C8: =COUNTIF('Unit Integration Testing'!C4:C100,"✅ Implemented") | D8: =COUNTIF('Unit Integration Testing'!C4:C100,"⚠️ Partially Implemented") | E8: =COUNTIF('Unit Integration Testing'!C4:C100,"❌ Not Implemented") | F8: =COUNTIF('Unit Integration Testing'!C4:C100,"N/A") | G8: =IF((B8-F8)=0,0,C8/(B8-F8))
A9: API Application Testing | B9: =COUNTA('API Application Testing'!C4:C100) | C9: =COUNTIF('API Application Testing'!C4:C100,"✅ Implemented") | D9: =COUNTIF('API Application Testing'!C4:C100,"⚠️ Partially Implemented") | E9: =COUNTIF('API Application Testing'!C4:C100,"❌ Not Implemented") | F9: =COUNTIF('API Application Testing'!C4:C100,"N/A") | G9: =IF((B9-F9)=0,0,C9/(B9-F9))
A10: External Testing Validation | B10: =COUNTA('External Testing Validation'!C4:C100) | C10: =COUNTIF('External Testing Validation'!C4:C100,"✅ Implemented") | D10: =COUNTIF('External Testing Validation'!C4:C100,"⚠️ Partially Implemented") | E10: =COUNTIF('External Testing Validation'!C4:C100,"❌ Not Implemented") | F10: =COUNTIF('External Testing Validation'!C4:C100,"N/A") | G10: =IF((B10-F10)=0,0,C10/(B10-F10))
A11: TOTAL | B11: =SUM(B6:B10) | C11: =SUM(C6:C10) | D11: =SUM(D6:D10) | E11: =SUM(E6:E10) | F11: =SUM(F6:F10) | G11: =IF((B11-F11)=0,0,C11/(B11-F11))
A13: TABLE 2: KEY METRICS
A14: Metric | B14: Value
A15: Total Requirements Tracked | B15: =COUNTA('Code Review Process'!B5:B100)
A16: Security Requirements Documented | B16: =COUNTIF('Code Review Process'!C5:C100,"✅ Implemented")
A17: Threat Modeling Coverage | B17: =COUNTIF('Code Review Process'!C5:C100,"✅ Implemented")/COUNTA('Code Review Process'!B5:B100)
A18: Total Dev Environment Controls | B18: =COUNTA('Security Champion Review'!B5:B100)
A19: Workstations with Security Tools | B19: =COUNTIF('Security Champion Review'!C5:C100,"✅ Implemented")
A20: Repository Security Controls | B20: =COUNTIF('Security Champion Review'!C5:C100,"✅ Implemented")
A21: Total Pipeline Controls | B21: =COUNTA('Unit Integration Testing'!B5:B100)
A22: Security Scans Integrated | B22: =COUNTIF('Unit Integration Testing'!C5:C100,"✅ Implemented")
A23: Deployment Gates Active | B23: =COUNTIF('Unit Integration Testing'!C5:C100,"✅ Implemented")
A24: Total Testing Controls | B24: =COUNTA('API Application Testing'!B5:B100)
A25: SAST/DAST Integration | B25: =COUNTIF('API Application Testing'!C5:C100,"✅ Implemented")
A26: Penetration Testing Coverage | B26: =COUNTIF('API Application Testing'!C5:C100,"✅ Implemented")
A27: Total Release Controls | B27: =COUNTA('External Testing Validation'!B5:B100)
A28: Approval Workflows Active | B28: =COUNTIF('External Testing Validation'!C5:C100,"✅ Implemented")
A29: Change Management Compliance | B29: =COUNTIF('External Testing Validation'!C5:C100,"✅ Implemented")/COUNTA('External Testing Validation'!B5:B100)
A33: TABLE 3: CRITICAL FINDINGS REQUIRING IMMEDIATE ATTENTION
A34: Category | B34: Finding | C34: Count | D34: Severity | E34: Action Required
A35: Code Review Process | B35: Requirements without security acceptance criteria | C35: =COUNTIF('Code Review Process'!C5:C100,"❌ Not Implemented") | D35: Critical | E35: Immediate
A36: Security Champion Review | B36: Developer workstations without EDR/security tools | C36: =COUNTIF('Security Champion Review'!C5:C100,"❌ Not Implemented") | D36: Critical | E36: Immediate
A37: Unit Integration Testing | B37: Pipelines without SAST/SCA scanning | C37: =COUNTIF('Unit Integration Testing'!C5:C100,"❌ Not Implemented") | D37: Critical | E37: Immediate
A38: API Application Testing | B38: Production code without security testing | C38: =COUNTIF('API Application Testing'!C5:C100,"❌ Not Implemented") | D38: Critical | E38: Immediate
A39: External Testing Validation | B39: Releases without security approval | C39: =COUNTIF('External Testing Validation'!C5:C100,"❌ Not Implemented") | D39: Critical | E39: Immediate
A40: Code Review Process | B40: Missing threat modeling for high-risk apps | C40: =COUNTIF('Code Review Process'!C5:C100,"⚠️ Partially Implemented") | D40: High | E40: Urgent
A41: Security Champion Review | B41: Repositories without MFA enforcement | C41: =COUNTIF('Security Champion Review'!C5:C100,"⚠️ Partially Implemented") | D41: High | E41: Urgent
A42: Unit Integration Testing | B42: Security gates not enforced | C42: =COUNTIF('Unit Integration Testing'!C5:C100,"⚠️ Partially Implemented") | D42: High | E42: Urgent
A43: API Application Testing | B43: Incomplete DAST coverage | C43: =COUNTIF('API Application Testing'!C5:C100,"⚠️ Partially Implemented") | D43: High | E43: Urgent
A44: External Testing Validation | B44: Emergency changes without post-review | C44: =COUNTIF('External Testing Validation'!C5:C100,"⚠️ Partially Implemented") | D44: Medium | E44: Plan

Sheet Approval Sign-Off
A1: ASSESSMENT APPROVAL AND SIGN-OFF
A2: ISO/IEC 27001:2022 - Control A.8.28: Secure Coding
A3: ASSESSMENT SUMMARY
A4: Document: | B4: ISMS-IMP-A.8.28.3 - Code Review & Testing Assessment
A5: Assessment Period:
A6: Overall Compliance Rating: | B6: ='Summary Dashboard'!G9
A7: Assessment Status:
A8: Assessed By:
A11: COMPLETED BY (ASSESSOR)
A12: Name:
A13: Title:
A14: Date:
A15: Signature:
A16: Comments:
A18: REVIEWED BY (INFORMATION SECURITY OFFICER)
A19: Name:
A20: Title:
A21: Date:
... A38: Special Considerations:
