Workbook

Sheet Instructions & Legend
A1: ISMS-IMP-A.8.28.1 - Secure Development Lifecycle Integration ISO/IEC 27001:2022 - Control A.8.28: Secure Coding
A3: Document Information
A4: Document ID | B4: ISMS-IMP-A.8.28.1
A5: Workbook Title | B5: Secure Development Lifecycle Integration
A6: Control Reference | B6: ISO/IEC 27001:2022 - Control A.8.28: Secure Coding
A7: Version | B7: 1.0
A8: Assessment Date
A9: Completed By
A10: Organisation
A12: Instructions
A13: 1. Complete each assessment domain sheet sequentially.
A14: 2. For each requirement, select Implementation Status from the dropdown menu.
A15: 3. Provide Evidence Reference documenting WHERE the evidence can be found.
A16: 4. Add Comments explaining implementation details, exceptions, or context.
A17: 5. Review the Summary Dashboard to see overall compliance metrics.
A18: 6. Document all gaps in the Gap Analysis sheet with remediation plans.
A19: 7. Maintain the Evidence Register for comprehensive audit trail.
A20: 8. Obtain required approvals on the Approval Sign-Off sheet.
A22: Status Legend
A23: Symbol | B23: Status | C23: Description
A24: ✓ | B24: Compliant / Complete | C24: Requirement fully met
A25: ⚠ | B25: Partial / In Progress | C25: Partially met or in progress
A26: ✗ | B26: Non-Compliant / Not Started | C26: Requirement not met
A27: — | B27: Not Applicable | C27: Not applicable to this assessment

Sheet Security Requirements Design
A1: SDLC ASSESSMENT: SECURITY REQUIREMENTS & DESIGN
A2: ISO 27001:2022 | Control A.8.28 | Security Requirements & Design
A3: ID | B3: Requirement | C3: Implementation Status | D3: Evidence Reference | E3: Comments
A4: ▶ Requirements Definition
A5: 1.1 | B5: Security requirements are documented for all new development projects | D5: Requirements documents, user stories with security acceptance criteria, requirements management system records
A6: 1.2 | B6: Threat modeling is performed for high-risk applications before implementation | D6: Threat model documents, STRIDE analysis, attack trees, threat modeling session notes
A7: ▶ Design Review
A8: 1.3 | B8: Security design reviews are conducted before implementation begins | D8: Architecture review meeting notes, approved design documents, security sign-off records
A9: ▶ Requirements Definition
A10: 1.4 | B10: Authentication and authorisation requirements are defined upfront for all applications | D10: Security specifications, access control matrices, identity management requirements
A11: 1.5 | B11: Data classification is performed for all data handled by applications | D11: Data classification register, data flow diagrams, data handling requirements
A12: 1.6 | B12: Cryptographic requirements are specified when sensitive data is involved | D12: Crypto standards documentation, algorithm approval records, key management specs
A13: ▶ Requirements Management
A14: 1.7 | B14: Security requirements are tracked throughout the entire SDLC | D14: Requirement traceability matrix, ticket system reports, requirements coverage metrics
A15: ▶ Requirements Definition
A16: 1.8 | B16: Privacy requirements (GDPR, CCPA, etc.) are incorporated into design phase | D16: Privacy impact assessments, data protection by design documentation, consent mechanisms
A17: ▶ Design Review
A18: 1.9 | B18: Secure coding standards are referenced in all project documentation | D18: Project wikis, coding guidelines links, onboarding documentation
A19: ▶ Requirements Definition
A20: 1.10 | B20: Security acceptance criteria are defined for all user stories and features | D20: JIRA/Azure DevOps stories with security DoD, acceptance criteria templates
A21: 1.11 | B21: API security requirements are documented for all APIs (internal and external) | D21: API security specifications, OpenAPI security schemes, API gateway policies
A22: ▶ Design Review
A23: 1.12 | B23: Third-party integration security is assessed during design phase | D23: Vendor security assessments, integration security reviews, API security analysis
A24: 1.13 | B24: Error handling and logging requirements are specified in design | D24: Logging standards, error handling patterns documentation, log retention policies
A25: ▶ Requirements Definition
A26: 1.14 | B26: Security testing requirements are defined before development starts | D26: Test plans, security test case specifications, testing strategy documents
A27: 1.15 | B27: Compliance requirements are mapped to technical controls in design | D27: Compliance mapping documents, control implementation matrix, regulatory requirements docs
A28: ▶ Design Review
A29: 1.16 | B29: Security Champions are involved in requirements and design review | D29: Review meeting attendance, Security Champion feedback records, design review checklists
A30: 1.17 | B30: Secure design patterns are documented and promoted for common scenarios | D30: Design pattern library, secure architecture templates, reference architectures
A31: ▶ Requirements Definition
A32: 1.18 | B32: Security requirements are risk-based and proportional to data sensitivity | D32: Risk assessment documentation, security control selection justification

Sheet Development Environment
A1: SDLC ASSESSMENT: DEVELOPMENT ENVIRONMENT & TOOLING
A2: ISO 27001:2022 | Control A.8.28 | Development Environment & Tooling
A3: ID | B3: Requirement | C3: Implementation Status | D3: Evidence Reference | E3: Comments
A4: ▶ Environment Security
A5: 2.1 | B5: Development environments are logically isolated from production systems | D5: Network diagrams, firewall rules, network segmentation documentation
A6: ▶ Workstation Security
A7: 2.2 | B7: Developer workstations have mandatory security tooling installed (EDR, DLP, etc.) | D7: EDR deployment reports, endpoint security compliance dashboards, security agent status
A8: ▶ Development Tools
A9: 2.3 | B9: IDE security plugins are available and promoted to all developers | D9: IDE plugin catalog, installation instructions, adoption metrics
A10: 2.4 | B10: Pre-commit hooks prevent secret commits to version control | D10: Git hooks configuration, secret scanner setup (git-secrets, detect-secrets), violation reports
A11: ▶ Repository Security
A12: 2.5 | B12: Code repositories require authentication and authorisation (SSO/MFA) | D12: GitHub/GitLab access logs, SSO configuration, MFA enforcement policies
A13: 2.6 | B13: Branch protection rules enforce mandatory peer review for production branches | D13: Repository settings screenshots, branch protection rules configuration, merge policies
A14: ▶ Environment Security
A15: 2.7 | B15: Development and testing use anonymized or synthetic data (not production data) | D15: Data masking procedures, test data generation tools, data usage policies
A16: ▶ Development Tools
A17: 2.8 | B17: Secrets management solution is available and documented for developers | D17: Vault/secrets manager documentation, developer usage guidelines, secrets rotation policies
A18: ▶ Environment Security
A19: 2.9 | B19: Local development environments use HTTPS/TLS where applicable | D19: Development proxy configs, local cert management, TLS enforcement policies
A20: ▶ Development Tools
A21: 2.10 | B21: Dependency management tools scan for vulnerabilities in developer environments | D21: npm audit, pip-audit, Dependabot integration, vulnerability scan results
A22: ▶ Workstation Security
A23: 2.11 | B23: Development environment hardening guidelines exist and are enforced | D23: Developer workstation security baseline, configuration management records
A24: ▶ Repository Security
A25: 2.12 | B25: Multi-factor authentication (MFA) is enforced for all code repository access | D25: MFA enforcement policies, authentication logs, MFA adoption metrics
A26: ▶ Development Tools
A27: 2.13 | B27: Development tools and IDEs are kept up-to-date with security patches | D27: Tool version inventory, patch management records, software update policies
A28: ▶ Training & Awareness
A29: 2.14 | B29: Secure coding training resources are accessible to all developers | D29: Training portal links, OWASP resources, internal wiki, training completion records
A30: ▶ Environment Security
A31: 2.15 | B31: Development containers/VMs use secure, hardened base images | D31: Approved image catalog, image scanning results, base image security standards
A32: ▶ Repository Security
A33: 2.16 | B33: Code repository activity is logged and monitored for anomalies | D33: Repository audit logs, SIEM integration, anomaly detection alerts
A34: ▶ Development Tools
A35: 2.17 | B35: Personal access tokens and API keys have expiration policies | D35: Token lifecycle policies, key rotation procedures, token expiration reports
A36: ▶ Training & Awareness
A37: 2.18 | B37: Developers have access to security documentation and secure code examples | D37: Internal security wiki, code example repository, secure coding cheat sheets

Sheet Build Deployment Pipeline
A1: SDLC ASSESSMENT: BUILD & DEPLOYMENT PIPELINE
A2: ISO 27001:2022 | Control A.8.28 | Build & Deployment Pipeline
A3: ID | B3: Requirement | C3: Implementation Status | D3: Evidence Reference | E3: Comments
A4: ▶ Pipeline Security
A5: 3.1 | B5: CI/CD pipelines enforce automated security checks on every build | D5: Pipeline configuration files (Jenkinsfile, .gitlab-ci.yml), build logs showing security scans
A6: ▶ Security Scanning
A7: 3.2 | B7: SAST (Static Application Security Testing) tools are integrated into build pipeline | D7: SAST scan results, tool integration config (SonarQube, Semgrep, Checkmarx)
A8: 3.3 | B8: SCA (Software Composition Analysis) tools scan dependencies during every build | D8: SCA scan reports (Snyk, WhiteSource, Dependency-Check), vulnerability alerts
A9: 3.4 | B9: Secret scanning runs automatically on every commit | D9: Secret scanner logs (TruffleHog, GitGuardian), detected secret alerts, remediation records
A10: ▶ Artifact Security
A11: 3.5 | B11: Build artifacts are signed and signature verification is enforced | D11: Code signing certificates, artifact signatures, signature verification logs
A12: ▶ Security Scanning
A13: 3.6 | B13: Container images are scanned for vulnerabilities before deployment | D13: Trivy/Clair/Anchore scan results, image vulnerability reports, scan policies
A14: 3.7 | B14: Infrastructure-as-Code (IaC) is scanned for security misconfigurations | D14: Checkov/tfsec/Terrascan results, IaC security scan reports, policy violations
A15: ▶ Pipeline Security
A16: 3.8 | B16: Build pipelines fail on critical or high severity vulnerabilities | D16: Pipeline failure logs, quality gate configuration, vulnerability threshold policies
A17: ▶ Deployment Controls
A18: 3.9 | B18: Deployment to production requires explicit approval | D18: Approval workflows, deployment gate records, approval audit logs
A19: ▶ Pipeline Security
A20: 3.10 | B20: Pipeline service accounts use least-privilege access principles | D20: Service account permissions, IAM policies, privilege reviews
A21: 3.11 | B21: Build environments are ephemeral and disposable (not persistent) | D21: Build agent lifecycle documentation, container/VM configs, environment refresh logs
A22: 3.12 | B22: Pipeline configurations are version-controlled and peer-reviewed | D22: CI/CD config files in git, change history, pipeline review records
A23: ▶ Security Scanning
A24: 3.13 | B24: Security scan results are archived and historically trackable | D24: Scan result storage, historical trend reports, vulnerability tracking database
A25: ▶ Deployment Controls
A26: 3.14 | B26: Rollback procedures are tested and documented | D26: Rollback runbooks, rollback test results, disaster recovery procedures
A27: 3.15 | B27: Deployment logs are sent to centralised logging/SIEM | D27: SIEM integration, deployment audit logs, log retention policies
A28: ▶ Pipeline Security
A29: 3.16 | B29: Pipeline secrets are managed securely (not hardcoded in configs) | D29: Secrets management integration, vault usage, secret rotation logs
A30: ▶ Artifact Security
A31: 3.17 | B31: Build reproducibility is ensured (deterministic builds where possible) | D31: Build reproducibility documentation, dependency pinning, lockfiles
A32: ▶ Security Scanning
A33: 3.18 | B33: Failed security scans trigger notifications to security team | D33: Alert configuration, notification logs, incident escalation procedures
B34: SBOM (Software Bill of Materials) generated and archived for each release
B35: Dependency pinning enforced — lockfiles committed, no floating version ranges in production dependencies
B36: Supply chain attack detection — build artefact integrity verified (checksums, signed artefacts)

Sheet Security Testing Integration
A1: SDLC ASSESSMENT: SECURITY TESTING INTEGRATION
A2: ISO 27001:2022 | Control A.8.28 | Security Testing Integration
A3: ID | B3: Requirement | C3: Implementation Status | D3: Evidence Reference | E3: Comments
A4: ▶ Test Planning
A5: 4.1 | B5: Security test cases are written for all critical functionality | D5: Security test suite, test case repository, test coverage reports
A6: ▶ Unit Testing
A7: 4.2 | B7: Unit tests include security-focused test cases (input validation, etc.) | D7: Unit test suites with security tests, code coverage reports
A8: ▶ Integration Testing
A9: 4.3 | B9: Integration tests validate authentication and authorisation mechanisms | D9: Integration test suites, auth test results, test scenarios
A10: ▶ Dynamic Testing
A11: 4.4 | B11: DAST (Dynamic Application Security Testing) runs against staging environments | D11: DAST scan reports (OWASP ZAP, Burp Suite, Acunetix), vulnerability findings
A12: ▶ API Testing
A13: 4.5 | B13: API security testing is performed (fuzzing, schema validation, injection tests) | D13: API test results, fuzzing reports, Postman/REST Assured test suites
A14: ▶ Penetration Testing
A15: 4.6 | B15: Penetration testing is conducted for high-risk applications annually | D15: Pentest reports, findings tracking, remediation validation
A16: ▶ Regression Testing
A17: 4.7 | B17: Security regression tests prevent reintroduction of known vulnerabilities | D17: Regression test suite, vulnerability fix validation tests
A18: ▶ Test Environment
A19: 4.8 | B19: Test environments mirror production security configurations | D19: Environment parity documentation, configuration comparisons
A20: ▶ Test Automation
A21: 4.9 | B21: Automated security tests run in CI/CD pipeline on every build | D21: Pipeline test execution logs, automated test results
A22: ▶ Test Planning
A23: 4.10 | B23: Security testing results are reviewed before release approval | D23: Release gate checklists, security sign-off records, test result reviews
A24: ▶ Performance Testing
A25: 4.11 | B25: Performance testing includes assessment of security control overhead | D25: Load test results with security controls enabled, performance baselines
A26: ▶ External Testing
A27: 4.12 | B27: Bug bounty or responsible disclosure program provides external testing | D27: Bug bounty platform reports (HackerOne, Bugcrowd), vulnerability submissions
A28: ▶ Test Planning
A29: 4.13 | B29: Security Champions participate in test planning and review | D29: Test planning meeting notes, Security Champion involvement records
A30: ▶ Test Automation
A31: 4.14 | B31: Failed security tests block deployment to production | D31: Quality gate configuration, blocked deployment logs, override procedures
A32: ▶ Test Planning
A33: 4.15 | B33: Security test coverage is measured and tracked over time | D33: Coverage metrics, security test inventory, trend analysis
A34: ▶ Integration Testing
A35: 4.16 | B35: Authentication and session management are thoroughly tested | D35: Auth test scenarios, session security tests, credential handling tests
A36: ▶ API Testing
A37: 4.17 | B37: Input validation testing covers all user input vectors | D37: Input validation test cases, injection testing results, fuzzing outputs
A38: ▶ Test Environment
A39: 4.18 | B39: Security test data is maintained separately from production data | D39: Test data management procedures, synthetic data generation tools

Sheet Release Change Management
A1: SDLC ASSESSMENT: RELEASE & CHANGE MANAGEMENT
A2: ISO 27001:2022 | Control A.8.28 | Release & Change Management
A3: ID | B3: Requirement | C3: Implementation Status | D3: Evidence Reference | E3: Comments
A4: ▶ Release Process
A5: 5.1 | B5: Security review is mandatory for all production releases | D5: Release checklists with security sign-off, security review records
A6: ▶ Release Documentation
A7: 5.2 | B7: Release notes document all security-relevant changes | D7: Release notes, change logs with security tags, security update notifications
A8: ▶ Change Management
A9: 5.3 | B9: Emergency hotfix process includes security assessment | D9: Hotfix procedures, emergency change records, security review logs
A10: ▶ Release Process
A11: 5.4 | B11: Rollback plans are prepared and tested for all production releases | D11: Rollback procedures, rollback test results, disaster recovery plans
A12: 5.5 | B12: Post-deployment verification includes security checks | D12: Smoke test results, security validation logs, post-deployment checklists
A13: ▶ Patch Management
A14: 5.6 | B14: Security patches are prioritised and tracked with defined SLAs | D14: Security patch SLA, vulnerability remediation tracker, patching metrics
A15: ▶ Change Management
A16: 5.7 | B16: Configuration changes follow formal change management process | D16: Change requests, CAB approval records, configuration change logs
A17: ▶ Access Control
A18: 5.8 | B18: Production access is logged, monitored, and reviewed | D18: Production access logs, privileged access monitoring, access reviews
A19: ▶ Release Process
A20: 5.9 | B20: Feature flags enable controlled rollout of security features | D20: Feature flag configurations, gradual rollout plans, feature toggle logs
A21: ▶ Release Documentation
A22: 5.10 | B22: Security metrics are collected and reviewed post-release | D22: Post-release security reports, incident metrics, security KPI dashboards
A23: 5.11 | B23: Communication plan exists for security-relevant releases | D23: Communication templates, stakeholder notification logs, security bulletins
A24: ▶ Release Process
A25: 5.12 | B25: Release frequency balances security needs with business velocity | D25: Release calendar, security vs. feature delivery metrics, deployment frequency
A26: ▶ Patch Management
A27: 5.13 | B27: Post-incident releases are tracked and undergo enhanced scrutiny | D27: Incident-driven release logs, security fix tracking, post-incident reviews
A28: ▶ Release Documentation
A29: 5.14 | B29: Compliance artifacts are updated with each relevant release | D29: Compliance documentation updates, attestation records, audit trail
A30: ▶ Continuous Improvement
A31: 5.15 | B31: Lessons learned from security issues feed into process improvements | D31: Retrospective notes, security improvement backlog, process change records
A32: ▶ Release Process
A33: 5.16 | B33: Release approvals require sign-off from security stakeholders | D33: Approval workflow records, security sign-off documentation
A34: ▶ Release Documentation
A35: 5.17 | B35: Version control and release tags are properly maintained | D35: Git tags, release versioning records, artifact version tracking
A36: 5.18 | B36: Security scan results are archived with release artifacts | D36: Scan result archives, release documentation bundles, compliance packages

Sheet Evidence Register
A1: EVIDENCE REGISTER
A2: List all evidence files/documents referenced in this assessment (audit traceability).
A4: Evidence ID | B4: Assessment Area | C4: Evidence Type | D4: Description | E4: Location/Path | F4: Date Collected | G4: Collected By | H4: Verification Status
A5: EV-001 | B5: Test Data Inventory | C5: Configuration file | D5: Data masking configuration for UAT environment | E5: \fileserver\isms\evidence\test-data\uat-masking-config.json | F5: 2024-03-01 | G5: Sarah Mitchell | H5: Verified

Sheet Gap Analysis
A1: GAP ANALYSIS & REMEDIATION PLAN
A2: Document all 'Not Implemented' and 'Partially Implemented' requirements. Assign owners, set target dates, and track remediation progress.
A3: Gap ID | B3: Domain | C3: Requirement ID | D3: Requirement Description | E3: Current State | F3: Target State | G3: Priority | H3: Owner | I3: Target Date | J3: Status
A4: GAP-001 | B4: Development Environment | C4: 2.4 | D4: Pre-commit hooks prevent secret commits | E4: No pre-commit hooks configured | F4: Git-secrets installed on all dev workstations | G4: High | H4: DevOps Lead | I4: 31.01.2025 | J4: In Progress
A56: Priority Guidance:
A57: Critical: Exploitable vulnerability or compliance blocker - fix immediately
A58: High: Significant security risk or major compliance gap - fix within 30 days
A59: Medium: Moderate security risk or minor compliance gap - fix within 90 days
A60: Low: Low security risk or improvement opportunity - fix when resources available

Sheet Summary Dashboard
A1: SECURE DEVELOPMENT LIFECYCLE INTEGRATION — SUMMARY DASHBOARD
A2: ISO/IEC 27001:2022 Annex A.8.28 — Secure Coding | SDLC Assessment
A4: TABLE 1: ASSESSMENT AREA COMPLIANCE OVERVIEW
A5: Assessment Area | B5: Total Items | C5: Compliant | D5: Partial | E5: Non-Compliant | F5: N/A | G5: Compliance %
A6: Security Requirements Design | B6: =COUNTA('Security Requirements Design'!C4:C100) | C6: =COUNTIF('Security Requirements Design'!C4:C100,"✅ Implemented") | D6: =COUNTIF('Security Requirements Design'!C4:C100,"⚠️ Partially Implemented") | E6: =COUNTIF('Security Requirements Design'!C4:C100,"❌ Not Implemented") | F6: =COUNTIF('Security Requirements Design'!C4:C100,"N/A") | G6: =IF((B6-F6)=0,0,C6/(B6-F6))
A7: Development Environment | B7: =COUNTA('Development Environment'!C4:C100) | C7: =COUNTIF('Development Environment'!C4:C100,"✅ Implemented") | D7: =COUNTIF('Development Environment'!C4:C100,"⚠️ Partially Implemented") | E7: =COUNTIF('Development Environment'!C4:C100,"❌ Not Implemented") | F7: =COUNTIF('Development Environment'!C4:C100,"N/A") | G7: =IF((B7-F7)=0,0,C7/(B7-F7))
A8: Build Deployment Pipeline | B8: =COUNTA('Build Deployment Pipeline'!C4:C100) | C8: =COUNTIF('Build Deployment Pipeline'!C4:C100,"✅ Implemented") | D8: =COUNTIF('Build Deployment Pipeline'!C4:C100,"⚠️ Partially Implemented") | E8: =COUNTIF('Build Deployment Pipeline'!C4:C100,"❌ Not Implemented") | F8: =COUNTIF('Build Deployment Pipeline'!C4:C100,"N/A") | G8: =IF((B8-F8)=0,0,C8/(B8-F8))
A9: Security Testing Integration | B9: =COUNTA('Security Testing Integration'!C4:C100) | C9: =COUNTIF('Security Testing Integration'!C4:C100,"✅ Implemented") | D9: =COUNTIF('Security Testing Integration'!C4:C100,"⚠️ Partially Implemented") | E9: =COUNTIF('Security Testing Integration'!C4:C100,"❌ Not Implemented") | F9: =COUNTIF('Security Testing Integration'!C4:C100,"N/A") | G9: =IF((B9-F9)=0,0,C9/(B9-F9))
A10: Release Change Management | B10: =COUNTA('Release Change Management'!C4:C100) | C10: =COUNTIF('Release Change Management'!C4:C100,"✅ Implemented") | D10: =COUNTIF('Release Change Management'!C4:C100,"⚠️ Partially Implemented") | E10: =COUNTIF('Release Change Management'!C4:C100,"❌ Not Implemented") | F10: =COUNTIF('Release Change Management'!C4:C100,"N/A") | G10: =IF((B10-F10)=0,0,C10/(B10-F10))
A11: TOTAL | B11: =SUM(B6:B10) | C11: =SUM(C6:C10) | D11: =SUM(D6:D10) | E11: =SUM(E6:E10) | F11: =SUM(F6:F10) | G11: =IF((B11-F11)=0,0,C11/(B11-F11))
A13: TABLE 2: KEY METRICS
A14: Metric | B14: Value
A15: Total Requirements Tracked | B15: =COUNTA('Security Requirements Design'!B5:B100)
A16: Security Requirements Documented | B16: =COUNTIF('Security Requirements Design'!C5:C100,"✅ Implemented")
A17: Threat Modeling Coverage | B17: =COUNTIF('Security Requirements Design'!C5:C100,"✅ Implemented")/COUNTA('Security Requirements Design'!B5:B100)
A18: Total Dev Environment Controls | B18: =COUNTA('Development Environment'!B5:B100)
A19: Workstations with Security Tools | B19: =COUNTIF('Development Environment'!C5:C100,"✅ Implemented")
A20: Repository Security Controls | B20: =COUNTIF('Development Environment'!C5:C100,"✅ Implemented")
A21: Total Pipeline Controls | B21: =COUNTA('Build Deployment Pipeline'!B5:B100)
A22: Security Scans Integrated | B22: =COUNTIF('Build Deployment Pipeline'!C5:C100,"✅ Implemented")
A23: Deployment Gates Active | B23: =COUNTIF('Build Deployment Pipeline'!C5:C100,"✅ Implemented")
A24: Total Testing Controls | B24: =COUNTA('Security Testing Integration'!B5:B100)
A25: SAST/DAST Integration | B25: =COUNTIF('Security Testing Integration'!C5:C100,"✅ Implemented")
A26: Penetration Testing Coverage | B26: =COUNTIF('Security Testing Integration'!C5:C100,"✅ Implemented")
A27: Total Release Controls | B27: =COUNTA('Release Change Management'!B5:B100)
A28: Approval Workflows Active | B28: =COUNTIF('Release Change Management'!C5:C100,"✅ Implemented")
A29: Change Management Compliance | B29: =COUNTIF('Release Change Management'!C5:C100,"✅ Implemented")/COUNTA('Release Change Management'!B5:B100)
A33: TABLE 3: CRITICAL FINDINGS REQUIRING IMMEDIATE ATTENTION
A34: Category | B34: Finding | C34: Count | D34: Severity | E34: Action Required
A35: Security Requirements Design | B35: Requirements without security acceptance criteria | C35: =COUNTIF('Security Requirements Design'!C5:C100,"❌ Not Implemented") | D35: Critical | E35: Immediate
A36: Development Environment | B36: Developer workstations without EDR/security tools | C36: =COUNTIF('Development Environment'!C5:C100,"❌ Not Implemented") | D36: Critical | E36: Immediate
A37: Build Deployment Pipeline | B37: Pipelines without SAST/SCA scanning | C37: =COUNTIF('Build Deployment Pipeline'!C5:C100,"❌ Not Implemented") | D37: Critical | E37: Immediate
A38: Security Testing Integration | B38: Production code without security testing | C38: =COUNTIF('Security Testing Integration'!C5:C100,"❌ Not Implemented") | D38: Critical | E38: Immediate
A39: Release Change Management | B39: Releases without security approval | C39: =COUNTIF('Release Change Management'!C5:C100,"❌ Not Implemented") | D39: Critical | E39: Immediate
A40: Security Requirements Design | B40: Missing threat modeling for high-risk apps | C40: =COUNTIF('Security Requirements Design'!C5:C100,"⚠️ Partially Implemented") | D40: High | E40: Urgent
A41: Development Environment | B41: Repositories without MFA enforcement | C41: =COUNTIF('Development Environment'!C5:C100,"⚠️ Partially Implemented") | D41: High | E41: Urgent
A42: Build Deployment Pipeline | B42: Security gates not enforced | C42: =COUNTIF('Build Deployment Pipeline'!C5:C100,"⚠️ Partially Implemented") | D42: High | E42: Urgent
A43: Security Testing Integration | B43: Incomplete DAST coverage | C43: =COUNTIF('Security Testing Integration'!C5:C100,"⚠️ Partially Implemented") | D43: High | E43: Urgent
A44: Release Change Management | B44: Emergency changes without post-review | C44: =COUNTIF('Release Change Management'!C5:C100,"⚠️ Partially Implemented") | D44: Medium | E44: Plan

Sheet Approval Sign-Off
A1: ASSESSMENT APPROVAL AND SIGN-OFF
A2: ISO/IEC 27001:2022 - Control A.8.28: Secure Coding
A3: ASSESSMENT SUMMARY
A4: Document: | B4: ISMS-IMP-A.8.28.1 - SDLC Assessment
A5: Assessment Period:
A6: Overall Compliance Rating: | B6: ='Summary Dashboard'!G9
A7: Assessment Status:
A8: Assessed By:
A11: COMPLETED BY (ASSESSOR)
A12: Name:
A13: Title:
A14: Date:
A15: Signature:
A16: Comments:
A18: REVIEWED BY (INFORMATION SECURITY OFFICER)
A19: Name:
A20: Title:
A21: Date:
... A38: Special Considerations:
