Workbook

Sheet Instructions & Legend
A1: ISMS-IMP-A.8.30.1 - Vendor Assessment and Registry ISO/IEC 27001:2022 - Control A.8.30: Outsourced Development
A3: Document Information
A4: Document ID | B4: ISMS-IMP-A.8.30.1
A5: Workbook Title | B5: Vendor Assessment and Registry
A6: Control Reference | B6: ISO/IEC 27001:2022 - Control A.8.30: Outsourced Development
A7: Version | B7: 1.0
A8: Assessment Date
A9: Completed By
A10: Organisation
A12: Instructions
A13: 1. Complete all assessment sheets in order, starting with Vendor Registry.
A14: 2. Classify each vendor by risk tier (Critical/High/Standard) in the registry.
A15: 3. Complete security assessment records for each vendor.
A16: 4. Run through the due diligence checklist for vendor onboarding.
A17: 5. Verify development environment security attestations.
A18: 6. Record all supporting evidence in the Evidence Register sheet.
A19: 7. Use the Summary Dashboard to track overall compliance status.
A20: 8. All user-input cells are highlighted in yellow.
... A24: Status Legend
A25: Symbol | B25: Status | C25: Description
A26: ✓ | B26: Compliant / Complete | C26: Requirement fully met
A27: ⚠ | B27: Partial / In Progress | C27: Partially met or in progress
A28: ✗ | B28: Non-Compliant / Not Started | C28: Requirement not met
A29: — | B29: Not Applicable | C29: Not applicable to this assessment

Sheet Vendor Registry
A1: VENDOR REGISTRY
A2: ISO/IEC 27001:2022 - Control A.8.30: Outsourced Development
A3: Vendor ID | B3: Vendor Name | C3: Registry Status | D3: Risk Tier | E3: Initial Assessment Date | F3: Last Assessment Date | G3: Next Assessment Due | H3: ISO 27001 Certified | I3: SOC2 Type2 | J3: Primary Contact | K3: Approved Project Types | L3: Approved By | M3: Notes
A4: VEND-001 | B4: Example Vendor Ltd | C4: Approved | D4: High | E4: 01.01.2024 | F4: 15.12.2024 | G4: 15.12.2025 | H4: Yes | I4: Yes | J4: Jane Doe (jane@vendor.com) | K4: Web applications, APIs | L4: CISO | M4: ISO 27001 certified, annual review cycle

Sheet Security Assessment
A1: SECURITY ASSESSMENT
A2: ISO/IEC 27001:2022 - Control A.8.30: Outsourced Development
A3: Assessment ID | B3: Vendor ID | C3: Assessment Date | D3: Assessment Type | E3: Assessor | F3: Security Certification | G3: Cert Expiry Date | H3: SDLC Maturity | I3: Security Incident History | J3: SAST DAST Tooling | K3: Personnel Screening | L3: Dev Environment Security | M3: Overall Risk Rating | N3: Recommendation | O3: Conditions | P3: Evidence Location
A4: ASSESS-001 | B4: VEND-001 | C4: 15.12.2024 | D4: Annual | E4: Security Team | F4: ISO 27001 | G4: 31.12.2025 | H4: Mature | I4: None | J4: SonarQube, Checkmarx | K4: Verified | L4: Compliant | M4: Medium | N4: Approve | O4: Annual review passed | P4: Evidence/ASSESS-001/

Sheet Due Diligence
A1: DUE DILIGENCE
A2: ISO/IEC 27001:2022 - Control A.8.30: Outsourced Development
A3: Vendor ID | B3: Check Category | C3: Check Item | D3: Status | E3: Evidence Type | F3: Evidence Reference | G3: Verified By | H3: Verified Date | I3: Notes
A4: VEND-001 | B4: Security Certification | C4: Valid ISO 27001 or SOC 2 Type II certification | D4: Complete | E4: Certificate | F4: ISO27001-Certificate-2024.pdf | G4: Security Team | H4: 15.12.2024 | I4: Verified via official registry
B5: Security Certification | C5: Security certification verified (ISO 27001, SOC 2 Type II, or equivalent) — current and in-scope
B6: SDLC Maturity | C6: Secure Development Lifecycle maturity assessed (OWASP SAMM, BSIMM, or equivalent framework)
B7: Personnel Screening | C7: Developer background check procedures verified — applicable to all staff with access to our systems/data
B8: Incident History | C8: Security incident history reviewed — no material incidents in last 3 years, or satisfactory explanation provided
B9: Cyber Insurance | C9: Cyber insurance coverage verified — minimum coverage appropriate to contract value and data sensitivity
B10: Financial Stability | C10: Financial stability assessed — vendor viability risk evaluated
B11: Sub-processor Chain | C11: Sub-processor / subcontractor chain identified and approved in advance

Sheet Environment Security
A1: ENVIRONMENT SECURITY
A2: ISO/IEC 27001:2022 - Control A.8.30: Outsourced Development
A3: Vendor ID | B3: Assessment Date | C3: MFA Enabled | D3: Network Isolation | E3: Endpoint Security | F3: Code Repository | G3: Secret Scanning | H3: Branch Protection | I3: Data Handling | J3: Attestation Received | K3: Attestation Date | L3: Compliance Status
A4: VEND-001 | B4: 15.12.2024 | C4: Yes | D4: Isolated | E4: Compliant | F4: Secure | G4: Yes | H4: Yes | I4: Masked | J4: Yes | K4: 15.12.2024 | L4: Compliant

Sheet Evidence Register
A1: EVIDENCE REGISTER
A2: ISO/IEC 27001:2022 - Control A.8.30: Outsourced Development
A4: Evidence ID | B4: Evidence Title | C4: Evidence Type | D4: Description | E4: Source / Location | F4: Date Collected | G4: Collected By | H4: Status
A5: EV-001 | B5: Vendor Security Questionnaire - Acme Corp | C5: Policy Document | D5: Completed vendor security questionnaire with risk scoring | E5: SharePoint/Evidence/A.8.30/Vendor-Assessments/Acme-2024.pdf | F5: 15.12.2024 | G5: Security Team | H5: Collected

Sheet Summary Dashboard
A1: VENDOR ASSESSMENT — SUMMARY DASHBOARD
A2: ISO/IEC 27001:2022 - Control A.8.30: Outsourced Development
A4: TABLE 1: ASSESSMENT AREA COMPLIANCE OVERVIEW
A5: Assessment Area | B5: Total Items | C5: Compliant | D5: Partial | E5: Non-Compliant | F5: N/A | G5: Compliance %
A6: Vendor Registry | B6: =COUNTA('Vendor Registry'!C5:C54) | C6: =COUNTIF('Vendor Registry'!C5:C54,"Approved") | D6: =COUNTIF('Vendor Registry'!C5:C54,"Pending") | E6: =COUNTIF('Vendor Registry'!C5:C54,"Suspended")+COUNTIF('Vendor Registry'!C5:C54,"Removed") | F6: =0 | G6: =IF((B6-F6)=0,0,C6/(B6-F6))
A7: Security Assessment | B7: =COUNTA('Security Assessment'!N5:N54) | C7: =COUNTIF('Security Assessment'!N5:N54,"Approve") | D7: =COUNTIF('Security Assessment'!N5:N54,"Conditional") | E7: =COUNTIF('Security Assessment'!N5:N54,"Reject") | F7: =0 | G7: =IF((B7-F7)=0,0,C7/(B7-F7))
A8: Due Diligence Checklist | B8: =COUNTA('Due Diligence'!D5:D54) | C8: =COUNTIF('Due Diligence'!D5:D54,"Complete") | D8: =COUNTIF('Due Diligence'!D5:D54,"Pending") | E8: =0 | F8: =COUNTIF('Due Diligence'!D5:D54,"N/A") | G8: =IF((B8-F8)=0,0,C8/(B8-F8))
A9: Environment Security | B9: =COUNTA('Environment Security'!L5:L54) | C9: =COUNTIF('Environment Security'!L5:L54,"Compliant") | D9: =COUNTIF('Environment Security'!L5:L54,"Conditional") | E9: =COUNTIF('Environment Security'!L5:L54,"Non-Compliant") | F9: =0 | G9: =IF((B9-F9)=0,0,C9/(B9-F9))
A10: TOTAL | B10: =SUM(B6:B9) | C10: =SUM(C6:C9) | D10: =SUM(D6:D9) | E10: =SUM(E6:E9) | F10: =SUM(F6:F9) | G10: =IF((B10-F10)=0,0,C10/(B10-F10))
A12: TABLE 2: KEY METRICS
A13: Last Assessment Date | B13: =MAX('Security Assessment'!C5:C54)
A14: Next Review Due
A15: Assessment Owner | B15: [Enter name]
A16: Overall Risk Rating | B16: =IF(COUNTIF('Security Assessment'!M5:M54,"Critical")>0,"Critical",IF(COUNTIF('Security Assessment'!M5:M54,"High")>0,"High","Medium"))
A18: TABLE 3: CRITICAL FINDINGS
A19: # | B19: Finding | C19: Severity | D19: Affected Area | E19: Recommended Action | F19: Owner | G19: Due Date
A20: =COUNTIF('Vendor Registry'!C5:C54,"Pending") | B20: Vendors Pending Approval | C20: High | D20: Vendor Registry | E20: Review pending vendors
A21: =COUNTIF('Vendor Registry'!C5:C54,"Suspended")+COUNTIF('Vendor Registry'!C5:C54,"Removed") | B21: Suspended or Removed Vendors | C21: Critical | D21: Vendor Registry | E21: Immediate action required
A22: =COUNTIF('Security Assessment'!N5:N54,"Conditional") | B22: Conditional Approvals | C22: Medium | D22: Security Assessment | E22: Review conditions
A23: =COUNTIF('Security Assessment'!N5:N54,"Reject") | B23: Rejected Vendors | C23: Critical | D23: Security Assessment | E23: Remove access immediately
A24: =COUNTIF('Environment Security'!L5:L54,"Non-Compliant") | B24: Non-Compliant Dev Environments | C24: High | D24: Environment Security | E24: Remediate environment issues

Sheet Approval Sign-Off
A1: ASSESSMENT APPROVAL AND SIGN-OFF
A2: ISO/IEC 27001:2022 - Control A.8.30: Outsourced Development
A3: ASSESSMENT SUMMARY
A4: Document: | B4: ISMS-IMP-A.8.30.1 - Vendor Assessment and Registry
A5: Assessment Period:
A6: Overall Compliance Rating: | B6: ='Summary Dashboard'!G10
A7: Assessment Status:
A8: Assessed By:
A10: COMPLETED BY (ASSESSOR)
A11: Name:
A12: Title:
A13: Date:
A14: Signature:
A15: Comments:
A17: REVIEWED BY (INFORMATION SECURITY OFFICER)
A18: Name:
A19: Title:
A20: Date:
... A37: Special Considerations:
