Workbook

Sheet Instructions & Legend
A1: ISMS-IMP-A.8.30.3 - Security Testing and Acceptance ISO/IEC 27001:2022 - Control A.8.30: Outsourced Development
A3: Document Information
A4: Document ID | B4: ISMS-IMP-A.8.30.3
A5: Workbook Title | B5: Security Testing and Acceptance
A6: Control Reference | B6: ISO/IEC 27001:2022 - Control A.8.30: Outsourced Development
A7: Version | B7: 1.0
A8: Assessment Date
A9: Completed By
A10: Organisation
A12: Instructions
A13: 1. Complete all assessment sheets in order, starting with Deliverable Inventory.
A14: 2. Track code review results for each deliverable in Code Review Tracking.
A15: 3. Record SAST, DAST, SCA, and penetration test results in Security Testing.
A16: 4. Maintain SBOM records for all deliverables in SBOM Management.
A17: 5. Verify acceptance criteria and obtain sign-off in Acceptance Sign-off.
A18: 6. Record all supporting evidence in the Evidence Register sheet.
A19: 7. Use the Summary Dashboard to track overall compliance status.
A20: 8. All user-input cells are highlighted in yellow.
... A24: Status Legend
A25: Symbol | B25: Status | C25: Description
A26: ✓ | B26: Compliant / Complete | C26: Requirement fully met
A27: ⚠ | B27: Partial / In Progress | C27: Partially met or in progress
A28: ✗ | B28: Non-Compliant / Not Started | C28: Requirement not met
A29: — | B29: Not Applicable | C29: Not applicable to this assessment

Sheet Deliverable Inventory
A1: DELIVERABLE INVENTORY
A2: ISO/IEC 27001:2022 - Control A.8.30: Outsourced Development
A3: Deliverable ID | B3: Contract ID | C3: Vendor ID | D3: Deliverable Name | E3: Deliverable Type | F3: Project Classification | G3: Planned Delivery | H3: Actual Delivery | I3: Code Review Status | J3: Security Test Status | K3: SBOM Received | L3: Acceptance Status | M3: Acceptance Date | N3: Accepted By
A4: DEL-001 | B4: CONT-001 | C4: VEND-001 | D4: Customer Portal v2.0 | E4: Application | F4: Critical | G4: 30.11.2024 | H4: 28.11.2024 | I4: Complete | J4: Complete | K4: Yes | L4: Accepted | M4: 28.11.2024 | N4: Security Team

Sheet Code Review Tracking
A1: CODE REVIEW TRACKING
A2: ISO/IEC 27001:2022 - Control A.8.30: Outsourced Development
A3: Review ID | B3: Deliverable ID | C3: Review Type | D3: Review Date | E3: Reviewer | F3: Reviewer Role | G3: Files Reviewed | H3: Security Findings | I3: Critical Findings | J3: High Findings | K3: Medium Findings | L3: Low Findings | M3: Review Result | N3: Findings Reference | O3: Notes
A4: REV-001 | B4: DEL-001 | C4: Security Review | D4: 25.11.2024 | E4: Jane Smith | F4: Security Team | G4: 45 | H4: 12 | I4: 3 | J4: 6 | K4: 2 | L4: 1 | M4: Approved with Findings | N4: SharePoint/Reviews/REV-001.pdf | O4: Minor issues documented

Sheet Security Testing
A1: SECURITY TESTING
A2: ISO/IEC 27001:2022 - Control A.8.30: Outsourced Development
A3: Test ID | B3: Deliverable ID | C3: Test Type | D3: Test Tool | E3: Test Date | F3: Tester | G3: Scope | H3: Total Findings | I3: Critical Findings | J3: High Findings | K3: Medium Findings | L3: Low Findings | M3: False Positives | N3: Findings Remediated | O3: Findings Outstanding | P3: Report Reference | Q3: Retest Required | R3: Retest Date | S3: Retest Status
A4: TEST-001 | B4: DEL-001 | C4: SAST | D4: SonarQube | E4: 26.11.2024 | F4: Security Team | G4: Full application scan | H4: 45 | I4: 3 | J4: 12 | K4: 18 | L4: 12 | M4: 8 | N4: 42 | O4: 3 | P4: SharePoint/Testing/SAST-001.pdf | Q4: Yes | R4: 02.12.2024 | S4: Passed

Sheet SBOM Management
A1: SBOM MANAGEMENT
A2: ISO/IEC 27001:2022 - Control A.8.30: Outsourced Development
A3: SBOM ID | B3: Deliverable ID | C3: SBOM Format | D3: SBOM Date | E3: Total Components | F3: Direct Dependencies | G3: Transitive Dependencies | H3: Known Vulnerabilities | I3: Critical Vulns | J3: High Vulns | K3: License Issues | L3: Outdated Components | M3: Review Status | N3: Reviewed By | O3: Review Date | P3: SBOM Reference | Q3: Action Plan
A4: SBOM-001 | B4: DEL-001 | C4: CycloneDX | D4: 27.11.2024 | E4: 156 | F4: 23 | G4: 133 | H4: 2 | I4: 0 | J4: 2 | K4: 0 | L4: 8 | M4: Reviewed | N4: Security Team | O4: 27.11.2024 | P4: SharePoint/SBOMs/SBOM-001.json | Q4: 2 high vulns flagged for remediation

Sheet Acceptance Sign-off
A1: ACCEPTANCE SIGN-OFF
A2: ISO/IEC 27001:2022 - Control A.8.30: Outsourced Development
A3: Acceptance ID | B3: Deliverable ID | C3: Criteria Category | D3: Acceptance Criteria | E3: Status | F3: Evidence Reference | G3: Verified By | H3: Verification Date | I3: Waiver Reason | J3: Waiver Approver
A4: ACC-001 | B4: [Deliverable ID] | C4: Security | D4: Code review completed with no unresolved Critical/High findings | E4: Met | F4: Code Review Report | G4: SharePoint/Deliverables/DEL-001/CodeReview.pdf | H4: Security Team | I4: 26.11.2024 | J4: All high-risk items resolved
C5: Security | D5: Threat model reviewed and accepted by security lead before delivery sign-off

Sheet Evidence Register
A1: EVIDENCE REGISTER
A2: Record all evidence collected during the assessment. Each row represents one piece of evidence.
A4: Evidence ID | B4: Assessment Area | C4: Evidence Type | D4: Description | E4: Location / Path | F4: Date Collected | G4: Collected By | H4: Verification Status
A5: EV-001 | B5: Security Testing | C5: Test results | D5: SAST scan report - Customer Portal v2.0 | E5: SharePoint/Testing/SAST-CustomerPortal-20241126.pdf | F5: 26.11.2024 | G5: Security Team | H5: Verified

Sheet Summary Dashboard
A1: SECURITY TESTING ASSESSMENT — SUMMARY DASHBOARD
A2: ISO/IEC 27001:2022 - Control A.8.30: Outsourced Development
A4: TABLE 1: ASSESSMENT AREA COMPLIANCE OVERVIEW
A5: Assessment Area | B5: Total Items | C5: Compliant | D5: Partial | E5: Non-Compliant | F5: N/A | G5: Compliance %
A6: Deliverable Inventory | B6: =COUNTA('Deliverable Inventory'!L5:L54) | C6: =COUNTIF('Deliverable Inventory'!L5:L54,"Accepted") | D6: =COUNTIF('Deliverable Inventory'!L5:L54,"Conditional") | E6: =COUNTIF('Deliverable Inventory'!L5:L54,"Rejected")+COUNTIF('Deliverable Inventory'!L5:L54,"Pending") | F6: =0 | G6: =IF((B6-F6)=0,0,C6/(B6-F6))
A7: Code Review Tracking | B7: =COUNTA('Code Review Tracking'!M5:M54) | C7: =COUNTIF('Code Review Tracking'!M5:M54,"Approved") | D7: =COUNTIF('Code Review Tracking'!M5:M54,"Approved with Findings") | E7: =COUNTIF('Code Review Tracking'!M5:M54,"Rejected") | F7: =0 | G7: =IF((B7-F7)=0,0,C7/(B7-F7))
A8: Security Testing Results | B8: =COUNTA('Security Testing'!S5:S54) | C8: =COUNTIF('Security Testing'!S5:S54,"Passed") | D8: =COUNTIF('Security Testing'!S5:S54,"Pending") | E8: =COUNTIF('Security Testing'!S5:S54,"Failed") | F8: =COUNTIF('Security Testing'!S5:S54,"N/A") | G8: =IF((B8-F8)=0,0,C8/(B8-F8))
A9: SBOM Management | B9: =COUNTA('SBOM Management'!M5:M54) | C9: =COUNTIF('SBOM Management'!M5:M54,"Accepted") | D9: =COUNTIF('SBOM Management'!M5:M54,"Reviewed")+COUNTIF('SBOM Management'!M5:M54,"Pending") | E9: =COUNTIF('SBOM Management'!M5:M54,"Rejected") | F9: =0 | G9: =IF((B9-F9)=0,0,C9/(B9-F9))
A10: Acceptance Sign-off | B10: =COUNTA('Acceptance Sign-off'!E5:E54) | C10: =COUNTIF('Acceptance Sign-off'!E5:E54,"Met") | D10: =COUNTIF('Acceptance Sign-off'!E5:E54,"Waived") | E10: =COUNTIF('Acceptance Sign-off'!E5:E54,"Not Met") | F10: =COUNTIF('Acceptance Sign-off'!E5:E54,"N/A") | G10: =IF((B10-F10)=0,0,C10/(B10-F10))
A11: TOTAL | B11: =SUM(B6:B10) | C11: =SUM(C6:C10) | D11: =SUM(D6:D10) | E11: =SUM(E6:E10) | F11: =SUM(F6:F10) | G11: =IF((B11-F11)=0,0,C11/(B11-F11))
A13: TABLE 2: KEY METRICS
A14: Total Deliverables Pending Acceptance | B14: =COUNTIF('Deliverable Inventory'!L5:L54,"Pending")
A15: Critical Deliverables | B15: =COUNTIF('Deliverable Inventory'!F5:F54,"Critical")
A16: Security Tests Failed | B16: =COUNTIF('Security Testing'!S5:S54,"Failed")
A17: Acceptance Criteria Met % | B17: =IF(COUNTA('Acceptance Sign-off'!E5:E54)=0,"0%",ROUND(COUNTIF('Acceptance Sign-off'!E5:E54,"Met")/COUNTA('Acceptance Sign-off'!E5:E54)*100,1)&"%")
A19: TABLE 3: CRITICAL FINDINGS
A20: # | B20: Finding | C20: Severity | D20: Affected Area | E20: Recommended Action | F20: Owner | G20: Due Date
A21: =COUNTIF('Deliverable Inventory'!L5:L54,"Rejected") | B21: Rejected Deliverables | C21: Critical | D21: Deliverable Inventory | E21: Review rejection reasons and remediate
A22: =COUNTIF('Deliverable Inventory'!I5:I54,"Pending") | B22: Pending Code Reviews | C22: High | D22: Deliverable Inventory | E22: Complete code reviews before acceptance
A23: =COUNTIF('Security Testing'!S5:S54,"Failed") | B23: Failed Security Tests | C23: Critical | D23: Security Testing | E23: Remediate security vulnerabilities
A24: =COUNTIF('Security Testing'!S5:S54,"Pending") | B24: Pending Retests | C24: High | D24: Security Testing | E24: Complete retesting of remediated findings
A25: =COUNTIF('Deliverable Inventory'!K5:K54,"No") | B25: Missing SBOMs | C25: High | D25: Deliverable Inventory | E25: Request SBOMs from vendors

Sheet Approval Sign-Off
A1: ASSESSMENT APPROVAL AND SIGN-OFF
A3: ASSESSMENT SUMMARY
A4: Document: | B4: ISMS-IMP-A.8.30.3
A5: Assessment Period:
A6: Overall Compliance Rating: | B6: ='Summary Dashboard'!G10
A7: Assessment Status:
A8: Assessed By:
A10: COMPLETED BY (ASSESSOR)
A11: Name:
A12: Title:
A13: Date:
A14: Signature:
A15: Comments:
A17: REVIEWED BY (INFORMATION SECURITY OFFICER)
A18: Name:
A19: Title:
A20: Date:
... A37: Special Considerations:
