Workbook

Sheet Instructions & Legend
A1: ISMS-IMP-A.8.30.2 - Contract Compliance ISO/IEC 27001:2022 - Control A.8.30: Outsourced Development
A3: Document Information
A4: Document ID | B4: ISMS-IMP-A.8.30.2
A5: Workbook Title | B5: Contract Compliance
A6: Control Reference | B6: ISO/IEC 27001:2022 - Control A.8.30: Outsourced Development
A7: Version | B7: 1.0
A8: Assessment Date
A9: Completed By
A10: Organisation
A12: Instructions
A13: 1. Complete all assessment sheets in order, starting with Contract Inventory.
A14: 2. For each contract, verify security clause inclusion in Security Clauses sheet.
A15: 3. Track vulnerability remediation SLA compliance in SLA Compliance sheet.
A16: 4. Record subcontractor authorisation requests in Subcontractor Approvals sheet.
A17: 5. Complete termination checklist at contract closure.
A18: 6. Record all supporting evidence in the Evidence Register sheet.
A19: 7. Use the Summary Dashboard to track overall compliance status.
A20: 8. All user-input cells are highlighted in yellow.
... A24: Status Legend
A25: Symbol | B25: Status | C25: Description
A26: ✓ | B26: Compliant / Complete | C26: Requirement fully met
A27: ⚠ | B27: Partial / In Progress | C27: Partially met or in progress
A28: ✗ | B28: Non-Compliant / Not Started | C28: Requirement not met
A29: — | B29: Not Applicable | C29: Not applicable to this assessment

Sheet Contract Inventory
A1: CONTRACT INVENTORY
A2: ISO/IEC 27001:2022 - Control A.8.30: Outsourced Development
A3: Contract ID | B3: Vendor ID | C3: Contract Name | D3: Contract Type | E3: Start Date | F3: End Date | G3: Project Classification | H3: Contract Value CHF | I3: Primary Contact | J3: Legal Review Date | K3: Security Review Date | L3: Status
A4: CONT-001 | B4: VEND-001 | C4: Web Application Development 2024-2025 | D4: Fixed-price | E4: 01.01.2024 | F4: 31.12.2025 | G4: Critical | H4: 250000 | I4: Project Manager (pm@vendor.com) | J4: 15.11.2023 | K4: 20.11.2023 | L4: Active

Sheet Security Clauses
A1: SECURITY CLAUSES CHECKLIST
A2: ISO/IEC 27001:2022 - Control A.8.30: Outsourced Development
A3: Contract ID | B3: Clause Category | C3: Clause Description | D3: Included | E3: Clause Reference | F3: Modification Notes | G3: Reviewed By | H3: Review Date
A4: [Contract ID] | B4: Secure Coding Standards | C4: Compliance with secure coding standards per ISMS-POL-A.8.28

Sheet SLA Compliance
A1: SLA COMPLIANCE TRACKING
A2: ISO/IEC 27001:2022 - Control A.8.30: Outsourced Development
A3: SLA ID | B3: Contract ID | C3: Vulnerability ID | D3: Severity | E3: Discovery Date | F3: SLA Days | G3: SLA Due Date | H3: Remediation Date | I3: SLA Met | J3: Exception Approved | K3: Exception Approver | L3: Notes
A4: SLA-001 | B4: CONT-001 | C4: VULN-2024-001 | D4: Critical | E4: 01.12.2024 | F4: 7 | G4: 08.12.2024 | H4: 06.12.2024 | I4: Met | J4: No | L4: Patch deployed 2 days ahead of SLA

Sheet Subcontractor Approvals
A1: SUBCONTRACTOR APPROVALS
A2: ISO/IEC 27001:2022 - Control A.8.30: Outsourced Development
A3: Approval ID | B3: Contract ID | C3: Primary Vendor ID | D3: Subcontractor Name | E3: Subcontractor Scope | F3: Access Level | G3: Assessment Level | H3: Risk Classification | I3: Approval Status | J3: Approved By | K3: Approval Date | L3: Expiry Date | M3: Flow Down Verified | N3: Notes
A4: SUB-001 | B4: CONT-001 | C4: VEND-001 | D4: SecureDev Partners Ltd | E4: Penetration testing services | F4: Direct | G4: Full | H4: Medium | I4: Approved | J4: CISO | K4: 15.11.2024 | L4: 15.11.2025 | M4: Yes | N4: ISO 27001 certified subcontractor

Sheet Termination Checklist
A1: TERMINATION CHECKLIST
A2: ISO/IEC 27001:2022 - Control A.8.30: Outsourced Development
A3: Contract ID | B3: Termination Type | C3: Termination Date | D3: Check Item | E3: Status | F3: Completion Date | G3: Verified By | H3: Evidence Reference
A4: Contract 001 | B4: Completion | C4: 15.12.2024 | D4: All access credentials revoked (within 24 hours) | E4: Complete | F4: 16.12.2024 | G4: Security Team | H4: Termination/Contract-001-Access-Revocation-Confirmed.pdf
D5: [Organisation] data returned or destroyed
D6: Destruction certificate received
D7: Source code transferred (if applicable)
D8: Documentation transferred
D9: Escrow arrangements verified
D10: Outstanding vulnerabilities addressed or risk accepted
D11: Final security review completed
D12: Lessons learned documented
D13: Vendor removed from active registry

Sheet Evidence Register
A1: EVIDENCE REGISTER
A2: List all evidence files/documents referenced in this assessment (audit traceability).
A4: Evidence ID | B4: Assessment Area | C4: Evidence Type | D4: Description | E4: Location/Path | F4: Date Collected | G4: Collected By | H4: Verification Status
A5: EV-001 | B5: Contract Inventory | C5: Configuration file | D5: Executed contract with security clauses - Acme Corp | E5: Legal/Contracts/2024/Acme-Development-Contract-Signed.pdf | F5: 15.11.2023 | G5: Legal Team | H5: Verified

Sheet Summary Dashboard
A1: CONTRACT COMPLIANCE — SUMMARY DASHBOARD
A2: ISO/IEC 27001:2022 - Control A.8.30: Outsourced Development
A4: TABLE 1: ASSESSMENT AREA COMPLIANCE OVERVIEW
A5: Assessment Area | B5: Total Items | C5: Compliant | D5: Partial | E5: Non-Compliant | F5: N/A | G5: Compliance %
A6: Contract Inventory | B6: =COUNTA('Contract Inventory'!L5:L54) | C6: =COUNTIF('Contract Inventory'!L5:L54,"Active") | D6: =0 | E6: =COUNTIF('Contract Inventory'!L5:L54,"Completed")+COUNTIF('Contract Inventory'!L5:L54,"Terminated") | F6: =0 | G6: =IF((B6-F6)=0,0,C6/(B6-F6))
A7: Security Clauses Compliance | B7: =COUNTA('Security Clauses'!D5:D54) | C7: =COUNTIF('Security Clauses'!D5:D54,"Yes") | D7: =COUNTIF('Security Clauses'!D5:D54,"Modified") | E7: =COUNTIF('Security Clauses'!D5:D54,"No") | F7: =COUNTIF('Security Clauses'!D5:D54,"N/A") | G7: =IF((B7-F7)=0,0,C7/(B7-F7))
A8: SLA Compliance Tracking | B8: =COUNTA('SLA Compliance'!I5:I54) | C8: =COUNTIF('SLA Compliance'!I5:I54,"Met") | D8: =COUNTIF('SLA Compliance'!I5:I54,"Pending") | E8: =COUNTIF('SLA Compliance'!I5:I54,"Missed") | F8: =COUNTIF('SLA Compliance'!I5:I54,"Exception") | G8: =IF((B8-F8)=0,0,C8/(B8-F8))
A9: Subcontractor Approvals | B9: =COUNTA('Subcontractor Approvals'!I5:I54) | C9: =COUNTIF('Subcontractor Approvals'!I5:I54,"Approved") | D9: =COUNTIF('Subcontractor Approvals'!I5:I54,"Pending") | E9: =COUNTIF('Subcontractor Approvals'!I5:I54,"Rejected") | F9: =0 | G9: =IF((B9-F9)=0,0,C9/(B9-F9))
A10: Termination Checklist | B10: =COUNTA('Termination Checklist'!E5:E54) | C10: =COUNTIF('Termination Checklist'!E5:E54,"Complete") | D10: =COUNTIF('Termination Checklist'!E5:E54,"Pending") | E10: =0 | F10: =COUNTIF('Termination Checklist'!E5:E54,"N/A") | G10: =IF((B10-F10)=0,0,C10/(B10-F10))
A11: TOTAL | B11: =SUM(B6:B10) | C11: =SUM(C6:C10) | D11: =SUM(D6:D10) | E11: =SUM(E6:E10) | F11: =SUM(F6:F10) | G11: =IF((B11-F11)=0,0,C11/(B11-F11))
A13: TABLE 2: KEY METRICS
A14: Total Active Contracts | B14: =COUNTIF('Contract Inventory'!L5:L54,"Active")
A15: Total Subcontractors | B15: =COUNTA('Subcontractor Approvals'!B5:B54)
A16: Active Critical Projects | B16: =COUNTIFS('Contract Inventory'!L5:L54,"Active",'Contract Inventory'!G5:G54,"Critical")
A17: SLA Compliance Rate | B17: =IF(COUNTA('SLA Compliance'!I5:I54)=0,"0%",ROUND(COUNTIF('SLA Compliance'!I5:I54,"Met")/COUNTA('SLA Compliance'!I5:I54)*100,1)&"%")
A18: Security Clauses Met | B18: =IF(COUNTA('Security Clauses'!D5:D54)=0,"0%",ROUND(COUNTIF('Security Clauses'!D5:D54,"Yes")/COUNTA('Security Clauses'!D5:D54)*100,1)&"%")
A19: Pending Terminations | B19: =COUNTIF('Termination Checklist'!E5:E54,"Pending")
A21: TABLE 3: CRITICAL FINDINGS
A22: # | B22: Finding | C22: Severity | D22: Affected Area | E22: Recommended Action | F22: Owner | G22: Due Date
A23: =COUNTIF('Contract Inventory'!L5:L54,"Terminated") | B23: Terminated Contracts Requiring Cleanup | C23: High | D23: Contract Inventory | E23: Review termination checklist completion
A24: =COUNTIF('Security Clauses'!D5:D54,"No") | B24: Missing Critical Security Clauses | C24: Critical | D24: Security Clauses | E24: Add required clauses to contracts
A25: =COUNTIF('SLA Compliance'!I5:I54,"Missed") | B25: SLA Compliance Failures | C25: High | D25: SLA Compliance | E25: Investigate SLA breaches
A26: =COUNTIF('Subcontractor Approvals'!I5:I54,"Pending") | B26: Pending Subcontractor Approvals | C26: Medium | D26: Subcontractor Approvals | E26: Complete subcontractor assessments
A27: =COUNTIF('Subcontractor Approvals'!I5:I54,"Rejected") | B27: Rejected Subcontractors | C27: Critical | D27: Subcontractor Approvals | E27: Remove access immediately
A28: =COUNTIF('Subcontractor Approvals'!H5:H54,"High") | B28: High-Risk Subcontractors | C28: High | D28: Subcontractor Approvals | E28: Enhanced monitoring required
A29: =COUNTIF('Subcontractor Approvals'!M5:M54,"No") | B29: Flow-Down Requirements Not Verified | C29: Medium | D29: Subcontractor Approvals | E29: Verify subcontractor compliance flow-down

Sheet Approval Sign-Off
A1: ASSESSMENT APPROVAL AND SIGN-OFF
A3: ASSESSMENT SUMMARY
A4: Document: | B4: ISMS-IMP-A.8.30.2 - Contract Compliance
A5: Assessment Period:
A6: Overall Compliance Rating: | B6: ='Summary Dashboard'!G10
A7: Assessment Status:
A8: Assessed By:
A11: COMPLETED BY (ASSESSOR)
A12: Name:
A13: Title:
A14: Date:
A15: Signature:
A16: Comments:
A18: REVIEWED BY (INFORMATION SECURITY OFFICER)
A19: Name:
A20: Title:
A21: Date:
... A38: Special Considerations:
