Workbook
Name Policy_ID_List: 'Policy Inventory'!$A$5:$A$54

Sheet Instructions & Legend
A1: ISMS-IMP-A.5.1-2-6.1-2.S1 - Policy Framework Assessment Workbook ISO/IEC 27001:2022 - Control A.5.1-2-6.1-2: Information Security Policies and Organisation
A3: Document Information
A4: Document ID | B4: ISMS-IMP-A.5.1-2-6.1-2.S1
A5: Workbook Title | B5: Policy Framework Assessment Workbook
A6: Control Reference | B6: ISO/IEC 27001:2022 - Control A.5.1-2-6.1-2: Information Security Policies and Organisation
A7: Version | B7: 1.0
A8: Assessment Date
A9: Completed By
A10: Organisation
A12: Instructions
A13: 1. Review the Dashboard (auto-calculated) for a high-level compliance overview.
A14: 2. Complete the Policy Inventory — list all information security policies with ownership and review dates.
A15: 3. Complete Lifecycle Compliance — verify approval, review cycle, and publication status per policy.
A16: 4. Complete Governance Assessment — confirm ownership, RACI accountability, and authority structures.
A17: 5. Complete Classification Review — verify classification levels and access control alignment.
A18: 6. Complete Communication Tracking — record policy acknowledgement rates and distribution evidence.
A19: 7. Complete Repository Assessment — verify policy repository accessibility and version control.
A20: 8. Review the Gap Analysis (auto-populated) — prioritise remediation by risk level.
... A25: Status Legend
A26: Symbol | B26: Status | C26: Description
A27: ✓ | B27: Compliant / Complete | C27: Requirement fully met
A28: ⚠ | B28: Partial / In Progress | C28: Partially met or in progress
A29: ✗ | B29: Non-Compliant / Not Started | C29: Requirement not met
A30: — | B30: Not Applicable | C30: Not applicable to this assessment

Sheet Policy Inventory
A1: POLICY INVENTORY
A2: Master list of all information security policies with metadata
A3: Policy ID | B3: Policy Title | C3: Policy Hierarchy Tier | D3: ISO Control Mapping | E3: Policy Owner | F3: Policy Approver | G3: Current Version | H3: Version Date | I3: Approval Date | J3: Last Review Date | K3: Next Review Date | L3: Review Frequency | M3: Policy Status | N3: Policy Classification | O3: Acknowledgment Required | P3: Acknowledgment Rate | Q3: Repository Location | R3: Related Documents | S3: Gap Identified | T3: Notes
A4: POL-EXAMPLE | B4: Information Security Policy (Example) | C4: Tier-1-Master | D4: A.5.1, A.5.2 | E4: Chief Information Security Officer | F4: Chief Executive Officer | G4: v2.0 | H4: 01.01.2025 | I4: 15.01.2025 | J4: 15.01.2026 | K4: 15.01.2027 | L4: Annual | M4: Active | N4: Internal | O4: Yes | P4: 0.92 | Q4: SharePoint/ISMS Repository | R4: ISMS-IMP-A.5.1 User Guide | S4: No-Gap | T4: Example entry — replace with your policy details

Sheet Lifecycle Compliance
A1: LIFECYCLE COMPLIANCE ASSESSMENT
A2: Verification of policy creation, approval, publication, review, and update processes
A4: Policy ID | B4: Policy Title | C4: Creation Process Followed | D4: Approval Valid | E4: Approval Documentation | F4: Publication Status | G4: Review Schedule Defined | H4: Review Status | I4: Last Review Evidence | J4: Version Control Practice | K4: Sunset Process | L4: Lifecycle Compliance Rating | M4: Gap Description | N4: Evidence Reference
A5: POL-EXAMPLE | B5: Information Security Policy (Example) | C5: Yes | D5: Yes | E5: Complete | F5: Published | G5: Yes | H5: Current | I5: Yes | J5: Good | K5: N/A | L5: Compliant | N5: Example — replace with actual lifecycle data
A6: =IF(ROW()-5<=COUNTA('Policy Inventory'!$A:$A)-4,INDEX('Policy Inventory'!$A:$A,ROW()-1),"") | B6: =IF(A6<>"",VLOOKUP(A6,'Policy Inventory'!$A:$B,2,FALSE),"") | H6: =IF(B6="","",IF(VLOOKUP(A6,'Policy Inventory'!$A:$K,11,FALSE)>=TODAY(),"Current",IF(VLOOKUP(A6,'Policy Inventory'!$A:$K,11,FALSE)>=TODAY()-30,"Overdue-<30-Days",IF(VLOOKUP(A6,'Policy Inventory'!$A:$K,11,FALSE)>=TODAY()-90,"Overdue-30-90-Days","Overdue->90-Days")))) | L6: =IF(B6="","",IF(AND(D6="Yes",E6="Complete",F6="Published",OR(H6="Current",H6="Overdue-<30-Days"),I6="Yes",J6<>"Poor"),"Compliant",IF(OR(D6="No",D6="Expired",E6="Missing",F6="Not-Published",H6="Overdue->90-Days"),"Non-Compliant","Partial")))
A7: =IF(ROW()-5<=COUNTA('Policy Inventory'!$A:$A)-4,INDEX('Policy Inventory'!$A:$A,ROW()-1),"") | B7: =IF(A7<>"",VLOOKUP(A7,'Policy Inventory'!$A:$B,2,FALSE),"") | H7: =IF(B7="","",IF(VLOOKUP(A7,'Policy Inventory'!$A:$K,11,FALSE)>=TODAY(),"Current",IF(VLOOKUP(A7,'Policy Inventory'!$A:$K,11,FALSE)>=TODAY()-30,"Overdue-<30-Days",IF(VLOOKUP(A7,'Policy Inventory'!$A:$K,11,FALSE)>=TODAY()-90,"Overdue-30-90-Days","Overdue->90-Days")))) | L7: =IF(B7="","",IF(AND(D7="Yes",E7="Complete",F7="Published",OR(H7="Current",H7="Overdue-<30-Days"),I7="Yes",J7<>"Poor"),"Compliant",IF(OR(D7="No",D7="Expired",E7="Missing",F7="Not-Published",H7="Overdue->90-Days"),"Non-Compliant","Partial")))
A8: =IF(ROW()-5<=COUNTA('Policy Inventory'!$A:$A)-4,INDEX('Policy Inventory'!$A:$A,ROW()-1),"") | B8: =IF(A8<>"",VLOOKUP(A8,'Policy Inventory'!$A:$B,2,FALSE),"") | H8: =IF(B8="","",IF(VLOOKUP(A8,'Policy Inventory'!$A:$K,11,FALSE)>=TODAY(),"Current",IF(VLOOKUP(A8,'Policy Inventory'!$A:$K,11,FALSE)>=TODAY()-30,"Overdue-<30-Days",IF(VLOOKUP(A8,'Policy Inventory'!$A:$K,11,FALSE)>=TODAY()-90,"Overdue-30-90-Days","Overdue->90-Days")))) | L8: =IF(B8="","",IF(AND(D8="Yes",E8="Complete",F8="Published",OR(H8="Current",H8="Overdue-<30-Days"),I8="Yes",J8<>"Poor"),"Compliant",IF(OR(D8="No",D8="Expired",E8="Missing",F8="Not-Published",H8="Overdue->90-Days"),"Non-Compliant","Partial")))
A9: =IF(ROW()-5<=COUNTA('Policy Inventory'!$A:$A)-4,INDEX('Policy Inventory'!$A:$A,ROW()-1),"") | B9: =IF(A9<>"",VLOOKUP(A9,'Policy Inventory'!$A:$B,2,FALSE),"") | H9: =IF(B9="","",IF(VLOOKUP(A9,'Policy Inventory'!$A:$K,11,FALSE)>=TODAY(),"Current",IF(VLOOKUP(A9,'Policy Inventory'!$A:$K,11,FALSE)>=TODAY()-30,"Overdue-<30-Days",IF(VLOOKUP(A9,'Policy Inventory'!$A:$K,11,FALSE)>=TODAY()-90,"Overdue-30-90-Days","Overdue->90-Days")))) | L9: =IF(B9="","",IF(AND(D9="Yes",E9="Complete",F9="Published",OR(H9="Current",H9="Overdue-<30-Days"),I9="Yes",J9<>"Poor"),"Compliant",IF(OR(D9="No",D9="Expired",E9="Missing",F9="Not-Published",H9="Overdue->90-Days"),"Non-Compliant","Partial")))
A10: =IF(ROW()-5<=COUNTA('Policy Inventory'!$A:$A)-4,INDEX('Policy Inventory'!$A:$A,ROW()-1),"") | B10: =IF(A10<>"",VLOOKUP(A10,'Policy Inventory'!$A:$B,2,FALSE),"") | H10: =IF(B10="","",IF(VLOOKUP(A10,'Policy Inventory'!$A:$K,11,FALSE)>=TODAY(),"Current",IF(VLOOKUP(A10,'Policy Inventory'!$A:$K,11,FALSE)>=TODAY()-30,"Overdue-<30-Days",IF(VLOOKUP(A10,'Policy Inventory'!$A:$K,11,FALSE)>=TODAY()-90,"Overdue-30-90-Days","Overdue->90-Days")))) | L10: =IF(B10="","",IF(AND(D10="Yes",E10="Complete",F10="Published",OR(H10="Current",H10="Overdue-<30-Days"),I10="Yes",J10<>"Poor"),"Compliant",IF(OR(D10="No",D10="Expired",E10="Missing",F10="Not-Published",H10="Overdue->90-Days"),"Non-Compliant","Partial")))
A11: =IF(ROW()-5<=COUNTA('Policy Inventory'!$A:$A)-4,INDEX('Policy Inventory'!$A:$A,ROW()-1),"") | B11: =IF(A11<>"",VLOOKUP(A11,'Policy Inventory'!$A:$B,2,FALSE),"") | H11: =IF(B11="","",IF(VLOOKUP(A11,'Policy Inventory'!$A:$K,11,FALSE)>=TODAY(),"Current",IF(VLOOKUP(A11,'Policy Inventory'!$A:$K,11,FALSE)>=TODAY()-30,"Overdue-<30-Days",IF(VLOOKUP(A11,'Policy Inventory'!$A:$K,11,FALSE)>=TODAY()-90,"Overdue-30-90-Days","Overdue->90-Days")))) | L11: =IF(B11="","",IF(AND(D11="Yes",E11="Complete",F11="Published",OR(H11="Current",H11="Overdue-<30-Days"),I11="Yes",J11<>"Poor"),"Compliant",IF(OR(D11="No",D11="Expired",E11="Missing",F11="Not-Published",H11="Overdue->90-Days"),"Non-Compliant","Partial")))
A12: =IF(ROW()-5<=COUNTA('Policy Inventory'!$A:$A)-4,INDEX('Policy Inventory'!$A:$A,ROW()-1),"") | B12: =IF(A12<>"",VLOOKUP(A12,'Policy Inventory'!$A:$B,2,FALSE),"") | H12: =IF(B12="","",IF(VLOOKUP(A12,'Policy Inventory'!$A:$K,11,FALSE)>=TODAY(),"Current",IF(VLOOKUP(A12,'Policy Inventory'!$A:$K,11,FALSE)>=TODAY()-30,"Overdue-<30-Days",IF(VLOOKUP(A12,'Policy Inventory'!$A:$K,11,FALSE)>=TODAY()-90,"Overdue-30-90-Days","Overdue->90-Days")))) | L12: =IF(B12="","",IF(AND(D12="Yes",E12="Complete",F12="Published",OR(H12="Current",H12="Overdue-<30-Days"),I12="Yes",J12<>"Poor"),"Compliant",IF(OR(D12="No",D12="Expired",E12="Missing",F12="Not-Published",H12="Overdue->90-Days"),"Non-Compliant","Partial")))
A13: =IF(ROW()-5<=COUNTA('Policy Inventory'!$A:$A)-4,INDEX('Policy Inventory'!$A:$A,ROW()-1),"") | B13: =IF(A13<>"",VLOOKUP(A13,'Policy Inventory'!$A:$B,2,FALSE),"") | H13: =IF(B13="","",IF(VLOOKUP(A13,'Policy Inventory'!$A:$K,11,FALSE)>=TODAY(),"Current",IF(VLOOKUP(A13,'Policy Inventory'!$A:$K,11,FALSE)>=TODAY()-30,"Overdue-<30-Days",IF(VLOOKUP(A13,'Policy Inventory'!$A:$K,11,FALSE)>=TODAY()-90,"Overdue-30-90-Days","Overdue->90-Days")))) | L13: =IF(B13="","",IF(AND(D13="Yes",E13="Complete",F13="Published",OR(H13="Current",H13="Overdue-<30-Days"),I13="Yes",J13<>"Poor"),"Compliant",IF(OR(D13="No",D13="Expired",E13="Missing",F13="Not-Published",H13="Overdue->90-Days"),"Non-Compliant","Partial")))
A14: =IF(ROW()-5<=COUNTA('Policy Inventory'!$A:$A)-4,INDEX('Policy Inventory'!$A:$A,ROW()-1),"") | B14: =IF(A14<>"",VLOOKUP(A14,'Policy Inventory'!$A:$B,2,FALSE),"") | H14: =IF(B14="","",IF(VLOOKUP(A14,'Policy Inventory'!$A:$K,11,FALSE)>=TODAY(),"Current",IF(VLOOKUP(A14,'Policy Inventory'!$A:$K,11,FALSE)>=TODAY()-30,"Overdue-<30-Days",IF(VLOOKUP(A14,'Policy Inventory'!$A:$K,11,FALSE)>=TODAY()-90,"Overdue-30-90-Days","Overdue->90-Days")))) | L14: =IF(B14="","",IF(AND(D14="Yes",E14="Complete",F14="Published",OR(H14="Current",H14="Overdue-<30-Days"),I14="Yes",J14<>"Poor"),"Compliant",IF(OR(D14="No",D14="Expired",E14="Missing",F14="Not-Published",H14="Overdue->90-Days"),"Non-Compliant","Partial")))
A15: =IF(ROW()-5<=COUNTA('Policy Inventory'!$A:$A)-4,INDEX('Policy Inventory'!$A:$A,ROW()-1),"") | B15: =IF(A15<>"",VLOOKUP(A15,'Policy Inventory'!$A:$B,2,FALSE),"") | H15: =IF(B15="","",IF(VLOOKUP(A15,'Policy Inventory'!$A:$K,11,FALSE)>=TODAY(),"Current",IF(VLOOKUP(A15,'Policy Inventory'!$A:$K,11,FALSE)>=TODAY()-30,"Overdue-<30-Days",IF(VLOOKUP(A15,'Policy Inventory'!$A:$K,11,FALSE)>=TODAY()-90,"Overdue-30-90-Days","Overdue->90-Days")))) | L15: =IF(B15="","",IF(AND(D15="Yes",E15="Complete",F15="Published",OR(H15="Current",H15="Overdue-<30-Days"),I15="Yes",J15<>"Poor"),"Compliant",IF(OR(D15="No",D15="Expired",E15="Missing",F15="Not-Published",H15="Overdue->90-Days"),"Non-Compliant","Partial")))
A16: =IF(ROW()-5<=COUNTA('Policy Inventory'!$A:$A)-4,INDEX('Policy Inventory'!$A:$A,ROW()-1),"") | B16: =IF(A16<>"",VLOOKUP(A16,'Policy Inventory'!$A:$B,2,FALSE),"") | H16: =IF(B16="","",IF(VLOOKUP(A16,'Policy Inventory'!$A:$K,11,FALSE)>=TODAY(),"Current",IF(VLOOKUP(A16,'Policy Inventory'!$A:$K,11,FALSE)>=TODAY()-30,"Overdue-<30-Days",IF(VLOOKUP(A16,'Policy Inventory'!$A:$K,11,FALSE)>=TODAY()-90,"Overdue-30-90-Days","Overdue->90-Days")))) | L16: =IF(B16="","",IF(AND(D16="Yes",E16="Complete",F16="Published",OR(H16="Current",H16="Overdue-<30-Days"),I16="Yes",J16<>"Poor"),"Compliant",IF(OR(D16="No",D16="Expired",E16="Missing",F16="Not-Published",H16="Overdue->90-Days"),"Non-Compliant","Partial")))
A17: =IF(ROW()-5<=COUNTA('Policy Inventory'!$A:$A)-4,INDEX('Policy Inventory'!$A:$A,ROW()-1),"") | B17: =IF(A17<>"",VLOOKUP(A17,'Policy Inventory'!$A:$B,2,FALSE),"") | H17: =IF(B17="","",IF(VLOOKUP(A17,'Policy Inventory'!$A:$K,11,FALSE)>=TODAY(),"Current",IF(VLOOKUP(A17,'Policy Inventory'!$A:$K,11,FALSE)>=TODAY()-30,"Overdue-<30-Days",IF(VLOOKUP(A17,'Policy Inventory'!$A:$K,11,FALSE)>=TODAY()-90,"Overdue-30-90-Days","Overdue->90-Days")))) | L17: =IF(B17="","",IF(AND(D17="Yes",E17="Complete",F17="Published",OR(H17="Current",H17="Overdue-<30-Days"),I17="Yes",J17<>"Poor"),"Compliant",IF(OR(D17="No",D17="Expired",E17="Missing",F17="Not-Published",H17="Overdue->90-Days"),"Non-Compliant","Partial")))
... A155: =IF(ROW()-5<=COUNTA('Policy Inventory'!$A:$A)-4,INDEX('Policy Inventory'!$A:$A,ROW()-1),"") | B155: =IF(A155<>"",VLOOKUP(A155,'Policy Inventory'!$A:$B,2,FALSE),"") | H155: =IF(B155="","",IF(VLOOKUP(A155,'Policy Inventory'!$A:$K,11,FALSE)>=TODAY(),"Current",IF(VLOOKUP(A155,'Policy Inventory'!$A:$K,11,FALSE)>=TODAY()-30,"Overdue-<30-Days",IF(VLOOKUP(A155,'Policy Inventory'!$A:$K,11,FALSE)>=TODAY()-90,"Overdue-30-90-Days","Overdue->90-Days")))) | L155: =IF(B155="","",IF(AND(D155="Yes",E155="Complete",F155="Published",OR(H155="Current",H155="Overdue-<30-Days"),I155="Yes",J155<>"Poor"),"Compliant",IF(OR(D155="No",D155="Expired",E155="Missing",F155="Not-Published",H155="Overdue->90-Days"),"Non-Compliant","Partial")))

Sheet Governance Assessment
A1: GOVERNANCE ASSESSMENT
A2: Ownership, accountability, approval authority, and RACI verification
A4: Policy ID | B4: Policy Title | C4: Policy Hierarchy Tier | D4: Owner Assigned | E4: Owner Name Role | F4: Owner Accountability Clear | G4: Approver Assigned | H4: Approver Name Role | I4: Approval Authority Appropriate | J4: RACI Defined | K4: Governance Documentation | L4: Escalation Path Clear | M4: Governance Compliance Rating | N4: Gap Description | O4: Evidence Reference
A5: POL-EXAMPLE | B5: Information Security Policy (Example) | C5: Tier-1-Master | D5: Yes | E5: Chief Information Security Officer | F5: Yes | G5: Yes | H5: Chief Executive Officer | I5: Yes | J5: Yes | K5: Complete | L5: Yes | M5: Compliant | O5: Example — replace with actual governance data
A6: =IF(ROW()-5<=COUNTA('Policy Inventory'!$A:$A)-4,INDEX('Policy Inventory'!$A:$A,ROW()-1),"") | B6: =IF(A6<>"",VLOOKUP(A6,'Policy Inventory'!$A:$B,2,FALSE),"") | C6: =IF(A6<>"",VLOOKUP(A6,'Policy Inventory'!$A:$C,3,FALSE),"") | D6: =IF(A6="","",IF(VLOOKUP(A6,'Policy Inventory'!$A:$E,5,FALSE)<>"","Yes","No")) | E6: =IF(A6<>"",VLOOKUP(A6,'Policy Inventory'!$A:$E,5,FALSE),"") | G6: =IF(A6="","",IF(VLOOKUP(A6,'Policy Inventory'!$A:$F,6,FALSE)<>"","Yes","No")) | H6: =IF(A6<>"",VLOOKUP(A6,'Policy Inventory'!$A:$F,6,FALSE),"") | M6: =IF(B6="","",IF(AND(D6="Yes",G6="Yes",I6="Yes",K6="Complete",L6="Yes"),"Compliant",IF(OR(D6="No",G6="No",I6="Insufficient",K6="Missing"),"Non-Compliant","Partial")))
A7: =IF(ROW()-5<=COUNTA('Policy Inventory'!$A:$A)-4,INDEX('Policy Inventory'!$A:$A,ROW()-1),"") | B7: =IF(A7<>"",VLOOKUP(A7,'Policy Inventory'!$A:$B,2,FALSE),"") | C7: =IF(A7<>"",VLOOKUP(A7,'Policy Inventory'!$A:$C,3,FALSE),"") | D7: =IF(A7="","",IF(VLOOKUP(A7,'Policy Inventory'!$A:$E,5,FALSE)<>"","Yes","No")) | E7: =IF(A7<>"",VLOOKUP(A7,'Policy Inventory'!$A:$E,5,FALSE),"") | G7: =IF(A7="","",IF(VLOOKUP(A7,'Policy Inventory'!$A:$F,6,FALSE)<>"","Yes","No")) | H7: =IF(A7<>"",VLOOKUP(A7,'Policy Inventory'!$A:$F,6,FALSE),"") | M7: =IF(B7="","",IF(AND(D7="Yes",G7="Yes",I7="Yes",K7="Complete",L7="Yes"),"Compliant",IF(OR(D7="No",G7="No",I7="Insufficient",K7="Missing"),"Non-Compliant","Partial")))
A8: =IF(ROW()-5<=COUNTA('Policy Inventory'!$A:$A)-4,INDEX('Policy Inventory'!$A:$A,ROW()-1),"") | B8: =IF(A8<>"",VLOOKUP(A8,'Policy Inventory'!$A:$B,2,FALSE),"") | C8: =IF(A8<>"",VLOOKUP(A8,'Policy Inventory'!$A:$C,3,FALSE),"") | D8: =IF(A8="","",IF(VLOOKUP(A8,'Policy Inventory'!$A:$E,5,FALSE)<>"","Yes","No")) | E8: =IF(A8<>"",VLOOKUP(A8,'Policy Inventory'!$A:$E,5,FALSE),"") | G8: =IF(A8="","",IF(VLOOKUP(A8,'Policy Inventory'!$A:$F,6,FALSE)<>"","Yes","No")) | H8: =IF(A8<>"",VLOOKUP(A8,'Policy Inventory'!$A:$F,6,FALSE),"") | M8: =IF(B8="","",IF(AND(D8="Yes",G8="Yes",I8="Yes",K8="Complete",L8="Yes"),"Compliant",IF(OR(D8="No",G8="No",I8="Insufficient",K8="Missing"),"Non-Compliant","Partial")))
A9: =IF(ROW()-5<=COUNTA('Policy Inventory'!$A:$A)-4,INDEX('Policy Inventory'!$A:$A,ROW()-1),"") | B9: =IF(A9<>"",VLOOKUP(A9,'Policy Inventory'!$A:$B,2,FALSE),"") | C9: =IF(A9<>"",VLOOKUP(A9,'Policy Inventory'!$A:$C,3,FALSE),"") | D9: =IF(A9="","",IF(VLOOKUP(A9,'Policy Inventory'!$A:$E,5,FALSE)<>"","Yes","No")) | E9: =IF(A9<>"",VLOOKUP(A9,'Policy Inventory'!$A:$E,5,FALSE),"") | G9: =IF(A9="","",IF(VLOOKUP(A9,'Policy Inventory'!$A:$F,6,FALSE)<>"","Yes","No")) | H9: =IF(A9<>"",VLOOKUP(A9,'Policy Inventory'!$A:$F,6,FALSE),"") | M9: =IF(B9="","",IF(AND(D9="Yes",G9="Yes",I9="Yes",K9="Complete",L9="Yes"),"Compliant",IF(OR(D9="No",G9="No",I9="Insufficient",K9="Missing"),"Non-Compliant","Partial")))
A10: =IF(ROW()-5<=COUNTA('Policy Inventory'!$A:$A)-4,INDEX('Policy Inventory'!$A:$A,ROW()-1),"") | B10: =IF(A10<>"",VLOOKUP(A10,'Policy Inventory'!$A:$B,2,FALSE),"") | C10: =IF(A10<>"",VLOOKUP(A10,'Policy Inventory'!$A:$C,3,FALSE),"") | D10: =IF(A10="","",IF(VLOOKUP(A10,'Policy Inventory'!$A:$E,5,FALSE)<>"","Yes","No")) | E10: =IF(A10<>"",VLOOKUP(A10,'Policy Inventory'!$A:$E,5,FALSE),"") | G10: =IF(A10="","",IF(VLOOKUP(A10,'Policy Inventory'!$A:$F,6,FALSE)<>"","Yes","No")) | H10: =IF(A10<>"",VLOOKUP(A10,'Policy Inventory'!$A:$F,6,FALSE),"") | M10: =IF(B10="","",IF(AND(D10="Yes",G10="Yes",I10="Yes",K10="Complete",L10="Yes"),"Compliant",IF(OR(D10="No",G10="No",I10="Insufficient",K10="Missing"),"Non-Compliant","Partial")))
A11: =IF(ROW()-5<=COUNTA('Policy Inventory'!$A:$A)-4,INDEX('Policy Inventory'!$A:$A,ROW()-1),"") | B11: =IF(A11<>"",VLOOKUP(A11,'Policy Inventory'!$A:$B,2,FALSE),"") | C11: =IF(A11<>"",VLOOKUP(A11,'Policy Inventory'!$A:$C,3,FALSE),"") | D11: =IF(A11="","",IF(VLOOKUP(A11,'Policy Inventory'!$A:$E,5,FALSE)<>"","Yes","No")) | E11: =IF(A11<>"",VLOOKUP(A11,'Policy Inventory'!$A:$E,5,FALSE),"") | G11: =IF(A11="","",IF(VLOOKUP(A11,'Policy Inventory'!$A:$F,6,FALSE)<>"","Yes","No")) | H11: =IF(A11<>"",VLOOKUP(A11,'Policy Inventory'!$A:$F,6,FALSE),"") | M11: =IF(B11="","",IF(AND(D11="Yes",G11="Yes",I11="Yes",K11="Complete",L11="Yes"),"Compliant",IF(OR(D11="No",G11="No",I11="Insufficient",K11="Missing"),"Non-Compliant","Partial")))
A12: =IF(ROW()-5<=COUNTA('Policy Inventory'!$A:$A)-4,INDEX('Policy Inventory'!$A:$A,ROW()-1),"") | B12: =IF(A12<>"",VLOOKUP(A12,'Policy Inventory'!$A:$B,2,FALSE),"") | C12: =IF(A12<>"",VLOOKUP(A12,'Policy Inventory'!$A:$C,3,FALSE),"") | D12: =IF(A12="","",IF(VLOOKUP(A12,'Policy Inventory'!$A:$E,5,FALSE)<>"","Yes","No")) | E12: =IF(A12<>"",VLOOKUP(A12,'Policy Inventory'!$A:$E,5,FALSE),"") | G12: =IF(A12="","",IF(VLOOKUP(A12,'Policy Inventory'!$A:$F,6,FALSE)<>"","Yes","No")) | H12: =IF(A12<>"",VLOOKUP(A12,'Policy Inventory'!$A:$F,6,FALSE),"") | M12: =IF(B12="","",IF(AND(D12="Yes",G12="Yes",I12="Yes",K12="Complete",L12="Yes"),"Compliant",IF(OR(D12="No",G12="No",I12="Insufficient",K12="Missing"),"Non-Compliant","Partial")))
A13: =IF(ROW()-5<=COUNTA('Policy Inventory'!$A:$A)-4,INDEX('Policy Inventory'!$A:$A,ROW()-1),"") | B13: =IF(A13<>"",VLOOKUP(A13,'Policy Inventory'!$A:$B,2,FALSE),"") | C13: =IF(A13<>"",VLOOKUP(A13,'Policy Inventory'!$A:$C,3,FALSE),"") | D13: =IF(A13="","",IF(VLOOKUP(A13,'Policy Inventory'!$A:$E,5,FALSE)<>"","Yes","No")) | E13: =IF(A13<>"",VLOOKUP(A13,'Policy Inventory'!$A:$E,5,FALSE),"") | G13: =IF(A13="","",IF(VLOOKUP(A13,'Policy Inventory'!$A:$F,6,FALSE)<>"","Yes","No")) | H13: =IF(A13<>"",VLOOKUP(A13,'Policy Inventory'!$A:$F,6,FALSE),"") | M13: =IF(B13="","",IF(AND(D13="Yes",G13="Yes",I13="Yes",K13="Complete",L13="Yes"),"Compliant",IF(OR(D13="No",G13="No",I13="Insufficient",K13="Missing"),"Non-Compliant","Partial")))
A14: =IF(ROW()-5<=COUNTA('Policy Inventory'!$A:$A)-4,INDEX('Policy Inventory'!$A:$A,ROW()-1),"") | B14: =IF(A14<>"",VLOOKUP(A14,'Policy Inventory'!$A:$B,2,FALSE),"") | C14: =IF(A14<>"",VLOOKUP(A14,'Policy Inventory'!$A:$C,3,FALSE),"") | D14: =IF(A14="","",IF(VLOOKUP(A14,'Policy Inventory'!$A:$E,5,FALSE)<>"","Yes","No")) | E14: =IF(A14<>"",VLOOKUP(A14,'Policy Inventory'!$A:$E,5,FALSE),"") | G14: =IF(A14="","",IF(VLOOKUP(A14,'Policy Inventory'!$A:$F,6,FALSE)<>"","Yes","No")) | H14: =IF(A14<>"",VLOOKUP(A14,'Policy Inventory'!$A:$F,6,FALSE),"") | M14: =IF(B14="","",IF(AND(D14="Yes",G14="Yes",I14="Yes",K14="Complete",L14="Yes"),"Compliant",IF(OR(D14="No",G14="No",I14="Insufficient",K14="Missing"),"Non-Compliant","Partial")))
A15: =IF(ROW()-5<=COUNTA('Policy Inventory'!$A:$A)-4,INDEX('Policy Inventory'!$A:$A,ROW()-1),"") | B15: =IF(A15<>"",VLOOKUP(A15,'Policy Inventory'!$A:$B,2,FALSE),"") | C15: =IF(A15<>"",VLOOKUP(A15,'Policy Inventory'!$A:$C,3,FALSE),"") | D15: =IF(A15="","",IF(VLOOKUP(A15,'Policy Inventory'!$A:$E,5,FALSE)<>"","Yes","No")) | E15: =IF(A15<>"",VLOOKUP(A15,'Policy Inventory'!$A:$E,5,FALSE),"") | G15: =IF(A15="","",IF(VLOOKUP(A15,'Policy Inventory'!$A:$F,6,FALSE)<>"","Yes","No")) | H15: =IF(A15<>"",VLOOKUP(A15,'Policy Inventory'!$A:$F,6,FALSE),"") | M15: =IF(B15="","",IF(AND(D15="Yes",G15="Yes",I15="Yes",K15="Complete",L15="Yes"),"Compliant",IF(OR(D15="No",G15="No",I15="Insufficient",K15="Missing"),"Non-Compliant","Partial")))
A16: =IF(ROW()-5<=COUNTA('Policy Inventory'!$A:$A)-4,INDEX('Policy Inventory'!$A:$A,ROW()-1),"") | B16: =IF(A16<>"",VLOOKUP(A16,'Policy Inventory'!$A:$B,2,FALSE),"") | C16: =IF(A16<>"",VLOOKUP(A16,'Policy Inventory'!$A:$C,3,FALSE),"") | D16: =IF(A16="","",IF(VLOOKUP(A16,'Policy Inventory'!$A:$E,5,FALSE)<>"","Yes","No")) | E16: =IF(A16<>"",VLOOKUP(A16,'Policy Inventory'!$A:$E,5,FALSE),"") | G16: =IF(A16="","",IF(VLOOKUP(A16,'Policy Inventory'!$A:$F,6,FALSE)<>"","Yes","No")) | H16: =IF(A16<>"",VLOOKUP(A16,'Policy Inventory'!$A:$F,6,FALSE),"") | M16: =IF(B16="","",IF(AND(D16="Yes",G16="Yes",I16="Yes",K16="Complete",L16="Yes"),"Compliant",IF(OR(D16="No",G16="No",I16="Insufficient",K16="Missing"),"Non-Compliant","Partial")))
A17: =IF(ROW()-5<=COUNTA('Policy Inventory'!$A:$A)-4,INDEX('Policy Inventory'!$A:$A,ROW()-1),"") | B17: =IF(A17<>"",VLOOKUP(A17,'Policy Inventory'!$A:$B,2,FALSE),"") | C17: =IF(A17<>"",VLOOKUP(A17,'Policy Inventory'!$A:$C,3,FALSE),"") | D17: =IF(A17="","",IF(VLOOKUP(A17,'Policy Inventory'!$A:$E,5,FALSE)<>"","Yes","No")) | E17: =IF(A17<>"",VLOOKUP(A17,'Policy Inventory'!$A:$E,5,FALSE),"") | G17: =IF(A17="","",IF(VLOOKUP(A17,'Policy Inventory'!$A:$F,6,FALSE)<>"","Yes","No")) | H17: =IF(A17<>"",VLOOKUP(A17,'Policy Inventory'!$A:$F,6,FALSE),"") | M17: =IF(B17="","",IF(AND(D17="Yes",G17="Yes",I17="Yes",K17="Complete",L17="Yes"),"Compliant",IF(OR(D17="No",G17="No",I17="Insufficient",K17="Missing"),"Non-Compliant","Partial")))
... A155: =IF(ROW()-5<=COUNTA('Policy Inventory'!$A:$A)-4,INDEX('Policy Inventory'!$A:$A,ROW()-1),"") | B155: =IF(A155<>"",VLOOKUP(A155,'Policy Inventory'!$A:$B,2,FALSE),"") | C155: =IF(A155<>"",VLOOKUP(A155,'Policy Inventory'!$A:$C,3,FALSE),"") | D155: =IF(A155="","",IF(VLOOKUP(A155,'Policy Inventory'!$A:$E,5,FALSE)<>"","Yes","No")) | E155: =IF(A155<>"",VLOOKUP(A155,'Policy Inventory'!$A:$E,5,FALSE),"") | G155: =IF(A155="","",IF(VLOOKUP(A155,'Policy Inventory'!$A:$F,6,FALSE)<>"","Yes","No")) | H155: =IF(A155<>"",VLOOKUP(A155,'Policy Inventory'!$A:$F,6,FALSE),"") | M155: =IF(B155="","",IF(AND(D155="Yes",G155="Yes",I155="Yes",K155="Complete",L155="Yes"),"Compliant",IF(OR(D155="No",G155="No",I155="Insufficient",K155="Missing"),"Non-Compliant","Partial")))

Sheet Classification Review
A1: CLASSIFICATION REVIEW
A2: Policy classification appropriateness and access control verification
A4: Policy ID | B4: Policy Title | C4: Current Classification | D4: Classification Appropriate | E4: Content Sensitivity Assessment | F4: Access Controls Implemented | G4: Distribution Restrictions | H4: Classification Marking | I4: Classification Review Date | J4: Classification Compliance Rating | K4: Gap Description | L4: Evidence Reference
A5: POL-EXAMPLE | B5: Information Security Policy (Example) | C5: Internal | D5: Yes | E5: Medium | F5: Yes | G5: Yes | H5: Yes | I5: 01.01.2026 | J5: Compliant | L5: Example — replace with actual classification data
A6: =IF(ROW()-5<=COUNTA('Policy Inventory'!$A:$A)-4,INDEX('Policy Inventory'!$A:$A,ROW()-1),"") | B6: =IF(A6<>"",VLOOKUP(A6,'Policy Inventory'!$A:$B,2,FALSE),"") | C6: =IF(A6<>"",VLOOKUP(A6,'Policy Inventory'!$A:$N,14,FALSE),"") | J6: =IF(B6="","",IF(AND(D6="Yes",F6="Yes",H6="Yes"),"Compliant",IF(OR(D6="No",F6="No",H6="No"),"Non-Compliant","Partial")))
A7: =IF(ROW()-5<=COUNTA('Policy Inventory'!$A:$A)-4,INDEX('Policy Inventory'!$A:$A,ROW()-1),"") | B7: =IF(A7<>"",VLOOKUP(A7,'Policy Inventory'!$A:$B,2,FALSE),"") | C7: =IF(A7<>"",VLOOKUP(A7,'Policy Inventory'!$A:$N,14,FALSE),"") | J7: =IF(B7="","",IF(AND(D7="Yes",F7="Yes",H7="Yes"),"Compliant",IF(OR(D7="No",F7="No",H7="No"),"Non-Compliant","Partial")))
A8: =IF(ROW()-5<=COUNTA('Policy Inventory'!$A:$A)-4,INDEX('Policy Inventory'!$A:$A,ROW()-1),"") | B8: =IF(A8<>"",VLOOKUP(A8,'Policy Inventory'!$A:$B,2,FALSE),"") | C8: =IF(A8<>"",VLOOKUP(A8,'Policy Inventory'!$A:$N,14,FALSE),"") | J8: =IF(B8="","",IF(AND(D8="Yes",F8="Yes",H8="Yes"),"Compliant",IF(OR(D8="No",F8="No",H8="No"),"Non-Compliant","Partial")))
A9: =IF(ROW()-5<=COUNTA('Policy Inventory'!$A:$A)-4,INDEX('Policy Inventory'!$A:$A,ROW()-1),"") | B9: =IF(A9<>"",VLOOKUP(A9,'Policy Inventory'!$A:$B,2,FALSE),"") | C9: =IF(A9<>"",VLOOKUP(A9,'Policy Inventory'!$A:$N,14,FALSE),"") | J9: =IF(B9="","",IF(AND(D9="Yes",F9="Yes",H9="Yes"),"Compliant",IF(OR(D9="No",F9="No",H9="No"),"Non-Compliant","Partial")))
A10: =IF(ROW()-5<=COUNTA('Policy Inventory'!$A:$A)-4,INDEX('Policy Inventory'!$A:$A,ROW()-1),"") | B10: =IF(A10<>"",VLOOKUP(A10,'Policy Inventory'!$A:$B,2,FALSE),"") | C10: =IF(A10<>"",VLOOKUP(A10,'Policy Inventory'!$A:$N,14,FALSE),"") | J10: =IF(B10="","",IF(AND(D10="Yes",F10="Yes",H10="Yes"),"Compliant",IF(OR(D10="No",F10="No",H10="No"),"Non-Compliant","Partial")))
A11: =IF(ROW()-5<=COUNTA('Policy Inventory'!$A:$A)-4,INDEX('Policy Inventory'!$A:$A,ROW()-1),"") | B11: =IF(A11<>"",VLOOKUP(A11,'Policy Inventory'!$A:$B,2,FALSE),"") | C11: =IF(A11<>"",VLOOKUP(A11,'Policy Inventory'!$A:$N,14,FALSE),"") | J11: =IF(B11="","",IF(AND(D11="Yes",F11="Yes",H11="Yes"),"Compliant",IF(OR(D11="No",F11="No",H11="No"),"Non-Compliant","Partial")))
A12: =IF(ROW()-5<=COUNTA('Policy Inventory'!$A:$A)-4,INDEX('Policy Inventory'!$A:$A,ROW()-1),"") | B12: =IF(A12<>"",VLOOKUP(A12,'Policy Inventory'!$A:$B,2,FALSE),"") | C12: =IF(A12<>"",VLOOKUP(A12,'Policy Inventory'!$A:$N,14,FALSE),"") | J12: =IF(B12="","",IF(AND(D12="Yes",F12="Yes",H12="Yes"),"Compliant",IF(OR(D12="No",F12="No",H12="No"),"Non-Compliant","Partial")))
A13: =IF(ROW()-5<=COUNTA('Policy Inventory'!$A:$A)-4,INDEX('Policy Inventory'!$A:$A,ROW()-1),"") | B13: =IF(A13<>"",VLOOKUP(A13,'Policy Inventory'!$A:$B,2,FALSE),"") | C13: =IF(A13<>"",VLOOKUP(A13,'Policy Inventory'!$A:$N,14,FALSE),"") | J13: =IF(B13="","",IF(AND(D13="Yes",F13="Yes",H13="Yes"),"Compliant",IF(OR(D13="No",F13="No",H13="No"),"Non-Compliant","Partial")))
A14: =IF(ROW()-5<=COUNTA('Policy Inventory'!$A:$A)-4,INDEX('Policy Inventory'!$A:$A,ROW()-1),"") | B14: =IF(A14<>"",VLOOKUP(A14,'Policy Inventory'!$A:$B,2,FALSE),"") | C14: =IF(A14<>"",VLOOKUP(A14,'Policy Inventory'!$A:$N,14,FALSE),"") | J14: =IF(B14="","",IF(AND(D14="Yes",F14="Yes",H14="Yes"),"Compliant",IF(OR(D14="No",F14="No",H14="No"),"Non-Compliant","Partial")))
A15: =IF(ROW()-5<=COUNTA('Policy Inventory'!$A:$A)-4,INDEX('Policy Inventory'!$A:$A,ROW()-1),"") | B15: =IF(A15<>"",VLOOKUP(A15,'Policy Inventory'!$A:$B,2,FALSE),"") | C15: =IF(A15<>"",VLOOKUP(A15,'Policy Inventory'!$A:$N,14,FALSE),"") | J15: =IF(B15="","",IF(AND(D15="Yes",F15="Yes",H15="Yes"),"Compliant",IF(OR(D15="No",F15="No",H15="No"),"Non-Compliant","Partial")))
A16: =IF(ROW()-5<=COUNTA('Policy Inventory'!$A:$A)-4,INDEX('Policy Inventory'!$A:$A,ROW()-1),"") | B16: =IF(A16<>"",VLOOKUP(A16,'Policy Inventory'!$A:$B,2,FALSE),"") | C16: =IF(A16<>"",VLOOKUP(A16,'Policy Inventory'!$A:$N,14,FALSE),"") | J16: =IF(B16="","",IF(AND(D16="Yes",F16="Yes",H16="Yes"),"Compliant",IF(OR(D16="No",F16="No",H16="No"),"Non-Compliant","Partial")))
A17: =IF(ROW()-5<=COUNTA('Policy Inventory'!$A:$A)-4,INDEX('Policy Inventory'!$A:$A,ROW()-1),"") | B17: =IF(A17<>"",VLOOKUP(A17,'Policy Inventory'!$A:$B,2,FALSE),"") | C17: =IF(A17<>"",VLOOKUP(A17,'Policy Inventory'!$A:$N,14,FALSE),"") | J17: =IF(B17="","",IF(AND(D17="Yes",F17="Yes",H17="Yes"),"Compliant",IF(OR(D17="No",F17="No",H17="No"),"Non-Compliant","Partial")))
... A155: =IF(ROW()-5<=COUNTA('Policy Inventory'!$A:$A)-4,INDEX('Policy Inventory'!$A:$A,ROW()-1),"") | B155: =IF(A155<>"",VLOOKUP(A155,'Policy Inventory'!$A:$B,2,FALSE),"") | C155: =IF(A155<>"",VLOOKUP(A155,'Policy Inventory'!$A:$N,14,FALSE),"") | J155: =IF(B155="","",IF(AND(D155="Yes",F155="Yes",H155="Yes"),"Compliant",IF(OR(D155="No",F155="No",H155="No"),"Non-Compliant","Partial")))

Sheet Communication Tracking
A1: COMMUNICATION TRACKING
A2: Policy publication, acknowledgment, and training integration verification
A4: Policy ID | B4: Policy Title | C4: Acknowledgment Required | D4: Target Audience | E4: Publication Date | F4: Publication Method | G4: Accessibility Verified | H4: Acknowledgment Mechanism | I4: Acknowledgment Rate | J4: Acknowledgment Timeframe | K4: Non Acknowledgment Follow Up | L4: Training Integration | M4: User Feedback Mechanism | N4: Communication Compliance Rating | O4: Gap Description | P4: Evidence Reference
A5: POL-EXAMPLE | B5: Information Security Policy (Example) | C5: Yes | D5: All Staff | E5: 01.01.2025 | F5: SharePoint + Email Announcement | G5: Yes | H5: LMS | I5: 0.92 | J5: 30-Days | K5: Yes | L5: Yes | M5: Yes | N5: Compliant | P5: Example — replace with actual communication data
A6: =IF(ROW()-5<=COUNTA('Policy Inventory'!$A:$A)-4,INDEX('Policy Inventory'!$A:$A,ROW()-1),"") | B6: =IF(A6<>"",VLOOKUP(A6,'Policy Inventory'!$A:$B,2,FALSE),"") | C6: =IF(A6<>"",VLOOKUP(A6,'Policy Inventory'!$A:$O,15,FALSE),"") | I6: =IF(A6="","",VLOOKUP(A6,'Policy Inventory'!$A:$P,16,FALSE)) | N6: =IF(B6="","",IF(AND(G6="Yes",OR(C6="No",AND(C6<>"No",I6>=0.9)),L6<>"No"),"Compliant",IF(OR(G6="No",AND(C6<>"No",I6<0.7)),"Non-Compliant","Partial")))
A7: =IF(ROW()-5<=COUNTA('Policy Inventory'!$A:$A)-4,INDEX('Policy Inventory'!$A:$A,ROW()-1),"") | B7: =IF(A7<>"",VLOOKUP(A7,'Policy Inventory'!$A:$B,2,FALSE),"") | C7: =IF(A7<>"",VLOOKUP(A7,'Policy Inventory'!$A:$O,15,FALSE),"") | I7: =IF(A7="","",VLOOKUP(A7,'Policy Inventory'!$A:$P,16,FALSE)) | N7: =IF(B7="","",IF(AND(G7="Yes",OR(C7="No",AND(C7<>"No",I7>=0.9)),L7<>"No"),"Compliant",IF(OR(G7="No",AND(C7<>"No",I7<0.7)),"Non-Compliant","Partial")))
A8: =IF(ROW()-5<=COUNTA('Policy Inventory'!$A:$A)-4,INDEX('Policy Inventory'!$A:$A,ROW()-1),"") | B8: =IF(A8<>"",VLOOKUP(A8,'Policy Inventory'!$A:$B,2,FALSE),"") | C8: =IF(A8<>"",VLOOKUP(A8,'Policy Inventory'!$A:$O,15,FALSE),"") | I8: =IF(A8="","",VLOOKUP(A8,'Policy Inventory'!$A:$P,16,FALSE)) | N8: =IF(B8="","",IF(AND(G8="Yes",OR(C8="No",AND(C8<>"No",I8>=0.9)),L8<>"No"),"Compliant",IF(OR(G8="No",AND(C8<>"No",I8<0.7)),"Non-Compliant","Partial")))
A9: =IF(ROW()-5<=COUNTA('Policy Inventory'!$A:$A)-4,INDEX('Policy Inventory'!$A:$A,ROW()-1),"") | B9: =IF(A9<>"",VLOOKUP(A9,'Policy Inventory'!$A:$B,2,FALSE),"") | C9: =IF(A9<>"",VLOOKUP(A9,'Policy Inventory'!$A:$O,15,FALSE),"") | I9: =IF(A9="","",VLOOKUP(A9,'Policy Inventory'!$A:$P,16,FALSE)) | N9: =IF(B9="","",IF(AND(G9="Yes",OR(C9="No",AND(C9<>"No",I9>=0.9)),L9<>"No"),"Compliant",IF(OR(G9="No",AND(C9<>"No",I9<0.7)),"Non-Compliant","Partial")))
A10: =IF(ROW()-5<=COUNTA('Policy Inventory'!$A:$A)-4,INDEX('Policy Inventory'!$A:$A,ROW()-1),"") | B10: =IF(A10<>"",VLOOKUP(A10,'Policy Inventory'!$A:$B,2,FALSE),"") | C10: =IF(A10<>"",VLOOKUP(A10,'Policy Inventory'!$A:$O,15,FALSE),"") | I10: =IF(A10="","",VLOOKUP(A10,'Policy Inventory'!$A:$P,16,FALSE)) | N10: =IF(B10="","",IF(AND(G10="Yes",OR(C10="No",AND(C10<>"No",I10>=0.9)),L10<>"No"),"Compliant",IF(OR(G10="No",AND(C10<>"No",I10<0.7)),"Non-Compliant","Partial")))
A11: =IF(ROW()-5<=COUNTA('Policy Inventory'!$A:$A)-4,INDEX('Policy Inventory'!$A:$A,ROW()-1),"") | B11: =IF(A11<>"",VLOOKUP(A11,'Policy Inventory'!$A:$B,2,FALSE),"") | C11: =IF(A11<>"",VLOOKUP(A11,'Policy Inventory'!$A:$O,15,FALSE),"") | I11: =IF(A11="","",VLOOKUP(A11,'Policy Inventory'!$A:$P,16,FALSE)) | N11: =IF(B11="","",IF(AND(G11="Yes",OR(C11="No",AND(C11<>"No",I11>=0.9)),L11<>"No"),"Compliant",IF(OR(G11="No",AND(C11<>"No",I11<0.7)),"Non-Compliant","Partial")))
A12: =IF(ROW()-5<=COUNTA('Policy Inventory'!$A:$A)-4,INDEX('Policy Inventory'!$A:$A,ROW()-1),"") | B12: =IF(A12<>"",VLOOKUP(A12,'Policy Inventory'!$A:$B,2,FALSE),"") | C12: =IF(A12<>"",VLOOKUP(A12,'Policy Inventory'!$A:$O,15,FALSE),"") | I12: =IF(A12="","",VLOOKUP(A12,'Policy Inventory'!$A:$P,16,FALSE)) | N12: =IF(B12="","",IF(AND(G12="Yes",OR(C12="No",AND(C12<>"No",I12>=0.9)),L12<>"No"),"Compliant",IF(OR(G12="No",AND(C12<>"No",I12<0.7)),"Non-Compliant","Partial")))
A13: =IF(ROW()-5<=COUNTA('Policy Inventory'!$A:$A)-4,INDEX('Policy Inventory'!$A:$A,ROW()-1),"") | B13: =IF(A13<>"",VLOOKUP(A13,'Policy Inventory'!$A:$B,2,FALSE),"") | C13: =IF(A13<>"",VLOOKUP(A13,'Policy Inventory'!$A:$O,15,FALSE),"") | I13: =IF(A13="","",VLOOKUP(A13,'Policy Inventory'!$A:$P,16,FALSE)) | N13: =IF(B13="","",IF(AND(G13="Yes",OR(C13="No",AND(C13<>"No",I13>=0.9)),L13<>"No"),"Compliant",IF(OR(G13="No",AND(C13<>"No",I13<0.7)),"Non-Compliant","Partial")))
A14: =IF(ROW()-5<=COUNTA('Policy Inventory'!$A:$A)-4,INDEX('Policy Inventory'!$A:$A,ROW()-1),"") | B14: =IF(A14<>"",VLOOKUP(A14,'Policy Inventory'!$A:$B,2,FALSE),"") | C14: =IF(A14<>"",VLOOKUP(A14,'Policy Inventory'!$A:$O,15,FALSE),"") | I14: =IF(A14="","",VLOOKUP(A14,'Policy Inventory'!$A:$P,16,FALSE)) | N14: =IF(B14="","",IF(AND(G14="Yes",OR(C14="No",AND(C14<>"No",I14>=0.9)),L14<>"No"),"Compliant",IF(OR(G14="No",AND(C14<>"No",I14<0.7)),"Non-Compliant","Partial")))
A15: =IF(ROW()-5<=COUNTA('Policy Inventory'!$A:$A)-4,INDEX('Policy Inventory'!$A:$A,ROW()-1),"") | B15: =IF(A15<>"",VLOOKUP(A15,'Policy Inventory'!$A:$B,2,FALSE),"") | C15: =IF(A15<>"",VLOOKUP(A15,'Policy Inventory'!$A:$O,15,FALSE),"") | I15: =IF(A15="","",VLOOKUP(A15,'Policy Inventory'!$A:$P,16,FALSE)) | N15: =IF(B15="","",IF(AND(G15="Yes",OR(C15="No",AND(C15<>"No",I15>=0.9)),L15<>"No"),"Compliant",IF(OR(G15="No",AND(C15<>"No",I15<0.7)),"Non-Compliant","Partial")))
A16: =IF(ROW()-5<=COUNTA('Policy Inventory'!$A:$A)-4,INDEX('Policy Inventory'!$A:$A,ROW()-1),"") | B16: =IF(A16<>"",VLOOKUP(A16,'Policy Inventory'!$A:$B,2,FALSE),"") | C16: =IF(A16<>"",VLOOKUP(A16,'Policy Inventory'!$A:$O,15,FALSE),"") | I16: =IF(A16="","",VLOOKUP(A16,'Policy Inventory'!$A:$P,16,FALSE)) | N16: =IF(B16="","",IF(AND(G16="Yes",OR(C16="No",AND(C16<>"No",I16>=0.9)),L16<>"No"),"Compliant",IF(OR(G16="No",AND(C16<>"No",I16<0.7)),"Non-Compliant","Partial")))
A17: =IF(ROW()-5<=COUNTA('Policy Inventory'!$A:$A)-4,INDEX('Policy Inventory'!$A:$A,ROW()-1),"") | B17: =IF(A17<>"",VLOOKUP(A17,'Policy Inventory'!$A:$B,2,FALSE),"") | C17: =IF(A17<>"",VLOOKUP(A17,'Policy Inventory'!$A:$O,15,FALSE),"") | I17: =IF(A17="","",VLOOKUP(A17,'Policy Inventory'!$A:$P,16,FALSE)) | N17: =IF(B17="","",IF(AND(G17="Yes",OR(C17="No",AND(C17<>"No",I17>=0.9)),L17<>"No"),"Compliant",IF(OR(G17="No",AND(C17<>"No",I17<0.7)),"Non-Compliant","Partial")))
... A155: =IF(ROW()-5<=COUNTA('Policy Inventory'!$A:$A)-4,INDEX('Policy Inventory'!$A:$A,ROW()-1),"") | B155: =IF(A155<>"",VLOOKUP(A155,'Policy Inventory'!$A:$B,2,FALSE),"") | C155: =IF(A155<>"",VLOOKUP(A155,'Policy Inventory'!$A:$O,15,FALSE),"") | I155: =IF(A155="","",VLOOKUP(A155,'Policy Inventory'!$A:$P,16,FALSE)) | N155: =IF(B155="","",IF(AND(G155="Yes",OR(C155="No",AND(C155<>"No",I155>=0.9)),L155<>"No"),"Compliant",IF(OR(G155="No",AND(C155<>"No",I155<0.7)),"Non-Compliant","Partial")))

Sheet Repository Assessment
A1: REPOSITORY ASSESSMENT
A2: Policy repository structure, organisation, access, and performance
A5: What system is used for policy repository?
A6: What is the primary repository location?
A7: How is repository organised?
A8: How easy is it to find policies?
A9: Is search functionality available?
A10: How are policy versions managed?
A11: Can users access previous versions?
A12: Are access controls implemented?
A13: Is policy access logged?
A14: Are policies accessible from mobile?
... A19: What is repository availability?
A20: Overall repository compliance? | B20: =IF(AND(B7<>"Unorganised",B8<>"Poor",B9<>"None",B10<>"No-Versioning",B12="Yes",B16="Yes"),"Compliant",IF(OR(B7="Unorganised",B8="Poor",B10="No-Versioning",B12="No",B16="No"),"Non-Compliant","Partial"))
A21: Describe any repository gaps
A22: Where is repository evidence?

Sheet Gap Analysis
A1: GAP ANALYSIS
A2: Consolidated gaps from all assessment domains with risk levels and remediation plans
A4: Gap ID | B4: Policy ID | C4: Policy Title | D4: Gap Category | E4: Gap Description | F4: Risk Level | G4: Impact Assessment | H4: Affected Stakeholders | I4: Remediation Action | J4: Responsible Party | K4: Target Completion Date | L4: Estimated Effort | M4: Dependencies | N4: Status | O4: Completion Evidence | P4: Risk Acceptance
A5: GAP-EXAMPLE | B5: POL-001 | C5: Information Security Policy (Example) | D5: Lifecycle | E5: Policy has not been reviewed in 18 months (example) | F5: High | G5: Regulatory non-compliance risk (example) | H5: CISO, Legal | I5: Schedule annual review and update policy (example) | J5: Policy Owner | K5: 30.06.2026 | L5: 1day | M5: None | N5: Not-Started | P5: Example — replace with actual gap data
A6: =IF(B6="","",TEXT(ROW()-5,"GAP-000"))
A7: =IF(B7="","",TEXT(ROW()-5,"GAP-000"))
A8: =IF(B8="","",TEXT(ROW()-5,"GAP-000"))
A9: =IF(B9="","",TEXT(ROW()-5,"GAP-000"))
A10: =IF(B10="","",TEXT(ROW()-5,"GAP-000"))
A11: =IF(B11="","",TEXT(ROW()-5,"GAP-000"))
A12: =IF(B12="","",TEXT(ROW()-5,"GAP-000"))
A13: =IF(B13="","",TEXT(ROW()-5,"GAP-000"))
A14: =IF(B14="","",TEXT(ROW()-5,"GAP-000"))
A15: =IF(B15="","",TEXT(ROW()-5,"GAP-000"))
A16: =IF(B16="","",TEXT(ROW()-5,"GAP-000"))
A17: =IF(B17="","",TEXT(ROW()-5,"GAP-000"))
... A105: =IF(B105="","",TEXT(ROW()-5,"GAP-000"))

Sheet Evidence Register
A1: EVIDENCE REGISTER
A2: ISMS-IMP-A.5.1-2-6.1-2.S1 — Policy Framework Assessment Workbook
A4: Evidence ID | B4: Evidence Type | C4: Description | D4: Related Control / Section | E4: Collection Date (DD.MM.YYYY) | F4: Storage Location / Reference | G4: Collected By | H4: Status
A5: EV-001 | B5: Document | C5: Sample evidence entry — replace with actual evidence | D5: All Controls | E5: 01.01.2026 | F5: SharePoint/ISMS/Evidence/ | G5: ISMS Team | H5: Active

Sheet Action Items
A1: ACTION ITEMS
A2: Remediation tracking for identified gaps
A4: Action ID | B4: Related Gap ID | C4: Action Description | D4: Priority | E4: Owner | F4: Target Date | G4: Status | H4: Progress % | I4: Last Update Date | J4: Last Update Notes | K4: Blocking Issues | L4: Escalation Required | M4: Escalation To
A5: ACT-EXAMPLE | B5: GAP-EXAMPLE | C5: Schedule annual review and update policy (example) | D5: High | E5: Policy Owner | F5: 30.06.2026 | G5: Not-Started | H5: 0 | I5: 01.01.2026 | J5: Action created (example) | K5: None | L5: No
A6: =IF('Gap Analysis'!A6="","",SUBSTITUTE('Gap Analysis'!A6,"GAP","ACT")) | B6: ='Gap Analysis'!A6 | C6: =IF('Gap Analysis'!I6<>"",'Gap Analysis'!I6,"") | D6: =IF('Gap Analysis'!F6<>"",'Gap Analysis'!F6,"") | E6: =IF('Gap Analysis'!J6<>"",'Gap Analysis'!J6,"") | F6: =IF('Gap Analysis'!K6<>"",'Gap Analysis'!K6,"") | G6: =IF('Gap Analysis'!N6<>"",'Gap Analysis'!N6,"")
A7: =IF('Gap Analysis'!A7="","",SUBSTITUTE('Gap Analysis'!A7,"GAP","ACT")) | B7: ='Gap Analysis'!A7 | C7: =IF('Gap Analysis'!I7<>"",'Gap Analysis'!I7,"") | D7: =IF('Gap Analysis'!F7<>"",'Gap Analysis'!F7,"") | E7: =IF('Gap Analysis'!J7<>"",'Gap Analysis'!J7,"") | F7: =IF('Gap Analysis'!K7<>"",'Gap Analysis'!K7,"") | G7: =IF('Gap Analysis'!N7<>"",'Gap Analysis'!N7,"")
A8: =IF('Gap Analysis'!A8="","",SUBSTITUTE('Gap Analysis'!A8,"GAP","ACT")) | B8: ='Gap Analysis'!A8 | C8: =IF('Gap Analysis'!I8<>"",'Gap Analysis'!I8,"") | D8: =IF('Gap Analysis'!F8<>"",'Gap Analysis'!F8,"") | E8: =IF('Gap Analysis'!J8<>"",'Gap Analysis'!J8,"") | F8: =IF('Gap Analysis'!K8<>"",'Gap Analysis'!K8,"") | G8: =IF('Gap Analysis'!N8<>"",'Gap Analysis'!N8,"")
A9: =IF('Gap Analysis'!A9="","",SUBSTITUTE('Gap Analysis'!A9,"GAP","ACT")) | B9: ='Gap Analysis'!A9 | C9: =IF('Gap Analysis'!I9<>"",'Gap Analysis'!I9,"") | D9: =IF('Gap Analysis'!F9<>"",'Gap Analysis'!F9,"") | E9: =IF('Gap Analysis'!J9<>"",'Gap Analysis'!J9,"") | F9: =IF('Gap Analysis'!K9<>"",'Gap Analysis'!K9,"") | G9: =IF('Gap Analysis'!N9<>"",'Gap Analysis'!N9,"")
A10: =IF('Gap Analysis'!A10="","",SUBSTITUTE('Gap Analysis'!A10,"GAP","ACT")) | B10: ='Gap Analysis'!A10 | C10: =IF('Gap Analysis'!I10<>"",'Gap Analysis'!I10,"") | D10: =IF('Gap Analysis'!F10<>"",'Gap Analysis'!F10,"") | E10: =IF('Gap Analysis'!J10<>"",'Gap Analysis'!J10,"") | F10: =IF('Gap Analysis'!K10<>"",'Gap Analysis'!K10,"") | G10: =IF('Gap Analysis'!N10<>"",'Gap Analysis'!N10,"")
A11: =IF('Gap Analysis'!A11="","",SUBSTITUTE('Gap Analysis'!A11,"GAP","ACT")) | B11: ='Gap Analysis'!A11 | C11: =IF('Gap Analysis'!I11<>"",'Gap Analysis'!I11,"") | D11: =IF('Gap Analysis'!F11<>"",'Gap Analysis'!F11,"") | E11: =IF('Gap Analysis'!J11<>"",'Gap Analysis'!J11,"") | F11: =IF('Gap Analysis'!K11<>"",'Gap Analysis'!K11,"") | G11: =IF('Gap Analysis'!N11<>"",'Gap Analysis'!N11,"")
A12: =IF('Gap Analysis'!A12="","",SUBSTITUTE('Gap Analysis'!A12,"GAP","ACT")) | B12: ='Gap Analysis'!A12 | C12: =IF('Gap Analysis'!I12<>"",'Gap Analysis'!I12,"") | D12: =IF('Gap Analysis'!F12<>"",'Gap Analysis'!F12,"") | E12: =IF('Gap Analysis'!J12<>"",'Gap Analysis'!J12,"") | F12: =IF('Gap Analysis'!K12<>"",'Gap Analysis'!K12,"") | G12: =IF('Gap Analysis'!N12<>"",'Gap Analysis'!N12,"")
A13: =IF('Gap Analysis'!A13="","",SUBSTITUTE('Gap Analysis'!A13,"GAP","ACT")) | B13: ='Gap Analysis'!A13 | C13: =IF('Gap Analysis'!I13<>"",'Gap Analysis'!I13,"") | D13: =IF('Gap Analysis'!F13<>"",'Gap Analysis'!F13,"") | E13: =IF('Gap Analysis'!J13<>"",'Gap Analysis'!J13,"") | F13: =IF('Gap Analysis'!K13<>"",'Gap Analysis'!K13,"") | G13: =IF('Gap Analysis'!N13<>"",'Gap Analysis'!N13,"")
A14: =IF('Gap Analysis'!A14="","",SUBSTITUTE('Gap Analysis'!A14,"GAP","ACT")) | B14: ='Gap Analysis'!A14 | C14: =IF('Gap Analysis'!I14<>"",'Gap Analysis'!I14,"") | D14: =IF('Gap Analysis'!F14<>"",'Gap Analysis'!F14,"") | E14: =IF('Gap Analysis'!J14<>"",'Gap Analysis'!J14,"") | F14: =IF('Gap Analysis'!K14<>"",'Gap Analysis'!K14,"") | G14: =IF('Gap Analysis'!N14<>"",'Gap Analysis'!N14,"")
A15: =IF('Gap Analysis'!A15="","",SUBSTITUTE('Gap Analysis'!A15,"GAP","ACT")) | B15: ='Gap Analysis'!A15 | C15: =IF('Gap Analysis'!I15<>"",'Gap Analysis'!I15,"") | D15: =IF('Gap Analysis'!F15<>"",'Gap Analysis'!F15,"") | E15: =IF('Gap Analysis'!J15<>"",'Gap Analysis'!J15,"") | F15: =IF('Gap Analysis'!K15<>"",'Gap Analysis'!K15,"") | G15: =IF('Gap Analysis'!N15<>"",'Gap Analysis'!N15,"")
A16: =IF('Gap Analysis'!A16="","",SUBSTITUTE('Gap Analysis'!A16,"GAP","ACT")) | B16: ='Gap Analysis'!A16 | C16: =IF('Gap Analysis'!I16<>"",'Gap Analysis'!I16,"") | D16: =IF('Gap Analysis'!F16<>"",'Gap Analysis'!F16,"") | E16: =IF('Gap Analysis'!J16<>"",'Gap Analysis'!J16,"") | F16: =IF('Gap Analysis'!K16<>"",'Gap Analysis'!K16,"") | G16: =IF('Gap Analysis'!N16<>"",'Gap Analysis'!N16,"")
A17: =IF('Gap Analysis'!A17="","",SUBSTITUTE('Gap Analysis'!A17,"GAP","ACT")) | B17: ='Gap Analysis'!A17 | C17: =IF('Gap Analysis'!I17<>"",'Gap Analysis'!I17,"") | D17: =IF('Gap Analysis'!F17<>"",'Gap Analysis'!F17,"") | E17: =IF('Gap Analysis'!J17<>"",'Gap Analysis'!J17,"") | F17: =IF('Gap Analysis'!K17<>"",'Gap Analysis'!K17,"") | G17: =IF('Gap Analysis'!N17<>"",'Gap Analysis'!N17,"")
... A55: =IF('Gap Analysis'!A55="","",SUBSTITUTE('Gap Analysis'!A55,"GAP","ACT")) | B55: ='Gap Analysis'!A55 | C55: =IF('Gap Analysis'!I55<>"",'Gap Analysis'!I55,"") | D55: =IF('Gap Analysis'!F55<>"",'Gap Analysis'!F55,"") | E55: =IF('Gap Analysis'!J55<>"",'Gap Analysis'!J55,"") | F55: =IF('Gap Analysis'!K55<>"",'Gap Analysis'!K55,"") | G55: =IF('Gap Analysis'!N55<>"",'Gap Analysis'!N55,"")

Sheet Summary Dashboard
A1: POLICY FRAMEWORK ASSESSMENT — SUMMARY DASHBOARD
A2: ISO/IEC 27001:2022 | Control A.5.1-2 | Policy framework compliance status and governance overview
A4: TABLE 1: POLICY STATUS DISTRIBUTION
A5: Policy Inventory — Column M (Policy Status), rows 5:54
A6: Status | B6: Count | C6: % of Total
A7: Active | B7: =COUNTIF('Policy Inventory'!M5:M54,"Active") | C7: =IF($B$12=0,"—",TEXT(B7/$B$12,"0.0%"))
A8: Draft | B8: =COUNTIF('Policy Inventory'!M5:M54,"Draft") | C8: =IF($B$12=0,"—",TEXT(B8/$B$12,"0.0%"))
A9: Under-Review | B9: =COUNTIF('Policy Inventory'!M5:M54,"Under-Review") | C9: =IF($B$12=0,"—",TEXT(B9/$B$12,"0.0%"))
A10: Retired | B10: =COUNTIF('Policy Inventory'!M5:M54,"Retired") | C10: =IF($B$12=0,"—",TEXT(B10/$B$12,"0.0%"))
A11: Superseded | B11: =COUNTIF('Policy Inventory'!M5:M54,"Superseded") | C11: =IF($B$12=0,"—",TEXT(B11/$B$12,"0.0%"))
A12: TOTAL | B12: =SUM(B7:B11) | C12: —
A14: TABLE 2: KEY METRICS
A15: KPI Metric | B15: Value | C15: Notes
A16: Total Policies Registered | B16: =COUNTA('Policy Inventory'!A5:A54) | C16: All policies catalogued in Policy Inventory
A17: Active Policies | B17: =COUNTIF('Policy Inventory'!M5:M54,"Active") | C17: Policies with Active status
A18: Policies Under Review | B18: =COUNTIF('Policy Inventory'!M5:M54,"Under-Review") | C18: Policies currently under review — confirm progress
A19: Draft Policies | B19: =COUNTIF('Policy Inventory'!M5:M54,"Draft") | C19: Draft policies not yet published or approved
A20: Critical Gaps Identified | B20: =COUNTIF('Gap Analysis'!F6:F105,"Critical") | C20: Critical-risk gaps in Gap Analysis sheet
A21: Open Remediation Actions | B21: =COUNTIF('Gap Analysis'!N6:N105,"Not-Started")+COUNTIF('Gap Analysis'!N6:N105,"In-Progress") | C21: Gaps not yet resolved (Not-Started + In-Progress)
A23: TABLE 3: CRITICAL FINDINGS
A24: Finding | B24: Count | C24: Action Required
A25: Policies with Critical Gap | B25: =COUNTIF('Policy Inventory'!S5:S54,"Critical-Gap") | C25: Review and remediate policies flagged as Critical-Gap in column S
A26: Retired or Superseded Policies | B26: =COUNTIF('Policy Inventory'!M5:M54,"Retired")+COUNTIF('Policy Inventory'!M5:M54,"Superseded") | C26: Confirm retired/superseded policies are archived and no longer in use
A27: Policies Under Review (overdue check) | B27: =COUNTIF('Policy Inventory'!M5:M54,"Under-Review") | C27: Confirm all Under-Review policies have an assigned owner and target date

Sheet Approval Sign-Off
A1: ASSESSMENT APPROVAL AND SIGN-OFF
A2: ISO/IEC 27001:2022 - Control A.5.1-2-6.1-2: Information Security Policies and Organisation
A3: ASSESSMENT SUMMARY
A4: Document: | B4: ISMS-IMP-A.5.1-2-6.1-2.S1 - Policy Framework Assessment Workbook
A5: Assessment Period:
A6: Overall Compliance Rating: | B6: =IFERROR(AVERAGE('Summary Dashboard'!G7:G11),"")
A7: Assessment Status:
A8: Assessed By:
A11: COMPLETED BY (ASSESSOR)
A12: Name:
A13: Title:
A14: Date:
A15: Signature:
A16: Comments:
A18: REVIEWED BY (INFORMATION SECURITY OFFICER)
A19: Name:
A20: Title:
A21: Date:
... A38: Special Considerations:
