Workbook
Name Template_ID_List: 'Contract Template Assessment'!$A$5:$A$54
Name Employee_ID_List: 'Personnel Contract Compliance'!$A$5:$A$54

Sheet Instructions & Legend
A1: ISMS-IMP-A.5.1-2-6.1-2.S4 - Employment Contract Assessment ISO/IEC 27001:2022 - Control A.5.1-2-6.1-2: Secure Employment and Roles
A3: Document Information
A4: Document ID | B4: ISMS-IMP-A.5.1-2-6.1-2.S4
A5: Workbook Title | B5: Employment Contract Assessment
A6: Control Reference | B6: ISO/IEC 27001:2022 - Control A.5.1-2-6.1-2: Secure Employment and Roles
A7: Version | B7: 1.0
A8: Assessment Date
A9: Completed By
A10: Organisation
A12: Instructions
A13: 1. Review the Dashboard (auto-calculated) for a high-level contractual compliance overview.
A14: 2. Complete the Contract Inventory — list all employment and contractor agreements with security clauses.
A15: 3. Complete Security Clause Verification — confirm NDA, acceptable use, data handling, and incident reporting clauses.
A16: 4. Complete the Onboarding Checklist — verify security briefing, system access provisioning, and device assignment.
A17: 5. Complete the Offboarding Checklist — verify access revocation, device return, and exit interview completion.
A18: 6. Complete the Change Management Register — track contract amendments triggered by role or access changes.
A19: 7. Review the Gap Analysis (auto-populated) — identify missing clauses or unsigned agreements.
A20: 8. Attach audit evidence in the Evidence Register (EV-xxx references).
... A24: Status Legend
A25: Symbol | B25: Status | C25: Description
A26: ✓ | B26: Compliant / Complete | C26: Requirement fully met
A27: ⚠ | B27: Partial / In Progress | C27: Partially met or in progress
A28: ✗ | B28: Non-Compliant / Not Started | C28: Requirement not met
A29: — | B29: Not Applicable | C29: Not applicable to this assessment

Sheet Contract Template Assessment
A1: CONTRACT TEMPLATE ASSESSMENT
A2: Verification of employment contract templates for security clause completeness
A3: Template ID | B3: Template Name | C3: Template Type | D3: Personnel Category | E3: Current Version | F3: Version Date | G3: Last Review Date | H3: Next Review Date | I3: Security Clauses Count | J3: Required Clauses Met | K3: Legal Review Date | L3: Legal Approved | M3: Compliance Status | N3: Notes
A4: CTA-EXAMPLE | B4: Standard Employment Contract | C4: Employee-Permanent | D4: All-Personnel | E4: v2.1 | F4: 01.01.2025 | G4: 15.01.2026 | H4: 15.01.2027 | I4: 15 | J4: Yes | K4: 15.01.2026 | L4: Yes | M4: Compliant | N4: Example entry — replace with your contract template details
M5: =IF(B5="","",IF(AND(J5="Yes",L5="Yes",H5>=TODAY()),"Compliant",IF(OR(J5="No",L5="No"),"Non-Compliant","Partial")))
M6: =IF(B6="","",IF(AND(J6="Yes",L6="Yes",H6>=TODAY()),"Compliant",IF(OR(J6="No",L6="No"),"Non-Compliant","Partial")))
M7: =IF(B7="","",IF(AND(J7="Yes",L7="Yes",H7>=TODAY()),"Compliant",IF(OR(J7="No",L7="No"),"Non-Compliant","Partial")))
M8: =IF(B8="","",IF(AND(J8="Yes",L8="Yes",H8>=TODAY()),"Compliant",IF(OR(J8="No",L8="No"),"Non-Compliant","Partial")))
M9: =IF(B9="","",IF(AND(J9="Yes",L9="Yes",H9>=TODAY()),"Compliant",IF(OR(J9="No",L9="No"),"Non-Compliant","Partial")))
M10: =IF(B10="","",IF(AND(J10="Yes",L10="Yes",H10>=TODAY()),"Compliant",IF(OR(J10="No",L10="No"),"Non-Compliant","Partial")))
M11: =IF(B11="","",IF(AND(J11="Yes",L11="Yes",H11>=TODAY()),"Compliant",IF(OR(J11="No",L11="No"),"Non-Compliant","Partial")))
M12: =IF(B12="","",IF(AND(J12="Yes",L12="Yes",H12>=TODAY()),"Compliant",IF(OR(J12="No",L12="No"),"Non-Compliant","Partial")))
M13: =IF(B13="","",IF(AND(J13="Yes",L13="Yes",H13>=TODAY()),"Compliant",IF(OR(J13="No",L13="No"),"Non-Compliant","Partial")))
M14: =IF(B14="","",IF(AND(J14="Yes",L14="Yes",H14>=TODAY()),"Compliant",IF(OR(J14="No",L14="No"),"Non-Compliant","Partial")))
M15: =IF(B15="","",IF(AND(J15="Yes",L15="Yes",H15>=TODAY()),"Compliant",IF(OR(J15="No",L15="No"),"Non-Compliant","Partial")))
M16: =IF(B16="","",IF(AND(J16="Yes",L16="Yes",H16>=TODAY()),"Compliant",IF(OR(J16="No",L16="No"),"Non-Compliant","Partial")))
... M54: =IF(B54="","",IF(AND(J54="Yes",L54="Yes",H54>=TODAY()),"Compliant",IF(OR(J54="No",L54="No"),"Non-Compliant","Partial")))

Sheet Required Clause Registry
A1: REQUIRED CLAUSE REGISTRY
A2: Master list of required security clauses with template coverage verification
A4: Clause ID | B4: Clause Category | C4: Clause Title | D4: Clause Description | E4: ISO 27001 Reference | F4: Legal Requirement | G4: Mandatory For | H4: Coverage Status | I4: Templates With Clause | J4: Gap If Missing | K4: Last Verified | L4: Notes
A5: RC-01 | B5: Confidentiality | C5: Confidentiality and Non-Disclosure | D5: Employee agrees to maintain confidentiality of all company information | E5: A.5.1, A.6.2 | F5: Employment Law
A6: RC-02 | B6: Confidentiality | C6: Non-Disclosure Agreement Reference | D6: Reference to standalone NDA or embedded NDA terms | E6: A.6.2 | F6: Employment Law
A7: RC-03 | B7: IP Rights | C7: Intellectual Property Assignment | D7: All work product IP belongs to the organisation | E7: A.5.1 | F7: IP Law
A8: RC-04 | B8: IP Rights | C8: Invention Assignment | D8: Employee assigns rights to inventions created during employment | E8: A.5.1 | F8: Patent Law
A9: RC-05 | B9: Security | C9: Information Security Responsibilities | D9: Employee responsibilities for information security | E9: A.6.2 | F9: ISMS Policy
A10: RC-06 | B10: Security | C10: Acceptable Use Agreement Reference | D10: Reference to or acknowledgment of acceptable use policy | E10: A.5.10 | F10: ISMS Policy
A11: RC-07 | B11: Security | C11: Access Control Acknowledgment | D11: Agreement to comply with access control policies | E11: A.5.15 | F11: ISMS Policy
A12: RC-08 | B12: Security | C12: Password/Authentication Requirements | D12: Agreement to follow authentication policies | E12: A.5.17 | F12: ISMS Policy
A13: RC-09 | B13: Post-Employment | C13: Return of Assets | D13: Obligation to return all company assets upon termination | E13: A.6.5 | F13: Employment Law
A14: RC-10 | B14: Post-Employment | C14: Post-Employment Confidentiality | D14: Confidentiality obligations continue after termination | E14: A.6.5 | F14: Contract Law
A15: RC-11 | B15: Post-Employment | C15: Non-Compete Clause | D15: Restrictions on competing employment if applicable | E15: A.6.5 | F15: Contract Law
A16: RC-12 | B16: Post-Employment | C16: Non-Solicitation Clause | D16: Restrictions on soliciting employees/clients | E16: A.6.5 | F16: Contract Law
... A24: RC-20 | B24: Monitoring | C24: Monitoring Acknowledgment | D24: Acknowledgment of workplace/IT monitoring practices | E24: A.8.15 | F24: Employment Law

Sheet Personnel Contract Compliance
A1: PERSONNEL CONTRACT COMPLIANCE
A2: Individual employee contract verification and compliance tracking
A3: Employee ID | B3: Employee Name | C3: Department | D3: Role Title | E3: Employment Type | F3: Start Date | G3: Contract Template Used | H3: Contract Signed | I3: Contract Date | J3: Contract On File | K3: All Clauses Present | L3: Screening Complete | M3: Background Check Date | N3: Compliance Status | O3: Notes
A4: EMP-EXAMPLE | B4: Jane Smith (Example) | C4: Information Security | D4: Information Security Manager | E4: Permanent | F4: 01.03.2024 | G4: Standard Employment Contract v2.1 | H4: Yes | I4: 01.03.2024 | J4: Yes | K4: Yes | L4: Yes | M4: 01.02.2024 | N4: Compliant | O4: Example entry — replace with your personnel contract records
N5: =IF(B5="","",IF(AND(H5="Yes",J5="Yes",K5="Yes",L5="Yes"),"Compliant",IF(OR(H5="No",J5="No",L5="No"),"Non-Compliant","Partial")))
N6: =IF(B6="","",IF(AND(H6="Yes",J6="Yes",K6="Yes",L6="Yes"),"Compliant",IF(OR(H6="No",J6="No",L6="No"),"Non-Compliant","Partial")))
N7: =IF(B7="","",IF(AND(H7="Yes",J7="Yes",K7="Yes",L7="Yes"),"Compliant",IF(OR(H7="No",J7="No",L7="No"),"Non-Compliant","Partial")))
N8: =IF(B8="","",IF(AND(H8="Yes",J8="Yes",K8="Yes",L8="Yes"),"Compliant",IF(OR(H8="No",J8="No",L8="No"),"Non-Compliant","Partial")))
N9: =IF(B9="","",IF(AND(H9="Yes",J9="Yes",K9="Yes",L9="Yes"),"Compliant",IF(OR(H9="No",J9="No",L9="No"),"Non-Compliant","Partial")))
N10: =IF(B10="","",IF(AND(H10="Yes",J10="Yes",K10="Yes",L10="Yes"),"Compliant",IF(OR(H10="No",J10="No",L10="No"),"Non-Compliant","Partial")))
N11: =IF(B11="","",IF(AND(H11="Yes",J11="Yes",K11="Yes",L11="Yes"),"Compliant",IF(OR(H11="No",J11="No",L11="No"),"Non-Compliant","Partial")))
N12: =IF(B12="","",IF(AND(H12="Yes",J12="Yes",K12="Yes",L12="Yes"),"Compliant",IF(OR(H12="No",J12="No",L12="No"),"Non-Compliant","Partial")))
N13: =IF(B13="","",IF(AND(H13="Yes",J13="Yes",K13="Yes",L13="Yes"),"Compliant",IF(OR(H13="No",J13="No",L13="No"),"Non-Compliant","Partial")))
N14: =IF(B14="","",IF(AND(H14="Yes",J14="Yes",K14="Yes",L14="Yes"),"Compliant",IF(OR(H14="No",J14="No",L14="No"),"Non-Compliant","Partial")))
N15: =IF(B15="","",IF(AND(H15="Yes",J15="Yes",K15="Yes",L15="Yes"),"Compliant",IF(OR(H15="No",J15="No",L15="No"),"Non-Compliant","Partial")))
N16: =IF(B16="","",IF(AND(H16="Yes",J16="Yes",K16="Yes",L16="Yes"),"Compliant",IF(OR(H16="No",J16="No",L16="No"),"Non-Compliant","Partial")))
... N54: =IF(B54="","",IF(AND(H54="Yes",J54="Yes",K54="Yes",L54="Yes"),"Compliant",IF(OR(H54="No",J54="No",L54="No"),"Non-Compliant","Partial")))

Sheet Confidentiality NDA Tracking
A1: CONFIDENTIALITY & NDA TRACKING
A2: AUDIT FOCAL POINT: NDA and confidentiality agreement status per individual
A4: Employee ID | B4: Employee Name | C4: Department | D4: NDA Type | E4: NDA Version | F4: Date Signed | G4: Expiration Date | H4: Covers IP | I4: Covers Trade Secrets | J4: Covers Post Employment | K4: NDA Status | L4: Renewal Required | M4: Document Location | N4: Notes
A5: =IF(ROW()-4<=COUNTA('Personnel Contract Compliance'!$A:$A)-4,INDEX('Personnel Contract Compliance'!$A:$A,ROW()-3),"") | B5: =IF(A5<>"",VLOOKUP(A5,'Personnel Contract Compliance'!$A:$B,2,FALSE),"") | C5: =IF(A5<>"",VLOOKUP(A5,'Personnel Contract Compliance'!$A:$C,3,FALSE),"") | K5: =IF(B5="","",IF(AND(F5<>"",OR(G5="",G5>=TODAY())),"Active",IF(AND(F5<>"",G5<TODAY()),"Expired",IF(F5="","Missing","Unknown"))))
A6: =IF(ROW()-4<=COUNTA('Personnel Contract Compliance'!$A:$A)-4,INDEX('Personnel Contract Compliance'!$A:$A,ROW()-3),"") | B6: =IF(A6<>"",VLOOKUP(A6,'Personnel Contract Compliance'!$A:$B,2,FALSE),"") | C6: =IF(A6<>"",VLOOKUP(A6,'Personnel Contract Compliance'!$A:$C,3,FALSE),"") | K6: =IF(B6="","",IF(AND(F6<>"",OR(G6="",G6>=TODAY())),"Active",IF(AND(F6<>"",G6<TODAY()),"Expired",IF(F6="","Missing","Unknown"))))
A7: =IF(ROW()-4<=COUNTA('Personnel Contract Compliance'!$A:$A)-4,INDEX('Personnel Contract Compliance'!$A:$A,ROW()-3),"") | B7: =IF(A7<>"",VLOOKUP(A7,'Personnel Contract Compliance'!$A:$B,2,FALSE),"") | C7: =IF(A7<>"",VLOOKUP(A7,'Personnel Contract Compliance'!$A:$C,3,FALSE),"") | K7: =IF(B7="","",IF(AND(F7<>"",OR(G7="",G7>=TODAY())),"Active",IF(AND(F7<>"",G7<TODAY()),"Expired",IF(F7="","Missing","Unknown"))))
A8: =IF(ROW()-4<=COUNTA('Personnel Contract Compliance'!$A:$A)-4,INDEX('Personnel Contract Compliance'!$A:$A,ROW()-3),"") | B8: =IF(A8<>"",VLOOKUP(A8,'Personnel Contract Compliance'!$A:$B,2,FALSE),"") | C8: =IF(A8<>"",VLOOKUP(A8,'Personnel Contract Compliance'!$A:$C,3,FALSE),"") | K8: =IF(B8="","",IF(AND(F8<>"",OR(G8="",G8>=TODAY())),"Active",IF(AND(F8<>"",G8<TODAY()),"Expired",IF(F8="","Missing","Unknown"))))
A9: =IF(ROW()-4<=COUNTA('Personnel Contract Compliance'!$A:$A)-4,INDEX('Personnel Contract Compliance'!$A:$A,ROW()-3),"") | B9: =IF(A9<>"",VLOOKUP(A9,'Personnel Contract Compliance'!$A:$B,2,FALSE),"") | C9: =IF(A9<>"",VLOOKUP(A9,'Personnel Contract Compliance'!$A:$C,3,FALSE),"") | K9: =IF(B9="","",IF(AND(F9<>"",OR(G9="",G9>=TODAY())),"Active",IF(AND(F9<>"",G9<TODAY()),"Expired",IF(F9="","Missing","Unknown"))))
A10: =IF(ROW()-4<=COUNTA('Personnel Contract Compliance'!$A:$A)-4,INDEX('Personnel Contract Compliance'!$A:$A,ROW()-3),"") | B10: =IF(A10<>"",VLOOKUP(A10,'Personnel Contract Compliance'!$A:$B,2,FALSE),"") | C10: =IF(A10<>"",VLOOKUP(A10,'Personnel Contract Compliance'!$A:$C,3,FALSE),"") | K10: =IF(B10="","",IF(AND(F10<>"",OR(G10="",G10>=TODAY())),"Active",IF(AND(F10<>"",G10<TODAY()),"Expired",IF(F10="","Missing","Unknown"))))
A11: =IF(ROW()-4<=COUNTA('Personnel Contract Compliance'!$A:$A)-4,INDEX('Personnel Contract Compliance'!$A:$A,ROW()-3),"") | B11: =IF(A11<>"",VLOOKUP(A11,'Personnel Contract Compliance'!$A:$B,2,FALSE),"") | C11: =IF(A11<>"",VLOOKUP(A11,'Personnel Contract Compliance'!$A:$C,3,FALSE),"") | K11: =IF(B11="","",IF(AND(F11<>"",OR(G11="",G11>=TODAY())),"Active",IF(AND(F11<>"",G11<TODAY()),"Expired",IF(F11="","Missing","Unknown"))))
A12: =IF(ROW()-4<=COUNTA('Personnel Contract Compliance'!$A:$A)-4,INDEX('Personnel Contract Compliance'!$A:$A,ROW()-3),"") | B12: =IF(A12<>"",VLOOKUP(A12,'Personnel Contract Compliance'!$A:$B,2,FALSE),"") | C12: =IF(A12<>"",VLOOKUP(A12,'Personnel Contract Compliance'!$A:$C,3,FALSE),"") | K12: =IF(B12="","",IF(AND(F12<>"",OR(G12="",G12>=TODAY())),"Active",IF(AND(F12<>"",G12<TODAY()),"Expired",IF(F12="","Missing","Unknown"))))
A13: =IF(ROW()-4<=COUNTA('Personnel Contract Compliance'!$A:$A)-4,INDEX('Personnel Contract Compliance'!$A:$A,ROW()-3),"") | B13: =IF(A13<>"",VLOOKUP(A13,'Personnel Contract Compliance'!$A:$B,2,FALSE),"") | C13: =IF(A13<>"",VLOOKUP(A13,'Personnel Contract Compliance'!$A:$C,3,FALSE),"") | K13: =IF(B13="","",IF(AND(F13<>"",OR(G13="",G13>=TODAY())),"Active",IF(AND(F13<>"",G13<TODAY()),"Expired",IF(F13="","Missing","Unknown"))))
A14: =IF(ROW()-4<=COUNTA('Personnel Contract Compliance'!$A:$A)-4,INDEX('Personnel Contract Compliance'!$A:$A,ROW()-3),"") | B14: =IF(A14<>"",VLOOKUP(A14,'Personnel Contract Compliance'!$A:$B,2,FALSE),"") | C14: =IF(A14<>"",VLOOKUP(A14,'Personnel Contract Compliance'!$A:$C,3,FALSE),"") | K14: =IF(B14="","",IF(AND(F14<>"",OR(G14="",G14>=TODAY())),"Active",IF(AND(F14<>"",G14<TODAY()),"Expired",IF(F14="","Missing","Unknown"))))
A15: =IF(ROW()-4<=COUNTA('Personnel Contract Compliance'!$A:$A)-4,INDEX('Personnel Contract Compliance'!$A:$A,ROW()-3),"") | B15: =IF(A15<>"",VLOOKUP(A15,'Personnel Contract Compliance'!$A:$B,2,FALSE),"") | C15: =IF(A15<>"",VLOOKUP(A15,'Personnel Contract Compliance'!$A:$C,3,FALSE),"") | K15: =IF(B15="","",IF(AND(F15<>"",OR(G15="",G15>=TODAY())),"Active",IF(AND(F15<>"",G15<TODAY()),"Expired",IF(F15="","Missing","Unknown"))))
A16: =IF(ROW()-4<=COUNTA('Personnel Contract Compliance'!$A:$A)-4,INDEX('Personnel Contract Compliance'!$A:$A,ROW()-3),"") | B16: =IF(A16<>"",VLOOKUP(A16,'Personnel Contract Compliance'!$A:$B,2,FALSE),"") | C16: =IF(A16<>"",VLOOKUP(A16,'Personnel Contract Compliance'!$A:$C,3,FALSE),"") | K16: =IF(B16="","",IF(AND(F16<>"",OR(G16="",G16>=TODAY())),"Active",IF(AND(F16<>"",G16<TODAY()),"Expired",IF(F16="","Missing","Unknown"))))
... A54: =IF(ROW()-4<=COUNTA('Personnel Contract Compliance'!$A:$A)-4,INDEX('Personnel Contract Compliance'!$A:$A,ROW()-3),"") | B54: =IF(A54<>"",VLOOKUP(A54,'Personnel Contract Compliance'!$A:$B,2,FALSE),"") | C54: =IF(A54<>"",VLOOKUP(A54,'Personnel Contract Compliance'!$A:$C,3,FALSE),"") | K54: =IF(B54="","",IF(AND(F54<>"",OR(G54="",G54>=TODAY())),"Active",IF(AND(F54<>"",G54<TODAY()),"Expired",IF(F54="","Missing","Unknown"))))

Sheet Post Employment Obligations
A1: POST-EMPLOYMENT OBLIGATIONS TRACKING
A2: Tracking individuals with ongoing confidentiality and non-compete obligations
A3: Former Employee ID | B3: Former Employee Name | C3: Former Department | D3: Former Role | E3: Termination Date | F3: Termination Type | G3: Confidentiality End Date | H3: Non Compete End Date | I3: Non Solicit End Date | J3: IP Assignment Perpetual | K3: Assets Returned | L3: Exit Interview Complete | M3: Obligation Status | N3: Monitoring Required | O3: Notes
A4: FMR-EXAMPLE | B4: John Davies (Example) | C4: Finance | D4: Finance Manager | E4: 30.06.2025 | F4: Resignation | G4: 30.06.2028 | H4: 30.06.2026 | I4: 30.06.2026 | J4: Yes | K4: Yes | L4: Yes | M4: Active-Compliant | N4: No | O4: Example entry — replace with your leaver obligation records
M5: =IF(B5="","",IF(AND(K5="Yes",L5="Yes",OR(G5="Perpetual",G5>=TODAY())),"Active-Compliant",IF(OR(K5="No",L5="No"),"Non-Compliant",IF(AND(G5<TODAY(),H5<TODAY(),I5<TODAY()),"Expired","Active-Review"))))
M6: =IF(B6="","",IF(AND(K6="Yes",L6="Yes",OR(G6="Perpetual",G6>=TODAY())),"Active-Compliant",IF(OR(K6="No",L6="No"),"Non-Compliant",IF(AND(G6<TODAY(),H6<TODAY(),I6<TODAY()),"Expired","Active-Review"))))
M7: =IF(B7="","",IF(AND(K7="Yes",L7="Yes",OR(G7="Perpetual",G7>=TODAY())),"Active-Compliant",IF(OR(K7="No",L7="No"),"Non-Compliant",IF(AND(G7<TODAY(),H7<TODAY(),I7<TODAY()),"Expired","Active-Review"))))
M8: =IF(B8="","",IF(AND(K8="Yes",L8="Yes",OR(G8="Perpetual",G8>=TODAY())),"Active-Compliant",IF(OR(K8="No",L8="No"),"Non-Compliant",IF(AND(G8<TODAY(),H8<TODAY(),I8<TODAY()),"Expired","Active-Review"))))
M9: =IF(B9="","",IF(AND(K9="Yes",L9="Yes",OR(G9="Perpetual",G9>=TODAY())),"Active-Compliant",IF(OR(K9="No",L9="No"),"Non-Compliant",IF(AND(G9<TODAY(),H9<TODAY(),I9<TODAY()),"Expired","Active-Review"))))
M10: =IF(B10="","",IF(AND(K10="Yes",L10="Yes",OR(G10="Perpetual",G10>=TODAY())),"Active-Compliant",IF(OR(K10="No",L10="No"),"Non-Compliant",IF(AND(G10<TODAY(),H10<TODAY(),I10<TODAY()),"Expired","Active-Review"))))
M11: =IF(B11="","",IF(AND(K11="Yes",L11="Yes",OR(G11="Perpetual",G11>=TODAY())),"Active-Compliant",IF(OR(K11="No",L11="No"),"Non-Compliant",IF(AND(G11<TODAY(),H11<TODAY(),I11<TODAY()),"Expired","Active-Review"))))
M12: =IF(B12="","",IF(AND(K12="Yes",L12="Yes",OR(G12="Perpetual",G12>=TODAY())),"Active-Compliant",IF(OR(K12="No",L12="No"),"Non-Compliant",IF(AND(G12<TODAY(),H12<TODAY(),I12<TODAY()),"Expired","Active-Review"))))
M13: =IF(B13="","",IF(AND(K13="Yes",L13="Yes",OR(G13="Perpetual",G13>=TODAY())),"Active-Compliant",IF(OR(K13="No",L13="No"),"Non-Compliant",IF(AND(G13<TODAY(),H13<TODAY(),I13<TODAY()),"Expired","Active-Review"))))
M14: =IF(B14="","",IF(AND(K14="Yes",L14="Yes",OR(G14="Perpetual",G14>=TODAY())),"Active-Compliant",IF(OR(K14="No",L14="No"),"Non-Compliant",IF(AND(G14<TODAY(),H14<TODAY(),I14<TODAY()),"Expired","Active-Review"))))
M15: =IF(B15="","",IF(AND(K15="Yes",L15="Yes",OR(G15="Perpetual",G15>=TODAY())),"Active-Compliant",IF(OR(K15="No",L15="No"),"Non-Compliant",IF(AND(G15<TODAY(),H15<TODAY(),I15<TODAY()),"Expired","Active-Review"))))
M16: =IF(B16="","",IF(AND(K16="Yes",L16="Yes",OR(G16="Perpetual",G16>=TODAY())),"Active-Compliant",IF(OR(K16="No",L16="No"),"Non-Compliant",IF(AND(G16<TODAY(),H16<TODAY(),I16<TODAY()),"Expired","Active-Review"))))
... M54: =IF(B54="","",IF(AND(K54="Yes",L54="Yes",OR(G54="Perpetual",G54>=TODAY())),"Active-Compliant",IF(OR(K54="No",L54="No"),"Non-Compliant",IF(AND(G54<TODAY(),H54<TODAY(),I54<TODAY()),"Expired","Active-Review"))))

Sheet Contractor Agreement Assessment
A1: CONTRACTOR AGREEMENT ASSESSMENT
A2: Third-party, contractor, and vendor agreement security clause verification
A3: Contractor ID | B3: Contractor Name | C3: Company Name | D3: Contract Type | E3: Services Provided | F3: Contract Start | G3: Contract End | H3: NDA In Place | I3: Security Clauses Present | J3: Data Access Level | K3: Background Check | L3: Compliance Status | M3: Sponsor Manager | N3: Notes
A4: CON-EXAMPLE | B4: John Contractor (Example) | C4: Acme Consulting Ltd | D4: Statement-of-Work | E4: IT Security Consulting | F4: 01.01.2025 | G4: 31.12.2025 | H4: Yes | I4: Yes | J4: Limited | K4: Yes | L4: Compliant | M4: IT Security Manager | N4: Example entry — replace with your contractor agreement details
L5: =IF(B5="","",IF(AND(H5="Yes",I5="Yes",OR(K5="Yes",K5="N/A")),"Compliant",IF(OR(H5="No",I5="No"),"Non-Compliant","Partial")))
L6: =IF(B6="","",IF(AND(H6="Yes",I6="Yes",OR(K6="Yes",K6="N/A")),"Compliant",IF(OR(H6="No",I6="No"),"Non-Compliant","Partial")))
L7: =IF(B7="","",IF(AND(H7="Yes",I7="Yes",OR(K7="Yes",K7="N/A")),"Compliant",IF(OR(H7="No",I7="No"),"Non-Compliant","Partial")))
L8: =IF(B8="","",IF(AND(H8="Yes",I8="Yes",OR(K8="Yes",K8="N/A")),"Compliant",IF(OR(H8="No",I8="No"),"Non-Compliant","Partial")))
L9: =IF(B9="","",IF(AND(H9="Yes",I9="Yes",OR(K9="Yes",K9="N/A")),"Compliant",IF(OR(H9="No",I9="No"),"Non-Compliant","Partial")))
L10: =IF(B10="","",IF(AND(H10="Yes",I10="Yes",OR(K10="Yes",K10="N/A")),"Compliant",IF(OR(H10="No",I10="No"),"Non-Compliant","Partial")))
L11: =IF(B11="","",IF(AND(H11="Yes",I11="Yes",OR(K11="Yes",K11="N/A")),"Compliant",IF(OR(H11="No",I11="No"),"Non-Compliant","Partial")))
L12: =IF(B12="","",IF(AND(H12="Yes",I12="Yes",OR(K12="Yes",K12="N/A")),"Compliant",IF(OR(H12="No",I12="No"),"Non-Compliant","Partial")))
L13: =IF(B13="","",IF(AND(H13="Yes",I13="Yes",OR(K13="Yes",K13="N/A")),"Compliant",IF(OR(H13="No",I13="No"),"Non-Compliant","Partial")))
L14: =IF(B14="","",IF(AND(H14="Yes",I14="Yes",OR(K14="Yes",K14="N/A")),"Compliant",IF(OR(H14="No",I14="No"),"Non-Compliant","Partial")))
L15: =IF(B15="","",IF(AND(H15="Yes",I15="Yes",OR(K15="Yes",K15="N/A")),"Compliant",IF(OR(H15="No",I15="No"),"Non-Compliant","Partial")))
L16: =IF(B16="","",IF(AND(H16="Yes",I16="Yes",OR(K16="Yes",K16="N/A")),"Compliant",IF(OR(H16="No",I16="No"),"Non-Compliant","Partial")))
... L54: =IF(B54="","",IF(AND(H54="Yes",I54="Yes",OR(K54="Yes",K54="N/A")),"Compliant",IF(OR(H54="No",I54="No"),"Non-Compliant","Partial")))

Sheet Gap Analysis
A1: GAP ANALYSIS
A2: Consolidated gaps from all employment contract assessment domains
A4: Gap ID | B4: Source Sheet | C4: Affected Entity | D4: Gap Category | E4: Gap Description | F4: Risk Level | G4: Impact Assessment | H4: Affected Personnel Count | I4: Remediation Action | J4: Responsible Party | K4: Target Completion Date | L4: Estimated Effort | M4: Dependencies | N4: Status | O4: Completion Evidence | P4: Risk Acceptance
A5: =IF(B5<>"",TEXT(ROW()-4,"GAP-000"),"")
A6: =IF(B6<>"",TEXT(ROW()-4,"GAP-000"),"")
A7: =IF(B7<>"",TEXT(ROW()-4,"GAP-000"),"")
A8: =IF(B8<>"",TEXT(ROW()-4,"GAP-000"),"")
A9: =IF(B9<>"",TEXT(ROW()-4,"GAP-000"),"")
A10: =IF(B10<>"",TEXT(ROW()-4,"GAP-000"),"")
A11: =IF(B11<>"",TEXT(ROW()-4,"GAP-000"),"")
A12: =IF(B12<>"",TEXT(ROW()-4,"GAP-000"),"")
A13: =IF(B13<>"",TEXT(ROW()-4,"GAP-000"),"")
A14: =IF(B14<>"",TEXT(ROW()-4,"GAP-000"),"")
A15: =IF(B15<>"",TEXT(ROW()-4,"GAP-000"),"")
A16: =IF(B16<>"",TEXT(ROW()-4,"GAP-000"),"")
... A104: =IF(B104<>"",TEXT(ROW()-4,"GAP-000"),"")

Sheet Evidence Register
A1: EVIDENCE REGISTER
A2: ISMS-IMP-A.5.1-2-6.1-2.S4 — Employment Contract Assessment
A4: Evidence ID | B4: Evidence Type | C4: Description | D4: Related Control / Section | E4: Collection Date (DD.MM.YYYY) | F4: Storage Location / Reference | G4: Collected By | H4: Status
A5: EV-001 | B5: Document | C5: Sample evidence entry — replace with actual evidence | D5: All Controls | E5: 01.01.2026 | F5: SharePoint/ISMS/Evidence/ | G5: ISMS Team | H5: Active

Sheet Summary Dashboard
A1: EMPLOYMENT CONTRACT ASSESSMENT — SUMMARY DASHBOARD
A2: ISO/IEC 27001:2022 | Control A.6.2 | Employment contract clause coverage and compliance summary
A4: TABLE 1: CLAUSE COVERAGE DISTRIBUTION
A5: Required Clause Registry — Column H (Coverage Status), rows 5:74
A6: Coverage Status | B6: Count | C6: % of Total
A7: Covered | B7: =COUNTIF('Required Clause Registry'!H5:H74,"Covered") | C7: =IF($B$11=0,"—",TEXT(B7/$B$11,"0.0%"))
A8: Partial | B8: =COUNTIF('Required Clause Registry'!H5:H74,"Partial") | C8: =IF($B$11=0,"—",TEXT(B8/$B$11,"0.0%"))
A9: Not-Covered | B9: =COUNTIF('Required Clause Registry'!H5:H74,"Not-Covered") | C9: =IF($B$11=0,"—",TEXT(B9/$B$11,"0.0%"))
A10: N/A | B10: =COUNTIF('Required Clause Registry'!H5:H74,"N/A") | C10: =IF($B$11=0,"—",TEXT(B10/$B$11,"0.0%"))
A11: TOTAL | B11: =SUM(B7:B10) | C11: —
A13: TABLE 2: KEY METRICS
A14: KPI Metric | B14: Value | C14: Notes
A15: Total Clause Types Assessed | B15: =COUNTA('Required Clause Registry'!B5:B74) | C15: All clause categories in Required Clause Registry
A16: Clauses Fully Covered | B16: =COUNTIF('Required Clause Registry'!H5:H74,"Covered") | C16: Clause types with full coverage across contract templates
A17: Partial Coverage | B17: =COUNTIF('Required Clause Registry'!H5:H74,"Partial") | C17: Clause types with partial coverage — review for gaps
A18: Clauses Not Covered | B18: =COUNTIF('Required Clause Registry'!H5:H74,"Not-Covered") | C18: Mandatory clause types with no coverage — highest risk
A19: Critical Gaps Identified | B19: =COUNTIF('Gap Analysis'!F5:F104,"Critical") | C19: Critical-risk gaps in Gap Analysis sheet
A20: Open Remediation Actions | B20: =COUNTIF('Gap Analysis'!N5:N104,"Not-Started")+COUNTIF('Gap Analysis'!N5:N104,"In-Progress") | C20: Gaps not yet resolved (Not-Started + In-Progress)
A22: TABLE 3: CRITICAL FINDINGS
A23: Finding | B23: Count | C23: Action Required
A24: Clauses Not Covered | B24: =COUNTIF('Required Clause Registry'!H5:H74,"Not-Covered") | C24: Update contract templates to include all mandatory clauses immediately
A25: Clauses with Partial Coverage | B25: =COUNTIF('Required Clause Registry'!H5:H74,"Partial") | C25: Complete partial clauses — specify missing content and assign owner
A26: Critical Contract Gaps | B26: =COUNTIF('Gap Analysis'!F5:F104,"Critical") | C26: Address all critical-risk gaps in Gap Analysis — assign remediation owner

Sheet Approval Sign-Off
A1: ASSESSMENT APPROVAL AND SIGN-OFF
A2: ISO/IEC 27001:2022 - Control A.5.1-2-6.1-2: Secure Employment and Roles
A3: ASSESSMENT SUMMARY
A4: Document: | B4: ISMS-IMP-A.5.1-2-6.1-2.S4 - Employment Contract Assessment
A5: Assessment Period:
A6: Overall Compliance Rating: | B6: =IFERROR(AVERAGE('Summary Dashboard'!G7:G11),"")
A7: Assessment Status:
A8: Assessed By:
A11: COMPLETED BY (ASSESSOR)
A12: Name:
A13: Title:
A14: Date:
A15: Signature:
A16: Comments:
A18: REVIEWED BY (INFORMATION SECURITY OFFICER)
A19: Name:
A20: Title:
A21: Date:
... A38: Special Considerations:
