Workbook
Name Role_ID_List: 'Role Inventory'!$A$5:$A$54

Sheet Instructions & Legend
A1: ISMS-IMP-A.5.1-2-6.1-2.S2 - Roles Responsibilities Assessment Workbook ISO/IEC 27001:2022 - Control A.5.1-2-6.1-2: Information Security Roles and Responsibilities
A3: Document Information
A4: Document ID | B4: ISMS-IMP-A.5.1-2-6.1-2.S2
A5: Workbook Title | B5: Roles Responsibilities Assessment Workbook
A6: Control Reference | B6: ISO/IEC 27001:2022 - Control A.5.1-2-6.1-2: Information Security Roles and Responsibilities
A7: Version | B7: 1.0
A8: Assessment Date
A9: Completed By
A10: Organisation
A12: Instructions
A13: 1. Review the Dashboard (auto-calculated) for a high-level roles compliance overview.
A14: 2. Complete the Role Inventory — list all information security roles with assigned owners.
A15: 3. Complete the RACI Matrix — map responsibilities: Responsible, Accountable, Consulted, Informed.
A16: 4. Complete Segregation of Duties — verify conflicting roles are separated and documented.
A17: 5. Complete the Competency Assessment — confirm role holders meet skill and qualification requirements.
A18: 6. Complete Training Compliance — verify role-based security training completion and evidence.
A19: 7. Review the Gap Analysis (auto-populated) — identify unassigned or undocumented roles.
A20: 8. Attach audit evidence in the Evidence Register (EV-xxx references).
... A24: Status Legend
A25: Symbol | B25: Status | C25: Description
A26: ✓ | B26: Compliant / Complete | C26: Requirement fully met
A27: ⚠ | B27: Partial / In Progress | C27: Partially met or in progress
A28: ✗ | B28: Non-Compliant / Not Started | C28: Requirement not met
A29: — | B29: Not Applicable | C29: Not applicable to this assessment

Sheet Role Inventory
A1: ROLE INVENTORY
A2: Master list of all information security roles with metadata
A3: Role ID | B3: Role Title | C3: Role Category | D3: Role Type | E3: Department | F3: Reports To | G3: Security Clearance Required | H3: ISO Control Mapping | I3: Role Created Date | J3: Last Review Date | K3: Role Status | L3: Criticality | M3: Backup Required | N3: Backup Role ID | O3: Role Description | P3: Notes
A4: ROLE-EXAMPLE | B4: Information Security Manager (Example) | C4: Security-Management | D4: Primary | E4: Information Security | F4: Chief Information Security Officer | G4: Enhanced | H4: A.5.2, A.6.1 | I4: 01.01.2024 | J4: 15.01.2026 | K4: Active | L4: Critical | M4: Yes | N4: ROLE-CISO | O4: Manages day-to-day information security operations and policy compliance | P4: Example entry — replace with your role details

Sheet Role Definition Assessment
A1: ROLE DEFINITION ASSESSMENT
A2: Verification of role definition completeness for all security roles
A4: Role ID | B4: Role Title | C4: Role Category | D4: Responsibilities Documented | E4: Authority Level Defined | F4: Reporting Lines Clear | G4: Competency Requirements | H4: Training Requirements | I4: Access Requirements | J4: Accountability Defined | K4: Segregation of Duties | L4: Definition Documentation | M4: Definition Compliance Rating | N4: Gap Description | O4: Evidence Reference
A5: =IF(ROW()-4<=COUNTA('Role Inventory'!$A:$A)-4,INDEX('Role Inventory'!$A:$A,ROW()-3),"") | B5: =IF(A5<>"",VLOOKUP(A5,'Role Inventory'!$A:$B,2,FALSE),"") | C5: =IF(A5<>"",VLOOKUP(A5,'Role Inventory'!$A:$C,3,FALSE),"") | M5: =IF(B5="","",IF(AND(D5="Complete",E5="Yes",F5="Yes",G5="Complete",H5="Complete",I5="Complete",J5="Yes",L5="Complete"),"Compliant",IF(OR(D5="Missing",E5="No",F5="No",J5="No",L5="Missing"),"Non-Compliant","Partial")))
A6: =IF(ROW()-4<=COUNTA('Role Inventory'!$A:$A)-4,INDEX('Role Inventory'!$A:$A,ROW()-3),"") | B6: =IF(A6<>"",VLOOKUP(A6,'Role Inventory'!$A:$B,2,FALSE),"") | C6: =IF(A6<>"",VLOOKUP(A6,'Role Inventory'!$A:$C,3,FALSE),"") | M6: =IF(B6="","",IF(AND(D6="Complete",E6="Yes",F6="Yes",G6="Complete",H6="Complete",I6="Complete",J6="Yes",L6="Complete"),"Compliant",IF(OR(D6="Missing",E6="No",F6="No",J6="No",L6="Missing"),"Non-Compliant","Partial")))
A7: =IF(ROW()-4<=COUNTA('Role Inventory'!$A:$A)-4,INDEX('Role Inventory'!$A:$A,ROW()-3),"") | B7: =IF(A7<>"",VLOOKUP(A7,'Role Inventory'!$A:$B,2,FALSE),"") | C7: =IF(A7<>"",VLOOKUP(A7,'Role Inventory'!$A:$C,3,FALSE),"") | M7: =IF(B7="","",IF(AND(D7="Complete",E7="Yes",F7="Yes",G7="Complete",H7="Complete",I7="Complete",J7="Yes",L7="Complete"),"Compliant",IF(OR(D7="Missing",E7="No",F7="No",J7="No",L7="Missing"),"Non-Compliant","Partial")))
A8: =IF(ROW()-4<=COUNTA('Role Inventory'!$A:$A)-4,INDEX('Role Inventory'!$A:$A,ROW()-3),"") | B8: =IF(A8<>"",VLOOKUP(A8,'Role Inventory'!$A:$B,2,FALSE),"") | C8: =IF(A8<>"",VLOOKUP(A8,'Role Inventory'!$A:$C,3,FALSE),"") | M8: =IF(B8="","",IF(AND(D8="Complete",E8="Yes",F8="Yes",G8="Complete",H8="Complete",I8="Complete",J8="Yes",L8="Complete"),"Compliant",IF(OR(D8="Missing",E8="No",F8="No",J8="No",L8="Missing"),"Non-Compliant","Partial")))
A9: =IF(ROW()-4<=COUNTA('Role Inventory'!$A:$A)-4,INDEX('Role Inventory'!$A:$A,ROW()-3),"") | B9: =IF(A9<>"",VLOOKUP(A9,'Role Inventory'!$A:$B,2,FALSE),"") | C9: =IF(A9<>"",VLOOKUP(A9,'Role Inventory'!$A:$C,3,FALSE),"") | M9: =IF(B9="","",IF(AND(D9="Complete",E9="Yes",F9="Yes",G9="Complete",H9="Complete",I9="Complete",J9="Yes",L9="Complete"),"Compliant",IF(OR(D9="Missing",E9="No",F9="No",J9="No",L9="Missing"),"Non-Compliant","Partial")))
A10: =IF(ROW()-4<=COUNTA('Role Inventory'!$A:$A)-4,INDEX('Role Inventory'!$A:$A,ROW()-3),"") | B10: =IF(A10<>"",VLOOKUP(A10,'Role Inventory'!$A:$B,2,FALSE),"") | C10: =IF(A10<>"",VLOOKUP(A10,'Role Inventory'!$A:$C,3,FALSE),"") | M10: =IF(B10="","",IF(AND(D10="Complete",E10="Yes",F10="Yes",G10="Complete",H10="Complete",I10="Complete",J10="Yes",L10="Complete"),"Compliant",IF(OR(D10="Missing",E10="No",F10="No",J10="No",L10="Missing"),"Non-Compliant","Partial")))
A11: =IF(ROW()-4<=COUNTA('Role Inventory'!$A:$A)-4,INDEX('Role Inventory'!$A:$A,ROW()-3),"") | B11: =IF(A11<>"",VLOOKUP(A11,'Role Inventory'!$A:$B,2,FALSE),"") | C11: =IF(A11<>"",VLOOKUP(A11,'Role Inventory'!$A:$C,3,FALSE),"") | M11: =IF(B11="","",IF(AND(D11="Complete",E11="Yes",F11="Yes",G11="Complete",H11="Complete",I11="Complete",J11="Yes",L11="Complete"),"Compliant",IF(OR(D11="Missing",E11="No",F11="No",J11="No",L11="Missing"),"Non-Compliant","Partial")))
A12: =IF(ROW()-4<=COUNTA('Role Inventory'!$A:$A)-4,INDEX('Role Inventory'!$A:$A,ROW()-3),"") | B12: =IF(A12<>"",VLOOKUP(A12,'Role Inventory'!$A:$B,2,FALSE),"") | C12: =IF(A12<>"",VLOOKUP(A12,'Role Inventory'!$A:$C,3,FALSE),"") | M12: =IF(B12="","",IF(AND(D12="Complete",E12="Yes",F12="Yes",G12="Complete",H12="Complete",I12="Complete",J12="Yes",L12="Complete"),"Compliant",IF(OR(D12="Missing",E12="No",F12="No",J12="No",L12="Missing"),"Non-Compliant","Partial")))
A13: =IF(ROW()-4<=COUNTA('Role Inventory'!$A:$A)-4,INDEX('Role Inventory'!$A:$A,ROW()-3),"") | B13: =IF(A13<>"",VLOOKUP(A13,'Role Inventory'!$A:$B,2,FALSE),"") | C13: =IF(A13<>"",VLOOKUP(A13,'Role Inventory'!$A:$C,3,FALSE),"") | M13: =IF(B13="","",IF(AND(D13="Complete",E13="Yes",F13="Yes",G13="Complete",H13="Complete",I13="Complete",J13="Yes",L13="Complete"),"Compliant",IF(OR(D13="Missing",E13="No",F13="No",J13="No",L13="Missing"),"Non-Compliant","Partial")))
A14: =IF(ROW()-4<=COUNTA('Role Inventory'!$A:$A)-4,INDEX('Role Inventory'!$A:$A,ROW()-3),"") | B14: =IF(A14<>"",VLOOKUP(A14,'Role Inventory'!$A:$B,2,FALSE),"") | C14: =IF(A14<>"",VLOOKUP(A14,'Role Inventory'!$A:$C,3,FALSE),"") | M14: =IF(B14="","",IF(AND(D14="Complete",E14="Yes",F14="Yes",G14="Complete",H14="Complete",I14="Complete",J14="Yes",L14="Complete"),"Compliant",IF(OR(D14="Missing",E14="No",F14="No",J14="No",L14="Missing"),"Non-Compliant","Partial")))
A15: =IF(ROW()-4<=COUNTA('Role Inventory'!$A:$A)-4,INDEX('Role Inventory'!$A:$A,ROW()-3),"") | B15: =IF(A15<>"",VLOOKUP(A15,'Role Inventory'!$A:$B,2,FALSE),"") | C15: =IF(A15<>"",VLOOKUP(A15,'Role Inventory'!$A:$C,3,FALSE),"") | M15: =IF(B15="","",IF(AND(D15="Complete",E15="Yes",F15="Yes",G15="Complete",H15="Complete",I15="Complete",J15="Yes",L15="Complete"),"Compliant",IF(OR(D15="Missing",E15="No",F15="No",J15="No",L15="Missing"),"Non-Compliant","Partial")))
A16: =IF(ROW()-4<=COUNTA('Role Inventory'!$A:$A)-4,INDEX('Role Inventory'!$A:$A,ROW()-3),"") | B16: =IF(A16<>"",VLOOKUP(A16,'Role Inventory'!$A:$B,2,FALSE),"") | C16: =IF(A16<>"",VLOOKUP(A16,'Role Inventory'!$A:$C,3,FALSE),"") | M16: =IF(B16="","",IF(AND(D16="Complete",E16="Yes",F16="Yes",G16="Complete",H16="Complete",I16="Complete",J16="Yes",L16="Complete"),"Compliant",IF(OR(D16="Missing",E16="No",F16="No",J16="No",L16="Missing"),"Non-Compliant","Partial")))
... A104: =IF(ROW()-4<=COUNTA('Role Inventory'!$A:$A)-4,INDEX('Role Inventory'!$A:$A,ROW()-3),"") | B104: =IF(A104<>"",VLOOKUP(A104,'Role Inventory'!$A:$B,2,FALSE),"") | C104: =IF(A104<>"",VLOOKUP(A104,'Role Inventory'!$A:$C,3,FALSE),"") | M104: =IF(B104="","",IF(AND(D104="Complete",E104="Yes",F104="Yes",G104="Complete",H104="Complete",I104="Complete",J104="Yes",L104="Complete"),"Compliant",IF(OR(D104="Missing",E104="No",F104="No",J104="No",L104="Missing"),"Non-Compliant","Partial")))

Sheet RACI Matrix Assessment
A1: RACI MATRIX ASSESSMENT
A2: Verification of RACI matrix completeness and accuracy for security activities
A4: Activity ID | B4: Security Activity | C4: Activity Category | D4: Responsible Role | E4: Accountable Role | F4: Consulted Roles | G4: Informed Roles | H4: Responsible Assigned | I4: Accountable Assigned | J4: Multiple Accountables | K4: RACI Documented | L4: RACI Score | M4: RACI Status | N4: RACI Conflict
A5: ACT-001 | B5: Example: User Access Review | C5: Access-Management | D5: IAM Administrator | E5: CISO | F5: IT Manager, DPO | G5: All Staff | H5: Yes | I5: Yes | J5: No | K5: Yes | L5: 100% | M5: Complete | N5: No
H6: =IF(D6<>"","Yes","No") | I6: =IF(E6<>"","Yes","No") | J6: =IF(ISERROR(FIND(",",E6)),"No","Yes") | L6: =IF(B6="","",((IF(D6<>"",0.3,0))+(IF(E6<>"",0.4,0))+(IF(F6<>"",0.15,0))+(IF(G6<>"",0.15,0)))) | M6: =IF(B6="","",IF(L6>=0.85,"Complete",IF(L6>=0.5,"Partial","Missing"))) | N6: =IF(B6="","",IF(J6="Yes","Yes",IF(AND(H6="No",I6="No"),"Missing-R-A","No")))
H7: =IF(D7<>"","Yes","No") | I7: =IF(E7<>"","Yes","No") | J7: =IF(ISERROR(FIND(",",E7)),"No","Yes") | L7: =IF(B7="","",((IF(D7<>"",0.3,0))+(IF(E7<>"",0.4,0))+(IF(F7<>"",0.15,0))+(IF(G7<>"",0.15,0)))) | M7: =IF(B7="","",IF(L7>=0.85,"Complete",IF(L7>=0.5,"Partial","Missing"))) | N7: =IF(B7="","",IF(J7="Yes","Yes",IF(AND(H7="No",I7="No"),"Missing-R-A","No")))
H8: =IF(D8<>"","Yes","No") | I8: =IF(E8<>"","Yes","No") | J8: =IF(ISERROR(FIND(",",E8)),"No","Yes") | L8: =IF(B8="","",((IF(D8<>"",0.3,0))+(IF(E8<>"",0.4,0))+(IF(F8<>"",0.15,0))+(IF(G8<>"",0.15,0)))) | M8: =IF(B8="","",IF(L8>=0.85,"Complete",IF(L8>=0.5,"Partial","Missing"))) | N8: =IF(B8="","",IF(J8="Yes","Yes",IF(AND(H8="No",I8="No"),"Missing-R-A","No")))
H9: =IF(D9<>"","Yes","No") | I9: =IF(E9<>"","Yes","No") | J9: =IF(ISERROR(FIND(",",E9)),"No","Yes") | L9: =IF(B9="","",((IF(D9<>"",0.3,0))+(IF(E9<>"",0.4,0))+(IF(F9<>"",0.15,0))+(IF(G9<>"",0.15,0)))) | M9: =IF(B9="","",IF(L9>=0.85,"Complete",IF(L9>=0.5,"Partial","Missing"))) | N9: =IF(B9="","",IF(J9="Yes","Yes",IF(AND(H9="No",I9="No"),"Missing-R-A","No")))
H10: =IF(D10<>"","Yes","No") | I10: =IF(E10<>"","Yes","No") | J10: =IF(ISERROR(FIND(",",E10)),"No","Yes") | L10: =IF(B10="","",((IF(D10<>"",0.3,0))+(IF(E10<>"",0.4,0))+(IF(F10<>"",0.15,0))+(IF(G10<>"",0.15,0)))) | M10: =IF(B10="","",IF(L10>=0.85,"Complete",IF(L10>=0.5,"Partial","Missing"))) | N10: =IF(B10="","",IF(J10="Yes","Yes",IF(AND(H10="No",I10="No"),"Missing-R-A","No")))
H11: =IF(D11<>"","Yes","No") | I11: =IF(E11<>"","Yes","No") | J11: =IF(ISERROR(FIND(",",E11)),"No","Yes") | L11: =IF(B11="","",((IF(D11<>"",0.3,0))+(IF(E11<>"",0.4,0))+(IF(F11<>"",0.15,0))+(IF(G11<>"",0.15,0)))) | M11: =IF(B11="","",IF(L11>=0.85,"Complete",IF(L11>=0.5,"Partial","Missing"))) | N11: =IF(B11="","",IF(J11="Yes","Yes",IF(AND(H11="No",I11="No"),"Missing-R-A","No")))
H12: =IF(D12<>"","Yes","No") | I12: =IF(E12<>"","Yes","No") | J12: =IF(ISERROR(FIND(",",E12)),"No","Yes") | L12: =IF(B12="","",((IF(D12<>"",0.3,0))+(IF(E12<>"",0.4,0))+(IF(F12<>"",0.15,0))+(IF(G12<>"",0.15,0)))) | M12: =IF(B12="","",IF(L12>=0.85,"Complete",IF(L12>=0.5,"Partial","Missing"))) | N12: =IF(B12="","",IF(J12="Yes","Yes",IF(AND(H12="No",I12="No"),"Missing-R-A","No")))
H13: =IF(D13<>"","Yes","No") | I13: =IF(E13<>"","Yes","No") | J13: =IF(ISERROR(FIND(",",E13)),"No","Yes") | L13: =IF(B13="","",((IF(D13<>"",0.3,0))+(IF(E13<>"",0.4,0))+(IF(F13<>"",0.15,0))+(IF(G13<>"",0.15,0)))) | M13: =IF(B13="","",IF(L13>=0.85,"Complete",IF(L13>=0.5,"Partial","Missing"))) | N13: =IF(B13="","",IF(J13="Yes","Yes",IF(AND(H13="No",I13="No"),"Missing-R-A","No")))
H14: =IF(D14<>"","Yes","No") | I14: =IF(E14<>"","Yes","No") | J14: =IF(ISERROR(FIND(",",E14)),"No","Yes") | L14: =IF(B14="","",((IF(D14<>"",0.3,0))+(IF(E14<>"",0.4,0))+(IF(F14<>"",0.15,0))+(IF(G14<>"",0.15,0)))) | M14: =IF(B14="","",IF(L14>=0.85,"Complete",IF(L14>=0.5,"Partial","Missing"))) | N14: =IF(B14="","",IF(J14="Yes","Yes",IF(AND(H14="No",I14="No"),"Missing-R-A","No")))
H15: =IF(D15<>"","Yes","No") | I15: =IF(E15<>"","Yes","No") | J15: =IF(ISERROR(FIND(",",E15)),"No","Yes") | L15: =IF(B15="","",((IF(D15<>"",0.3,0))+(IF(E15<>"",0.4,0))+(IF(F15<>"",0.15,0))+(IF(G15<>"",0.15,0)))) | M15: =IF(B15="","",IF(L15>=0.85,"Complete",IF(L15>=0.5,"Partial","Missing"))) | N15: =IF(B15="","",IF(J15="Yes","Yes",IF(AND(H15="No",I15="No"),"Missing-R-A","No")))
H16: =IF(D16<>"","Yes","No") | I16: =IF(E16<>"","Yes","No") | J16: =IF(ISERROR(FIND(",",E16)),"No","Yes") | L16: =IF(B16="","",((IF(D16<>"",0.3,0))+(IF(E16<>"",0.4,0))+(IF(F16<>"",0.15,0))+(IF(G16<>"",0.15,0)))) | M16: =IF(B16="","",IF(L16>=0.85,"Complete",IF(L16>=0.5,"Partial","Missing"))) | N16: =IF(B16="","",IF(J16="Yes","Yes",IF(AND(H16="No",I16="No"),"Missing-R-A","No")))
H17: =IF(D17<>"","Yes","No") | I17: =IF(E17<>"","Yes","No") | J17: =IF(ISERROR(FIND(",",E17)),"No","Yes") | L17: =IF(B17="","",((IF(D17<>"",0.3,0))+(IF(E17<>"",0.4,0))+(IF(F17<>"",0.15,0))+(IF(G17<>"",0.15,0)))) | M17: =IF(B17="","",IF(L17>=0.85,"Complete",IF(L17>=0.5,"Partial","Missing"))) | N17: =IF(B17="","",IF(J17="Yes","Yes",IF(AND(H17="No",I17="No"),"Missing-R-A","No")))
... H55: =IF(D55<>"","Yes","No") | I55: =IF(E55<>"","Yes","No") | J55: =IF(ISERROR(FIND(",",E55)),"No","Yes") | L55: =IF(B55="","",((IF(D55<>"",0.3,0))+(IF(E55<>"",0.4,0))+(IF(F55<>"",0.15,0))+(IF(G55<>"",0.15,0)))) | M55: =IF(B55="","",IF(L55>=0.85,"Complete",IF(L55>=0.5,"Partial","Missing"))) | N55: =IF(B55="","",IF(J55="Yes","Yes",IF(AND(H55="No",I55="No"),"Missing-R-A","No")))

Sheet Role Assignment Verification
A1: ROLE ASSIGNMENT VERIFICATION
A2: Verification of current role assignments and vacancy tracking
A4: Role ID | B4: Role Title | C4: Role Category | D4: Current Holder Name | E4: Current Holder Employee ID | F4: Assignment Date | G4: Assignment Documentation | H4: Formal Acceptance | I4: Background Check Status | J4: Assignment Status | K4: Backup Holder Name | L4: Backup Assignment Status | M4: Last Verification Date | N4: Gap Description | O4: Evidence Reference
A5: =IF(ROW()-4<=COUNTA('Role Inventory'!$A:$A)-4,INDEX('Role Inventory'!$A:$A,ROW()-3),"") | B5: =IF(A5<>"",VLOOKUP(A5,'Role Inventory'!$A:$B,2,FALSE),"") | C5: =IF(A5<>"",VLOOKUP(A5,'Role Inventory'!$A:$C,3,FALSE),"") | J5: =IF(B5="","",IF(AND(D5<>"",G5="Complete",H5="Yes"),"Filled",IF(D5="","Vacant",IF(OR(G5="Missing",H5="No"),"Pending-Documentation","Pending"))))
A6: =IF(ROW()-4<=COUNTA('Role Inventory'!$A:$A)-4,INDEX('Role Inventory'!$A:$A,ROW()-3),"") | B6: =IF(A6<>"",VLOOKUP(A6,'Role Inventory'!$A:$B,2,FALSE),"") | C6: =IF(A6<>"",VLOOKUP(A6,'Role Inventory'!$A:$C,3,FALSE),"") | J6: =IF(B6="","",IF(AND(D6<>"",G6="Complete",H6="Yes"),"Filled",IF(D6="","Vacant",IF(OR(G6="Missing",H6="No"),"Pending-Documentation","Pending"))))
A7: =IF(ROW()-4<=COUNTA('Role Inventory'!$A:$A)-4,INDEX('Role Inventory'!$A:$A,ROW()-3),"") | B7: =IF(A7<>"",VLOOKUP(A7,'Role Inventory'!$A:$B,2,FALSE),"") | C7: =IF(A7<>"",VLOOKUP(A7,'Role Inventory'!$A:$C,3,FALSE),"") | J7: =IF(B7="","",IF(AND(D7<>"",G7="Complete",H7="Yes"),"Filled",IF(D7="","Vacant",IF(OR(G7="Missing",H7="No"),"Pending-Documentation","Pending"))))
A8: =IF(ROW()-4<=COUNTA('Role Inventory'!$A:$A)-4,INDEX('Role Inventory'!$A:$A,ROW()-3),"") | B8: =IF(A8<>"",VLOOKUP(A8,'Role Inventory'!$A:$B,2,FALSE),"") | C8: =IF(A8<>"",VLOOKUP(A8,'Role Inventory'!$A:$C,3,FALSE),"") | J8: =IF(B8="","",IF(AND(D8<>"",G8="Complete",H8="Yes"),"Filled",IF(D8="","Vacant",IF(OR(G8="Missing",H8="No"),"Pending-Documentation","Pending"))))
A9: =IF(ROW()-4<=COUNTA('Role Inventory'!$A:$A)-4,INDEX('Role Inventory'!$A:$A,ROW()-3),"") | B9: =IF(A9<>"",VLOOKUP(A9,'Role Inventory'!$A:$B,2,FALSE),"") | C9: =IF(A9<>"",VLOOKUP(A9,'Role Inventory'!$A:$C,3,FALSE),"") | J9: =IF(B9="","",IF(AND(D9<>"",G9="Complete",H9="Yes"),"Filled",IF(D9="","Vacant",IF(OR(G9="Missing",H9="No"),"Pending-Documentation","Pending"))))
A10: =IF(ROW()-4<=COUNTA('Role Inventory'!$A:$A)-4,INDEX('Role Inventory'!$A:$A,ROW()-3),"") | B10: =IF(A10<>"",VLOOKUP(A10,'Role Inventory'!$A:$B,2,FALSE),"") | C10: =IF(A10<>"",VLOOKUP(A10,'Role Inventory'!$A:$C,3,FALSE),"") | J10: =IF(B10="","",IF(AND(D10<>"",G10="Complete",H10="Yes"),"Filled",IF(D10="","Vacant",IF(OR(G10="Missing",H10="No"),"Pending-Documentation","Pending"))))
A11: =IF(ROW()-4<=COUNTA('Role Inventory'!$A:$A)-4,INDEX('Role Inventory'!$A:$A,ROW()-3),"") | B11: =IF(A11<>"",VLOOKUP(A11,'Role Inventory'!$A:$B,2,FALSE),"") | C11: =IF(A11<>"",VLOOKUP(A11,'Role Inventory'!$A:$C,3,FALSE),"") | J11: =IF(B11="","",IF(AND(D11<>"",G11="Complete",H11="Yes"),"Filled",IF(D11="","Vacant",IF(OR(G11="Missing",H11="No"),"Pending-Documentation","Pending"))))
A12: =IF(ROW()-4<=COUNTA('Role Inventory'!$A:$A)-4,INDEX('Role Inventory'!$A:$A,ROW()-3),"") | B12: =IF(A12<>"",VLOOKUP(A12,'Role Inventory'!$A:$B,2,FALSE),"") | C12: =IF(A12<>"",VLOOKUP(A12,'Role Inventory'!$A:$C,3,FALSE),"") | J12: =IF(B12="","",IF(AND(D12<>"",G12="Complete",H12="Yes"),"Filled",IF(D12="","Vacant",IF(OR(G12="Missing",H12="No"),"Pending-Documentation","Pending"))))
A13: =IF(ROW()-4<=COUNTA('Role Inventory'!$A:$A)-4,INDEX('Role Inventory'!$A:$A,ROW()-3),"") | B13: =IF(A13<>"",VLOOKUP(A13,'Role Inventory'!$A:$B,2,FALSE),"") | C13: =IF(A13<>"",VLOOKUP(A13,'Role Inventory'!$A:$C,3,FALSE),"") | J13: =IF(B13="","",IF(AND(D13<>"",G13="Complete",H13="Yes"),"Filled",IF(D13="","Vacant",IF(OR(G13="Missing",H13="No"),"Pending-Documentation","Pending"))))
A14: =IF(ROW()-4<=COUNTA('Role Inventory'!$A:$A)-4,INDEX('Role Inventory'!$A:$A,ROW()-3),"") | B14: =IF(A14<>"",VLOOKUP(A14,'Role Inventory'!$A:$B,2,FALSE),"") | C14: =IF(A14<>"",VLOOKUP(A14,'Role Inventory'!$A:$C,3,FALSE),"") | J14: =IF(B14="","",IF(AND(D14<>"",G14="Complete",H14="Yes"),"Filled",IF(D14="","Vacant",IF(OR(G14="Missing",H14="No"),"Pending-Documentation","Pending"))))
A15: =IF(ROW()-4<=COUNTA('Role Inventory'!$A:$A)-4,INDEX('Role Inventory'!$A:$A,ROW()-3),"") | B15: =IF(A15<>"",VLOOKUP(A15,'Role Inventory'!$A:$B,2,FALSE),"") | C15: =IF(A15<>"",VLOOKUP(A15,'Role Inventory'!$A:$C,3,FALSE),"") | J15: =IF(B15="","",IF(AND(D15<>"",G15="Complete",H15="Yes"),"Filled",IF(D15="","Vacant",IF(OR(G15="Missing",H15="No"),"Pending-Documentation","Pending"))))
A16: =IF(ROW()-4<=COUNTA('Role Inventory'!$A:$A)-4,INDEX('Role Inventory'!$A:$A,ROW()-3),"") | B16: =IF(A16<>"",VLOOKUP(A16,'Role Inventory'!$A:$B,2,FALSE),"") | C16: =IF(A16<>"",VLOOKUP(A16,'Role Inventory'!$A:$C,3,FALSE),"") | J16: =IF(B16="","",IF(AND(D16<>"",G16="Complete",H16="Yes"),"Filled",IF(D16="","Vacant",IF(OR(G16="Missing",H16="No"),"Pending-Documentation","Pending"))))
... A104: =IF(ROW()-4<=COUNTA('Role Inventory'!$A:$A)-4,INDEX('Role Inventory'!$A:$A,ROW()-3),"") | B104: =IF(A104<>"",VLOOKUP(A104,'Role Inventory'!$A:$B,2,FALSE),"") | C104: =IF(A104<>"",VLOOKUP(A104,'Role Inventory'!$A:$C,3,FALSE),"") | J104: =IF(B104="","",IF(AND(D104<>"",G104="Complete",H104="Yes"),"Filled",IF(D104="","Vacant",IF(OR(G104="Missing",H104="No"),"Pending-Documentation","Pending"))))

Sheet Training Assessment
A1: TRAINING ASSESSMENT
A2: Role-specific training requirements and completion verification
A4: Role ID | B4: Role Title | C4: Role Holder Name | D4: Required Training 1 | E4: Training 1 Status | F4: Training 1 Date | G4: Required Training 2 | H4: Training 2 Status | I4: Training 2 Date | J4: Required Training 3 | K4: Training 3 Status | L4: Training Expiry Status | M4: Training Records Available | N4: Training Compliance Rating | O4: Gap Description | P4: Evidence Reference
A5: =IF(ROW()-4<=COUNTA('Role Assignment Verification'!$A:$A)-4,INDEX('Role Assignment Verification'!$A:$A,ROW()+1),"") | B5: =IF(A5<>"",VLOOKUP(A5,'Role Inventory'!$A:$B,2,FALSE),"") | C5: =IF(A5<>"",VLOOKUP(A5,'Role Assignment Verification'!$A:$D,4,FALSE),"") | N5: =IF(B5="","",IF(AND(OR(E5="Complete",D5=""),OR(H5="Complete",G5=""),OR(K5="Complete",J5=""),M5="Yes"),"Compliant",IF(OR(E5="Not-Started",H5="Not-Started",K5="Not-Started",M5="No"),"Non-Compliant","Partial")))
A6: =IF(ROW()-4<=COUNTA('Role Assignment Verification'!$A:$A)-4,INDEX('Role Assignment Verification'!$A:$A,ROW()+1),"") | B6: =IF(A6<>"",VLOOKUP(A6,'Role Inventory'!$A:$B,2,FALSE),"") | C6: =IF(A6<>"",VLOOKUP(A6,'Role Assignment Verification'!$A:$D,4,FALSE),"") | N6: =IF(B6="","",IF(AND(OR(E6="Complete",D6=""),OR(H6="Complete",G6=""),OR(K6="Complete",J6=""),M6="Yes"),"Compliant",IF(OR(E6="Not-Started",H6="Not-Started",K6="Not-Started",M6="No"),"Non-Compliant","Partial")))
A7: =IF(ROW()-4<=COUNTA('Role Assignment Verification'!$A:$A)-4,INDEX('Role Assignment Verification'!$A:$A,ROW()+1),"") | B7: =IF(A7<>"",VLOOKUP(A7,'Role Inventory'!$A:$B,2,FALSE),"") | C7: =IF(A7<>"",VLOOKUP(A7,'Role Assignment Verification'!$A:$D,4,FALSE),"") | N7: =IF(B7="","",IF(AND(OR(E7="Complete",D7=""),OR(H7="Complete",G7=""),OR(K7="Complete",J7=""),M7="Yes"),"Compliant",IF(OR(E7="Not-Started",H7="Not-Started",K7="Not-Started",M7="No"),"Non-Compliant","Partial")))
A8: =IF(ROW()-4<=COUNTA('Role Assignment Verification'!$A:$A)-4,INDEX('Role Assignment Verification'!$A:$A,ROW()+1),"") | B8: =IF(A8<>"",VLOOKUP(A8,'Role Inventory'!$A:$B,2,FALSE),"") | C8: =IF(A8<>"",VLOOKUP(A8,'Role Assignment Verification'!$A:$D,4,FALSE),"") | N8: =IF(B8="","",IF(AND(OR(E8="Complete",D8=""),OR(H8="Complete",G8=""),OR(K8="Complete",J8=""),M8="Yes"),"Compliant",IF(OR(E8="Not-Started",H8="Not-Started",K8="Not-Started",M8="No"),"Non-Compliant","Partial")))
A9: =IF(ROW()-4<=COUNTA('Role Assignment Verification'!$A:$A)-4,INDEX('Role Assignment Verification'!$A:$A,ROW()+1),"") | B9: =IF(A9<>"",VLOOKUP(A9,'Role Inventory'!$A:$B,2,FALSE),"") | C9: =IF(A9<>"",VLOOKUP(A9,'Role Assignment Verification'!$A:$D,4,FALSE),"") | N9: =IF(B9="","",IF(AND(OR(E9="Complete",D9=""),OR(H9="Complete",G9=""),OR(K9="Complete",J9=""),M9="Yes"),"Compliant",IF(OR(E9="Not-Started",H9="Not-Started",K9="Not-Started",M9="No"),"Non-Compliant","Partial")))
A10: =IF(ROW()-4<=COUNTA('Role Assignment Verification'!$A:$A)-4,INDEX('Role Assignment Verification'!$A:$A,ROW()+1),"") | B10: =IF(A10<>"",VLOOKUP(A10,'Role Inventory'!$A:$B,2,FALSE),"") | C10: =IF(A10<>"",VLOOKUP(A10,'Role Assignment Verification'!$A:$D,4,FALSE),"") | N10: =IF(B10="","",IF(AND(OR(E10="Complete",D10=""),OR(H10="Complete",G10=""),OR(K10="Complete",J10=""),M10="Yes"),"Compliant",IF(OR(E10="Not-Started",H10="Not-Started",K10="Not-Started",M10="No"),"Non-Compliant","Partial")))
A11: =IF(ROW()-4<=COUNTA('Role Assignment Verification'!$A:$A)-4,INDEX('Role Assignment Verification'!$A:$A,ROW()+1),"") | B11: =IF(A11<>"",VLOOKUP(A11,'Role Inventory'!$A:$B,2,FALSE),"") | C11: =IF(A11<>"",VLOOKUP(A11,'Role Assignment Verification'!$A:$D,4,FALSE),"") | N11: =IF(B11="","",IF(AND(OR(E11="Complete",D11=""),OR(H11="Complete",G11=""),OR(K11="Complete",J11=""),M11="Yes"),"Compliant",IF(OR(E11="Not-Started",H11="Not-Started",K11="Not-Started",M11="No"),"Non-Compliant","Partial")))
A12: =IF(ROW()-4<=COUNTA('Role Assignment Verification'!$A:$A)-4,INDEX('Role Assignment Verification'!$A:$A,ROW()+1),"") | B12: =IF(A12<>"",VLOOKUP(A12,'Role Inventory'!$A:$B,2,FALSE),"") | C12: =IF(A12<>"",VLOOKUP(A12,'Role Assignment Verification'!$A:$D,4,FALSE),"") | N12: =IF(B12="","",IF(AND(OR(E12="Complete",D12=""),OR(H12="Complete",G12=""),OR(K12="Complete",J12=""),M12="Yes"),"Compliant",IF(OR(E12="Not-Started",H12="Not-Started",K12="Not-Started",M12="No"),"Non-Compliant","Partial")))
A13: =IF(ROW()-4<=COUNTA('Role Assignment Verification'!$A:$A)-4,INDEX('Role Assignment Verification'!$A:$A,ROW()+1),"") | B13: =IF(A13<>"",VLOOKUP(A13,'Role Inventory'!$A:$B,2,FALSE),"") | C13: =IF(A13<>"",VLOOKUP(A13,'Role Assignment Verification'!$A:$D,4,FALSE),"") | N13: =IF(B13="","",IF(AND(OR(E13="Complete",D13=""),OR(H13="Complete",G13=""),OR(K13="Complete",J13=""),M13="Yes"),"Compliant",IF(OR(E13="Not-Started",H13="Not-Started",K13="Not-Started",M13="No"),"Non-Compliant","Partial")))
A14: =IF(ROW()-4<=COUNTA('Role Assignment Verification'!$A:$A)-4,INDEX('Role Assignment Verification'!$A:$A,ROW()+1),"") | B14: =IF(A14<>"",VLOOKUP(A14,'Role Inventory'!$A:$B,2,FALSE),"") | C14: =IF(A14<>"",VLOOKUP(A14,'Role Assignment Verification'!$A:$D,4,FALSE),"") | N14: =IF(B14="","",IF(AND(OR(E14="Complete",D14=""),OR(H14="Complete",G14=""),OR(K14="Complete",J14=""),M14="Yes"),"Compliant",IF(OR(E14="Not-Started",H14="Not-Started",K14="Not-Started",M14="No"),"Non-Compliant","Partial")))
A15: =IF(ROW()-4<=COUNTA('Role Assignment Verification'!$A:$A)-4,INDEX('Role Assignment Verification'!$A:$A,ROW()+1),"") | B15: =IF(A15<>"",VLOOKUP(A15,'Role Inventory'!$A:$B,2,FALSE),"") | C15: =IF(A15<>"",VLOOKUP(A15,'Role Assignment Verification'!$A:$D,4,FALSE),"") | N15: =IF(B15="","",IF(AND(OR(E15="Complete",D15=""),OR(H15="Complete",G15=""),OR(K15="Complete",J15=""),M15="Yes"),"Compliant",IF(OR(E15="Not-Started",H15="Not-Started",K15="Not-Started",M15="No"),"Non-Compliant","Partial")))
A16: =IF(ROW()-4<=COUNTA('Role Assignment Verification'!$A:$A)-4,INDEX('Role Assignment Verification'!$A:$A,ROW()+1),"") | B16: =IF(A16<>"",VLOOKUP(A16,'Role Inventory'!$A:$B,2,FALSE),"") | C16: =IF(A16<>"",VLOOKUP(A16,'Role Assignment Verification'!$A:$D,4,FALSE),"") | N16: =IF(B16="","",IF(AND(OR(E16="Complete",D16=""),OR(H16="Complete",G16=""),OR(K16="Complete",J16=""),M16="Yes"),"Compliant",IF(OR(E16="Not-Started",H16="Not-Started",K16="Not-Started",M16="No"),"Non-Compliant","Partial")))
... A104: =IF(ROW()-4<=COUNTA('Role Assignment Verification'!$A:$A)-4,INDEX('Role Assignment Verification'!$A:$A,ROW()+1),"") | B104: =IF(A104<>"",VLOOKUP(A104,'Role Inventory'!$A:$B,2,FALSE),"") | C104: =IF(A104<>"",VLOOKUP(A104,'Role Assignment Verification'!$A:$D,4,FALSE),"") | N104: =IF(B104="","",IF(AND(OR(E104="Complete",D104=""),OR(H104="Complete",G104=""),OR(K104="Complete",J104=""),M104="Yes"),"Compliant",IF(OR(E104="Not-Started",H104="Not-Started",K104="Not-Started",M104="No"),"Non-Compliant","Partial")))

Sheet Access Alignment Review
A1: ACCESS ALIGNMENT REVIEW
A2: Verification of role-based access alignment with role definitions
A4: Role ID | B4: Role Title | C4: Role Holder Name | D4: Defined Access Level | E4: Actual Access Level | F4: Systems Access Defined | G4: Systems Access Actual | H4: Excess Privileges | I4: Missing Access | J4: Access Review Date | K4: SoD Conflict | L4: Access Documentation | M4: Access Alignment Status | N4: Gap Description | O4: Evidence Reference
A5: =IF(ROW()-4<=COUNTA('Role Assignment Verification'!$A:$A)-4,INDEX('Role Assignment Verification'!$A:$A,ROW()+1),"") | B5: =IF(A5<>"",VLOOKUP(A5,'Role Inventory'!$A:$B,2,FALSE),"") | C5: =IF(A5<>"",VLOOKUP(A5,'Role Assignment Verification'!$A:$D,4,FALSE),"") | M5: =IF(B5="","",IF(AND(H5="No",I5="No",K5="No",L5="Complete"),"Aligned",IF(OR(K5="Yes",AND(H5="Yes",I5="Yes")),"Misaligned","Partial")))
A6: =IF(ROW()-4<=COUNTA('Role Assignment Verification'!$A:$A)-4,INDEX('Role Assignment Verification'!$A:$A,ROW()+1),"") | B6: =IF(A6<>"",VLOOKUP(A6,'Role Inventory'!$A:$B,2,FALSE),"") | C6: =IF(A6<>"",VLOOKUP(A6,'Role Assignment Verification'!$A:$D,4,FALSE),"") | M6: =IF(B6="","",IF(AND(H6="No",I6="No",K6="No",L6="Complete"),"Aligned",IF(OR(K6="Yes",AND(H6="Yes",I6="Yes")),"Misaligned","Partial")))
A7: =IF(ROW()-4<=COUNTA('Role Assignment Verification'!$A:$A)-4,INDEX('Role Assignment Verification'!$A:$A,ROW()+1),"") | B7: =IF(A7<>"",VLOOKUP(A7,'Role Inventory'!$A:$B,2,FALSE),"") | C7: =IF(A7<>"",VLOOKUP(A7,'Role Assignment Verification'!$A:$D,4,FALSE),"") | M7: =IF(B7="","",IF(AND(H7="No",I7="No",K7="No",L7="Complete"),"Aligned",IF(OR(K7="Yes",AND(H7="Yes",I7="Yes")),"Misaligned","Partial")))
A8: =IF(ROW()-4<=COUNTA('Role Assignment Verification'!$A:$A)-4,INDEX('Role Assignment Verification'!$A:$A,ROW()+1),"") | B8: =IF(A8<>"",VLOOKUP(A8,'Role Inventory'!$A:$B,2,FALSE),"") | C8: =IF(A8<>"",VLOOKUP(A8,'Role Assignment Verification'!$A:$D,4,FALSE),"") | M8: =IF(B8="","",IF(AND(H8="No",I8="No",K8="No",L8="Complete"),"Aligned",IF(OR(K8="Yes",AND(H8="Yes",I8="Yes")),"Misaligned","Partial")))
A9: =IF(ROW()-4<=COUNTA('Role Assignment Verification'!$A:$A)-4,INDEX('Role Assignment Verification'!$A:$A,ROW()+1),"") | B9: =IF(A9<>"",VLOOKUP(A9,'Role Inventory'!$A:$B,2,FALSE),"") | C9: =IF(A9<>"",VLOOKUP(A9,'Role Assignment Verification'!$A:$D,4,FALSE),"") | M9: =IF(B9="","",IF(AND(H9="No",I9="No",K9="No",L9="Complete"),"Aligned",IF(OR(K9="Yes",AND(H9="Yes",I9="Yes")),"Misaligned","Partial")))
A10: =IF(ROW()-4<=COUNTA('Role Assignment Verification'!$A:$A)-4,INDEX('Role Assignment Verification'!$A:$A,ROW()+1),"") | B10: =IF(A10<>"",VLOOKUP(A10,'Role Inventory'!$A:$B,2,FALSE),"") | C10: =IF(A10<>"",VLOOKUP(A10,'Role Assignment Verification'!$A:$D,4,FALSE),"") | M10: =IF(B10="","",IF(AND(H10="No",I10="No",K10="No",L10="Complete"),"Aligned",IF(OR(K10="Yes",AND(H10="Yes",I10="Yes")),"Misaligned","Partial")))
A11: =IF(ROW()-4<=COUNTA('Role Assignment Verification'!$A:$A)-4,INDEX('Role Assignment Verification'!$A:$A,ROW()+1),"") | B11: =IF(A11<>"",VLOOKUP(A11,'Role Inventory'!$A:$B,2,FALSE),"") | C11: =IF(A11<>"",VLOOKUP(A11,'Role Assignment Verification'!$A:$D,4,FALSE),"") | M11: =IF(B11="","",IF(AND(H11="No",I11="No",K11="No",L11="Complete"),"Aligned",IF(OR(K11="Yes",AND(H11="Yes",I11="Yes")),"Misaligned","Partial")))
A12: =IF(ROW()-4<=COUNTA('Role Assignment Verification'!$A:$A)-4,INDEX('Role Assignment Verification'!$A:$A,ROW()+1),"") | B12: =IF(A12<>"",VLOOKUP(A12,'Role Inventory'!$A:$B,2,FALSE),"") | C12: =IF(A12<>"",VLOOKUP(A12,'Role Assignment Verification'!$A:$D,4,FALSE),"") | M12: =IF(B12="","",IF(AND(H12="No",I12="No",K12="No",L12="Complete"),"Aligned",IF(OR(K12="Yes",AND(H12="Yes",I12="Yes")),"Misaligned","Partial")))
A13: =IF(ROW()-4<=COUNTA('Role Assignment Verification'!$A:$A)-4,INDEX('Role Assignment Verification'!$A:$A,ROW()+1),"") | B13: =IF(A13<>"",VLOOKUP(A13,'Role Inventory'!$A:$B,2,FALSE),"") | C13: =IF(A13<>"",VLOOKUP(A13,'Role Assignment Verification'!$A:$D,4,FALSE),"") | M13: =IF(B13="","",IF(AND(H13="No",I13="No",K13="No",L13="Complete"),"Aligned",IF(OR(K13="Yes",AND(H13="Yes",I13="Yes")),"Misaligned","Partial")))
A14: =IF(ROW()-4<=COUNTA('Role Assignment Verification'!$A:$A)-4,INDEX('Role Assignment Verification'!$A:$A,ROW()+1),"") | B14: =IF(A14<>"",VLOOKUP(A14,'Role Inventory'!$A:$B,2,FALSE),"") | C14: =IF(A14<>"",VLOOKUP(A14,'Role Assignment Verification'!$A:$D,4,FALSE),"") | M14: =IF(B14="","",IF(AND(H14="No",I14="No",K14="No",L14="Complete"),"Aligned",IF(OR(K14="Yes",AND(H14="Yes",I14="Yes")),"Misaligned","Partial")))
A15: =IF(ROW()-4<=COUNTA('Role Assignment Verification'!$A:$A)-4,INDEX('Role Assignment Verification'!$A:$A,ROW()+1),"") | B15: =IF(A15<>"",VLOOKUP(A15,'Role Inventory'!$A:$B,2,FALSE),"") | C15: =IF(A15<>"",VLOOKUP(A15,'Role Assignment Verification'!$A:$D,4,FALSE),"") | M15: =IF(B15="","",IF(AND(H15="No",I15="No",K15="No",L15="Complete"),"Aligned",IF(OR(K15="Yes",AND(H15="Yes",I15="Yes")),"Misaligned","Partial")))
A16: =IF(ROW()-4<=COUNTA('Role Assignment Verification'!$A:$A)-4,INDEX('Role Assignment Verification'!$A:$A,ROW()+1),"") | B16: =IF(A16<>"",VLOOKUP(A16,'Role Inventory'!$A:$B,2,FALSE),"") | C16: =IF(A16<>"",VLOOKUP(A16,'Role Assignment Verification'!$A:$D,4,FALSE),"") | M16: =IF(B16="","",IF(AND(H16="No",I16="No",K16="No",L16="Complete"),"Aligned",IF(OR(K16="Yes",AND(H16="Yes",I16="Yes")),"Misaligned","Partial")))
... A104: =IF(ROW()-4<=COUNTA('Role Assignment Verification'!$A:$A)-4,INDEX('Role Assignment Verification'!$A:$A,ROW()+1),"") | B104: =IF(A104<>"",VLOOKUP(A104,'Role Inventory'!$A:$B,2,FALSE),"") | C104: =IF(A104<>"",VLOOKUP(A104,'Role Assignment Verification'!$A:$D,4,FALSE),"") | M104: =IF(B104="","",IF(AND(H104="No",I104="No",K104="No",L104="Complete"),"Aligned",IF(OR(K104="Yes",AND(H104="Yes",I104="Yes")),"Misaligned","Partial")))

Sheet Gap Analysis
A1: GAP ANALYSIS
A2: Consolidated gaps from all assessment domains with risk levels and remediation plans
A4: Gap ID | B4: Role ID | C4: Role Title | D4: Gap Category | E4: Gap Description | F4: Risk Level | G4: Impact Assessment | H4: Affected Stakeholders | I4: Remediation Action | J4: Responsible Party | K4: Target Completion Date | L4: Estimated Effort | M4: Dependencies | N4: Status | O4: Completion Evidence | P4: Risk Acceptance
A5: =IF(ROW()<=4,"",TEXT(ROW()-4,"GAP-000"))
A6: =IF(ROW()<=4,"",TEXT(ROW()-4,"GAP-000"))
A7: =IF(ROW()<=4,"",TEXT(ROW()-4,"GAP-000"))
A8: =IF(ROW()<=4,"",TEXT(ROW()-4,"GAP-000"))
A9: =IF(ROW()<=4,"",TEXT(ROW()-4,"GAP-000"))
A10: =IF(ROW()<=4,"",TEXT(ROW()-4,"GAP-000"))
A11: =IF(ROW()<=4,"",TEXT(ROW()-4,"GAP-000"))
A12: =IF(ROW()<=4,"",TEXT(ROW()-4,"GAP-000"))
A13: =IF(ROW()<=4,"",TEXT(ROW()-4,"GAP-000"))
A14: =IF(ROW()<=4,"",TEXT(ROW()-4,"GAP-000"))
A15: =IF(ROW()<=4,"",TEXT(ROW()-4,"GAP-000"))
A16: =IF(ROW()<=4,"",TEXT(ROW()-4,"GAP-000"))
... A104: =IF(ROW()<=4,"",TEXT(ROW()-4,"GAP-000"))

Sheet Evidence Register
A1: EVIDENCE REGISTER
A2: ISMS-IMP-A.5.1-2-6.1-2.S2 — Roles Responsibilities Assessment Workbook
A4: Evidence ID | B4: Evidence Type | C4: Description | D4: Related Control / Section | E4: Collection Date (DD.MM.YYYY) | F4: Storage Location / Reference | G4: Collected By | H4: Status
A5: EV-001 | B5: Document | C5: Sample evidence entry — replace with actual evidence | D5: All Controls | E5: 01.01.2026 | F5: SharePoint/ISMS/Evidence/ | G5: ISMS Team | H5: Active

Sheet Summary Dashboard
A1: ROLES & RESPONSIBILITIES ASSESSMENT — SUMMARY DASHBOARD
A2: ISO/IEC 27001:2022 | Control A.5.2 | Information security roles assignment and coverage summary
A4: TABLE 1: ROLE STATUS DISTRIBUTION
A5: Role Inventory — Column K (Role Status), rows 5:54
A6: Status | B6: Count | C6: % of Total
A7: Active | B7: =COUNTIF('Role Inventory'!K5:K54,"Active") | C7: =IF($B$12=0,"—",TEXT(B7/$B$12,"0.0%"))
A8: Draft | B8: =COUNTIF('Role Inventory'!K5:K54,"Draft") | C8: =IF($B$12=0,"—",TEXT(B8/$B$12,"0.0%"))
A9: Under-Review | B9: =COUNTIF('Role Inventory'!K5:K54,"Under-Review") | C9: =IF($B$12=0,"—",TEXT(B9/$B$12,"0.0%"))
A10: Retired | B10: =COUNTIF('Role Inventory'!K5:K54,"Retired") | C10: =IF($B$12=0,"—",TEXT(B10/$B$12,"0.0%"))
A11: Proposed | B11: =COUNTIF('Role Inventory'!K5:K54,"Proposed") | C11: =IF($B$12=0,"—",TEXT(B11/$B$12,"0.0%"))
A12: TOTAL | B12: =SUM(B7:B11) | C12: —
A14: TABLE 2: KEY METRICS
A15: KPI Metric | B15: Value | C15: Notes
A16: Total Roles Defined | B16: =COUNTA('Role Inventory'!A5:A54) | C16: All roles catalogued in Role Inventory
A17: Active Roles | B17: =COUNTIF('Role Inventory'!K5:K54,"Active") | C17: Roles with Active assignment status
A18: Critical Roles | B18: =COUNTIF('Role Inventory'!L5:L54,"Critical") | C18: Roles flagged as Critical criticality in column L
A19: Roles Without Backup | B19: =COUNTIF('Role Inventory'!M5:M54,"No") | C19: Critical/High roles where backup_required is No
A20: RACI Activities Assessed | B20: =COUNTA('RACI Matrix Assessment'!A6:A55) | C20: Total security activities assessed in RACI Matrix
A21: RACI Complete | B21: =COUNTIF('RACI Matrix Assessment'!M6:M55,"Complete") | C21: Activities with complete RACI assignment (score ≥85%)
A22: RACI Conflicts | B22: =COUNTIF('RACI Matrix Assessment'!N6:N55,"Yes") | C22: Activities with multiple accountables or missing R/A
A23: Training Compliant | B23: =COUNTIF('Training Assessment'!N5:N104,"Compliant") | C23: Role holders with all required training complete
A24: Training Non-Compliant | B24: =COUNTIF('Training Assessment'!N5:N104,"Non-Compliant") | C24: Role holders with overdue or not-started training
A25: Access Aligned | B25: =COUNTIF('Access Alignment Review'!M5:M104,"Aligned") | C25: Role holders with fully aligned access permissions
A26: Access Misaligned | B26: =COUNTIF('Access Alignment Review'!M5:M104,"Misaligned") | C26: Role holders with access conflicts or excess privileges
A27: Critical Gaps Identified | B27: =COUNTIF('Gap Analysis'!F5:F104,"Critical") | C27: Critical-risk gaps in Gap Analysis sheet
A28: Open Remediation Actions | B28: =COUNTIF('Gap Analysis'!N5:N104,"Not-Started")+COUNTIF('Gap Analysis'!N5:N104,"In-Progress") | C28: Gaps not yet resolved (Not-Started + In-Progress)
A30: TABLE 3: CRITICAL FINDINGS
A31: Finding | B31: Count | C31: Action Required
A32: Critical Roles Without Backup | B32: =COUNTIF('Role Inventory'!M5:M54,"No") | C32: Assign backup personnel for all critical roles immediately
A33: High-Criticality Roles | B33: =COUNTIF('Role Inventory'!L5:L54,"High") | C33: Review high-criticality roles — confirm backup and documentation
A34: RACI Conflicts | B34: =COUNTIF('RACI Matrix Assessment'!N6:N55,"Yes") | C34: Resolve all RACI conflicts — assign single accountable per activity
A35: Training Non-Compliant | B35: =COUNTIF('Training Assessment'!N5:N104,"Non-Compliant") | C35: Initiate training for all non-compliant role holders immediately
A36: Access Misaligned | B36: =COUNTIF('Access Alignment Review'!M5:M104,"Misaligned") | C36: Review and correct all access misalignment and excess privileges

Sheet Approval Sign-Off
A1: ASSESSMENT APPROVAL AND SIGN-OFF
A2: ISO/IEC 27001:2022 - Control A.5.1-2-6.1-2: Information Security Roles and Responsibilities
A3: ASSESSMENT SUMMARY
A4: Document: | B4: ISMS-IMP-A.5.1-2-6.1-2.S2 - Roles Responsibilities Assessment Workbook
A5: Assessment Period:
A6: Overall Compliance Rating: | B6: =IFERROR(AVERAGE('Summary Dashboard'!G7:G11),"")
A7: Assessment Status:
A8: Assessed By:
A11: COMPLETED BY (ASSESSOR)
A12: Name:
A13: Title:
A14: Date:
A15: Signature:
A16: Comments:
A18: REVIEWED BY (INFORMATION SECURITY OFFICER)
A19: Name:
A20: Title:
A21: Date:
... A38: Special Considerations:
