Workbook
Name Role_Tier_List: 'Screening Level Matrix'!$A$5:$A$66
Name Employee_ID_List: 'Personnel Screening Registry'!$A$5:$A$54

Sheet Instructions & Legend
A1: ISMS-IMP-A.5.1-2-6.1-2.S3 - Screening Vetting Assessment Workbook ISO/IEC 27001:2022 - Control A.5.1-2-6.1-2: Information Security Policies and Organisation
A3: Document Information
A4: Document ID | B4: ISMS-IMP-A.5.1-2-6.1-2.S3
A5: Workbook Title | B5: Screening Vetting Assessment Workbook
A6: Control Reference | B6: ISO/IEC 27001:2022 - Control A.5.1-2-6.1-2: Information Security Policies and Organisation
A7: Version | B7: 1.0
A8: Assessment Date
A9: Completed By
A10: Organisation
A12: Instructions
A13: 1. Review the Dashboard (auto-calculated) for a high-level screening compliance overview.
A14: 2. Complete the Candidate Screening Register — record pre-employment checks per role.
A15: 3. Complete Background Verification — confirm identity, criminal record, and reference checks.
A16: 4. Complete the Role Risk Classification — assign screening tier by access level (Privileged/Standard/Limited).
A17: 5. Complete Third-Party Screening — verify contractors and vendors meet equivalent screening standards.
A18: 6. Complete Periodic Re-vetting — track renewal schedules for privileged access roles.
A19: 7. Review the Gap Analysis (auto-populated) — identify missing checks or expired screenings.
A20: 8. Attach audit evidence in the Evidence Register (EV-xxx references).
... A24: Status Legend
A25: Symbol | B25: Status | C25: Description
A26: ✓ | B26: Compliant / Complete | C26: Requirement fully met
A27: ⚠ | B27: Partial / In Progress | C27: Partially met or in progress
A28: ✗ | B28: Non-Compliant / Not Started | C28: Requirement not met
A29: — | B29: Not Applicable | C29: Not applicable to this assessment

Sheet Screening Process Assessment
A1: SCREENING PROCESS ASSESSMENT
A2: Verification of screening process documentation and implementation
A4: Process ID | B4: Process Name | C4: Process Owner | D4: Documented | E4: Document Location | F4: Last Review Date | G4: Process Implemented | H4: Implementation Evidence | I4: Compliance Status | J4: Provider Governed | K4: Gap Description | L4: Notes
A5: SP-01 | B5: Pre-Employment Background Check Process
A6: SP-02 | B6: Identity Verification Process
A7: SP-03 | B7: Employment History Verification
A8: SP-04 | B8: Education Verification Process
A9: SP-05 | B9: Professional Certification Verification
A10: SP-06 | B10: Criminal Record Check Process
A11: SP-07 | B11: Credit Check Process (where applicable)
A12: SP-08 | B12: Reference Check Process
A13: SP-09 | B13: Right-to-Work Verification
A14: SP-10 | B14: Security Clearance Process
A15: SP-11 | B15: Contractor Screening Process
A16: SP-12 | B16: Third-Party Personnel Screening
... A24: SP-20 | B24: Screening Audit Process

Sheet Screening Level Matrix
A1: SCREENING LEVEL MATRIX
A2: Role sensitivity tier to screening level mapping and requirements
A3: Role Tier | B3: Role Category | C3: Example Roles | D3: Required Screening Level | E3: Identity Check | F3: Employment History | G3: Criminal Check | H3: Credit Check | I3: Mapping Documented | J3: Gap Description | K3: Notes
A4: Custom-Tier | B4: Example Role Category | C4: Example role titles in this category | D4: Standard | E4: Required | F4: Required | G4: Not-Required | H4: Not-Required | I4: Yes | K4: Example entry — replace with your custom tier definition
A5: Tier-1 | B5: Executive/C-Suite | C5: CEO, CFO, CTO, CISO | D5: Enhanced
A6: Tier-2 | B6: Senior Management | C6: Directors, VPs, Department Heads | D6: Enhanced
A7: Tier-3 | B7: Information Security | C7: Security Analysts, SOC Staff, Admins | D7: Enhanced
A8: Tier-4 | B8: IT Privileged Access | C8: System Admins, DBAs, Network Engineers | D8: Enhanced
A9: Tier-5 | B9: Finance/Treasury | C9: Accountants, Controllers, Treasury Staff | D9: Enhanced
A10: Tier-6 | B10: HR/Legal | C10: HR Managers, Legal Counsel, Recruiters | D10: Standard-Plus
A11: Tier-7 | B11: Customer Data Access | C11: Customer Service, Sales, Support | D11: Standard
A12: Tier-8 | B12: General Staff | C12: Administrative, Operations | D12: Standard
A13: Tier-9 | B13: Contractors - High Risk | C13: IT Contractors, Security Consultants | D13: Enhanced
A14: Tier-10 | B14: Contractors - Standard | C14: General Contractors | D14: Standard
A15: Tier-11 | B15: Temporary Staff | C15: Temps, Interns | D15: Basic
A16: Tier-12 | B16: Third-Party On-Site | C16: Vendors with physical access | D16: Standard

Sheet Personnel Screening Registry
A1: PERSONNEL SCREENING REGISTRY
A2: Master registry of all personnel with screening status and dates
A3: Employee ID | B3: Full Name | C3: Department | D3: Job Title | E3: Role Tier | F3: Employment Type | G3: Start Date | H3: Required Screening Level | I3: Actual Screening Level | J3: Screening Complete | K3: Screening Date | L3: Screening Expiry | M3: Screening Provider | N3: Consent Obtained | O3: Consent Date | P3: Screening Status | Q3: Gap Identified | R3: Notes
A4: EMP-EXAMPLE | B4: Jane Smith (Example) | C4: Information Security | D4: Security Analyst | E4: Tier-3 | F4: Full-Time | G4: 01.03.2024 | H4: Enhanced | I4: Enhanced | J4: Yes | K4: 15.03.2024 | L4: 15.03.2027 | M4: Background Direct Ltd | N4: Yes | O4: 01.03.2024 | P4: Valid | Q4: No-Gap | R4: Example entry — replace with your personnel screening records
P5: =IF(A5="","",IF(AND(J5="Yes",L5>=TODAY()),"Valid",IF(AND(J5="Yes",L5<TODAY()),"Expired",IF(J5="In-Progress","Pending","Not-Screened")))) | Q5: =IF(A5="","",IF(AND(H5=I5,J5="Yes",L5>=TODAY()),"No-Gap",IF(OR(J5="No",L5<TODAY()),"Critical-Gap",IF(H5<>I5,"Level-Gap","Minor-Gap"))))
P6: =IF(A6="","",IF(AND(J6="Yes",L6>=TODAY()),"Valid",IF(AND(J6="Yes",L6<TODAY()),"Expired",IF(J6="In-Progress","Pending","Not-Screened")))) | Q6: =IF(A6="","",IF(AND(H6=I6,J6="Yes",L6>=TODAY()),"No-Gap",IF(OR(J6="No",L6<TODAY()),"Critical-Gap",IF(H6<>I6,"Level-Gap","Minor-Gap"))))
P7: =IF(A7="","",IF(AND(J7="Yes",L7>=TODAY()),"Valid",IF(AND(J7="Yes",L7<TODAY()),"Expired",IF(J7="In-Progress","Pending","Not-Screened")))) | Q7: =IF(A7="","",IF(AND(H7=I7,J7="Yes",L7>=TODAY()),"No-Gap",IF(OR(J7="No",L7<TODAY()),"Critical-Gap",IF(H7<>I7,"Level-Gap","Minor-Gap"))))
P8: =IF(A8="","",IF(AND(J8="Yes",L8>=TODAY()),"Valid",IF(AND(J8="Yes",L8<TODAY()),"Expired",IF(J8="In-Progress","Pending","Not-Screened")))) | Q8: =IF(A8="","",IF(AND(H8=I8,J8="Yes",L8>=TODAY()),"No-Gap",IF(OR(J8="No",L8<TODAY()),"Critical-Gap",IF(H8<>I8,"Level-Gap","Minor-Gap"))))
P9: =IF(A9="","",IF(AND(J9="Yes",L9>=TODAY()),"Valid",IF(AND(J9="Yes",L9<TODAY()),"Expired",IF(J9="In-Progress","Pending","Not-Screened")))) | Q9: =IF(A9="","",IF(AND(H9=I9,J9="Yes",L9>=TODAY()),"No-Gap",IF(OR(J9="No",L9<TODAY()),"Critical-Gap",IF(H9<>I9,"Level-Gap","Minor-Gap"))))
P10: =IF(A10="","",IF(AND(J10="Yes",L10>=TODAY()),"Valid",IF(AND(J10="Yes",L10<TODAY()),"Expired",IF(J10="In-Progress","Pending","Not-Screened")))) | Q10: =IF(A10="","",IF(AND(H10=I10,J10="Yes",L10>=TODAY()),"No-Gap",IF(OR(J10="No",L10<TODAY()),"Critical-Gap",IF(H10<>I10,"Level-Gap","Minor-Gap"))))
P11: =IF(A11="","",IF(AND(J11="Yes",L11>=TODAY()),"Valid",IF(AND(J11="Yes",L11<TODAY()),"Expired",IF(J11="In-Progress","Pending","Not-Screened")))) | Q11: =IF(A11="","",IF(AND(H11=I11,J11="Yes",L11>=TODAY()),"No-Gap",IF(OR(J11="No",L11<TODAY()),"Critical-Gap",IF(H11<>I11,"Level-Gap","Minor-Gap"))))
P12: =IF(A12="","",IF(AND(J12="Yes",L12>=TODAY()),"Valid",IF(AND(J12="Yes",L12<TODAY()),"Expired",IF(J12="In-Progress","Pending","Not-Screened")))) | Q12: =IF(A12="","",IF(AND(H12=I12,J12="Yes",L12>=TODAY()),"No-Gap",IF(OR(J12="No",L12<TODAY()),"Critical-Gap",IF(H12<>I12,"Level-Gap","Minor-Gap"))))
P13: =IF(A13="","",IF(AND(J13="Yes",L13>=TODAY()),"Valid",IF(AND(J13="Yes",L13<TODAY()),"Expired",IF(J13="In-Progress","Pending","Not-Screened")))) | Q13: =IF(A13="","",IF(AND(H13=I13,J13="Yes",L13>=TODAY()),"No-Gap",IF(OR(J13="No",L13<TODAY()),"Critical-Gap",IF(H13<>I13,"Level-Gap","Minor-Gap"))))
P14: =IF(A14="","",IF(AND(J14="Yes",L14>=TODAY()),"Valid",IF(AND(J14="Yes",L14<TODAY()),"Expired",IF(J14="In-Progress","Pending","Not-Screened")))) | Q14: =IF(A14="","",IF(AND(H14=I14,J14="Yes",L14>=TODAY()),"No-Gap",IF(OR(J14="No",L14<TODAY()),"Critical-Gap",IF(H14<>I14,"Level-Gap","Minor-Gap"))))
P15: =IF(A15="","",IF(AND(J15="Yes",L15>=TODAY()),"Valid",IF(AND(J15="Yes",L15<TODAY()),"Expired",IF(J15="In-Progress","Pending","Not-Screened")))) | Q15: =IF(A15="","",IF(AND(H15=I15,J15="Yes",L15>=TODAY()),"No-Gap",IF(OR(J15="No",L15<TODAY()),"Critical-Gap",IF(H15<>I15,"Level-Gap","Minor-Gap"))))
P16: =IF(A16="","",IF(AND(J16="Yes",L16>=TODAY()),"Valid",IF(AND(J16="Yes",L16<TODAY()),"Expired",IF(J16="In-Progress","Pending","Not-Screened")))) | Q16: =IF(A16="","",IF(AND(H16=I16,J16="Yes",L16>=TODAY()),"No-Gap",IF(OR(J16="No",L16<TODAY()),"Critical-Gap",IF(H16<>I16,"Level-Gap","Minor-Gap"))))
... P54: =IF(A54="","",IF(AND(J54="Yes",L54>=TODAY()),"Valid",IF(AND(J54="Yes",L54<TODAY()),"Expired",IF(J54="In-Progress","Pending","Not-Screened")))) | Q54: =IF(A54="","",IF(AND(H54=I54,J54="Yes",L54>=TODAY()),"No-Gap",IF(OR(J54="No",L54<TODAY()),"Critical-Gap",IF(H54<>I54,"Level-Gap","Minor-Gap"))))

Sheet Screening Compliance Verif
A1: SCREENING COMPLIANCE VERIFICATION
A2: Per-person screening compliance verification and gap identification
A4: Employee ID | B4: Full Name | C4: Role Tier | D4: Identity Verified | E4: Employment History Checked | F4: Education Verified | G4: Criminal Check Complete | H4: Credit Check Complete | I4: References Checked | J4: Right to Work Verified | K4: All Required Checks Complete | L4: Screening Level Appropriate | M4: Compliance Status | N4: Gap Description | O4: Evidence Reference
A5: =IF(ROW()-4<=COUNTA('Personnel Screening Registry'!$A:$A)-4,INDEX('Personnel Screening Registry'!$A:$A,ROW()-3),"") | B5: =IF(A5<>"",VLOOKUP(A5,'Personnel Screening Registry'!$A:$B,2,FALSE),"") | C5: =IF(A5<>"",VLOOKUP(A5,'Personnel Screening Registry'!$A:$E,5,FALSE),"") | K5: =IF(A5="","",IF(AND(D5="Yes",E5="Yes",J5="Yes"),"Yes","No")) | L5: =IF(A5="","",IF(VLOOKUP(A5,'Personnel Screening Registry'!$A:$I,8,FALSE)=VLOOKUP(A5,'Personnel Screening Registry'!$A:$I,9,FALSE),"Yes","No")) | M5: =IF(A5="","",IF(AND(K5="Yes",L5="Yes"),"Compliant",IF(OR(K5="No",L5="No"),"Non-Compliant","Partial")))
A6: =IF(ROW()-4<=COUNTA('Personnel Screening Registry'!$A:$A)-4,INDEX('Personnel Screening Registry'!$A:$A,ROW()-3),"") | B6: =IF(A6<>"",VLOOKUP(A6,'Personnel Screening Registry'!$A:$B,2,FALSE),"") | C6: =IF(A6<>"",VLOOKUP(A6,'Personnel Screening Registry'!$A:$E,5,FALSE),"") | K6: =IF(A6="","",IF(AND(D6="Yes",E6="Yes",J6="Yes"),"Yes","No")) | L6: =IF(A6="","",IF(VLOOKUP(A6,'Personnel Screening Registry'!$A:$I,8,FALSE)=VLOOKUP(A6,'Personnel Screening Registry'!$A:$I,9,FALSE),"Yes","No")) | M6: =IF(A6="","",IF(AND(K6="Yes",L6="Yes"),"Compliant",IF(OR(K6="No",L6="No"),"Non-Compliant","Partial")))
A7: =IF(ROW()-4<=COUNTA('Personnel Screening Registry'!$A:$A)-4,INDEX('Personnel Screening Registry'!$A:$A,ROW()-3),"") | B7: =IF(A7<>"",VLOOKUP(A7,'Personnel Screening Registry'!$A:$B,2,FALSE),"") | C7: =IF(A7<>"",VLOOKUP(A7,'Personnel Screening Registry'!$A:$E,5,FALSE),"") | K7: =IF(A7="","",IF(AND(D7="Yes",E7="Yes",J7="Yes"),"Yes","No")) | L7: =IF(A7="","",IF(VLOOKUP(A7,'Personnel Screening Registry'!$A:$I,8,FALSE)=VLOOKUP(A7,'Personnel Screening Registry'!$A:$I,9,FALSE),"Yes","No")) | M7: =IF(A7="","",IF(AND(K7="Yes",L7="Yes"),"Compliant",IF(OR(K7="No",L7="No"),"Non-Compliant","Partial")))
A8: =IF(ROW()-4<=COUNTA('Personnel Screening Registry'!$A:$A)-4,INDEX('Personnel Screening Registry'!$A:$A,ROW()-3),"") | B8: =IF(A8<>"",VLOOKUP(A8,'Personnel Screening Registry'!$A:$B,2,FALSE),"") | C8: =IF(A8<>"",VLOOKUP(A8,'Personnel Screening Registry'!$A:$E,5,FALSE),"") | K8: =IF(A8="","",IF(AND(D8="Yes",E8="Yes",J8="Yes"),"Yes","No")) | L8: =IF(A8="","",IF(VLOOKUP(A8,'Personnel Screening Registry'!$A:$I,8,FALSE)=VLOOKUP(A8,'Personnel Screening Registry'!$A:$I,9,FALSE),"Yes","No")) | M8: =IF(A8="","",IF(AND(K8="Yes",L8="Yes"),"Compliant",IF(OR(K8="No",L8="No"),"Non-Compliant","Partial")))
A9: =IF(ROW()-4<=COUNTA('Personnel Screening Registry'!$A:$A)-4,INDEX('Personnel Screening Registry'!$A:$A,ROW()-3),"") | B9: =IF(A9<>"",VLOOKUP(A9,'Personnel Screening Registry'!$A:$B,2,FALSE),"") | C9: =IF(A9<>"",VLOOKUP(A9,'Personnel Screening Registry'!$A:$E,5,FALSE),"") | K9: =IF(A9="","",IF(AND(D9="Yes",E9="Yes",J9="Yes"),"Yes","No")) | L9: =IF(A9="","",IF(VLOOKUP(A9,'Personnel Screening Registry'!$A:$I,8,FALSE)=VLOOKUP(A9,'Personnel Screening Registry'!$A:$I,9,FALSE),"Yes","No")) | M9: =IF(A9="","",IF(AND(K9="Yes",L9="Yes"),"Compliant",IF(OR(K9="No",L9="No"),"Non-Compliant","Partial")))
A10: =IF(ROW()-4<=COUNTA('Personnel Screening Registry'!$A:$A)-4,INDEX('Personnel Screening Registry'!$A:$A,ROW()-3),"") | B10: =IF(A10<>"",VLOOKUP(A10,'Personnel Screening Registry'!$A:$B,2,FALSE),"") | C10: =IF(A10<>"",VLOOKUP(A10,'Personnel Screening Registry'!$A:$E,5,FALSE),"") | K10: =IF(A10="","",IF(AND(D10="Yes",E10="Yes",J10="Yes"),"Yes","No")) | L10: =IF(A10="","",IF(VLOOKUP(A10,'Personnel Screening Registry'!$A:$I,8,FALSE)=VLOOKUP(A10,'Personnel Screening Registry'!$A:$I,9,FALSE),"Yes","No")) | M10: =IF(A10="","",IF(AND(K10="Yes",L10="Yes"),"Compliant",IF(OR(K10="No",L10="No"),"Non-Compliant","Partial")))
A11: =IF(ROW()-4<=COUNTA('Personnel Screening Registry'!$A:$A)-4,INDEX('Personnel Screening Registry'!$A:$A,ROW()-3),"") | B11: =IF(A11<>"",VLOOKUP(A11,'Personnel Screening Registry'!$A:$B,2,FALSE),"") | C11: =IF(A11<>"",VLOOKUP(A11,'Personnel Screening Registry'!$A:$E,5,FALSE),"") | K11: =IF(A11="","",IF(AND(D11="Yes",E11="Yes",J11="Yes"),"Yes","No")) | L11: =IF(A11="","",IF(VLOOKUP(A11,'Personnel Screening Registry'!$A:$I,8,FALSE)=VLOOKUP(A11,'Personnel Screening Registry'!$A:$I,9,FALSE),"Yes","No")) | M11: =IF(A11="","",IF(AND(K11="Yes",L11="Yes"),"Compliant",IF(OR(K11="No",L11="No"),"Non-Compliant","Partial")))
A12: =IF(ROW()-4<=COUNTA('Personnel Screening Registry'!$A:$A)-4,INDEX('Personnel Screening Registry'!$A:$A,ROW()-3),"") | B12: =IF(A12<>"",VLOOKUP(A12,'Personnel Screening Registry'!$A:$B,2,FALSE),"") | C12: =IF(A12<>"",VLOOKUP(A12,'Personnel Screening Registry'!$A:$E,5,FALSE),"") | K12: =IF(A12="","",IF(AND(D12="Yes",E12="Yes",J12="Yes"),"Yes","No")) | L12: =IF(A12="","",IF(VLOOKUP(A12,'Personnel Screening Registry'!$A:$I,8,FALSE)=VLOOKUP(A12,'Personnel Screening Registry'!$A:$I,9,FALSE),"Yes","No")) | M12: =IF(A12="","",IF(AND(K12="Yes",L12="Yes"),"Compliant",IF(OR(K12="No",L12="No"),"Non-Compliant","Partial")))
A13: =IF(ROW()-4<=COUNTA('Personnel Screening Registry'!$A:$A)-4,INDEX('Personnel Screening Registry'!$A:$A,ROW()-3),"") | B13: =IF(A13<>"",VLOOKUP(A13,'Personnel Screening Registry'!$A:$B,2,FALSE),"") | C13: =IF(A13<>"",VLOOKUP(A13,'Personnel Screening Registry'!$A:$E,5,FALSE),"") | K13: =IF(A13="","",IF(AND(D13="Yes",E13="Yes",J13="Yes"),"Yes","No")) | L13: =IF(A13="","",IF(VLOOKUP(A13,'Personnel Screening Registry'!$A:$I,8,FALSE)=VLOOKUP(A13,'Personnel Screening Registry'!$A:$I,9,FALSE),"Yes","No")) | M13: =IF(A13="","",IF(AND(K13="Yes",L13="Yes"),"Compliant",IF(OR(K13="No",L13="No"),"Non-Compliant","Partial")))
A14: =IF(ROW()-4<=COUNTA('Personnel Screening Registry'!$A:$A)-4,INDEX('Personnel Screening Registry'!$A:$A,ROW()-3),"") | B14: =IF(A14<>"",VLOOKUP(A14,'Personnel Screening Registry'!$A:$B,2,FALSE),"") | C14: =IF(A14<>"",VLOOKUP(A14,'Personnel Screening Registry'!$A:$E,5,FALSE),"") | K14: =IF(A14="","",IF(AND(D14="Yes",E14="Yes",J14="Yes"),"Yes","No")) | L14: =IF(A14="","",IF(VLOOKUP(A14,'Personnel Screening Registry'!$A:$I,8,FALSE)=VLOOKUP(A14,'Personnel Screening Registry'!$A:$I,9,FALSE),"Yes","No")) | M14: =IF(A14="","",IF(AND(K14="Yes",L14="Yes"),"Compliant",IF(OR(K14="No",L14="No"),"Non-Compliant","Partial")))
A15: =IF(ROW()-4<=COUNTA('Personnel Screening Registry'!$A:$A)-4,INDEX('Personnel Screening Registry'!$A:$A,ROW()-3),"") | B15: =IF(A15<>"",VLOOKUP(A15,'Personnel Screening Registry'!$A:$B,2,FALSE),"") | C15: =IF(A15<>"",VLOOKUP(A15,'Personnel Screening Registry'!$A:$E,5,FALSE),"") | K15: =IF(A15="","",IF(AND(D15="Yes",E15="Yes",J15="Yes"),"Yes","No")) | L15: =IF(A15="","",IF(VLOOKUP(A15,'Personnel Screening Registry'!$A:$I,8,FALSE)=VLOOKUP(A15,'Personnel Screening Registry'!$A:$I,9,FALSE),"Yes","No")) | M15: =IF(A15="","",IF(AND(K15="Yes",L15="Yes"),"Compliant",IF(OR(K15="No",L15="No"),"Non-Compliant","Partial")))
A16: =IF(ROW()-4<=COUNTA('Personnel Screening Registry'!$A:$A)-4,INDEX('Personnel Screening Registry'!$A:$A,ROW()-3),"") | B16: =IF(A16<>"",VLOOKUP(A16,'Personnel Screening Registry'!$A:$B,2,FALSE),"") | C16: =IF(A16<>"",VLOOKUP(A16,'Personnel Screening Registry'!$A:$E,5,FALSE),"") | K16: =IF(A16="","",IF(AND(D16="Yes",E16="Yes",J16="Yes"),"Yes","No")) | L16: =IF(A16="","",IF(VLOOKUP(A16,'Personnel Screening Registry'!$A:$I,8,FALSE)=VLOOKUP(A16,'Personnel Screening Registry'!$A:$I,9,FALSE),"Yes","No")) | M16: =IF(A16="","",IF(AND(K16="Yes",L16="Yes"),"Compliant",IF(OR(K16="No",L16="No"),"Non-Compliant","Partial")))
... A254: =IF(ROW()-4<=COUNTA('Personnel Screening Registry'!$A:$A)-4,INDEX('Personnel Screening Registry'!$A:$A,ROW()-3),"") | B254: =IF(A254<>"",VLOOKUP(A254,'Personnel Screening Registry'!$A:$B,2,FALSE),"") | C254: =IF(A254<>"",VLOOKUP(A254,'Personnel Screening Registry'!$A:$E,5,FALSE),"") | K254: =IF(A254="","",IF(AND(D254="Yes",E254="Yes",J254="Yes"),"Yes","No")) | L254: =IF(A254="","",IF(VLOOKUP(A254,'Personnel Screening Registry'!$A:$I,8,FALSE)=VLOOKUP(A254,'Personnel Screening Registry'!$A:$I,9,FALSE),"Yes","No")) | M254: =IF(A254="","",IF(AND(K254="Yes",L254="Yes"),"Compliant",IF(OR(K254="No",L254="No"),"Non-Compliant","Partial")))

Sheet Continuous Screening Assessment
A1: CONTINUOUS SCREENING ASSESSMENT
A2: Re-screening schedule tracking and continuous monitoring compliance
A4: Employee ID | B4: Full Name | C4: Role Tier | D4: Initial Screening Date | E4: Re Screening Interval | F4: Last Re Screening Date | G4: Next Re Screening Due | H4: Re Screening Status | I4: Trigger Event Occurred | J4: Trigger Event Details | K4: Continuous Monitoring Active | L4: Compliance Status | M4: Gap Description | N4: Evidence Reference
A5: =IF(ROW()-4<=COUNTA('Personnel Screening Registry'!$A:$A)-4,INDEX('Personnel Screening Registry'!$A:$A,ROW()-3),"") | B5: =IF(A5<>"",VLOOKUP(A5,'Personnel Screening Registry'!$A:$B,2,FALSE),"") | C5: =IF(A5<>"",VLOOKUP(A5,'Personnel Screening Registry'!$A:$E,5,FALSE),"") | D5: =IF(A5<>"",VLOOKUP(A5,'Personnel Screening Registry'!$A:$K,11,FALSE),"") | G5: =IF(OR(A5="",F5="",E5=""),"",IF(E5="Annual",F5+365,IF(E5="Biennial",F5+730,IF(E5="3-Year",F5+1095,F5+365)))) | H5: =IF(A5="","",IF(G5="","Not-Scheduled",IF(G5>=TODAY(),"Current",IF(G5>=TODAY()-30,"Due-Soon","Overdue")))) | L5: =IF(A5="","",IF(AND(OR(H5="Current",H5="Due-Soon"),OR(I5="No",I5="N/A",AND(I5="Yes",K5="Yes"))),"Compliant",IF(H5="Overdue","Non-Compliant","Partial")))
A6: =IF(ROW()-4<=COUNTA('Personnel Screening Registry'!$A:$A)-4,INDEX('Personnel Screening Registry'!$A:$A,ROW()-3),"") | B6: =IF(A6<>"",VLOOKUP(A6,'Personnel Screening Registry'!$A:$B,2,FALSE),"") | C6: =IF(A6<>"",VLOOKUP(A6,'Personnel Screening Registry'!$A:$E,5,FALSE),"") | D6: =IF(A6<>"",VLOOKUP(A6,'Personnel Screening Registry'!$A:$K,11,FALSE),"") | G6: =IF(OR(A6="",F6="",E6=""),"",IF(E6="Annual",F6+365,IF(E6="Biennial",F6+730,IF(E6="3-Year",F6+1095,F6+365)))) | H6: =IF(A6="","",IF(G6="","Not-Scheduled",IF(G6>=TODAY(),"Current",IF(G6>=TODAY()-30,"Due-Soon","Overdue")))) | L6: =IF(A6="","",IF(AND(OR(H6="Current",H6="Due-Soon"),OR(I6="No",I6="N/A",AND(I6="Yes",K6="Yes"))),"Compliant",IF(H6="Overdue","Non-Compliant","Partial")))
A7: =IF(ROW()-4<=COUNTA('Personnel Screening Registry'!$A:$A)-4,INDEX('Personnel Screening Registry'!$A:$A,ROW()-3),"") | B7: =IF(A7<>"",VLOOKUP(A7,'Personnel Screening Registry'!$A:$B,2,FALSE),"") | C7: =IF(A7<>"",VLOOKUP(A7,'Personnel Screening Registry'!$A:$E,5,FALSE),"") | D7: =IF(A7<>"",VLOOKUP(A7,'Personnel Screening Registry'!$A:$K,11,FALSE),"") | G7: =IF(OR(A7="",F7="",E7=""),"",IF(E7="Annual",F7+365,IF(E7="Biennial",F7+730,IF(E7="3-Year",F7+1095,F7+365)))) | H7: =IF(A7="","",IF(G7="","Not-Scheduled",IF(G7>=TODAY(),"Current",IF(G7>=TODAY()-30,"Due-Soon","Overdue")))) | L7: =IF(A7="","",IF(AND(OR(H7="Current",H7="Due-Soon"),OR(I7="No",I7="N/A",AND(I7="Yes",K7="Yes"))),"Compliant",IF(H7="Overdue","Non-Compliant","Partial")))
A8: =IF(ROW()-4<=COUNTA('Personnel Screening Registry'!$A:$A)-4,INDEX('Personnel Screening Registry'!$A:$A,ROW()-3),"") | B8: =IF(A8<>"",VLOOKUP(A8,'Personnel Screening Registry'!$A:$B,2,FALSE),"") | C8: =IF(A8<>"",VLOOKUP(A8,'Personnel Screening Registry'!$A:$E,5,FALSE),"") | D8: =IF(A8<>"",VLOOKUP(A8,'Personnel Screening Registry'!$A:$K,11,FALSE),"") | G8: =IF(OR(A8="",F8="",E8=""),"",IF(E8="Annual",F8+365,IF(E8="Biennial",F8+730,IF(E8="3-Year",F8+1095,F8+365)))) | H8: =IF(A8="","",IF(G8="","Not-Scheduled",IF(G8>=TODAY(),"Current",IF(G8>=TODAY()-30,"Due-Soon","Overdue")))) | L8: =IF(A8="","",IF(AND(OR(H8="Current",H8="Due-Soon"),OR(I8="No",I8="N/A",AND(I8="Yes",K8="Yes"))),"Compliant",IF(H8="Overdue","Non-Compliant","Partial")))
A9: =IF(ROW()-4<=COUNTA('Personnel Screening Registry'!$A:$A)-4,INDEX('Personnel Screening Registry'!$A:$A,ROW()-3),"") | B9: =IF(A9<>"",VLOOKUP(A9,'Personnel Screening Registry'!$A:$B,2,FALSE),"") | C9: =IF(A9<>"",VLOOKUP(A9,'Personnel Screening Registry'!$A:$E,5,FALSE),"") | D9: =IF(A9<>"",VLOOKUP(A9,'Personnel Screening Registry'!$A:$K,11,FALSE),"") | G9: =IF(OR(A9="",F9="",E9=""),"",IF(E9="Annual",F9+365,IF(E9="Biennial",F9+730,IF(E9="3-Year",F9+1095,F9+365)))) | H9: =IF(A9="","",IF(G9="","Not-Scheduled",IF(G9>=TODAY(),"Current",IF(G9>=TODAY()-30,"Due-Soon","Overdue")))) | L9: =IF(A9="","",IF(AND(OR(H9="Current",H9="Due-Soon"),OR(I9="No",I9="N/A",AND(I9="Yes",K9="Yes"))),"Compliant",IF(H9="Overdue","Non-Compliant","Partial")))
A10: =IF(ROW()-4<=COUNTA('Personnel Screening Registry'!$A:$A)-4,INDEX('Personnel Screening Registry'!$A:$A,ROW()-3),"") | B10: =IF(A10<>"",VLOOKUP(A10,'Personnel Screening Registry'!$A:$B,2,FALSE),"") | C10: =IF(A10<>"",VLOOKUP(A10,'Personnel Screening Registry'!$A:$E,5,FALSE),"") | D10: =IF(A10<>"",VLOOKUP(A10,'Personnel Screening Registry'!$A:$K,11,FALSE),"") | G10: =IF(OR(A10="",F10="",E10=""),"",IF(E10="Annual",F10+365,IF(E10="Biennial",F10+730,IF(E10="3-Year",F10+1095,F10+365)))) | H10: =IF(A10="","",IF(G10="","Not-Scheduled",IF(G10>=TODAY(),"Current",IF(G10>=TODAY()-30,"Due-Soon","Overdue")))) | L10: =IF(A10="","",IF(AND(OR(H10="Current",H10="Due-Soon"),OR(I10="No",I10="N/A",AND(I10="Yes",K10="Yes"))),"Compliant",IF(H10="Overdue","Non-Compliant","Partial")))
A11: =IF(ROW()-4<=COUNTA('Personnel Screening Registry'!$A:$A)-4,INDEX('Personnel Screening Registry'!$A:$A,ROW()-3),"") | B11: =IF(A11<>"",VLOOKUP(A11,'Personnel Screening Registry'!$A:$B,2,FALSE),"") | C11: =IF(A11<>"",VLOOKUP(A11,'Personnel Screening Registry'!$A:$E,5,FALSE),"") | D11: =IF(A11<>"",VLOOKUP(A11,'Personnel Screening Registry'!$A:$K,11,FALSE),"") | G11: =IF(OR(A11="",F11="",E11=""),"",IF(E11="Annual",F11+365,IF(E11="Biennial",F11+730,IF(E11="3-Year",F11+1095,F11+365)))) | H11: =IF(A11="","",IF(G11="","Not-Scheduled",IF(G11>=TODAY(),"Current",IF(G11>=TODAY()-30,"Due-Soon","Overdue")))) | L11: =IF(A11="","",IF(AND(OR(H11="Current",H11="Due-Soon"),OR(I11="No",I11="N/A",AND(I11="Yes",K11="Yes"))),"Compliant",IF(H11="Overdue","Non-Compliant","Partial")))
A12: =IF(ROW()-4<=COUNTA('Personnel Screening Registry'!$A:$A)-4,INDEX('Personnel Screening Registry'!$A:$A,ROW()-3),"") | B12: =IF(A12<>"",VLOOKUP(A12,'Personnel Screening Registry'!$A:$B,2,FALSE),"") | C12: =IF(A12<>"",VLOOKUP(A12,'Personnel Screening Registry'!$A:$E,5,FALSE),"") | D12: =IF(A12<>"",VLOOKUP(A12,'Personnel Screening Registry'!$A:$K,11,FALSE),"") | G12: =IF(OR(A12="",F12="",E12=""),"",IF(E12="Annual",F12+365,IF(E12="Biennial",F12+730,IF(E12="3-Year",F12+1095,F12+365)))) | H12: =IF(A12="","",IF(G12="","Not-Scheduled",IF(G12>=TODAY(),"Current",IF(G12>=TODAY()-30,"Due-Soon","Overdue")))) | L12: =IF(A12="","",IF(AND(OR(H12="Current",H12="Due-Soon"),OR(I12="No",I12="N/A",AND(I12="Yes",K12="Yes"))),"Compliant",IF(H12="Overdue","Non-Compliant","Partial")))
A13: =IF(ROW()-4<=COUNTA('Personnel Screening Registry'!$A:$A)-4,INDEX('Personnel Screening Registry'!$A:$A,ROW()-3),"") | B13: =IF(A13<>"",VLOOKUP(A13,'Personnel Screening Registry'!$A:$B,2,FALSE),"") | C13: =IF(A13<>"",VLOOKUP(A13,'Personnel Screening Registry'!$A:$E,5,FALSE),"") | D13: =IF(A13<>"",VLOOKUP(A13,'Personnel Screening Registry'!$A:$K,11,FALSE),"") | G13: =IF(OR(A13="",F13="",E13=""),"",IF(E13="Annual",F13+365,IF(E13="Biennial",F13+730,IF(E13="3-Year",F13+1095,F13+365)))) | H13: =IF(A13="","",IF(G13="","Not-Scheduled",IF(G13>=TODAY(),"Current",IF(G13>=TODAY()-30,"Due-Soon","Overdue")))) | L13: =IF(A13="","",IF(AND(OR(H13="Current",H13="Due-Soon"),OR(I13="No",I13="N/A",AND(I13="Yes",K13="Yes"))),"Compliant",IF(H13="Overdue","Non-Compliant","Partial")))
A14: =IF(ROW()-4<=COUNTA('Personnel Screening Registry'!$A:$A)-4,INDEX('Personnel Screening Registry'!$A:$A,ROW()-3),"") | B14: =IF(A14<>"",VLOOKUP(A14,'Personnel Screening Registry'!$A:$B,2,FALSE),"") | C14: =IF(A14<>"",VLOOKUP(A14,'Personnel Screening Registry'!$A:$E,5,FALSE),"") | D14: =IF(A14<>"",VLOOKUP(A14,'Personnel Screening Registry'!$A:$K,11,FALSE),"") | G14: =IF(OR(A14="",F14="",E14=""),"",IF(E14="Annual",F14+365,IF(E14="Biennial",F14+730,IF(E14="3-Year",F14+1095,F14+365)))) | H14: =IF(A14="","",IF(G14="","Not-Scheduled",IF(G14>=TODAY(),"Current",IF(G14>=TODAY()-30,"Due-Soon","Overdue")))) | L14: =IF(A14="","",IF(AND(OR(H14="Current",H14="Due-Soon"),OR(I14="No",I14="N/A",AND(I14="Yes",K14="Yes"))),"Compliant",IF(H14="Overdue","Non-Compliant","Partial")))
A15: =IF(ROW()-4<=COUNTA('Personnel Screening Registry'!$A:$A)-4,INDEX('Personnel Screening Registry'!$A:$A,ROW()-3),"") | B15: =IF(A15<>"",VLOOKUP(A15,'Personnel Screening Registry'!$A:$B,2,FALSE),"") | C15: =IF(A15<>"",VLOOKUP(A15,'Personnel Screening Registry'!$A:$E,5,FALSE),"") | D15: =IF(A15<>"",VLOOKUP(A15,'Personnel Screening Registry'!$A:$K,11,FALSE),"") | G15: =IF(OR(A15="",F15="",E15=""),"",IF(E15="Annual",F15+365,IF(E15="Biennial",F15+730,IF(E15="3-Year",F15+1095,F15+365)))) | H15: =IF(A15="","",IF(G15="","Not-Scheduled",IF(G15>=TODAY(),"Current",IF(G15>=TODAY()-30,"Due-Soon","Overdue")))) | L15: =IF(A15="","",IF(AND(OR(H15="Current",H15="Due-Soon"),OR(I15="No",I15="N/A",AND(I15="Yes",K15="Yes"))),"Compliant",IF(H15="Overdue","Non-Compliant","Partial")))
A16: =IF(ROW()-4<=COUNTA('Personnel Screening Registry'!$A:$A)-4,INDEX('Personnel Screening Registry'!$A:$A,ROW()-3),"") | B16: =IF(A16<>"",VLOOKUP(A16,'Personnel Screening Registry'!$A:$B,2,FALSE),"") | C16: =IF(A16<>"",VLOOKUP(A16,'Personnel Screening Registry'!$A:$E,5,FALSE),"") | D16: =IF(A16<>"",VLOOKUP(A16,'Personnel Screening Registry'!$A:$K,11,FALSE),"") | G16: =IF(OR(A16="",F16="",E16=""),"",IF(E16="Annual",F16+365,IF(E16="Biennial",F16+730,IF(E16="3-Year",F16+1095,F16+365)))) | H16: =IF(A16="","",IF(G16="","Not-Scheduled",IF(G16>=TODAY(),"Current",IF(G16>=TODAY()-30,"Due-Soon","Overdue")))) | L16: =IF(A16="","",IF(AND(OR(H16="Current",H16="Due-Soon"),OR(I16="No",I16="N/A",AND(I16="Yes",K16="Yes"))),"Compliant",IF(H16="Overdue","Non-Compliant","Partial")))
... A254: =IF(ROW()-4<=COUNTA('Personnel Screening Registry'!$A:$A)-4,INDEX('Personnel Screening Registry'!$A:$A,ROW()-3),"") | B254: =IF(A254<>"",VLOOKUP(A254,'Personnel Screening Registry'!$A:$B,2,FALSE),"") | C254: =IF(A254<>"",VLOOKUP(A254,'Personnel Screening Registry'!$A:$E,5,FALSE),"") | D254: =IF(A254<>"",VLOOKUP(A254,'Personnel Screening Registry'!$A:$K,11,FALSE),"") | G254: =IF(OR(A254="",F254="",E254=""),"",IF(E254="Annual",F254+365,IF(E254="Biennial",F254+730,IF(E254="3-Year",F254+1095,F254+365)))) | H254: =IF(A254="","",IF(G254="","Not-Scheduled",IF(G254>=TODAY(),"Current",IF(G254>=TODAY()-30,"Due-Soon","Overdue")))) | L254: =IF(A254="","",IF(AND(OR(H254="Current",H254="Due-Soon"),OR(I254="No",I254="N/A",AND(I254="Yes",K254="Yes"))),"Compliant",IF(H254="Overdue","Non-Compliant","Partial")))

Sheet Legal Compliance Review
A1: LEGAL COMPLIANCE REVIEW
A2: Swiss FADP and GDPR screening legality verification
A4: Requirement ID | B4: Requirement Category | C4: Requirement Description | D4: Applicable Regulation | E4: Implementation Status | F4: Implementation Evidence | G4: Last Review Date | H4: Responsible Party | I4: Compliance Status | J4: Gap Description | K4: Notes
A5: LR-01 | B5: Consent | C5: Written consent obtained before screening | D5: FADP Art. 6
A6: LR-02 | B6: Consent | C6: Consent is informed (purpose, scope, retention) | D6: FADP Art. 6
A7: LR-03 | B7: Consent | C7: Consent is freely given (not condition of employment) | D7: FADP Art. 6
A8: LR-04 | B8: Consent | C8: Consent withdrawal mechanism documented | D8: FADP Art. 6
A9: LR-05 | B9: Purpose Limitation | C9: Screening limited to job-relevant checks | D9: FADP Art. 6
A10: LR-06 | B10: Purpose Limitation | C10: No excessive data collection | D10: FADP Art. 6
A11: LR-07 | B11: Data Minimization | C11: Only necessary data collected | D11: GDPR Art. 5
A12: LR-08 | B12: Data Minimization | C12: Screening scope proportionate to role | D12: FADP Art. 6
A13: LR-09 | B13: Data Retention | C13: Retention period defined and documented | D13: FADP Art. 6
A14: LR-10 | B14: Data Retention | C14: Data deleted after retention period | D14: FADP Art. 6
A15: LR-11 | B15: Data Retention | C15: Unsuccessful applicant data deleted (max 3 months) | D15: FADP Art. 6
A16: LR-12 | B16: Transparency | C16: Candidate informed of screening results | D16: FADP Art. 25
... A24: LR-20 | B24: Appeals | C24: Adverse decision appeal process documented | D24: Best Practice

Sheet Gap Analysis
A1: GAP ANALYSIS
A2: Consolidated screening gaps from all assessment domains with risk levels and remediation plans
A4: Gap ID | B4: Source Sheet | C4: Employee ID | D4: Gap Category | E4: Gap Description | F4: Risk Level | G4: Impact Assessment | H4: Affected Stakeholders | I4: Remediation Action | J4: Responsible Party | K4: Target Completion Date | L4: Estimated Effort | M4: Dependencies | N4: Status | O4: Completion Evidence | P4: Risk Acceptance
A5: =IF(B5="","",TEXT(ROW()-4,"SCR-GAP-000"))
A6: =IF(B6="","",TEXT(ROW()-4,"SCR-GAP-000"))
A7: =IF(B7="","",TEXT(ROW()-4,"SCR-GAP-000"))
A8: =IF(B8="","",TEXT(ROW()-4,"SCR-GAP-000"))
A9: =IF(B9="","",TEXT(ROW()-4,"SCR-GAP-000"))
A10: =IF(B10="","",TEXT(ROW()-4,"SCR-GAP-000"))
A11: =IF(B11="","",TEXT(ROW()-4,"SCR-GAP-000"))
A12: =IF(B12="","",TEXT(ROW()-4,"SCR-GAP-000"))
A13: =IF(B13="","",TEXT(ROW()-4,"SCR-GAP-000"))
A14: =IF(B14="","",TEXT(ROW()-4,"SCR-GAP-000"))
A15: =IF(B15="","",TEXT(ROW()-4,"SCR-GAP-000"))
A16: =IF(B16="","",TEXT(ROW()-4,"SCR-GAP-000"))
... A154: =IF(B154="","",TEXT(ROW()-4,"SCR-GAP-000"))

Sheet Evidence Register
A1: EVIDENCE REGISTER
A2: ISMS-IMP-A.5.1-2-6.1-2.S3 — Screening Vetting Assessment Workbook
A4: Evidence ID | B4: Evidence Type | C4: Description | D4: Related Control / Section | E4: Collection Date (DD.MM.YYYY) | F4: Storage Location / Reference | G4: Collected By | H4: Status
A5: EV-001 | B5: Document | C5: Sample evidence entry — replace with actual evidence | D5: All Controls | E5: 01.01.2026 | F5: SharePoint/ISMS/Evidence/ | G5: ISMS Team | H5: Active

Sheet Summary Dashboard
A1: SCREENING & VETTING ASSESSMENT — SUMMARY DASHBOARD
A2: ISO/IEC 27001:2022 | Control A.6.1 | Personnel screening completion and consent compliance summary
A4: TABLE 1: SCREENING COMPLETION STATUS
A5: Personnel Screening Registry — Column J (Screening Complete), rows 5:54
A6: Status | B6: Count | C6: % of Total
A7: Yes | B7: =COUNTIF('Personnel Screening Registry'!J5:J54,"Yes") | C7: =IF($B$11=0,"—",TEXT(B7/$B$11,"0.0%"))
A8: No | B8: =COUNTIF('Personnel Screening Registry'!J5:J54,"No") | C8: =IF($B$11=0,"—",TEXT(B8/$B$11,"0.0%"))
A9: In-Progress | B9: =COUNTIF('Personnel Screening Registry'!J5:J54,"In-Progress") | C9: =IF($B$11=0,"—",TEXT(B9/$B$11,"0.0%"))
A10: Pending | B10: =COUNTIF('Personnel Screening Registry'!J5:J54,"Pending") | C10: =IF($B$11=0,"—",TEXT(B10/$B$11,"0.0%"))
A11: TOTAL | B11: =SUM(B7:B10) | C11: —
A13: TABLE 2: KEY METRICS
A14: KPI Metric | B14: Value | C14: Notes
A15: Total Personnel Registered | B15: =COUNTA('Personnel Screening Registry'!A5:A54) | C15: All personnel records in Personnel Screening Registry
A16: Screening Complete | B16: =COUNTIF('Personnel Screening Registry'!J5:J54,"Yes") | C16: Personnel with fully completed screening
A17: Screening In-Progress | B17: =COUNTIF('Personnel Screening Registry'!J5:J54,"In-Progress") | C17: Screening currently under way — monitor for completion
A18: Consent Not Obtained | B18: =COUNTIF('Personnel Screening Registry'!N5:N54,"No")+COUNTIF('Personnel Screening Registry'!N5:N54,"Pending") | C18: Personnel where consent is No or Pending — legal risk
A19: Critical Gaps Identified | B19: =COUNTIF('Gap Analysis'!F5:F154,"Critical") | C19: Critical-risk gaps in Gap Analysis sheet
A20: Open Remediation Actions | B20: =COUNTIF('Gap Analysis'!N5:N154,"Not-Started")+COUNTIF('Gap Analysis'!N5:N154,"In-Progress") | C20: Gaps not yet resolved (Not-Started + In-Progress)
A22: TABLE 3: CRITICAL FINDINGS
A23: Finding | B23: Count | C23: Action Required
A24: Screening Not Completed | B24: =COUNTIF('Personnel Screening Registry'!J5:J54,"No") | C24: Initiate screening for all personnel without completed screening records
A25: Consent Not Obtained | B25: =COUNTIF('Personnel Screening Registry'!N5:N54,"No") | C25: Obtain written consent before processing screening data — nFADP/GDPR risk
A26: Consent Pending Resolution | B26: =COUNTIF('Personnel Screening Registry'!N5:N54,"Pending") | C26: Progress all pending consent records — set a deadline for resolution

Sheet Approval Sign-Off
A1: ASSESSMENT APPROVAL AND SIGN-OFF
A2: ISO/IEC 27001:2022 - Control A.5.1-2-6.1-2: Information Security Policies and Organisation
A3: ASSESSMENT SUMMARY
A4: Document: | B4: ISMS-IMP-A.5.1-2-6.1-2.S3 - Screening Vetting Assessment Workbook
A5: Assessment Period:
A6: Overall Compliance Rating: | B6: =IFERROR(AVERAGE('Summary Dashboard'!G7:G11),"")
A7: Assessment Status:
A8: Assessed By:
A11: COMPLETED BY (ASSESSOR)
A12: Name:
A13: Title:
A14: Date:
A15: Signature:
A16: Comments:
A18: REVIEWED BY (INFORMATION SECURITY OFFICER)
A19: Name:
A20: Title:
A21: Date:
... A38: Special Considerations:
