Workbook

Sheet Instructions & Legend
A1: ISMS-IMP-A.5.7.3 - Intelligence Integration & Distribution Assessment ISO/IEC 27001:2022 - Control A.5.7: Threat Intelligence
A3: Document Information
A4: Document ID | B4: ISMS-IMP-A.5.7.3
A5: Workbook Title | B5: Intelligence Integration & Distribution Assessment
A6: Control Reference | B6: ISO/IEC 27001:2022 - Control A.5.7: Threat Intelligence
A7: Version | B7: 1.0
A8: Assessment Date
A9: Completed By
A10: Organisation
A12: Instructions
A13: 1. Document all security tools in scope for threat intelligence integration in the Tool Integration Matrix sheet (SIEM, SOAR, IDS/IPS, firewall, EDR, vulnerability scanners).
A14: 2. Assess each tool's integration status, feed ingestion capability, and supported data formats (STIX/TAXII, CSV, JSON, XML, MISP).
A15: 3. Record integration performance metrics in the Integration Metrics sheet — track timeliness, volume ingested, false positive rate, and analyst time saved.
A16: 4. Identify tools lacking active threat intelligence integration and document gap remediation plans with target completion dates and responsible owners.
A17: 5. Use the Performance Trend column to track whether each integration metric is Improving, Stable, or Declining quarter-on-quarter.
A18: 6. Prioritise automation for high-volume manual processes — document automation opportunities and measure analyst workload reduction.
A19: 7. Maintain the Evidence Register with integration configuration exports, API documentation, and performance dashboards.
A20: 8. Obtain sign-off from the SOC Manager, Security Architecture lead, and CISO.
A22: Status Legend
A23: Symbol | B23: Status | C23: Description
A24: ✓ | B24: Compliant / Complete | C24: Requirement fully met
A25: ⚠ | B25: Partial / In Progress | C25: Partially met or in progress
A26: ✗ | B26: Non-Compliant / Not Started | C26: Requirement not met
A27: — | B27: Not Applicable | C27: Not applicable to this assessment
A29: Acceptable Evidence (examples)
A30: ✓ SIEM / SOAR threat intelligence integration configuration exports (sanitised)
A31: ✓ STIX / TAXII and API integration documentation
A32: ✓ Integration performance reports and dashboards
A33: ✓ Automation workflow documentation and efficiency metrics
A34: ✓ Vendor integration capability documentation and data sheets

Sheet Tool Integration Matrix
A1: SECURITY TOOL INTEGRATION MATRIX
A2: Document threat intelligence integration status across all security tools - SIEM, EDR, firewalls, proxies, email gateways, etc.
A4: Tool ID | B4: Tool Category | C4: Tool Name | D4: Vendor | E4: Version | F4: Primary Owner | G4: Integration Status | H4: Integration Method | I4: Integration Direction | J4: Data Types Integrated | K4: Automation Level | L4: Update Frequency | M4: IOC Types Supported | N4: Last Successful Sync | O4: Sync Errors Last 30 Days | P4: Effectiveness Rating
A5: TOOL-001
A36: INTEGRATION SUMMARY
A37: Total Tools: | B37: =COUNTA(C5:C34)
A38: Fully Integrated: | B38: =COUNTIF(G5:G34,"Fully_Integrated")
A39: Partially Integrated: | B39: =COUNTIF(G5:G34,"Partially_Integrated")
A40: Not Integrated: | B40: =COUNTIF(G5:G34,"Not_Integrated")

Sheet IOC Deployment
A1: INDICATOR OF COMPROMISE (IOC) DEPLOYMENT TRACKING
A2: Track IOC deployment lifecycle, detection effectiveness, and false positive management. Correlate IOCs to incidents and vulnerabilities.
A4: IOC ID | B4: IOC Type | C4: IOC Value | D4: Intelligence Source | E4: Threat Actor | F4: Associated Malware | G4: Confidence Level | H4: Severity | I4: TLP Classification | J4: Deployment Date | K4: Deployed To Tools | L4: Deployment Method | M4: Expiration Date | N4: Status | O4: Hits Last 7 Days | P4: Hits Last 30 Days | Q4: Hits Total | R4: Last Hit Date | S4: False Positive | T4: Effectiveness Rating
A5: IOC-2025-001 | T5: =IF(AND(Q5>0,S5="No"),"Effective",IF(AND(Q5>0,S5="Yes"),"Ineffective",IF(AND(Q5=0,J5<TODAY()-30),"Ineffective","Monitoring")))
T6: =IF(AND(Q6>0,S6="No"),"Effective",IF(AND(Q6>0,S6="Yes"),"Ineffective",IF(AND(Q6=0,J6<TODAY()-30),"Ineffective","Monitoring")))
T7: =IF(AND(Q7>0,S7="No"),"Effective",IF(AND(Q7>0,S7="Yes"),"Ineffective",IF(AND(Q7=0,J7<TODAY()-30),"Ineffective","Monitoring")))
T8: =IF(AND(Q8>0,S8="No"),"Effective",IF(AND(Q8>0,S8="Yes"),"Ineffective",IF(AND(Q8=0,J8<TODAY()-30),"Ineffective","Monitoring")))
T9: =IF(AND(Q9>0,S9="No"),"Effective",IF(AND(Q9>0,S9="Yes"),"Ineffective",IF(AND(Q9=0,J9<TODAY()-30),"Ineffective","Monitoring")))
T10: =IF(AND(Q10>0,S10="No"),"Effective",IF(AND(Q10>0,S10="Yes"),"Ineffective",IF(AND(Q10=0,J10<TODAY()-30),"Ineffective","Monitoring")))
T11: =IF(AND(Q11>0,S11="No"),"Effective",IF(AND(Q11>0,S11="Yes"),"Ineffective",IF(AND(Q11=0,J11<TODAY()-30),"Ineffective","Monitoring")))
T12: =IF(AND(Q12>0,S12="No"),"Effective",IF(AND(Q12>0,S12="Yes"),"Ineffective",IF(AND(Q12=0,J12<TODAY()-30),"Ineffective","Monitoring")))
T13: =IF(AND(Q13>0,S13="No"),"Effective",IF(AND(Q13>0,S13="Yes"),"Ineffective",IF(AND(Q13=0,J13<TODAY()-30),"Ineffective","Monitoring")))
T14: =IF(AND(Q14>0,S14="No"),"Effective",IF(AND(Q14>0,S14="Yes"),"Ineffective",IF(AND(Q14=0,J14<TODAY()-30),"Ineffective","Monitoring")))
T15: =IF(AND(Q15>0,S15="No"),"Effective",IF(AND(Q15>0,S15="Yes"),"Ineffective",IF(AND(Q15=0,J15<TODAY()-30),"Ineffective","Monitoring")))
T16: =IF(AND(Q16>0,S16="No"),"Effective",IF(AND(Q16>0,S16="Yes"),"Ineffective",IF(AND(Q16=0,J16<TODAY()-30),"Ineffective","Monitoring")))
T17: =IF(AND(Q17>0,S17="No"),"Effective",IF(AND(Q17>0,S17="Yes"),"Ineffective",IF(AND(Q17=0,J17<TODAY()-30),"Ineffective","Monitoring")))
... T104: =IF(AND(Q104>0,S104="No"),"Effective",IF(AND(Q104>0,S104="Yes"),"Ineffective",IF(AND(Q104=0,J104<TODAY()-30),"Ineffective","Monitoring")))
A106: IOC SUMMARY
A107: Total IOCs: | B107: =COUNTA(C5:C104)
A108: Active IOCs: | B108: =COUNTIF(N5:N104,"Active")
A109: IOCs with Hits (7 days): | B109: =COUNTIF(O5:O104,">0")
A110: False Positives: | B110: =COUNTIF(S5:S104,"Yes")
A111: Effective IOCs: | B111: =COUNTIF(T5:T104,"Effective")

Sheet Dissemination Channels
A1: INTELLIGENCE DISSEMINATION CHANNELS
A2: Document all channels used to distribute threat intelligence - email lists, portals, dashboards, APIs, briefings, chat platforms.
A4: Channel ID | B4: Channel Name | C4: Channel Type | D4: Target Audience | E4: Intelligence Types | F4: Frequency | G4: Delivery Method | H4: TLP Max Classification | I4: Active Subscribers | J4: Avg Engagement Rate | K4: Status | L4: Owner | M4: Last Distribution | N4: Notes
A5: CHAN-001
A31: CHANNEL SUMMARY
A32: Total Channels: | B32: =COUNTA(B5:B29)
A33: Active Channels: | B33: =COUNTIF(K5:K29,"Active")
A34: Total Subscribers: | B34: =SUM(I5:I29)
A35: Average Engagement: | B35: =AVERAGE(J5:J29)

Sheet Stakeholder Registry
A1: THREAT INTELLIGENCE STAKEHOLDER REGISTRY
A2: Maintain registry of all threat intelligence stakeholders - track roles, clearances, engagement levels, and communication preferences.
A4: Stakeholder ID | B4: Full Name | C4: Email | D4: Role Title | E4: Department | F4: Stakeholder Type | G4: TLP Clearance | H4: Subscribed Channels | I4: Engagement Level | J4: Last Feedback Date | K4: Status | L4: Notes
A5: STK-001
A56: STAKEHOLDER SUMMARY
A57: Total Stakeholders: | B57: =COUNTA(B5:B54)
A58: Active Stakeholders: | B58: =COUNTIF(K5:K54,"Active")
A59: High Engagement: | B59: =COUNTIF(I5:I54,"High")
A60: Low/No Engagement: | B60: =COUNTIF(I5:I54,"Low")+COUNTIF(I5:I54,"None")
A62: CLEARANCE BREAKDOWN
A63: TLP:RED: | B63: =COUNTIF(G5:G54,"TLP:RED")
A64: TLP:AMBER+STRICT: | B64: =COUNTIF(G5:G54,"TLP:AMBER+STRICT")
A65: TLP:AMBER: | B65: =COUNTIF(G5:G54,"TLP:AMBER")
A66: TLP:GREEN: | B66: =COUNTIF(G5:G54,"TLP:GREEN")
A67: TLP:CLEAR: | B67: =COUNTIF(G5:G54,"TLP:CLEAR")

Sheet Distribution Tracking
A1: INTELLIGENCE DISTRIBUTION TRACKING
A2: Track who received what intelligence, when, and through which channel. Monitor engagement and action rates.
A4: Distribution ID | B4: Product ID | C4: Product Title | D4: Channel ID | E4: Channel Name | F4: Distribution Date | G4: Recipients Count | H4: TLP Classification | I4: Views Count | J4: Downloads Count | K4: Feedback Received | L4: Action Taken Count | M4: Engagement Rate | N4: Effectiveness | O4: Notes
A5: DIST-2025-001 | E5: =IFERROR(VLOOKUP(D5,'Dissemination Channels'!A:B,2,FALSE),"") | M5: =IF(G5=0,"",((I5+J5+K5)/G5)*100) | N5: =IF(AND(L5/G5>0.25,M5>40),"High",IF(OR(L5/G5>0.15,M5>25),"Medium","Low"))
E6: =IFERROR(VLOOKUP(D6,'Dissemination Channels'!A:B,2,FALSE),"") | M6: =IF(G6=0,"",((I6+J6+K6)/G6)*100) | N6: =IF(AND(L6/G6>0.25,M6>40),"High",IF(OR(L6/G6>0.15,M6>25),"Medium","Low"))
E7: =IFERROR(VLOOKUP(D7,'Dissemination Channels'!A:B,2,FALSE),"") | M7: =IF(G7=0,"",((I7+J7+K7)/G7)*100) | N7: =IF(AND(L7/G7>0.25,M7>40),"High",IF(OR(L7/G7>0.15,M7>25),"Medium","Low"))
E8: =IFERROR(VLOOKUP(D8,'Dissemination Channels'!A:B,2,FALSE),"") | M8: =IF(G8=0,"",((I8+J8+K8)/G8)*100) | N8: =IF(AND(L8/G8>0.25,M8>40),"High",IF(OR(L8/G8>0.15,M8>25),"Medium","Low"))
E9: =IFERROR(VLOOKUP(D9,'Dissemination Channels'!A:B,2,FALSE),"") | M9: =IF(G9=0,"",((I9+J9+K9)/G9)*100) | N9: =IF(AND(L9/G9>0.25,M9>40),"High",IF(OR(L9/G9>0.15,M9>25),"Medium","Low"))
E10: =IFERROR(VLOOKUP(D10,'Dissemination Channels'!A:B,2,FALSE),"") | M10: =IF(G10=0,"",((I10+J10+K10)/G10)*100) | N10: =IF(AND(L10/G10>0.25,M10>40),"High",IF(OR(L10/G10>0.15,M10>25),"Medium","Low"))
E11: =IFERROR(VLOOKUP(D11,'Dissemination Channels'!A:B,2,FALSE),"") | M11: =IF(G11=0,"",((I11+J11+K11)/G11)*100) | N11: =IF(AND(L11/G11>0.25,M11>40),"High",IF(OR(L11/G11>0.15,M11>25),"Medium","Low"))
E12: =IFERROR(VLOOKUP(D12,'Dissemination Channels'!A:B,2,FALSE),"") | M12: =IF(G12=0,"",((I12+J12+K12)/G12)*100) | N12: =IF(AND(L12/G12>0.25,M12>40),"High",IF(OR(L12/G12>0.15,M12>25),"Medium","Low"))
E13: =IFERROR(VLOOKUP(D13,'Dissemination Channels'!A:B,2,FALSE),"") | M13: =IF(G13=0,"",((I13+J13+K13)/G13)*100) | N13: =IF(AND(L13/G13>0.25,M13>40),"High",IF(OR(L13/G13>0.15,M13>25),"Medium","Low"))
E14: =IFERROR(VLOOKUP(D14,'Dissemination Channels'!A:B,2,FALSE),"") | M14: =IF(G14=0,"",((I14+J14+K14)/G14)*100) | N14: =IF(AND(L14/G14>0.25,M14>40),"High",IF(OR(L14/G14>0.15,M14>25),"Medium","Low"))
E15: =IFERROR(VLOOKUP(D15,'Dissemination Channels'!A:B,2,FALSE),"") | M15: =IF(G15=0,"",((I15+J15+K15)/G15)*100) | N15: =IF(AND(L15/G15>0.25,M15>40),"High",IF(OR(L15/G15>0.15,M15>25),"Medium","Low"))
E16: =IFERROR(VLOOKUP(D16,'Dissemination Channels'!A:B,2,FALSE),"") | M16: =IF(G16=0,"",((I16+J16+K16)/G16)*100) | N16: =IF(AND(L16/G16>0.25,M16>40),"High",IF(OR(L16/G16>0.15,M16>25),"Medium","Low"))
E17: =IFERROR(VLOOKUP(D17,'Dissemination Channels'!A:B,2,FALSE),"") | M17: =IF(G17=0,"",((I17+J17+K17)/G17)*100) | N17: =IF(AND(L17/G17>0.25,M17>40),"High",IF(OR(L17/G17>0.15,M17>25),"Medium","Low"))
... E104: =IFERROR(VLOOKUP(D104,'Dissemination Channels'!A:B,2,FALSE),"") | M104: =IF(G104=0,"",((I104+J104+K104)/G104)*100) | N104: =IF(AND(L104/G104>0.25,M104>40),"High",IF(OR(L104/G104>0.15,M104>25),"Medium","Low"))
A106: DISTRIBUTION SUMMARY
A107: Total Distributions: | B107: =COUNTA(B5:B104)
A108: Total Recipients: | B108: =SUM(G5:G104)
A109: Avg Engagement Rate: | B109: =AVERAGE(M5:M104)
A110: High Effectiveness: | B110: =COUNTIF(N5:N104,"High")
A111: Low Effectiveness: | B111: =COUNTIF(N5:N104,"Low")

Sheet Feedback Collection
A1: STAKEHOLDER FEEDBACK COLLECTION
A2: Capture stakeholder feedback on intelligence products - ratings, actions taken, improvement suggestions. Use 1-5 scale for all ratings.
A4: Feedback ID | B4: Distribution ID | C4: Product ID | D4: Stakeholder ID | E4: Stakeholder Name | F4: Feedback Date | G4: Feedback Method | H4: Overall Rating | I4: Relevance Rating | J4: Timeliness Rating | K4: Actionability Rating | L4: Clarity Rating | M4: Intelligence Used | N4: Action Taken | O4: Improvement Suggestions | P4: Would Recommend | Q4: Positive Comments | R4: Negative Comments | S4: Follow Up Required | T4: Notes
A5: FB-2025-001 | C5: =IFERROR(VLOOKUP(B5,'Distribution Tracking'!A:B,2,FALSE),"") | E5: =IFERROR(VLOOKUP(D5,'Stakeholder Registry'!A:B,2,FALSE),"")
A6: FB-2025-002 | C6: =IFERROR(VLOOKUP(B6,'Distribution Tracking'!A:B,2,FALSE),"") | E6: =IFERROR(VLOOKUP(D6,'Stakeholder Registry'!A:B,2,FALSE),"")
A7: FB-2025-003 | C7: =IFERROR(VLOOKUP(B7,'Distribution Tracking'!A:B,2,FALSE),"") | E7: =IFERROR(VLOOKUP(D7,'Stakeholder Registry'!A:B,2,FALSE),"")
A8: FB-2025-004 | C8: =IFERROR(VLOOKUP(B8,'Distribution Tracking'!A:B,2,FALSE),"") | E8: =IFERROR(VLOOKUP(D8,'Stakeholder Registry'!A:B,2,FALSE),"")
A9: FB-2025-005 | C9: =IFERROR(VLOOKUP(B9,'Distribution Tracking'!A:B,2,FALSE),"") | E9: =IFERROR(VLOOKUP(D9,'Stakeholder Registry'!A:B,2,FALSE),"")
A10: FB-2025-006 | C10: =IFERROR(VLOOKUP(B10,'Distribution Tracking'!A:B,2,FALSE),"") | E10: =IFERROR(VLOOKUP(D10,'Stakeholder Registry'!A:B,2,FALSE),"")
A11: FB-2025-007 | C11: =IFERROR(VLOOKUP(B11,'Distribution Tracking'!A:B,2,FALSE),"") | E11: =IFERROR(VLOOKUP(D11,'Stakeholder Registry'!A:B,2,FALSE),"")
A12: FB-2025-008 | C12: =IFERROR(VLOOKUP(B12,'Distribution Tracking'!A:B,2,FALSE),"") | E12: =IFERROR(VLOOKUP(D12,'Stakeholder Registry'!A:B,2,FALSE),"")
A13: FB-2025-009 | C13: =IFERROR(VLOOKUP(B13,'Distribution Tracking'!A:B,2,FALSE),"") | E13: =IFERROR(VLOOKUP(D13,'Stakeholder Registry'!A:B,2,FALSE),"")
A14: FB-2025-010 | C14: =IFERROR(VLOOKUP(B14,'Distribution Tracking'!A:B,2,FALSE),"") | E14: =IFERROR(VLOOKUP(D14,'Stakeholder Registry'!A:B,2,FALSE),"")
A15: FB-2025-011 | C15: =IFERROR(VLOOKUP(B15,'Distribution Tracking'!A:B,2,FALSE),"") | E15: =IFERROR(VLOOKUP(D15,'Stakeholder Registry'!A:B,2,FALSE),"")
A16: FB-2025-012 | C16: =IFERROR(VLOOKUP(B16,'Distribution Tracking'!A:B,2,FALSE),"") | E16: =IFERROR(VLOOKUP(D16,'Stakeholder Registry'!A:B,2,FALSE),"")
... A104: FB-2025-100 | C104: =IFERROR(VLOOKUP(B104,'Distribution Tracking'!A:B,2,FALSE),"") | E104: =IFERROR(VLOOKUP(D104,'Stakeholder Registry'!A:B,2,FALSE),"")
A106: FEEDBACK SUMMARY
A107: Total Feedback: | B107: =COUNTA(D5:D104)
A108: Avg Overall Rating: | B108: =AVERAGE(H5:H104)
A109: Avg Relevance Rating: | B109: =AVERAGE(I5:I104)
A110: Avg Timeliness Rating: | B110: =AVERAGE(J5:J104)
A111: Intelligence Used (Yes): | B111: =COUNTIF(M5:M104,"Yes")
A112: Would Recommend (Yes): | B112: =COUNTIF(P5:P104,"Yes")

Sheet Integration Metrics
A1: INTEGRATION & DISSEMINATION KPIS
A2: Track key performance indicators for tool integration, IOC effectiveness, dissemination reach, and stakeholder engagement.
A4: Metric ID | B4: Metric Name | C4: Metric Category | D4: Measurement Period | E4: Target Value | F4: Actual Value | G4: Unit | H4: Performance vs Target | I4: Status | J4: Trend | K4: Data Source | L4: Owner | M4: Last Updated | N4: Notes
A5: IM-001 | B5: % of Security Tools with TI Integration | C5: Tool_Integration | D5: Monthly | E5: 80 | F5: 85 | G5: % | H5: =IF(AND(E5<>"",F5<>""),((F5/E5)-1)*100,"") | I5: =IF(H5="","",IF(H5>=10,"Exceeds Target",IF(H5>=0,"Meets Target",IF(H5>=-10,"Below Target","Critical"))))
A6: IM-002 | B6: IOC Deployment Success Rate | C6: IOC_Effectiveness | D6: Monthly | E6: 95 | F6: 98 | G6: % | H6: =IF(AND(E6<>"",F6<>""),((F6/E6)-1)*100,"") | I6: =IF(H6="","",IF(H6>=10,"Exceeds Target",IF(H6>=0,"Meets Target",IF(H6>=-10,"Below Target","Critical"))))
A7: IM-003 | B7: Avg Time from IOC Publication to Deployment | C7: IOC_Effectiveness | D7: Monthly | E7: 4 | F7: 2.5 | G7: hours | H7: =IF(AND(E7<>"",F7<>""),((F7/E7)-1)*100,"") | I7: =IF(H7="","",IF(H7>=10,"Exceeds Target",IF(H7>=0,"Meets Target",IF(H7>=-10,"Below Target","Critical"))))
A8: IM-004 | B8: IOC Hit Rate (per 100 IOCs) | C8: IOC_Effectiveness | D8: Monthly | E8: 15 | F8: 18 | G8: hits | H8: =IF(AND(E8<>"",F8<>""),((F8/E8)-1)*100,"") | I8: =IF(H8="","",IF(H8>=10,"Exceeds Target",IF(H8>=0,"Meets Target",IF(H8>=-10,"Below Target","Critical"))))
A9: IM-005 | B9: False Positive Rate for IOCs | C9: IOC_Effectiveness | D9: Monthly | E9: 5 | F9: 3 | G9: % | H9: =IF(AND(E9<>"",F9<>""),((F9/E9)-1)*100,"") | I9: =IF(H9="","",IF(H9>=10,"Exceeds Target",IF(H9>=0,"Meets Target",IF(H9>=-10,"Below Target","Critical"))))
A10: IM-006 | B10: Intelligence Distribution Reach | C10: Dissemination | D10: Monthly | E10: 90 | F10: 92 | G10: % | H10: =IF(AND(E10<>"",F10<>""),((F10/E10)-1)*100,"") | I10: =IF(H10="","",IF(H10>=10,"Exceeds Target",IF(H10>=0,"Meets Target",IF(H10>=-10,"Below Target","Critical"))))
A11: IM-007 | B11: Average Stakeholder Engagement Score | C11: Stakeholder_Engagement | D11: Monthly | E11: 4 | F11: 4.3 | G11: score | H11: =IF(AND(E11<>"",F11<>""),((F11/E11)-1)*100,"") | I11: =IF(H11="","",IF(H11>=10,"Exceeds Target",IF(H11>=0,"Meets Target",IF(H11>=-10,"Below Target","Critical"))))
A12: IM-008 | B12: Feedback Response Rate | C12: Stakeholder_Engagement | D12: Monthly | E12: 30 | F12: 35 | G12: % | H12: =IF(AND(E12<>"",F12<>""),((F12/E12)-1)*100,"") | I12: =IF(H12="","",IF(H12>=10,"Exceeds Target",IF(H12>=0,"Meets Target",IF(H12>=-10,"Below Target","Critical"))))
A13: IM-009 | B13: Intelligence Consumption Rate (% acted upon) | C13: Stakeholder_Engagement | D13: Monthly | E13: 40 | F13: 45 | G13: % | H13: =IF(AND(E13<>"",F13<>""),((F13/E13)-1)*100,"") | I13: =IF(H13="","",IF(H13>=10,"Exceeds Target",IF(H13>=0,"Meets Target",IF(H13>=-10,"Below Target","Critical"))))
A14: IM-010 | B14: Mean Time from Intelligence to Action | C14: Automation | D14: Monthly | E14: 24 | F14: 18 | G14: hours | H14: =IF(AND(E14<>"",F14<>""),((F14/E14)-1)*100,"") | I14: =IF(H14="","",IF(H14>=10,"Exceeds Target",IF(H14>=0,"Meets Target",IF(H14>=-10,"Below Target","Critical"))))
H15: =IF(AND(E15<>"",F15<>""),((F15/E15)-1)*100,"") | I15: =IF(H15="","",IF(H15>=10,"Exceeds Target",IF(H15>=0,"Meets Target",IF(H15>=-10,"Below Target","Critical"))))
H16: =IF(AND(E16<>"",F16<>""),((F16/E16)-1)*100,"") | I16: =IF(H16="","",IF(H16>=10,"Exceeds Target",IF(H16>=0,"Meets Target",IF(H16>=-10,"Below Target","Critical"))))
H17: =IF(AND(E17<>"",F17<>""),((F17/E17)-1)*100,"") | I17: =IF(H17="","",IF(H17>=10,"Exceeds Target",IF(H17>=0,"Meets Target",IF(H17>=-10,"Below Target","Critical"))))
H18: =IF(AND(E18<>"",F18<>""),((F18/E18)-1)*100,"") | I18: =IF(H18="","",IF(H18>=10,"Exceeds Target",IF(H18>=0,"Meets Target",IF(H18>=-10,"Below Target","Critical"))))
H19: =IF(AND(E19<>"",F19<>""),((F19/E19)-1)*100,"") | I19: =IF(H19="","",IF(H19>=10,"Exceeds Target",IF(H19>=0,"Meets Target",IF(H19>=-10,"Below Target","Critical"))))
H20: =IF(AND(E20<>"",F20<>""),((F20/E20)-1)*100,"") | I20: =IF(H20="","",IF(H20>=10,"Exceeds Target",IF(H20>=0,"Meets Target",IF(H20>=-10,"Below Target","Critical"))))
H21: =IF(AND(E21<>"",F21<>""),((F21/E21)-1)*100,"") | I21: =IF(H21="","",IF(H21>=10,"Exceeds Target",IF(H21>=0,"Meets Target",IF(H21>=-10,"Below Target","Critical"))))
H22: =IF(AND(E22<>"",F22<>""),((F22/E22)-1)*100,"") | I22: =IF(H22="","",IF(H22>=10,"Exceeds Target",IF(H22>=0,"Meets Target",IF(H22>=-10,"Below Target","Critical"))))
H23: =IF(AND(E23<>"",F23<>""),((F23/E23)-1)*100,"") | I23: =IF(H23="","",IF(H23>=10,"Exceeds Target",IF(H23>=0,"Meets Target",IF(H23>=-10,"Below Target","Critical"))))
H24: =IF(AND(E24<>"",F24<>""),((F24/E24)-1)*100,"") | I24: =IF(H24="","",IF(H24>=10,"Exceeds Target",IF(H24>=0,"Meets Target",IF(H24>=-10,"Below Target","Critical"))))
H25: =IF(AND(E25<>"",F25<>""),((F25/E25)-1)*100,"") | I25: =IF(H25="","",IF(H25>=10,"Exceeds Target",IF(H25>=0,"Meets Target",IF(H25>=-10,"Below Target","Critical"))))
H26: =IF(AND(E26<>"",F26<>""),((F26/E26)-1)*100,"") | I26: =IF(H26="","",IF(H26>=10,"Exceeds Target",IF(H26>=0,"Meets Target",IF(H26>=-10,"Below Target","Critical"))))
... H34: =IF(AND(E34<>"",F34<>""),((F34/E34)-1)*100,"") | I34: =IF(H34="","",IF(H34>=10,"Exceeds Target",IF(H34>=0,"Meets Target",IF(H34>=-10,"Below Target","Critical"))))
A36: METRICS SUMMARY
A37: Exceeds Target: | B37: =COUNTIF(I5:I34,"Exceeds Target")
A38: Meets Target: | B38: =COUNTIF(I5:I34,"Meets Target")
A39: Below Target: | B39: =COUNTIF(I5:I34,"Below Target")
A40: Critical: | B40: =COUNTIF(I5:I34,"Critical")

Sheet Action Items
A1: INTEGRATION & DISTRIBUTION ACTION ITEMS
A2: Track remediation tasks, improvements, and follow-up actions for tool integration, IOC effectiveness, and stakeholder engagement.
A4: Action ID | B4: Issue Type | C4: Issue Description | D4: Priority | E4: Assigned To | F4: Due Date | G4: Status | H4: Status Notes | I4: Resolution Date | J4: Evidence Link | K4: Created Date | L4: Created By | M4: Last Updated | N4: Notes
A5: ACT-2025-001
A6: ACT-2025-002
A7: ACT-2025-003
A8: ACT-2025-004
A9: ACT-2025-005
A10: ACT-2025-006
A11: ACT-2025-007
A12: ACT-2025-008
A13: ACT-2025-009
A14: ACT-2025-010
A15: ACT-2025-011
A16: ACT-2025-012
... A56: ACTION ITEMS SUMMARY
A57: Total Actions: | B57: =COUNTA(C5:C54)
A58: Critical Priority: | B58: =COUNTIF(D5:D54,"Critical")
A59: High Priority: | B59: =COUNTIF(D5:D54,"High")
A60: Open Actions: | B60: =COUNTIF(G5:G54,"Open")
A61: In Progress: | B61: =COUNTIF(G5:G54,"In_Progress")
A62: Blocked: | B62: =COUNTIF(G5:G54,"Blocked")
A63: Resolved/Closed: | B63: =COUNTIF(G5:G54,"Resolved")+COUNTIF(G5:G54,"Closed")
A64: Overdue Actions: | B64: =COUNTIFS(F5:F54,"<"&TODAY(),G5:G54,"<>Resolved",G5:G54,"<>Closed")

Sheet Evidence Register
A1: EVIDENCE REGISTER
A2: ISMS-IMP-A.5.7.3 | ISO/IEC 27001:2022 - Control A.5.7: Threat Intelligence
A4: Evidence ID | B4: Assessment Area | C4: Evidence Type | D4: Description | E4: Location / Path | F4: Date Collected | G4: Collected By | H4: Verification Status
A5: EV-001 | B5: Tool Integration Matrix | C5: Screenshot | D5: SIEM integration configuration showing STIX/TAXII feed subscription and IOC ingestion | E5: /evidence/a57/siem-integration-config-2026-01-15.png | F5: 10.03.2026 | G5: Security Manager | H5: ✅ Verified

Sheet Summary Dashboard
A1: ISMS-IMP-A.5.7.3 — THREAT INTELLIGENCE INTEGRATION & DISTRIBUTION — SUMMARY DASHBOARD
A2: ISO/IEC 27001:2022 | Control A.5.7 | Tool integration status, IOC deployment health, and action tracking
A4: TABLE 1: STATUS DISTRIBUTION
A5: Section A: Tool Integration Status ('Tool Integration Matrix' — Column G, rows 5:34)
A6: Status | B6: Count | C6: % of Total
A7: Fully_Integrated | B7: =COUNTIF('Tool Integration Matrix'!G5:G34,"Fully_Integrated") | C7: =IF($B$11=0,"—",TEXT(B7/$B$11,"0.0%"))
A8: Partially_Integrated | B8: =COUNTIF('Tool Integration Matrix'!G5:G34,"Partially_Integrated") | C8: =IF($B$11=0,"—",TEXT(B8/$B$11,"0.0%"))
A9: Planned | B9: =COUNTIF('Tool Integration Matrix'!G5:G34,"Planned") | C9: =IF($B$11=0,"—",TEXT(B9/$B$11,"0.0%"))
A10: Not_Integrated | B10: =COUNTIF('Tool Integration Matrix'!G5:G34,"Not_Integrated") | C10: =IF($B$11=0,"—",TEXT(B10/$B$11,"0.0%"))
A11: TOTAL | B11: =SUM(B7:B10) | C11: —
A12: Section B: IOC Deployment Status ('IOC Deployment' — Column N, rows 5:104)
A13: Status | B13: Count | C13: % of Total
A14: Active | B14: =COUNTIF('IOC Deployment'!N5:N104,"Active") | C14: =IF($B$18=0,"—",TEXT(B14/$B$18,"0.0%"))
A15: Expired | B15: =COUNTIF('IOC Deployment'!N5:N104,"Expired") | C15: =IF($B$18=0,"—",TEXT(B15/$B$18,"0.0%"))
A16: Withdrawn | B16: =COUNTIF('IOC Deployment'!N5:N104,"Withdrawn") | C16: =IF($B$18=0,"—",TEXT(B16/$B$18,"0.0%"))
A17: Under_Review | B17: =COUNTIF('IOC Deployment'!N5:N104,"Under_Review") | C17: =IF($B$18=0,"—",TEXT(B17/$B$18,"0.0%"))
A18: TOTAL | B18: =SUM(B14:B17) | C18: —
A20: TABLE 2: KEY PERFORMANCE INDICATORS
A21: KPI Metric | B21: Value | C21: Notes
A22: Total Tools in Scope | B22: =COUNTA('Tool Integration Matrix'!A5:A34) | C22: All security tools tracked in integration matrix
A23: Fully Integrated Tools | B23: =COUNTIF('Tool Integration Matrix'!G5:G34,"Fully_Integrated") | C23: Tools with complete threat intelligence integration
A24: Not Integrated Tools | B24: =COUNTIF('Tool Integration Matrix'!G5:G34,"Not_Integrated") | C24: Tools with no integration — gap requiring remediation
A25: Active IOC Deployments | B25: =COUNTIF('IOC Deployment'!N5:N104,"Active") | C25: IOCs currently deployed and active
A26: Open Action Items | B26: =COUNTIF('Action Items'!G5:G54,"Open") | C26: Actions not yet started — requires attention
A27: Closed Action Items | B27: =COUNTIF('Action Items'!G5:G54,"Closed") | C27: Successfully closed improvement actions
A29: TABLE 3: CRITICAL FINDINGS
A30: Finding | B30: Count | C30: Action Required
A31: Not Integrated Tools | B31: =COUNTIF('Tool Integration Matrix'!G5:G34,"Not_Integrated") | C31: Define integration plan and schedule for each unintegrated tool
A32: Expired or Withdrawn IOCs | B32: =COUNTIF('IOC Deployment'!N5:N104,"Expired")+COUNTIF('IOC Deployment'!N5:N104,"Withdrawn") | C32: Remove expired/withdrawn IOCs from active feeds and update records
A33: Open Action Items | B33: =COUNTIF('Action Items'!G5:G54,"Open") | C33: Review and assign all open actions; set realistic due dates

Sheet Approval Sign-Off
A1: ASSESSMENT APPROVAL AND SIGN-OFF
A2: ISMS-IMP-A.5.7.3 | ISO/IEC 27001:2022 - Control A.5.7: Threat Intelligence
A3: ASSESSMENT SUMMARY
A4: Document: | B4: ISMS-IMP-A.5.7.3 - Intelligence Integration & Distribution Assessment
A5: Assessment Period:
A6: Overall Compliance Rate: | B6: =IFERROR('Summary Dashboard'!B7/'Summary Dashboard'!B11,"")
A7: Assessment Status:
A8: Assessed By:
A11: COMPLETED BY (ASSESSOR)
A12: Name:
A13: Title:
A14: Date:
A15: Signature:
A16: Comments:
A18: REVIEWED BY (INFORMATION SECURITY OFFICER)
A19: Name:
A20: Title:
A21: Date:
... A38: Special Considerations:
