Workbook

Sheet Instructions & Legend
A1: ISMS-IMP-A.5.7.2 - Intelligence Collection & Analysis Assessment ISO/IEC 27001:2022 - Control A.5.7: Threat Intelligence
A3: Document Information
A4: Document ID | B4: ISMS-IMP-A.5.7.2
A5: Workbook Title | B5: Intelligence Collection & Analysis Assessment
A6: Control Reference | B6: ISO/IEC 27001:2022 - Control A.5.7: Threat Intelligence
A7: Version | B7: 1.0
A8: Assessment Date
A9: Completed By
A10: Organisation
A12: Instructions
A13: 1. Define intelligence requirements (PIRs/SIRs) in the Intelligence Requirements sheet — align each requirement to a specific threat scenario, business process, or risk.
A14: 2. Map collection activities to each requirement in the Collection Plan sheet — identify responsible owners, collection methods, sources, and frequency.
A15: 3. Record processed intelligence findings in the Analysis Records sheet — document source, confidence level, threat actor attribution, and recommended defensive actions.
A16: 4. Document all intelligence sharing activities in the Sharing Records sheet — include recipient organisation, format, TLP classification, and date shared.
A17: 5. Apply TLP labels (TLP:RED, TLP:AMBER, TLP:GREEN, TLP:CLEAR) to all intelligence products before dissemination to internal or external recipients.
A18: 6. Ensure all shared intelligence includes provenance information, confidence ratings, and handling restrictions as required by your sharing agreements.
A19: 7. Maintain the Evidence Register with analysis reports, intelligence products, sharing agreements, and dissemination logs.
A20: 8. Obtain sign-off from the Threat Intelligence Manager, Information Security Officer, and Legal (for external sharing arrangements).
A22: Status Legend
A23: Symbol | B23: Status | C23: Description
A24: ✓ | B24: Compliant / Complete | C24: Requirement fully met
A25: ⚠ | B25: Partial / In Progress | C25: Partially met or in progress
A26: ✗ | B26: Non-Compliant / Not Started | C26: Requirement not met
A27: — | B27: Not Applicable | C27: Not applicable to this assessment
A29: Acceptable Evidence (examples)
A30: ✓ Intelligence requirements documentation (PIR / SIR register)
A31: ✓ Intelligence collection and analysis reports
A32: ✓ TLP-marked intelligence products disseminated internally or externally
A33: ✓ Sharing agreements with ISACs, sector partners, or government bodies
A34: ✓ Dissemination records and recipient acknowledgement logs

Sheet Intelligence Requirements
A1: INTELLIGENCE REQUIREMENTS (PIR/SIR/IR)
A2: Document all intelligence requirements (PIRs, SIRs, IRs). Map sources from A.5.7.1. Identify coverage gaps.
A4: Requirement ID | B4: Intelligence Type | C4: Requirement Description | D4: Priority | E4: Target Sector | F4: Target Region | G4: Threat Category | H4: Collection Source 1 | I4: Collection Source 2 | J4: Collection Source 3 | K4: Collection Method | L4: Coverage Status | M4: Collection Frequency | N4: Last Collected | O4: Gap Identified | P4: Gap Remediation | Q4: Responsible Analyst | R4: Notes
A5: REQ-2025-EXX | B5: Strategic | C5: Track APT groups targeting EMEA financial sector | D5: Critical | E5: Finance | F5: EMEA | G5: APT/Ransomware | H5: MISP Community | I5: Commercial TI | J5: OSINT | K5: Automated API | L5: Adequate | M5: Weekly | N5: 25.01.2026 | O5: No | Q5: J. Smith
A6: =IF(B6<>"","REQ-"&TEXT(ROW()-5,"000"),"") | L6: =IF(COUNTA(H6:J6)>=2,"Adequate",IF(COUNTA(H6:J6)=1,"Minimal","Gap")) | O6: =IF(L6="Gap","Yes","No")
A7: =IF(B7<>"","REQ-"&TEXT(ROW()-5,"000"),"") | L7: =IF(COUNTA(H7:J7)>=2,"Adequate",IF(COUNTA(H7:J7)=1,"Minimal","Gap")) | O7: =IF(L7="Gap","Yes","No")
A8: =IF(B8<>"","REQ-"&TEXT(ROW()-5,"000"),"") | L8: =IF(COUNTA(H8:J8)>=2,"Adequate",IF(COUNTA(H8:J8)=1,"Minimal","Gap")) | O8: =IF(L8="Gap","Yes","No")
A9: =IF(B9<>"","REQ-"&TEXT(ROW()-5,"000"),"") | L9: =IF(COUNTA(H9:J9)>=2,"Adequate",IF(COUNTA(H9:J9)=1,"Minimal","Gap")) | O9: =IF(L9="Gap","Yes","No")
A10: =IF(B10<>"","REQ-"&TEXT(ROW()-5,"000"),"") | L10: =IF(COUNTA(H10:J10)>=2,"Adequate",IF(COUNTA(H10:J10)=1,"Minimal","Gap")) | O10: =IF(L10="Gap","Yes","No")
A11: =IF(B11<>"","REQ-"&TEXT(ROW()-5,"000"),"") | L11: =IF(COUNTA(H11:J11)>=2,"Adequate",IF(COUNTA(H11:J11)=1,"Minimal","Gap")) | O11: =IF(L11="Gap","Yes","No")
A12: =IF(B12<>"","REQ-"&TEXT(ROW()-5,"000"),"") | L12: =IF(COUNTA(H12:J12)>=2,"Adequate",IF(COUNTA(H12:J12)=1,"Minimal","Gap")) | O12: =IF(L12="Gap","Yes","No")
A13: =IF(B13<>"","REQ-"&TEXT(ROW()-5,"000"),"") | L13: =IF(COUNTA(H13:J13)>=2,"Adequate",IF(COUNTA(H13:J13)=1,"Minimal","Gap")) | O13: =IF(L13="Gap","Yes","No")
A14: =IF(B14<>"","REQ-"&TEXT(ROW()-5,"000"),"") | L14: =IF(COUNTA(H14:J14)>=2,"Adequate",IF(COUNTA(H14:J14)=1,"Minimal","Gap")) | O14: =IF(L14="Gap","Yes","No")
A15: =IF(B15<>"","REQ-"&TEXT(ROW()-5,"000"),"") | L15: =IF(COUNTA(H15:J15)>=2,"Adequate",IF(COUNTA(H15:J15)=1,"Minimal","Gap")) | O15: =IF(L15="Gap","Yes","No")
A16: =IF(B16<>"","REQ-"&TEXT(ROW()-5,"000"),"") | L16: =IF(COUNTA(H16:J16)>=2,"Adequate",IF(COUNTA(H16:J16)=1,"Minimal","Gap")) | O16: =IF(L16="Gap","Yes","No")
A17: =IF(B17<>"","REQ-"&TEXT(ROW()-5,"000"),"") | L17: =IF(COUNTA(H17:J17)>=2,"Adequate",IF(COUNTA(H17:J17)=1,"Minimal","Gap")) | O17: =IF(L17="Gap","Yes","No")
... A55: =IF(B55<>"","REQ-"&TEXT(ROW()-5,"000"),"") | L55: =IF(COUNTA(H55:J55)>=2,"Adequate",IF(COUNTA(H55:J55)=1,"Minimal","Gap")) | O55: =IF(L55="Gap","Yes","No")
A57: COLLECTION COVERAGE SUMMARY
A58: Total Requirements: | B58: =COUNTA(C6:C55)
A59: Critical Priority: | B59: =COUNTIF(D6:D55,"Critical")
A60: High Priority: | B60: =COUNTIF(D6:D55,"High")
A61: Coverage Gaps: | B61: =COUNTIF(L6:L55,"Gap")
A62: Minimal Coverage: | B62: =COUNTIF(L6:L55,"Minimal")
A63: Adequate Coverage: | B63: =COUNTIF(L6:L55,"Adequate")

Sheet Collection Sources
A1: COLLECTION SOURCES
A2: Document collection workflows for each source from A.5.7.1. Map data formats, update frequency, and integration status.
A4: Source ID | B4: Source Name | C4: Source Type | D4: Data Format | E4: Update Frequency | F4: Coverage Geographic | G4: Coverage Sector | H4: Coverage Threat Types | I4: Integration Status | J4: Integration Platform | K4: Cost Annual | L4: Contract Expiry | M4: Primary Contact | N4: Data Quality Rating | O4: Last Review Date | P4: Notes
A5: SRC-001 | B5: MISP Community | C5: OSINT | D5: STIX/TAXII | E5: Daily | F5: Global | G5: Finance/Tech | H5: APT/Ransomware | I5: Fully_Implemented | J5: REST API | M5: J. Smith | N5: Good | O5: 25.01.2026
A57: COLLECTION SOURCES SUMMARY
A58: Total Sources: | B58: =COUNTA(B6:B55)
A59: Integrated Sources: | B59: =COUNTIF(I6:I55,"Fully_Implemented")
A60: Manual Sources: | B60: =COUNTIF(I6:I55,"Partially_Implemented")
A61: Excellent Quality: | B61: =COUNTIF(N6:N55,"Excellent")
A62: Good Quality: | B62: =COUNTIF(N6:N55,"Good")

Sheet Raw Intelligence Log
A1: RAW INTELLIGENCE LOG
A2: Track all raw intelligence received before analysis. Log source, receipt time, initial triage, and processing status.
A4: Log ID | B4: Date Received | C4: Time Received | D4: Source ID | E4: Source Type | F4: Intelligence Type | G4: TLP Classification | H4: Initial Triage Priority | I4: Brief Description | J4: Raw Data Location | K4: Assigned Analyst | L4: Processing Status | M4: Date Processed | N4: Linked Product ID | O4: Quality Score | P4: Notes
A5: RAW-2026-EXX | B5: 25.02.2026 | C5: 09:00 | D5: SRC-001 | E5: OSINT | F5: Tactical | G5: TLP:GREEN | H5: High | I5: Phishing campaign targeting SWIFT payment portals | J5: /evidence/raw/raw-2026-exx.json | K5: J. Smith | L5: Received | O5: 3
A57: RAW INTELLIGENCE LOG SUMMARY
A58: Total Raw Intel Logged: | B58: =COUNTA(I6:I55)
A59: Critical Priority: | B59: =COUNTIF(H6:H55,"Critical")
A60: High Priority: | B60: =COUNTIF(H6:H55,"High")
A61: Pending Processing: | B61: =COUNTIF(L6:L55,"Received")
A62: Processed: | B62: =COUNTIF(L6:L55,"Published")
A63: TLP:RED Items: | B63: =COUNTIF(G6:G55,"TLP:RED")

Sheet Intelligence Production
A1: INTELLIGENCE PRODUCTION TRACKING
A2: Track all intelligence products (reports, briefings, alerts, IOC packages). Measure quality and stakeholder feedback.
A4: Product ID | B4: Product Type | C4: Product Title | D4: Primary Author | E4: Contributors | F4: Publication Date | G4: TLP Classification | H4: Confidence Level | I4: Target Audience | J4: Stakeholder Feedback Rating | K4: Consumption Rate | L4: Actionability Score | M4: Time to Produce Hours | N4: Status | O4: Notes
A5: PROD-2026-EXX | B5: Tactical Report | C5: APT29 EMEA Campaign Briefing | D5: J. Smith | E5: TI Team | F5: 25.01.2026 | G5: TLP:AMBER | H5: High | I5: SOC / IR Team | N5: Published
A57: PRODUCTION SUMMARY
A58: Total Products: | B58: =COUNTA(C6:C55)
A59: Published This Quarter: | B59: =COUNTIF(N6:N55,"Published")
A60: Avg Feedback Rating: | B60: =AVERAGE(J6:J55)
A61: Avg Consumption Rate: | B61: =AVERAGE(K6:K55)
A62: Avg Time to Produce (hrs): | B62: =AVERAGE(M6:M55)

Sheet MITRE Mapping
A1: MITRE ATT&CK TECHNIQUE COVERAGE
A2: Assess threat intelligence coverage of MITRE ATT&CK techniques. Focus on techniques relevant to your threat landscape.
A4: Technique ID | B4: Tactic | C4: Technique Name | D4: Sub Technique | E4: Priority for Org | F4: Coverage Level | G4: Intelligence Sources | H4: Last Intelligence Update | I4: Detection Capability | J4: Use Cases Identified | K4: Gap Analysis | L4: Notes
A5: T1190 | B5: Initial Access | C5: Exploit Public-Facing Application | E5: Critical | F5: Partial | G5: OSINT Feed, Commercial TI | I5: Yes | J5: Phishing, Malware delivery | K5: Coverage gap on sub-techniques
A57: MITRE COVERAGE SUMMARY
A58: Total Techniques Tracked: | B58: =COUNTA(A6:A55)
A59: Critical Priority: | B59: =COUNTIF(E6:E55,"Critical")
A60: Full Coverage: | B60: =COUNTIF(F6:F55,"Full")
A61: Partial Coverage: | B61: =COUNTIF(F6:F55,"Partial")
A62: Limited Coverage: | B62: =COUNTIF(F6:F55,"Limited")
A63: No Coverage: | B63: =COUNTIF(F6:F55,"None")
A64: With Detection Capability: | B64: =COUNTIF(I6:I55,"Yes")

Sheet Quality Metrics
A1: INTELLIGENCE QUALITY METRICS & KPIS
A2: Track key performance indicators for intelligence collection and analysis operations.
A4: KPI ID | B4: KPI Name | C4: Description | D4: Target Value | E4: Current Value | F4: Last Month Value | G4: Measurement Period | H4: Performance vs Target | I4: Trend | J4: Data Source | K4: Owner | L4: Last Updated | M4: Notes
A5: KPI-001 | B5: Intelligence Products per Month | C5: Count of formal intelligence products | D5: 20 | H5: =IF(E5="","",IF(D5="","N/A",(E5/D5-1)*100)) | I5: =IF(OR(E5="",F5=""),"N/A",IF(E5>F5,"Improving",IF(E5<F5,"Declining","Stable"))) | J5: Sheet 5
A6: KPI-002 | B6: Avg Time to Produce Intelligence (hrs) | C6: Hours from start to publication | D6: 48 | H6: =IF(E6="","",IF(D6="","N/A",(E6/D6-1)*100)) | I6: =IF(OR(E6="",F6=""),"N/A",IF(E6>F6,"Improving",IF(E6<F6,"Declining","Stable"))) | J6: Sheet 5
A7: KPI-003 | B7: Stakeholder Feedback Rating (1-5) | C7: Average rating from consumers | D7: 4.0 | H7: =IF(E7="","",IF(D7="","N/A",(E7/D7-1)*100)) | I7: =IF(OR(E7="",F7=""),"N/A",IF(E7>F7,"Improving",IF(E7<F7,"Declining","Stable"))) | J7: Sheet 5
A8: KPI-004 | B8: Intelligence Actionability Rate (%) | C8: % of products acted upon | D8: 75% | H8: =IF(E8="","",IF(D8="","N/A",(E8/D8-1)*100)) | I8: =IF(OR(E8="",F8=""),"N/A",IF(E8>F8,"Improving",IF(E8<F8,"Declining","Stable"))) | J8: Sheet 5
A9: KPI-005 | B9: Mean Time from Intelligence to Action (hrs) | C9: Hours from publication to action | D9: 24 | H9: =IF(E9="","",IF(D9="","N/A",(E9/D9-1)*100)) | I9: =IF(OR(E9="",F9=""),"N/A",IF(E9>F9,"Improving",IF(E9<F9,"Declining","Stable"))) | J9: Sheet 5
A10: KPI-006 | B10: MITRE ATT&CK Coverage (%) | C10: % of critical techniques covered | D10: 80% | H10: =IF(E10="","",IF(D10="","N/A",(E10/D10-1)*100)) | I10: =IF(OR(E10="",F10=""),"N/A",IF(E10>F10,"Improving",IF(E10<F10,"Declining","Stable"))) | J10: Sheet 6
A11: KPI-007 | B11: False Positive Rate (%) | C11: % of incorrect/unusable intelligence | D11: 5% | H11: =IF(E11="","",IF(D11="","N/A",(E11/D11-1)*100)) | I11: =IF(OR(E11="",F11=""),"N/A",IF(E11>F11,"Improving",IF(E11<F11,"Declining","Stable"))) | J11: Sheet 5
A12: KPI-008 | B12: Analyst Training Completion Rate (%) | C12: % of planned training completed | D12: 90% | H12: =IF(E12="","",IF(D12="","N/A",(E12/D12-1)*100)) | I12: =IF(OR(E12="",F12=""),"N/A",IF(E12>F12,"Improving",IF(E12<F12,"Declining","Stable"))) | J12: Sheet 4
A13: KPI-009 | B13: Requirement Fulfillment Rate (%) | C13: % of PIRs with adequate coverage | D13: 85% | H13: =IF(E13="","",IF(D13="","N/A",(E13/D13-1)*100)) | I13: =IF(OR(E13="",F13=""),"N/A",IF(E13>F13,"Improving",IF(E13<F13,"Declining","Stable"))) | J13: Sheet 2
A14: KPI-010 | B14: VT Links Created per Month | C14: Vulnerability-threat linkages | D14: 10 | H14: =IF(E14="","",IF(D14="","N/A",(E14/D14-1)*100)) | I14: =IF(OR(E14="",F14=""),"N/A",IF(E14>F14,"Improving",IF(E14<F14,"Declining","Stable"))) | J14: Sheet 8
H15: =IF(E15="","",IF(D15="","N/A",(E15/D15-1)*100)) | I15: =IF(OR(E15="",F15=""),"N/A",IF(E15>F15,"Improving",IF(E15<F15,"Declining","Stable")))
H16: =IF(E16="","",IF(D16="","N/A",(E16/D16-1)*100)) | I16: =IF(OR(E16="",F16=""),"N/A",IF(E16>F16,"Improving",IF(E16<F16,"Declining","Stable")))
H17: =IF(E17="","",IF(D17="","N/A",(E17/D17-1)*100)) | I17: =IF(OR(E17="",F17=""),"N/A",IF(E17>F17,"Improving",IF(E17<F17,"Declining","Stable")))
H18: =IF(E18="","",IF(D18="","N/A",(E18/D18-1)*100)) | I18: =IF(OR(E18="",F18=""),"N/A",IF(E18>F18,"Improving",IF(E18<F18,"Declining","Stable")))
H19: =IF(E19="","",IF(D19="","N/A",(E19/D19-1)*100)) | I19: =IF(OR(E19="",F19=""),"N/A",IF(E19>F19,"Improving",IF(E19<F19,"Declining","Stable")))
H20: =IF(E20="","",IF(D20="","N/A",(E20/D20-1)*100)) | I20: =IF(OR(E20="",F20=""),"N/A",IF(E20>F20,"Improving",IF(E20<F20,"Declining","Stable")))
H21: =IF(E21="","",IF(D21="","N/A",(E21/D21-1)*100)) | I21: =IF(OR(E21="",F21=""),"N/A",IF(E21>F21,"Improving",IF(E21<F21,"Declining","Stable")))
H22: =IF(E22="","",IF(D22="","N/A",(E22/D22-1)*100)) | I22: =IF(OR(E22="",F22=""),"N/A",IF(E22>F22,"Improving",IF(E22<F22,"Declining","Stable")))
H23: =IF(E23="","",IF(D23="","N/A",(E23/D23-1)*100)) | I23: =IF(OR(E23="",F23=""),"N/A",IF(E23>F23,"Improving",IF(E23<F23,"Declining","Stable")))
H24: =IF(E24="","",IF(D24="","N/A",(E24/D24-1)*100)) | I24: =IF(OR(E24="",F24=""),"N/A",IF(E24>F24,"Improving",IF(E24<F24,"Declining","Stable")))
A26: KPI SUMMARY
A27: Total KPIs Tracked: | B27: =COUNTA(A5:A24)
A28: KPIs On Target (>=100%): | B28: =COUNTIF(H5:H24,">=0")
A29: KPIs Below Target: | B29: =COUNTIF(H5:H24,"<0")
A30: Improving Trends: | B30: =COUNTIF(I5:I24,"Improving")
A31: Declining Trends: | B31: =COUNTIF(I5:I24,"Declining")

Sheet Process Maturity
A1: PROCESS MATURITY ASSESSMENT (CMM MODEL)
A2: Assess capability maturity using 5-level CMM model: 1-Initial, 2-Managed, 3-Defined, 4-Quantitatively Managed, 5-Optimizing
A4: Process Area | B4: Current Level | C4: Target Level | D4: Gap | E4: Evidence | F4: Action Plan | G4: Target Date
A5: Collection Planning | D5: =IF(OR(B5="",C5=""),"N/A",VALUE(LEFT(C5,1))-VALUE(LEFT(B5,1)))
A6: Analysis Methodologies | D6: =IF(OR(B6="",C6=""),"N/A",VALUE(LEFT(C6,1))-VALUE(LEFT(B6,1)))
A7: Production Quality | D7: =IF(OR(B7="",C7=""),"N/A",VALUE(LEFT(C7,1))-VALUE(LEFT(B7,1)))
A8: Dissemination | D8: =IF(OR(B8="",C8=""),"N/A",VALUE(LEFT(C8,1))-VALUE(LEFT(B8,1)))
A9: Feedback Mechanisms | D9: =IF(OR(B9="",C9=""),"N/A",VALUE(LEFT(C9,1))-VALUE(LEFT(B9,1)))
A10: Integration (Technical) | D10: =IF(OR(B10="",C10=""),"N/A",VALUE(LEFT(C10,1))-VALUE(LEFT(B10,1)))
A11: Integration (Control 8.8) | D11: =IF(OR(B11="",C11=""),"N/A",VALUE(LEFT(C11,1))-VALUE(LEFT(B11,1)))
A12: Staff Training | D12: =IF(OR(B12="",C12=""),"N/A",VALUE(LEFT(C12,1))-VALUE(LEFT(B12,1)))
A13: Metrics & KPIs | D13: =IF(OR(B13="",C13=""),"N/A",VALUE(LEFT(C13,1))-VALUE(LEFT(B13,1)))
A14: Threat Modeling | D14: =IF(OR(B14="",C14=""),"N/A",VALUE(LEFT(C14,1))-VALUE(LEFT(B14,1)))
D15: =IF(OR(B15="",C15=""),"N/A",VALUE(LEFT(C15,1))-VALUE(LEFT(B15,1)))
A16: MATURITY LEVEL REFERENCE | D16: =IF(OR(B16="",C16=""),"N/A",VALUE(LEFT(C16,1))-VALUE(LEFT(B16,1)))
D17: =IF(OR(B17="",C17=""),"N/A",VALUE(LEFT(C17,1))-VALUE(LEFT(B17,1)))
D18: =IF(OR(B18="",C18=""),"N/A",VALUE(LEFT(C18,1))-VALUE(LEFT(B18,1)))
D19: =IF(OR(B19="",C19=""),"N/A",VALUE(LEFT(C19,1))-VALUE(LEFT(B19,1)))
D20: =IF(OR(B20="",C20=""),"N/A",VALUE(LEFT(C20,1))-VALUE(LEFT(B20,1)))
D21: =IF(OR(B21="",C21=""),"N/A",VALUE(LEFT(C21,1))-VALUE(LEFT(B21,1)))
D22: =IF(OR(B22="",C22=""),"N/A",VALUE(LEFT(C22,1))-VALUE(LEFT(B22,1)))
D23: =IF(OR(B23="",C23=""),"N/A",VALUE(LEFT(C23,1))-VALUE(LEFT(B23,1)))
D24: =IF(OR(B24="",C24=""),"N/A",VALUE(LEFT(C24,1))-VALUE(LEFT(B24,1)))
A27: 1 - Initial | B27: Ad hoc, reactive, inconsistent processes
A28: 2 - Managed | B28: Documented processes, some repeatability
A29: 3 - Defined | B29: Standardised processes, organisation-wide adoption
A30: 4 - Quantitatively Managed | B30: Measured and controlled processes
A31: 5 - Optimizing | B31: Continuous improvement, industry-leading practices
A33: MATURITY SUMMARY
A34: Avg Current Maturity: | B34: =AVERAGE(VALUE(LEFT(B5:B24,1)))
A35: Avg Target Maturity: | B35: =AVERAGE(VALUE(LEFT(C5:C24,1)))
A36: Total Gap (levels): | B36: =SUM(D5:D24)
A37: Areas at Target: | B37: =COUNTIF(D5:D24,0)

Sheet Action Items
A1: ACTION ITEMS & CAPABILITY IMPROVEMENTS
A2: Track actions to address gaps identified in collection coverage, analysis capabilities, and process maturity.
A4: Action ID | B4: Related Sheet | C4: Issue Description | D4: Priority | E4: Assigned To | F4: Due Date | G4: Status | H4: Progress Percentage | I4: Completion Date | J4: Outcome | K4: Lessons Learned | L4: Notes
A5: ACT-572-EXX | B5: Intelligence Requirements | C5: PIR coverage gap: no intelligence source for ICS/SCADA sector threats | D5: High | E5: J. Smith | F5: 30.06.2026 | G5: Open
A57: ACTION ITEMS SUMMARY
A58: Total Actions: | B58: =COUNTA(C6:C55)
A59: Critical Priority: | B59: =COUNTIF(D6:D55,"Critical")
A60: High Priority: | B60: =COUNTIF(D6:D55,"High")
A61: Open: | B61: =COUNTIF(G6:G55,"Open")
A62: In Progress: | B62: =COUNTIF(G6:G55,"In_Progress")
A63: Blocked: | B63: =COUNTIF(G6:G55,"Blocked")
A64: Resolved: | B64: =COUNTIF(G6:G55,"Resolved")
A65: Closed: | B65: =COUNTIF(G6:G55,"Closed")

Sheet Analysis Tools
A1: ANALYSIS TOOLS & PLATFORMS (V1.0)
A2: Document all threat intelligence analysis tools. Track CVSS support capability for v1.0 integration.
A4: Tool ID | B4: Tool Name | C4: Tool Category | D4: Vendor | E4: License Type | F4: Primary Users | G4: Use Cases | H4: Integration Status | I4: Data Sources | J4: CVSS Support | K4: Last Updated | L4: Version | M4: Training Required | N4: Training Status | O4: Cost Annual | P4: Notes
A5: TOOL-001 | B5: MISP | C5: OSINT Platform | D5: CIRCL.lu | E5: Open Source | F5: TI Team | G5: IOC Sharing / Feed Management | H5: Integrated | I5: OSINT / Commercial Feeds | J5: Yes | K5: 25.02.2026 | L5: 2.4.180 | M5: Yes | N5: Complete

Sheet Threat Actor Profiles
A1: THREAT ACTOR PROFILES (V1.0)
A2: Document known threat actors. CVEs_Exploited column integrates with Sheet 8 VTL for tracking.
A4: Actor ID | B4: Actor Name | C4: Actor Aliases | D4: Actor Type | E4: Attribution Confidence | F4: Country of Origin | G4: First Observed | H4: Last Activity | I4: Targeting Our Sector | J4: Targeting Our Org | K4: Primary Motivation | L4: Sophistication Level | M4: Primary TTPs | N4: Common Malware | O4: Infrastructure Notes | P4: CVEs Exploited | Q4: VTL Records Count | R4: Related Campaigns | S4: Last Update Date | T4: Notes
A5: ACTOR-001 | B5: APT29 (Cozy Bear) | C5: Midnight Blizzard / The Dukes | D5: Nation-State | E5: High | F5: Russia | G5: 2008 | H5: 25.02.2026 | I5: Yes | J5: Confirmed | K5: Espionage | L5: Advanced | M5: Spearphishing / Living off the Land | N5: LOSTKEYS | O5: TLS beaconing via CDN | P5: CVE-2024-21413 | Q5: 3 | R5: CAM-001 | S5: 25.02.2026

Sheet Campaign Tracking
A1: CAMPAIGN TRACKING (V1.0 - VLOOKUP + CVSS INTEGRATION)
A2: Track threat campaigns. Actor_Name auto-populated via VLOOKUP from Sheet 12. CVEs_CVSS_Max references Sheet 8.
A4: Campaign ID | B4: Campaign Name | C4: Actor ID | D4: Actor Name | E4: Campaign Start Date | F4: Campaign End Date | G4: Campaign Status | H4: Target Sectors | I4: Target Geographies | J4: Our Sector Targeted | K4: Our Org Targeted | L4: Primary Objective | M4: Attack Vectors | N4: TTPs Used | O4: CVEs Exploited | P4: CVEs CVSS Max | Q4: IOCs Count | R4: VTL Records Created | S4: Incidents Our Org | T4: Intelligence Sources | U4: Threat Level | V4: Monitoring Status | W4: Last Update Date | X4: Notes
A5: CAM-2026-EXX | B5: EMEA Financial Sector Spearphishing | C5: ACTOR-001 | D5: APT29 (Cozy Bear) | E5: 01.01.2026 | F5: 31.03.2026 | G5: Active | H5: Finance / Banking | I5: EMEA | J5: Yes | K5: Confirmed | L5: Espionage | M5: Spearphishing / BEC | N5: T1566 / T1078 / T1071 | O5: CVE-2024-21413 | P5: 7.8 | Q5: 15 | R5: 8 | S5: 1 | T5: MISP / OSINT | U5: High | V5: Active | W5: 25.02.2026
D6: =IFERROR(VLOOKUP(C6,'Threat Actor Profiles'!A:B,2,FALSE),"Unknown")
D7: =IFERROR(VLOOKUP(C7,'Threat Actor Profiles'!A:B,2,FALSE),"Unknown")
D8: =IFERROR(VLOOKUP(C8,'Threat Actor Profiles'!A:B,2,FALSE),"Unknown")
D9: =IFERROR(VLOOKUP(C9,'Threat Actor Profiles'!A:B,2,FALSE),"Unknown")
D10: =IFERROR(VLOOKUP(C10,'Threat Actor Profiles'!A:B,2,FALSE),"Unknown")
D11: =IFERROR(VLOOKUP(C11,'Threat Actor Profiles'!A:B,2,FALSE),"Unknown")
D12: =IFERROR(VLOOKUP(C12,'Threat Actor Profiles'!A:B,2,FALSE),"Unknown")
D13: =IFERROR(VLOOKUP(C13,'Threat Actor Profiles'!A:B,2,FALSE),"Unknown")
D14: =IFERROR(VLOOKUP(C14,'Threat Actor Profiles'!A:B,2,FALSE),"Unknown")
D15: =IFERROR(VLOOKUP(C15,'Threat Actor Profiles'!A:B,2,FALSE),"Unknown")
D16: =IFERROR(VLOOKUP(C16,'Threat Actor Profiles'!A:B,2,FALSE),"Unknown")
D17: =IFERROR(VLOOKUP(C17,'Threat Actor Profiles'!A:B,2,FALSE),"Unknown")
... D55: =IFERROR(VLOOKUP(C55,'Threat Actor Profiles'!A:B,2,FALSE),"Unknown")

Sheet Evidence Register
A1: EVIDENCE REGISTER
A2: ISMS-IMP-A.5.7.2 | ISO/IEC 27001:2022 - Control A.5.7: Threat Intelligence
A4: Evidence ID | B4: Assessment Area | C4: Evidence Type | D4: Description | E4: Location / Path | F4: Date Collected | G4: Collected By | H4: Verification Status
A5: EV-001 | B5: Intelligence Collection Sources | C5: Screenshot | D5: MISP Community Feed configuration showing active subscription and API integration | E5: /evidence/a57/misp-feed-config-2026-01-15.png | F5: 07.03.2026 | G5: Security Manager | H5: ✅ Verified

Sheet Summary Dashboard
A1: ISMS-IMP-A.5.7.2 — INTELLIGENCE COLLECTION & ANALYSIS — SUMMARY DASHBOARD
A2: ISO/IEC 27001:2022 | Control A.5.7 | Intelligence product status, action tracking, and collection KPIs
A4: TABLE 1: STATUS DISTRIBUTION
A5: Section A: Intelligence Product Status ('Intelligence Production' — Column N, rows 6:55)
A6: Status | B6: Count | C6: % of Total
A7: Draft | B7: =COUNTIF('Intelligence Production'!N6:N55,"Draft") | C7: =IF($B$11=0,"—",TEXT(B7/$B$11,"0.0%"))
A8: Review | B8: =COUNTIF('Intelligence Production'!N6:N55,"Review") | C8: =IF($B$11=0,"—",TEXT(B8/$B$11,"0.0%"))
A9: Published | B9: =COUNTIF('Intelligence Production'!N6:N55,"Published") | C9: =IF($B$11=0,"—",TEXT(B9/$B$11,"0.0%"))
A10: Archived | B10: =COUNTIF('Intelligence Production'!N6:N55,"Archived") | C10: =IF($B$11=0,"—",TEXT(B10/$B$11,"0.0%"))
A11: TOTAL | B11: =SUM(B7:B10) | C11: —
A12: Section B: Action Items Status ('Action Items' — Column G, rows 6:55)
A13: Status | B13: Count | C13: % of Total
A14: Open | B14: =COUNTIF('Action Items'!G6:G55,"Open") | C14: =IF($B$19=0,"—",TEXT(B14/$B$19,"0.0%"))
A15: In_Progress | B15: =COUNTIF('Action Items'!G6:G55,"In_Progress") | C15: =IF($B$19=0,"—",TEXT(B15/$B$19,"0.0%"))
A16: Blocked | B16: =COUNTIF('Action Items'!G6:G55,"Blocked") | C16: =IF($B$19=0,"—",TEXT(B16/$B$19,"0.0%"))
A17: Resolved | B17: =COUNTIF('Action Items'!G6:G55,"Resolved") | C17: =IF($B$19=0,"—",TEXT(B17/$B$19,"0.0%"))
A18: Closed | B18: =COUNTIF('Action Items'!G6:G55,"Closed") | C18: =IF($B$19=0,"—",TEXT(B18/$B$19,"0.0%"))
A19: TOTAL | B19: =SUM(B14:B18) | C19: —
A21: TABLE 2: KEY PERFORMANCE INDICATORS
A22: KPI Metric | B22: Value | C22: Notes
A23: Total Intelligence Products | B23: =COUNTA('Intelligence Production'!B6:B55) | C23: All products logged in Intelligence Production (col B = product name)
A24: Published Products | B24: =COUNTIF('Intelligence Production'!N6:N55,"Published") | C24: Finalised products ready for consumption
A25: Products in Draft or Review | B25: =COUNTIF('Intelligence Production'!N6:N55,"Draft")+COUNTIF('Intelligence Production'!N6:N55,"Review") | C25: Products still in progress
A26: Total Collection Sources | B26: =COUNTA('Collection Sources'!A6:A55) | C26: All intelligence collection sources documented
A27: Open Action Items | B27: =COUNTIF('Action Items'!G6:G55,"Open") | C27: Actions not yet started — requires attention
A28: Blocked Action Items | B28: =COUNTIF('Action Items'!G6:G55,"Blocked") | C28: Actions blocked — requires escalation
A30: TABLE 3: CRITICAL FINDINGS
A31: Finding | B31: Count | C31: Action Required
A32: Blocked Action Items | B32: =COUNTIF('Action Items'!G6:G55,"Blocked") | C32: Identify blockers and escalate to resolve immediately
A33: Intelligence Products in Draft | B33: =COUNTIF('Intelligence Production'!N6:N55,"Draft") | C33: Review stale drafts and either publish or archive
A34: Archived Products (no longer active) | B34: =COUNTIF('Intelligence Production'!N6:N55,"Archived") | C34: Confirm archived products are intentionally retired

Sheet Approval Sign-Off
A1: ASSESSMENT APPROVAL AND SIGN-OFF
A2: ISMS-IMP-A.5.7.2 | ISO/IEC 27001:2022 - Control A.5.7: Threat Intelligence
A3: ASSESSMENT SUMMARY
A4: Document: | B4: ISMS-IMP-A.5.7.2 - Intelligence Collection & Analysis Assessment
A5: Assessment Period:
A6: Overall Compliance Rate: | B6: =IFERROR('Summary Dashboard'!B9/'Summary Dashboard'!B11,"")
A7: Assessment Status:
A8: Assessed By:
A11: COMPLETED BY (ASSESSOR)
A12: Name:
A13: Title:
A14: Date:
A15: Signature:
A16: Comments:
A18: REVIEWED BY (INFORMATION SECURITY OFFICER)
A19: Name:
A20: Title:
A21: Date:
... A38: Special Considerations:
