Workbook

Sheet Instructions
A1: ISMS-CHK-POL-01 - Governance Framework Compliance Assessment ISMS-POL-01: ISMS Governance and Decision-Making Framework
A3: Document Information
A4: Document ID: | B4: ISMS-CHK-POL-01
A5: Assessment Area: | B5: Governance Framework Compliance Assessment
A6: Related Policy: | B6: ISMS-POL-01
A7: Version: | B7: 1.0
A8: Assessment Date:
A9: Completed By:
A10: Organisation:
A11: Review Cycle: | B11: Quarterly
A13: Instructions
A14: 1. Complete all assessment domains in order (Authority Boundaries → Governance Review).
A15: 2. Verify competence records for all decision-makers (Section 2.3 requirements).
A16: 3. Review POL-00 quarterly monitoring logs and triggered assessment records.
A17: 4. Check exception register for 5-step process compliance and approval signatures.
A18: 5. Verify change log entries follow 6-step process with appropriate approvals.
A19: 6. Confirm annual governance review was completed per Section 6.1 requirements.
A20: 7. All user-input cells are highlighted in yellow.
A21: 8. Use dropdown menus for compliance status (Compliant/Partial/Non-Compliant/N/A).
A22: 9. Submit the completed workbook for review and approval via the Approval Sign-Off sheet.
A23: 10. Retain this workbook as part of the ISMS evidence library.
A25: ACCEPTABLE EVIDENCE (examples)
... A34: Status Legend
A35: Symbol | B35: Status | C35: Description
A36: ✅ | B36: Compliant | C36: Requirement fully met with evidence
A37: ⚠️ | B37: Partial | C37: Partially implemented, gaps identified
A38: ❌ | B38: Non-Compliant | C38: Requirement not met, remediation needed
A39: — | B39: N/A | C39: Not applicable to this organisation

Sheet Domain 1 - Authority
A1: DOMAIN 1: AUTHORITY BOUNDARIES
A2: ISMS-POL-01: ISMS Governance and Decision-Making Framework - Section 2
A3: Req_ID | B3: Requirement | C3: Compliance_Status | D3: Evidence_Reference | E3: Owner | F3: Verified_Date | G3: Notes
A4: GOV-01 | B4: Technical control implementations approved by CISO | C4: Compliant | D4: POL-A.8.15 approval signature verified | E4: CISO | F4: 15.12.2024 | G4: All POL documents have CISO approval
A5: GOV-01 | B5: Technical control implementations approved by CISO (verify POL approval signatures)
A6: GOV-02 | B6: Regulatory applicability determinations approved by Legal/Compliance (verify POL-00 Section 8 approvals)
A7: GOV-03 | B7: Risk acceptance decisions approved by Executive Management (verify Risk Acceptance Register signatures)
A8: GOV-04 | B8: Competence requirements verified for all decision-makers (verify Section 2.3 criteria met: CISO, Legal, DPO, Executive Management)

Sheet Domain 2 - Applicability
A1: DOMAIN 2: APPLICABILITY DECISIONS
A2: ISMS-POL-01: ISMS Governance and Decision-Making Framework - Section 3
A3: Req_ID | B3: Requirement | C3: Compliance_Status | D3: Evidence_Reference | E3: Owner | F3: Verified_Date | G3: Notes
A4: GOV-05 | B4: POL-00 quarterly monitoring completed | C4: Compliant | D4: POL-00 Q1-Q4 2024 monitoring logs | E4: Legal/Compliance | F4: 31.12.2024 | G4: All 4 quarters completed with signatures
A5: GOV-05 | B5: POL-00 quarterly monitoring completed (verify 4 quarters have logs with Legal/Compliance + CISO signatures)
A6: GOV-06 | B6: Triggered assessments documented (verify business changes assessed per POL-00 Section 5)
A7: GOV-07 | B7: SoA justifications complete (verify all 93 controls documented with implementation status and rationale)
A8: GOV-08 | B8: Challenge Protocol followed if invoked (verify Section 3.3 execution if applicable: auditor challenge, rationale provided, resolution documented)

Sheet Domain 3 - Exceptions
A1: DOMAIN 3: EXCEPTION HANDLING
A2: ISMS-POL-01: ISMS Governance and Decision-Making Framework - Section 4
A3: Req_ID | B3: Requirement | C3: Compliance_Status | D3: Evidence_Reference | E3: Owner | F3: Verified_Date | G3: Notes
A4: GOV-09 | B4: Exceptions follow 5-step process | C4: Compliant | D4: Exception Register: EXC-2025-001 through EXC-2025-003 | E4: CISO | F4: 15.01.2025 | G4: 3 exceptions documented, all 5 steps completed
A5: GOV-09 | B5: Exceptions follow 5-step process (verify Exception Register entries complete Steps 1-5: Document reason, Assess risk, Propose solution, Obtain approval, Document in SoA)
A6: GOV-10 | B6: Residual risk assessed for all exceptions (verify Step 2 risk assessments exist with likelihood/impact/residual risk level)
A7: GOV-11 | B7: Risk acceptances approved by Executive Management (verify Step 4 approvals: Alternative Control = CISO, Risk Acceptance = Executive Management)
A8: GOV-12 | B8: Exception volume within targets (verify Section 4.4 metrics: Total <5% of controls, Risk acceptances <3%, Deferred <2%, Overdue 0 items >90 days)

Sheet Domain 4 - Change Mgmt
A1: DOMAIN 4: CHANGE MANAGEMENT
A2: ISMS-POL-01: ISMS Governance and Decision-Making Framework - Section 5
A3: Req_ID | B3: Requirement | C3: Compliance_Status | D3: Evidence_Reference | E3: Owner | F3: Verified_Date | G3: Notes
A4: GOV-13 | B4: Compliance criteria changes documented | C4: Compliant | D4: ISMS Change Log: CHG-2024-015 (GDPR guidance update) | E4: CISO | F4: 10.09.2024 | G4: Change log complete with all fields
A5: GOV-13 | B5: Compliance criteria changes documented (verify ISMS Change Log entries exist with trigger, affected controls, rationale, approval)
A6: GOV-14 | B6: Changes follow 6-step process (verify Steps 1-6 completed: Identify, Assess impact, Propose, Approve, Implement, Verify)
A7: GOV-15 | B7: Reassessments completed within 90 days (verify Section 5.4 Gap Register: completion rate >95%, overdue items 0)
A8: GOV-16 | B8: Changes verified by internal audit (verify Step 6: internal audit reports covering changed controls)

Sheet Domain 5 - Governance Review
A1: DOMAIN 5: GOVERNANCE REVIEW
A2: ISMS-POL-01: ISMS Governance and Decision-Making Framework - Section 6
A3: Req_ID | B3: Requirement | C3: Compliance_Status | D3: Evidence_Reference | E3: Owner | F3: Verified_Date | G3: Notes
A4: GOV-17 | B4: Annual governance review completed | C4: Compliant | D4: Governance Review Q4-2024 meeting minutes | E4: CISO | F4: 15.12.2024 | G4: Review completed with CEO/CFO attendance
A5: GOV-17 | B5: Annual governance review completed (verify Section 6.1 meeting minutes exist with Executive Management attendance)
A6: GOV-18 | B6: Review covers all required topics (verify 6 topics addressed: Authority boundaries, Applicability framework, Exception handling, Change management, Auditor feedback, Governance efficiency)
A7: GOV-19 | B7: Continual improvement actions documented (verify actions assigned with owners, due dates, and status tracking)
A8: GOV-20 | B8: Lessons learned register maintained (verify Section 6.2 register has entries with: Date, Event, Lesson, Action, Status, Verified)

Sheet Evidence Register
A1: EVIDENCE REGISTER
A2: ISMS-POL-01: ISMS Governance and Decision-Making Framework
A3: Record all evidence artefacts supporting governance framework compliance. Link to shared drive or attach to audit package.
A4: Evidence ID | B4: Evidence Title | C4: Evidence Type | D4: Description | E4: Source / Location | F4: Date Collected | G4: Collected By | H4: Status
A5: EV-001 | B5: POL-00 Quarterly Monitoring Log Q4-2024 | C5: Log Extract | D5: Regulatory monitoring log with Legal/Compliance and CISO signatures | E5: GRC Platform/Compliance/POL-00-Monitoring/Q4-2024.xlsx | F5: 31.12.2024 | G5: Legal/Compliance | H5: Collected

Sheet Summary Dashboard
A1: SUMMARY DASHBOARD — ISMS Governance Framework Compliance Assessment
A2: ISMS-POL-01: ISMS Governance and Decision-Making Framework
A4: TABLE 1: COMPLIANCE OVERVIEW
A5: Assessment Domain | B5: Total Requirements | C5: Compliant | D5: Partially Compliant | E5: Non-Compliant | F5: N/A | G5: Compliance %
A6: Authority Boundaries | B6: =COUNTA('Domain 1 - Authority'!C5:C8) | C6: =COUNTIF('Domain 1 - Authority'!C5:C8,"Compliant") | D6: =COUNTIF('Domain 1 - Authority'!C5:C8,"Partial") | E6: =COUNTIF('Domain 1 - Authority'!C5:C8,"Non-Compliant") | F6: =COUNTIF('Domain 1 - Authority'!C5:C8,"N/A") | G6: =IF((B6-F6)=0,0,ROUND(C6/(B6-F6),3))
A7: Applicability Decisions | B7: =COUNTA('Domain 2 - Applicability'!C5:C8) | C7: =COUNTIF('Domain 2 - Applicability'!C5:C8,"Compliant") | D7: =COUNTIF('Domain 2 - Applicability'!C5:C8,"Partial") | E7: =COUNTIF('Domain 2 - Applicability'!C5:C8,"Non-Compliant") | F7: =COUNTIF('Domain 2 - Applicability'!C5:C8,"N/A") | G7: =IF((B7-F7)=0,0,ROUND(C7/(B7-F7),3))
A8: Exception Handling | B8: =COUNTA('Domain 3 - Exceptions'!C5:C8) | C8: =COUNTIF('Domain 3 - Exceptions'!C5:C8,"Compliant") | D8: =COUNTIF('Domain 3 - Exceptions'!C5:C8,"Partial") | E8: =COUNTIF('Domain 3 - Exceptions'!C5:C8,"Non-Compliant") | F8: =COUNTIF('Domain 3 - Exceptions'!C5:C8,"N/A") | G8: =IF((B8-F8)=0,0,ROUND(C8/(B8-F8),3))
A9: Change Management | B9: =COUNTA('Domain 4 - Change Mgmt'!C5:C8) | C9: =COUNTIF('Domain 4 - Change Mgmt'!C5:C8,"Compliant") | D9: =COUNTIF('Domain 4 - Change Mgmt'!C5:C8,"Partial") | E9: =COUNTIF('Domain 4 - Change Mgmt'!C5:C8,"Non-Compliant") | F9: =COUNTIF('Domain 4 - Change Mgmt'!C5:C8,"N/A") | G9: =IF((B9-F9)=0,0,ROUND(C9/(B9-F9),3))
A10: Governance Review | B10: =COUNTA('Domain 5 - Governance Review'!C5:C8) | C10: =COUNTIF('Domain 5 - Governance Review'!C5:C8,"Compliant") | D10: =COUNTIF('Domain 5 - Governance Review'!C5:C8,"Partial") | E10: =COUNTIF('Domain 5 - Governance Review'!C5:C8,"Non-Compliant") | F10: =COUNTIF('Domain 5 - Governance Review'!C5:C8,"N/A") | G10: =IF((B10-F10)=0,0,ROUND(C10/(B10-F10),3))
A11: TOTAL | B11: =SUM(B6:B10) | C11: =SUM(C6:C10) | D11: =SUM(D6:D10) | E11: =SUM(E6:E10) | F11: =SUM(F6:F10) | G11: =IF((B11-F11)=0,0,ROUND(C11/(B11-F11),3))
A13: TABLE 2: KEY METRICS
A14: Last Assessment Date
A15: Next Review Due
A16: Assessment Owner | B16: [Enter CISO name]
A17: Governance Health Status | B17: =IF(G11>=95%,"Healthy",IF(G11>=80%,"At Risk","Critical"))
A19: TABLE 3: CRITICAL FINDINGS
A20: # | B20: Finding | C20: Severity | D20: Affected Domain | E20: Recommended Action | F20: Owner | G20: Due Date
A21: =COUNTIF('Domain 1 - Authority'!C5:C8,"Non-Compliant") | B21: Authority Boundary Failures | C21: Critical | D21: Authority Boundaries | E21: Review decision-making authority and approvals
A22: =COUNTIF('Domain 2 - Applicability'!C5:C8,"Non-Compliant") | B22: Applicability Process Gaps | C22: High | D22: Applicability Decisions | E22: Complete POL-00 monitoring or SoA updates
A23: =COUNTIF('Domain 3 - Exceptions'!C5:C8,"Non-Compliant") | B23: Exception Process Violations | C23: High | D23: Exception Handling | E23: Review Exception Register for process compliance
A24: =COUNTIF('Domain 4 - Change Mgmt'!C5:C8,"Non-Compliant") | B24: Change Control Failures | C24: High | D24: Change Management | E24: Verify change log and reassessment completion
A25: =COUNTIF('Domain 5 - Governance Review'!C5:C8,"Non-Compliant") | B25: Governance Review Not Completed | C25: Critical | D25: Governance Review | E25: Complete annual governance review immediately

Sheet Approval Sign-Off
A1: ASSESSMENT APPROVAL AND SIGN-OFF
A2: ISMS-CHK-POL-01 — Governance Framework Compliance Assessment
A3: ASSESSMENT SUMMARY
A4: Document: | B4: ISMS-CHK-POL-01 - Governance Framework Compliance Assessment
A5: Assessment Period:
A6: Overall Compliance Rating: | B6: ='Summary Dashboard'!G11
A7: Assessment Status:
A8: Assessed By:
A10: COMPLETED BY (ASSESSOR)
A11: Name:
A12: Title:
A13: Date:
A14: Signature:
A15: Comments:
A17: REVIEWED BY (INTERNAL AUDIT)
A18: Name:
A19: Title:
A20: Date:
... A37: Special Considerations:
