Workbook

Sheet Overview
A1: Workbook ID | B1: ISMS-IMP-A.8.8.7
A2: Title | B2: Vulnerability Prioritization Matrix
A3: Version | B3: 1.0
A4: Generated Date | B4: 31.01.2026
A5: Last Updated | B5: [Manual entry]
A6: Owner | B6: Vulnerability Management Coordinator
A7: Classification | B7: Internal
A8: Review Cycle | B8: Monthly
A12: QUICK STATISTICS
A13: Metric | B13: Formula/Source | C13: Target
A14: Total Active Vulnerabilities | B14: =COUNTA(Priority_Matrix!A:A)-1 | C14: -
A15: P0 (Emergency) Count | B15: =COUNTIF(Priority_Matrix!AD:AD,"P0") | C15: <5
A16: P1 (Critical) Count | B16: =COUNTIF(Priority_Matrix!AD:AD,"P1") | C16: <100
A17: P2 (High) Count | B17: =COUNTIF(Priority_Matrix!AD:AD,"P2") | C17: <300
A18: P3 (Medium) Count | B18: =COUNTIF(Priority_Matrix!AD:AD,"P3") | C18: -
A19: P4 (Low) Count | B19: =COUNTIF(Priority_Matrix!AD:AD,"P4") | C19: -
A20: Wormable Vulnerabilities | B20: =COUNTIF(Priority_Matrix!P:P,"Y") | C20: 0
A21: Safety-Critical Vulnerabilities | B21: =COUNTIF(Priority_Matrix!Q:Q,"P") | C21: 0
A22: Overdue SLA Count | B22: =COUNTIF(Priority_Matrix!AH:AH,"Overdue") | C22: 0
A23: Average Days in Queue | B23: =IFERROR(AVERAGE(Priority_Matrix!AG:AG),0) | C23: <30
A27: NAVIGATION LINKS
A28: Priority_Matrix | B28: Core prioritization logic and assignments
A29: Priority_Criteria | B29: Scoring weights and thresholds
A30: SLA_Definitions | B30: Service level agreements and compliance
A31: Workload_Capacity | B31: Team capacity and resource allocation
A32: Priority_Queue | B32: Actionable remediation queue (sorted)
A33: Escalation_Rules | B33: Auto-escalation triggers
A34: Exception_Tracking | B34: Priority overrides and justifications
A35: Historical_Trends | B35: Priority distribution over time
A36: Dashboard | B36: Executive summary and visual KPIs

Sheet Priority_Matrix
A1: Vuln_ID | B1: Discovery_Date | C1: CVE_ID | D1: Title | E1: Affected_System | F1: System_Type | G1: Environment | H1: Asset_Owner | I1: Scanner_Source | J1: CVSS_Version | K1: CVSS_Primary_Score | L1: CVSS_v40_Score | M1: CVSS_v31_Score | N1: CVSS_v40_Vector | O1: CVSS_v31_Vector | P1: Supplemental_AU | Q1: Supplemental_S | R1: Version_Source | S1: Score_Date | T1: Risk_Rating | U1: Business_Impact_Score | V1: KEV_Listed | W1: Active_Exploitation | X1: Exploit_Maturity | Y1: Patch_Available | Z1: Priority_Score | AA1: Auto_Priority | AB1: Manual_Override | AC1: Override_Justification | AD1: Final_Priority | AE1: SLA_Days | AF1: Due_Date | AG1: Days_Remaining | AH1: SLA_Status | AI1: Assigned_Team | AJ1: Remediation_Status | AK1: Escalation_Required | AL1: Notes
A2: VULN-2026-001 | B2: 46027 | C2: CVE-2025-12345 | D2: Remote Code Execution in Apache Struts | E2: web-prod-01.example.com | F2: Server | G2: Production | H2: Infrastructure Team | I2: Nessus | J2: v4.0 | K2: =IF(J2="v4.0",L2,IF(J2="v3.1",M2,IF(J2="Both",L2,IF(AND(L2<>"",M2=""),L2,M2)))) | L2: 9.3 | N2: CVSS:4.0/AV:N/AC:L/AT:N/PR:N/UI:N/VC:H/VI:H/VA:H/SC:N/SI:N/SA:N | P2: Y | Q2: N | R2: NVD | S2: 46027 | T2: Critical | U2: 5 | V2: Y | W2: Y | X2: Weaponized | Y2: Y | Z2: =MIN(100, (K2*5) + (U2*10) + IF(P2="Y",40,0) + IF(Q2="P",30,0) + IF(V2="Y",25,0) + IF(W2="Y",20,0) + IF(X2="Weaponized",15,IF(X2="PoC Available",10,IF(X2="Public Exploit",5,0))) + IF(G2="Production",10,IF(G2="DMZ",8,IF(G2="DR/Backup",5,0))) + IF(Y2="N",10,0) ) | AA2: =IF(OR(P2="Y",AND(K2>=9.0,W2="Y")),"P0",IF(Z2>=80,"P0",IF(Z2>=60,"P1",IF(Z2>=40,"P2",IF(Z2>=20,"P3","P4"))))) | AD2: =IF(AB2<>"",AB2,AA2) | AE2: =VLOOKUP(AD2,SLA_Definitions!$A$2:$B$6,2,FALSE) | AF2: =IF(B2<>"",WORKDAY(B2,AE2),"") | AG2: =IF(AF2<>"",NETWORKDAYS(TODAY(),AF2),"") | AH2: =IF(AJ2="Complete","Complete",IF(AG2<0,"Overdue",IF(AG2<=AE2*0.2,"At Risk","On Track"))) | AI2: Security Team | AJ2: In Progress | AK2: =IF(OR(AH2="Overdue",AND(AD2="P0",AG2<1),AND(AD2="P1",AG2<3)),"Y","N") | AL2: Emergency response initiated
A3: VULN-2026-002 | B3: 46030 | C3: CVE-2025-67890 | D3: PLC Memory Corruption Vulnerability | E3: plc-001.scada.local | F3: OT/ICS | G3: Production | H3: OT Team | I3: Manual Assessment | J3: v4.0 | K3: =IF(J3="v4.0",L3,IF(J3="v3.1",M3,IF(J3="Both",L3,IF(AND(L3<>"",M3=""),L3,M3)))) | L3: 7.8 | N3: CVSS:4.0/AV:A/AC:L/AT:N/PR:L/UI:N/VC:H/VI:H/VA:H/SC:N/SI:N/SA:N | P3: N | Q3: P | R3: Vendor | S3: 46030 | T3: High | U3: 4.5 | V3: N | W3: N | X3: PoC Available | Y3: Partial | Z3: =MIN(100, (K3*5) + (U3*10) + IF(P3="Y",40,0) + IF(Q3="P",30,0) + IF(V3="Y",25,0) + IF(W3="Y",20,0) + IF(X3="Weaponized",15,IF(X3="PoC Available",10,IF(X3="Public Exploit",5,0))) + IF(G3="Production",10,IF(G3="DMZ",8,IF(G3="DR/Backup",5,0))) + IF(Y3="N",10,0) ) | AA3: =IF(OR(P3="Y",AND(K3>=9.0,W3="Y")),"P0",IF(Z3>=80,"P0",IF(Z3>=60,"P1",IF(Z3>=40,"P2",IF(Z3>=20,"P3","P4"))))) | AD3: =IF(AB3<>"",AB3,AA3) | AE3: =VLOOKUP(AD3,SLA_Definitions!$A$2:$B$6,2,FALSE) | AF3: =IF(B3<>"",WORKDAY(B3,AE3),"") | AG3: =IF(AF3<>"",NETWORKDAYS(TODAY(),AF3),"") | AH3: =IF(AJ3="Complete","Complete",IF(AG3<0,"Overdue",IF(AG3<=AE3*0.2,"At Risk","On Track"))) | AI3: Infrastructure Team | AJ3: Queued | AK3: =IF(OR(AH3="Overdue",AND(AD3="P0",AG3<1),AND(AD3="P1",AG3<3)),"Y","N") | AL3: Safety impact assessment required
A4: VULN-2026-003 | B4: 46029 | C4: CVE-2025-11111 | D4: Authentication Bypass in Web Application | E4: app-prod-05.dmz.local | F4: Application | G4: DMZ | H4: Application Team | I4: Qualys | J4: v4.0 | K4: =IF(J4="v4.0",L4,IF(J4="v3.1",M4,IF(J4="Both",L4,IF(AND(L4<>"",M4=""),L4,M4)))) | L4: 8.1 | N4: CVSS:4.0/AV:N/AC:L/AT:N/PR:N/UI:N/VC:H/VI:L/VA:N/SC:N/SI:N/SA:N | P4: N | Q4: N | R4: NVD | S4: 46029 | T4: High | U4: 3.5 | V4: N | W4: Unknown | X4: Public Exploit | Y4: Y | Z4: =MIN(100, (K4*5) + (U4*10) + IF(P4="Y",40,0) + IF(Q4="P",30,0) + IF(V4="Y",25,0) + IF(W4="Y",20,0) + IF(X4="Weaponized",15,IF(X4="PoC Available",10,IF(X4="Public Exploit",5,0))) + IF(G4="Production",10,IF(G4="DMZ",8,IF(G4="DR/Backup",5,0))) + IF(Y4="N",10,0) ) | AA4: =IF(OR(P4="Y",AND(K4>=9.0,W4="Y")),"P0",IF(Z4>=80,"P0",IF(Z4>=60,"P1",IF(Z4>=40,"P2",IF(Z4>=20,"P3","P4"))))) | AB4: P2 | AC4: Compensating firewall rule in place, limited exposure. Patch scheduled for next maintenance window. | AD4: =IF(AB4<>"",AB4,AA4) | AE4: =VLOOKUP(AD4,SLA_Definitions!$A$2:$B$6,2,FALSE) | AF4: =IF(B4<>"",WORKDAY(B4,AE4),"") | AG4: =IF(AF4<>"",NETWORKDAYS(TODAY(),AF4),"") | AH4: =IF(AJ4="Complete","Complete",IF(AG4<0,"Overdue",IF(AG4<=AE4*0.2,"At Risk","On Track"))) | AI4: Application Team | AJ4: In Progress | AK4: =IF(OR(AH4="Overdue",AND(AD4="P0",AG4<1),AND(AD4="P1",AG4<3)),"Y","N") | AL4: Approved by Security Director on 2026-01-08
A5: VULN-2026-004 | B5: 46031 | C5: CVE-2025-22222 | D5: Cross-Site Scripting in Admin Panel | E5: admin.dev.local | F5: Application | G5: Development | H5: Application Team | I5: OpenVAS | J5: v3.1 | K5: =IF(J5="v4.0",L5,IF(J5="v3.1",M5,IF(J5="Both",L5,IF(AND(L5<>"",M5=""),L5,M5)))) | M5: 5.4 | O5: CVSS:3.1/AV:N/AC:L/PR:L/UI:R/S:C/C:L/I:L/A:N | P5: N/A | Q5: N/A | R5: Scanner | S5: 46031 | T5: Medium | U5: 2 | V5: N | W5: N | X5: None | Y5: Y | Z5: =MIN(100, (K5*5) + (U5*10) + IF(P5="Y",40,0) + IF(Q5="P",30,0) + IF(V5="Y",25,0) + IF(W5="Y",20,0) + IF(X5="Weaponized",15,IF(X5="PoC Available",10,IF(X5="Public Exploit",5,0))) + IF(G5="Production",10,IF(G5="DMZ",8,IF(G5="DR/Backup",5,0))) + IF(Y5="N",10,0) ) | AA5: =IF(OR(P5="Y",AND(K5>=9.0,W5="Y")),"P0",IF(Z5>=80,"P0",IF(Z5>=60,"P1",IF(Z5>=40,"P2",IF(Z5>=20,"P3","P4"))))) | AD5: =IF(AB5<>"",AB5,AA5) | AE5: =VLOOKUP(AD5,SLA_Definitions!$A$2:$B$6,2,FALSE) | AF5: =IF(B5<>"",WORKDAY(B5,AE5),"") | AG5: =IF(AF5<>"",NETWORKDAYS(TODAY(),AF5),"") | AH5: =IF(AJ5="Complete","Complete",IF(AG5<0,"Overdue",IF(AG5<=AE5*0.2,"At Risk","On Track"))) | AI5: Application Team | AJ5: Queued | AK5: =IF(OR(AH5="Overdue",AND(AD5="P0",AG5<1),AND(AD5="P1",AG5<3)),"Y","N") | AL5: Standard remediation timeline
K6: =IF(J6="v4.0",L6,IF(J6="v3.1",M6,IF(J6="Both",L6,IF(AND(L6<>"",M6=""),L6,M6)))) | Z6: =MIN(100, (K6*5) + (U6*10) + IF(P6="Y",40,0) + IF(Q6="P",30,0) + IF(V6="Y",25,0) + IF(W6="Y",20,0) + IF(X6="Weaponized",15,IF(X6="PoC Available",10,IF(X6="Public Exploit",5,0))) + IF(G6="Production",10,IF(G6="DMZ",8,IF(G6="DR/Backup",5,0))) + IF(Y6="N",10,0) ) | AA6: =IF(OR(P6="Y",AND(K6>=9.0,W6="Y")),"P0",IF(Z6>=80,"P0",IF(Z6>=60,"P1",IF(Z6>=40,"P2",IF(Z6>=20,"P3","P4"))))) | AD6: =IF(AB6<>"",AB6,AA6) | AE6: =VLOOKUP(AD6,SLA_Definitions!$A$2:$B$6,2,FALSE) | AF6: =IF(B6<>"",WORKDAY(B6,AE6),"") | AG6: =IF(AF6<>"",NETWORKDAYS(TODAY(),AF6),"") | AH6: =IF(AJ6="Complete","Complete",IF(AG6<0,"Overdue",IF(AG6<=AE6*0.2,"At Risk","On Track"))) | AK6: =IF(OR(AH6="Overdue",AND(AD6="P0",AG6<1),AND(AD6="P1",AG6<3)),"Y","N")
K7: =IF(J7="v4.0",L7,IF(J7="v3.1",M7,IF(J7="Both",L7,IF(AND(L7<>"",M7=""),L7,M7)))) | Z7: =MIN(100, (K7*5) + (U7*10) + IF(P7="Y",40,0) + IF(Q7="P",30,0) + IF(V7="Y",25,0) + IF(W7="Y",20,0) + IF(X7="Weaponized",15,IF(X7="PoC Available",10,IF(X7="Public Exploit",5,0))) + IF(G7="Production",10,IF(G7="DMZ",8,IF(G7="DR/Backup",5,0))) + IF(Y7="N",10,0) ) | AA7: =IF(OR(P7="Y",AND(K7>=9.0,W7="Y")),"P0",IF(Z7>=80,"P0",IF(Z7>=60,"P1",IF(Z7>=40,"P2",IF(Z7>=20,"P3","P4"))))) | AD7: =IF(AB7<>"",AB7,AA7) | AE7: =VLOOKUP(AD7,SLA_Definitions!$A$2:$B$6,2,FALSE) | AF7: =IF(B7<>"",WORKDAY(B7,AE7),"") | AG7: =IF(AF7<>"",NETWORKDAYS(TODAY(),AF7),"") | AH7: =IF(AJ7="Complete","Complete",IF(AG7<0,"Overdue",IF(AG7<=AE7*0.2,"At Risk","On Track"))) | AK7: =IF(OR(AH7="Overdue",AND(AD7="P0",AG7<1),AND(AD7="P1",AG7<3)),"Y","N")
K8: =IF(J8="v4.0",L8,IF(J8="v3.1",M8,IF(J8="Both",L8,IF(AND(L8<>"",M8=""),L8,M8)))) | Z8: =MIN(100, (K8*5) + (U8*10) + IF(P8="Y",40,0) + IF(Q8="P",30,0) + IF(V8="Y",25,0) + IF(W8="Y",20,0) + IF(X8="Weaponized",15,IF(X8="PoC Available",10,IF(X8="Public Exploit",5,0))) + IF(G8="Production",10,IF(G8="DMZ",8,IF(G8="DR/Backup",5,0))) + IF(Y8="N",10,0) ) | AA8: =IF(OR(P8="Y",AND(K8>=9.0,W8="Y")),"P0",IF(Z8>=80,"P0",IF(Z8>=60,"P1",IF(Z8>=40,"P2",IF(Z8>=20,"P3","P4"))))) | AD8: =IF(AB8<>"",AB8,AA8) | AE8: =VLOOKUP(AD8,SLA_Definitions!$A$2:$B$6,2,FALSE) | AF8: =IF(B8<>"",WORKDAY(B8,AE8),"") | AG8: =IF(AF8<>"",NETWORKDAYS(TODAY(),AF8),"") | AH8: =IF(AJ8="Complete","Complete",IF(AG8<0,"Overdue",IF(AG8<=AE8*0.2,"At Risk","On Track"))) | AK8: =IF(OR(AH8="Overdue",AND(AD8="P0",AG8<1),AND(AD8="P1",AG8<3)),"Y","N")
K9: =IF(J9="v4.0",L9,IF(J9="v3.1",M9,IF(J9="Both",L9,IF(AND(L9<>"",M9=""),L9,M9)))) | Z9: =MIN(100, (K9*5) + (U9*10) + IF(P9="Y",40,0) + IF(Q9="P",30,0) + IF(V9="Y",25,0) + IF(W9="Y",20,0) + IF(X9="Weaponized",15,IF(X9="PoC Available",10,IF(X9="Public Exploit",5,0))) + IF(G9="Production",10,IF(G9="DMZ",8,IF(G9="DR/Backup",5,0))) + IF(Y9="N",10,0) ) | AA9: =IF(OR(P9="Y",AND(K9>=9.0,W9="Y")),"P0",IF(Z9>=80,"P0",IF(Z9>=60,"P1",IF(Z9>=40,"P2",IF(Z9>=20,"P3","P4"))))) | AD9: =IF(AB9<>"",AB9,AA9) | AE9: =VLOOKUP(AD9,SLA_Definitions!$A$2:$B$6,2,FALSE) | AF9: =IF(B9<>"",WORKDAY(B9,AE9),"") | AG9: =IF(AF9<>"",NETWORKDAYS(TODAY(),AF9),"") | AH9: =IF(AJ9="Complete","Complete",IF(AG9<0,"Overdue",IF(AG9<=AE9*0.2,"At Risk","On Track"))) | AK9: =IF(OR(AH9="Overdue",AND(AD9="P0",AG9<1),AND(AD9="P1",AG9<3)),"Y","N")
K10: =IF(J10="v4.0",L10,IF(J10="v3.1",M10,IF(J10="Both",L10,IF(AND(L10<>"",M10=""),L10,M10)))) | Z10: =MIN(100, (K10*5) + (U10*10) + IF(P10="Y",40,0) + IF(Q10="P",30,0) + IF(V10="Y",25,0) + IF(W10="Y",20,0) + IF(X10="Weaponized",15,IF(X10="PoC Available",10,IF(X10="Public Exploit",5,0))) + IF(G10="Production",10,IF(G10="DMZ",8,IF(G10="DR/Backup",5,0))) + IF(Y10="N",10,0) ) | AA10: =IF(OR(P10="Y",AND(K10>=9.0,W10="Y")),"P0",IF(Z10>=80,"P0",IF(Z10>=60,"P1",IF(Z10>=40,"P2",IF(Z10>=20,"P3","P4"))))) | AD10: =IF(AB10<>"",AB10,AA10) | AE10: =VLOOKUP(AD10,SLA_Definitions!$A$2:$B$6,2,FALSE) | AF10: =IF(B10<>"",WORKDAY(B10,AE10),"") | AG10: =IF(AF10<>"",NETWORKDAYS(TODAY(),AF10),"") | AH10: =IF(AJ10="Complete","Complete",IF(AG10<0,"Overdue",IF(AG10<=AE10*0.2,"At Risk","On Track"))) | AK10: =IF(OR(AH10="Overdue",AND(AD10="P0",AG10<1),AND(AD10="P1",AG10<3)),"Y","N")
K11: =IF(J11="v4.0",L11,IF(J11="v3.1",M11,IF(J11="Both",L11,IF(AND(L11<>"",M11=""),L11,M11)))) | Z11: =MIN(100, (K11*5) + (U11*10) + IF(P11="Y",40,0) + IF(Q11="P",30,0) + IF(V11="Y",25,0) + IF(W11="Y",20,0) + IF(X11="Weaponized",15,IF(X11="PoC Available",10,IF(X11="Public Exploit",5,0))) + IF(G11="Production",10,IF(G11="DMZ",8,IF(G11="DR/Backup",5,0))) + IF(Y11="N",10,0) ) | AA11: =IF(OR(P11="Y",AND(K11>=9.0,W11="Y")),"P0",IF(Z11>=80,"P0",IF(Z11>=60,"P1",IF(Z11>=40,"P2",IF(Z11>=20,"P3","P4"))))) | AD11: =IF(AB11<>"",AB11,AA11) | AE11: =VLOOKUP(AD11,SLA_Definitions!$A$2:$B$6,2,FALSE) | AF11: =IF(B11<>"",WORKDAY(B11,AE11),"") | AG11: =IF(AF11<>"",NETWORKDAYS(TODAY(),AF11),"") | AH11: =IF(AJ11="Complete","Complete",IF(AG11<0,"Overdue",IF(AG11<=AE11*0.2,"At Risk","On Track"))) | AK11: =IF(OR(AH11="Overdue",AND(AD11="P0",AG11<1),AND(AD11="P1",AG11<3)),"Y","N")
K12: =IF(J12="v4.0",L12,IF(J12="v3.1",M12,IF(J12="Both",L12,IF(AND(L12<>"",M12=""),L12,M12)))) | Z12: =MIN(100, (K12*5) + (U12*10) + IF(P12="Y",40,0) + IF(Q12="P",30,0) + IF(V12="Y",25,0) + IF(W12="Y",20,0) + IF(X12="Weaponized",15,IF(X12="PoC Available",10,IF(X12="Public Exploit",5,0))) + IF(G12="Production",10,IF(G12="DMZ",8,IF(G12="DR/Backup",5,0))) + IF(Y12="N",10,0) ) | AA12: =IF(OR(P12="Y",AND(K12>=9.0,W12="Y")),"P0",IF(Z12>=80,"P0",IF(Z12>=60,"P1",IF(Z12>=40,"P2",IF(Z12>=20,"P3","P4"))))) | AD12: =IF(AB12<>"",AB12,AA12) | AE12: =VLOOKUP(AD12,SLA_Definitions!$A$2:$B$6,2,FALSE) | AF12: =IF(B12<>"",WORKDAY(B12,AE12),"") | AG12: =IF(AF12<>"",NETWORKDAYS(TODAY(),AF12),"") | AH12: =IF(AJ12="Complete","Complete",IF(AG12<0,"Overdue",IF(AG12<=AE12*0.2,"At Risk","On Track"))) | AK12: =IF(OR(AH12="Overdue",AND(AD12="P0",AG12<1),AND(AD12="P1",AG12<3)),"Y","N")
K13: =IF(J13="v4.0",L13,IF(J13="v3.1",M13,IF(J13="Both",L13,IF(AND(L13<>"",M13=""),L13,M13)))) | Z13: =MIN(100, (K13*5) + (U13*10) + IF(P13="Y",40,0) + IF(Q13="P",30,0) + IF(V13="Y",25,0) + IF(W13="Y",20,0) + IF(X13="Weaponized",15,IF(X13="PoC Available",10,IF(X13="Public Exploit",5,0))) + IF(G13="Production",10,IF(G13="DMZ",8,IF(G13="DR/Backup",5,0))) + IF(Y13="N",10,0) ) | AA13: =IF(OR(P13="Y",AND(K13>=9.0,W13="Y")),"P0",IF(Z13>=80,"P0",IF(Z13>=60,"P1",IF(Z13>=40,"P2",IF(Z13>=20,"P3","P4"))))) | AD13: =IF(AB13<>"",AB13,AA13) | AE13: =VLOOKUP(AD13,SLA_Definitions!$A$2:$B$6,2,FALSE) | AF13: =IF(B13<>"",WORKDAY(B13,AE13),"") | AG13: =IF(AF13<>"",NETWORKDAYS(TODAY(),AF13),"") | AH13: =IF(AJ13="Complete","Complete",IF(AG13<0,"Overdue",IF(AG13<=AE13*0.2,"At Risk","On Track"))) | AK13: =IF(OR(AH13="Overdue",AND(AD13="P0",AG13<1),AND(AD13="P1",AG13<3)),"Y","N")
K14: =IF(J14="v4.0",L14,IF(J14="v3.1",M14,IF(J14="Both",L14,IF(AND(L14<>"",M14=""),L14,M14)))) | Z14: =MIN(100, (K14*5) + (U14*10) + IF(P14="Y",40,0) + IF(Q14="P",30,0) + IF(V14="Y",25,0) + IF(W14="Y",20,0) + IF(X14="Weaponized",15,IF(X14="PoC Available",10,IF(X14="Public Exploit",5,0))) + IF(G14="Production",10,IF(G14="DMZ",8,IF(G14="DR/Backup",5,0))) + IF(Y14="N",10,0) ) | AA14: =IF(OR(P14="Y",AND(K14>=9.0,W14="Y")),"P0",IF(Z14>=80,"P0",IF(Z14>=60,"P1",IF(Z14>=40,"P2",IF(Z14>=20,"P3","P4"))))) | AD14: =IF(AB14<>"",AB14,AA14) | AE14: =VLOOKUP(AD14,SLA_Definitions!$A$2:$B$6,2,FALSE) | AF14: =IF(B14<>"",WORKDAY(B14,AE14),"") | AG14: =IF(AF14<>"",NETWORKDAYS(TODAY(),AF14),"") | AH14: =IF(AJ14="Complete","Complete",IF(AG14<0,"Overdue",IF(AG14<=AE14*0.2,"At Risk","On Track"))) | AK14: =IF(OR(AH14="Overdue",AND(AD14="P0",AG14<1),AND(AD14="P1",AG14<3)),"Y","N")
K15: =IF(J15="v4.0",L15,IF(J15="v3.1",M15,IF(J15="Both",L15,IF(AND(L15<>"",M15=""),L15,M15)))) | Z15: =MIN(100, (K15*5) + (U15*10) + IF(P15="Y",40,0) + IF(Q15="P",30,0) + IF(V15="Y",25,0) + IF(W15="Y",20,0) + IF(X15="Weaponized",15,IF(X15="PoC Available",10,IF(X15="Public Exploit",5,0))) + IF(G15="Production",10,IF(G15="DMZ",8,IF(G15="DR/Backup",5,0))) + IF(Y15="N",10,0) ) | AA15: =IF(OR(P15="Y",AND(K15>=9.0,W15="Y")),"P0",IF(Z15>=80,"P0",IF(Z15>=60,"P1",IF(Z15>=40,"P2",IF(Z15>=20,"P3","P4"))))) | AD15: =IF(AB15<>"",AB15,AA15) | AE15: =VLOOKUP(AD15,SLA_Definitions!$A$2:$B$6,2,FALSE) | AF15: =IF(B15<>"",WORKDAY(B15,AE15),"") | AG15: =IF(AF15<>"",NETWORKDAYS(TODAY(),AF15),"") | AH15: =IF(AJ15="Complete","Complete",IF(AG15<0,"Overdue",IF(AG15<=AE15*0.2,"At Risk","On Track"))) | AK15: =IF(OR(AH15="Overdue",AND(AD15="P0",AG15<1),AND(AD15="P1",AG15<3)),"Y","N")
K16: =IF(J16="v4.0",L16,IF(J16="v3.1",M16,IF(J16="Both",L16,IF(AND(L16<>"",M16=""),L16,M16)))) | Z16: =MIN(100, (K16*5) + (U16*10) + IF(P16="Y",40,0) + IF(Q16="P",30,0) + IF(V16="Y",25,0) + IF(W16="Y",20,0) + IF(X16="Weaponized",15,IF(X16="PoC Available",10,IF(X16="Public Exploit",5,0))) + IF(G16="Production",10,IF(G16="DMZ",8,IF(G16="DR/Backup",5,0))) + IF(Y16="N",10,0) ) | AA16: =IF(OR(P16="Y",AND(K16>=9.0,W16="Y")),"P0",IF(Z16>=80,"P0",IF(Z16>=60,"P1",IF(Z16>=40,"P2",IF(Z16>=20,"P3","P4"))))) | AD16: =IF(AB16<>"",AB16,AA16) | AE16: =VLOOKUP(AD16,SLA_Definitions!$A$2:$B$6,2,FALSE) | AF16: =IF(B16<>"",WORKDAY(B16,AE16),"") | AG16: =IF(AF16<>"",NETWORKDAYS(TODAY(),AF16),"") | AH16: =IF(AJ16="Complete","Complete",IF(AG16<0,"Overdue",IF(AG16<=AE16*0.2,"At Risk","On Track"))) | AK16: =IF(OR(AH16="Overdue",AND(AD16="P0",AG16<1),AND(AD16="P1",AG16<3)),"Y","N")
K17: =IF(J17="v4.0",L17,IF(J17="v3.1",M17,IF(J17="Both",L17,IF(AND(L17<>"",M17=""),L17,M17)))) | Z17: =MIN(100, (K17*5) + (U17*10) + IF(P17="Y",40,0) + IF(Q17="P",30,0) + IF(V17="Y",25,0) + IF(W17="Y",20,0) + IF(X17="Weaponized",15,IF(X17="PoC Available",10,IF(X17="Public Exploit",5,0))) + IF(G17="Production",10,IF(G17="DMZ",8,IF(G17="DR/Backup",5,0))) + IF(Y17="N",10,0) ) | AA17: =IF(OR(P17="Y",AND(K17>=9.0,W17="Y")),"P0",IF(Z17>=80,"P0",IF(Z17>=60,"P1",IF(Z17>=40,"P2",IF(Z17>=20,"P3","P4"))))) | AD17: =IF(AB17<>"",AB17,AA17) | AE17: =VLOOKUP(AD17,SLA_Definitions!$A$2:$B$6,2,FALSE) | AF17: =IF(B17<>"",WORKDAY(B17,AE17),"") | AG17: =IF(AF17<>"",NETWORKDAYS(TODAY(),AF17),"") | AH17: =IF(AJ17="Complete","Complete",IF(AG17<0,"Overdue",IF(AG17<=AE17*0.2,"At Risk","On Track"))) | AK17: =IF(OR(AH17="Overdue",AND(AD17="P0",AG17<1),AND(AD17="P1",AG17<3)),"Y","N")
... K1000: =IF(J1000="v4.0",L1000,IF(J1000="v3.1",M1000,IF(J1000="Both",L1000,IF(AND(L1000<>"",M1000=""),L1000,M1000)))) | Z1000: =MIN(100, (K1000*5) + (U1000*10) + IF(P1000="Y",40,0) + IF(Q1000="P",30,0) + IF(V1000="Y",25,0) + IF(W1000="Y",20,0) + IF(X1000="Weaponized",15,IF(X1000="PoC Available",10,IF(X1000="Public Exploit",5,0))) + IF(G1000="Production",10,IF(G1000="DMZ",8,IF(G1000="DR/Backup",5,0))) + IF(Y1000="N",10,0) ) | AA1000: =IF(OR(P1000="Y",AND(K1000>=9.0,W1000="Y")),"P0",IF(Z1000>=80,"P0",IF(Z1000>=60,"P1",IF(Z1000>=40,"P2",IF(Z1000>=20,"P3","P4"))))) | AD1000: =IF(AB1000<>"",AB1000,AA1000) | AE1000: =VLOOKUP(AD1000,SLA_Definitions!$A$2:$B$6,2,FALSE) | AF1000: =IF(B1000<>"",WORKDAY(B1000,AE1000),"") | AG1000: =IF(AF1000<>"",NETWORKDAYS(TODAY(),AF1000),"") | AH1000: =IF(AJ1000="Complete","Complete",IF(AG1000<0,"Overdue",IF(AG1000<=AE1000*0.2,"At Risk","On Track"))) | AK1000: =IF(OR(AH1000="Overdue",AND(AD1000="P0",AG1000<1),AND(AD1000="P1",AG1000<3)),"Y","N")

Sheet Priority_Criteria
A1: SECTION A: SCORING WEIGHTS
A3: Factor | B3: Weight | C3: Points | D3: Rationale
A4: Base CVSS Score | B4: 5x | C4: 0-50 | D4: Core technical severity
A5: Business Impact Multiplier | B5: 10x | C5: 10-50 | D5: Organization-specific criticality
A6: Wormable (AU=Y) | B6: +40 | C6: 40 | D6: Self-propagating threat
A7: Safety-Critical (S=P) | B7: +30 | C7: 30 | D7: Physical harm potential
A8: CISA KEV Listed | B8: +25 | C8: 25 | D8: Known active exploitation
A9: Active Exploitation | B9: +20 | C9: 20 | D9: Current threat activity
A10: Weaponized Exploit | B10: +15 | C10: 15 | D10: Mature exploit available
A11: PoC Exploit Available | B11: +10 | C11: 10 | D11: Proof of concept exists
A12: Public Exploit | B12: +5 | C12: 5 | D12: Exploit code published
A13: Production Environment | B13: +10 | C13: 10 | D13: Business-critical system
A14: DMZ Environment | B14: +8 | C14: 8 | D14: External exposure
... A17: **Maximum Score** | B17: - | C17: **100** | D17: -
A19: SECTION B: PRIORITY THRESHOLDS
A21: Priority | B21: Score Range | C21: Color Code | D21: Description
A22: P0 | B22: 80-100 OR Wormable OR (CVSS≥9.0 + Active Exploit) | C22: 🔴 Red | D22: Emergency - Immediate action
A23: P1 | B23: 60-79 | C23: 🟠 Orange | D23: Critical - Expedited remediation
A24: P2 | B24: 40-59 | C24: 🟡 Yellow | D24: High - Planned remediation
A25: P3 | B25: 20-39 | C25: 🟢 Green | D25: Medium - Standard timeline
A26: P4 | B26: 0-19 | C26: ⚪ White | D26: Low - Opportunistic patching
A28: SECTION C: AUTO-P0 TRIGGERS
A30: Vulnerabilities automatically escalated to P0 regardless of score:
A31: 1. Supplemental_AU = 'Y' (Wormable/Automatable)
A32: 2. CVSS_Primary_Score ≥ 9.0 AND Active_Exploitation = 'Y'
A33: 3. Safety-Critical (S=P) AND CVSS_Primary_Score ≥ 9.0
A34: 4. KEV_Listed = 'Y' AND Environment = 'Production' AND CVSS ≥ 8.0
A35: 5. Manual escalation by CISO/Security Director
A38: SECTION D: ENVIRONMENTAL MULTIPLIERS
A40: Environment | B40: Multiplier | C40: Rationale
A41: Production | B41: 1.0 | C41: Baseline
A42: DMZ | B42: 0.9 | C42: External exposure
A43: DR/Backup | B43: 0.7 | C43: Recovery impact
A44: Staging | B44: 0.5 | C44: Pre-production testing
A45: Management | B45: 0.8 | C45: Administrative access
A46: Development | B46: 0.3 | C46: Non-production

Sheet SLA_Definitions
A1: Priority_Level | B1: SLA_Days | C1: SLA_Hours | D1: At_Risk_Threshold | E1: Escalation_Threshold | F1: Target_Compliance | G1: Current_Compliance | H1: Gap_Analysis
A2: P0 | B2: 1 | C2: 24 | D2: 50% | E2: 75% | F2: 100% | G2: =IFERROR(COUNTIFS(Priority_Matrix!$AD:$AD,A2,Priority_Matrix!$AJ:$AJ,"Complete")/COUNTIF(Priority_Matrix!$AD:$AD,A2),0) | H2: =VALUE(LEFT(F2,LEN(F2)-1))/100-G2
A3: P1 | B3: 7 | C3: 168 | D3: 70% | E3: 85% | F3: 95% | G3: =IFERROR(COUNTIFS(Priority_Matrix!$AD:$AD,A3,Priority_Matrix!$AJ:$AJ,"Complete")/COUNTIF(Priority_Matrix!$AD:$AD,A3),0) | H3: =VALUE(LEFT(F3,LEN(F3)-1))/100-G3
A4: P2 | B4: 30 | C4: 720 | D4: 80% | E4: 90% | F4: 90% | G4: =IFERROR(COUNTIFS(Priority_Matrix!$AD:$AD,A4,Priority_Matrix!$AJ:$AJ,"Complete")/COUNTIF(Priority_Matrix!$AD:$AD,A4),0) | H4: =VALUE(LEFT(F4,LEN(F4)-1))/100-G4
A5: P3 | B5: 90 | C5: 2160 | D5: 85% | E5: 95% | F5: 85% | G5: =IFERROR(COUNTIFS(Priority_Matrix!$AD:$AD,A5,Priority_Matrix!$AJ:$AJ,"Complete")/COUNTIF(Priority_Matrix!$AD:$AD,A5),0) | H5: =VALUE(LEFT(F5,LEN(F5)-1))/100-G5
A6: P4 | B6: 180 | C6: 4320 | D6: 90% | E6: N/A | F6: 80% | G6: =IFERROR(COUNTIFS(Priority_Matrix!$AD:$AD,A6,Priority_Matrix!$AJ:$AJ,"Complete")/COUNTIF(Priority_Matrix!$AD:$AD,A6),0) | H6: =VALUE(LEFT(F6,LEN(F6)-1))/100-G6

Sheet Workload_Capacity
A1: SECTION A: TEAM CAPACITY
A3: Team | B3: FTE_Count | C3: Weekly_Capacity_Hours | D3: Vuln_Remediation_% | E3: Effective_Hours | F3: Avg_Vuln_per_Hour | G3: Weekly_Capacity_Vulns
A4: Security Team | B4: 4 | C4: 160 | D4: 60% | E4: 96 | F4: 0.5 | G4: 48
A5: Infrastructure Team | B5: 12 | C5: 480 | D5: 40% | E5: 192 | F5: 0.4 | G5: 77
A6: Application Team | B6: 25 | C6: 1000 | D6: 30% | E6: 300 | F6: 0.3 | G6: 90
A7: Database Team | B7: 6 | C7: 240 | D7: 35% | E7: 84 | F7: 0.4 | G7: 34
A8: Network Team | B8: 5 | C8: 200 | D8: 45% | E8: 90 | F8: 0.5 | G8: 45
A9: Cloud Team | B9: 8 | C9: 320 | D9: 50% | E9: 160 | F9: 0.4 | G9: 64
A10: **Total** | B10: =SUM(B4:B9) | C10: =SUM(C4:C9) | D10: ~40% | E10: =SUM(E4:E9) | F10: ~0.4 | G10: =SUM(G4:G9)
A12: SECTION B: CURRENT WORKLOAD
A14: Priority | B14: Count | C14: Assigned | D14: Queued | E14: In_Progress | F14: Blocked | G14: Estimated_Hours | H14: %_of_Capacity
A15: P0 | B15: =COUNTIF(Priority_Matrix!$AD:$AD,"P0") | C15: =COUNTIFS(Priority_Matrix!$AD:$AD,"P0",Priority_Matrix!$AI:$AI,"<>") | D15: =COUNTIFS(Priority_Matrix!$AD:$AD,"P0",Priority_Matrix!$AJ:$AJ,"Queued") | E15: =COUNTIFS(Priority_Matrix!$AD:$AD,"P0",Priority_Matrix!$AJ:$AJ,"In Progress") | F15: =COUNTIFS(Priority_Matrix!$AD:$AD,"P0",Priority_Matrix!$AJ:$AJ,"Blocked") | G15: =B15*2 | H15: =G15/$E$10
A16: P1 | B16: =COUNTIF(Priority_Matrix!$AD:$AD,"P1") | C16: =COUNTIFS(Priority_Matrix!$AD:$AD,"P1",Priority_Matrix!$AI:$AI,"<>") | D16: =COUNTIFS(Priority_Matrix!$AD:$AD,"P1",Priority_Matrix!$AJ:$AJ,"Queued") | E16: =COUNTIFS(Priority_Matrix!$AD:$AD,"P1",Priority_Matrix!$AJ:$AJ,"In Progress") | F16: =COUNTIFS(Priority_Matrix!$AD:$AD,"P1",Priority_Matrix!$AJ:$AJ,"Blocked") | G16: =B16*2.5 | H16: =G16/$E$10
A17: P2 | B17: =COUNTIF(Priority_Matrix!$AD:$AD,"P2") | C17: =COUNTIFS(Priority_Matrix!$AD:$AD,"P2",Priority_Matrix!$AI:$AI,"<>") | D17: =COUNTIFS(Priority_Matrix!$AD:$AD,"P2",Priority_Matrix!$AJ:$AJ,"Queued") | E17: =COUNTIFS(Priority_Matrix!$AD:$AD,"P2",Priority_Matrix!$AJ:$AJ,"In Progress") | F17: =COUNTIFS(Priority_Matrix!$AD:$AD,"P2",Priority_Matrix!$AJ:$AJ,"Blocked") | G17: =B17*3 | H17: =G17/$E$10
A18: P3 | B18: =COUNTIF(Priority_Matrix!$AD:$AD,"P3") | C18: =COUNTIFS(Priority_Matrix!$AD:$AD,"P3",Priority_Matrix!$AI:$AI,"<>") | D18: =COUNTIFS(Priority_Matrix!$AD:$AD,"P3",Priority_Matrix!$AJ:$AJ,"Queued") | E18: =COUNTIFS(Priority_Matrix!$AD:$AD,"P3",Priority_Matrix!$AJ:$AJ,"In Progress") | F18: =COUNTIFS(Priority_Matrix!$AD:$AD,"P3",Priority_Matrix!$AJ:$AJ,"Blocked") | G18: =B18*2 | H18: =G18/$E$10
A19: P4 | B19: =COUNTIF(Priority_Matrix!$AD:$AD,"P4") | C19: =COUNTIFS(Priority_Matrix!$AD:$AD,"P4",Priority_Matrix!$AI:$AI,"<>") | D19: =COUNTIFS(Priority_Matrix!$AD:$AD,"P4",Priority_Matrix!$AJ:$AJ,"Queued") | E19: =COUNTIFS(Priority_Matrix!$AD:$AD,"P4",Priority_Matrix!$AJ:$AJ,"In Progress") | F19: =COUNTIFS(Priority_Matrix!$AD:$AD,"P4",Priority_Matrix!$AJ:$AJ,"Blocked") | G19: =B19*1 | H19: =G19/$E$10
A22: SECTION C: CAPACITY ALERTS
A24: Alert_Type | B24: Threshold | C24: Current_Status | D24: Action_Required
A25: Oversubscribed | B25: >100% capacity | C25: =IF(SUM(H15:H19)>1,"🔴 YES","🟢 NO") | D25: Escalate to management
A26: P0 Backlog | B26: >5 P0 items | C26: =IF(B15>5,"🔴 YES","🟢 NO") | D26: Emergency resources
A27: P1 Backlog | B27: >100 P1 items | C27: =IF(B16>100,"🟡 YES","🟢 NO") | D27: Prioritization review
A28: Average Age | B28: >60 days | C28: =IF(AVERAGE(Priority_Matrix!AG:AG)>60,"🟡 YES","🟢 NO") | D28: Process improvement

Sheet Priority_Queue
A1: Final_Priority | B1: Vuln_ID | C1: Days_Remaining | D1: SLA_Status | E1: Title | F1: Affected_System | G1: CVSS_Primary_Score | H1: Risk_Rating | I1: KEV_Listed | J1: Active_Exploitation | K1: Assigned_Team | L1: Remediation_Status | M1: Escalation_Required
A2: Note: This sheet should be populated via filtered view or query from Priority_Matrix sheet

Sheet Escalation_Rules
A1: SECTION A: ESCALATION TRIGGERS
A3: Trigger_# | B3: Condition | C3: Escalation_Level | D3: Notification_Recipients | E3: Action_Required
A4: 1 | B4: P0 created | C4: Immediate | D4: CISO, Security Director, VM Coordinator | E4: Emergency response
A5: 2 | B5: P0 SLA < 6 hours remaining | C5: High | D5: CISO, Security Director, Team Lead | E5: Status update required
A6: 3 | B6: P0 SLA overdue | C6: Critical | D6: CISO, CIO, Security Director | E6: Executive briefing
A7: 4 | B7: P1 SLA < 3 days remaining | C7: Medium | D7: Security Director, VM Coordinator | E7: Remediation plan required
A8: 5 | B8: Wormable vulnerability | C8: Immediate | D8: CISO, Security Director, IR Team | E8: Immediate assessment

Sheet Exception_Tracking
A1: Exception_ID | B1: Vuln_ID | C1: Date_Applied | D1: Applied_By | E1: Auto_Priority | F1: Manual_Override | G1: Priority_Change | H1: Justification | I1: Approver | J1: Approval_Date | K1: Review_Date | L1: Status | M1: Notes

Sheet Historical_Trends
A1: SECTION A: MONTHLY PRIORITY DISTRIBUTION
A3: Month | B3: Total_Vulns | C3: P0 | D3: P1 | E3: P2 | F3: P3 | G3: P4 | H3: Avg_Priority_Score | I3: Median_Days_to_Close
A4: 2025-11 | B4: 847 | C4: 3 | D4: 89 | E4: 312 | F4: 387 | G4: 56 | H4: 42.3 | I4: 28

Sheet Dashboard
A1: VULNERABILITY PRIORITIZATION DASHBOARD
A3: SECTION A: EXECUTIVE SUMMARY
A5: Metric | B5: Value | C5: Status | D5: Trend
A6: Total Active Vulnerabilities | B6: =COUNTA(Priority_Matrix!A:A)-1 | C6: [Gauge] | D6: [Sparkline]
A7: Emergency (P0) Count | B7: =COUNTIF(Priority_Matrix!AD:AD,"P0") | C7: 🔴/🟢 | D7: [Sparkline]
A8: Wormable Vulnerabilities | B8: =COUNTIF(Priority_Matrix!P:P,"Y") | C8: 🔴/🟢 | D8: [Sparkline]
A9: SLA Compliance (Overall) | B9: =AVERAGE(SLA_Definitions!G:G) | C9: [Gauge] | D9: [Sparkline]
A10: Overdue Vulnerabilities | B10: =COUNTIF(Priority_Matrix!AH:AH,"Overdue") | C10: 🔴/🟢 | D10: [Sparkline]
