Workbook

Sheet Overview
A1: Workbook ID | B1: ISMS-IMP-A.8.8.9
A2: Title | B2: Compensating Controls Tracking
A3: Version | B3: 1.0
A4: Generated Date | B4: 31.01.2026
A5: Last Updated | B5: [Manual entry]
A6: Owner | B6: Vulnerability Management Coordinator
A7: Classification | B7: Internal
A8: Review Cycle | B8: Monthly
A12: QUICK STATISTICS
A13: Metric | B13: Formula/Source | C13: Target
A14: Total Active Controls | B14: =COUNTA(Compensating_Controls!A:A)-1 | C14: -
A15: P0 Controls | B15: =COUNTIF(Compensating_Controls!T:T,"P0") | C15: <5
A16: P1 Controls | B16: =COUNTIF(Compensating_Controls!T:T,"P1") | C16: <20
A17: Controls >6 Months | B17: =COUNTIF(Compensating_Controls!Z:Z,">180") | C17: <10
A18: Controls Pending Validation | B18: =COUNTIF(Compensating_Controls!AE:AE,"Pending") | C18: <5
A19: Overdue Reviews | B19: =COUNTIF(Compensating_Controls!AL:AL,"Overdue") | C19: 0
A20: Average Risk Reduction | B20: =IFERROR(AVERAGE(Compensating_Controls!AC:AC),0) | C20: >60%
A21: Controls Removed This Month | B21: =COUNTIFS(Removal_Log!C:C,">="&EOMONTH(TODAY(),-1)+1) | C21: -
A22: Avg Control Lifespan | B22: =IFERROR(AVERAGE(Removal_Log!E:E),0) | C22: <90 days
A23: Effectiveness Score | B23: =IFERROR(AVERAGE(Effectiveness_Validation!J:J),0) | C23: >75%
A27: NAVIGATION LINKS
A28: Compensating_Controls | B28: Master compensating controls tracking
A29: Control_Types | B29: Control catalog and effectiveness ratings
A30: Implementation_Log | B30: Control deployment records
A31: Effectiveness_Validation | B31: Periodic testing and verification
A32: Review_Schedule | B32: Monthly review and renewal tracking
A33: Removal_Log | B33: Control sunset when permanent fix deployed
A34: Dashboard | B34: Executive summary and visual KPIs

Sheet Compensating_Controls
A1: Control_ID | B1: Vuln_ID | C1: CVE_ID | D1: Vulnerability_Title | E1: Affected_System | F1: System_Type | G1: Environment | H1: Asset_Owner | I1: Discovery_Date | J1: CVSS_Version | K1: CVSS_Primary_Score | L1: CVSS_v40_Score | M1: CVSS_v31_Score | N1: CVSS_v40_Vector | O1: CVSS_v31_Vector | P1: Supplemental_AU | Q1: Supplemental_S | R1: Version_Source | S1: Score_Date | T1: Final_Priority | U1: Remediation_Status | V1: Delay_Justification | W1: Control_Type | X1: Control_Description | Y1: Implementation_Date | Z1: Days_Active | AA1: Risk_Before | AB1: Risk_After | AC1: Risk_Reduction_% | AD1: Implemented_By | AE1: Validation_Status | AF1: Last_Validation_Date | AG1: Next_Validation_Due | AH1: Validation_Frequency | AI1: Review_Cycle | AJ1: Last_Review_Date | AK1: Next_Review_Due | AL1: Review_Status | AM1: Approved_By | AN1: Approval_Date | AO1: Permanent_Fix_Status | AP1: Target_Removal_Date | AQ1: Actual_Removal_Date | AR1: Removal_Verified | AS1: Status | AT1: Notes
A2: CC-2026-001 | B2: VULN-2026-001 | C2: CVE-2025-ZERODAY | D2: Zero-Day RCE in Web Server | E2: web-prod-01.example.com | F2: Server | G2: Production | H2: Infrastructure Team | I2: 46027 | J2: v4.0 | K2: =IF(J2="v4.0",L2,IF(J2="v3.1",M2,IF(J2="Both",L2,IF(AND(L2<>"",M2=""),L2,M2)))) | L2: 9.8 | N2: CVSS:4.0/AV:N/AC:L/AT:N/PR:N/UI:N/VC:H/VI:H/VA:H/SC:N/SI:N/SA:N | P2: Y | Q2: N | R2: NVD | S2: 46027 | T2: P0 | U2: Zero-Day | V2: No vendor patch available, exploit in the wild | W2: Firewall Rule | X2: Block external access to vulnerable endpoint, allow only internal IPs | Y2: 46027 | Z2: =IF(Y2<>"",TODAY()-Y2,"") | AA2: Critical | AB2: Medium | AC2: =IF(AND(AA2<>"",AB2<>""),CHOOSE(MATCH(AA2,{"Low","Medium","High","Critical"},0),25,50,75,100)-CHOOSE(MATCH(AB2,{"Low","Medium","High","Critical"},0),25,50,75,100),"") | AD2: Network Engineer | AE2: Validated | AF2: 46032 | AG2: =IF(AF2<>"",IF(AH2="Weekly",AF2+7,IF(AH2="Monthly",EDATE(AF2,1),IF(AH2="Quarterly",EDATE(AF2,3),""))),"") | AH2: Weekly | AI2: Weekly | AJ2: 46033 | AK2: =IF(AJ2<>"",IF(AI2="Monthly",EDATE(AJ2,1),IF(AI2="Quarterly",EDATE(AJ2,3),IF(AI2="Semi-Annual",EDATE(AJ2,6),""))),"") | AL2: =IF(AK2<>"",IF(AK2<TODAY(),"Overdue","Current"),"") | AM2: CISO | AN2: 46027 | AO2: Under Development | AS2: Active
A3: CC-2026-002 | B3: VULN-2026-010 | D3: SQL Injection in Legacy Application | E3: legacy-app.prod.local | F3: Application | G3: Production | I3: 45986 | J3: v4.0 | K3: =IF(J3="v4.0",L3,IF(J3="v3.1",M3,IF(J3="Both",L3,IF(AND(L3<>"",M3=""),L3,M3)))) | L3: 8.1 | P3: N | Q3: N | R3: Vendor | S3: 45986 | T3: P1 | U3: End of Life | V3: Application scheduled for replacement in Q2 2026 | W3: WAF Rule | X3: ModSecurity rule blocking SQL injection patterns | Y3: 45987 | Z3: =IF(Y3<>"",TODAY()-Y3,"") | AA3: High | AB3: Low | AC3: =IF(AND(AA3<>"",AB3<>""),CHOOSE(MATCH(AA3,{"Low","Medium","High","Critical"},0),25,50,75,100)-CHOOSE(MATCH(AB3,{"Low","Medium","High","Critical"},0),25,50,75,100),"") | AD3: Security Engineer | AE3: Validated | AF3: 46017 | AG3: =IF(AF3<>"",IF(AH3="Weekly",AF3+7,IF(AH3="Monthly",EDATE(AF3,1),IF(AH3="Quarterly",EDATE(AF3,3),""))),"") | AH3: Monthly | AI3: Monthly | AJ3: 46006 | AK3: =IF(AJ3<>"",IF(AI3="Monthly",EDATE(AJ3,1),IF(AI3="Quarterly",EDATE(AJ3,3),IF(AI3="Semi-Annual",EDATE(AJ3,6),""))),"") | AL3: =IF(AK3<>"",IF(AK3<TODAY(),"Overdue","Current"),"") | AS3: Active
A4: CC-2025-089 | B4: VULN-2025-567 | D4: Database Vulnerability | G4: Production | J4: v4.0 | K4: =IF(J4="v4.0",L4,IF(J4="v3.1",M4,IF(J4="Both",L4,IF(AND(L4<>"",M4=""),L4,M4)))) | L4: 7.2 | P4: N | Q4: N | T4: P2 | U4: Compatibility Issue | V4: Patch causes database performance degradation, vendor investigating | W4: Network Segmentation | X4: Isolated vulnerable DB server in dedicated VLAN, firewall between app tier | Y4: 45823 | Z4: =IF(Y4<>"",TODAY()-Y4,"") | AA4: High | AB4: Medium | AC4: =IF(AND(AA4<>"",AB4<>""),CHOOSE(MATCH(AA4,{"Low","Medium","High","Critical"},0),25,50,75,100)-CHOOSE(MATCH(AB4,{"Low","Medium","High","Critical"},0),25,50,75,100),"") | AE4: Validated | AG4: =IF(AF4<>"",IF(AH4="Weekly",AF4+7,IF(AH4="Monthly",EDATE(AF4,1),IF(AH4="Quarterly",EDATE(AF4,3),""))),"") | AH4: Monthly | AI4: Monthly | AJ4: 45976 | AK4: =IF(AJ4<>"",IF(AI4="Monthly",EDATE(AJ4,1),IF(AI4="Quarterly",EDATE(AJ4,3),IF(AI4="Semi-Annual",EDATE(AJ4,6),""))),"") | AL4: =IF(AK4<>"",IF(AK4<TODAY(),"Overdue","Current"),"") | AS4: Active
A5: CC-2026-003 | B5: VULN-2026-012 | D5: Application Information Disclosure | G5: Staging | J5: v3.1 | K5: =IF(J5="v4.0",L5,IF(J5="v3.1",M5,IF(J5="Both",L5,IF(AND(L5<>"",M5=""),L5,M5)))) | M5: 5.4 | O5: CVSS:3.1/AV:N/AC:L/PR:L/UI:R/S:C/C:L/I:N/A:N | P5: N/A | Q5: N/A | T5: P3 | U5: Patch Delayed | W5: Enhanced Monitoring | X5: SIEM alert for suspicious activity patterns | Y5: 46018 | Z5: =IF(Y5<>"",TODAY()-Y5,"") | AA5: Medium | AB5: Low | AC5: =IF(AND(AA5<>"",AB5<>""),CHOOSE(MATCH(AA5,{"Low","Medium","High","Critical"},0),25,50,75,100)-CHOOSE(MATCH(AB5,{"Low","Medium","High","Critical"},0),25,50,75,100),"") | AE5: Validated | AG5: =IF(AF5<>"",IF(AH5="Weekly",AF5+7,IF(AH5="Monthly",EDATE(AF5,1),IF(AH5="Quarterly",EDATE(AF5,3),""))),"") | AH5: Monthly | AK5: =IF(AJ5<>"",IF(AI5="Monthly",EDATE(AJ5,1),IF(AI5="Quarterly",EDATE(AJ5,3),IF(AI5="Semi-Annual",EDATE(AJ5,6),""))),"") | AL5: =IF(AK5<>"",IF(AK5<TODAY(),"Overdue","Current"),"") | AO5: Scheduled | AP5: 46042 | AS5: Pending Removal
K6: =IF(J6="v4.0",L6,IF(J6="v3.1",M6,IF(J6="Both",L6,IF(AND(L6<>"",M6=""),L6,M6)))) | Z6: =IF(Y6<>"",TODAY()-Y6,"") | AC6: =IF(AND(AA6<>"",AB6<>""),CHOOSE(MATCH(AA6,{"Low","Medium","High","Critical"},0),25,50,75,100)-CHOOSE(MATCH(AB6,{"Low","Medium","High","Critical"},0),25,50,75,100),"") | AG6: =IF(AF6<>"",IF(AH6="Weekly",AF6+7,IF(AH6="Monthly",EDATE(AF6,1),IF(AH6="Quarterly",EDATE(AF6,3),""))),"") | AK6: =IF(AJ6<>"",IF(AI6="Monthly",EDATE(AJ6,1),IF(AI6="Quarterly",EDATE(AJ6,3),IF(AI6="Semi-Annual",EDATE(AJ6,6),""))),"") | AL6: =IF(AK6<>"",IF(AK6<TODAY(),"Overdue","Current"),"")
K7: =IF(J7="v4.0",L7,IF(J7="v3.1",M7,IF(J7="Both",L7,IF(AND(L7<>"",M7=""),L7,M7)))) | Z7: =IF(Y7<>"",TODAY()-Y7,"") | AC7: =IF(AND(AA7<>"",AB7<>""),CHOOSE(MATCH(AA7,{"Low","Medium","High","Critical"},0),25,50,75,100)-CHOOSE(MATCH(AB7,{"Low","Medium","High","Critical"},0),25,50,75,100),"") | AG7: =IF(AF7<>"",IF(AH7="Weekly",AF7+7,IF(AH7="Monthly",EDATE(AF7,1),IF(AH7="Quarterly",EDATE(AF7,3),""))),"") | AK7: =IF(AJ7<>"",IF(AI7="Monthly",EDATE(AJ7,1),IF(AI7="Quarterly",EDATE(AJ7,3),IF(AI7="Semi-Annual",EDATE(AJ7,6),""))),"") | AL7: =IF(AK7<>"",IF(AK7<TODAY(),"Overdue","Current"),"")
K8: =IF(J8="v4.0",L8,IF(J8="v3.1",M8,IF(J8="Both",L8,IF(AND(L8<>"",M8=""),L8,M8)))) | Z8: =IF(Y8<>"",TODAY()-Y8,"") | AC8: =IF(AND(AA8<>"",AB8<>""),CHOOSE(MATCH(AA8,{"Low","Medium","High","Critical"},0),25,50,75,100)-CHOOSE(MATCH(AB8,{"Low","Medium","High","Critical"},0),25,50,75,100),"") | AG8: =IF(AF8<>"",IF(AH8="Weekly",AF8+7,IF(AH8="Monthly",EDATE(AF8,1),IF(AH8="Quarterly",EDATE(AF8,3),""))),"") | AK8: =IF(AJ8<>"",IF(AI8="Monthly",EDATE(AJ8,1),IF(AI8="Quarterly",EDATE(AJ8,3),IF(AI8="Semi-Annual",EDATE(AJ8,6),""))),"") | AL8: =IF(AK8<>"",IF(AK8<TODAY(),"Overdue","Current"),"")
K9: =IF(J9="v4.0",L9,IF(J9="v3.1",M9,IF(J9="Both",L9,IF(AND(L9<>"",M9=""),L9,M9)))) | Z9: =IF(Y9<>"",TODAY()-Y9,"") | AC9: =IF(AND(AA9<>"",AB9<>""),CHOOSE(MATCH(AA9,{"Low","Medium","High","Critical"},0),25,50,75,100)-CHOOSE(MATCH(AB9,{"Low","Medium","High","Critical"},0),25,50,75,100),"") | AG9: =IF(AF9<>"",IF(AH9="Weekly",AF9+7,IF(AH9="Monthly",EDATE(AF9,1),IF(AH9="Quarterly",EDATE(AF9,3),""))),"") | AK9: =IF(AJ9<>"",IF(AI9="Monthly",EDATE(AJ9,1),IF(AI9="Quarterly",EDATE(AJ9,3),IF(AI9="Semi-Annual",EDATE(AJ9,6),""))),"") | AL9: =IF(AK9<>"",IF(AK9<TODAY(),"Overdue","Current"),"")
K10: =IF(J10="v4.0",L10,IF(J10="v3.1",M10,IF(J10="Both",L10,IF(AND(L10<>"",M10=""),L10,M10)))) | Z10: =IF(Y10<>"",TODAY()-Y10,"") | AC10: =IF(AND(AA10<>"",AB10<>""),CHOOSE(MATCH(AA10,{"Low","Medium","High","Critical"},0),25,50,75,100)-CHOOSE(MATCH(AB10,{"Low","Medium","High","Critical"},0),25,50,75,100),"") | AG10: =IF(AF10<>"",IF(AH10="Weekly",AF10+7,IF(AH10="Monthly",EDATE(AF10,1),IF(AH10="Quarterly",EDATE(AF10,3),""))),"") | AK10: =IF(AJ10<>"",IF(AI10="Monthly",EDATE(AJ10,1),IF(AI10="Quarterly",EDATE(AJ10,3),IF(AI10="Semi-Annual",EDATE(AJ10,6),""))),"") | AL10: =IF(AK10<>"",IF(AK10<TODAY(),"Overdue","Current"),"")
K11: =IF(J11="v4.0",L11,IF(J11="v3.1",M11,IF(J11="Both",L11,IF(AND(L11<>"",M11=""),L11,M11)))) | Z11: =IF(Y11<>"",TODAY()-Y11,"") | AC11: =IF(AND(AA11<>"",AB11<>""),CHOOSE(MATCH(AA11,{"Low","Medium","High","Critical"},0),25,50,75,100)-CHOOSE(MATCH(AB11,{"Low","Medium","High","Critical"},0),25,50,75,100),"") | AG11: =IF(AF11<>"",IF(AH11="Weekly",AF11+7,IF(AH11="Monthly",EDATE(AF11,1),IF(AH11="Quarterly",EDATE(AF11,3),""))),"") | AK11: =IF(AJ11<>"",IF(AI11="Monthly",EDATE(AJ11,1),IF(AI11="Quarterly",EDATE(AJ11,3),IF(AI11="Semi-Annual",EDATE(AJ11,6),""))),"") | AL11: =IF(AK11<>"",IF(AK11<TODAY(),"Overdue","Current"),"")
K12: =IF(J12="v4.0",L12,IF(J12="v3.1",M12,IF(J12="Both",L12,IF(AND(L12<>"",M12=""),L12,M12)))) | Z12: =IF(Y12<>"",TODAY()-Y12,"") | AC12: =IF(AND(AA12<>"",AB12<>""),CHOOSE(MATCH(AA12,{"Low","Medium","High","Critical"},0),25,50,75,100)-CHOOSE(MATCH(AB12,{"Low","Medium","High","Critical"},0),25,50,75,100),"") | AG12: =IF(AF12<>"",IF(AH12="Weekly",AF12+7,IF(AH12="Monthly",EDATE(AF12,1),IF(AH12="Quarterly",EDATE(AF12,3),""))),"") | AK12: =IF(AJ12<>"",IF(AI12="Monthly",EDATE(AJ12,1),IF(AI12="Quarterly",EDATE(AJ12,3),IF(AI12="Semi-Annual",EDATE(AJ12,6),""))),"") | AL12: =IF(AK12<>"",IF(AK12<TODAY(),"Overdue","Current"),"")
K13: =IF(J13="v4.0",L13,IF(J13="v3.1",M13,IF(J13="Both",L13,IF(AND(L13<>"",M13=""),L13,M13)))) | Z13: =IF(Y13<>"",TODAY()-Y13,"") | AC13: =IF(AND(AA13<>"",AB13<>""),CHOOSE(MATCH(AA13,{"Low","Medium","High","Critical"},0),25,50,75,100)-CHOOSE(MATCH(AB13,{"Low","Medium","High","Critical"},0),25,50,75,100),"") | AG13: =IF(AF13<>"",IF(AH13="Weekly",AF13+7,IF(AH13="Monthly",EDATE(AF13,1),IF(AH13="Quarterly",EDATE(AF13,3),""))),"") | AK13: =IF(AJ13<>"",IF(AI13="Monthly",EDATE(AJ13,1),IF(AI13="Quarterly",EDATE(AJ13,3),IF(AI13="Semi-Annual",EDATE(AJ13,6),""))),"") | AL13: =IF(AK13<>"",IF(AK13<TODAY(),"Overdue","Current"),"")
K14: =IF(J14="v4.0",L14,IF(J14="v3.1",M14,IF(J14="Both",L14,IF(AND(L14<>"",M14=""),L14,M14)))) | Z14: =IF(Y14<>"",TODAY()-Y14,"") | AC14: =IF(AND(AA14<>"",AB14<>""),CHOOSE(MATCH(AA14,{"Low","Medium","High","Critical"},0),25,50,75,100)-CHOOSE(MATCH(AB14,{"Low","Medium","High","Critical"},0),25,50,75,100),"") | AG14: =IF(AF14<>"",IF(AH14="Weekly",AF14+7,IF(AH14="Monthly",EDATE(AF14,1),IF(AH14="Quarterly",EDATE(AF14,3),""))),"") | AK14: =IF(AJ14<>"",IF(AI14="Monthly",EDATE(AJ14,1),IF(AI14="Quarterly",EDATE(AJ14,3),IF(AI14="Semi-Annual",EDATE(AJ14,6),""))),"") | AL14: =IF(AK14<>"",IF(AK14<TODAY(),"Overdue","Current"),"")
K15: =IF(J15="v4.0",L15,IF(J15="v3.1",M15,IF(J15="Both",L15,IF(AND(L15<>"",M15=""),L15,M15)))) | Z15: =IF(Y15<>"",TODAY()-Y15,"") | AC15: =IF(AND(AA15<>"",AB15<>""),CHOOSE(MATCH(AA15,{"Low","Medium","High","Critical"},0),25,50,75,100)-CHOOSE(MATCH(AB15,{"Low","Medium","High","Critical"},0),25,50,75,100),"") | AG15: =IF(AF15<>"",IF(AH15="Weekly",AF15+7,IF(AH15="Monthly",EDATE(AF15,1),IF(AH15="Quarterly",EDATE(AF15,3),""))),"") | AK15: =IF(AJ15<>"",IF(AI15="Monthly",EDATE(AJ15,1),IF(AI15="Quarterly",EDATE(AJ15,3),IF(AI15="Semi-Annual",EDATE(AJ15,6),""))),"") | AL15: =IF(AK15<>"",IF(AK15<TODAY(),"Overdue","Current"),"")
K16: =IF(J16="v4.0",L16,IF(J16="v3.1",M16,IF(J16="Both",L16,IF(AND(L16<>"",M16=""),L16,M16)))) | Z16: =IF(Y16<>"",TODAY()-Y16,"") | AC16: =IF(AND(AA16<>"",AB16<>""),CHOOSE(MATCH(AA16,{"Low","Medium","High","Critical"},0),25,50,75,100)-CHOOSE(MATCH(AB16,{"Low","Medium","High","Critical"},0),25,50,75,100),"") | AG16: =IF(AF16<>"",IF(AH16="Weekly",AF16+7,IF(AH16="Monthly",EDATE(AF16,1),IF(AH16="Quarterly",EDATE(AF16,3),""))),"") | AK16: =IF(AJ16<>"",IF(AI16="Monthly",EDATE(AJ16,1),IF(AI16="Quarterly",EDATE(AJ16,3),IF(AI16="Semi-Annual",EDATE(AJ16,6),""))),"") | AL16: =IF(AK16<>"",IF(AK16<TODAY(),"Overdue","Current"),"")
K17: =IF(J17="v4.0",L17,IF(J17="v3.1",M17,IF(J17="Both",L17,IF(AND(L17<>"",M17=""),L17,M17)))) | Z17: =IF(Y17<>"",TODAY()-Y17,"") | AC17: =IF(AND(AA17<>"",AB17<>""),CHOOSE(MATCH(AA17,{"Low","Medium","High","Critical"},0),25,50,75,100)-CHOOSE(MATCH(AB17,{"Low","Medium","High","Critical"},0),25,50,75,100),"") | AG17: =IF(AF17<>"",IF(AH17="Weekly",AF17+7,IF(AH17="Monthly",EDATE(AF17,1),IF(AH17="Quarterly",EDATE(AF17,3),""))),"") | AK17: =IF(AJ17<>"",IF(AI17="Monthly",EDATE(AJ17,1),IF(AI17="Quarterly",EDATE(AJ17,3),IF(AI17="Semi-Annual",EDATE(AJ17,6),""))),"") | AL17: =IF(AK17<>"",IF(AK17<TODAY(),"Overdue","Current"),"")
... K1000: =IF(J1000="v4.0",L1000,IF(J1000="v3.1",M1000,IF(J1000="Both",L1000,IF(AND(L1000<>"",M1000=""),L1000,M1000)))) | Z1000: =IF(Y1000<>"",TODAY()-Y1000,"") | AC1000: =IF(AND(AA1000<>"",AB1000<>""),CHOOSE(MATCH(AA1000,{"Low","Medium","High","Critical"},0),25,50,75,100)-CHOOSE(MATCH(AB1000,{"Low","Medium","High","Critical"},0),25,50,75,100),"") | AG1000: =IF(AF1000<>"",IF(AH1000="Weekly",AF1000+7,IF(AH1000="Monthly",EDATE(AF1000,1),IF(AH1000="Quarterly",EDATE(AF1000,3),""))),"") | AK1000: =IF(AJ1000<>"",IF(AI1000="Monthly",EDATE(AJ1000,1),IF(AI1000="Quarterly",EDATE(AJ1000,3),IF(AI1000="Semi-Annual",EDATE(AJ1000,6),""))),"") | AL1000: =IF(AK1000<>"",IF(AK1000<TODAY(),"Overdue","Current"),"")

Sheet Control_Types
A1: Control_Type | B1: Category | C1: Description | D1: Typical_Risk_Reduction | E1: Implementation_Complexity | F1: Operational_Cost | G1: Validation_Method | H1: Typical_Lifespan | I1: Best_For | J1: Limitations | K1: Usage_Count | L1: Avg_Effectiveness
A2: Firewall Rule | B2: Network | C2: Block network access to vulnerable services | D2: High (>60%) | E2: Low | F2: Low | G2: Test blocked traffic from external/internal sources | H2: Short (<30d) | I2: Blocking network access to vulnerable services | J2: Does not protect against attacks from allowed sources | K2: =COUNTIF(Compensating_Controls!$W:$W,A2) | L2: =IFERROR(AVERAGEIF(Compensating_Controls!$W:$W,A2,Compensating_Controls!$AC:$AC),0)
A3: WAF Rule | B3: Application | C3: Web application firewall rules | D3: High (>60%) | E3: Medium | F3: Medium | G3: Attempt SQLi/XSS attacks in test environment | H3: Medium (30-90d) | I3: Web application vulnerabilities (SQLi, XSS) | J3: May have false positives, requires tuning | K3: =COUNTIF(Compensating_Controls!$W:$W,A3) | L3: =IFERROR(AVERAGEIF(Compensating_Controls!$W:$W,A3,Compensating_Controls!$AC:$AC),0)
A4: Network Segmentation | B4: Network | C4: Isolate vulnerable systems in dedicated VLANs | D4: Medium (30-60%) | E4: High | F4: Low | G4: Test cross-VLAN connectivity restrictions | H4: Long (>90d) | I4: Isolating vulnerable systems | J4: Complex to implement, may impact legitimate traffic | K4: =COUNTIF(Compensating_Controls!$W:$W,A4) | L4: =IFERROR(AVERAGEIF(Compensating_Controls!$W:$W,A4,Compensating_Controls!$AC:$AC),0)
A5: Enhanced Monitoring | B5: Monitoring | C5: SIEM alerts for suspicious activity | D5: Low (<30%) | E5: Low | F5: Low | G5: Verify alerts trigger on simulated attacks | H5: Medium (30-90d) | I5: Detecting post-exploitation activity | J5: Detective control only, does not prevent exploitation | K5: =COUNTIF(Compensating_Controls!$W:$W,A5) | L5: =IFERROR(AVERAGEIF(Compensating_Controls!$W:$W,A5,Compensating_Controls!$AC:$AC),0)

Sheet Implementation_Log
A1: Log_ID | B1: Control_ID | C1: Implementation_Date | D1: Implemented_By | E1: Implementation_Method | F1: Systems_Affected | G1: Configuration_Details | H1: Pre_Implementation_Test | I1: Post_Implementation_Test | J1: Service_Impact | K1: Downtime_Minutes | L1: Rollback_Plan | M1: Documentation_Link | N1: Approved_By | O1: Approval_Date | P1: Status | Q1: Notes

Sheet Effectiveness_Validation
A1: Validation_ID | B1: Control_ID | C1: Validation_Date | D1: Validator_Name | E1: Validation_Type | F1: Test_Method | G1: Test_Results | H1: Control_Functioning | I1: Risk_Still_Mitigated | J1: Effectiveness_Score | K1: Issues_Found | L1: Remediation_Actions | M1: Next_Validation_Due | N1: Validation_Result | O1: Sign_Off_By | P1: Notes

Sheet Review_Schedule
A1: Review_ID | B1: Control_ID | C1: Review_Date | D1: Reviewer_Name | E1: Review_Type | F1: Days_Since_Implementation | G1: Permanent_Fix_Available | H1: Control_Still_Needed | I1: Effectiveness_Rating | J1: Risk_Reduction_Adequate | K1: Renewal_Decision | L1: Renewal_Period | M1: Escalation_Required | N1: Escalation_Reason | O1: Next_Review_Date | P1: Approved_By | Q1: Notes

Sheet Removal_Log
A1: Removal_ID | B1: Control_ID | C1: Removal_Date | D1: Removed_By | E1: Days_Active | F1: Removal_Reason | G1: Permanent_Fix_Details | H1: Removal_Method | I1: Pre_Removal_Validation | J1: Post_Removal_Test | K1: Vulnerability_Status | L1: Service_Impact | M1: Issues_Encountered | N1: Verification_By | O1: Final_Status | P1: Notes

Sheet Dashboard
A1: COMPENSATING CONTROLS DASHBOARD
A3: SECTION A: EXECUTIVE SUMMARY
A5: Metric | B5: Value | C5: Status | D5: Trend
A6: Total Active Controls | B6: =COUNTA(Compensating_Controls!A:A)-1 | C6: [Gauge] | D6: [Sparkline]
A7: P0/P1 Controls | B7: =COUNTIFS(Compensating_Controls!T:T,"P0")+COUNTIFS(Compensating_Controls!T:T,"P1") | C7: 🔴/🟢 | D7: [Sparkline]
A8: Controls >6 Months | B8: =COUNTIF(Compensating_Controls!Z:Z,">180") | C8: [Gauge] | D8: [Sparkline]
A9: Average Risk Reduction | B9: =IFERROR(AVERAGE(Compensating_Controls!AC:AC),0) | C9: [Gauge] | D9: [Sparkline]
A10: Overdue Reviews | B10: =COUNTIF(Compensating_Controls!AL:AL,"Overdue") | C10: 🔴/🟢 | D10: [Sparkline]
