Workbook

Sheet Overview
A1: Workbook ID | B1: ISMS-IMP-A.8.8.8
A2: Title | B2: Vulnerability Remediation Tracking
A3: Version | B3: 1.0
A4: Generated Date | B4: 31.01.2026
A5: Last Updated | B5: [Manual entry]
A6: Owner | B6: Vulnerability Management Coordinator
A7: Classification | B7: Internal
A8: Review Cycle | B8: Weekly
A12: QUICK STATISTICS
A13: Metric | B13: Formula/Source | C13: Target
A14: Total Active Remediations | B14: =COUNTA(Remediation_Queue!A:A)-1 | C14: -
A15: P0 In Progress | B15: =COUNTIFS(Remediation_Queue!T:T,"P0",Remediation_Queue!AN:AN,"<>Complete") | C15: <3
A16: P1 In Progress | B16: =COUNTIFS(Remediation_Queue!T:T,"P1",Remediation_Queue!AN:AN,"<>Complete") | C16: <50
A17: Overdue Remediations | B17: =COUNTIF(Remediation_Queue!X:X,"Overdue") | C17: 0
A18: SLA Compliance Rate | B18: =IFERROR(1-COUNTIF(Remediation_Queue!X:X,"Overdue")/COUNTA(Remediation_Queue!A:A),0) | C18: >95%
A19: Patches Deployed This Week | B19: =COUNTIFS(Deployment_Log!D:D,">="&TODAY()-7,Deployment_Log!E:E,"Success") | C19: -
A20: Failed Deployments This Week | B20: =COUNTIFS(Deployment_Log!D:D,">="&TODAY()-7,Deployment_Log!E:E,"Failed") | C20: 0
A21: Pending CAB Approvals | B21: =COUNTIF(Change_Control!F:F,"Pending") | C21: <10
A22: Average Remediation Time | B22: =IFERROR(AVERAGE(Deployment_Log!K:K)/1440,0) | C22: <14 days
A23: Rollbacks This Month | B23: =COUNTIFS(Rollback_Procedures!G:G,">="&EOMONTH(TODAY(),-1)+1) | C23: 0
A27: NAVIGATION LINKS
A28: Remediation_Queue | B28: Master remediation tracking (42 columns)
A29: Deployment_Schedule | B29: Maintenance windows and assignments
A30: Change_Control | B30: CAB approval workflow
A31: Patch_Library | B31: Available patches and compatibility
A32: Testing_Validation | B32: Pre-deployment testing results
A33: Deployment_Log | B33: Real-time deployment execution
A34: Rollback_Procedures | B34: Emergency rollback plans
A35: SLA_Compliance | B35: Detailed SLA tracking and escalations
A36: Team_Assignments | B36: Resource allocation and workload
A37: Communication_Log | B37: Stakeholder notifications
A38: Lessons_Learned | B38: Post-deployment reviews
A39: Metrics_Dashboard | B39: Executive KPIs and trends
A40: Audit_Trail | B40: Complete activity history

Sheet Remediation_Queue
A1: Vuln_ID | B1: Discovery_Date | C1: CVE_ID | D1: Title | E1: Affected_System | F1: System_Type | G1: Environment | H1: Asset_Owner | I1: Scanner_Source | J1: CVSS_Version | K1: CVSS_Primary_Score | L1: CVSS_v40_Score | M1: CVSS_v31_Score | N1: CVSS_v40_Vector | O1: CVSS_v31_Vector | P1: Supplemental_AU | Q1: Supplemental_S | R1: Version_Source | S1: Score_Date | T1: Final_Priority | U1: SLA_Days | V1: Due_Date | W1: Days_Remaining | X1: SLA_Status | Y1: Remediation_Type | Z1: Patch_ID | AA1: Patch_Version | AB1: Vendor_Advisory | AC1: Dependencies | AD1: Compatibility_Tested | AE1: Test_Environment | AF1: Change_Request_ID | AG1: Change_Type | AH1: CAB_Approval_Status | AI1: Approved_By | AJ1: Approval_Date | AK1: Deployment_Window | AL1: Scheduled_Date | AM1: Deployed_By | AN1: Deployment_Status | AO1: Actual_Deployment_Date | AP1: Verification_Status
A2: VULN-2026-001 | B2: 46027 | C2: CVE-2025-12345 | D2: Remote Code Execution in Apache Struts | E2: web-prod-01.example.com | F2: Server | G2: Production | H2: Security Team | I2: Nessus | J2: v4.0 | K2: =IF(J2="v4.0",L2,IF(J2="v3.1",M2,IF(J2="Both",L2,IF(AND(L2<>"",M2=""),L2,M2)))) | L2: 9.3 | N2: CVSS:4.0/AV:N/AC:L/AT:N/PR:N/UI:N/VC:H/VI:H/VA:H/SC:N/SI:N/SA:N | P2: Y | Q2: N | R2: NVD | S2: 46027 | T2: P0 | U2: 1 | V2: 46028 | W2: =IF(V2<>"",NETWORKDAYS(TODAY(),V2),"") | X2: =IF(AN2="Complete","Complete",IF(W2<0,"Overdue",IF(W2<=U2*0.2,"At Risk","On Track"))) | Y2: Patch | Z2: STRUTS-2025-001 | AF2: CR-2026-EMG-001 | AG2: Emergency | AH2: Approved | AI2: CISO | AJ2: 46027 | AK2: Emergency: Immediate | AN2: Complete | AO2: 46028 | AP2: Passed
A3: VULN-2026-002 | B3: 46030 | C3: CVE-2025-67890 | D3: SQL Injection in Web Application | E3: app-db-01.dmz.local | F3: Application | G3: DMZ | H3: Application Team | I3: Qualys | J3: v4.0 | K3: =IF(J3="v4.0",L3,IF(J3="v3.1",M3,IF(J3="Both",L3,IF(AND(L3<>"",M3=""),L3,M3)))) | L3: 8.1 | N3: CVSS:4.0/AV:N/AC:L/AT:N/PR:N/UI:N/VC:H/VI:L/VA:N/SC:N/SI:N/SA:N | P3: N | Q3: N | R3: NVD | S3: 46030 | T3: P1 | U3: 7 | V3: 46037 | W3: =IF(V3<>"",NETWORKDAYS(TODAY(),V3),"") | X3: =IF(AN3="Complete","Complete",IF(W3<0,"Overdue",IF(W3<=U3*0.2,"At Risk","On Track"))) | Y3: Configuration Change | AF3: CR-2026-0123 | AG3: Normal | AH3: Pending | AK3: MW1: Wed 22:00-02:00 | AL3: 46037 | AN3: Scheduled
A4: VULN-2026-003 | B4: 46032 | C4: CVE-2025-11111 | D4: Authentication Bypass in API | E4: api-gateway.prod.local | F4: Application | G4: Production | H4: Application Team | I4: Manual Assessment | J4: v4.0 | K4: =IF(J4="v4.0",L4,IF(J4="v3.1",M4,IF(J4="Both",L4,IF(AND(L4<>"",M4=""),L4,M4)))) | L4: 7.5 | N4: CVSS:4.0/AV:N/AC:L/AT:N/PR:L/UI:N/VC:H/VI:L/VA:N/SC:N/SI:N/SA:N | P4: N | Q4: N | R4: Vendor | S4: 46032 | T4: P2 | U4: 30 | V4: 46062 | W4: =IF(V4<>"",NETWORKDAYS(TODAY(),V4),"") | X4: =IF(AN4="Complete","Complete",IF(W4<0,"Overdue",IF(W4<=U4*0.2,"At Risk","On Track"))) | Y4: Patch | Z4: API-2025-789 | AF4: CR-2026-0145 | AG4: Normal | AH4: Approved | AJ4: 46032 | AK4: MW2: Sat 20:00-06:00 | AN4: Rolled Back | AO4: 46033 | AP4: Failed
A5: VULN-2026-004 | B5: 45945 | C5: CVE-2025-22222 | D5: Cross-Site Scripting in Admin Panel | E5: admin.dev.local | F5: Application | G5: Development | H5: Application Team | I5: OpenVAS | J5: v3.1 | K5: =IF(J5="v4.0",L5,IF(J5="v3.1",M5,IF(J5="Both",L5,IF(AND(L5<>"",M5=""),L5,M5)))) | M5: 5.4 | O5: CVSS:3.1/AV:N/AC:L/PR:L/UI:R/S:C/C:L/I:L/A:N | P5: N/A | Q5: N/A | R5: Scanner | S5: 45945 | T5: P3 | U5: 90 | V5: 46035 | W5: =IF(V5<>"",NETWORKDAYS(TODAY(),V5),"") | X5: =IF(AN5="Complete","Complete",IF(W5<0,"Overdue",IF(W5<=U5*0.2,"At Risk","On Track"))) | Y5: Patch | AL5: 46042 | AN5: Scheduled
K6: =IF(J6="v4.0",L6,IF(J6="v3.1",M6,IF(J6="Both",L6,IF(AND(L6<>"",M6=""),L6,M6)))) | W6: =IF(V6<>"",NETWORKDAYS(TODAY(),V6),"") | X6: =IF(AN6="Complete","Complete",IF(W6<0,"Overdue",IF(W6<=U6*0.2,"At Risk","On Track")))
K7: =IF(J7="v4.0",L7,IF(J7="v3.1",M7,IF(J7="Both",L7,IF(AND(L7<>"",M7=""),L7,M7)))) | W7: =IF(V7<>"",NETWORKDAYS(TODAY(),V7),"") | X7: =IF(AN7="Complete","Complete",IF(W7<0,"Overdue",IF(W7<=U7*0.2,"At Risk","On Track")))
K8: =IF(J8="v4.0",L8,IF(J8="v3.1",M8,IF(J8="Both",L8,IF(AND(L8<>"",M8=""),L8,M8)))) | W8: =IF(V8<>"",NETWORKDAYS(TODAY(),V8),"") | X8: =IF(AN8="Complete","Complete",IF(W8<0,"Overdue",IF(W8<=U8*0.2,"At Risk","On Track")))
K9: =IF(J9="v4.0",L9,IF(J9="v3.1",M9,IF(J9="Both",L9,IF(AND(L9<>"",M9=""),L9,M9)))) | W9: =IF(V9<>"",NETWORKDAYS(TODAY(),V9),"") | X9: =IF(AN9="Complete","Complete",IF(W9<0,"Overdue",IF(W9<=U9*0.2,"At Risk","On Track")))
K10: =IF(J10="v4.0",L10,IF(J10="v3.1",M10,IF(J10="Both",L10,IF(AND(L10<>"",M10=""),L10,M10)))) | W10: =IF(V10<>"",NETWORKDAYS(TODAY(),V10),"") | X10: =IF(AN10="Complete","Complete",IF(W10<0,"Overdue",IF(W10<=U10*0.2,"At Risk","On Track")))
K11: =IF(J11="v4.0",L11,IF(J11="v3.1",M11,IF(J11="Both",L11,IF(AND(L11<>"",M11=""),L11,M11)))) | W11: =IF(V11<>"",NETWORKDAYS(TODAY(),V11),"") | X11: =IF(AN11="Complete","Complete",IF(W11<0,"Overdue",IF(W11<=U11*0.2,"At Risk","On Track")))
K12: =IF(J12="v4.0",L12,IF(J12="v3.1",M12,IF(J12="Both",L12,IF(AND(L12<>"",M12=""),L12,M12)))) | W12: =IF(V12<>"",NETWORKDAYS(TODAY(),V12),"") | X12: =IF(AN12="Complete","Complete",IF(W12<0,"Overdue",IF(W12<=U12*0.2,"At Risk","On Track")))
K13: =IF(J13="v4.0",L13,IF(J13="v3.1",M13,IF(J13="Both",L13,IF(AND(L13<>"",M13=""),L13,M13)))) | W13: =IF(V13<>"",NETWORKDAYS(TODAY(),V13),"") | X13: =IF(AN13="Complete","Complete",IF(W13<0,"Overdue",IF(W13<=U13*0.2,"At Risk","On Track")))
K14: =IF(J14="v4.0",L14,IF(J14="v3.1",M14,IF(J14="Both",L14,IF(AND(L14<>"",M14=""),L14,M14)))) | W14: =IF(V14<>"",NETWORKDAYS(TODAY(),V14),"") | X14: =IF(AN14="Complete","Complete",IF(W14<0,"Overdue",IF(W14<=U14*0.2,"At Risk","On Track")))
K15: =IF(J15="v4.0",L15,IF(J15="v3.1",M15,IF(J15="Both",L15,IF(AND(L15<>"",M15=""),L15,M15)))) | W15: =IF(V15<>"",NETWORKDAYS(TODAY(),V15),"") | X15: =IF(AN15="Complete","Complete",IF(W15<0,"Overdue",IF(W15<=U15*0.2,"At Risk","On Track")))
K16: =IF(J16="v4.0",L16,IF(J16="v3.1",M16,IF(J16="Both",L16,IF(AND(L16<>"",M16=""),L16,M16)))) | W16: =IF(V16<>"",NETWORKDAYS(TODAY(),V16),"") | X16: =IF(AN16="Complete","Complete",IF(W16<0,"Overdue",IF(W16<=U16*0.2,"At Risk","On Track")))
K17: =IF(J17="v4.0",L17,IF(J17="v3.1",M17,IF(J17="Both",L17,IF(AND(L17<>"",M17=""),L17,M17)))) | W17: =IF(V17<>"",NETWORKDAYS(TODAY(),V17),"") | X17: =IF(AN17="Complete","Complete",IF(W17<0,"Overdue",IF(W17<=U17*0.2,"At Risk","On Track")))
... K1000: =IF(J1000="v4.0",L1000,IF(J1000="v3.1",M1000,IF(J1000="Both",L1000,IF(AND(L1000<>"",M1000=""),L1000,M1000)))) | W1000: =IF(V1000<>"",NETWORKDAYS(TODAY(),V1000),"") | X1000: =IF(AN1000="Complete","Complete",IF(W1000<0,"Overdue",IF(W1000<=U1000*0.2,"At Risk","On Track")))

Sheet Deployment_Schedule
A1: Window_ID | B1: Window_Name | C1: Schedule | D1: Window_Date | E1: Status | F1: Total_Patches | G1: P0_Count | H1: P1_Count | I1: P2_Count | J1: Assigned_Team | K1: Backup_Team | L1: CAB_Approval | M1: Rollback_Plan | N1: Communication_Sent | O1: Notes
A2: MW1-2026-01-15 | B2: MW1: Wednesday | C2: Wed 22:00-02:00 | D2: 46037 | E2: Scheduled | F2: =COUNTIF(Remediation_Queue!$AK:$AK,A2) | G2: =COUNTIFS(Remediation_Queue!$AK:$AK,A2,Remediation_Queue!$T:$T,"P0") | H2: =COUNTIFS(Remediation_Queue!$AK:$AK,A2,Remediation_Queue!$T:$T,"P1") | I2: =COUNTIFS(Remediation_Queue!$AK:$AK,A2,Remediation_Queue!$T:$T,"P2") | J2: Infrastructure Team | K2: Security Team | L2: Approved | M2: Y | N2: Y | O2: Production infrastructure patches
A3: MW2-2026-01-11 | B3: MW2: Saturday | C3: Sat 20:00-06:00 | D3: 46033 | E3: Complete | F3: 50 | G3: 0 | H3: 5 | I3: 20 | J3: All Teams | K3: N/A | L3: Approved | M3: Y | N3: Y | O3: Major deployment - completed successfully
A4: EMG-2026-01-06 | B4: Emergency | C4: Immediate | D4: 46028 | E4: Complete | F4: 1 | G4: 1 | H4: 0 | I4: 0 | J4: Security Team | K4: Infrastructure Team | L4: CISO Approved | M4: Y | N4: Y | O4: P0 wormable vulnerability

Sheet Change_Control
A1: Change_Request_ID | B1: Vuln_ID | C1: Submission_Date | D1: Requester | E1: Change_Type | F1: Approval_Status | G1: CAB_Review_Date | H1: Approved_By | I1: Approval_Notes | J1: Implementation_Date | K1: Risk_Level | L1: Impact_Assessment | M1: Rollback_Required | N1: Testing_Complete | O1: Documentation_Attached | P1: Status
A2: CR-2026-0123 | B2: VULN-2026-002 | C2: 46030 | D2: Security Engineer | E2: Normal | F2: Pending | G2: 46035 | J2: 46037 | K2: Medium | L2: Web application configuration change - minimal user impact | M2: Y | N2: Pending | O2: Y | P2: Submitted
A3: CR-2026-EMG-001 | B3: VULN-2026-001 | C3: 46027 | D3: Security Engineer | E3: Emergency | F3: Approved | G3: 46027 | H3: CISO | I3: Emergency approval - wormable vulnerability | J3: 46028 | K3: Critical | L3: Production servers - potential for exploitation | M3: Y | N3: Y | O3: Y | P3: Implemented

Sheet Patch_Library
A1: Patch_ID | B1: Product | C1: Current_Version | D1: Patch_Version | E1: Release_Date | F1: Vendor | G1: Patch_Type | H1: CVE_IDs | I1: KB_Article | J1: Download_URL | K1: File_Hash_SHA256 | L1: File_Size_MB | M1: Prerequisites | N1: Known_Issues | O1: Reboot_Required | P1: Tested_In_Lab | Q1: Compatibility_Notes | R1: Deployment_Count | S1: Success_Rate
A2: STRUTS-2025-001 | B2: Apache Struts | C2: 2.5.30 | D2: 2.5.31 | E2: 46027 | F2: Apache Foundation | G2: Security | H2: CVE-2025-12345 | I2: https://struts.apache.org/security | J2: https://downloads.apache.org/struts/2.5.31 | K2: a1b2c3... | L2: 15.3 | M2: Java 8+ | N2: None | O2: Y | P2: Y | Q2: Compatible with all deployment methods | R2: =COUNTIF(Deployment_Log!$B:$B,A2) | S2: =IFERROR(COUNTIFS(Deployment_Log!$B:$B,A2,Deployment_Log!$E:$E,"Success")/R2,0)
A3: API-2025-789 | B3: API Gateway | C3: 3.2.1 | D3: 3.2.2 | E3: 46031 | F3: Vendor X | G3: Security | H3: CVE-2025-11111 | I3: https://vendor-x.com/kb-789 | J3: https://downloads.vendor-x.com/api-3.2.2 | K3: d4e5f6... | L3: 42.1 | M3: API Gateway 3.x | N3: Known issue with load balancers | O3: N | P3: Y | Q3: Test with load balancer first | R3: 0 | S3: 0

Sheet Testing_Validation
A1: Test_ID | B1: Vuln_ID | C1: Patch_ID | D1: Test_Environment | E1: Test_Start_Date | F1: Test_End_Date | G1: Tester_Name | H1: Test_Type | I1: Test_Result | J1: Functional_Test | K1: Performance_Test | L1: Security_Test | M1: Regression_Test | N1: Issues_Found | O1: Resolution | P1: Sign_Off_By | Q1: Sign_Off_Date | R1: Proceed_To_Production | S1: Notes
A2: TEST-001 | B2: VULN-2026-001 | C2: STRUTS-2025-001 | D2: Lab-Prod-Mirror | E2: 46027.417 | F2: 46027.583 | G2: Security Engineer | H2: Functional | I2: Pass | J2: ✅ Pass | K2: ➖ N/A | L2: ✅ Pass | M2: ✅ Pass | N2: None | O2: N/A | P2: Team Lead | Q2: 46027 | R2: Y | S2: Fast-tracked emergency testing

Sheet Deployment_Log
A1: Log_ID | B1: Patch_ID | C1: Vuln_ID | D1: Deployment_Date | E1: Deployment_Status | F1: Affected_System | G1: Deployed_By | H1: Deployment_Method | I1: Start_Time | J1: End_Time | K1: Duration_Minutes | L1: Pre_Deployment_Backup | M1: Pre_Deployment_Snapshot | N1: Post_Deployment_Test | O1: Service_Interruption | P1: Downtime_Minutes | Q1: Error_Messages | R1: Resolution_Actions | S1: Rollback_Triggered | T1: Final_Status | U1: Verification_By | V1: Notes
A2: LOG-001 | B2: STRUTS-2025-001 | C2: VULN-2026-001 | D2: 46028.021 | E2: Success | F2: web-prod-01.example.com | G2: Security Engineer | H2: Manual | I2: 46028.021 | J2: 46028.052 | K2: =(J2-I2)*1440 | L2: ✅ Y | M2: ✅ Y | N2: ✅ Pass | O2: N | P2: 0 | Q2: None | R2: N/A | S2: N | T2: Deployed | U2: Team Lead | V2: Emergency deployment - successful

Sheet Rollback_Procedures
A1: Rollback_ID | B1: Vuln_ID | C1: Patch_ID | D1: Deployment_Log_ID | E1: Rollback_Trigger | F1: Triggered_By | G1: Trigger_Date | H1: Approval_Required | I1: Approved_By | J1: Rollback_Method | K1: Rollback_Start | L1: Rollback_End | M1: Rollback_Status | N1: Service_Restored | O1: Data_Loss | P1: Impact_Description | Q1: Root_Cause | R1: Lessons_Learned | S1: Remediation_Plan | T1: Status

Sheet SLA_Compliance
A1: Vuln_ID | B1: Final_Priority | C1: SLA_Days | D1: Discovery_Date | E1: Due_Date | F1: Days_Elapsed | G1: Days_Remaining | H1: SLA_Status | I1: Current_Status | J1: Blocker_Type | K1: Blocker_Description | L1: Escalation_Level | M1: Last_Escalation_Date | N1: Escalation_Notes | O1: Extension_Requested | P1: Extension_Approved | Q1: New_Due_Date | R1: Approver

Sheet Team_Assignments
A1: Team_Name | B1: Team_Lead | C1: Total_FTE | D1: Weekly_Hours | E1: Assigned_P0 | F1: Assigned_P1 | G1: Assigned_P2 | H1: Assigned_P3 | I1: Total_Assigned | J1: Estimated_Hours | K1: Capacity_Used | L1: Status | M1: Availability_Notes
A2: Security Team | B2: Security Director | C2: 4 | D2: 160 | E2: =COUNTIFS(Remediation_Queue!$H:$H,A2,Remediation_Queue!$T:$T,"P0",Remediation_Queue!$AN:$AN,"<>Complete") | F2: =COUNTIFS(Remediation_Queue!$H:$H,A2,Remediation_Queue!$T:$T,"P1",Remediation_Queue!$AN:$AN,"<>Complete") | G2: =COUNTIFS(Remediation_Queue!$H:$H,A2,Remediation_Queue!$T:$T,"P2",Remediation_Queue!$AN:$AN,"<>Complete") | H2: =COUNTIFS(Remediation_Queue!$H:$H,A2,Remediation_Queue!$T:$T,"P3",Remediation_Queue!$AN:$AN,"<>Complete") | I2: =SUM(E2:H2) | J2: =(E2*2)+(F2*2.5)+(G2*3)+(H2*2) | K2: =J2/D2 | L2: =IF(K2>1,"🔴 Overloaded",IF(K2>0.85,"🟡 At Capacity","🟢 Normal"))
A3: Infrastructure Team | B3: Infrastructure Lead | C3: 12 | D3: 480 | E3: 0 | F3: 0 | G3: 0 | H3: 0 | I3: 0 | J3: 0 | K3: 0 | L3: 🟢 Normal
A4: Application Team | B4: App Development Lead | C4: 25 | D4: 1000 | E4: 0 | F4: 0 | G4: 0 | H4: 0 | I4: 0 | J4: 0 | K4: 0 | L4: 🟢 Normal

Sheet Communication_Log
A1: Communication_ID | B1: Date_Sent | C1: Communication_Type | D1: Audience | E1: Subject | F1: Related_Vulns | G1: Priority_Level | H1: Message_Summary | I1: Sent_By | J1: Acknowledgment_Required | K1: Acknowledgment_Received | L1: Response_Deadline | M1: Follow_Up_Required | N1: Follow_Up_Date | O1: Status

Sheet Lessons_Learned
A1: Review_ID | B1: Review_Date | C1: Vuln_ID | D1: Deployment_Type | E1: What_Went_Well | F1: What_Went_Wrong | G1: Root_Cause | H1: Improvement_Actions | I1: Action_Owner | J1: Target_Date | K1: Status | L1: Impact_Category | M1: Priority | N1: Follow_Up_Notes

Sheet Metrics_Dashboard
A1: REMEDIATION PERFORMANCE METRICS
A3: SECTION A: OVERALL PERFORMANCE
A5: Metric | B5: Formula | C5: Target | D5: Actual
A6: Total Active Remediations | B6: =COUNTA(Remediation_Queue!A:A)-1 | C6: <500 | D6: [Calculated]
A7: SLA Compliance Rate | B7: =1-COUNTIF(Remediation_Queue!X:X,"Overdue")/COUNTA(Remediation_Queue!A:A) | C7: >95% | D7: [Calculated]
A8: Average Remediation Time | B8: =AVERAGE(Deployment_Log!K:K)/1440 | C8: <14 days | D8: [Calculated]
A9: Deployment Success Rate | B9: =COUNTIF(Deployment_Log!E:E,"Success")/COUNTA(Deployment_Log!A:A) | C9: >98% | D9: [Calculated]
A10: Patches Deployed MTD | B10: =COUNTIFS(Deployment_Log!D:D,">="&EOMONTH(TODAY(),-1)+1,Deployment_Log!E:E,"Success") | C10: - | D10: [Calculated]

Sheet Audit_Trail
A1: Timestamp | B1: User | C1: Action_Type | D1: Record_Type | E1: Record_ID | F1: Field_Changed | G1: Old_Value | H1: New_Value | I1: Change_Reason | J1: IP_Address | K1: Session_ID
