Workbook

Sheet Overview
A1: Workbook ID | B1: ISMS-IMP-A.8.8.11
A2: Title | B2: Vulnerability Verification Testing
A3: Version | B3: 1.0
A4: Generated Date | B4: 31.01.2026
A5: Last Updated | B5: [Manual entry]
A6: Owner | B6: Vulnerability Management Coordinator
A7: Classification | B7: Internal
A8: Review Cycle | B8: Monthly
A12: QUICK STATISTICS
A13: Metric | B13: Formula/Source | C13: Target
A14: Total Pending Verifications | B14: =COUNTA(Verification_Queue!A:A)-1 | C14: -
A15: Overdue Verifications | B15: =COUNTIF(Verification_Queue!AB:AB,"Overdue") | C15: 0
A16: P0/P1 Pending | B16: =COUNTIFS(Verification_Queue!T:T,"P0")+COUNTIFS(Verification_Queue!T:T,"P1") | C16: <5
A17: Verifications This Month | B17: =COUNTIFS(Execution_Log!C:C,">="&EOMONTH(TODAY(),-1)+1) | C17: -
A18: Verification Success Rate | B18: =IFERROR(Passed/(Passed+Failed),0) | C18: >95%
A19: Avg Time to Verify (Days) | B19: =IFERROR(AVERAGE(Execution_Log!O:O),0) | C19: <2
A20: Re-Remediation Cases | B20: =COUNTA(Re_Remediation!A:A)-1 | C20: <10

Sheet Verification_Queue
A1: Verification_ID | B1: Vuln_ID | C1: CVE_ID | D1: Vulnerability_Title | E1: Affected_System | F1: System_Type | G1: Environment | H1: Asset_Owner | I1: Discovery_Date | J1: CVSS_Version | K1: CVSS_Primary_Score | L1: CVSS_v40_Score | M1: CVSS_v31_Score | N1: CVSS_v40_Vector | O1: CVSS_v31_Vector | P1: Supplemental_AU | Q1: Supplemental_S | R1: Version_Source | S1: Score_Date | T1: Final_Priority | U1: Remediation_Date | V1: Remediation_Type | W1: Deployed_By | X1: Verification_Method | Y1: Verification_SLA_Days | Z1: Verification_Due_Date | AA1: Days_Until_Due | AB1: SLA_Status | AC1: Assigned_To | AD1: Assignment_Date | AE1: Status | AF1: Notes
A2: VER-2026-001 | B2: VULN-2026-001 | D2: Critical RCE in Web Server | E2: web-prod-01.example.com | F2: Server | G2: Production | J2: v4.0 | K2: =IF(J2="v4.0",L2,IF(J2="v3.1",M2,IF(J2="Both",L2,IF(AND(L2<>"",M2=""),L2,M2)))) | L2: 9.8 | P2: Y | Q2: N | R2: NVD | T2: P0 | U2: 46032 | V2: Patch | X2: Vulnerability Scan | Y2: =IF(T2="P0",1,IF(T2="P1",3,IF(T2="P2",7,IF(T2="P3",30,IF(T2="P4",30,7))))) | Z2: =IF(U2<>"",U2+Y2,"") | AA2: =IF(Z2<>"",Z2-TODAY(),"") | AB2: =IF(AA2<>"",IF(AA2<0,"Overdue",IF(AA2<=Y2*0.2,"At Risk","On Time")),"") | AE2: Pending
A3: VER-2026-002 | B3: VULN-2026-010 | D3: SQL Injection | J3: v4.0 | K3: =IF(J3="v4.0",L3,IF(J3="v3.1",M3,IF(J3="Both",L3,IF(AND(L3<>"",M3=""),L3,M3)))) | L3: 8.1 | T3: P1 | U3: 46031 | X3: Penetration Test | Y3: =IF(T3="P0",1,IF(T3="P1",3,IF(T3="P2",7,IF(T3="P3",30,IF(T3="P4",30,7))))) | Z3: =IF(U3<>"",U3+Y3,"") | AA3: =IF(Z3<>"",Z3-TODAY(),"") | AB3: =IF(AA3<>"",IF(AA3<0,"Overdue",IF(AA3<=Y3*0.2,"At Risk","On Time")),"") | AC3: Security Engineer | AE3: In Progress
A4: VER-2026-003 | K4: =IF(J4="v4.0",L4,IF(J4="v3.1",M4,IF(J4="Both",L4,IF(AND(L4<>"",M4=""),L4,M4)))) | T4: P2 | U4: 46027 | X4: Vulnerability Scan | Y4: =IF(T4="P0",1,IF(T4="P1",3,IF(T4="P2",7,IF(T4="P3",30,IF(T4="P4",30,7))))) | Z4: =IF(U4<>"",U4+Y4,"") | AA4: =IF(Z4<>"",Z4-TODAY(),"") | AB4: =IF(AA4<>"",IF(AA4<0,"Overdue",IF(AA4<=Y4*0.2,"At Risk","On Time")),"") | AE4: Complete
A5: VER-2026-004 | K5: =IF(J5="v4.0",L5,IF(J5="v3.1",M5,IF(J5="Both",L5,IF(AND(L5<>"",M5=""),L5,M5)))) | T5: P2 | U5: 46030 | X5: Manual Verification | Y5: =IF(T5="P0",1,IF(T5="P1",3,IF(T5="P2",7,IF(T5="P3",30,IF(T5="P4",30,7))))) | Z5: =IF(U5<>"",U5+Y5,"") | AA5: =IF(Z5<>"",Z5-TODAY(),"") | AB5: =IF(AA5<>"",IF(AA5<0,"Overdue",IF(AA5<=Y5*0.2,"At Risk","On Time")),"") | AE5: Failed
K6: =IF(J6="v4.0",L6,IF(J6="v3.1",M6,IF(J6="Both",L6,IF(AND(L6<>"",M6=""),L6,M6)))) | Y6: =IF(T6="P0",1,IF(T6="P1",3,IF(T6="P2",7,IF(T6="P3",30,IF(T6="P4",30,7))))) | Z6: =IF(U6<>"",U6+Y6,"") | AA6: =IF(Z6<>"",Z6-TODAY(),"") | AB6: =IF(AA6<>"",IF(AA6<0,"Overdue",IF(AA6<=Y6*0.2,"At Risk","On Time")),"")
K7: =IF(J7="v4.0",L7,IF(J7="v3.1",M7,IF(J7="Both",L7,IF(AND(L7<>"",M7=""),L7,M7)))) | Y7: =IF(T7="P0",1,IF(T7="P1",3,IF(T7="P2",7,IF(T7="P3",30,IF(T7="P4",30,7))))) | Z7: =IF(U7<>"",U7+Y7,"") | AA7: =IF(Z7<>"",Z7-TODAY(),"") | AB7: =IF(AA7<>"",IF(AA7<0,"Overdue",IF(AA7<=Y7*0.2,"At Risk","On Time")),"")
K8: =IF(J8="v4.0",L8,IF(J8="v3.1",M8,IF(J8="Both",L8,IF(AND(L8<>"",M8=""),L8,M8)))) | Y8: =IF(T8="P0",1,IF(T8="P1",3,IF(T8="P2",7,IF(T8="P3",30,IF(T8="P4",30,7))))) | Z8: =IF(U8<>"",U8+Y8,"") | AA8: =IF(Z8<>"",Z8-TODAY(),"") | AB8: =IF(AA8<>"",IF(AA8<0,"Overdue",IF(AA8<=Y8*0.2,"At Risk","On Time")),"")
K9: =IF(J9="v4.0",L9,IF(J9="v3.1",M9,IF(J9="Both",L9,IF(AND(L9<>"",M9=""),L9,M9)))) | Y9: =IF(T9="P0",1,IF(T9="P1",3,IF(T9="P2",7,IF(T9="P3",30,IF(T9="P4",30,7))))) | Z9: =IF(U9<>"",U9+Y9,"") | AA9: =IF(Z9<>"",Z9-TODAY(),"") | AB9: =IF(AA9<>"",IF(AA9<0,"Overdue",IF(AA9<=Y9*0.2,"At Risk","On Time")),"")
K10: =IF(J10="v4.0",L10,IF(J10="v3.1",M10,IF(J10="Both",L10,IF(AND(L10<>"",M10=""),L10,M10)))) | Y10: =IF(T10="P0",1,IF(T10="P1",3,IF(T10="P2",7,IF(T10="P3",30,IF(T10="P4",30,7))))) | Z10: =IF(U10<>"",U10+Y10,"") | AA10: =IF(Z10<>"",Z10-TODAY(),"") | AB10: =IF(AA10<>"",IF(AA10<0,"Overdue",IF(AA10<=Y10*0.2,"At Risk","On Time")),"")
K11: =IF(J11="v4.0",L11,IF(J11="v3.1",M11,IF(J11="Both",L11,IF(AND(L11<>"",M11=""),L11,M11)))) | Y11: =IF(T11="P0",1,IF(T11="P1",3,IF(T11="P2",7,IF(T11="P3",30,IF(T11="P4",30,7))))) | Z11: =IF(U11<>"",U11+Y11,"") | AA11: =IF(Z11<>"",Z11-TODAY(),"") | AB11: =IF(AA11<>"",IF(AA11<0,"Overdue",IF(AA11<=Y11*0.2,"At Risk","On Time")),"")
K12: =IF(J12="v4.0",L12,IF(J12="v3.1",M12,IF(J12="Both",L12,IF(AND(L12<>"",M12=""),L12,M12)))) | Y12: =IF(T12="P0",1,IF(T12="P1",3,IF(T12="P2",7,IF(T12="P3",30,IF(T12="P4",30,7))))) | Z12: =IF(U12<>"",U12+Y12,"") | AA12: =IF(Z12<>"",Z12-TODAY(),"") | AB12: =IF(AA12<>"",IF(AA12<0,"Overdue",IF(AA12<=Y12*0.2,"At Risk","On Time")),"")
K13: =IF(J13="v4.0",L13,IF(J13="v3.1",M13,IF(J13="Both",L13,IF(AND(L13<>"",M13=""),L13,M13)))) | Y13: =IF(T13="P0",1,IF(T13="P1",3,IF(T13="P2",7,IF(T13="P3",30,IF(T13="P4",30,7))))) | Z13: =IF(U13<>"",U13+Y13,"") | AA13: =IF(Z13<>"",Z13-TODAY(),"") | AB13: =IF(AA13<>"",IF(AA13<0,"Overdue",IF(AA13<=Y13*0.2,"At Risk","On Time")),"")
K14: =IF(J14="v4.0",L14,IF(J14="v3.1",M14,IF(J14="Both",L14,IF(AND(L14<>"",M14=""),L14,M14)))) | Y14: =IF(T14="P0",1,IF(T14="P1",3,IF(T14="P2",7,IF(T14="P3",30,IF(T14="P4",30,7))))) | Z14: =IF(U14<>"",U14+Y14,"") | AA14: =IF(Z14<>"",Z14-TODAY(),"") | AB14: =IF(AA14<>"",IF(AA14<0,"Overdue",IF(AA14<=Y14*0.2,"At Risk","On Time")),"")
K15: =IF(J15="v4.0",L15,IF(J15="v3.1",M15,IF(J15="Both",L15,IF(AND(L15<>"",M15=""),L15,M15)))) | Y15: =IF(T15="P0",1,IF(T15="P1",3,IF(T15="P2",7,IF(T15="P3",30,IF(T15="P4",30,7))))) | Z15: =IF(U15<>"",U15+Y15,"") | AA15: =IF(Z15<>"",Z15-TODAY(),"") | AB15: =IF(AA15<>"",IF(AA15<0,"Overdue",IF(AA15<=Y15*0.2,"At Risk","On Time")),"")
K16: =IF(J16="v4.0",L16,IF(J16="v3.1",M16,IF(J16="Both",L16,IF(AND(L16<>"",M16=""),L16,M16)))) | Y16: =IF(T16="P0",1,IF(T16="P1",3,IF(T16="P2",7,IF(T16="P3",30,IF(T16="P4",30,7))))) | Z16: =IF(U16<>"",U16+Y16,"") | AA16: =IF(Z16<>"",Z16-TODAY(),"") | AB16: =IF(AA16<>"",IF(AA16<0,"Overdue",IF(AA16<=Y16*0.2,"At Risk","On Time")),"")
K17: =IF(J17="v4.0",L17,IF(J17="v3.1",M17,IF(J17="Both",L17,IF(AND(L17<>"",M17=""),L17,M17)))) | Y17: =IF(T17="P0",1,IF(T17="P1",3,IF(T17="P2",7,IF(T17="P3",30,IF(T17="P4",30,7))))) | Z17: =IF(U17<>"",U17+Y17,"") | AA17: =IF(Z17<>"",Z17-TODAY(),"") | AB17: =IF(AA17<>"",IF(AA17<0,"Overdue",IF(AA17<=Y17*0.2,"At Risk","On Time")),"")
... K1000: =IF(J1000="v4.0",L1000,IF(J1000="v3.1",M1000,IF(J1000="Both",L1000,IF(AND(L1000<>"",M1000=""),L1000,M1000)))) | Y1000: =IF(T1000="P0",1,IF(T1000="P1",3,IF(T1000="P2",7,IF(T1000="P3",30,IF(T1000="P4",30,7))))) | Z1000: =IF(U1000<>"",U1000+Y1000,"") | AA1000: =IF(Z1000<>"",Z1000-TODAY(),"") | AB1000: =IF(AA1000<>"",IF(AA1000<0,"Overdue",IF(AA1000<=Y1000*0.2,"At Risk","On Time")),"")

Sheet Test_Plans
A1: Vulnerability_Category | B1: Recommended_Method | C1: Alternate_Method | D1: Test_Procedure | E1: Success_Criteria | F1: Tools_Required | G1: Estimated_Time | H1: Requires_Penetration_Test | I1: Priority_Level | J1: Evidence_Required
A2: SQL Injection | B2: Vulnerability Scan + Manual | C2: Penetration Test | D2: 1) Run authenticated scan 2) Confirm fixed 3) Manual SQLi attempts 4) Document results | E2: Scanner confirms patched, manual injection attempts blocked | F2: SQLMap, Burp Suite, Nessus | G2: 2-4 hours | H2: Y | I2: P0/P1 | J2: Scan report, screenshots, WAF logs

Sheet Execution_Log
A1: Execution_ID | B1: Verification_ID | C1: Test_Date | D1: Tester_Name | E1: Test_Method | F1: Test_Procedure_Used | G1: Tools_Used | H1: Test_Duration_Minutes | I1: Pre_Test_State | J1: Test_Steps_Executed | K1: Test_Results | L1: Evidence_Location | M1: Exploitation_Attempted | N1: Verification_Result | O1: Time_to_Verify_Days | P1: Issues_Found | Q1: Recommendations | R1: Reviewed_By | S1: Review_Date | T1: Sign_Off_Status

Sheet Scan_Results
A1: Scan_ID | B1: Verification_ID | C1: Scan_Date | D1: Scanner_Name | E1: Scanner_Version | F1: Scan_Type | G1: Target_System | H1: CVE_Searched | I1: Vulnerability_Found | J1: Current_Severity | K1: Previous_Severity | L1: Version_Detected | M1: Expected_Version | N1: Version_Match | O1: Related_Findings | P1: False_Positive | Q1: Scan_Report_Path | R1: Notes

Sheet Manual_Verification
A1: Manual_Test_ID | B1: Verification_ID | C1: Test_Date | D1: Tester_Name | E1: Test_Type | F1: Test_Description | G1: Pre_Patch_Behavior | H1: Post_Patch_Behavior | I1: Exploit_Successful | J1: Evidence_Type | K1: Evidence_Location | L1: Test_Conclusion | M1: Confidence_Level | N1: Retesting_Required | O1: Notes

Sheet Re_Remediation
A1: Re_Remediation_ID | B1: Verification_ID | C1: Original_Remediation_Date | D1: Verification_Fail_Date | E1: Failure_Reason | F1: Root_Cause | G1: Remediation_Method_Failed | H1: New_Remediation_Plan | I1: Re_Remediation_Date | J1: Re_Deployed_By | K1: Re_Verification_ID | L1: Re_Verification_Result | M1: Total_Remediation_Attempts | N1: Escalated_To | O1: Closure_Status | P1: Lessons_Learned

Sheet Dashboard
A1: VERIFICATION TESTING DASHBOARD
A3: SECTION A: EXECUTIVE SUMMARY
A5: Metric | B5: Value | C5: Target | D5: Status
A6: Total Pending Verifications | B6: =COUNTA(Verification_Queue!A:A)-1 | C6: <50 | D6: [Gauge]
A7: Overdue Verifications | B7: =COUNTIF(Verification_Queue!AB:AB,"Overdue") | C7: 0 | D7: 🔴/🟢
A8: Verification Success Rate | B8: =IFERROR(Passed/(Passed+Failed),0) | C8: >95% | D8: [Gauge]
A9: Avg Time to Verify | B9: =AVERAGE(Execution_Log!O:O) | C9: <2 days | D9: [Number]
