Workbook

Sheet Overview
A1: ISMS-IMP-A.8.8.6 - Vulnerability Risk Assessment Tracker
A3: Document ID: | B3: ISMS-IMP-A.8.8.6
A4: Title: | B4: Vulnerability Risk Assessment Tracker
A5: Version: | B5: 1.0
A6: Date: | B6: 31.01.2026
A7: Owner: | B7: Risk Management Team / Vulnerability Management Coordinator
A8: Classification: | B8: Internal
A9: Last Update: | B9: =TODAY()
A10: Review Frequency: | B10: Monthly
A11: Status: | B11: Active
A12: Related Documents: | B12: ISMS-IMP-A.8.8.5 (Vulnerability Inventory), ISMS-IMP-A.8.8.4 (TI Integration)
A13: Policy Reference: | B13: ISMS-POL-A.8.8-S2 Section 2.2.3-2.2.4 (Risk Assessment)
A15: Risk Assessment KPIs
A17: Metric | B17: Value | C17: Target | D17: Status
A18: Total Vulnerabilities Assessed | B18: =COUNTA(Vulnerability_Risk_Assessment!A2:A1000) | C18: N/A | D18: Info
A19: Critical Risk Count (≥9.0) | B19: =COUNTIF(Vulnerability_Risk_Assessment!AE2:AE1000,">=9.0") | C19: 0 | D19: RED if >0
A20: High Risk Count (7.0-8.9) | B20: =COUNTIFS(Vulnerability_Risk_Assessment!AE2:AE1000,">=7.0",Vulnerability_Risk_Assessment!AE2:AE1000,"<9.0") | C20: ≤5 | D20: AMBER if >5
A21: Medium Risk Count (4.0-6.9) | B21: =COUNTIFS(Vulnerability_Risk_Assessment!AE2:AE1000,">=4.0",Vulnerability_Risk_Assessment!AE2:AE1000,"<7.0") | C21: ≤20 | D21: Info
A22: Low Risk Count (<4.0) | B22: =COUNTIF(Vulnerability_Risk_Assessment!AE2:AE1000,"<4.0") | C22: N/A | D22: Info
A23: Risk Assessment Coverage % | B23: =(B18/500)*100 | C23: ≥95% | D23: Status
A24: Avg Business Impact Score | B24: =AVERAGE(Vulnerability_Risk_Assessment!AA2:AA1000) | C24: N/A | D24: Trend
A25: Assets at Critical Risk | B25: =COUNTIF(High_Risk_Register!D2:D200,"Tier 1") | C25: 0 | D25: RED if >0
A26: Risk Treatment Pending | B26: =COUNTIF(Risk_Treatment_Decisions!L2:L100,"Pending") | C26: ≤10 | D26: Status
A27: Risk Acceptance Overdue | B27: =COUNTIF(Risk_Treatment_Decisions!L2:L100,"Expired") | C27: 0 | D27: RED if >0
A32: Risk Appetite Compliance
A33: Current risk exposure vs. organizational risk appetite thresholds
A34: Status: | B34: =IF(B19>0,"BREACH - Executive escalation required","Within Appetite")

Sheet Vulnerability_Risk_Assessment
A1: Vuln_ID | B1: CVE_ID | C1: Vuln_Title | D1: Discovery_Date | E1: Affected_Systems | F1: Affected_Asset_Count | G1: KEV_Listed | H1: Active_Exploitation | I1: Days_Since_Discovery | J1: CVSS_Version | K1: CVSS_Primary_Score | L1: CVSS_v40_Score | M1: CVSS_v31_Score | N1: CVSS_v40_Vector | O1: CVSS_v31_Vector | P1: Supplemental_AU | Q1: Supplemental_S | R1: Version_Source | S1: Score_Date | T1: Max_Asset_Criticality | U1: Asset_Criticality_Score | V1: Max_Data_Sensitivity | W1: Data_Sensitivity_Score | X1: Business_Function | Y1: Regulatory_Impact | Z1: Financial_Exposure | AA1: Business_Impact_Score | AB1: TI_Modifier | AC1: Environmental_Modifier | AD1: Raw_Risk_Score | AE1: Composite_Risk_Score | AF1: Risk_Level | AG1: Risk_Treatment_Status
A2: VULN-001 | B2: CVE-2024-1234 | C2: Log4j Remote Code Execution | D2: 45306 | E2: Production E-commerce Cluster | F2: 1 | G2: YES | H2: NO | I2: =IF(D2="","",TODAY()-D2) | J2: v4.0 | K2: =IF(J2="v4.0",L2,IF(J2="v3.1",M2,IF(J2="Both",L2,IF(AND(L2<>"",M2=""),L2,M2)))) | L2: 9.8 | N2: CVSS:4.0/AV:N/AC:L/AT:N/PR:N/UI:N/VC:H/VI:H/VA:H/SC:N/SI:N/SA:N | P2: Y | Q2: N/A | R2: NVD | S2: 45306 | T2: Tier 1 | U2: =IF(T2="Tier 1",10,IF(T2="Tier 2",7,IF(T2="Tier 3",4,IF(T2="Tier 4",1,0)))) | V2: Restricted | W2: =IF(V2="Restricted",10,IF(V2="Confidential",7,IF(V2="Internal",4,IF(V2="Public",1,0)))) | X2: E-commerce | Y2: YES | Z2: Critical | AA2: =(U2*0.4)+(W2*0.3)+(IF(Z2="Critical",10,IF(Z2="High",7,IF(Z2="Medium",4,1)))*0.2)+(IF(Y2="YES",10,0)*0.1) | AB2: =IF(G2="YES",2.0,0)+IF(H2="YES",2.0,0) | AC2: 0 | AD2: =K2+AB2+AC2 | AE2: =(AD2*0.6)+(AA2*0.4) | AF2: =IF(AE2>=9,"Critical",IF(AE2>=7,"High",IF(AE2>=4,"Medium","Low"))) | AG2: Pending Approval
A3: VULN-002 | B3: CVE-2024-5678 | C3: Exchange Server SSRF | D3: 45323 | E3: Financial ERP System | F3: 1 | G3: YES | H3: YES | I3: =IF(D3="","",TODAY()-D3) | J3: v4.0 | K3: =IF(J3="v4.0",L3,IF(J3="v3.1",M3,IF(J3="Both",L3,IF(AND(L3<>"",M3=""),L3,M3)))) | L3: 8.8 | N3: CVSS:4.0/AV:N/AC:L/AT:N/PR:L/UI:N/VC:H/VI:H/VA:H/SC:N/SI:N/SA:N | P3: N | Q3: N/A | R3: Vendor | S3: 45323 | T3: Tier 1 | U3: =IF(T3="Tier 1",10,IF(T3="Tier 2",7,IF(T3="Tier 3",4,IF(T3="Tier 4",1,0)))) | V3: Confidential | W3: =IF(V3="Restricted",10,IF(V3="Confidential",7,IF(V3="Internal",4,IF(V3="Public",1,0)))) | X3: Finance | Y3: YES | Z3: High | AA3: =(U3*0.4)+(W3*0.3)+(IF(Z3="Critical",10,IF(Z3="High",7,IF(Z3="Medium",4,1)))*0.2)+(IF(Y3="YES",10,0)*0.1) | AB3: =IF(G3="YES",2.0,0)+IF(H3="YES",2.0,0) | AC3: 0 | AD3: =K3+AB3+AC3 | AE3: =(AD3*0.6)+(AA3*0.4) | AF3: =IF(AE3>=9,"Critical",IF(AE3>=7,"High",IF(AE3>=4,"Medium","Low"))) | AG3: Assessed
A4: VULN-003 | B4: CVE-2024-9012 | C4: Development Tool RCE | D4: 45361 | E4: Development Server | F4: 1 | G4: NO | H4: NO | I4: =IF(D4="","",TODAY()-D4) | J4: v4.0 | K4: =IF(J4="v4.0",L4,IF(J4="v3.1",M4,IF(J4="Both",L4,IF(AND(L4<>"",M4=""),L4,M4)))) | L4: 9.1 | N4: CVSS:4.0/AV:N/AC:L/AT:N/PR:N/UI:N/VC:H/VI:H/VA:H/SC:N/SI:N/SA:N | P4: N | Q4: N/A | R4: Scanner | S4: 45361 | T4: Tier 3 | U4: =IF(T4="Tier 1",10,IF(T4="Tier 2",7,IF(T4="Tier 3",4,IF(T4="Tier 4",1,0)))) | V4: Internal | W4: =IF(V4="Restricted",10,IF(V4="Confidential",7,IF(V4="Internal",4,IF(V4="Public",1,0)))) | X4: IT Infrastructure | Y4: NO | Z4: Low | AA4: =(U4*0.4)+(W4*0.3)+(IF(Z4="Critical",10,IF(Z4="High",7,IF(Z4="Medium",4,1)))*0.2)+(IF(Y4="YES",10,0)*0.1) | AB4: =IF(G4="YES",2.0,0)+IF(H4="YES",2.0,0) | AC4: 0 | AD4: =K4+AB4+AC4 | AE4: =(AD4*0.6)+(AA4*0.4) | AF4: =IF(AE4>=9,"Critical",IF(AE4>=7,"High",IF(AE4>=4,"Medium","Low"))) | AG4: Approved
A5: VULN-004 | B5: CVE-2024-7890 | C5: Minor XSS in Internal Wiki | D5: 45387 | E5: Internal Wiki | F5: 1 | G5: NO | H5: NO | I5: =IF(D5="","",TODAY()-D5) | J5: v3.1 | K5: =IF(J5="v4.0",L5,IF(J5="v3.1",M5,IF(J5="Both",L5,IF(AND(L5<>"",M5=""),L5,M5)))) | M5: 4.3 | O5: CVSS:3.1/AV:N/AC:L/PR:N/UI:R/S:U/C:N/I:L/A:N | P5: N/A | Q5: N/A | R5: Manual | S5: 45387 | T5: Tier 4 | U5: =IF(T5="Tier 1",10,IF(T5="Tier 2",7,IF(T5="Tier 3",4,IF(T5="Tier 4",1,0)))) | V5: Public | W5: =IF(V5="Restricted",10,IF(V5="Confidential",7,IF(V5="Internal",4,IF(V5="Public",1,0)))) | X5: Other | Y5: NO | Z5: Low | AA5: =(U5*0.4)+(W5*0.3)+(IF(Z5="Critical",10,IF(Z5="High",7,IF(Z5="Medium",4,1)))*0.2)+(IF(Y5="YES",10,0)*0.1) | AB5: =IF(G5="YES",2.0,0)+IF(H5="YES",2.0,0) | AC5: 0 | AD5: =K5+AB5+AC5 | AE5: =(AD5*0.6)+(AA5*0.4) | AF5: =IF(AE5>=9,"Critical",IF(AE5>=7,"High",IF(AE5>=4,"Medium","Low"))) | AG5: Completed
F6: 1 | I6: =IF(D6="","",TODAY()-D6) | K6: =IF(J6="v4.0",L6,IF(J6="v3.1",M6,IF(J6="Both",L6,IF(AND(L6<>"",M6=""),L6,M6)))) | U6: =IF(T6="Tier 1",10,IF(T6="Tier 2",7,IF(T6="Tier 3",4,IF(T6="Tier 4",1,0)))) | W6: =IF(V6="Restricted",10,IF(V6="Confidential",7,IF(V6="Internal",4,IF(V6="Public",1,0)))) | AA6: =(U6*0.4)+(W6*0.3)+(IF(Z6="Critical",10,IF(Z6="High",7,IF(Z6="Medium",4,1)))*0.2)+(IF(Y6="YES",10,0)*0.1) | AB6: =IF(G6="YES",2.0,0)+IF(H6="YES",2.0,0) | AC6: 0 | AD6: =K6+AB6+AC6 | AE6: =(AD6*0.6)+(AA6*0.4) | AF6: =IF(AE6>=9,"Critical",IF(AE6>=7,"High",IF(AE6>=4,"Medium","Low")))
F7: 1 | I7: =IF(D7="","",TODAY()-D7) | K7: =IF(J7="v4.0",L7,IF(J7="v3.1",M7,IF(J7="Both",L7,IF(AND(L7<>"",M7=""),L7,M7)))) | U7: =IF(T7="Tier 1",10,IF(T7="Tier 2",7,IF(T7="Tier 3",4,IF(T7="Tier 4",1,0)))) | W7: =IF(V7="Restricted",10,IF(V7="Confidential",7,IF(V7="Internal",4,IF(V7="Public",1,0)))) | AA7: =(U7*0.4)+(W7*0.3)+(IF(Z7="Critical",10,IF(Z7="High",7,IF(Z7="Medium",4,1)))*0.2)+(IF(Y7="YES",10,0)*0.1) | AB7: =IF(G7="YES",2.0,0)+IF(H7="YES",2.0,0) | AC7: 0 | AD7: =K7+AB7+AC7 | AE7: =(AD7*0.6)+(AA7*0.4) | AF7: =IF(AE7>=9,"Critical",IF(AE7>=7,"High",IF(AE7>=4,"Medium","Low")))
F8: 1 | I8: =IF(D8="","",TODAY()-D8) | K8: =IF(J8="v4.0",L8,IF(J8="v3.1",M8,IF(J8="Both",L8,IF(AND(L8<>"",M8=""),L8,M8)))) | U8: =IF(T8="Tier 1",10,IF(T8="Tier 2",7,IF(T8="Tier 3",4,IF(T8="Tier 4",1,0)))) | W8: =IF(V8="Restricted",10,IF(V8="Confidential",7,IF(V8="Internal",4,IF(V8="Public",1,0)))) | AA8: =(U8*0.4)+(W8*0.3)+(IF(Z8="Critical",10,IF(Z8="High",7,IF(Z8="Medium",4,1)))*0.2)+(IF(Y8="YES",10,0)*0.1) | AB8: =IF(G8="YES",2.0,0)+IF(H8="YES",2.0,0) | AC8: 0 | AD8: =K8+AB8+AC8 | AE8: =(AD8*0.6)+(AA8*0.4) | AF8: =IF(AE8>=9,"Critical",IF(AE8>=7,"High",IF(AE8>=4,"Medium","Low")))
F9: 1 | I9: =IF(D9="","",TODAY()-D9) | K9: =IF(J9="v4.0",L9,IF(J9="v3.1",M9,IF(J9="Both",L9,IF(AND(L9<>"",M9=""),L9,M9)))) | U9: =IF(T9="Tier 1",10,IF(T9="Tier 2",7,IF(T9="Tier 3",4,IF(T9="Tier 4",1,0)))) | W9: =IF(V9="Restricted",10,IF(V9="Confidential",7,IF(V9="Internal",4,IF(V9="Public",1,0)))) | AA9: =(U9*0.4)+(W9*0.3)+(IF(Z9="Critical",10,IF(Z9="High",7,IF(Z9="Medium",4,1)))*0.2)+(IF(Y9="YES",10,0)*0.1) | AB9: =IF(G9="YES",2.0,0)+IF(H9="YES",2.0,0) | AC9: 0 | AD9: =K9+AB9+AC9 | AE9: =(AD9*0.6)+(AA9*0.4) | AF9: =IF(AE9>=9,"Critical",IF(AE9>=7,"High",IF(AE9>=4,"Medium","Low")))
F10: 1 | I10: =IF(D10="","",TODAY()-D10) | K10: =IF(J10="v4.0",L10,IF(J10="v3.1",M10,IF(J10="Both",L10,IF(AND(L10<>"",M10=""),L10,M10)))) | U10: =IF(T10="Tier 1",10,IF(T10="Tier 2",7,IF(T10="Tier 3",4,IF(T10="Tier 4",1,0)))) | W10: =IF(V10="Restricted",10,IF(V10="Confidential",7,IF(V10="Internal",4,IF(V10="Public",1,0)))) | AA10: =(U10*0.4)+(W10*0.3)+(IF(Z10="Critical",10,IF(Z10="High",7,IF(Z10="Medium",4,1)))*0.2)+(IF(Y10="YES",10,0)*0.1) | AB10: =IF(G10="YES",2.0,0)+IF(H10="YES",2.0,0) | AC10: 0 | AD10: =K10+AB10+AC10 | AE10: =(AD10*0.6)+(AA10*0.4) | AF10: =IF(AE10>=9,"Critical",IF(AE10>=7,"High",IF(AE10>=4,"Medium","Low")))
F11: 1 | I11: =IF(D11="","",TODAY()-D11) | K11: =IF(J11="v4.0",L11,IF(J11="v3.1",M11,IF(J11="Both",L11,IF(AND(L11<>"",M11=""),L11,M11)))) | U11: =IF(T11="Tier 1",10,IF(T11="Tier 2",7,IF(T11="Tier 3",4,IF(T11="Tier 4",1,0)))) | W11: =IF(V11="Restricted",10,IF(V11="Confidential",7,IF(V11="Internal",4,IF(V11="Public",1,0)))) | AA11: =(U11*0.4)+(W11*0.3)+(IF(Z11="Critical",10,IF(Z11="High",7,IF(Z11="Medium",4,1)))*0.2)+(IF(Y11="YES",10,0)*0.1) | AB11: =IF(G11="YES",2.0,0)+IF(H11="YES",2.0,0) | AC11: 0 | AD11: =K11+AB11+AC11 | AE11: =(AD11*0.6)+(AA11*0.4) | AF11: =IF(AE11>=9,"Critical",IF(AE11>=7,"High",IF(AE11>=4,"Medium","Low")))
F12: 1 | I12: =IF(D12="","",TODAY()-D12) | K12: =IF(J12="v4.0",L12,IF(J12="v3.1",M12,IF(J12="Both",L12,IF(AND(L12<>"",M12=""),L12,M12)))) | U12: =IF(T12="Tier 1",10,IF(T12="Tier 2",7,IF(T12="Tier 3",4,IF(T12="Tier 4",1,0)))) | W12: =IF(V12="Restricted",10,IF(V12="Confidential",7,IF(V12="Internal",4,IF(V12="Public",1,0)))) | AA12: =(U12*0.4)+(W12*0.3)+(IF(Z12="Critical",10,IF(Z12="High",7,IF(Z12="Medium",4,1)))*0.2)+(IF(Y12="YES",10,0)*0.1) | AB12: =IF(G12="YES",2.0,0)+IF(H12="YES",2.0,0) | AC12: 0 | AD12: =K12+AB12+AC12 | AE12: =(AD12*0.6)+(AA12*0.4) | AF12: =IF(AE12>=9,"Critical",IF(AE12>=7,"High",IF(AE12>=4,"Medium","Low")))
F13: 1 | I13: =IF(D13="","",TODAY()-D13) | K13: =IF(J13="v4.0",L13,IF(J13="v3.1",M13,IF(J13="Both",L13,IF(AND(L13<>"",M13=""),L13,M13)))) | U13: =IF(T13="Tier 1",10,IF(T13="Tier 2",7,IF(T13="Tier 3",4,IF(T13="Tier 4",1,0)))) | W13: =IF(V13="Restricted",10,IF(V13="Confidential",7,IF(V13="Internal",4,IF(V13="Public",1,0)))) | AA13: =(U13*0.4)+(W13*0.3)+(IF(Z13="Critical",10,IF(Z13="High",7,IF(Z13="Medium",4,1)))*0.2)+(IF(Y13="YES",10,0)*0.1) | AB13: =IF(G13="YES",2.0,0)+IF(H13="YES",2.0,0) | AC13: 0 | AD13: =K13+AB13+AC13 | AE13: =(AD13*0.6)+(AA13*0.4) | AF13: =IF(AE13>=9,"Critical",IF(AE13>=7,"High",IF(AE13>=4,"Medium","Low")))
F14: 1 | I14: =IF(D14="","",TODAY()-D14) | K14: =IF(J14="v4.0",L14,IF(J14="v3.1",M14,IF(J14="Both",L14,IF(AND(L14<>"",M14=""),L14,M14)))) | U14: =IF(T14="Tier 1",10,IF(T14="Tier 2",7,IF(T14="Tier 3",4,IF(T14="Tier 4",1,0)))) | W14: =IF(V14="Restricted",10,IF(V14="Confidential",7,IF(V14="Internal",4,IF(V14="Public",1,0)))) | AA14: =(U14*0.4)+(W14*0.3)+(IF(Z14="Critical",10,IF(Z14="High",7,IF(Z14="Medium",4,1)))*0.2)+(IF(Y14="YES",10,0)*0.1) | AB14: =IF(G14="YES",2.0,0)+IF(H14="YES",2.0,0) | AC14: 0 | AD14: =K14+AB14+AC14 | AE14: =(AD14*0.6)+(AA14*0.4) | AF14: =IF(AE14>=9,"Critical",IF(AE14>=7,"High",IF(AE14>=4,"Medium","Low")))
F15: 1 | I15: =IF(D15="","",TODAY()-D15) | K15: =IF(J15="v4.0",L15,IF(J15="v3.1",M15,IF(J15="Both",L15,IF(AND(L15<>"",M15=""),L15,M15)))) | U15: =IF(T15="Tier 1",10,IF(T15="Tier 2",7,IF(T15="Tier 3",4,IF(T15="Tier 4",1,0)))) | W15: =IF(V15="Restricted",10,IF(V15="Confidential",7,IF(V15="Internal",4,IF(V15="Public",1,0)))) | AA15: =(U15*0.4)+(W15*0.3)+(IF(Z15="Critical",10,IF(Z15="High",7,IF(Z15="Medium",4,1)))*0.2)+(IF(Y15="YES",10,0)*0.1) | AB15: =IF(G15="YES",2.0,0)+IF(H15="YES",2.0,0) | AC15: 0 | AD15: =K15+AB15+AC15 | AE15: =(AD15*0.6)+(AA15*0.4) | AF15: =IF(AE15>=9,"Critical",IF(AE15>=7,"High",IF(AE15>=4,"Medium","Low")))
F16: 1 | I16: =IF(D16="","",TODAY()-D16) | K16: =IF(J16="v4.0",L16,IF(J16="v3.1",M16,IF(J16="Both",L16,IF(AND(L16<>"",M16=""),L16,M16)))) | U16: =IF(T16="Tier 1",10,IF(T16="Tier 2",7,IF(T16="Tier 3",4,IF(T16="Tier 4",1,0)))) | W16: =IF(V16="Restricted",10,IF(V16="Confidential",7,IF(V16="Internal",4,IF(V16="Public",1,0)))) | AA16: =(U16*0.4)+(W16*0.3)+(IF(Z16="Critical",10,IF(Z16="High",7,IF(Z16="Medium",4,1)))*0.2)+(IF(Y16="YES",10,0)*0.1) | AB16: =IF(G16="YES",2.0,0)+IF(H16="YES",2.0,0) | AC16: 0 | AD16: =K16+AB16+AC16 | AE16: =(AD16*0.6)+(AA16*0.4) | AF16: =IF(AE16>=9,"Critical",IF(AE16>=7,"High",IF(AE16>=4,"Medium","Low")))
F17: 1 | I17: =IF(D17="","",TODAY()-D17) | K17: =IF(J17="v4.0",L17,IF(J17="v3.1",M17,IF(J17="Both",L17,IF(AND(L17<>"",M17=""),L17,M17)))) | U17: =IF(T17="Tier 1",10,IF(T17="Tier 2",7,IF(T17="Tier 3",4,IF(T17="Tier 4",1,0)))) | W17: =IF(V17="Restricted",10,IF(V17="Confidential",7,IF(V17="Internal",4,IF(V17="Public",1,0)))) | AA17: =(U17*0.4)+(W17*0.3)+(IF(Z17="Critical",10,IF(Z17="High",7,IF(Z17="Medium",4,1)))*0.2)+(IF(Y17="YES",10,0)*0.1) | AB17: =IF(G17="YES",2.0,0)+IF(H17="YES",2.0,0) | AC17: 0 | AD17: =K17+AB17+AC17 | AE17: =(AD17*0.6)+(AA17*0.4) | AF17: =IF(AE17>=9,"Critical",IF(AE17>=7,"High",IF(AE17>=4,"Medium","Low")))
... F1000: 1 | I1000: =IF(D1000="","",TODAY()-D1000) | K1000: =IF(J1000="v4.0",L1000,IF(J1000="v3.1",M1000,IF(J1000="Both",L1000,IF(AND(L1000<>"",M1000=""),L1000,M1000)))) | U1000: =IF(T1000="Tier 1",10,IF(T1000="Tier 2",7,IF(T1000="Tier 3",4,IF(T1000="Tier 4",1,0)))) | W1000: =IF(V1000="Restricted",10,IF(V1000="Confidential",7,IF(V1000="Internal",4,IF(V1000="Public",1,0)))) | AA1000: =(U1000*0.4)+(W1000*0.3)+(IF(Z1000="Critical",10,IF(Z1000="High",7,IF(Z1000="Medium",4,1)))*0.2)+(IF(Y1000="YES",10,0)*0.1) | AB1000: =IF(G1000="YES",2.0,0)+IF(H1000="YES",2.0,0) | AC1000: 0 | AD1000: =K1000+AB1000+AC1000 | AE1000: =(AD1000*0.6)+(AA1000*0.4) | AF1000: =IF(AE1000>=9,"Critical",IF(AE1000>=7,"High",IF(AE1000>=4,"Medium","Low")))

Sheet Asset_Criticality_Matrix
A1: Asset_ID | B1: Asset_Name | C1: Asset_Type | D1: Business_Function | E1: Data_Classification | F1: Asset_Owner | G1: Tier_Rating | H1: Criticality_Score
A2: ASSET-001 | B2: Production E-commerce Web Cluster | C2: Application | D2: E-commerce | E2: Restricted | F2: John Smith | G2: Tier 1 | H2: 10
A3: ASSET-002 | B3: Payment Gateway | C3: Application | D3: Finance | E3: Restricted | F3: Jane Doe | G3: Tier 1 | H3: 10
A4: ASSET-003 | B4: Customer Database (Primary) | C4: Database | D4: E-commerce | E4: Restricted | F4: John Smith | G4: Tier 1 | H4: 10
A5: ASSET-004 | B5: Financial ERP System | C5: Application | D5: Finance | E5: Confidential | F5: Jane Doe | G5: Tier 1 | H5: 10
A6: ASSET-005 | B6: Active Directory Domain Controllers | C6: Infrastructure | D6: IT Infrastructure | E6: Confidential | F6: IT Team | G6: Tier 1 | H6: 10
A7: ASSET-006 | B7: HR Management System | C7: Application | D7: HR | E7: Confidential | F7: HR Director | G7: Tier 2 | H7: 7
A8: ASSET-007 | B8: CRM System | C8: Application | D8: Marketing | E8: Confidential | F8: Marketing Lead | G8: Tier 2 | H8: 7
A9: ASSET-008 | B9: Email Server | C9: Infrastructure | D9: IT Infrastructure | E9: Confidential | F9: IT Team | G9: Tier 2 | H9: 7
A10: ASSET-009 | B10: File Server (Shared Drives) | C10: Infrastructure | D10: Operations | E10: Internal | F10: IT Team | G10: Tier 2 | H10: 7
A11: ASSET-010 | B11: VPN Gateway | C11: Network | D11: IT Infrastructure | E11: Internal | F11: Network Team | G11: Tier 2 | H11: 7
A12: ASSET-011 | B12: Backup System | C12: Infrastructure | D12: IT Infrastructure | E12: Confidential | F12: IT Team | G12: Tier 2 | H12: 7
A13: ASSET-012 | B13: Customer Support Portal | C13: Application | D13: Support | E13: Internal | F13: Support Manager | G13: Tier 2 | H13: 7
... A21: ASSET-020 | B21: Public Website (Marketing) | C21: Application | D21: Marketing | E21: Public | F21: Marketing Lead | G21: Tier 4 | H21: 1

Sheet Business_Impact_Assessment
A1: Business Impact Assessment Scoring Methodology
A3: A. Data Sensitivity Scoring
A4: Sensitivity Level | B4: Score | C4: Definition
A5: Restricted | B5: 10 | C5: PII, PHI, PCI, trade secrets, executive data
A6: Confidential | B6: 7 | C6: Internal financial data, employee records, contracts
A7: Internal | B7: 4 | C7: General business documents, internal communications
A8: Public | B8: 1 | C8: Marketing materials, public website content
A11: B. Financial Exposure Scoring
A12: Exposure Level | B12: Score | C12: Estimated Loss | D12: Examples
A13: Critical | B13: 10 | C13: > CHF 1'000'000 | D13: Major breach, system-wide compromise
A14: High | B14: 7 | C14: CHF 100'000 - 1'000'000 | D14: Department-wide impact
A15: Medium | B15: 4 | C15: CHF 10'000 - 100'000 | D15: Team-level impact
A16: Low | B16: 1 | C16: < CHF 10'000 | D16: Individual system impact
A19: C. Regulatory Impact Multiplier
A20: Regulatory Requirement | B20: Impact Score | C20: Notes
A21: GDPR | B21: 1 | C21: Personal data breach penalties
A22: PCI-DSS | B22: 1.5 | C22: Payment card data - immediate suspension risk
A23: HIPAA | B23: 1 | C23: Protected health information
A24: SOX | B24: 0.5 | C24: Financial reporting systems
A25: None | B25: 0 | C25: No regulatory impact

Sheet Risk_Heat_Map
A1: Risk Heat Map - CVSS vs Business Impact
A2: Visual distribution of vulnerabilities by technical severity and business impact
A4: [Heat map would be generated here with conditional formatting]

Sheet High_Risk_Register
A1: Vuln_ID | B1: CVE_ID | C1: Vuln_Title | D1: Max_Asset_Criticality | E1: CVSS_Primary_Score | F1: Business_Impact_Score | G1: Composite_Risk_Score | H1: Risk_Level | I1: Days_Since_Discovery | J1: KEV_Listed | K1: Active_Exploitation | L1: Risk_Treatment_Status
A2: =FILTER(Vulnerability_Risk_Assessment!A:L,(Vulnerability_Risk_Assessment!AF:AF="Critical")+(Vulnerability_Risk_Assessment!AF:AF="High"),"No high-risk vulnerabilities")

Sheet Risk_Treatment_Decisions
A1: Vuln_ID | B1: CVE_ID | C1: Vuln_Title | D1: Composite_Risk_Score | E1: Risk_Level | F1: Treatment_Option | G1: Treatment_Rationale | H1: Business_Justification | I1: Approver_Name | J1: Approval_Date | K1: Review_Date | L1: Status | M1: Residual_Risk_Score | N1: Cost_Estimate | O1: Notes

Sheet Residual_Risk_Tracking
A1: Vuln_ID | B1: CVE_ID | C1: Original_Risk_Score | D1: Treatment_Applied | E1: Treatment_Completion_Date | F1: Residual_CVSS_Score | G1: Residual_Business_Impact | H1: Residual_Risk_Score | I1: Risk_Reduction_% | J1: Residual_Risk_Level | K1: Within_Appetite | L1: Verification_Status

Sheet Risk_Appetite_Thresholds
A1: Organizational Risk Appetite Thresholds
A2: Approved by: [Board/Executive Team]
A3: Last Review: [Date]
A4: Risk Category | B4: Appetite Threshold | C4: Definition | D4: Approval Authority
A5: Critical CVSS (≥9.0) | B5: 0 tolerated | C5: Zero tolerance for critical technical severity | D5: CEO
A6: High CVSS (7.0-8.9) | B6: ≤5 acceptable | C6: Max 5 high-severity vulnerabilities at any time | D6: CISO
A7: Tier 1 Assets at Critical Risk | B7: 0 tolerated | C7: Mission-critical assets must be protected | D7: CEO
A8: KEV-Listed Vulnerabilities | B8: 0 tolerated | C8: CISA KEV = immediate action | D8: CISO
A9: Wormable (AU=Y) + CVSS≥9.0 | B9: 0 tolerated | C9: Self-propagating worms = P0 | D9: CEO

Sheet Compliance_Risk_Mapping
A1: Vuln_ID | B1: CVE_ID | C1: Affected_System | D1: Data_Classification | E1: GDPR_Impact | F1: PCI_DSS_Impact | G1: HIPAA_Impact | H1: SOX_Impact | I1: Compliance_Deadline | J1: Compliance_Notes

Sheet Risk_Review_Log
A1: Review_Date | B1: Review_Type | C1: Attendees | D1: Vulnerabilities_Reviewed | E1: Critical_Risk_Count | F1: High_Risk_Count | G1: Key_Decisions | H1: Action_Items | I1: Next_Review_Date | J1: Meeting_Minutes_Link

Sheet Reference
A1: Reference Documentation
A3: A. Risk Scoring Methodology
A4: Composite Risk Score = (Technical Risk × 0.6) + (Business Impact × 0.4)
A5: Technical Risk = CVSS Primary Score + TI Modifier + Environmental Modifier
A6: Business Impact = (Asset Criticality × 0.4) + (Data Sensitivity × 0.3) + (Financial Exposure × 0.2) + (Regulatory × 0.1)
A10: B. Contacts
A11: Risk Management Team: risk@organization.example
A12: CISO Office: ciso@organization.example
A13: Compliance Team: compliance@organization.example
A17: C. Policy References
A18: ISMS-POL-A.8.8-S2 Section 2.2.3-2.2.4 (Risk Assessment Requirements)
A19: ISO/IEC 27001:2022 Control A.8.8
A20: ISO/IEC 27005 (Information Security Risk Management)
