Workbook

Sheet Overview
A1: ISMS-IMP-A.8.8.12 – Vulnerability Management Metrics & KPIs Dashboard
A2: ISO/IEC 27001:2022 - Control A.8.8: Technical Vulnerability Management
A4: Field | B4: Value
A5: Document ID | B5: ISMS-IMP-A.8.8.12
A6: Workbook Title | B6: Vulnerability Management Metrics & KPIs Dashboard
A7: Version | B7: 1.0
A8: Date Created | B8: 31.01.2026
A9: Last Updated | B9: =TODAY()
A10: Classification | B10: Internal
A11: Owner | B11: Vulnerability Management Coordinator
A12: Prepared By | B12: [Name]
A13: Review Cycle | B13: Monthly
A14: Next Review Date | B14: [DD.MM.YYYY]
A15: Approved By | B15: [CISO Name]
A16: Approval Date | B16: [DD.MM.YYYY]
A17: Integration Status | B17: Green
A18: Total Source Workbooks | B18: 11
A19: Linked Workbooks | B19: [Count]
A20: Last Refresh | B20: =NOW()
A22: 📋 USAGE INSTRUCTIONS
A24: 1. PREREQUISITES:
A25: • All 11 source workbooks (IMP-1 through IMP-11) completed
A26: • Document IDs present in Overview/Metadata sheets
A27: • Workbooks normalized using normalize_assessment_files_a88.py
A29: 2. OPENING DASHBOARD:
A30: • Place in same directory as normalized workbooks
A31: • Open in Excel 2016+
A32: • Click 'Update Links' when prompted
A34: 3. REFRESHING DATA:
A35: • Data → Refresh All (or Ctrl+Alt+F5)
A36: • Wait 5-10 seconds for recalculation
... A46: 🔍 QUICK NAVIGATION
A47: → Metric_Definitions | B47: All 80 metrics
A48: → Lifecycle_Metrics | B48: Discovery to closure
A49: → SLA_Performance | B49: SLA tracking
A50: → Success_Rates | B50: Effectiveness
A51: → Risk_Metrics | B51: Risk posture
A52: → Monthly_Trends | B52: 12-month trends
A53: → Quarterly_Aggregations | B53: Board reporting
A54: → Executive_KPI_Dashboard | B54: CISO summary
A55: → Benchmark_Targets | B55: Industry comparison

Sheet Metric_Definitions
A1: COMPLETE METRIC DEFINITIONS - ALL 80 METRICS
A4: Metric_ID | B4: Metric_Name | C4: Category | D4: Source_IMP | E4: Source_Workbook | F4: Source_Sheet | G4: Source_Cell_Range | H4: Formula | I4: Unit | J4: Target_Value | K4: Warning_Value | L4: Critical_Value | M4: Calculation_Frequency | N4: Data_Owner | O4: Audit_Relevance | P4: Current_Value | Q4: Status | R4: Notes
A5: M001 | B5: Total Active Vulnerabilities | C5: Discovery | D5: 5 | E5: ISMS-IMP-A.8.8.5.xlsx | F5: Vulnerability_Inventory | G5: A:A | H5: =COUNTA('[ISMS-IMP-A.8.8.5.xlsx]Vulnerability_Inventory'!A:A)-1 | I5: Count | J5: <500 | K5: 500-1000 | L5: >1000 | M5: Daily | N5: VM Coordinator | O5: High | P5: =H5 | Q5: =IF(P5="","",IF(P5<=IFERROR(VALUE(J5),J5),"Green",IF(P5<=IFERROR(VALUE(K5),K5),"Yellow","Red"))) | R5: Master vulnerability count from IMP-5
A6: M002 | B6: New Vulnerabilities (Last 7 Days) | C6: Discovery | D6: 5 | E6: ISMS-IMP-A.8.8.5.xlsx | F6: Vulnerability_Inventory | G6: D:D | H6: =COUNTIF('[ISMS-IMP-A.8.8.5.xlsx]Vulnerability_Inventory'!D:D,">="&TODAY()-7) | I6: Count | J6: <50 | K6: 50-100 | L6: >100 | M6: Daily | N6: VM Coordinator | O6: Medium | P6: =H6 | Q6: =IF(P6="","",IF(P6<=IFERROR(VALUE(J6),J6),"Green",IF(P6<=IFERROR(VALUE(K6),K6),"Yellow","Red"))) | R6: Recent discoveries
A7: M003 | B7: New Vulnerabilities (Last 30 Days) | C7: Discovery | D7: 5 | E7: ISMS-IMP-A.8.8.5.xlsx | F7: Vulnerability_Inventory | G7: D:D | H7: =COUNTIF('[ISMS-IMP-A.8.8.5.xlsx]Vulnerability_Inventory'!D:D,">="&TODAY()-30) | I7: Count | J7: <200 | K7: 200-400 | L7: >400 | M7: Weekly | N7: VM Coordinator | O7: High | P7: =H7 | Q7: =IF(P7="","",IF(P7<=IFERROR(VALUE(J7),J7),"Green",IF(P7<=IFERROR(VALUE(K7),K7),"Yellow","Red"))) | R7: Monthly discovery trend
A8: M004 | B8: Critical CVSS Score Count (≥9.0) | C8: Discovery | D8: 5 | E8: ISMS-IMP-A.8.8.5.xlsx | F8: Vulnerability_Inventory | G8: K:K | H8: =COUNTIF('[ISMS-IMP-A.8.8.5.xlsx]Vulnerability_Inventory'!K:K,">=9.0") | I8: Count | J8: <10 | K8: 10-20 | L8: >20 | M8: Daily | N8: VM Coordinator | O8: Critical | P8: =H8 | Q8: =IF(P8="","",IF(P8<=IFERROR(VALUE(J8),J8),"Green",IF(P8<=IFERROR(VALUE(K8),K8),"Yellow","Red"))) | R8: CVSS ≥9.0 severity
A9: M005 | B9: High CVSS Score Count (7.0-8.9) | C9: Discovery | D9: 5 | E9: ISMS-IMP-A.8.8.5.xlsx | F9: Vulnerability_Inventory | G9: K:K | H9: =COUNTIFS('[ISMS-IMP-A.8.8.5.xlsx]Vulnerability_Inventory'!K:K,">=7.0",'[ISMS-IMP-A.8.8.5.xlsx]Vulnerability_Inventory'!K:K,"<9.0") | I9: Count | J9: <50 | K9: 50-100 | L9: >100 | M9: Daily | N9: VM Coordinator | O9: High | P9: =H9 | Q9: =IF(P9="","",IF(P9<=IFERROR(VALUE(J9),J9),"Green",IF(P9<=IFERROR(VALUE(K9),K9),"Yellow","Red"))) | R9: CVSS 7.0-8.9 severity
A10: M006 | B10: Scanner Uptime Percentage | C10: Discovery | D10: 1 | E10: ISMS-IMP-A.8.8.1.xlsx | F10: Overview | G10: B7 | H10: '[ISMS-IMP-A.8.8.1.xlsx]Overview'!B7 | I10: Percentage | J10: >99% | K10: 95-99% | L10: <95% | M10: Daily | N10: Infrastructure Team | O10: High | P10: =H10 | Q10: =IF(P10="","",IF(P10>=IFERROR(VALUE(LEFT(J10,FIND("%",J10)-1))/100,J10),"Green",IF(P10>=IFERROR(VALUE(LEFT(K10,FIND("%",K10)-1))/100,K10),"Yellow","Red"))) | R10: Scanner availability from IMP-1
A11: M007 | B11: Scan Completion Rate | C11: Discovery | D11: 1 | E11: ISMS-IMP-A.8.8.1.xlsx | F11: Overview | G11: B10 | H11: '[ISMS-IMP-A.8.8.1.xlsx]Overview'!B10 | I11: Percentage | J11: >95% | K11: 90-95% | L11: <90% | M11: Daily | N11: VM Coordinator | O11: High | P11: =H11 | Q11: =IF(P11="","",IF(P11>=IFERROR(VALUE(LEFT(J11,FIND("%",J11)-1))/100,J11),"Green",IF(P11>=IFERROR(VALUE(LEFT(K11,FIND("%",K11)-1))/100,K11),"Yellow","Red"))) | R11: Successful scan execution rate
A12: M008 | B12: Network Coverage Percentage | C12: Discovery | D12: 2 | E12: ISMS-IMP-A.8.8.2.xlsx | F12: Overview | G12: B8 | H12: '[ISMS-IMP-A.8.8.2.xlsx]Overview'!B8 | I12: Percentage | J12: 100% | K12: 95-99% | L12: <95% | M12: Weekly | N12: Network Team | O12: Critical | P12: =H12 | Q12: =IF(P12="","",IF(P12>=IFERROR(VALUE(LEFT(J12,FIND("%",J12)-1))/100,J12),"Green",IF(P12>=IFERROR(VALUE(LEFT(K12,FIND("%",K12)-1))/100,K12),"Yellow","Red"))) | R12: Network segments covered by scanning
A13: M009 | B13: Critical Coverage Gaps | C13: Discovery | D13: 2 | E13: ISMS-IMP-A.8.8.2.xlsx | F13: Overview | G13: B10 | H13: '[ISMS-IMP-A.8.8.2.xlsx]Overview'!B10 | I13: Count | J13: 0 | K13: 1-2 | L13: >2 | M13: Weekly | N13: Network Team | O13: Critical | P13: =H13 | Q13: =IF(P13="","",IF(P13<=IFERROR(VALUE(J13),J13),"Green",IF(P13<=IFERROR(VALUE(K13),K13),"Yellow","Red"))) | R13: Uncovered critical network segments
A14: M010 | B14: Average Vulnerability Age (Days) | C14: Discovery | D14: 5 | E14: ISMS-IMP-A.8.8.5.xlsx | F14: Vulnerability_Inventory | G14: D:D | H14: =AVERAGE(TODAY()-'[ISMS-IMP-A.8.8.5.xlsx]Vulnerability_Inventory'!D:D) | I14: Days | J14: <30 | K14: 30-60 | L14: >60 | M14: Weekly | N14: VM Coordinator | O14: Medium | P14: =H14 | Q14: =IF(P14="","",IF(P14<=IFERROR(VALUE(J14),J14),"Green",IF(P14<=IFERROR(VALUE(K14),K14),"Yellow","Red"))) | R14: Mean age of all active vulnerabilities
A15: M011 | B15: Oldest Vulnerability (Days) | C15: Discovery | D15: 5 | E15: ISMS-IMP-A.8.8.5.xlsx | F15: Vulnerability_Inventory | G15: D:D | H15: =TODAY()-MIN('[ISMS-IMP-A.8.8.5.xlsx]Vulnerability_Inventory'!D:D) | I15: Days | J15: <90 | K15: 90-180 | L15: >180 | M15: Weekly | N15: VM Coordinator | O15: High | P15: =H15 | Q15: =IF(P15="","",IF(P15<=IFERROR(VALUE(J15),J15),"Green",IF(P15<=IFERROR(VALUE(K15),K15),"Yellow","Red"))) | R15: Maximum age (oldest vulnerability)
A16: M012 | B16: CVSS v4.0 Adoption Rate | C16: Discovery | D16: 5 | E16: ISMS-IMP-A.8.8.5.xlsx | F16: Vulnerability_Inventory | G16: J:J | H16: =COUNTIF('[ISMS-IMP-A.8.8.5.xlsx]Vulnerability_Inventory'!J:J,"v4.0")/COUNTA('[ISMS-IMP-A.8.8.5.xlsx]Vulnerability_Inventory'!J:J) | I16: Percentage | J16: >70% | K16: 50-70% | L16: <50% | M16: Monthly | N16: VM Coordinator | O16: Medium | P16: =H16 | Q16: =IF(P16="","",IF(P16>=IFERROR(VALUE(LEFT(J16,FIND("%",J16)-1))/100,J16),"Green",IF(P16>=IFERROR(VALUE(LEFT(K16,FIND("%",K16)-1))/100,K16),"Yellow","Red"))) | R16: Percentage using CVSS v4.0 scoring
A17: M013 | B17: Dual-Scored Vulnerabilities | C17: Discovery | D17: 5 | E17: ISMS-IMP-A.8.8.5.xlsx | F17: Vulnerability_Inventory | G17: J:J | H17: =COUNTIF('[ISMS-IMP-A.8.8.5.xlsx]Vulnerability_Inventory'!J:J,"Both") | I17: Count | J17: >100 | K17: 50-100 | L17: <50 | M17: Monthly | N17: VM Coordinator | O17: Low | P17: =H17 | Q17: =IF(P17="","",IF(P17<=IFERROR(VALUE(J17),J17),"Green",IF(P17<=IFERROR(VALUE(K17),K17),"Yellow","Red"))) | R17: Both v4.0 and v3.1 scores present
A18: M014 | B18: Failed Scans (Last 7 Days) | C18: Discovery | D18: 1 | E18: ISMS-IMP-A.8.8.1.xlsx | F18: Overview | G18: B12 | H18: '[ISMS-IMP-A.8.8.1.xlsx]Overview'!B12 | I18: Count | J18: <5 | K18: 5-10 | L18: >10 | M18: Daily | N18: Infrastructure Team | O18: Medium | P18: =H18 | Q18: =IF(P18="","",IF(P18<=IFERROR(VALUE(J18),J18),"Green",IF(P18<=IFERROR(VALUE(K18),K18),"Yellow","Red"))) | R18: Recent scan failures from IMP-1
A19: M015 | B19: False Positive Rate | C19: Discovery | D19: 1 | E19: ISMS-IMP-A.8.8.1.xlsx | F19: Overview | G19: B13 | H19: '[ISMS-IMP-A.8.8.1.xlsx]Overview'!B13 | I19: Percentage | J19: <5% | K19: 5-10% | L19: >10% | M19: Weekly | N19: VM Coordinator | O19: Medium | P19: =H19 | Q19: =IF(P19="","",IF(P19>=IFERROR(VALUE(LEFT(J19,FIND("%",J19)-1))/100,J19),"Green",IF(P19>=IFERROR(VALUE(LEFT(K19,FIND("%",K19)-1))/100,K19),"Yellow","Red"))) | R19: Scanner false positive percentage
A20: M016 | B20: Wormable Vulnerabilities (AU=Y) | C20: Assessment | D20: 7 | E20: ISMS-IMP-A.8.8.7.xlsx | F20: Dashboard | G20: B8 | H20: '[ISMS-IMP-A.8.8.7.xlsx]Dashboard'!B8 | I20: Count | J20: 0 | K20: 1-2 | L20: >2 | M20: Daily | N20: VM Coordinator | O20: Critical | P20: =H20 | Q20: =IF(P20="","",IF(P20<=IFERROR(VALUE(J20),J20),"Green",IF(P20<=IFERROR(VALUE(K20),K20),"Yellow","Red"))) | R20: Self-propagating vulnerabilities (CVSS v4.0 AU=Yes)
A21: M017 | B21: Safety-Critical Vulnerabilities (S=P) | C21: Assessment | D21: 5 | E21: ISMS-IMP-A.8.8.5.xlsx | F21: Vulnerability_Inventory | G21: Q:Q,K:K | H21: =COUNTIFS('[ISMS-IMP-A.8.8.5.xlsx]Vulnerability_Inventory'!Q:Q,"P",'[ISMS-IMP-A.8.8.5.xlsx]Vulnerability_Inventory'!K:K,">=7.0") | I21: Count | J21: 0 | K21: 1-3 | L21: >3 | M21: Daily | N21: OT/ICS Team | O21: Critical | P21: =H21 | Q21: =IF(P21="","",IF(P21<=IFERROR(VALUE(J21),J21),"Green",IF(P21<=IFERROR(VALUE(K21),K21),"Yellow","Red"))) | R21: OT/ICS safety-critical (CVSS v4.0 S=Present)
A22: M018 | B22: KEV-Listed Vulnerabilities | C22: Assessment | D22: 4 | E22: ISMS-IMP-A.8.8.4.xlsx | F22: TI_Integration_Dashboard | G22: B6 | H22: '[ISMS-IMP-A.8.8.4.xlsx]TI_Integration_Dashboard'!B6 | I22: Count | J22: 0 | K22: 1-3 | L22: >3 | M22: Daily | N22: TI Analyst | O22: Critical | P22: =H22 | Q22: =IF(P22="","",IF(P22<=IFERROR(VALUE(J22),J22),"Green",IF(P22<=IFERROR(VALUE(K22),K22),"Yellow","Red"))) | R22: CISA Known Exploited Vulnerabilities catalog
A23: M019 | B23: Active Exploitation Flags | C23: Assessment | D23: 4 | E23: ISMS-IMP-A.8.8.4.xlsx | F23: TI_Integration_Dashboard | G23: B7 | H23: '[ISMS-IMP-A.8.8.4.xlsx]TI_Integration_Dashboard'!B7 | I23: Count | J23: 0 | K23: 1-2 | L23: >2 | M23: Daily | N23: TI Analyst | O23: Critical | P23: =H23 | Q23: =IF(P23="","",IF(P23<=IFERROR(VALUE(J23),J23),"Green",IF(P23<=IFERROR(VALUE(K23),K23),"Yellow","Red"))) | R23: In-the-wild exploitation detected
A24: M020 | B24: EPSS Coverage Rate | C24: Assessment | D24: 4 | E24: ISMS-IMP-A.8.8.4.xlsx | F24: TI_Integration_Dashboard | G24: B8 | H24: '[ISMS-IMP-A.8.8.4.xlsx]TI_Integration_Dashboard'!B8 | I24: Percentage | J24: >80% | K24: 60-80% | L24: <60% | M24: Weekly | N24: TI Analyst | O24: Medium | P24: =H24 | Q24: =IF(P24="","",IF(P24>=IFERROR(VALUE(LEFT(J24,FIND("%",J24)-1))/100,J24),"Green",IF(P24>=IFERROR(VALUE(LEFT(K24,FIND("%",K24)-1))/100,K24),"Yellow","Red"))) | R24: Exploit Prediction Scoring System coverage
A25: M021 | B25: Total Risk Score | C25: Assessment | D25: 6 | E25: ISMS-IMP-A.8.8.6.xlsx | F25: Risk_Assessment_Matrix | G25: AP:AP | H25: =SUM('[ISMS-IMP-A.8.8.6.xlsx]Risk_Assessment_Matrix'!AP:AP) | I25: Score | J25: <500 | K25: 500-1000 | L25: >1000 | M25: Weekly | N25: Risk Analyst | O25: High | P25: =H25 | Q25: =IF(P25="","",IF(P25<=IFERROR(VALUE(J25),J25),"Green",IF(P25<=IFERROR(VALUE(K25),K25),"Yellow","Red"))) | R25: Aggregate risk score across all vulnerabilities
A26: M022 | B26: Critical Risk Count | C26: Assessment | D26: 6 | E26: ISMS-IMP-A.8.8.6.xlsx | F26: Risk_Assessment_Matrix | G26: AQ:AQ | H26: =COUNTIF('[ISMS-IMP-A.8.8.6.xlsx]Risk_Assessment_Matrix'!AQ:AQ,"Critical") | I26: Count | J26: <5 | K26: 5-10 | L26: >10 | M26: Daily | N26: Risk Analyst | O26: Critical | P26: =H26 | Q26: =IF(P26="","",IF(P26<=IFERROR(VALUE(J26),J26),"Green",IF(P26<=IFERROR(VALUE(K26),K26),"Yellow","Red"))) | R26: Vulnerabilities with Critical risk rating
A27: M023 | B27: High Risk Count | C27: Assessment | D27: 6 | E27: ISMS-IMP-A.8.8.6.xlsx | F27: Risk_Assessment_Matrix | G27: AQ:AQ | H27: =COUNTIF('[ISMS-IMP-A.8.8.6.xlsx]Risk_Assessment_Matrix'!AQ:AQ,"High") | I27: Count | J27: <20 | K27: 20-50 | L27: >50 | M27: Daily | N27: Risk Analyst | O27: High | P27: =H27 | Q27: =IF(P27="","",IF(P27<=IFERROR(VALUE(J27),J27),"Green",IF(P27<=IFERROR(VALUE(K27),K27),"Yellow","Red"))) | R27: Vulnerabilities with High risk rating
A28: M024 | B28: Financial Exposure (CHF) | C28: Assessment | D28: 6 | E28: ISMS-IMP-A.8.8.6.xlsx | F28: Risk_Assessment_Matrix | G28: Z:Z | H28: =SUM('[ISMS-IMP-A.8.8.6.xlsx]Risk_Assessment_Matrix'!Z:Z) | I28: CHF | J28: <500'000 | K28: 500'000-1'000'000 | L28: >1'000'000 | M28: Weekly | N28: Risk Analyst | O28: High | P28: =H28 | Q28: =IF(P28="","",IF(P28<=IFERROR(VALUE(J28),J28),"Green",IF(P28<=IFERROR(VALUE(K28),K28),"Yellow","Red"))) | R28: Total financial impact exposure
A29: M025 | B29: Time to Initial Risk Assessment (Hours) | C29: Assessment | D29: 6 | E29: ISMS-IMP-A.8.8.6.xlsx | F29: Risk_Assessment_Matrix | G29: E:E,D:D | H29: =AVERAGE(('[ISMS-IMP-A.8.8.6.xlsx]Risk_Assessment_Matrix'!E:E-'[ISMS-IMP-A.8.8.5.xlsx]Vulnerability_Inventory'!D:D)*24) | I29: Hours | J29: <24 | K29: 24-48 | L29: >48 | M29: Weekly | N29: Risk Analyst | O29: High | P29: =H29 | Q29: =IF(P29="","",IF(P29<=IFERROR(VALUE(J29),J29),"Green",IF(P29<=IFERROR(VALUE(K29),K29),"Yellow","Red"))) | R29: Discovery to initial risk assessment time
A30: M026 | B30: P0 Emergency Count | C30: Prioritization | D30: 7 | E30: ISMS-IMP-A.8.8.7.xlsx | F30: Dashboard | G30: B7 | H30: '[ISMS-IMP-A.8.8.7.xlsx]Dashboard'!B7 | I30: Count | J30: <5 | K30: 5-10 | L30: >10 | M30: Daily | N30: VM Coordinator | O30: Critical | P30: =H30 | Q30: =IF(P30="","",IF(P30<=IFERROR(VALUE(J30),J30),"Green",IF(P30<=IFERROR(VALUE(K30),K30),"Yellow","Red"))) | R30: Emergency priority (1-day SLA)
A31: M027 | B31: P1 Critical Count | C31: Prioritization | D31: 7 | E31: ISMS-IMP-A.8.8.7.xlsx | F31: Priority_Matrix | G31: AD:AD | H31: =COUNTIF('[ISMS-IMP-A.8.8.7.xlsx]Priority_Matrix'!AD:AD,"P1") | I31: Count | J31: <50 | K31: 50-100 | L31: >100 | M31: Daily | N31: VM Coordinator | O31: High | P31: =H31 | Q31: =IF(P31="","",IF(P31<=IFERROR(VALUE(J31),J31),"Green",IF(P31<=IFERROR(VALUE(K31),K31),"Yellow","Red"))) | R31: Critical priority (7-day SLA)
A32: M028 | B32: P2 Standard Count | C32: Prioritization | D32: 7 | E32: ISMS-IMP-A.8.8.7.xlsx | F32: Priority_Matrix | G32: AD:AD | H32: =COUNTIF('[ISMS-IMP-A.8.8.7.xlsx]Priority_Matrix'!AD:AD,"P2") | I32: Count | J32: <200 | K32: 200-300 | L32: >300 | M32: Weekly | N32: VM Coordinator | O32: Medium | P32: =H32 | Q32: =IF(P32="","",IF(P32<=IFERROR(VALUE(J32),J32),"Green",IF(P32<=IFERROR(VALUE(K32),K32),"Yellow","Red"))) | R32: Standard priority (30-day SLA)
A33: M029 | B33: P3 Medium Count | C33: Prioritization | D33: 7 | E33: ISMS-IMP-A.8.8.7.xlsx | F33: Priority_Matrix | G33: AD:AD | H33: =COUNTIF('[ISMS-IMP-A.8.8.7.xlsx]Priority_Matrix'!AD:AD,"P3") | I33: Count | J33: <300 | K33: 300-500 | L33: >500 | M33: Weekly | N33: VM Coordinator | O33: Low | P33: =H33 | Q33: =IF(P33="","",IF(P33<=IFERROR(VALUE(J33),J33),"Green",IF(P33<=IFERROR(VALUE(K33),K33),"Yellow","Red"))) | R33: Medium priority (90-day SLA)
A34: M030 | B34: P4 Low Count | C34: Prioritization | D34: 7 | E34: ISMS-IMP-A.8.8.7.xlsx | F34: Priority_Matrix | G34: AD:AD | H34: =COUNTIF('[ISMS-IMP-A.8.8.7.xlsx]Priority_Matrix'!AD:AD,"P4") | I34: Count | J34: Any | K34: N/A | L34: N/A | M34: Weekly | N34: VM Coordinator | O34: Low | P34: =H34 | Q34: =IF(P34="","",IF(P34<=IFERROR(VALUE(J34),J34),"Green",IF(P34<=IFERROR(VALUE(K34),K34),"Yellow","Red"))) | R34: Low priority (best-effort)
A35: M031 | B35: Overall SLA Compliance | C35: Prioritization | D35: 7 | E35: ISMS-IMP-A.8.8.7.xlsx | F35: Dashboard | G35: B9 | H35: '[ISMS-IMP-A.8.8.7.xlsx]Dashboard'!B9 | I35: Percentage | J35: >95% | K35: 90-95% | L35: <90% | M35: Daily | N35: VM Coordinator | O35: Critical | P35: =H35 | Q35: =IF(P35="","",IF(P35>=IFERROR(VALUE(LEFT(J35,FIND("%",J35)-1))/100,J35),"Green",IF(P35>=IFERROR(VALUE(LEFT(K35,FIND("%",K35)-1))/100,K35),"Yellow","Red"))) | R35: Aggregate SLA compliance across all priorities
A36: M032 | B36: Overdue Vulnerabilities | C36: Prioritization | D36: 7 | E36: ISMS-IMP-A.8.8.7.xlsx | F36: Dashboard | G36: B10 | H36: '[ISMS-IMP-A.8.8.7.xlsx]Dashboard'!B10 | I36: Count | J36: 0 | K36: 1-5 | L36: >5 | M36: Daily | N36: VM Coordinator | O36: Critical | P36: =H36 | Q36: =IF(P36="","",IF(P36<=IFERROR(VALUE(J36),J36),"Green",IF(P36<=IFERROR(VALUE(K36),K36),"Yellow","Red"))) | R36: Vulnerabilities past remediation SLA
A37: M033 | B37: P0 SLA Compliance (1 Day) | C37: Prioritization | D37: 7 | E37: ISMS-IMP-A.8.8.7.xlsx | F37: Priority_Matrix | G37: AD:AD,AH:AH | H37: =COUNTIFS('[ISMS-IMP-A.8.8.7.xlsx]Priority_Matrix'!AD:AD,"P0",'[ISMS-IMP-A.8.8.7.xlsx]Priority_Matrix'!AH:AH,"On Track")/COUNTIF('[ISMS-IMP-A.8.8.7.xlsx]Priority_Matrix'!AD:AD,"P0") | I37: Percentage | J37: 100% | K37: 95-100% | L37: <95% | M37: Daily | N37: VM Coordinator | O37: Critical | P37: =H37 | Q37: =IF(P37="","",IF(P37>=IFERROR(VALUE(LEFT(J37,FIND("%",J37)-1))/100,J37),"Green",IF(P37>=IFERROR(VALUE(LEFT(K37,FIND("%",K37)-1))/100,K37),"Yellow","Red"))) | R37: Emergency vulnerabilities within 1-day SLA
A38: M034 | B38: P1 SLA Compliance (7 Days) | C38: Prioritization | D38: 7 | E38: ISMS-IMP-A.8.8.7.xlsx | F38: Priority_Matrix | G38: AD:AD,AH:AH | H38: =COUNTIFS('[ISMS-IMP-A.8.8.7.xlsx]Priority_Matrix'!AD:AD,"P1",'[ISMS-IMP-A.8.8.7.xlsx]Priority_Matrix'!AH:AH,"On Track")/COUNTIF('[ISMS-IMP-A.8.8.7.xlsx]Priority_Matrix'!AD:AD,"P1") | I38: Percentage | J38: >95% | K38: 90-95% | L38: <90% | M38: Daily | N38: VM Coordinator | O38: High | P38: =H38 | Q38: =IF(P38="","",IF(P38>=IFERROR(VALUE(LEFT(J38,FIND("%",J38)-1))/100,J38),"Green",IF(P38>=IFERROR(VALUE(LEFT(K38,FIND("%",K38)-1))/100,K38),"Yellow","Red"))) | R38: Critical vulnerabilities within 7-day SLA
A39: M035 | B39: Manual Priority Overrides | C39: Prioritization | D39: 7 | E39: ISMS-IMP-A.8.8.7.xlsx | F39: Priority_Matrix | G39: AJ:AJ | H39: =COUNTIF('[ISMS-IMP-A.8.8.7.xlsx]Priority_Matrix'!AJ:AJ,"Manual") | I39: Count | J39: <10 | K39: 10-20 | L39: >20 | M39: Weekly | N39: VM Coordinator | O39: Medium | P39: =H39 | Q39: =IF(P39="","",IF(P39<=IFERROR(VALUE(J39),J39),"Green",IF(P39<=IFERROR(VALUE(K39),K39),"Yellow","Red"))) | R39: Priorities manually adjusted from calculated value
A40: M036 | B40: Total Active Remediations | C40: Remediation | D40: 8 | E40: ISMS-IMP-A.8.8.8.xlsx | F40: Metrics_Dashboard | G40: B6 | H40: '[ISMS-IMP-A.8.8.8.xlsx]Metrics_Dashboard'!B6 | I40: Count | J40: <500 | K40: 500-750 | L40: >750 | M40: Daily | N40: Remediation Team | O40: High | P40: =H40 | Q40: =IF(P40="","",IF(P40<=IFERROR(VALUE(J40),J40),"Green",IF(P40<=IFERROR(VALUE(K40),K40),"Yellow","Red"))) | R40: Vulnerabilities in remediation queue
A41: M037 | B41: Remediation SLA Compliance | C41: Remediation | D41: 8 | E41: ISMS-IMP-A.8.8.8.xlsx | F41: Metrics_Dashboard | G41: B7 | H41: '[ISMS-IMP-A.8.8.8.xlsx]Metrics_Dashboard'!B7 | I41: Percentage | J41: >95% | K41: 90-95% | L41: <90% | M41: Daily | N41: Remediation Team | O41: Critical | P41: =H41 | Q41: =IF(P41="","",IF(P41>=IFERROR(VALUE(LEFT(J41,FIND("%",J41)-1))/100,J41),"Green",IF(P41>=IFERROR(VALUE(LEFT(K41,FIND("%",K41)-1))/100,K41),"Yellow","Red"))) | R41: Remediations completed within SLA
A42: M038 | B42: Average Remediation Time (Days) | C42: Remediation | D42: 8 | E42: ISMS-IMP-A.8.8.8.xlsx | F42: Metrics_Dashboard | G42: B8 | H42: '[ISMS-IMP-A.8.8.8.xlsx]Metrics_Dashboard'!B8 | I42: Days | J42: <14 | K42: 14-21 | L42: >21 | M42: Weekly | N42: Remediation Team | O42: High | P42: =H42 | Q42: =IF(P42="","",IF(P42<=IFERROR(VALUE(J42),J42),"Green",IF(P42<=IFERROR(VALUE(K42),K42),"Yellow","Red"))) | R42: Mean time from start to completion
A43: M039 | B43: Deployment Success Rate | C43: Remediation | D43: 8 | E43: ISMS-IMP-A.8.8.8.xlsx | F43: Metrics_Dashboard | G43: B9 | H43: '[ISMS-IMP-A.8.8.8.xlsx]Metrics_Dashboard'!B9 | I43: Percentage | J43: >98% | K43: 95-98% | L43: <95% | M43: Daily | N43: Remediation Team | O43: Critical | P43: =H43 | Q43: =IF(P43="","",IF(P43>=IFERROR(VALUE(LEFT(J43,FIND("%",J43)-1))/100,J43),"Green",IF(P43>=IFERROR(VALUE(LEFT(K43,FIND("%",K43)-1))/100,K43),"Yellow","Red"))) | R43: Successful patch deployments
A44: M040 | B44: Patches Deployed (Month-to-Date) | C44: Remediation | D44: 8 | E44: ISMS-IMP-A.8.8.8.xlsx | F44: Metrics_Dashboard | G44: B10 | H44: '[ISMS-IMP-A.8.8.8.xlsx]Metrics_Dashboard'!B10 | I44: Count | J44: >150 | K44: 100-150 | L44: <100 | M44: Daily | N44: Remediation Team | O44: High | P44: =H44 | Q44: =IF(P44="","",IF(P44<=IFERROR(VALUE(J44),J44),"Green",IF(P44<=IFERROR(VALUE(K44),K44),"Yellow","Red"))) | R44: Patches deployed this month
A45: M041 | B45: Failed Deployments (Last 7 Days) | C45: Remediation | D45: 8 | E45: ISMS-IMP-A.8.8.8.xlsx | F45: Deployment_Log | G45: D:D,E:E | H45: =COUNTIFS('[ISMS-IMP-A.8.8.8.xlsx]Deployment_Log'!D:D,">="&TODAY()-7,'[ISMS-IMP-A.8.8.8.xlsx]Deployment_Log'!E:E,"Failed") | I45: Count | J45: 0 | K45: 1-3 | L45: >3 | M45: Daily | N45: Remediation Team | O45: High | P45: =H45 | Q45: =IF(P45="","",IF(P45<=IFERROR(VALUE(J45),J45),"Green",IF(P45<=IFERROR(VALUE(K45),K45),"Yellow","Red"))) | R45: Recent deployment failures
A46: M042 | B46: Rollback Count (Last 30 Days) | C46: Remediation | D46: 8 | E46: ISMS-IMP-A.8.8.8.xlsx | F46: Deployment_Log | G46: F:F | H46: =COUNTIF('[ISMS-IMP-A.8.8.8.xlsx]Deployment_Log'!F:F,">0") | I46: Count | J46: 0 | K46: 1-2 | L46: >2 | M46: Weekly | N46: Remediation Team | O46: Medium | P46: =H46 | Q46: =IF(P46="","",IF(P46<=IFERROR(VALUE(J46),J46),"Green",IF(P46<=IFERROR(VALUE(K46),K46),"Yellow","Red"))) | R46: Patches rolled back this month
A47: M043 | B47: P0 Average Remediation Time | C47: Remediation | D47: 8 | E47: ISMS-IMP-A.8.8.8.xlsx | F47: Remediation_Queue | G47: T:T,W:W | H47: =AVERAGEIF('[ISMS-IMP-A.8.8.8.xlsx]Remediation_Queue'!T:T,"P0",'[ISMS-IMP-A.8.8.8.xlsx]Remediation_Queue'!W:W) | I47: Hours | J47: <24 | K47: 24-48 | L47: >48 | M47: Weekly | N47: Remediation Team | O47: Critical | P47: =H47 | Q47: =IF(P47="","",IF(P47<=IFERROR(VALUE(J47),J47),"Green",IF(P47<=IFERROR(VALUE(K47),K47),"Yellow","Red"))) | R47: Mean P0 remediation time in hours
A48: M044 | B48: P1 Average Remediation Time | C48: Remediation | D48: 8 | E48: ISMS-IMP-A.8.8.8.xlsx | F48: Remediation_Queue | G48: T:T,W:W | H48: =AVERAGEIF('[ISMS-IMP-A.8.8.8.xlsx]Remediation_Queue'!T:T,"P1",'[ISMS-IMP-A.8.8.8.xlsx]Remediation_Queue'!W:W)/24 | I48: Days | J48: <7 | K48: 7-10 | L48: >10 | M48: Weekly | N48: Remediation Team | O48: High | P48: =H48 | Q48: =IF(P48="","",IF(P48<=IFERROR(VALUE(J48),J48),"Green",IF(P48<=IFERROR(VALUE(K48),K48),"Yellow","Red"))) | R48: Mean P1 remediation time in days
A49: M045 | B49: Active Compensating Controls | C49: Remediation | D49: 9 | E49: ISMS-IMP-A.8.8.9.xlsx | F49: Dashboard | G49: B6 | H49: '[ISMS-IMP-A.8.8.9.xlsx]Dashboard'!B6 | I49: Count | J49: <30 | K49: 30-50 | L49: >50 | M49: Weekly | N49: Risk Manager | O49: High | P49: =H49 | Q49: =IF(P49="","",IF(P49<=IFERROR(VALUE(J49),J49),"Green",IF(P49<=IFERROR(VALUE(K49),K49),"Yellow","Red"))) | R49: Temporary mitigations in place
A50: M046 | B50: P0/P1 Compensating Controls | C50: Remediation | D50: 9 | E50: ISMS-IMP-A.8.8.9.xlsx | F50: Dashboard | G50: B7 | H50: '[ISMS-IMP-A.8.8.9.xlsx]Dashboard'!B7 | I50: Count | J50: <5 | K50: 5-10 | L50: >10 | M50: Daily | N50: Risk Manager | O50: Critical | P50: =H50 | Q50: =IF(P50="","",IF(P50<=IFERROR(VALUE(J50),J50),"Green",IF(P50<=IFERROR(VALUE(K50),K50),"Yellow","Red"))) | R50: High-priority controls (temp mitigation)
A51: M047 | B51: Compensating Controls >6 Months | C51: Remediation | D51: 9 | E51: ISMS-IMP-A.8.8.9.xlsx | F51: Dashboard | G51: B8 | H51: '[ISMS-IMP-A.8.8.9.xlsx]Dashboard'!B8 | I51: Count | J51: <5 | K51: 5-10 | L51: >10 | M51: Weekly | N51: Risk Manager | O51: High | P51: =H51 | Q51: =IF(P51="","",IF(P51<=IFERROR(VALUE(J51),J51),"Green",IF(P51<=IFERROR(VALUE(K51),K51),"Yellow","Red"))) | R51: Long-running temporary controls
A52: M048 | B52: Average Risk Reduction (Compensating) | C52: Remediation | D52: 9 | E52: ISMS-IMP-A.8.8.9.xlsx | F52: Dashboard | G52: B9 | H52: '[ISMS-IMP-A.8.8.9.xlsx]Dashboard'!B9 | I52: Percentage | J52: >50% | K52: 30-50% | L52: <30% | M52: Weekly | N52: Risk Manager | O52: Medium | P52: =H52 | Q52: =IF(P52="","",IF(P52>=IFERROR(VALUE(LEFT(J52,FIND("%",J52)-1))/100,J52),"Green",IF(P52>=IFERROR(VALUE(LEFT(K52,FIND("%",K52)-1))/100,K52),"Yellow","Red"))) | R52: Mean effectiveness of controls
A53: M049 | B53: Overdue Control Reviews | C53: Remediation | D53: 9 | E53: ISMS-IMP-A.8.8.9.xlsx | F53: Dashboard | G53: B10 | H53: '[ISMS-IMP-A.8.8.9.xlsx]Dashboard'!B10 | I53: Count | J53: 0 | K53: 1-2 | L53: >2 | M53: Weekly | N53: Risk Manager | O53: High | P53: =H53 | Q53: =IF(P53="","",IF(P53<=IFERROR(VALUE(J53),J53),"Green",IF(P53<=IFERROR(VALUE(K53),K53),"Yellow","Red"))) | R53: Controls past review date
A54: M050 | B54: Vulnerabilities Closed (Last 30 Days) | C54: Remediation | D54: 5 | E54: ISMS-IMP-A.8.8.5.xlsx | F54: Vulnerability_Inventory | G54: E:E | H54: =COUNTIF('[ISMS-IMP-A.8.8.5.xlsx]Vulnerability_Inventory'!E:E,">="&TODAY()-30) | I54: Count | J54: >200 | K54: 150-200 | L54: <150 | M54: Weekly | N54: VM Coordinator | O54: High | P54: =H54 | Q54: =IF(P54="","",IF(P54<=IFERROR(VALUE(J54),J54),"Green",IF(P54<=IFERROR(VALUE(K54),K54),"Yellow","Red"))) | R54: Successfully closed this month
A55: M051 | B55: Pending Verifications | C55: Validation | D55: 11 | E55: ISMS-IMP-A.8.8.11.xlsx | F55: Dashboard | G55: B6 | H55: '[ISMS-IMP-A.8.8.11.xlsx]Dashboard'!B6 | I55: Count | J55: <50 | K55: 50-100 | L55: >100 | M55: Daily | N55: QA Team | O55: High | P55: =H55 | Q55: =IF(P55="","",IF(P55<=IFERROR(VALUE(J55),J55),"Green",IF(P55<=IFERROR(VALUE(K55),K55),"Yellow","Red"))) | R55: Awaiting verification testing
A56: M052 | B56: Overdue Verifications | C56: Validation | D56: 11 | E56: ISMS-IMP-A.8.8.11.xlsx | F56: Dashboard | G56: B7 | H56: '[ISMS-IMP-A.8.8.11.xlsx]Dashboard'!B7 | I56: Count | J56: 0 | K56: 1-3 | L56: >3 | M56: Daily | N56: QA Team | O56: Critical | P56: =H56 | Q56: =IF(P56="","",IF(P56<=IFERROR(VALUE(J56),J56),"Green",IF(P56<=IFERROR(VALUE(K56),K56),"Yellow","Red"))) | R56: Past verification SLA
A57: M053 | B57: Verification Success Rate | C57: Validation | D57: 11 | E57: ISMS-IMP-A.8.8.11.xlsx | F57: Dashboard | G57: B8 | H57: '[ISMS-IMP-A.8.8.11.xlsx]Dashboard'!B8 | I57: Percentage | J57: >95% | K57: 90-95% | L57: <90% | M57: Daily | N57: QA Team | O57: Critical | P57: =H57 | Q57: =IF(P57="","",IF(P57>=IFERROR(VALUE(LEFT(J57,FIND("%",J57)-1))/100,J57),"Green",IF(P57>=IFERROR(VALUE(LEFT(K57,FIND("%",K57)-1))/100,K57),"Yellow","Red"))) | R57: Successful verifications (no re-work)
A58: M054 | B58: Average Time to Verify (Days) | C58: Validation | D58: 11 | E58: ISMS-IMP-A.8.8.11.xlsx | F58: Dashboard | G58: B9 | H58: '[ISMS-IMP-A.8.8.11.xlsx]Dashboard'!B9 | I58: Days | J58: <2 | K58: 2-3 | L58: >3 | M58: Weekly | N58: QA Team | O58: High | P58: =H58 | Q58: =IF(P58="","",IF(P58<=IFERROR(VALUE(J58),J58),"Green",IF(P58<=IFERROR(VALUE(K58),K58),"Yellow","Red"))) | R58: Mean verification execution time
A59: M055 | B59: Failed Verifications (Require Re-Remediation) | C59: Validation | D59: 11 | E59: ISMS-IMP-A.8.8.11.xlsx | F59: Verification_Queue | G59: AB:AB | H59: =COUNTIF('[ISMS-IMP-A.8.8.11.xlsx]Verification_Queue'!AB:AB,"Failed") | I59: Count | J59: 0 | K59: 1-3 | L59: >3 | M59: Daily | N59: QA Team | O59: High | P59: =H59 | Q59: =IF(P59="","",IF(P59<=IFERROR(VALUE(J59),J59),"Green",IF(P59<=IFERROR(VALUE(K59),K59),"Yellow","Red"))) | R59: Verifications that failed testing
A60: M056 | B60: P0 Verification Time (Hours) | C60: Validation | D60: 11 | E60: ISMS-IMP-A.8.8.11.xlsx | F60: Verification_Queue | G60: T:T,O:O | H60: =AVERAGEIF('[ISMS-IMP-A.8.8.11.xlsx]Verification_Queue'!T:T,"P0",'[ISMS-IMP-A.8.8.11.xlsx]Execution_Log'!O:O) | I60: Hours | J60: <4 | K60: 4-8 | L60: >8 | M60: Weekly | N60: QA Team | O60: High | P60: =H60 | Q60: =IF(P60="","",IF(P60<=IFERROR(VALUE(J60),J60),"Green",IF(P60<=IFERROR(VALUE(K60),K60),"Yellow","Red"))) | R60: Emergency verification time
A61: M057 | B61: Verification Backlog Age (Oldest) | C61: Validation | D61: 11 | E61: ISMS-IMP-A.8.8.11.xlsx | F61: Verification_Queue | G61: C:C | H61: =TODAY()-MIN('[ISMS-IMP-A.8.8.11.xlsx]Verification_Queue'!C:C) | I61: Days | J61: <7 | K61: 7-14 | L61: >14 | M61: Weekly | N61: QA Team | O61: Medium | P61: =H61 | Q61: =IF(P61="","",IF(P61<=IFERROR(VALUE(J61),J61),"Green",IF(P61<=IFERROR(VALUE(K61),K61),"Yellow","Red"))) | R61: Oldest pending verification
A62: M058 | B62: First-Time Verification Success | C62: Validation | D62: 11 | E62: ISMS-IMP-A.8.8.11.xlsx | F62: Execution_Log | G62: M:M | H62: =COUNTIF('[ISMS-IMP-A.8.8.11.xlsx]Execution_Log'!M:M,"Pass")/COUNTA('[ISMS-IMP-A.8.8.11.xlsx]Execution_Log'!M:M) | I62: Percentage | J62: >90% | K62: 85-90% | L62: <85% | M62: Weekly | N62: QA Team | O62: Medium | P62: =H62 | Q62: =IF(P62="","",IF(P62>=IFERROR(VALUE(LEFT(J62,FIND("%",J62)-1))/100,J62),"Green",IF(P62>=IFERROR(VALUE(LEFT(K62,FIND("%",K62)-1))/100,K62),"Yellow","Red"))) | R62: No re-testing required
A63: M059 | B63: Verification SLA Compliance | C63: Validation | D63: 11 | E63: ISMS-IMP-A.8.8.11.xlsx | F63: Verification_Queue | G63: AB:AB | H63: =1-COUNTIF('[ISMS-IMP-A.8.8.11.xlsx]Verification_Queue'!AB:AB,"Overdue")/COUNTA('[ISMS-IMP-A.8.8.11.xlsx]Verification_Queue'!A:A) | I63: Percentage | J63: >95% | K63: 90-95% | L63: <90% | M63: Daily | N63: QA Team | O63: High | P63: =H63 | Q63: =IF(P63="","",IF(P63>=IFERROR(VALUE(LEFT(J63,FIND("%",J63)-1))/100,J63),"Green",IF(P63>=IFERROR(VALUE(LEFT(K63,FIND("%",K63)-1))/100,K63),"Yellow","Red"))) | R63: Within verification SLA
A64: M060 | B64: Verification Queue Trend (30d Change) | C64: Validation | D64: 11 | E64: ISMS-IMP-A.8.8.11.xlsx | F64: Dashboard | G64: B6 | H64: Manual | I64: Count | J64: Negative | K64: Stable | L64: Positive | M64: Monthly | N64: QA Team | O64: Low | P64: =H64 | Q64: =IF(P64="","",IF(P64<=IFERROR(VALUE(J64),J64),"Green",IF(P64<=IFERROR(VALUE(K64),K64),"Yellow","Red"))) | R64: Queue growth/shrinkage (manual tracking)
A65: M061 | B65: Total Active Exceptions | C65: Exception_Management | D65: 10 | E65: ISMS-IMP-A.8.8.10.xlsx | F65: Dashboard | G65: B6 | H65: '[ISMS-IMP-A.8.8.10.xlsx]Dashboard'!B6 | I65: Count | J65: <30 | K65: 30-50 | L65: >50 | M65: Weekly | N65: Risk Manager | O65: High | P65: =H65 | Q65: =IF(P65="","",IF(P65<=IFERROR(VALUE(J65),J65),"Green",IF(P65<=IFERROR(VALUE(K65),K65),"Yellow","Red"))) | R65: Formal risk acceptances in effect
A66: M062 | B66: Critical Residual Risk (Exceptions) | C66: Exception_Management | D66: 10 | E66: ISMS-IMP-A.8.8.10.xlsx | F66: Dashboard | G66: B7 | H66: '[ISMS-IMP-A.8.8.10.xlsx]Dashboard'!B7 | I66: Count | J66: 0 | K66: 1-2 | L66: >2 | M66: Daily | N66: CISO | O66: Critical | P66: =H66 | Q66: =IF(P66="","",IF(P66<=IFERROR(VALUE(J66),J66),"Green",IF(P66<=IFERROR(VALUE(K66),K66),"Yellow","Red"))) | R66: Critical-rated accepted risks
A67: M063 | B67: High Residual Risk (Exceptions) | C67: Exception_Management | D67: 10 | E67: ISMS-IMP-A.8.8.10.xlsx | F67: Dashboard | G67: B8 | H67: '[ISMS-IMP-A.8.8.10.xlsx]Dashboard'!B8 | I67: Count | J67: <5 | K67: 5-10 | L67: >10 | M67: Daily | N67: CISO | O67: High | P67: =H67 | Q67: =IF(P67="","",IF(P67<=IFERROR(VALUE(J67),J67),"Green",IF(P67<=IFERROR(VALUE(K67),K67),"Yellow","Red"))) | R67: High-rated accepted risks
A68: M064 | B68: Pending Exception Approvals | C68: Exception_Management | D68: 10 | E68: ISMS-IMP-A.8.8.10.xlsx | F68: Dashboard | G68: B9 | H68: '[ISMS-IMP-A.8.8.10.xlsx]Dashboard'!B9 | I68: Count | J68: <10 | K68: 10-20 | L68: >20 | M68: Weekly | N68: Risk Manager | O68: High | P68: =H68 | Q68: =IF(P68="","",IF(P68<=IFERROR(VALUE(J68),J68),"Green",IF(P68<=IFERROR(VALUE(K68),K68),"Yellow","Red"))) | R68: Awaiting approval decision
A69: M065 | B69: Expired Exceptions | C69: Exception_Management | D69: 10 | E69: ISMS-IMP-A.8.8.10.xlsx | F69: Dashboard | G69: B10 | H69: '[ISMS-IMP-A.8.8.10.xlsx]Dashboard'!B10 | I69: Count | J69: 0 | K69: 1-2 | L69: >2 | M69: Weekly | N69: Risk Manager | O69: Critical | P69: =H69 | Q69: =IF(P69="","",IF(P69<=IFERROR(VALUE(J69),J69),"Green",IF(P69<=IFERROR(VALUE(K69),K69),"Yellow","Red"))) | R69: Past expiration date (require renewal)
A70: M066 | B70: Exception Approval Time (Average Days) | C70: Exception_Management | D70: 10 | E70: ISMS-IMP-A.8.8.10.xlsx | F70: Exception_Requests | G70: AJ:AJ,D:D | H70: =AVERAGE('[ISMS-IMP-A.8.8.10.xlsx]Exception_Requests'!AJ:AJ-'[ISMS-IMP-A.8.8.10.xlsx]Exception_Requests'!D:D) | I70: Days | J70: <30 | K70: 30-45 | L70: >45 | M70: Monthly | N70: Risk Manager | O70: Medium | P70: =H70 | Q70: =IF(P70="","",IF(P70<=IFERROR(VALUE(J70),J70),"Green",IF(P70<=IFERROR(VALUE(K70),K70),"Yellow","Red"))) | R70: Request to approval time
A71: M067 | B71: Total Residual Risk Score | C71: Exception_Management | D71: 10 | E71: ISMS-IMP-A.8.8.10.xlsx | F71: Exception_Requests | G71: Z:Z | H71: =SUM('[ISMS-IMP-A.8.8.10.xlsx]Exception_Requests'!Z:Z) | I71: Score | J71: <100 | K71: 100-200 | L71: >200 | M71: Weekly | N71: CISO | O71: High | P71: =H71 | Q71: =IF(P71="","",IF(P71<=IFERROR(VALUE(J71),J71),"Green",IF(P71<=IFERROR(VALUE(K71),K71),"Yellow","Red"))) | R71: Aggregate accepted risk
A72: M068 | B72: Exception Rate (% of Total Vulns) | C72: Exception_Management | D72: 10 | E72: ISMS-IMP-A.8.8.10.xlsx | F72: Dashboard | G72: B6 | H72: =('[ISMS-IMP-A.8.8.10.xlsx]Dashboard'!B6/'[ISMS-IMP-A.8.8.5.xlsx]Vulnerability_Inventory'!A:A)*100 | I72: Percentage | J72: <3% | K72: 3-5% | L72: >5% | M72: Weekly | N72: Risk Manager | O72: Medium | P72: =H72 | Q72: =IF(P72="","",IF(P72>=IFERROR(VALUE(LEFT(J72,FIND("%",J72)-1))/100,J72),"Green",IF(P72>=IFERROR(VALUE(LEFT(K72,FIND("%",K72)-1))/100,K72),"Yellow","Red"))) | R72: Exceptions as % of all vulnerabilities
A73: M069 | B73: Board-Approved Exceptions | C73: Exception_Management | D73: 10 | E73: ISMS-IMP-A.8.8.10.xlsx | F73: Exception_Requests | G73: AI:AI | H73: =COUNTIF('[ISMS-IMP-A.8.8.10.xlsx]Exception_Requests'!AI:AI,"Board") | I73: Count | J73: <5 | K73: 5-10 | L73: >10 | M73: Monthly | N73: CISO | O73: Critical | P73: =H73 | Q73: =IF(P73="","",IF(P73<=IFERROR(VALUE(J73),J73),"Green",IF(P73<=IFERROR(VALUE(K73),K73),"Yellow","Red"))) | R73: Requiring board-level approval
A74: M070 | B74: Exception Renewal Rate | C74: Exception_Management | D74: 10 | E74: ISMS-IMP-A.8.8.10.xlsx | F74: Exception_Requests | G74: AN:AN | H74: =COUNTIF('[ISMS-IMP-A.8.8.10.xlsx]Exception_Requests'!AN:AN,">0")/COUNTA('[ISMS-IMP-A.8.8.10.xlsx]Exception_Requests'!AN:AN) | I74: Percentage | J74: <20% | K74: 20-30% | L74: >30% | M74: Quarterly | N74: Risk Manager | O74: Medium | P74: =H74 | Q74: =IF(P74="","",IF(P74>=IFERROR(VALUE(LEFT(J74,FIND("%",J74)-1))/100,J74),"Green",IF(P74>=IFERROR(VALUE(LEFT(K74,FIND("%",K74)-1))/100,K74),"Yellow","Red"))) | R74: Exceptions renewed (not closed)
A75: M071 | B75: Discovery Rate (New/Month) | C75: Reporting | D75: 5 | E75: ISMS-IMP-A.8.8.5.xlsx | F75: Vulnerability_Inventory | G75: D:D | H75: =COUNTIF('[ISMS-IMP-A.8.8.5.xlsx]Vulnerability_Inventory'!D:D,">="&EOMONTH(TODAY(),-1)+1) | I75: Count | J75: N/A | K75: N/A | L75: N/A | M75: Monthly | N75: VM Coordinator | O75: Medium | P75: =H75 | Q75: =IF(P75="","",IF(P75<=IFERROR(VALUE(J75),J75),"Green",IF(P75<=IFERROR(VALUE(K75),K75),"Yellow","Red"))) | R75: New vulnerabilities this month
A76: M072 | B76: Closure Rate (Closed/Month) | C76: Reporting | D76: 5 | E76: ISMS-IMP-A.8.8.5.xlsx | F76: Vulnerability_Inventory | G76: E:E | H76: =COUNTIF('[ISMS-IMP-A.8.8.5.xlsx]Vulnerability_Inventory'!E:E,">="&EOMONTH(TODAY(),-1)+1) | I76: Count | J76: ≥M071 | K76: 80-99% of M071 | L76: <80% of M071 | M76: Monthly | N76: VM Coordinator | O76: High | P76: =H76 | Q76: =IF(P76="","",IF(P76<=IFERROR(VALUE(J76),J76),"Green",IF(P76<=IFERROR(VALUE(K76),K76),"Yellow","Red"))) | R76: Closed vulnerabilities this month
A77: M073 | B77: Net Vulnerability Change (Month) | C77: Reporting | D77: 5 | E77: ISMS-IMP-A.8.8.5.xlsx | F77: Vulnerability_Inventory | G77: D:D,E:E | H77: =M071-M072 | I77: Count | J77: ≤0 | K77: 1-20 | L77: >20 | M77: Monthly | N77: VM Coordinator | O77: High | P77: =H77 | Q77: =IF(P77="","",IF(P77<=IFERROR(VALUE(J77),J77),"Green",IF(P77<=IFERROR(VALUE(K77),K77),"Yellow","Red"))) | R77: Discovery minus closure (should be negative)
A78: M074 | B78: Vulnerability Reduction Rate | C78: Reporting | D78: 5 | E78: ISMS-IMP-A.8.8.5.xlsx | F78: Vulnerability_Inventory | G78: E:E,D:D | H78: =(M072/M071)*100 | I78: Percentage | J78: ≥100% | K78: 90-100% | L78: <90% | M78: Monthly | N78: VM Coordinator | O78: High | P78: =H78 | Q78: =IF(P78="","",IF(P78>=IFERROR(VALUE(LEFT(J78,FIND("%",J78)-1))/100,J78),"Green",IF(P78>=IFERROR(VALUE(LEFT(K78,FIND("%",K78)-1))/100,K78),"Yellow","Red"))) | R78: Closure rate vs discovery rate
A79: M075 | B79: Vulnerability Velocity (30d Trend) | C79: Reporting | D79: 5 | E79: ISMS-IMP-A.8.8.5.xlsx | F79: Vulnerability_Inventory | G79: D:D,E:E | H79: Manual | I79: Count/Day | J79: ≤0 | K79: 0-5 | L79: >5 | M79: Monthly | N79: VM Coordinator | O79: Medium | P79: =H79 | Q79: =IF(P79="","",IF(P79<=IFERROR(VALUE(J79),J79),"Green",IF(P79<=IFERROR(VALUE(K79),K79),"Yellow","Red"))) | R79: Net change per day (manual calculation)
A80: M076 | B80: Scan Frequency Compliance | C80: Reporting | D80: 1 | E80: ISMS-IMP-A.8.8.1.xlsx | F80: Asset_Scanner_Mapping | G80: J:J | H80: =COUNTIF('[ISMS-IMP-A.8.8.1.xlsx]Asset_Scanner_Mapping'!J:J,"Compliant")/COUNTA('[ISMS-IMP-A.8.8.1.xlsx]Asset_Scanner_Mapping'!J:J) | I80: Percentage | J80: >95% | K80: 90-95% | L80: <90% | M80: Weekly | N80: Infrastructure Team | O80: High | P80: =H80 | Q80: =IF(P80="","",IF(P80>=IFERROR(VALUE(LEFT(J80,FIND("%",J80)-1))/100,J80),"Green",IF(P80>=IFERROR(VALUE(LEFT(K80,FIND("%",K80)-1))/100,K80),"Yellow","Red"))) | R80: Assets scanned per policy frequency
A81: M077 | B81: Risk Assessment Backlog | C81: Reporting | D81: 6 | E81: ISMS-IMP-A.8.8.6.xlsx | F81: Risk_Assessment_Matrix | G81: AQ:AQ | H81: =COUNTIF('[ISMS-IMP-A.8.8.6.xlsx]Risk_Assessment_Matrix'!AQ:AQ,"") | I81: Count | J81: <50 | K81: 50-100 | L81: >100 | M81: Daily | N81: Risk Analyst | O81: Medium | P81: =H81 | Q81: =IF(P81="","",IF(P81<=IFERROR(VALUE(J81),J81),"Green",IF(P81<=IFERROR(VALUE(K81),K81),"Yellow","Red"))) | R81: Vulnerabilities awaiting risk assessment
A82: M078 | B82: OT/ICS Vulnerability Count | C82: Reporting | D82: 5 | E82: ISMS-IMP-A.8.8.5.xlsx | F82: Vulnerability_Inventory | G82: H:H | H82: =COUNTIF('[ISMS-IMP-A.8.8.5.xlsx]Vulnerability_Inventory'!H:H,"OT/ICS") | I82: Count | J82: Track | K82: N/A | L82: N/A | M82: Weekly | N82: OT/ICS Team | O82: High | P82: =H82 | Q82: =IF(P82="","",IF(P82<=IFERROR(VALUE(J82),J82),"Green",IF(P82<=IFERROR(VALUE(K82),K82),"Yellow","Red"))) | R82: Operational Technology vulnerabilities
A83: M079 | B83: Cloud Vulnerability Count | C83: Reporting | D83: 5 | E83: ISMS-IMP-A.8.8.5.xlsx | F83: Vulnerability_Inventory | G83: I:I | H83: =COUNTIF('[ISMS-IMP-A.8.8.5.xlsx]Vulnerability_Inventory'!I:I,"Cloud") | I83: Count | J83: Track | K83: N/A | L83: N/A | M83: Weekly | N83: Cloud Team | O83: Medium | P83: =H83 | Q83: =IF(P83="","",IF(P83<=IFERROR(VALUE(J83),J83),"Green",IF(P83<=IFERROR(VALUE(K83),K83),"Yellow","Red"))) | R83: Cloud infrastructure vulnerabilities
A84: M080 | B84: Policy Compliance Status | C84: Reporting | D84: Manual | E84: Manual | F84: Manual | G84: Manual | H84: Manual | I84: Status | J84: Compliant | K84: Partial | L84: Non-Compliant | M84: Quarterly | N84: CISO | O84: Critical | P84: =H84 | Q84: =IF(P84="","",IF(P84<=IFERROR(VALUE(J84),J84),"Green",IF(P84<=IFERROR(VALUE(K84),K84),"Yellow","Red"))) | R84: ISMS-POL-A.8.8 compliance (manual assessment)

Sheet Lifecycle_Metrics
A1: VULNERABILITY LIFECYCLE FUNNEL
A6: 🔍 DISCOVERY | B6: =Metric_Definitions!P1 | C6: Target: <500
A8: 📡 SCANNING | B8: =Metric_Definitions!P8 | C8: Target: 100%
A10: ⚖️ ASSESSMENT | B10: =Metric_Definitions!P22 | C10: Target: <5
A12: 🎯 PRIORITIZATION | B12: =Metric_Definitions!P31 | C12: Target: >95%
A14: 🔧 REMEDIATION | B14: =Metric_Definitions!P37 | C14: Target: >95%
A16: ✅ VERIFICATION | B16: =Metric_Definitions!P53 | C16: Target: >95%
A18: 🎉 CLOSED | B18: =Metric_Definitions!P50 | C18: Target: >200

Sheet SLA_Performance
A1: SLA PERFORMANCE DASHBOARD
A3: SLA Category | B3: Current % | C3: Target % | D3: Status
A4: Overall SLA Compliance | B4: =Metric_Definitions!P31 | C4: >95% | D4: =IF(B4>=C4,"✅ Met","❌ Violated")
A5: P0 Emergency (1 Day) | B5: =Metric_Definitions!P33 | C5: 100% | D5: =IF(B5>=C5,"✅ Met","❌ Violated")
A6: P1 Critical (7 Days) | B6: =Metric_Definitions!P34 | C6: >95% | D6: =IF(B6>=C6,"✅ Met","❌ Violated")
A7: Remediation SLA | B7: =Metric_Definitions!P37 | C7: >95% | D7: =IF(B7>=C7,"✅ Met","❌ Violated")
A8: Verification SLA | B8: =Metric_Definitions!P59 | C8: >95% | D8: =IF(B8>=C8,"✅ Met","❌ Violated")

Sheet Success_Rates
A1: SUCCESS RATE DASHBOARD
A3: Success Metric | B3: Current % | C3: Target % | D3: Gap %
A4: Deployment Success | B4: =Metric_Definitions!P39 | C4: >98% | D4: =B4-VALUE(LEFT(C4,FIND("%",C4)-1))/100
A5: Verification Success | B5: =Metric_Definitions!P53 | C5: >95% | D5: =B5-VALUE(LEFT(C5,FIND("%",C5)-1))/100
A6: Scanner Uptime | B6: =Metric_Definitions!P6 | C6: >99% | D6: =B6-VALUE(LEFT(C6,FIND("%",C6)-1))/100
A7: Scan Completion | B7: =Metric_Definitions!P7 | C7: >95% | D7: =B7-VALUE(LEFT(C7,FIND("%",C7)-1))/100
A8: Network Coverage | B8: =Metric_Definitions!P8 | C8: 100% | D8: =B8-VALUE(LEFT(C8,FIND("%",C8)-1))/100

Sheet Risk_Metrics
A1: RISK METRICS DASHBOARD
A3: Risk Metric | B3: Current | C3: Target | D3: Status
A4: Critical Risk Count | B4: =Metric_Definitions!P22 | C4: <5 | D4: =IF(B4<5,"🟢","🔴")
A5: Total Risk Score | B5: =Metric_Definitions!P21 | C5: <500 | D5: =IF(B5<500,"🟢","🔴")
A6: Critical Residual Risk | B6: =Metric_Definitions!P62 | C6: 0 | D6: =IF(B6=0,"🟢","🔴")
A7: Active Exceptions | B7: =Metric_Definitions!P61 | C7: <30 | D7: =IF(B7<30,"🟢","🔴")
A8: Wormable Vulns (AU=Y) | B8: =Metric_Definitions!P16 | C8: 0 | D8: =IF(B8=0,"🟢","🔴")
A9: KEV Vulns | B9: =Metric_Definitions!P18 | C9: 0 | D9: =IF(B9=0,"🟢","🔴")
A10: Financial Exposure | B10: =Metric_Definitions!P24 | C10: <500000 | D10: =IF(B10<500000,"🟢","🔴")

Sheet Monthly_Trends
A1: MONTHLY TREND ANALYSIS (12 MONTHS)
A4: Metric | B4: M-11 | C4: M-10 | D4: M-9 | E4: M-8 | F4: M-7 | G4: M-6 | H4: M-5 | I4: M-4 | J4: M-3 | K4: M-2 | L4: M-1 | M4: M-0 | N4: Trend
A5: Total Active Vulns (M001) | B5: [Manual] | C5: [Manual] | D5: [Manual] | E5: [Manual] | F5: [Manual] | G5: [Manual] | H5: [Manual] | I5: [Manual] | J5: [Manual] | K5: [Manual] | L5: [Manual] | M5: [Manual]
A6: P0 Count (M026) | B6: [Manual] | C6: [Manual] | D6: [Manual] | E6: [Manual] | F6: [Manual] | G6: [Manual] | H6: [Manual] | I6: [Manual] | J6: [Manual] | K6: [Manual] | L6: [Manual] | M6: [Manual]
A7: SLA Compliance (M031) | B7: [Manual] | C7: [Manual] | D7: [Manual] | E7: [Manual] | F7: [Manual] | G7: [Manual] | H7: [Manual] | I7: [Manual] | J7: [Manual] | K7: [Manual] | L7: [Manual] | M7: [Manual]
A8: Critical Risk (M022) | B8: [Manual] | C8: [Manual] | D8: [Manual] | E8: [Manual] | F8: [Manual] | G8: [Manual] | H8: [Manual] | I8: [Manual] | J8: [Manual] | K8: [Manual] | L8: [Manual] | M8: [Manual]
A9: Deployment Success (M039) | B9: [Manual] | C9: [Manual] | D9: [Manual] | E9: [Manual] | F9: [Manual] | G9: [Manual] | H9: [Manual] | I9: [Manual] | J9: [Manual] | K9: [Manual] | L9: [Manual] | M9: [Manual]
A12: ⚠️ UPDATE MONTHLY: Copy current values from Metric_Definitions column P

Sheet Quarterly_Aggregations
A1: QUARTERLY PERFORMANCE AGGREGATIONS
A3: Metric | B3: Q1 2026 | C3: Q2 2026 | D3: Q3 2026 | E3: Q4 2026 | F3: YoY %
A4: Vulns Discovered (Sum) | B4: [Manual Quarterly Data] | C4: [Manual Quarterly Data] | D4: [Manual Quarterly Data] | E4: [Manual Quarterly Data]
A5: Vulns Closed (Sum) | B5: [Manual Quarterly Data] | C5: [Manual Quarterly Data] | D5: [Manual Quarterly Data] | E5: [Manual Quarterly Data]
A6: SLA Compliance (Avg) | B6: [Manual Quarterly Data] | C6: [Manual Quarterly Data] | D6: [Manual Quarterly Data] | E6: [Manual Quarterly Data]
A7: Deployment Success (Avg) | B7: [Manual Quarterly Data] | C7: [Manual Quarterly Data] | D7: [Manual Quarterly Data] | E7: [Manual Quarterly Data]
A8: Verification Success (Avg) | B8: [Manual Quarterly Data] | C8: [Manual Quarterly Data] | D8: [Manual Quarterly Data] | E8: [Manual Quarterly Data]

Sheet Executive_KPI_Dashboard
A1: VULNERABILITY MANAGEMENT EXECUTIVE DASHBOARD
A2: Period: 31.01.2026 | E2: Program Status: [Green/Yellow/Red]
A4: 🔴 CRITICAL METRICS (IMMEDIATE ATTENTION)
A6: P0 Emergencies | E6: SLA Compliance %
A7: =Metric_Definitions!P26 | E7: =Metric_Definitions!P31
A8: Target: <5 | E8: Target: >95%
A10: Critical Residual Risk | E10: Verification Success %
A11: =Metric_Definitions!P62 | E11: =Metric_Definitions!P53
A12: Target: 0 | E12: Target: >95%
A14: 📊 OPERATIONAL HEALTH (10 KEY METRICS)
A16: Metric | B16: Current | C16: Target | D16: Status
A17: Scanner Uptime % | B17: =Metric_Definitions!P6 | C17: >99% | D17: ✅
A18: Network Coverage % | B18: =Metric_Definitions!P8 | C18: 100% | D18: ✅
A19: Deployment Success % | B19: =Metric_Definitions!P39 | C19: >98% | D19: ✅
A20: Avg Remediation Time | B20: =Metric_Definitions!P38 | C20: <14d | D20: ✅
A21: Active Exceptions | B21: =Metric_Definitions!P61 | C21: <30 | D21: ✅
A22: Wormable Vulns | B22: =Metric_Definitions!P16 | C22: 0 | D22: ✅
A23: KEV Vulns | B23: =Metric_Definitions!P18 | C23: 0 | D23: ✅
A24: Overdue Vulns | B24: =Metric_Definitions!P32 | C24: 0 | D24: ✅
A25: Failed Verifications | B25: =Metric_Definitions!P55 | C25: 0 | D25: ✅
A26: Expired Exceptions | B26: =Metric_Definitions!P65 | C26: 0 | D26: ✅
A28: 💬 EXECUTIVE SUMMARY (MANUAL INPUT)
A29: [Program Status - Update monthly with key achievements, issues, initiatives]
A33: CISO Approval: _______________ | E33: Date: _______________

Sheet Benchmark_Targets
A1: INDUSTRY BENCHMARK COMPARISON
A3: Metric | B3: Industry Benchmark | C3: Our Current | D3: Gap % | E3: Status | F3: Source
A4: SLA Compliance | B4: 93% | C4: =Metric_Definitions!P31 | D4: =IF(ISNUMBER(C{idx}),C{idx}-VALUE(B{idx}),"N/A") | E4: =IF(D4="N/A","Track",IF(D4>=0,"🟢 Exceeding","🔴 Below")) | F4: SANS 2024
A5: Avg Remediation Time | B5: 18 days | C5: =Metric_Definitions!P38 | D5: =IF(ISNUMBER(C{idx}),C{idx}-VALUE(B{idx}),"N/A") | E5: =IF(D5="N/A","Track",IF(D5>=0,"🟢 Exceeding","🔴 Below")) | F5: SANS 2024
A6: Deployment Success | B6: 96% | C6: =Metric_Definitions!P39 | D6: =IF(ISNUMBER(C{idx}),C{idx}-VALUE(B{idx}),"N/A") | E6: =IF(D6="N/A","Track",IF(D6>=0,"🟢 Exceeding","🔴 Below")) | F6: SANS 2024
A7: Verification Success | B7: 92% | C7: =Metric_Definitions!P53 | D7: =IF(ISNUMBER(C{idx}),C{idx}-VALUE(B{idx}),"N/A") | E7: =IF(D7="N/A","Track",IF(D7>=0,"🟢 Exceeding","🔴 Below")) | F7: SANS 2024
A8: Scanner Uptime | B8: 99.5% | C8: =Metric_Definitions!P6 | D8: =IF(ISNUMBER(C{idx}),C{idx}-VALUE(B{idx}),"N/A") | E8: =IF(D8="N/A","Track",IF(D8>=0,"🟢 Exceeding","🔴 Below")) | F8: SANS 2024
A9: Network Coverage | B9: 98% | C9: =Metric_Definitions!P8 | D9: =IF(ISNUMBER(C{idx}),C{idx}-VALUE(B{idx}),"N/A") | E9: =IF(D9="N/A","Track",IF(D9>=0,"🟢 Exceeding","🔴 Below")) | F9: SANS 2024
A10: MTTR (Days) | B10: 21 | C10: =Metric_Definitions!P38 | D10: =IF(ISNUMBER(C{idx}),C{idx}-VALUE(B{idx}),"N/A") | E10: =IF(D10="N/A","Track",IF(D10>=0,"🟢 Exceeding","🔴 Below")) | F10: Ponemon 2024
