Workbook

Sheet Instructions & Legend
A1: ISMS-IMP-A.7.1.1 - Perimeter Security Assessment ISO/IEC 27001:2022 - Control A.7.1: Physical Security Perimeters
A3: Document Information
A4: Document ID | B4: ISMS-IMP-A.7.1.1
A5: Workbook Title | B5: Perimeter Security Assessment
A6: Control Reference | B6: ISO/IEC 27001:2022 - Control A.7.1: Physical Security Perimeters
A7: Version | B7: 1.0
A8: Assessment Date
A9: Completed By
A10: Organisation
A12: Instructions
A13: 1. Complete each worksheet tab for applicable security perimeters.
A14: 2. Document all facility perimeters (building exterior, internal zones).
A15: 3. Assess perimeter construction against policy requirements.
A16: 4. Identify gaps between actual and required security measures.
A17: 5. Use dropdown menus for standardised status entries.
A18: 6. Fill in yellow-highlighted cells with your facility information.
A19: 7. Summary Dashboard auto-calculates compliance metrics.
A20: 8. Obtain final approval in the Approval Sign-Off sheet.
A22: Status Legend
A23: Symbol | B23: Status | C23: Description
A24: ✓ | B24: Compliant / Complete | C24: Requirement fully met
A25: ⚠ | B25: Partial / In Progress | C25: Partially met or in progress
A26: ✗ | B26: Non-Compliant / Not Started | C26: Requirement not met
A27: — | B27: Not Applicable | C27: Not applicable to this assessment

Sheet Security Zones
A1: SECURITY ZONE DEFINITION Policy Requirement: All facilities must have defined and documented security zones
A2: ISO 27001:2022 | Control A.7.1 | Physical Security Perimeters
A3: Are all facility areas classified into appropriate security zones with documented perimeters?
A4: Response:
A6: Zone ID | B6: Zone Name | C6: Zone Type | D6: Location/Building | E6: Classification | F6: Access Requirements | G6: Perimeter Defined | H6: Status | I6: Notes
A7: ZN-001 | B7: Main Entrance Lobby | C7: Public Zone | D7: Building A, Ground Floor | E7: Tier 3 - Standard | F7: No authentication required | G7: Yes | H7: ✅ Compliant | I7: Sample — delete before use

Sheet Building Perimeter
A1: BUILDING PERIMETER ASSESSMENT Policy Requirement: Physically sound perimeters with no gaps for unauthorised entry
A2: ISO 27001:2022 | Control A.7.1 | Physical Security Perimeters
A3: Are all building perimeters (walls, roofs, floors) of solid construction with appropriate security controls?
A4: Response:
A6: Building/Facility | B6: Perimeter Element | C6: Construction Type | D6: Solid Construction | E6: Gap/Breach Points | F6: Security Controls | G6: Last Inspection | H6: Inspector | I6: Status | J6: Notes
A7: Building A | B7: External Wall | C7: Reinforced Concrete | D7: Yes | E7: None identified | F7: CCTV, security patrols | G7: 01.01.2026 | H7: Facilities Manager | I7: ✅ Compliant | J7: Sample — delete before use

Sheet Internal Perimeters
A1: INTERNAL PERIMETER ASSESSMENT Policy Requirement: Internal zone perimeters extend floor-to-ceiling with access controls
A2: ISO 27001:2022 | Control A.7.1 | Physical Security Perimeters
A3: Do internal perimeters between security zones extend from floor to ceiling with appropriate access controls?
A4: Response:
A6: From Zone | B6: To Zone | C6: Barrier Type | D6: Floor-to-Ceiling | E6: Above Ceiling Check | F6: Below Floor Check | G6: Access Control | H6: Status | I6: Notes
A7: Public Zone | B7: Controlled Zone | C7: Solid Wall | D7: Yes | E7: Yes | F7: Yes | G7: Badge reader | H7: ✅ Compliant | I7: Sample — delete before use

Sheet Perimeter Monitoring
A1: PERIMETER MONITORING ASSESSMENT Policy Requirement: CCTV and intrusion detection at all perimeter entry points
A2: ISO 27001:2022 | Control A.7.1 | Physical Security Perimeters
A3: Is CCTV coverage and intrusion detection provided at all perimeter entry points?
A4: Response:
A6: Entry Point ID | B6: Location | C6: Entry Type | D6: CCTV Coverage | E6: Intrusion Detection | F6: Alert Response | G6: Last Tested | H6: Status | I6: Notes
A7: EP-001 | B7: Main Entrance | C7: Main Entrance | D7: Yes | E7: Yes | F7: 24/7 Security Desk | G7: 01.01.2026 | H7: ✅ Compliant | I7: Sample — delete before use

Sheet Evidence Register
A1: EVIDENCE REGISTER
A2: List all evidence files/documents referenced in this assessment (audit traceability).
A4: Evidence ID | B4: Assessment Area | C4: Evidence Type | D4: Description | E4: Location/Path | F4: Date Collected | G4: Collected By | H4: Verification Status
A5: EV-001

Sheet Summary Dashboard
A1: PERIMETER SECURITY ASSESSMENT — SUMMARY DASHBOARD
A2: A.7.1 – Physical Security Perimeters: Zone, Barrier, Internal and Monitoring Compliance
A4: TABLE 1: ASSESSMENT AREA COMPLIANCE OVERVIEW
A5: Assessment Area | B5: Total Items | C5: Compliant | D5: Partial | E5: Non-Compliant | F5: N/A | G5: Compliance %
A6: Security Zones | B6: =COUNTA('Security Zones'!B8:B57) | C6: =COUNTIF('Security Zones'!H8:H57,"✅*") | D6: =COUNTIF('Security Zones'!H8:H57,"⚠*") | E6: =COUNTIF('Security Zones'!H8:H57,"❌*") | F6: =COUNTIF('Security Zones'!H8:H57,"N/A") | G6: =IF((B6-F6)=0,0,C6/(B6-F6))
A7: Building Perimeter | B7: =COUNTA('Building Perimeter'!A8:A57) | C7: =COUNTIF('Building Perimeter'!I8:I57,"✅*") | D7: =COUNTIF('Building Perimeter'!I8:I57,"⚠*") | E7: =COUNTIF('Building Perimeter'!I8:I57,"❌*") | F7: =COUNTIF('Building Perimeter'!I8:I57,"N/A") | G7: =IF((B7-F7)=0,0,C7/(B7-F7))
A8: Internal Perimeters | B8: =COUNTA('Internal Perimeters'!A8:A57) | C8: =COUNTIF('Internal Perimeters'!H8:H57,"✅*") | D8: =COUNTIF('Internal Perimeters'!H8:H57,"⚠*") | E8: =COUNTIF('Internal Perimeters'!H8:H57,"❌*") | F8: =COUNTIF('Internal Perimeters'!H8:H57,"N/A") | G8: =IF((B8-F8)=0,0,C8/(B8-F8))
A9: Perimeter Monitoring | B9: =COUNTA('Perimeter Monitoring'!A8:A57) | C9: =COUNTIF('Perimeter Monitoring'!H8:H57,"✅*") | D9: =COUNTIF('Perimeter Monitoring'!H8:H57,"⚠*") | E9: =COUNTIF('Perimeter Monitoring'!H8:H57,"❌*") | F9: =COUNTIF('Perimeter Monitoring'!H8:H57,"N/A") | G9: =IF((B9-F9)=0,0,C9/(B9-F9))
A10: TOTAL | B10: =SUM(B6:B9) | C10: =SUM(C6:C9) | D10: =SUM(D6:D9) | E10: =SUM(E6:E9) | F10: =SUM(F6:F9) | G10: =IF((B10-F10)=0,0,C10/(B10-F10))
A12: TABLE 2: KEY PERFORMANCE METRICS
A13: Metric | B13: Value
A14: Total Security Zones Assessed | B14: =COUNTA('Security Zones'!B8:B57)
A15: High-Security Zones | B15: =COUNTIF('Security Zones'!C8:C57,"High-Security Zone")
A16: Critical Classification Zones (Tier 1) | B16: =COUNTIF('Security Zones'!E8:E57,"Tier 1 - Critical")
A17: Zones with Perimeter Defined | B17: =COUNTIF('Security Zones'!G8:G57,"Yes")
A18: Building Elements — Solid Construction | B18: =COUNTIF('Building Perimeter'!D8:D57,"Yes")
A19: Total Building Perimeter Elements | B19: =COUNTA('Building Perimeter'!A8:A57)
A23: TABLE 3: KEY FINDINGS & RISK INDICATORS
A24: Category | B24: Finding | C24: Count | D24: Severity | E24: Action Required
A25: Security Zones | B25: Non-compliant security zones | C25: =COUNTIF('Security Zones'!H8:H57,"❌*") | D25: Critical | E25: Immediate
A26: Building Perimeter | B26: Non-compliant perimeter elements | C26: =COUNTIF('Building Perimeter'!I8:I57,"❌*") | D26: Critical | E26: Immediate
A27: Internal Perimeters | B27: Non-compliant internal perimeters | C27: =COUNTIF('Internal Perimeters'!H8:H57,"❌*") | D27: Critical | E27: Immediate
A28: Perimeter Monitoring | B28: Non-compliant monitoring points | C28: =COUNTIF('Perimeter Monitoring'!H8:H57,"❌*") | D28: High | E28: Urgent

Sheet Approval Sign-Off
A1: ASSESSMENT APPROVAL AND SIGN-OFF
A2: ISO/IEC 27001:2022 - Control A.7.1: Physical Security Perimeters
A3: ASSESSMENT SUMMARY
A4: Document: | B4: ISMS-IMP-A.7.1.1 - Perimeter Security Assessment
A5: Assessment Period:
A6: Overall Compliance Rating: | B6: =IFERROR(AVERAGE('Summary Dashboard'!G6:G9),"")
A7: Assessment Status:
A8: Assessed By:
A11: COMPLETED BY (ASSESSOR)
A12: Name:
A13: Title:
A14: Date:
A15: Signature:
A16: Comments:
A18: REVIEWED BY (INFORMATION SECURITY OFFICER)
A19: Name:
A20: Title:
A21: Date:
... A38: Special Considerations:
