Workbook

Sheet Instructions & Legend
A1: ISMS-IMP-A.7.12-13.S1 - Cabling Security Assessment ISO/IEC 27001:2022 - Control A.7.12: Cabling Security
A3: Document Information
A4: Document ID | B4: ISMS-IMP-A.7.12-13.S1
A5: Workbook Title | B5: Cabling Security Assessment
A6: Control Reference | B6: ISO/IEC 27001:2022 - Control A.7.12: Cabling Security
A7: Version | B7: 1.0
A8: Assessment Date
A9: Completed By
A10: Organisation
A12: Instructions
A13: 1. Complete Sheet 2 (Cable Pathways) — document all cable routes and protection status.
A14: 2. Complete Sheet 3 (Physical Protection) — assess physical and environmental protection.
A15: 3. Complete Sheet 4 (Access Controls) — document access controls for cabling infrastructure.
A16: 4. Complete Sheet 5 (Documentation) — audit cable documentation compliance.
A17: 5. Review Sheet 6 (Summary Dashboard) — automated compliance scoring.
A18: 6. Complete Sheet 7 (Evidence Register) — document supporting evidence.
A19: 7. Obtain approvals in Sheet 8 (Approval Sign-Off).
A21: Status Legend
A22: Symbol | B22: Status | C22: Description
A23: ✓ | B23: Compliant / Complete | C23: Requirement fully met
A24: ⚠ | B24: Partial / In Progress | C24: Partially met or in progress
A25: ✗ | B25: Non-Compliant / Not Started | C25: Requirement not met
A26: — | B26: Not Applicable | C26: Not applicable to this assessment

Sheet Cable Pathways
A1: CABLE PATHWAYS ASSESSMENT
A2: Policy Requirement: Cables carrying power, data, or supporting information services should be protected from interception, interference or damage.
A3: Pathway ID | B3: Facility/Building | C3: Pathway Type | D3: Start Location | E3: End Location | F3: Cable Types | G3: Protection Type | H3: Length (m) | I3: Segregation Compliant | J3: Documentation Current | K3: Last Inspection | L3: Compliance Status | M3: Notes
A4: PATH-001 | B4: [Facility A] | C4: Conduit | D4: [Server Room] | E4: [Network Closet] | F4: Copper/Fibre | G4: Enclosed - Metal | H4: 25 | I4: Yes | J4: Yes | K4: [DD.MM.YYYY] | L4: ✅ Compliant

Sheet Physical Protection
A1: PHYSICAL PROTECTION ASSESSMENT
A2: Policy Requirement: Cables should be protected from electromagnetic interference, physical damage, water, and heat sources.
A3: Area ID | B3: Facility/Building | C3: Area Name | D3: EMI Protection | E3: Physical Damage Protection | F3: Water Protection | G3: Heat Protection | H3: Cable Route Risk Level | I3: Fibre for High Security | J3: Compliance Status | K3: Notes
A4: AREA-001 | B4: [Facility A] | C4: Server Room | D4: Yes - Shielded | E4: Yes - Armoured | F4: Yes | G4: Yes | H4: Low | I4: Yes | J4: ✅ Compliant

Sheet Access Controls
A1: ACCESS CONTROLS ASSESSMENT
A2: Policy Requirement: Cabling infrastructure should be in secured areas with access controls and locked when unoccupied.
A3: Location ID | B3: Facility/Building | C3: Infrastructure Type | D3: Location Description | E3: Lock Type | F3: Access Restricted | G3: Access Logged | H3: Occupied Monitoring | I3: Last Access Review | J3: Compliance Status | K3: Notes
A4: LOC-001 | B4: [Facility A] | C4: Wiring Closet | D4: Main Comms Room | E4: Electronic Access Card | F4: Yes - IT Only | G4: Yes - Electronic | H4: Yes - CCTV | I4: [DD.MM.YYYY] | J4: ✅ Compliant

Sheet Documentation
A1: DOCUMENTATION COMPLIANCE ASSESSMENT
A2: Policy Requirement: Cable infrastructure should be documented with cable schedules, diagrams and labelling standards, maintained as current.
A3: Document Type | B3: Document Name | C3: Document Location | D3: Owner | E3: Last Updated | F3: Review Cycle | G3: Current | H3: Accessible | I3: Compliance Status | J3: Notes
A4: Cable Schedule | B4: [Cable Diagram v1.0] | C4: [SharePoint/Network Drive] | D4: [Facilities Manager] | E4: [DD.MM.YYYY] | F4: Annual | G4: Yes | H4: Yes - Restricted | I4: ✅ Compliant

Sheet Evidence Register
A1: EVIDENCE REGISTER
A2: Document all supporting evidence for audit traceability and compliance verification.
A4: Evidence ID | B4: Evidence Type | C4: Description | D4: Related Sheet / Item | E4: File Name | F4: File Location | G4: Collection Date | H4: Collected By
A5: EV-001

Sheet Summary Dashboard
A1: CABLING SECURITY — SUMMARY DASHBOARD
A2: ISO/IEC 27001:2022 — Control A.7.12: Cabling Security
A4: TABLE 1: ASSESSMENT AREA COMPLIANCE OVERVIEW
A5: Assessment Area | B5: Total Items | C5: Compliant | D5: Partial | E5: Non-Compliant | F5: N/A | G5: Compliance %
A6: Cable Pathways | B6: =COUNTA('Cable Pathways'!B5:B54) | C6: =COUNTIF('Cable Pathways'!L5:L54,"✅*") | D6: =COUNTIF('Cable Pathways'!L5:L54,"⚠*") | E6: =COUNTIF('Cable Pathways'!L5:L54,"❌*") | F6: =COUNTIF('Cable Pathways'!L5:L54,"N/A") | G6: =IF((B6-F6)=0,0,C6/(B6-F6))
A7: Physical Protection | B7: =COUNTA('Physical Protection'!B5:B54) | C7: =COUNTIF('Physical Protection'!J5:J54,"✅*") | D7: =COUNTIF('Physical Protection'!J5:J54,"⚠*") | E7: =COUNTIF('Physical Protection'!J5:J54,"❌*") | F7: =COUNTIF('Physical Protection'!J5:J54,"N/A") | G7: =IF((B7-F7)=0,0,C7/(B7-F7))
A8: Access Controls | B8: =COUNTA('Access Controls'!B5:B54) | C8: =COUNTIF('Access Controls'!J5:J54,"✅*") | D8: =COUNTIF('Access Controls'!J5:J54,"⚠*") | E8: =COUNTIF('Access Controls'!J5:J54,"❌*") | F8: =COUNTIF('Access Controls'!J5:J54,"N/A") | G8: =IF((B8-F8)=0,0,C8/(B8-F8))
A9: Documentation | B9: =COUNTA('Documentation'!A5:A54) | C9: =COUNTIF('Documentation'!I5:I54,"✅*") | D9: =COUNTIF('Documentation'!I5:I54,"⚠*") | E9: =COUNTIF('Documentation'!I5:I54,"❌*") | F9: =COUNTIF('Documentation'!I5:I54,"N/A") | G9: =IF((B9-F9)=0,0,C9/(B9-F9))
A10: TOTAL | B10: =SUM(B6:B9) | C10: =SUM(C6:C9) | D10: =SUM(D6:D9) | E10: =SUM(E6:E9) | F10: =SUM(F6:F9) | G10: =IF((B10-F10)=0,0,C10/(B10-F10))
A12: TABLE 2: KEY METRICS — CABLING SECURITY CONTROLS
A13: Metric | B13: Value
A14: Cable routes in conduit or trunking | B14: =COUNTIF('Cable Pathways'!C5:C54,"Conduit")+COUNTIF('Cable Pathways'!C5:C54,"Cable Tray")
A15: Routes with full physical protection (armoured or enclosed) | B15: =COUNTIF('Physical Protection'!E5:E54,"Yes - Armoured")+COUNTIF('Physical Protection'!E5:E54,"Yes - Enclosed")
A16: Cable runs with EMI shielding | B16: =COUNTIF('Physical Protection'!D5:D54,"Yes - Shielded")
A17: Access points with restricted access | B17: =COUNTIF('Access Controls'!F5:F54,"Yes*")
A18: Access points with access logging | B18: =COUNTIF('Access Controls'!G5:G54,"Yes*")
A19: Documentation items current (up to date) | B19: =COUNTIF('Documentation'!G5:G54,"Yes")
A20: High risk cable runs (no Critical tier in this workbook) | B20: =COUNTIF('Physical Protection'!H5:H54,"High")
A21: Exposed cable routes (no physical protection) | B21: =COUNTIF('Physical Protection'!E5:E54,"No")
A25: TABLE 3: CRITICAL FINDINGS REQUIRING IMMEDIATE ATTENTION
A26: Category | B26: Finding | C26: Count | D26: Severity | E26: Action Required
A27: Physical Protection | B27: Cable runs with no physical protection | C27: =COUNTIF('Physical Protection'!E5:E54,"No") | D27: Critical | E27: Immediate
A28: Physical Protection | B28: High/Critical risk cable runs non-compliant | C28: =COUNTIFS('Physical Protection'!H5:H54,"High",'Physical Protection'!J5:J54,"❌*") | D28: Critical | E28: Immediate
A29: Access Controls | B29: Access points without access logging | C29: =COUNTIF('Access Controls'!G5:G54,"No") | D29: High | E29: Urgent
A30: Access Controls | B30: Access points with no locking mechanism (No Lock) | C30: =COUNTIF('Access Controls'!E5:E54,"No Lock") | D30: Critical | E30: Immediate
A31: Documentation | B31: Documentation items not current (out of date) | C31: =COUNTIF('Documentation'!G5:G54,"No") | D31: High | E31: Urgent
A32: Cable Pathways | B32: Cable routes with no physical protection (Open Tray or None) | C32: =COUNTIF('Cable Pathways'!G5:G54,"None")+COUNTIF('Cable Pathways'!G5:G54,"Open Tray") | D32: Medium | E32: Plan

Sheet Approval Sign-Off
A1: ASSESSMENT APPROVAL AND SIGN-OFF
A2: ISO/IEC 27001:2022 - Control A.7.12: Cabling Security
A3: ASSESSMENT SUMMARY
A4: Document: | B4: ISMS-IMP-A.7.12-13.S1 - Cabling Security Assessment
A5: Assessment Period:
A6: Overall Compliance Rating: | B6: =IFERROR(AVERAGE('Summary Dashboard'!G6:G9),"")
A7: Assessment Status:
A8: Assessed By:
A10: COMPLETED BY
A11: Assessor Name
A12: Role / Title
A13: Department
A14: Date Completed
A15: Signature
A17: REVIEWED BY
A18: Reviewer Name
A19: Role / Title
A20: Department
... A42: Escalation Contact
