Workbook

Sheet Instructions & Legend
A1: ISMS-IMP-A.7.12-13.S2 - Equipment Maintenance Assessment ISO/IEC 27001:2022 - Control A.7.13: Equipment Maintenance
A3: Document Information
A4: Document ID | B4: ISMS-IMP-A.7.12-13.S2
A5: Workbook Title | B5: Equipment Maintenance Assessment
A6: Control Reference | B6: ISO/IEC 27001:2022 - Control A.7.13: Equipment Maintenance
A7: Version | B7: 1.0
A8: Assessment Date
A9: Completed By
A10: Organisation
A12: Instructions
A13: 1. Complete Sheet 2 (Equipment Inventory) — document all equipment in maintenance programme.
A14: 2. Complete Sheet 3 (Maintenance Programme) — assess programme compliance.
A15: 3. Complete Sheet 4 (Personnel & Vendors) — document authorised personnel and vendors.
A16: 4. Complete Sheet 5 (Security During Maintenance) — assess security controls.
A17: 5. Complete Sheet 6 (Remote Maintenance) — audit remote access controls.
A18: 6. Review Sheet 7 (Summary Dashboard) — automated compliance scoring.
A19: 7. Complete Sheet 8 (Evidence Register) — document supporting evidence.
A20: 8. Obtain approvals in Sheet 9 (Approval Sign-Off).
A22: Status Legend
A23: Symbol | B23: Status | C23: Description
A24: ✓ | B24: Compliant / Complete | C24: Requirement fully met
A25: ⚠ | B25: Partial / In Progress | C25: Partially met or in progress
A26: ✗ | B26: Non-Compliant / Not Started | C26: Requirement not met
A27: — | B27: Not Applicable | C27: Not applicable to this assessment

Sheet Equipment Inventory
A1: EQUIPMENT INVENTORY
A2: Policy Requirement: All equipment containing or supporting information processing should be included in the maintenance programme.
A3: Equipment ID | B3: Equipment Type | C3: Equipment Description | D3: Location | E3: Criticality | F3: Manufacturer | G3: Manufacturer Requirement | H3: Maintenance Frequency | I3: Frequency Compliant | J3: In Maintenance Programme | K3: Last Maintenance | L3: Next Scheduled | M3: Compliance Status | N3: Notes
A4: EQ-001 | B4: Server | C4: [Primary Application Server] | D4: [Data Centre] | E4: Tier 1 - Critical | F4: [Manufacturer Name] | G4: Annual recommendation | H4: Annually | I4: Yes | J4: Yes | K4: [DD.MM.YYYY] | L4: [DD.MM.YYYY] | M4: ✅ Compliant

Sheet Maintenance Programme
A1: MAINTENANCE PROGRAMME ASSESSMENT
A2: Policy Requirement: Establish and implement a maintenance programme following manufacturer recommendations as minimums; deviations require documented approval.
A3: Programme Elements Assessment
A5: Assessment Question | B5: Status | C5: Evidence Reference | D5: Notes
A6: All equipment types included in maintenance programme?
A7: Maintenance schedules follow manufacturer recommendations?
A8: Critical equipment prioritised for preventive maintenance?
A9: Maintenance records maintained for all activities?
A10: Maintenance record retention meets policy (3+ years)?
A11: Records accessible for audit?
A12: Preventive maintenance occurring on schedule?
A13: Overdue maintenance tracked and escalated?

Sheet Personnel & Vendors
A1: PERSONNEL AND VENDORS
A2: Policy Requirement: Only authorised personnel should perform maintenance; third-party maintenance should be contracted with approved providers.
A3: Personnel/Vendor ID | B3: Name | C3: Type | D3: Equipment Types Authorised | E3: Verification Required | F3: Supervision Required | G3: Contract/Agreement | H3: NDA in Place | I3: Background Check | J3: Last Verified | K3: Compliance Status | L3: Notes
A4: PV-001 | B4: [Vendor Name] | C4: Third-Party Vendor | D4: Servers/Network | E4: Yes - Badge/ID | F4: Yes - Always | G4: [Contract Ref] | H4: Yes | I4: Yes | J4: [DD.MM.YYYY] | K4: ✅ Compliant

Sheet Security During Maintenance
A1: SECURITY DURING MAINTENANCE
A2: Policy Requirement: Sensitive data should be protected during maintenance; access should be time-limited, logged, and verified after completion.
A3: Data Protection Assessment
A5: Assessment Question | B5: Status | C5: Evidence Reference | D5: Notes
A6: Data Protection
A7: Sensitive data protected during maintenance?
A8: Equipment containing data kept on-premises where possible?
A9: Data erased before off-site maintenance?
A10: Maintenance personnel data access restricted?
A12: Access Controls
A13: Maintenance access time-limited?
A14: Access logged (who, what, when, why)?
A15: Tools and equipment accounted for after maintenance?
A16: Physical inspection performed after maintenance?
A18: Equipment Removal
A19: Removal authorisation required?
... A22: Return logged in asset management?

Sheet Remote Maintenance
A1: REMOTE MAINTENANCE
A2: Policy Requirement: Remote maintenance should be authorised, documented, use secure connections, and be logged and monitored.
A3: Access ID | B3: Access Type | C3: Provider/System | D3: Equipment Types | E3: Authorised | F3: Secure Connection | G3: Session Logged | H3: Session Monitored | I3: Disabled When Not Required | J3: Last Access Review | K3: Compliance Status | L3: Notes
A4: RM-001 | B4: Vendor Remote Support | C4: [Provider Name] | D4: Servers | E4: Yes - Pre-approved | F4: Yes - VPN | G4: Yes - Automated | H4: Yes - Recorded | I4: Yes - Always | J4: [DD.MM.YYYY] | K4: ✅ Compliant

Sheet Evidence Register
A1: EVIDENCE REGISTER
A2: Document all supporting evidence for audit traceability and compliance verification.
A4: Evidence ID | B4: Evidence Type | C4: Description | D4: Related Sheet / Item | E4: File Name | F4: File Location | G4: Collection Date | H4: Collected By
A5: EV-001

Sheet Summary Dashboard
A1: EQUIPMENT MAINTENANCE — SUMMARY DASHBOARD
A2: ISO/IEC 27001:2022 — Control A.7.13: Equipment Maintenance
A4: TABLE 1: ASSESSMENT AREA COMPLIANCE OVERVIEW
A5: Assessment Area | B5: Total Items | C5: Compliant | D5: Partial | E5: Non-Compliant | F5: N/A | G5: Compliance %
A6: Equipment Inventory | B6: =COUNTA('Equipment Inventory'!B5:B54) | C6: =COUNTIF('Equipment Inventory'!M5:M54,"✅*") | D6: =COUNTIF('Equipment Inventory'!M5:M54,"⚠*") | E6: =COUNTIF('Equipment Inventory'!M5:M54,"❌*") | F6: =COUNTIF('Equipment Inventory'!M5:M54,"N/A") | G6: =IF((B6-F6)=0,0,C6/(B6-F6))
A7: Personnel & Vendors | B7: =COUNTA('Personnel & Vendors'!B5:B54) | C7: =COUNTIF('Personnel & Vendors'!K5:K54,"✅*") | D7: =COUNTIF('Personnel & Vendors'!K5:K54,"⚠*") | E7: =COUNTIF('Personnel & Vendors'!K5:K54,"❌*") | F7: =COUNTIF('Personnel & Vendors'!K5:K54,"N/A") | G7: =IF((B7-F7)=0,0,C7/(B7-F7))
A8: Remote Maintenance | B8: =COUNTA('Remote Maintenance'!B5:B54) | C8: =COUNTIF('Remote Maintenance'!K5:K54,"✅*") | D8: =COUNTIF('Remote Maintenance'!K5:K54,"⚠*") | E8: =COUNTIF('Remote Maintenance'!K5:K54,"❌*") | F8: =COUNTIF('Remote Maintenance'!K5:K54,"N/A") | G8: =IF((B8-F8)=0,0,C8/(B8-F8))
A9: TOTAL | B9: =SUM(B6:B8) | C9: =SUM(C6:C8) | D9: =SUM(D6:D8) | E9: =SUM(E6:E8) | F9: =SUM(F6:F8) | G9: =IF((B9-F9)=0,0,C9/(B9-F9))
A11: TABLE 2: KEY METRICS — EQUIPMENT MAINTENANCE CONTROLS
A12: Metric | B12: Value
A13: Tier 1 (Critical) equipment registered | B13: =COUNTIF('Equipment Inventory'!E5:E54,"Tier 1*")
A14: Tier 1 equipment in maintenance programme | B14: =COUNTIFS('Equipment Inventory'!E5:E54,"Tier 1*",'Equipment Inventory'!J5:J54,"Yes")
A15: Equipment not in maintenance programme | B15: =COUNTIF('Equipment Inventory'!J5:J54,"No")
A16: Vendor access without supervision (not always supervised) | B16: =COUNTIF('Personnel & Vendors'!F5:F54,"No")
A17: Vendor access sessions not logged | B17: =COUNTIF('Personnel & Vendors'!I5:I54,"No")
A18: Remote sessions without secure channel (VPN/encrypted) | B18: =COUNTIF('Remote Maintenance'!F5:F54,"No")
A19: Remote sessions not logged | B19: =COUNTIF('Remote Maintenance'!G5:G54,"No")
A20: Remote access not disabled when idle | B20: =COUNTIF('Remote Maintenance'!I5:I54,"No")
A24: TABLE 3: CRITICAL FINDINGS REQUIRING IMMEDIATE ATTENTION
A25: Category | B25: Finding | C25: Count | D25: Severity | E25: Action Required
A26: Equipment Inventory | B26: Tier 1 critical equipment non-compliant | C26: =COUNTIFS('Equipment Inventory'!E5:E54,"Tier 1*",'Equipment Inventory'!M5:M54,"❌*") | D26: Critical | E26: Immediate
A27: Equipment Inventory | B27: Equipment not in maintenance programme | C27: =COUNTIF('Equipment Inventory'!J5:J54,"No") | D27: Critical | E27: Immediate
A28: Personnel & Vendors | B28: Vendor access without supervision (not always supervised) | C28: =COUNTIF('Personnel & Vendors'!F5:F54,"No") | D28: High | E28: Urgent
A29: Personnel & Vendors | B29: Vendor access sessions not logged | C29: =COUNTIF('Personnel & Vendors'!I5:I54,"No") | D29: High | E29: Urgent
A30: Remote Maintenance | B30: Remote access without secure channel (VPN/encrypted) | C30: =COUNTIF('Remote Maintenance'!F5:F54,"No") | D30: Critical | E30: Immediate
A31: Remote Maintenance | B31: Remote access not disabled when idle | C31: =COUNTIF('Remote Maintenance'!I5:I54,"No") | D31: High | E31: Urgent

Sheet Approval Sign-Off
A1: ASSESSMENT APPROVAL AND SIGN-OFF
A2: ISO/IEC 27001:2022 - Control A.7.13: Equipment Maintenance
A3: ASSESSMENT SUMMARY
A4: Document: | B4: ISMS-IMP-A.7.12-13.S2 - Equipment Maintenance Assessment
A5: Assessment Period:
A6: Overall Compliance Rating: | B6: =IFERROR(AVERAGE('Summary Dashboard'!G6:G8),"")
A7: Assessment Status:
A8: Assessed By:
A10: COMPLETED BY
A11: Assessor Name
A12: Role / Title
A13: Department
A14: Date Completed
A15: Signature
A17: REVIEWED BY
A18: Reviewer Name
A19: Role / Title
A20: Department
... A42: Escalation Contact
