Workbook

Sheet Instructions & Legend
A1: ISMS-IMP-A.7.12-13.S3 - Maintenance Schedule Tracking ISO/IEC 27001:2022 - Control A.7.13: Equipment Maintenance
A3: Document Information
A4: Document ID | B4: ISMS-IMP-A.7.12-13.S3
A5: Workbook Title | B5: Maintenance Schedule Tracking
A6: Control Reference | B6: ISO/IEC 27001:2022 - Control A.7.13: Equipment Maintenance
A7: Version | B7: 1.0
A8: Assessment Date
A9: Completed By
A10: Organisation
A12: Instructions
A13: 1. Complete Sheet 2 (Equipment Schedule) — add all equipment with maintenance schedules.
A14: 2. Complete Sheet 3 (Overdue Tracking) — document and escalate overdue maintenance.
A15: 3. Review Sheet 4 (Upcoming Maintenance) — plan maintenance for next 30/60/90 days.
A16: 4. Review Sheet 5 (Summary Dashboard) — monitor compliance metrics and KPIs.
A17: 5. Update Sheet 6 (Maintenance Log) — record all completed maintenance activities.
A18: 6. Complete Sheet 7 (Evidence Register) — document supporting evidence.
A19: 7. Obtain approvals in Sheet 8 (Approval Sign-Off).
A21: Status Legend
A22: Symbol | B22: Status | C22: Description
A23: ✓ | B23: Compliant / Complete | C23: Requirement fully met
A24: ⚠ | B24: Partial / In Progress | C24: Partially met or in progress
A25: ✗ | B25: Non-Compliant / Not Started | C25: Requirement not met
A26: — | B26: Not Applicable | C26: Not applicable to this assessment

Sheet Equipment Schedule
A1: EQUIPMENT MAINTENANCE SCHEDULE
A2: Track preventive maintenance schedules for all equipment. Update monthly. Status auto-calculates from Last Completed and Frequency.
A3: Equipment ID | B3: Equipment Type | C3: Equipment Description | D3: Location | E3: Criticality | F3: Maintenance Type | G3: Frequency | H3: Responsible Party | I3: Last Completed | J3: Next Due | K3: Status | L3: Days Until/Overdue | M3: Record Ref | N3: Notes
A4: EQ-001 | B4: Server | C4: [Primary Application Server] | D4: [Data Centre] | E4: Tier 1 - Critical | F4: Firmware Update | G4: Annually | H4: Internal - IT | I4: [DD.MM.YYYY] | M4: [MAINT-001]
J5: =IF(I5="","",I5+CHOOSE(MATCH(G5,{"Monthly","Quarterly","Semi-annually","Annually"},0),30,90,180,365)) | K5: =IF(J5="","",IF(J5>TODAY()+30,"✅ Current",IF(J5>TODAY(),"⚠ Due Soon","❌ Overdue"))) | L5: =IF(J5="","",J5-TODAY())
J6: =IF(I6="","",I6+CHOOSE(MATCH(G6,{"Monthly","Quarterly","Semi-annually","Annually"},0),30,90,180,365)) | K6: =IF(J6="","",IF(J6>TODAY()+30,"✅ Current",IF(J6>TODAY(),"⚠ Due Soon","❌ Overdue"))) | L6: =IF(J6="","",J6-TODAY())
J7: =IF(I7="","",I7+CHOOSE(MATCH(G7,{"Monthly","Quarterly","Semi-annually","Annually"},0),30,90,180,365)) | K7: =IF(J7="","",IF(J7>TODAY()+30,"✅ Current",IF(J7>TODAY(),"⚠ Due Soon","❌ Overdue"))) | L7: =IF(J7="","",J7-TODAY())
J8: =IF(I8="","",I8+CHOOSE(MATCH(G8,{"Monthly","Quarterly","Semi-annually","Annually"},0),30,90,180,365)) | K8: =IF(J8="","",IF(J8>TODAY()+30,"✅ Current",IF(J8>TODAY(),"⚠ Due Soon","❌ Overdue"))) | L8: =IF(J8="","",J8-TODAY())
J9: =IF(I9="","",I9+CHOOSE(MATCH(G9,{"Monthly","Quarterly","Semi-annually","Annually"},0),30,90,180,365)) | K9: =IF(J9="","",IF(J9>TODAY()+30,"✅ Current",IF(J9>TODAY(),"⚠ Due Soon","❌ Overdue"))) | L9: =IF(J9="","",J9-TODAY())
J10: =IF(I10="","",I10+CHOOSE(MATCH(G10,{"Monthly","Quarterly","Semi-annually","Annually"},0),30,90,180,365)) | K10: =IF(J10="","",IF(J10>TODAY()+30,"✅ Current",IF(J10>TODAY(),"⚠ Due Soon","❌ Overdue"))) | L10: =IF(J10="","",J10-TODAY())
J11: =IF(I11="","",I11+CHOOSE(MATCH(G11,{"Monthly","Quarterly","Semi-annually","Annually"},0),30,90,180,365)) | K11: =IF(J11="","",IF(J11>TODAY()+30,"✅ Current",IF(J11>TODAY(),"⚠ Due Soon","❌ Overdue"))) | L11: =IF(J11="","",J11-TODAY())
J12: =IF(I12="","",I12+CHOOSE(MATCH(G12,{"Monthly","Quarterly","Semi-annually","Annually"},0),30,90,180,365)) | K12: =IF(J12="","",IF(J12>TODAY()+30,"✅ Current",IF(J12>TODAY(),"⚠ Due Soon","❌ Overdue"))) | L12: =IF(J12="","",J12-TODAY())
J13: =IF(I13="","",I13+CHOOSE(MATCH(G13,{"Monthly","Quarterly","Semi-annually","Annually"},0),30,90,180,365)) | K13: =IF(J13="","",IF(J13>TODAY()+30,"✅ Current",IF(J13>TODAY(),"⚠ Due Soon","❌ Overdue"))) | L13: =IF(J13="","",J13-TODAY())
J14: =IF(I14="","",I14+CHOOSE(MATCH(G14,{"Monthly","Quarterly","Semi-annually","Annually"},0),30,90,180,365)) | K14: =IF(J14="","",IF(J14>TODAY()+30,"✅ Current",IF(J14>TODAY(),"⚠ Due Soon","❌ Overdue"))) | L14: =IF(J14="","",J14-TODAY())
J15: =IF(I15="","",I15+CHOOSE(MATCH(G15,{"Monthly","Quarterly","Semi-annually","Annually"},0),30,90,180,365)) | K15: =IF(J15="","",IF(J15>TODAY()+30,"✅ Current",IF(J15>TODAY(),"⚠ Due Soon","❌ Overdue"))) | L15: =IF(J15="","",J15-TODAY())
J16: =IF(I16="","",I16+CHOOSE(MATCH(G16,{"Monthly","Quarterly","Semi-annually","Annually"},0),30,90,180,365)) | K16: =IF(J16="","",IF(J16>TODAY()+30,"✅ Current",IF(J16>TODAY(),"⚠ Due Soon","❌ Overdue"))) | L16: =IF(J16="","",J16-TODAY())
... J54: =IF(I54="","",I54+CHOOSE(MATCH(G54,{"Monthly","Quarterly","Semi-annually","Annually"},0),30,90,180,365)) | K54: =IF(J54="","",IF(J54>TODAY()+30,"✅ Current",IF(J54>TODAY(),"⚠ Due Soon","❌ Overdue"))) | L54: =IF(J54="","",J54-TODAY())

Sheet Overdue Tracking
A1: OVERDUE MAINTENANCE TRACKING
A2: Manage and escalate overdue maintenance items. Document compensating controls and estimated completion dates.
A3: Equipment ID | B3: Equipment Description | C3: Maintenance Type | D3: Original Due Date | E3: Days Overdue | F3: Reason for Delay | G3: Estimated Completion | H3: Escalated | I3: Escalated To | J3: Compensating Control | K3: Resolution Notes
A4: EQ-001 | B4: [Server Description] | C4: Firmware Update | D4: [DD.MM.YYYY] | E4: 0 | F4: Parts on Order | G4: [DD.MM.YYYY] | H4: No

Sheet Upcoming Maintenance
A1: UPCOMING MAINTENANCE
A2: Plan maintenance for the next 30/60/90 days. Book vendors and resources in advance.
A3: This sheet provides a view of upcoming maintenance. Data is linked from Equipment Schedule.
A5: Next 30 Days
A6: Equipment ID | B6: Equipment Description | C6: Maintenance Type | D6: Due Date | E6: Days Until Due | F6: Scheduled Date | G6: Assigned To | H6: Vendor Booked
A7: EQ-001 | B7: [Primary Application Server] | C7: Firmware Update | D7: [DD.MM.YYYY] | E7: 14 | F7: [DD.MM.YYYY] | G7: Internal - IT | H7: No
A39: 31-60 Days
A40: Equipment ID | B40: Equipment Description | C40: Maintenance Type | D40: Due Date | E40: Days Until Due | F40: Scheduled Date | G40: Assigned To | H40: Vendor Booked
A62: 61-90 Days
A63: Equipment ID | B63: Equipment Description | C63: Maintenance Type | D63: Due Date | E63: Days Until Due | F63: Scheduled Date | G63: Assigned To | H63: Vendor Booked

Sheet Maintenance Log
A1: MAINTENANCE LOG
A2: Historical record of all completed maintenance activities. Retain for minimum 3 years per policy.
A3: Equipment ID | B3: Maintenance Type | C3: Scheduled Date | D3: Actual Completion | E3: Performed By | F3: Record Reference | G3: Findings/Notes | H3: Follow-up Required | I3: Follow-up Notes
A4: EQ-001 | B4: Firmware Update | C4: [DD.MM.YYYY] | D4: [DD.MM.YYYY] | E4: Internal - IT | F4: [MAINT-001] | G4: [No issues found] | H4: No

Sheet Evidence Register
A1: EVIDENCE REGISTER
A2: Document all supporting evidence for audit traceability and compliance verification.
A4: Evidence ID | B4: Evidence Type | C4: Description | D4: Related Sheet / Item | E4: File Name | F4: File Location | G4: Collection Date | H4: Collected By
A5: EV-001

Sheet Summary Dashboard
A1: MAINTENANCE SCHEDULE — SUMMARY DASHBOARD
A2: ISO/IEC 27001:2022 — Control A.7.13: Equipment Maintenance
A4: TABLE 1: ASSESSMENT AREA COMPLIANCE OVERVIEW
A5: Assessment Area | B5: Total Items | C5: Compliant | D5: Partial | E5: Non-Compliant | F5: N/A | G5: Compliance %
A6: Equipment Schedule | B6: =COUNTA('Equipment Schedule'!B5:B54) | C6: =COUNTIF('Equipment Schedule'!K5:K54,"✅*") | D6: =COUNTIF('Equipment Schedule'!K5:K54,"⚠*") | E6: =COUNTIF('Equipment Schedule'!K5:K54,"❌*") | F6: 0 | G6: =IF((B6-F6)=0,0,C6/(B6-F6))
A7: TOTAL | B7: =SUM(B6:B6) | C7: =SUM(C6:C6) | D7: =SUM(D6:D6) | E7: =SUM(E6:E6) | F7: =SUM(F6:F6) | G7: =IF((B7-F7)=0,0,C7/(B7-F7))
A9: TABLE 2: KEY METRICS — MAINTENANCE SCHEDULE
A10: Metric | B10: Value
A11: Total equipment in maintenance programme | B11: =COUNTA('Equipment Schedule'!B5:B54)
A12: Equipment status: current (on schedule) | B12: =COUNTIF('Equipment Schedule'!K5:K54,"✅*")
A13: Equipment status: due soon (within 30 days) | B13: =COUNTIF('Equipment Schedule'!K5:K54,"⚠*")
A14: Equipment status: overdue | B14: =COUNTIF('Equipment Schedule'!K5:K54,"❌*")
A15: Tier 1 (Critical) equipment in schedule | B15: =COUNTIF('Equipment Schedule'!E5:E54,"Tier 1*")
A16: Tier 1 equipment currently maintained (current status) | B16: =COUNTIFS('Equipment Schedule'!E5:E54,"Tier 1*",'Equipment Schedule'!K5:K54,"✅*")
A17: Overdue items registered in Overdue Tracking | B17: =COUNTA('Overdue Tracking'!A5:A54)
A18: Overdue items escalated to management | B18: =COUNTIF('Overdue Tracking'!H5:H54,"Yes")
A22: TABLE 3: CRITICAL FINDINGS REQUIRING IMMEDIATE ATTENTION
A23: Category | B23: Finding | C23: Count | D23: Severity | E23: Action Required
A24: Equipment Schedule | B24: Equipment overdue for maintenance | C24: =COUNTIF('Equipment Schedule'!K5:K54,"❌*") | D24: Critical | E24: Immediate
A25: Equipment Schedule | B25: Tier 1 critical equipment overdue | C25: =COUNTIFS('Equipment Schedule'!E5:E54,"Tier 1*",'Equipment Schedule'!K5:K54,"❌*") | D25: Critical | E25: Immediate
A26: Equipment Schedule | B26: Tier 1 critical equipment due soon (risk horizon) | C26: =COUNTIFS('Equipment Schedule'!E5:E54,"Tier 1*",'Equipment Schedule'!K5:K54,"⚠*") | D26: High | E26: Urgent
A27: Overdue Tracking | B27: Overdue items not yet escalated to management | C27: =COUNTIF('Overdue Tracking'!H5:H54,"No") | D27: High | E27: Urgent

Sheet Approval Sign-Off
A1: ASSESSMENT APPROVAL AND SIGN-OFF
A2: ISO/IEC 27001:2022 - Control A.7.13: Equipment Maintenance
A3: ASSESSMENT SUMMARY
A4: Document: | B4: ISMS-IMP-A.7.12-13.S3 - Maintenance Schedule Tracking
A5: Assessment Period:
A6: Overall Compliance Rating: | B6: =IFERROR(AVERAGE('Summary Dashboard'!G6:G6),"")
A7: Assessment Status:
A8: Assessed By:
A10: COMPLETED BY
A11: Assessor Name
A12: Role / Title
A13: Department
A14: Date Completed
A15: Signature
A17: REVIEWED BY
A18: Reviewer Name
A19: Role / Title
A20: Department
... A42: Escalation Contact
