Workbook

Sheet Instructions & Legend
A1: ISMS-IMP-A.6.4-5.S1 - Disciplinary Process Assessment ISO/IEC 27001:2022 - Control A.6.4-5: Disciplinary Process and Employment Exit
A3: Document Information
A4: Document ID | B4: ISMS-IMP-A.6.4-5.S1
A5: Workbook Title | B5: Disciplinary Process Assessment
A6: Control Reference | B6: ISO/IEC 27001:2022 - Control A.6.4-5: Disciplinary Process and Employment Exit
A7: Version | B7: 1.0
A8: Assessment Date
A9: Completed By
A10: Organisation
A12: Instructions
A13: 1. Complete Violation Categories — define all information security violation types and severities.
A14: 2. Complete Response Matrix — map each violation type to the appropriate disciplinary response.
A15: 3. Complete Investigation Process — document the investigation workflow, evidence collection, and escalation path.
A16: 4. Complete Case Tracker — record all disciplinary cases with status, outcome, and lessons learned.
A17: 5. Maintain the Evidence Register with process documentation, case records, and HR approvals.
A18: 6. Obtain final approval and sign-off in the Approval Sign-Off sheet.
A20: Status Legend
A21: Symbol | B21: Status | C21: Description
A22: ✓ | B22: Compliant / Complete | C22: Requirement fully met
A23: ⚠ | B23: Partial / In Progress | C23: Partially met or in progress
A24: ✗ | B24: Non-Compliant / Not Started | C24: Requirement not met
A25: — | B25: Not Applicable | C25: Not applicable to this assessment

Sheet Violation Categories
A1: VIOLATION CATEGORIES
A2: Classification of information security violations by severity level
A3: Category ID | B3: Category Name | C3: Severity Level | D3: Description | E3: Examples | F3: Investigation Required | G3: Security Team Involvement | H3: Related Policy
A4: VIOL-001 | B4: Unauthorised Data Sharing | C4: Moderate | D4: Sharing confidential data with unauthorised parties | E4: Forwarding confidential emails, sharing credentials | F4: Yes | G4: Yes | H4: ISMS-POL-A.5.10
A5: VIOL-002 | B5: Policy Non-Compliance | C5: Minor | D5: Failure to follow documented security policies | E5: Not locking screen, weak passwords | F5: No | G5: Conditional | H5: ISMS-POL-A.5.1
A6: VIOL-003 | B6: Deliberate Security Bypass | C6: Serious | D6: Intentionally circumventing security controls | E6: Disabling antivirus, using unauthorised software | F6: Yes | G6: Yes | H6: ISMS-POL-A.8.1
A7: VIOL-004 | B7: Data Theft | C7: Gross Misconduct | D7: Stealing or exfiltrating organisational data | E7: Copying data to personal devices, selling information | F7: Yes | G7: Yes | H7: ISMS-POL-A.5.12
A8: VIOL-005 | B8: Access Abuse | C8: Serious | D8: Using access rights beyond authorised scope | E8: Accessing HR records, viewing unrelated customer data | F8: Yes | G8: Yes | H8: ISMS-POL-A.5.15
A9: VIOL-006 | B9: Acceptable Use Violation | C9: Minor | D9: Violation of acceptable use policy | E9: Personal use of systems, prohibited websites | F9: No | G9: No | H9: ISMS-POL-A.5.10
A10: VIOL-007 | B10: Negligent Data Handling | C10: Moderate | D10: Careless handling of sensitive information | E10: Leaving documents unsecured, unencrypted transfers | F10: Yes | G10: Conditional | H10: ISMS-POL-A.5.14
A11: VIOL-008 | B11: System Sabotage | C11: Gross Misconduct | D11: Intentional damage to systems or data | E11: Deleting files, introducing malware | F11: Yes | G11: Yes | H11: ISMS-POL-A.8.1
A12: VIOL-009 | B12: Custom Violation Category | C12: Minor | D12: Description of custom violation type | E12: Examples of this violation type | F12: Yes | G12: No | H12: ISMS-POL-X.X

Sheet Response Matrix
A1: DISCIPLINARY RESPONSE MATRIX
A2: Mapping of violation severity to disciplinary actions and consequences
A3: Severity Level | B3: First Occurrence | C3: Second Occurrence | D3: Third Occurrence | E3: Immediate Actions | F3: Mitigating Factors | G3: Aggravating Factors
A4: Minor | B4: Verbal warning with documented counselling | C4: Written warning with mandatory retraining | D4: Final written warning | E4: Document incident, remind of policy | F4: First offence, prompt self-reporting, inadequate training | G4: Repeated despite training, disregard for warnings
A5: Moderate | B5: Written warning with mandatory retraining | C5: Final written warning with performance plan | D5: Termination consideration | E5: Preserve evidence, restrict access if needed | F5: No prior violations, extenuating circumstances | G5: Position of trust, impact on others
A6: Serious | B6: Final written warning, possible suspension | C6: Termination | D6: N/A (typically terminated) | E6: Immediate access suspension, evidence preservation | F6: Cooperation with investigation, remediation efforts | G6: Attempted concealment, abuse of privileged access
A7: Gross Misconduct | B7: Immediate dismissal, potential legal action | C7: N/A | D7: N/A | E7: Immediate removal from premises, all access disabled | F7: N/A - Gross misconduct warrants immediate action | G7: Criminal intent, harm to third parties, financial loss

Sheet Investigation Process
A1: INVESTIGATION PROCESS
A2: Structured investigation phases, activities, timelines and documentation requirements
A3: Phase | B3: Activities | C3: Timeline | D3: Responsible Party | E3: Outputs | F3: Documentation Required
A4: Discovery | B4: Receive and log incident report; conduct preliminary assessment; determine if investigation warranted | C4: 1-2 business days | D4: HR Manager, Security Team | E4: Incident log entry, preliminary assessment | F4: Incident report form, initial assessment memo
A5: Planning | B5: Define investigation scope; identify evidence sources; plan interviews; notify Legal if serious | C5: 1 business day | D5: Investigation Lead | E5: Investigation plan | F5: Scope document, interview schedule
A6: Evidence Collection | B6: Collect digital evidence; conduct interviews; review documentation; preserve chain of custody | C6: 2-5 business days | D6: Security Team, HR | E6: Evidence package | F6: Interview notes, evidence log, forensic reports
A7: Analysis | B7: Analyse evidence; determine facts and timeline; assess violation severity; identify factors | C7: 2-3 business days | D7: Investigation Lead | E7: Draft findings | F7: Analysis workpapers, timeline reconstruction
A8: Decision | B8: Review findings with decision-makers; determine appropriate action; document rationale | C8: 1-2 business days | D8: HR Director, CISO, Legal | E8: Decision record | F8: Decision memo, rationale documentation
A9: Action | B9: Communicate decision to individual; implement disciplinary action; update records | C9: 1 business day | D9: HR Manager, Line Manager | E9: Action implementation | F9: Employee communication, action record
A10: Follow-up | B10: Monitor compliance; process appeals; update case status; conduct trend analysis | C10: Ongoing | D10: HR, Security | E10: Case closure, trend report | F10: Follow-up notes, closure documentation

Sheet Case Tracker
A1: DISCIPLINARY CASE TRACKER
A2: Active disciplinary cases — status tracking and outcome recording
A3: Case ID | B3: Date Reported | C3: Violation Category | D3: Status | E3: Investigation Lead | F3: Date Closed | G3: Outcome | H3: Notes
A4: DISC-XXXX

Sheet Evidence Register
A1: EVIDENCE REGISTER
A2: Audit evidence supporting the disciplinary process assessment findings
A4: Evidence ID | B4: Evidence Description | C4: Evidence Type | D4: Storage Location | E4: Collection Date | F4: Collected By | G4: Status | H4: Notes
A5: EV-001

Sheet Summary Dashboard
A1: Disciplinary Process Assessment — SUMMARY DASHBOARD
A2: ISMS-IMP-A.6.4-5.S1 | ISO/IEC 27001:2022 - Control A.6.4-5: Disciplinary Process and Employment Exit
A4: TABLE 1: ASSESSMENT AREA COMPLIANCE OVERVIEW
A5: Assessment Area | B5: Total Items | C5: Compliant | D5: Partial | E5: Non-Compliant | F5: N/A | G5: Compliance %
A6: Disciplinary Case Tracking | B6: =COUNTA('Case Tracker'!A5:A54) | C6: =COUNTIF('Case Tracker'!D5:D54,"Action Taken")+COUNTIF('Case Tracker'!D5:D54,"Closed")+COUNTIF('Case Tracker'!D5:D54,"Appeal Resolved") | D6: =COUNTIF('Case Tracker'!D5:D54,"Pending Decision")+COUNTIF('Case Tracker'!D5:D54,"Appealed") | E6: =COUNTIF('Case Tracker'!D5:D54,"Reported")+COUNTIF('Case Tracker'!D5:D54,"Under Investigation") | F6: 0 | G6: =IF((B6-F6)=0,0,C6/(B6-F6))
A7: TOTAL | B7: =SUM(B6:B6) | C7: =SUM(C6:C6) | D7: =SUM(D6:D6) | E7: =SUM(E6:E6) | F7: =SUM(F6:F6) | G7: =IF((B7-F7)=0,0,C7/(B7-F7))
A9: TABLE 2: KEY METRICS
A10: Metric | B10: Value
A11: Total Cases Reported | B11: =COUNTA('Case Tracker'!A5:A54)
A12: Cases Currently Open (Reported + Under Investigation) | B12: =COUNTIF('Case Tracker'!D5:D54,"Reported")+COUNTIF('Case Tracker'!D5:D54,"Under Investigation")
A13: Cases Pending Decision or Appeal | B13: =COUNTIF('Case Tracker'!D5:D54,"Pending Decision")+COUNTIF('Case Tracker'!D5:D54,"Appealed")
A14: Cases Closed or Appeal Resolved | B14: =COUNTIF('Case Tracker'!D5:D54,"Closed")+COUNTIF('Case Tracker'!D5:D54,"Appeal Resolved")
A15: Cases Under Active Investigation | B15: =COUNTIF('Case Tracker'!D5:D54,"Under Investigation")
A16: Cases Escalated to Appeal | B16: =COUNTIF('Case Tracker'!D5:D54,"Appealed")+COUNTIF('Case Tracker'!D5:D54,"Appeal Resolved")
A17: Gross Misconduct Categories Defined | B17: =COUNTIF('Violation Categories'!C4:C62,"Gross Misconduct")
A18: Serious Violation Categories Defined | B18: =COUNTIF('Violation Categories'!C4:C62,"Serious")
A19: Minor or Moderate Violation Categories | B19: =COUNTIF('Violation Categories'!C4:C62,"Minor")+COUNTIF('Violation Categories'!C4:C62,"Moderate")
A20: Violation Categories Requiring Investigation | B20: =COUNTIF('Violation Categories'!F4:F62,"Yes")
A24: TABLE 3: CRITICAL FINDINGS REQUIRING IMMEDIATE ATTENTION
A25: Category | B25: Finding | C25: Count | D25: Severity | E25: Action Required
A26: Case Management | B26: Reported cases not yet under investigation | C26: =COUNTIF('Case Tracker'!D5:D54,"Reported") | D26: Critical | E26: Immediate
A27: Case Management | B27: Cases currently under investigation (active) | C27: =COUNTIF('Case Tracker'!D5:D54,"Under Investigation") | D27: High | E27: Urgent
A28: Case Management | B28: Cases with pending decision | C28: =COUNTIF('Case Tracker'!D5:D54,"Pending Decision") | D28: High | E28: Urgent
A29: Case Management | B29: Cases currently under appeal | C29: =COUNTIF('Case Tracker'!D5:D54,"Appealed") | D29: Medium | E29: Plan
A30: Violation Classification | B30: Gross misconduct categories defined | C30: =COUNTIF('Violation Categories'!C4:C62,"Gross Misconduct") | D30: Critical | E30: Review
A31: Violation Classification | B31: Serious violation categories defined | C31: =COUNTIF('Violation Categories'!C4:C62,"Serious") | D31: High | E31: Review

Sheet Approval Sign-Off
A1: ASSESSMENT APPROVAL AND SIGN-OFF
A2: ISO/IEC 27001:2022 - Control A.6.4-5: Disciplinary Process and Employment Exit
A3: ASSESSMENT SUMMARY
A4: Document: | B4: ISMS-IMP-A.6.4-5.S1 - Disciplinary Process Assessment
A5: Assessment Period:
A6: Overall Compliance Rating: | B6: =IFERROR(AVERAGE('Summary Dashboard'!G6:G6),"")
A7: Assessment Status:
A8: Assessed By:
A11: COMPLETED BY (ASSESSOR)
A12: Name:
A13: Title:
A14: Date:
A15: Signature:
A16: Comments:
A18: REVIEWED BY (INFORMATION SECURITY OFFICER)
A19: Name:
A20: Title:
A21: Date:
... A38: Special Considerations:
