Workbook

Sheet Instructions & Legend
A1: ISMS-IMP-A.6.4-5.S3 - Post Employment Obligations ISO/IEC 27001:2022 - Control A.6.4-5: Disciplinary Process and Employment Exit
A3: Document Information
A4: Document ID | B4: ISMS-IMP-A.6.4-5.S3
A5: Workbook Title | B5: Post Employment Obligations
A6: Control Reference | B6: ISO/IEC 27001:2022 - Control A.6.4-5: Disciplinary Process and Employment Exit
A7: Version | B7: 1.0
A8: Assessment Date
A9: Completed By
A10: Organisation
A12: Instructions
A13: 1. Complete Obligation Types — list all post-employment obligations (NDA, non-compete, non-disclosure).
A14: 2. Complete Former Personnel Register — list former personnel subject to ongoing obligations.
A15: 3. Complete Active Obligations — track all active post-employment obligations per individual.
A16: 4. Complete Expiration Tracker — monitor obligation end dates and renewal requirements.
A17: 5. Complete Acknowledgement Log — record signed obligation acknowledgements.
A18: 6. Complete Enforcement Register — document any obligation breach investigations and outcomes.
A19: 7. Maintain the Evidence Register with obligation agreements and monitoring records.
A20: 8. Obtain final approval and sign-off in the Approval Sign-Off sheet.
A22: Status Legend
A23: Symbol | B23: Status | C23: Description
A24: ✓ | B24: Compliant / Complete | C24: Requirement fully met
A25: ⚠ | B25: Partial / In Progress | C25: Partially met or in progress
A26: ✗ | B26: Non-Compliant / Not Started | C26: Requirement not met
A27: — | B27: Not Applicable | C27: Not applicable to this assessment

Sheet Obligation Types
A1: OBLIGATION TYPES
A2: Post-employment obligation categories with standard durations and enforceability notes
A3: Obligation ID | B3: Obligation Type | C3: Description | D3: Standard Duration | E3: Source Document | F3: Applicable To | G3: Enforceability Notes
A4: OBL-001 | B4: Confidentiality | C4: Protection of all non-public information accessed during employment | D4: 3 years | E4: Employment Contract, NDA | F4: All Employees | G4: Fully enforceable under Swiss law
A5: OBL-002 | B5: Trade Secrets | C5: Protection of trade secrets and proprietary information | D5: Indefinite | E5: Employment Contract, NDA | F5: All Employees | G5: Protected under Swiss Unfair Competition Act
A6: OBL-003 | B6: IP Assignment | C6: Work product and inventions remain organisation property | D6: Perpetual | E6: IP Assignment Agreement | F6: All Employees | G6: Strong legal protection available
A7: OBL-004 | B7: Non-Compete | C7: Restriction on working for direct competitors | D7: 12 months | E7: Employment Contract | F7: Executives, Key Technical | G7: Limited enforceability in CH; requires compensation
A8: OBL-005 | B8: Non-Solicitation (Employee) | C8: Restriction on soliciting current employees | D8: 24 months | E8: Employment Contract, NDA | F8: Managers, Executives | G8: Generally enforceable
A9: OBL-006 | B9: Non-Solicitation (Customer) | C9: Restriction on soliciting current customers | D9: 24 months | E9: Employment Contract, NDA | F9: Sales, Account Managers | G9: Generally enforceable
A10: OBL-007 | B10: Data Return | C10: Return or certified destruction of all company data | D10: Immediate at exit | E10: NDA, Acceptable Use Policy | F10: All Employees | G10: Enforceable; obtain written certification

Sheet Former Personnel
A1: FORMER PERSONNEL REGISTRY
A2: Registry of former personnel with active post-employment obligations
A3: Person ID | B3: Name | C3: Exit Date | D3: Exit Type | E3: Position Held | F3: Access Level | G3: NDA Reference | H3: Obligations End Date | I3: Status
A4: FP-XXXX

Sheet Active Obligations
A1: ACTIVE OBLIGATIONS
A2: Tracking of individual post-employment obligations by person, type, status and expiry date
A3: Obligation Ref | B3: Person ID | C3: Obligation Type | D3: Start Date | E3: End Date | F3: Specific Terms | G3: Monitoring Required | H3: Status
A4: ACT-XXXX

Sheet Expiration Tracker
A1: EXPIRATION TRACKER
A2: Monitoring of obligations approaching expiration with days remaining and required actions
A3: Obligation Ref | B3: Person Name | C3: Obligation Type | D3: Expiration Date | E3: Days Until Expiry | F3: Status | G3: Action Required | H3: Action Taken
E4: =IF(D4="Indefinite","N/A",IF(D4<>"",D4-TODAY(),""))
E5: =IF(D5="Indefinite","N/A",IF(D5<>"",D5-TODAY(),""))
E6: =IF(D6="Indefinite","N/A",IF(D6<>"",D6-TODAY(),""))
E7: =IF(D7="Indefinite","N/A",IF(D7<>"",D7-TODAY(),""))
E8: =IF(D8="Indefinite","N/A",IF(D8<>"",D8-TODAY(),""))
E9: =IF(D9="Indefinite","N/A",IF(D9<>"",D9-TODAY(),""))
E10: =IF(D10="Indefinite","N/A",IF(D10<>"",D10-TODAY(),""))
E11: =IF(D11="Indefinite","N/A",IF(D11<>"",D11-TODAY(),""))
E12: =IF(D12="Indefinite","N/A",IF(D12<>"",D12-TODAY(),""))
E13: =IF(D13="Indefinite","N/A",IF(D13<>"",D13-TODAY(),""))
E14: =IF(D14="Indefinite","N/A",IF(D14<>"",D14-TODAY(),""))
E15: =IF(D15="Indefinite","N/A",IF(D15<>"",D15-TODAY(),""))
... E54: =IF(D54="Indefinite","N/A",IF(D54<>"",D54-TODAY(),""))

Sheet Acknowledgement Log
A1: EXIT ACKNOWLEDGEMENT LOG
A2: Log of post-employment obligation acknowledgements obtained at exit interviews
A3: Ack ID | B3: Person ID | C3: Exit Date | D3: Acknowledgement Type | E3: Acknowledgement Date | F3: Obligations Summarised | G3: Signed Document | H3: Document Location
A4: ACK-XXXX

Sheet Enforcement Register
A1: ENFORCEMENT REGISTER
A2: Record of post-employment obligation violations and enforcement actions taken
A3: Enforcement ID | B3: Person ID | C3: Obligation Violated | D3: Violation Date | E3: Violation Description | F3: Detection Method | G3: Enforcement Action | H3: Status | I3: Outcome
A4: ENF-XXXX

Sheet Evidence Register
A1: EVIDENCE REGISTER
A2: Audit evidence supporting the post-employment obligations assessment findings
A4: Evidence ID | B4: Evidence Description | C4: Evidence Type | D4: Storage Location | E4: Collection Date | F4: Collected By | G4: Status | H4: Notes
A5: EV-001

Sheet Summary Dashboard
A1: Post Employment Obligations — SUMMARY DASHBOARD
A2: ISMS-IMP-A.6.4-5.S3 | ISO/IEC 27001:2022 - Control A.6.4-5: Disciplinary Process and Employment Exit
A4: TABLE 1: ASSESSMENT AREA COMPLIANCE OVERVIEW
A5: Assessment Area | B5: Total Items | C5: Compliant | D5: Partial | E5: Non-Compliant | F5: N/A | G5: Compliance %
A6: Former Personnel Obligations | B6: =COUNTA('Former Personnel'!A5:A54) | C6: =COUNTIF('Former Personnel'!I5:I54,"All Expired") | D6: =COUNTIF('Former Personnel'!I5:I54,"Active Obligations") | E6: =COUNTIF('Former Personnel'!I5:I54,"Under Enforcement") | F6: 0 | G6: =IF((B6-F6)=0,0,C6/(B6-F6))
A7: Active Obligations Management | B7: =COUNTA('Active Obligations'!A5:A54) | C7: =COUNTIF('Active Obligations'!H5:H54,"Active")+COUNTIF('Active Obligations'!H5:H54,"Waived") | D7: =COUNTIF('Active Obligations'!H5:H54,"Expired") | E7: =COUNTIF('Active Obligations'!H5:H54,"Under Enforcement") | F7: 0 | G7: =IF((B7-F7)=0,0,C7/(B7-F7))
A8: Exit Acknowledgements | B8: =COUNTA('Acknowledgement Log'!A5:A54) | C8: =COUNTIF('Acknowledgement Log'!G5:G54,"Yes") | D8: =COUNTIF('Acknowledgement Log'!D5:D54,"Email Confirmation") | E8: =COUNTIF('Acknowledgement Log'!G5:G54,"No") | F8: =COUNTIF('Acknowledgement Log'!D5:D54,"Refused") | G8: =IF((B8-F8)=0,0,C8/(B8-F8))
A9: Enforcement Cases | B9: =COUNTA('Enforcement Register'!A5:A54) | C9: =COUNTIF('Enforcement Register'!H5:H54,"Resolved")+COUNTIF('Enforcement Register'!H5:H54,"No Action Required") | D9: =COUNTIF('Enforcement Register'!H5:H54,"Cease and Desist Sent") | E9: =COUNTIF('Enforcement Register'!H5:H54,"Under Investigation")+COUNTIF('Enforcement Register'!H5:H54,"Legal Action Initiated") | F9: 0 | G9: =IF((B9-F9)=0,0,C9/(B9-F9))
A10: TOTAL | B10: =SUM(B6:B9) | C10: =SUM(C6:C9) | D10: =SUM(D6:D9) | E10: =SUM(E6:E9) | F10: =SUM(F6:F9) | G10: =IF((B10-F10)=0,0,C10/(B10-F10))
A12: TABLE 2: KEY METRICS
A13: Metric | B13: Value
A14: Total Former Personnel Tracked | B14: =COUNTA('Former Personnel'!A5:A54)
A15: Former Personnel: Active Obligations | B15: =COUNTIF('Former Personnel'!I5:I54,"Active Obligations")
A16: Former Personnel: All Obligations Expired | B16: =COUNTIF('Former Personnel'!I5:I54,"All Expired")
A17: Former Personnel: Under Enforcement | B17: =COUNTIF('Former Personnel'!I5:I54,"Under Enforcement")
A18: Former Privileged or Executive Staff | B18: =COUNTIF('Former Personnel'!F5:F54,"Privileged")+COUNTIF('Former Personnel'!F5:F54,"Executive")
A19: Total Active Obligations Logged | B19: =COUNTA('Active Obligations'!A5:A54)
A20: Active Obligations: Currently Active | B20: =COUNTIF('Active Obligations'!H5:H54,"Active")
A21: Active Obligations: Expired | B21: =COUNTIF('Active Obligations'!H5:H54,"Expired")
A22: Active Obligations: Under Enforcement | B22: =COUNTIF('Active Obligations'!H5:H54,"Under Enforcement")
A23: Total Acknowledgements Obtained | B23: =COUNTA('Acknowledgement Log'!A5:A54)
A24: Acknowledgements with Signed Document | B24: =COUNTIF('Acknowledgement Log'!G5:G54,"Yes")
A25: Acknowledgements Refused | B25: =COUNTIF('Acknowledgement Log'!D5:D54,"Refused")
A26: Total Enforcement Cases | B26: =COUNTA('Enforcement Register'!A5:A54)
A27: Enforcement Cases Resolved | B27: =COUNTIF('Enforcement Register'!H5:H54,"Resolved")+COUNTIF('Enforcement Register'!H5:H54,"No Action Required")
A31: TABLE 3: CRITICAL FINDINGS REQUIRING IMMEDIATE ATTENTION
A32: Category | B32: Finding | C32: Count | D32: Severity | E32: Action Required
A33: Enforcement | B33: Former personnel under active enforcement | C33: =COUNTIF('Former Personnel'!I5:I54,"Under Enforcement") | D33: Critical | E33: Immediate
A34: Enforcement | B34: Enforcement cases: active investigation | C34: =COUNTIF('Enforcement Register'!H5:H54,"Under Investigation") | D34: Critical | E34: Immediate
A35: Enforcement | B35: Enforcement cases: legal action initiated | C35: =COUNTIF('Enforcement Register'!H5:H54,"Legal Action Initiated") | D35: Critical | E35: Immediate
A36: Acknowledgements | B36: Persons who refused to acknowledge obligations | C36: =COUNTIF('Acknowledgement Log'!D5:D54,"Refused") | D36: Critical | E36: Immediate
A37: Acknowledgements | B37: Acknowledgements without signed document | C37: =COUNTIF('Acknowledgement Log'!G5:G54,"No") | D37: High | E37: Urgent
A38: Obligations | B38: Active obligations under enforcement | C38: =COUNTIF('Active Obligations'!H5:H54,"Under Enforcement") | D38: Critical | E38: Immediate
A39: Expiration | B39: Obligations expired without review | C39: =COUNTIF('Expiration Tracker'!F5:F54,"Expired") | D39: High | E39: Urgent

Sheet Approval Sign-Off
A1: ASSESSMENT APPROVAL AND SIGN-OFF
A2: ISO/IEC 27001:2022 - Control A.6.4-5: Disciplinary Process and Employment Exit
A3: ASSESSMENT SUMMARY
A4: Document: | B4: ISMS-IMP-A.6.4-5.S3 - Post Employment Obligations
A5: Assessment Period:
A6: Overall Compliance Rating: | B6: =IFERROR(AVERAGE('Summary Dashboard'!G6:G9),"")
A7: Assessment Status:
A8: Assessed By:
A11: COMPLETED BY (ASSESSOR)
A12: Name:
A13: Title:
A14: Date:
A15: Signature:
A16: Comments:
A18: REVIEWED BY (INFORMATION SECURITY OFFICER)
A19: Name:
A20: Title:
A21: Date:
... A38: Special Considerations:
