Workbook

Sheet Instructions & Legend
A1: ISMS-IMP-A.6.4-5.S2 - Employment Exit Assessment ISO/IEC 27001:2022 - Control A.6.4-5: Disciplinary Process and Employment Exit
A3: Document Information
A4: Document ID | B4: ISMS-IMP-A.6.4-5.S2
A5: Workbook Title | B5: Employment Exit Assessment
A6: Control Reference | B6: ISO/IEC 27001:2022 - Control A.6.4-5: Disciplinary Process and Employment Exit
A7: Version | B7: 1.0
A8: Assessment Date
A9: Completed By
A10: Organisation
A12: Instructions
A13: 1. Complete Exit Procedures — document the full exit workflow covering security obligations.
A14: 2. Complete Access Revocation — track revocation of all system, application, and physical access.
A15: 3. Complete Asset Recovery — record return of all organisational assets (devices, badges, documents).
A16: 4. Complete Exit Tracker — log each leaver with completion status of all exit steps.
A17: 5. Complete Leaver Reconciliation — verify no access or assets remain outstanding post-departure.
A18: 6. Maintain the Evidence Register with exit checklists and access revocation confirmation.
A19: 7. Obtain final approval and sign-off in the Approval Sign-Off sheet.
A21: Status Legend
A22: Symbol | B22: Status | C22: Description
A23: ✓ | B23: Compliant / Complete | C23: Requirement fully met
A24: ⚠ | B24: Partial / In Progress | C24: Partially met or in progress
A25: ✗ | B25: Non-Compliant / Not Started | C25: Requirement not met
A26: — | B26: Not Applicable | C26: Not applicable to this assessment

Sheet Exit Procedures
A1: EXIT PROCEDURES BY TYPE
A2: Defined exit procedures by termination type including HR, IT, manager and security actions
A3: Exit Type | B3: Notification Trigger | C3: HR Actions | D3: IT Actions | E3: Manager Actions | F3: Security Actions | G3: Timeline | H3: Documentation Required
A4: Voluntary Resignation | B4: HR receives resignation letter | C4: Update HRIS, schedule exit interview, initiate checklist | D4: Disable accounts end of last day, backup data, revoke VPN | E4: Coordinate knowledge transfer, approve asset return | F4: Review access logs, verify no data exfiltration | G4: Per notice period (1-3 months) | H4: Exit checklist, asset form, interview notes
A5: Involuntary Termination | B5: Termination decision approved | C5: Prepare termination documents, coordinate timing with IT | D5: Disable accounts same day before notification, backup data | E5: Prepare handover, coordinate meeting room | F5: Immediate access log review, monitor for anomalies | G5: Same business day | H5: Termination letter, exit checklist, asset form
A6: Immediate Dismissal | B6: Gross misconduct confirmed | C6: Prepare immediate termination, coordinate Security escort | D6: Disable ALL access within 1 hour, preserve evidence | E6: Not involved in exit meeting | F6: Escort off premises, forensic preservation if needed | G6: Within 1 hour | H6: Termination letter, incident report, asset form
A7: Retirement | B7: Retirement notice received | C7: Update HRIS, plan recognition, extended exit interview | D7: Disable accounts end of last day, extended backup | E7: Extended knowledge transfer plan | F7: Standard access review | G7: Per notice (typically 3+ months) | H7: Exit checklist, asset form, knowledge transfer log
A8: Contract End | B8: Contract end date approaching | C8: Confirm end date, schedule exit process | D8: Disable accounts on contract end date | E8: Verify deliverables, approve asset return | F8: Review access for contract period | G8: Contract end date | H8: Contract closeout, asset form
A9: Role Change | B9: Internal transfer approved | C9: Update HRIS role, coordinate access change | D9: Revoke previous role access within 2 days, grant new access | E9: Handover responsibilities, transfer knowledge | F9: Verify appropriate access change | G9: 2 business days for old access removal | H9: Access change form, handover notes

Sheet Access Revocation
A1: ACCESS REVOCATION REQUIREMENTS
A2: Access revocation requirements by type including timelines, methods and verification
A3: Access Type | B3: System Examples | C3: Revocation Method | D3: Timeline Standard | E3: Timeline Immediate | F3: Verification Method | G3: Responsible Party | H3: Dependencies
A4: Physical Access | B4: Building badges, keys, biometrics | C4: Disable badge in access system, collect keys, remove biometric template | D4: End of last day | E4: Within 1 hour | F4: Badge log review, test badge at door | G4: Facilities Team | H4: None
A5: AD/Directory | B5: Active Directory, Microsoft Entra ID (formerly Azure AD), LDAP | C5: Disable account, move to Disabled OU, remove from groups | D5: End of last day | E5: Within 1 hour | F5: Login attempt test, access report | G5: IAM Team | H5: SSO-integrated apps disabled automatically
A6: Email | B6: Exchange, O365, Google Workspace | C6: Disable account, set auto-reply, configure forwarding if approved | D6: End of last day | E6: Within 1 hour | F6: Login attempt, mail flow test | G6: IAM Team | H6: Requires AD disable first
A7: VPN | B7: Corporate VPN, remote access | C7: Revoke VPN certificate, disable VPN account | D7: End of last day | E7: Within 1 hour | F7: Connection attempt test | G7: Network Team | H7: May require AD disable
A8: Applications | B8: Business apps, SaaS (non-SSO) | C8: Disable/remove user from each application | D8: End of last day + 24h | E8: Same day | F8: Login attempt per app | G8: Application Owners | H8: Coordinate with app owners
A9: Cloud Services | B9: AWS, Azure, GCP console access | C9: Remove from IAM, revoke API keys, remove from tenants | D9: End of last day | E9: Within 1 hour | F9: Console login test, API call test | G9: Cloud Team | H9: Audit CloudTrail/activity logs
A10: Third-Party Systems | B10: Partner portals, customer systems | C10: Notify third parties, request account removal | D10: Within 48 hours | E10: Within 24 hours | F10: Confirmation from third party | G10: Business Owner | H10: Requires external coordination
A11: Privileged Access | B11: Admin accounts, PAM-managed access | C11: Immediate revocation, rotate shared passwords | D11: End of last day | E11: Immediate (within 15 min) | F11: Privileged access report, login test | G11: Security Team | H11: Check PAM session recordings
A12: Shared Accounts | B12: Service accounts, shared mailboxes | C12: Remove delegated access, rotate passwords if needed | D12: End of last day | E12: Same day | F12: Access attempt, delegation list review | G12: IAM Team | H12: Document all shared access
A13: API Keys | B13: Developer keys, service credentials | C13: Revoke keys, rotate if shared | D13: End of last day | E13: Immediate | F13: API call test with revoked key | G13: DevOps Team | H13: Check for hardcoded keys

Sheet Asset Recovery
A1: ASSET RECOVERY REQUIREMENTS
A2: Asset recovery requirements by category including return methods and data handling
A3: Asset Category | B3: Asset Examples | C3: Return Method | D3: Verification Required | E3: Data Handling | F3: Timeline | G3: Non Return Action
A4: Computing Devices | B4: Laptop, desktop, monitors, docking stations | C4: In-person handover to IT | D4: Serial number match, condition assessment | E4: Secure erase or reimage before reissue | F4: By last working day | G4: Manager follow-up, payroll deduction, report as lost
A5: Mobile Devices | B5: Company phone, tablet | C5: In-person handover to IT | D5: IMEI/serial match, condition check | E5: Factory reset, verify MDM unenrollment | F5: By last working day | G5: Remote wipe via MDM, report as lost
A6: Storage Media | B6: USB drives, external drives, backup media | C6: In-person handover to IT | D6: Inventory match | E6: Secure erase or physical destruction | F6: By last working day | G6: Report as security incident if sensitive data
A7: Access Devices | B7: Badges, keys, tokens, smart cards | C7: In-person handover to Facilities/Security | D7: Inventory match, badge ID verification | E7: Disable in access system, revoke certificates | F7: By last working day | G7: Disable immediately, rekey if high security
A8: Documentation | B8: Printed documents, manuals, customer materials | C8: In-person handover to manager | D8: Spot check completeness | E8: Secure destruction of confidential materials | F8: By last working day | G8: Manager verification, log incomplete return
A9: Software Licenses | B9: Named user licenses, dongles | C9: IT collection or verification of removal | D9: License deactivation confirmed | E9: Deactivate license, update inventory | F9: By last working day | G9: Deactivate remotely, reallocate license
A10: BYOD (if MDM) | B10: Personal devices with company data | C10: MDM unenrollment by IT | D10: Confirm MDM profile removed | E10: Selective wipe of company data via MDM | F10: By last working day | G10: Remote selective wipe

Sheet Exit Tracker
A1: EXIT TRACKER
A2: Individual exit tracking — access revocation, asset return and checklist completion status
A3: Exit ID | B3: Employee ID | C3: Exit Type | D3: Last Working Day | E3: Access Revoked Date | F3: Assets Returned Date | G3: Exit Interview Date | H3: Checklist Complete | I3: Status | J3: Notes
A4: EXIT-XXXX

Sheet Leaver Reconciliation
A1: LEAVER RECONCILIATION (MONTHLY)
A2: Monthly reconciliation of HR leavers against disabled accounts to detect orphaned access
A3: Review Date | B3: HR Leavers | C3: Accounts Disabled | D3: Discrepancies | E3: Orphaned Accounts | F3: Remediation Action | G3: Remediation Date | H3: Reviewer
D4: =IF(B4<>"",B4-C4,"")
D5: =IF(B5<>"",B5-C5,"")
D6: =IF(B6<>"",B6-C6,"")
D7: =IF(B7<>"",B7-C7,"")
D8: =IF(B8<>"",B8-C8,"")
D9: =IF(B9<>"",B9-C9,"")
D10: =IF(B10<>"",B10-C10,"")
D11: =IF(B11<>"",B11-C11,"")
D12: =IF(B12<>"",B12-C12,"")
D13: =IF(B13<>"",B13-C13,"")
D14: =IF(B14<>"",B14-C14,"")
D15: =IF(B15<>"",B15-C15,"")
... D54: =IF(B54<>"",B54-C54,"")

Sheet Evidence Register
A1: EVIDENCE REGISTER
A2: Audit evidence supporting the employment exit assessment findings
A4: Evidence ID | B4: Evidence Description | C4: Evidence Type | D4: Storage Location | E4: Collection Date | F4: Collected By | G4: Status | H4: Notes
A5: EV-001

Sheet Summary Dashboard
A1: Employment Exit Assessment — SUMMARY DASHBOARD
A2: ISMS-IMP-A.6.4-5.S2 | ISO/IEC 27001:2022 - Control A.6.4-5: Disciplinary Process and Employment Exit
A4: TABLE 1: ASSESSMENT AREA COMPLIANCE OVERVIEW
A5: Assessment Area | B5: Total Items | C5: Compliant | D5: Partial | E5: Non-Compliant | F5: N/A | G5: Compliance %
A6: Employment Exit Processing | B6: =COUNTA('Exit Tracker'!A5:A54) | C6: =COUNTIF('Exit Tracker'!I5:I54,"Complete") | D6: =COUNTIF('Exit Tracker'!I5:I54,"In Progress")+COUNTIF('Exit Tracker'!I5:I54,"Pending Asset Return")+COUNTIF('Exit Tracker'!I5:I54,"Pending Verification") | E6: =COUNTIF('Exit Tracker'!I5:I54,"Issues Outstanding") | F6: =COUNTIF('Exit Tracker'!I5:I54,"Initiated") | G6: =IF((B6-F6)=0,0,C6/(B6-F6))
A7: TOTAL | B7: =SUM(B6:B6) | C7: =SUM(C6:C6) | D7: =SUM(D6:D6) | E7: =SUM(E6:E6) | F7: =SUM(F6:F6) | G7: =IF((B7-F7)=0,0,C7/(B7-F7))
A9: TABLE 2: KEY METRICS
A10: Metric | B10: Value
A11: Total Exits Processed | B11: =COUNTA('Exit Tracker'!A5:A54)
A12: Exits Fully Complete | B12: =COUNTIF('Exit Tracker'!I5:I54,"Complete")
A13: Exits with Issues Outstanding | B13: =COUNTIF('Exit Tracker'!I5:I54,"Issues Outstanding")
A14: Exits Initiated (Not Yet Active) | B14: =COUNTIF('Exit Tracker'!I5:I54,"Initiated")
A15: Voluntary Resignations | B15: =COUNTIF('Exit Tracker'!C5:C54,"Voluntary Resignation")
A16: Involuntary Terminations | B16: =COUNTIF('Exit Tracker'!C5:C54,"Involuntary Termination")
A17: Immediate Dismissals | B17: =COUNTIF('Exit Tracker'!C5:C54,"Immediate Dismissal")
A18: Checklist Fully Complete | B18: =COUNTIF('Exit Tracker'!H5:H54,"Yes")
A19: Checklist Partially Complete | B19: =COUNTIF('Exit Tracker'!H5:H54,"Partial")
A20: Checklist Incomplete | B20: =COUNTIF('Exit Tracker'!H5:H54,"No")
A21: Monthly Reconciliation Reviews Done | B21: =COUNTA('Leaver Reconciliation'!A5:A54)
A22: Months with Account Discrepancies | B22: =COUNTIF('Leaver Reconciliation'!D5:D54,">"&0)
A26: TABLE 3: CRITICAL FINDINGS REQUIRING IMMEDIATE ATTENTION
A27: Category | B27: Finding | C27: Count | D27: Severity | E27: Action Required
A28: Access Control | B28: Exits with issues outstanding | C28: =COUNTIF('Exit Tracker'!I5:I54,"Issues Outstanding") | D28: Critical | E28: Immediate
A29: Access Control | B29: Exits pending asset return | C29: =COUNTIF('Exit Tracker'!I5:I54,"Pending Asset Return") | D29: High | E29: Urgent
A30: Process Compliance | B30: Exits with incomplete checklist | C30: =COUNTIF('Exit Tracker'!H5:H54,"No") | D30: Critical | E30: Immediate
A31: Process Compliance | B31: Exits with partial checklist only | C31: =COUNTIF('Exit Tracker'!H5:H54,"Partial") | D31: High | E31: Urgent
A32: Process Compliance | B32: Exits pending verification | C32: =COUNTIF('Exit Tracker'!I5:I54,"Pending Verification") | D32: Medium | E32: Plan
A33: Reconciliation | B33: Months with account discrepancies detected | C33: =COUNTIF('Leaver Reconciliation'!D5:D54,">"&0) | D33: High | E33: Urgent

Sheet Approval Sign-Off
A1: ASSESSMENT APPROVAL AND SIGN-OFF
A2: ISO/IEC 27001:2022 - Control A.6.4-5: Disciplinary Process and Employment Exit
A3: ASSESSMENT SUMMARY
A4: Document: | B4: ISMS-IMP-A.6.4-5.S2 - Employment Exit Assessment
A5: Assessment Period:
A6: Overall Compliance Rating: | B6: =IFERROR(AVERAGE('Summary Dashboard'!G6:G6),"")
A7: Assessment Status:
A8: Assessed By:
A11: COMPLETED BY (ASSESSOR)
A12: Name:
A13: Title:
A14: Date:
A15: Signature:
A16: Comments:
A18: REVIEWED BY (INFORMATION SECURITY OFFICER)
A19: Name:
A20: Title:
A21: Date:
... A38: Special Considerations:
