Workbook

Sheet Instructions & Legend
A1: ISMS-IMP-A.5.24-28.S1 - Incident Management Framework ISO/IEC 27001:2022 - Control A.5.24-28: Incident Management
A3: Document Information
A4: Document ID | B4: ISMS-IMP-A.5.24-28.S1
A5: Workbook Title | B5: Incident Management Framework
A6: Control Reference | B6: ISO/IEC 27001:2022 - Control A.5.24-28: Incident Management
A7: Version | B7: 1.0
A8: Assessment Date
A9: Completed By
A10: Organisation
A12: Instructions
A13: 1. Complete Governance Assessment (25 questions on policy, procedures, authority).
A14: 2. Complete Organisational Structure assessment (30 questions on CSIRT/SOC model).
A15: 3. Complete Training & Competency assessment (25 questions).
A16: 4. Complete Tools & Technology assessment (30 questions).
A17: 5. Complete Integration Assessment (25 questions on cross-control integration).
A18: 6. Complete Gap Analysis with prioritised remediation actions.
A19: 7. Link audit evidence in the Evidence Register.
A20: 8. Review Summary Dashboard for maturity scoring.
... A23: Status Legend
A24: Symbol | B24: Status | C24: Description
A25: ✓ | B25: Compliant / Complete | C25: Requirement fully met
A26: ⚠ | B26: Partial / In Progress | C26: Partially met or in progress
A27: ✗ | B27: Non-Compliant / Not Started | C27: Requirement not met
A28: — | B28: Not Applicable | C28: Not applicable to this assessment

Sheet Governance Assessment
A1: GOVERNANCE ASSESSMENT
A2: ISO/IEC 27001:2022 - Control A.5.24-28: Incident Management | Policy, Procedures, Authority, and Regulatory Compliance (25 Questions)
A4: Question ID | B4: Section | C4: Question | D4: Answer | E4: Evidence Reference | F4: Comments | G4: Gap Identified
A5: Q1 | B5: Policy Documentation | C5: Does [Organisation] have a documented incident management policy? | G5: =IF(D5="","",IF(OR(D5="No", D5="Partial", D5="Informal"), "Yes", "No"))
A6: Q2 | B6: Policy Documentation | C6: When was the current incident management policy approved? (DD.MM.YYYY) | G6: =IF(D6="","",IF(OR(D6="No", D6="Partial", D6="Informal"), "Yes", "No"))
A7: Q3 | B7: Policy Documentation | C7: Who is the designated owner of the incident management policy? (Name, Title) | G7: =IF(D7="","",IF(OR(D7="No", D7="Partial", D7="Informal"), "Yes", "No"))
A8: Q4 | B8: Policy Documentation | C8: How often is the incident management policy reviewed? | G8: =IF(D8="","",IF(OR(D8="No", D8="Partial", D8="Informal"), "Yes", "No"))
A9: Q5 | B9: Policy Documentation | C9: When was the policy last reviewed? (DD.MM.YYYY) | G9: =IF(D9="","",IF(OR(D9="No", D9="Partial", D9="Informal"), "Yes", "No"))
A10: Q6 | B10: Procedure Documentation | C10: Are incident response procedures documented? | G10: =IF(D10="","",IF(OR(D10="No", D10="Partial", D10="Informal"), "Yes", "No"))
A11: Q7 | B11: Procedure Documentation | C11: In what format are incident response procedures documented? (Select all: Written/Flowcharts/Automated/Scenarios/Other) | G11: =IF(D11="","",IF(OR(D11="No", D11="Partial", D11="Informal"), "Yes", "No"))
A12: Q8 | B12: Procedure Documentation | C12: Where are incident response procedures stored and how are they accessed? | G12: =IF(D12="","",IF(OR(D12="No", D12="Partial", D12="Informal"), "Yes", "No"))
A13: Q9 | B13: Procedure Documentation | C13: Do procedures include up-to-date contact information (CSIRT, management, legal, external partners)? | G13: =IF(D13="","",IF(OR(D13="No", D13="Partial", D13="Informal"), "Yes", "No"))
A14: Q10 | B14: Procedure Documentation | C14: When were incident response procedures last updated? (DD.MM.YYYY) | G14: =IF(D14="","",IF(OR(D14="No", D14="Partial", D14="Informal"), "Yes", "No"))
A15: Q11 | B15: Authority & Escalation | C15: Who has authority to declare a security incident? (Role/title) | G15: =IF(D15="","",IF(OR(D15="No", D15="Partial", D15="Informal"), "Yes", "No"))
A16: Q12 | B16: Authority & Escalation | C16: Is there a documented escalation matrix defining when and to whom incidents are escalated? | G16: =IF(D16="","",IF(OR(D16="No", D16="Partial", D16="Informal"), "Yes", "No"))
... A29: Q25 | B29: Policy Governance | C29: When is the next scheduled policy review? (DD.MM.YYYY) | G29: =IF(D29="","",IF(OR(D29="No", D29="Partial", D29="Informal"), "Yes", "No"))

Sheet Organisational Structure
A1: ORGANISATIONAL STRUCTURE
A2: ISO/IEC 27001:2022 - Control A.5.24-28: Incident Management | CSIRT/SOC Model, Roles, Staffing, and RACI (30 Questions)
A4: Question ID | B4: Section | C4: Question | D4: Answer | E4: Evidence Reference | F4: Comments | G4: Gap Identified
A5: Q26 | B5: CSIRT/SOC Model | C5: What incident response organisational model does [Organisation] use? | G5: =IF(D5="","",IF(OR(D5="No", D5="Vacant", D5="Barely Adequate"), "Yes", "No"))
A6: Q27 | B6: CSIRT/SOC Model | C6: When was the CSIRT/SOC team established? (MM.YYYY) | G6: =IF(D6="","",IF(OR(D6="No", D6="Vacant", D6="Barely Adequate"), "Yes", "No"))
A7: Q28 | B7: CSIRT/SOC Model | C7: What coverage does the CSIRT/SOC provide? | G7: =IF(D7="","",IF(OR(D7="No", D7="Vacant", D7="Barely Adequate"), "Yes", "No"))
A8: Q29 | B8: CSIRT/SOC Model | C8: How many full-time equivalent (FTE) staff are dedicated to incident response? | G8: =IF(D8="","",IF(OR(D8="No", D8="Vacant", D8="Barely Adequate"), "Yes", "No"))
A9: Q30 | B9: CSIRT/SOC Model | C9: To whom does the CSIRT/SOC team report? (Title/Department) | G9: =IF(D9="","",IF(OR(D9="No", D9="Vacant", D9="Barely Adequate"), "Yes", "No"))
A10: Q31 | B10: Role Definitions | C10: Incident Manager - Does role exist? (Yes/No), Assigned to: | G10: =IF(D10="","",IF(OR(D10="No", D10="Vacant", D10="Barely Adequate"), "Yes", "No"))
A11: Q32 | B11: Role Definitions | C11: SOC Analyst Tier 1 - Does role exist? (Yes/No), Assigned to: | G11: =IF(D11="","",IF(OR(D11="No", D11="Vacant", D11="Barely Adequate"), "Yes", "No"))
A12: Q33 | B12: Role Definitions | C12: SOC Analyst Tier 2 - Does role exist? (Yes/No), Assigned to: | G12: =IF(D12="","",IF(OR(D12="No", D12="Vacant", D12="Barely Adequate"), "Yes", "No"))
A13: Q34 | B13: Role Definitions | C13: Forensic Specialist - Does role exist? (Yes/No), Assigned to: | G13: =IF(D13="","",IF(OR(D13="No", D13="Vacant", D13="Barely Adequate"), "Yes", "No"))
A14: Q35 | B14: Role Definitions | C14: Malware Analyst - Does role exist? (Yes/No), Assigned to: | G14: =IF(D14="","",IF(OR(D14="No", D14="Vacant", D14="Barely Adequate"), "Yes", "No"))
A15: Q36 | B15: Role Definitions | C15: Threat Intelligence Analyst - Does role exist? (Yes/No), Assigned to: | G15: =IF(D15="","",IF(OR(D15="No", D15="Vacant", D15="Barely Adequate"), "Yes", "No"))
A16: Q37 | B16: Role Definitions | C16: Communication Coordinator - Does role exist? (Yes/No), Assigned to: | G16: =IF(D16="","",IF(OR(D16="No", D16="Vacant", D16="Barely Adequate"), "Yes", "No"))
... A34: Q55 | B34: Management Visibility | C34: Is there a protocol for briefing the Board of Directors on material incidents? | G34: =IF(D34="","",IF(OR(D34="No", D34="Vacant", D34="Barely Adequate"), "Yes", "No"))

Sheet Training & Competency
A1: TRAINING & COMPETENCY
A2: ISO/IEC 27001:2022 - Control A.5.24-28: Incident Management | Training Programs, Exercises, and Certifications (25 Questions)
A4: Question ID | B4: Section | C4: Question | D4: Answer | E4: Evidence Reference | F4: Comments | G4: Gap Identified
A5: Q56 | B5: Training Program | C5: Does [Organisation] have a documented incident response training program? | G5: =IF(D5="","",IF(OR(D5="No", D5<95, D5="Never"), "Yes", "No"))
A6: Q57 | B6: Training Program | C6: Do all staff receive annual security awareness training including incident reporting? | G6: =IF(D6="","",IF(OR(D6="No", D6<95, D6="Never"), "Yes", "No"))
A7: Q58 | B7: Training Program | C7: What percentage of staff completed incident reporting awareness training in the last 12 months? (%) | G7: =IF(D7="","",IF(OR(D7="No", D7<95, D7="Never"), "Yes", "No"))
A8: Q59 | B8: Training Program | C8: Do CSIRT members receive specialized incident response training? | G8: =IF(D8="","",IF(OR(D8="No", D8<95, D8="Never"), "Yes", "No"))
A9: Q60 | B9: Training Program | C9: Is there a dedicated budget for incident response training (courses, certifications, conferences)? | G9: =IF(D9="","",IF(OR(D9="No", D9<95, D9="Never"), "Yes", "No"))
A10: Q61 | B10: Tabletop Exercises | C10: How often does [Organisation] conduct incident response tabletop exercises? | G10: =IF(D10="","",IF(OR(D10="No", D10<95, D10="Never"), "Yes", "No"))
A11: Q62 | B11: Tabletop Exercises | C11: When was the most recent tabletop exercise conducted? (DD.MM.YYYY) | G11: =IF(D11="","",IF(OR(D11="No", D11<95, D11="Never"), "Yes", "No"))
A12: Q63 | B12: Tabletop Exercises | C12: Do tabletop exercises cover a variety of incident types? | G12: =IF(D12="","",IF(OR(D12="No", D12<95, D12="Never"), "Yes", "No"))
A13: Q64 | B13: Tabletop Exercises | C13: Who typically participates in tabletop exercises? (Select all: CSIRT/IT Ops/Legal/HR/Management/Executive/Board/External) | G13: =IF(D13="","",IF(OR(D13="No", D13<95, D13="Never"), "Yes", "No"))
A14: Q65 | B14: Tabletop Exercises | C14: Are lessons learned from tabletop exercises documented and acted upon? | G14: =IF(D14="","",IF(OR(D14="No", D14<95, D14="Never"), "Yes", "No"))
A15: Q66 | B15: Simulation & Testing | C15: Does [Organisation] conduct full-scale incident response exercises (beyond tabletop)? | G15: =IF(D15="","",IF(OR(D15="No", D15<95, D15="Never"), "Yes", "No"))
A16: Q67 | B16: Simulation & Testing | C16: Does [Organisation] use breach simulation or attack simulation tools? | G16: =IF(D16="","",IF(OR(D16="No", D16<95, D16="Never"), "Yes", "No"))
... A29: Q80 | B29: Training Budget | C29: What percentage of security budget is allocated to incident response training? (%) | G29: =IF(D29="","",IF(OR(D29="No", D29<95, D29="Never"), "Yes", "No"))

Sheet Tools & Technology
A1: TOOLS & TECHNOLOGY
A2: ISO/IEC 27001:2022 - Control A.5.24-28: Incident Management | Ticketing, SIEM, Forensics, Communication, and Automation (30 Questions)
A4: Question ID | B4: Section | C4: Question | D4: Answer | E4: Evidence Reference | F4: Comments | G4: Gap Identified
A5: Q81 | B5: Ticketing | C5: Does [Organisation] have a dedicated incident ticketing/tracking system? | G5: =IF(D5="","",IF(OR(D5="No", D5="None", D5="N/A"), "Yes", "No"))
A6: Q82 | B6: Ticketing | C6: What features does the incident ticketing system provide? (Select all: Creation/Severity/Timeline/Evidence/Tasks/Collaboration/Escalation/Integration/Reporting/Playbooks) | G6: =IF(D6="","",IF(OR(D6="No", D6="None", D6="N/A"), "Yes", "No"))
A7: Q83 | B7: Ticketing | C7: How long are incident tickets retained? (Years) | G7: =IF(D7="","",IF(OR(D7="No", D7="None", D7="N/A"), "Yes", "No"))
A8: Q84 | B8: Ticketing | C8: Are access controls implemented for incident tickets (need-to-know basis)? | G8: =IF(D8="","",IF(OR(D8="No", D8="None", D8="N/A"), "Yes", "No"))
A9: Q85 | B9: SIEM | C9: Does [Organisation] have a Security Information and Event Management (SIEM) system? | G9: =IF(D9="","",IF(OR(D9="No", D9="None", D9="N/A"), "Yes", "No"))
A10: Q86 | B10: SIEM | C10: How many log sources feed into the SIEM? (Number) | G10: =IF(D10="","",IF(OR(D10="No", D10="None", D10="N/A"), "Yes", "No"))
A11: Q87 | B11: SIEM | C11: Is the SIEM integrated with the incident ticketing system (automatic ticket creation)? | G11: =IF(D11="","",IF(OR(D11="No", D11="None", D11="N/A"), "Yes", "No"))
A12: Q88 | B12: SIEM | C12: Does the SIEM/SOAR platform support automated playbooks for common incident types? | G12: =IF(D12="","",IF(OR(D12="No", D12="None", D12="N/A"), "Yes", "No"))
A13: Q89 | B13: Forensics | C13: What digital forensic tools are available? (Select all: Disk imaging/Memory acquisition/Memory analysis/Network forensics/Log analysis/Malware analysis/Mobile/Cloud/Commercial suites/None) | G13: =IF(D13="","",IF(OR(D13="No", D13="None", D13="N/A"), "Yes", "No"))
A14: Q90 | B14: Forensics | C14: Are CSIRT members trained in the use of forensic tools? | G14: =IF(D14="","",IF(OR(D14="No", D14="None", D14="N/A"), "Yes", "No"))
A15: Q91 | B15: Forensics | C15: Does [Organisation] have a dedicated forensic workstation or lab? | G15: =IF(D15="","",IF(OR(D15="No", D15="None", D15="N/A"), "Yes", "No"))
A16: Q92 | B16: Forensics | C16: Is there secure storage for forensic evidence? | G16: =IF(D16="","",IF(OR(D16="No", D16="None", D16="N/A"), "Yes", "No"))
... A34: Q110 | B34: Tool Testing | C34: Are incident response tools tested regularly? | G34: =IF(D34="","",IF(OR(D34="No", D34="None", D34="N/A"), "Yes", "No"))

Sheet Integration Assessment
A1: INTEGRATION ASSESSMENT
A2: ISO/IEC 27001:2022 - Control A.5.24-28: Incident Management | Integration with Logging, Monitoring, BC/DR, and Other Controls (25 Questions)
A4: Question ID | B4: Section | C4: Question | D4: Answer | E4: Evidence Reference | F4: Comments | G4: Gap Identified
A5: Q111 | B5: Logging Integration | C5: Is incident management integrated with logging infrastructure (A.8.15)? | G5: =IF(D5="","",IF(OR(D5="No", D5="Informal"), "Yes", "No"))
A6: Q112 | B6: Logging Integration | C6: Are logs readily available to CSIRT during incidents? | G6: =IF(D6="","",IF(OR(D6="No", D6="Informal"), "Yes", "No"))
A7: Q113 | B7: Logging Integration | C7: Is log retention adequate for incident investigation? | G7: =IF(D7="","",IF(OR(D7="No", D7="Informal"), "Yes", "No"))
A8: Q114 | B8: Monitoring Integration | C8: Is incident management integrated with security monitoring (A.8.16)? | G8: =IF(D8="","",IF(OR(D8="No", D8="Informal"), "Yes", "No"))
A9: Q115 | B9: Monitoring Integration | C9: Is there a defined workflow from security alert to incident declaration? | G9: =IF(D9="","",IF(OR(D9="No", D9="Informal"), "Yes", "No"))
A10: Q116 | B10: Monitoring Integration | C10: Is the false positive rate from monitoring tracked? | G10: =IF(D10="","",IF(OR(D10="No", D10="Informal"), "Yes", "No"))
A11: Q117 | B11: User Reporting | C11: Is there a mechanism for users to report security events (A.6.8 integration)? | G11: =IF(D11="","",IF(OR(D11="No", D11="Informal"), "Yes", "No"))
A12: Q118 | B12: User Reporting | C12: Are user-reported events integrated into incident ticketing system? | G12: =IF(D12="","",IF(OR(D12="No", D12="Informal"), "Yes", "No"))
A13: Q119 | B13: User Reporting | C13: Do users know how to report security incidents? | G13: =IF(D13="","",IF(OR(D13="No", D13="Informal"), "Yes", "No"))
A14: Q120 | B14: BC/DR Integration | C14: Is incident management integrated with Business Continuity / Disaster Recovery (A.5.29-30)? | G14: =IF(D14="","",IF(OR(D14="No", D14="Informal"), "Yes", "No"))
A15: Q121 | B15: BC/DR Integration | C15: Are criteria defined for when an incident triggers BC/DR activation? | G15: =IF(D15="","",IF(OR(D15="No", D15="Informal"), "Yes", "No"))
A16: Q122 | B16: BC/DR Integration | C16: Is CSIRT's role defined in BC/DR plans? | G16: =IF(D16="","",IF(OR(D16="No", D16="Informal"), "Yes", "No"))
... A29: Q135 | B29: Audit & Compliance | C29: Are incident records available for audit and compliance reviews? | G29: =IF(D29="","",IF(OR(D29="No", D29="Informal"), "Yes", "No"))

Sheet Gap Analysis
A1: GAP ANALYSIS
A2: ISO/IEC 27001:2022 - Control A.5.24-28: Incident Management | Gap Prioritisation and Remediation Planning (50 Gap Capacity)
A4: Gap ID | B4: Assessment Section | C4: Gap Description | D4: Risk Level | E4: Current State | F4: Target State | G4: Remediation Action | H4: Owner | I4: Target Date | J4: Status
A5: GAP-001 | B5: Governance | C5: No RACI matrix documented — sample entry, replace with actual gaps | D5: High | E5: Roles informally understood | F5: RACI matrix created and approved | G5: Document RACI matrix, review with CSIRT, obtain CISO sign-off | H5: CSIRT Manager | J5: Open
A58: GAP SUMMARY
A59: Total Gaps: | B59: =COUNTA(A6:A55)
A60: Critical: | B60: =COUNTIF(D6:D55, "Critical")
A61: High: | B61: =COUNTIF(D6:D55, "High")
A62: Medium: | B62: =COUNTIF(D6:D55, "Medium")
A63: Low: | B63: =COUNTIF(D6:D55, "Low")
A65: Open: | B65: =COUNTIF(J6:J55, "Open")
A66: In Progress: | B66: =COUNTIF(J6:J55, "In Progress")
A67: Resolved: | B67: =COUNTIF(J6:J55, "Resolved")
A68: Accepted: | B68: =COUNTIF(J6:J55, "Accepted")

Sheet Evidence Register
A1: EVIDENCE REGISTER
A2: ISO/IEC 27001:2022 - Control A.5.24-28: Incident Management
A4: Evidence ID | B4: Evidence Type | C4: Description | D4: Related Control / Section | E4: Collection Date (DD.MM.YYYY) | F4: Storage Location / Reference | G4: Collected By | H4: Status
A5: EV-001 | B5: Document | C5: Sample evidence entry — replace with actual evidence | D5: All Controls | E5: 01.01.2026 | F5: SharePoint/ISMS/Evidence/ | G5: ISMS Team | H5: Active

Sheet Summary Dashboard
A1: Incident Management Framework — SUMMARY DASHBOARD
A2: ISO/IEC 27001:2022 - Control A.5.24-28: Incident Management
A3: COMPLIANCE ASSESSMENT SUMMARY
A4: Assessment Area | B4: Questions Answered | C4: No Gap | D4: Gap Identified | E4: N/A | F4: Target | G4: Compliance %
A5: Governance | B5: =COUNTA('Governance Assessment'!D5:D100) | C5: =COUNTIF('Governance Assessment'!G5:G100,"No") | D5: =COUNTIF('Governance Assessment'!G5:G100,"Yes") | E5: =COUNTIF('Governance Assessment'!D5:D100,"N/A") | F5: 90% | G5: =IFERROR(C5/(C5+D5)*100,0)
A6: Organisational Structure | B6: =COUNTA('Organisational Structure'!D5:D100) | C6: =COUNTIF('Organisational Structure'!G5:G100,"No") | D6: =COUNTIF('Organisational Structure'!G5:G100,"Yes") | E6: =COUNTIF('Organisational Structure'!D5:D100,"N/A") | F6: 85% | G6: =IFERROR(C6/(C6+D6)*100,0)
A7: Training & Competency | B7: =COUNTA('Training & Competency'!D5:D100) | C7: =COUNTIF('Training & Competency'!G5:G100,"No") | D7: =COUNTIF('Training & Competency'!G5:G100,"Yes") | E7: =COUNTIF('Training & Competency'!D5:D100,"N/A") | F7: 90% | G7: =IFERROR(C7/(C7+D7)*100,0)
A8: Tools & Technology | B8: =COUNTA('Tools & Technology'!D5:D100) | C8: =COUNTIF('Tools & Technology'!G5:G100,"No") | D8: =COUNTIF('Tools & Technology'!G5:G100,"Yes") | E8: =COUNTIF('Tools & Technology'!D5:D100,"N/A") | F8: 80% | G8: =IFERROR(C8/(C8+D8)*100,0)
A9: Integration | B9: =COUNTA('Integration Assessment'!D5:D100) | C9: =COUNTIF('Integration Assessment'!G5:G100,"No") | D9: =COUNTIF('Integration Assessment'!G5:G100,"Yes") | E9: =COUNTIF('Integration Assessment'!D5:D100,"N/A") | F9: 85% | G9: =IFERROR(C9/(C9+D9)*100,0)
A10: TOTAL | B10: =SUM(B5:B9) | C10: =SUM(C5:C9) | D10: =SUM(D5:D9) | E10: =SUM(E5:E9) | F10: — | G10: =IFERROR(AVERAGE(G5:G9),0)
A12: FRAMEWORK HEALTH METRICS
A13: Metric | B13: Value | C13: Target
A14: CSIRT Staffing (FTE) | B14: ='Organisational Structure'!D29 | C14: ≥3 FTE
A15: Coverage Model | B15: ='Organisational Structure'!D28 | C15: 24x7
A16: Training Completion Rate | B16: ='Training & Competency'!D58 | C16: ≥90%
A17: Tabletop Exercise Frequency | B17: ='Training & Competency'!D61 | C17: Quarterly
A18: Critical Gaps Identified | B18: ='Gap Analysis'!B72 | C18: 0
A19: High Priority Gaps | B19: ='Gap Analysis'!B73 | C19: <5
A21: CRITICAL FINDINGS
A22: Critical Finding | B22: Status | C22: Severity
A23: Governance compliance <70% | B23: =IF(G5<70,"[!] Below Target","[OK]") | C23: Critical
A24: Organisational Structure <70% | B24: =IF(G6<70,"[!] Below Target","[OK]") | C24: Critical
A25: Training & Competency <70% | B25: =IF(G7<70,"[!] Below Target","[OK]") | C25: High
A26: Tools & Technology <70% | B26: =IF(G8<70,"[!] Below Target","[OK]") | C26: High
A27: Integration <70% | B27: =IF(G9<70,"[!] Below Target","[OK]") | C27: High
A28: Overall framework maturity <70% | B28: =IF(G10<70,"[!] Below Target","[OK]") | C28: Critical
A29: Critical gaps exist | B29: =IF(ISNUMBER('Gap Analysis'!B72),IF('Gap Analysis'!B72>0,"[!] Gaps Present","[OK]"),"") | C29: Critical

Sheet Approval Sign-Off
A1: ASSESSMENT APPROVAL AND SIGN-OFF
A2: ISO/IEC 27001:2022 - Control A.5.24-28: Incident Management
A3: ASSESSMENT SUMMARY
A4: Document: | B4: ISMS-IMP-A.5.24-28.S1 - Incident Management Framework
A5: Assessment Period:
A6: Overall Compliance Rating: | B6: =IFERROR(AVERAGE('Summary Dashboard'!G5:G9),"")
A7: Assessment Status:
A8: Assessed By:
A11: COMPLETED BY (ASSESSOR)
A12: Name:
A13: Title:
A14: Date:
A15: Signature:
A16: Comments:
A18: REVIEWED BY (INFORMATION SECURITY OFFICER)
A19: Name:
A20: Title:
A21: Date:
... A38: Special Considerations:
