Workbook

Sheet Instructions & Legend
A1: ISMS-IMP-A.5.24-28.S4 - Forensic Evidence ISO/IEC 27001:2022 - Control A.5.24-28: Incident Management
A3: Document Information
A4: Document ID | B4: ISMS-IMP-A.5.24-28.S4
A5: Workbook Title | B5: Forensic Evidence
A6: Control Reference | B6: ISO/IEC 27001:2022 - Control A.5.24-28: Incident Management
A7: Version | B7: 1.0
A8: Assessment Date
A9: Completed By
A10: Organisation
A12: Instructions
A13: 1. Complete Evidence Collection assessment — procedures, tools, methodology.
A14: 2. Complete Chain of Custody sheet — custody controls, tamper evidence, witness.
A15: 3. Complete Forensic Analysis sheet — tooling, documentation, peer review.
A16: 4. Complete Storage & Retention sheet — media controls, encryption, retention.
A17: 5. Complete Legal & Regulatory Readiness sheet — admissibility, liaison contacts.
A18: 6. Review Gap Analysis and prioritise remediation.
A19: 7. Link evidence in Evidence Register.
A20: 8. Review Dashboard for forensic capability metrics.
... A23: Status Legend
A24: Symbol | B24: Status | C24: Description
A25: ✓ | B25: Compliant / Complete | C25: Requirement fully met
A26: ⚠ | B26: Partial / In Progress | C26: Partially met or in progress
A27: ✗ | B27: Non-Compliant / Not Started | C27: Requirement not met
A28: — | B28: Not Applicable | C28: Not applicable to this assessment

Sheet Evidence Collection
A1: EVIDENCE COLLECTION
A2: ISO/IEC 27001:2022 - Control A.5.24-28: Incident Management | Collection Procedures, Evidence Sources, Collection Quality (25 Questions)
A4: Question ID | B4: Section | C4: Question | D4: Answer | E4: Evidence Ref | F4: Comments | G4: Gap Flag
A5: Collection Procedures
A6: Q1 | B6: Collection Procedures | C6: Are forensic evidence collection procedures documented? | G6: =IF(D6="","",IF(OR(D6="No", D6="Never", D6="None", D6="No Capability"), "Yes", "No"))
A7: Q2 | B7: Collection Procedures | C7: Is evidence collection integrated into IR playbooks? | G7: =IF(D7="","",IF(OR(D7="No", D7="Never", D7="None", D7="No Capability"), "Yes", "No"))
A8: Q3 | B8: Collection Procedures | C8: Which evidence types have collection procedures? (Disk/Memory/Network/Logs/Email/Cloud/Mobile/Physical/App/IoT) | G8: =IF(D8="","",IF(OR(D8="No", D8="Never", D8="None", D8="No Capability"), "Yes", "No"))
A9: Q4 | B9: Collection Procedures | C9: Is evidence collection prioritised (volatile first)? | G9: =IF(D9="","",IF(OR(D9="No", D9="Never", D9="None", D9="No Capability"), "Yes", "No"))
A10: Q5 | B10: Collection Procedures | C10: Is there a pre-collection checklist? | G10: =IF(D10="","",IF(OR(D10="No", D10="Never", D10="None", D10="No Capability"), "Yes", "No"))
A11: Q6 | B11: Collection Procedures | C11: Are standard forensic collection tools defined and approved? | G11: =IF(D11="","",IF(OR(D11="No", D11="Never", D11="None", D11="No Capability"), "Yes", "No"))
A12: Q7 | B12: Collection Procedures | C12: Collection training frequency? | G12: =IF(D12="","",IF(OR(D12="No", D12="Never", D12="None", D12="No Capability"), "Yes", "No"))
A13: Q8 | B13: Collection Procedures | C13: Are common collection mistakes addressed in training? | G13: =IF(D13="","",IF(OR(D13="No", D13="Never", D13="None", D13="No Capability"), "Yes", "No"))
A14: Evidence Sources
A15: Q9 | B15: Evidence Sources | C15: Endpoint Disk — Collection capability? | G15: =IF(D15="","",IF(OR(D15="No", D15="Never", D15="None", D15="No Capability"), "Yes", "No"))
A16: Q10 | B16: Evidence Sources | C16: Endpoint Memory (RAM) — Collection capability? | G16: =IF(D16="","",IF(OR(D16="No", D16="Never", D16="None", D16="No Capability"), "Yes", "No"))
A17: Q11 | B17: Evidence Sources | C17: Network Traffic (PCAP) — Collection capability? | G17: =IF(D17="","",IF(OR(D17="No", D17="Never", D17="None", D17="No Capability"), "Yes", "No"))
A18: Q12 | B18: Evidence Sources | C18: System/Application Logs — Collection capability? | G18: =IF(D18="","",IF(OR(D18="No", D18="Never", D18="None", D18="No Capability"), "Yes", "No"))
A19: Q13 | B19: Evidence Sources | C19: Email Evidence — Collection capability? | G19: =IF(D19="","",IF(OR(D19="No", D19="Never", D19="None", D19="No Capability"), "Yes", "No"))
A20: Q14 | B20: Evidence Sources | C20: Cloud Audit Logs — Collection capability? | G20: =IF(D20="","",IF(OR(D20="No", D20="Never", D20="None", D20="No Capability"), "Yes", "No"))
A21: Q15 | B21: Evidence Sources | C21: Mobile Device — Collection capability? | G21: =IF(D21="","",IF(OR(D21="No", D21="Never", D21="None", D21="No Capability"), "Yes", "No"))
A22: Q16 | B22: Evidence Sources | C22: Physical Evidence — Collection capability? | G22: =IF(D22="","",IF(OR(D22="No", D22="Never", D22="None", D22="No Capability"), "Yes", "No"))
A23: Q17 | B23: Evidence Sources | C23: Application-Level Evidence — Collection capability? | G23: =IF(D23="","",IF(OR(D23="No", D23="Never", D23="None", D23="No Capability"), "Yes", "No"))
A24: Q18 | B24: Evidence Sources | C24: IoT / OT Device Evidence — Collection capability? | G24: =IF(D24="","",IF(OR(D24="No", D24="Never", D24="None", D24="No Capability"), "Yes", "No"))
A25: Collection Quality
A26: Q19 | B26: Collection Quality | C26: Was evidence collection complete? (Last 10 incidents) | G26: =IF(D26="","",IF(OR(D26="No", D26="Never", D26="None", D26="No Capability"), "Yes", "No"))
A27: Q20 | B27: Collection Quality | C27: Was volatile evidence captured before containment? (Last 10 incidents) | G27: =IF(D27="","",IF(OR(D27="No", D27="Never", D27="None", D27="No Capability"), "Yes", "No"))
A28: Q21 | B28: Collection Quality | C28: Average time to begin evidence collection after incident declaration? | G28: =IF(D28="","",IF(OR(D28="No", D28="Never", D28="None", D28="No Capability"), "Yes", "No"))
A29: Q22 | B29: Collection Quality | C29: Is evidence collection documented in real-time? | G29: =IF(D29="","",IF(OR(D29="No", D29="Never", D29="None", D29="No Capability"), "Yes", "No"))
A30: Q23 | B30: Collection Quality | C30: % incidents with adequate evidence collection? (Last 10) | G30: =IF(D30="","",IF(OR(D30="No", D30="Never", D30="None", D30="No Capability"), "Yes", "No"))
A31: Q24 | B31: Collection Quality | C31: If external forensics engaged, is collection coordinated? | G31: =IF(D31="","",IF(OR(D31="No", D31="Never", D31="None", D31="No Capability"), "Yes", "No"))
A32: Q25 | B32: Collection Quality | C32: Are collection lessons learned captured and applied? | G32: =IF(D32="","",IF(OR(D32="No", D32="Never", D32="None", D32="No Capability"), "Yes", "No"))

Sheet Chain of Custody
A1: CHAIN OF CUSTODY
A2: ISO/IEC 27001:2022 - Control A.5.24-28: Incident Management | CoC Documentation, Integrity Verification, Access Control (20 Questions)
A4: Question ID | B4: Section | C4: Question | D4: Answer | E4: Evidence Ref | F4: Comments | G4: Gap Flag
A5: CoC Documentation
A6: Q26 | B6: CoC Documentation | C6: Is chain of custody procedure documented? | G6: =IF(D6="","",IF(OR(D6="No", D6="Never", D6="None", D6="No Capability"), "Yes", "No"))
A7: Q27 | B7: CoC Documentation | C7: Are CoC forms completed for all evidence? | G7: =IF(D7="","",IF(OR(D7="No", D7="Never", D7="None", D7="No Capability"), "Yes", "No"))
A8: Q28 | B8: CoC Documentation | C8: How is CoC documented? | G8: =IF(D8="","",IF(OR(D8="No", D8="Never", D8="None", D8="No Capability"), "Yes", "No"))
A9: Q29 | B9: CoC Documentation | C9: Is every evidence transfer documented? | G9: =IF(D9="","",IF(OR(D9="No", D9="Never", D9="None", D9="No Capability"), "Yes", "No"))
A10: Q30 | B10: CoC Documentation | C10: Is access to stored evidence logged? | G10: =IF(D10="","",IF(OR(D10="No", D10="Never", D10="None", D10="No Capability"), "Yes", "No"))
A11: Q31 | B11: CoC Documentation | C11: Was CoC complete in recent investigations? (Last 10) | G11: =IF(D11="","",IF(OR(D11="No", D11="Never", D11="None", D11="No Capability"), "Yes", "No"))
A12: Q32 | B12: CoC Documentation | C12: Do all evidence-handling personnel receive CoC training? | G12: =IF(D12="","",IF(OR(D12="No", D12="Never", D12="None", D12="No Capability"), "Yes", "No"))
A13: Integrity Verification
A14: Q33 | B14: Integrity Verification | C14: Are hash values calculated for all collected evidence? | G14: =IF(D14="","",IF(OR(D14="No", D14="Never", D14="None", D14="No Capability"), "Yes", "No"))
A15: Q34 | B15: Integrity Verification | C15: What hash algorithm is used? | G15: =IF(D15="","",IF(OR(D15="No", D15="Never", D15="None", D15="No Capability"), "Yes", "No"))
A16: Q35 | B16: Integrity Verification | C16: Is dual hashing used (two independent algorithms)? | G16: =IF(D16="","",IF(OR(D16="No", D16="Never", D16="None", D16="No Capability"), "Yes", "No"))
A17: Q36 | B17: Integrity Verification | C17: Are hash values verified when copies are made? | G17: =IF(D17="","",IF(OR(D17="No", D17="Never", D17="None", D17="No Capability"), "Yes", "No"))
A18: Q37 | B18: Integrity Verification | C18: Are hash values stored separately from evidence? | G18: =IF(D18="","",IF(OR(D18="No", D18="Never", D18="None", D18="No Capability"), "Yes", "No"))
A19: Q38 | B19: Integrity Verification | C19: How often is stored evidence integrity verified? | G19: =IF(D19="","",IF(OR(D19="No", D19="Never", D19="None", D19="No Capability"), "Yes", "No"))
A20: Access Control
A21: Q39 | B21: Access Control | C21: Is access to forensic evidence restricted? | G21: =IF(D21="","",IF(OR(D21="No", D21="Never", D21="None", D21="No Capability"), "Yes", "No"))
A22: Q40 | B22: Access Control | C22: Is an authorised access list maintained per evidence item? | G22: =IF(D22="","",IF(OR(D22="No", D22="Never", D22="None", D22="No Capability"), "Yes", "No"))
A23: Q41 | B23: Access Control | C23: Is evidence accessible in read-only mode? | G23: =IF(D23="","",IF(OR(D23="No", D23="Never", D23="None", D23="No Capability"), "Yes", "No"))
A24: Q42 | B24: Access Control | C24: Is physical evidence in a secure, access-controlled location? | G24: =IF(D24="","",IF(OR(D24="No", D24="Never", D24="None", D24="No Capability"), "Yes", "No"))
A25: Q43 | B25: Access Control | C25: Can unauthorised access to evidence be detected? | G25: =IF(D25="","",IF(OR(D25="No", D25="Never", D25="None", D25="No Capability"), "Yes", "No"))
A26: Q44 | B26: Access Control | C26: Are controls in place for sharing evidence externally? | G26: =IF(D26="","",IF(OR(D26="No", D26="Never", D26="None", D26="No Capability"), "Yes", "No"))
A27: Q45 | B27: Access Control | C27: For physical evidence, are handling precautions followed (gloves, packaging)? | G27: =IF(D27="","",IF(OR(D27="No", D27="Never", D27="None", D27="No Capability"), "Yes", "No"))

Sheet Forensic Analysis
A1: FORENSIC ANALYSIS
A2: ISO/IEC 27001:2022 - Control A.5.24-28: Incident Management | Analysis Tools, Analyst Capabilities, Analysis Outcomes (20 Questions)
A4: Question ID | B4: Section | C4: Question | D4: Answer | E4: Evidence Ref | F4: Comments | G4: Gap Flag
A5: Analysis Tools
A6: Q46 | B6: Analysis Tools | C6: What forensic tools are available? (Disk/Memory/Network/Malware/Mobile/Cloud/Log/Other) | G6: =IF(D6="","",IF(OR(D6="No", D6="Never", D6="None", D6="No Capability"), "Yes", "No"))
A7: Q47 | B7: Analysis Tools | C7: Tool type: Commercial / Open-Source / Both / None? | G7: =IF(D7="","",IF(OR(D7="No", D7="Never", D7="None", D7="No Capability"), "Yes", "No"))
A8: Q48 | B8: Analysis Tools | C8: Are forensic tools properly licensed and maintained? | G8: =IF(D8="","",IF(OR(D8="No", D8="Never", D8="None", D8="No Capability"), "Yes", "No"))
A9: Q49 | B9: Analysis Tools | C9: Are forensic tools validated before use? | G9: =IF(D9="","",IF(OR(D9="No", D9="Never", D9="None", D9="No Capability"), "Yes", "No"))
A10: Q50 | B10: Analysis Tools | C10: Are forensic tools kept up-to-date? | G10: =IF(D10="","",IF(OR(D10="No", D10="Never", D10="None", D10="No Capability"), "Yes", "No"))
A11: Q51 | B11: Analysis Tools | C11: Are dedicated forensic workstations available (isolated)? | G11: =IF(D11="","",IF(OR(D11="No", D11="Never", D11="None", D11="No Capability"), "Yes", "No"))
A12: Q52 | B12: Analysis Tools | C12: Is a malware analysis sandbox available? | G12: =IF(D12="","",IF(OR(D12="No", D12="Never", D12="None", D12="No Capability"), "Yes", "No"))
A13: Analyst Capabilities
A14: Q53 | B14: Analyst Capabilities | C14: How many qualified forensic analysts? | G14: =IF(D14="","",IF(OR(D14="No", D14="Never", D14="None", D14="No Capability"), "Yes", "No"))
A15: Q54 | B15: Analyst Capabilities | C15: Do forensic analysts hold recognised certifications? | G15: =IF(D15="","",IF(OR(D15="No", D15="Never", D15="None", D15="No Capability"), "Yes", "No"))
A16: Q55 | B16: Analyst Capabilities | C16: Forensic analyst training frequency? | G16: =IF(D16="","",IF(OR(D16="No", D16="Never", D16="None", D16="No Capability"), "Yes", "No"))
A17: Q56 | B17: Analyst Capabilities | C17: Is analysis methodology documented? | G17: =IF(D17="","",IF(OR(D17="No", D17="Never", D17="None", D17="No Capability"), "Yes", "No"))
A18: Q57 | B18: Analyst Capabilities | C18: Is analysis always performed on copies only? | G18: =IF(D18="","",IF(OR(D18="No", D18="Never", D18="None", D18="No Capability"), "Yes", "No"))
A19: Q58 | B19: Analyst Capabilities | C19: Are findings reproducible (documented for verification)? | G19: =IF(D19="","",IF(OR(D19="No", D19="Never", D19="None", D19="No Capability"), "Yes", "No"))
A20: Q59 | B20: Analyst Capabilities | C20: Are forensic reports reviewed by a second analyst? | G20: =IF(D20="","",IF(OR(D20="No", D20="Never", D20="None", D20="No Capability"), "Yes", "No"))
A21: Q60 | B21: Analyst Capabilities | C21: Can external forensic services be engaged? | G21: =IF(D21="","",IF(OR(D21="No", D21="Never", D21="None", D21="No Capability"), "Yes", "No"))
A22: Analysis Outcomes
A23: Q61 | B23: Analysis Outcomes | C23: % incidents with root cause identified? (Last 10 requiring forensics) | G23: =IF(D23="","",IF(OR(D23="No", D23="Never", D23="None", D23="No Capability"), "Yes", "No"))
A24: Q62 | B24: Analysis Outcomes | C24: % breach incidents with full attacker scope determined? | G24: =IF(D24="","",IF(OR(D24="No", D24="Never", D24="None", D24="No Capability"), "Yes", "No"))
A25: Q63 | B25: Analysis Outcomes | C25: Are IOCs generated from forensic analysis? | G25: =IF(D25="","",IF(OR(D25="No", D25="Never", D25="None", D25="No Capability"), "Yes", "No"))
A26: Q64 | B26: Analysis Outcomes | C26: Are incident timelines reconstructed accurately? | G26: =IF(D26="","",IF(OR(D26="No", D26="Never", D26="None", D26="No Capability"), "Yes", "No"))
A27: Q65 | B27: Analysis Outcomes | C27: Were forensic findings actionable? | G27: =IF(D27="","",IF(OR(D27="No", D27="Never", D27="None", D27="No Capability"), "Yes", "No"))

Sheet Storage & Retention
A1: STORAGE & RETENTION
A2: ISO/IEC 27001:2022 - Control A.5.24-28: Incident Management | Evidence Storage, Retention & Disposal (15 Questions)
A4: Question ID | B4: Section | C4: Question | D4: Answer | E4: Evidence Ref | F4: Comments | G4: Gap Flag
A5: Evidence Storage
A6: Q66 | B6: Evidence Storage | C6: Where is forensic evidence stored? | G6: =IF(D6="","",IF(OR(D6="No", D6="Never", D6="None", D6="No Capability"), "Yes", "No"))
A7: Q67 | B7: Evidence Storage | C7: Is storage access-controlled? | G7: =IF(D7="","",IF(OR(D7="No", D7="Never", D7="None", D7="No Capability"), "Yes", "No"))
A8: Q68 | B8: Evidence Storage | C8: Is stored evidence encrypted? | G8: =IF(D8="","",IF(OR(D8="No", D8="Never", D8="None", D8="No Capability"), "Yes", "No"))
A9: Q69 | B9: Evidence Storage | C9: Are backup copies of critical evidence maintained? | G9: =IF(D9="","",IF(OR(D9="No", D9="Never", D9="None", D9="No Capability"), "Yes", "No"))
A10: Q70 | B10: Evidence Storage | C10: Is evidence storage monitored? | G10: =IF(D10="","",IF(OR(D10="No", D10="Never", D10="None", D10="No Capability"), "Yes", "No"))
A11: Q71 | B11: Evidence Storage | C11: Is an evidence catalog maintained? | G11: =IF(D11="","",IF(OR(D11="No", D11="Never", D11="None", D11="No Capability"), "Yes", "No"))
A12: Q72 | B12: Evidence Storage | C12: Is storage capacity sufficient? | G12: =IF(D12="","",IF(OR(D12="No", D12="Never", D12="None", D12="No Capability"), "Yes", "No"))
A13: Retention & Disposal
A14: Q73 | B14: Retention & Disposal | C14: Are retention periods defined for forensic evidence? | G14: =IF(D14="","",IF(OR(D14="No", D14="Never", D14="None", D14="No Capability"), "Yes", "No"))
A15: Q74 | B15: Retention & Disposal | C15: Do retention periods meet regulatory requirements? | G15: =IF(D15="","",IF(OR(D15="No", D15="Never", D15="None", D15="No Capability"), "Yes", "No"))
A16: Q75 | B16: Retention & Disposal | C16: Can retention be extended via legal hold? | G16: =IF(D16="","",IF(OR(D16="No", D16="Never", D16="None", D16="No Capability"), "Yes", "No"))
A17: Q76 | B17: Retention & Disposal | C17: Are evidence disposal procedures documented? | G17: =IF(D17="","",IF(OR(D17="No", D17="Never", D17="None", D17="No Capability"), "Yes", "No"))
A18: Q77 | B18: Retention & Disposal | C18: Is disposal authorised before execution? | G18: =IF(D18="","",IF(OR(D18="No", D18="Never", D18="None", D18="No Capability"), "Yes", "No"))
A19: Q78 | B19: Retention & Disposal | C19: Is disposal verified after execution? | G19: =IF(D19="","",IF(OR(D19="No", D19="Never", D19="None", D19="No Capability"), "Yes", "No"))
A20: Q79 | B20: Retention & Disposal | C20: Are disposal records maintained? | G20: =IF(D20="","",IF(OR(D20="No", D20="Never", D20="None", D20="No Capability"), "Yes", "No"))
A21: Q80 | B21: Retention & Disposal | C21: Is disposal automated when retention expires? | G21: =IF(D21="","",IF(OR(D21="No", D21="Never", D21="None", D21="No Capability"), "Yes", "No"))

Sheet Legal & Regulatory
A1: LEGAL & REGULATORY READINESS
A2: ISO/IEC 27001:2022 - Control A.5.24-28: Incident Management | Legal Admissibility, Regulatory Compliance (15 Questions)
A4: Question ID | B4: Section | C4: Question | D4: Answer | E4: Evidence Ref | F4: Comments | G4: Gap Flag
A5: Legal Admissibility
A6: Q81 | B6: Legal Admissibility | C6: Have forensic procedures been reviewed by Legal? | G6: =IF(D6="","",IF(OR(D6="No", D6="Never", D6="None", D6="No Capability"), "Yes", "No"))
A7: Q82 | B7: Legal Admissibility | C7: Are legal admissibility requirements documented? | G7: =IF(D7="","",IF(OR(D7="No", D7="Never", D7="None", D7="No Capability"), "Yes", "No"))
A8: Q83 | B8: Legal Admissibility | C8: Can [Organisation] provide expert witnesses? | G8: =IF(D8="","",IF(OR(D8="No", D8="Never", D8="None", D8="No Capability"), "Yes", "No"))
A9: Q84 | B9: Legal Admissibility | C9: Is forensic report format suitable for legal proceedings? | G9: =IF(D9="","",IF(OR(D9="No", D9="Never", D9="None", D9="No Capability"), "Yes", "No"))
A10: Q85 | B10: Legal Admissibility | C10: Are forensic analysts prepared for cross-examination? | G10: =IF(D10="","",IF(OR(D10="No", D10="Never", D10="None", D10="No Capability"), "Yes", "No"))
A11: Q86 | B11: Legal Admissibility | C11: Is evidence integrity fully documented (end-to-end)? | G11: =IF(D11="","",IF(OR(D11="No", D11="Never", D11="None", D11="No Capability"), "Yes", "No"))
A12: Q87 | B12: Legal Admissibility | C12: Is physical evidence photographed in situ? | G12: =IF(D12="","",IF(OR(D12="No", D12="Never", D12="None", D12="No Capability"), "Yes", "No"))
A13: Q88 | B13: Legal Admissibility | C13: Are witness statements collected during incidents? | G13: =IF(D13="","",IF(OR(D13="No", D13="Never", D13="None", D13="No Capability"), "Yes", "No"))
A14: Regulatory Compliance
A15: Q89 | B15: Regulatory Compliance | C15: GDPR forensic evidence compliance? | G15: =IF(D15="","",IF(OR(D15="No", D15="Never", D15="None", D15="No Capability"), "Yes", "No"))
A16: Q90 | B16: Regulatory Compliance | C16: PCI DSS v4.0.1 forensic evidence compliance? | G16: =IF(D16="","",IF(OR(D16="No", D16="Never", D16="None", D16="No Capability"), "Yes", "No"))
A17: Q91 | B17: Regulatory Compliance | C17: Industry-specific forensic requirements met? | G17: =IF(D17="","",IF(OR(D17="No", D17="Never", D17="None", D17="No Capability"), "Yes", "No"))
A18: Q92 | B18: Regulatory Compliance | C18: Can evidence be submitted to regulators in required format? | G18: =IF(D18="","",IF(OR(D18="No", D18="Never", D18="None", D18="No Capability"), "Yes", "No"))
A19: Q93 | B19: Regulatory Compliance | C19: Law enforcement evidence cooperation procedures? | G19: =IF(D19="","",IF(OR(D19="No", D19="Never", D19="None", D19="No Capability"), "Yes", "No"))
A20: Q94 | B20: Regulatory Compliance | C20: International evidence requirements considered? | G20: =IF(D20="","",IF(OR(D20="No", D20="Never", D20="None", D20="No Capability"), "Yes", "No"))
A21: Q95 | B21: Regulatory Compliance | C21: Forensic evidence available for regulatory audits? | G21: =IF(D21="","",IF(OR(D21="No", D21="Never", D21="None", D21="No Capability"), "Yes", "No"))

Sheet Gap Analysis
A1: GAP ANALYSIS
A2: ISO/IEC 27001:2022 - Control A.5.24-28: Incident Management | Consolidated gaps from all assessment domains
A3: GAP SUMMARY
A4: Total Gaps: | B4: =COUNTA(C6:C45)-COUNTBLANK(C6:C45) | C4: Critical: | D4: =COUNTIF(E6:E45,"Critical") | E4: High: | F4: =COUNTIF(E6:E45,"High") | G4: Medium: | H4: =COUNTIF(E6:E45,"Medium")
A6: Gap ID | B6: Domain | C6: Gap Description | D6: Risk Level | E6: Current State | F6: Target State | G6: Remediation Action | H6: Owner | I6: Target Date | J6: Status
A7: GAP-001

Sheet Evidence Register
A1: EVIDENCE REGISTER
A2: ISO/IEC 27001:2022 - Control A.5.24-28: Incident Management
A4: Evidence ID | B4: Evidence Type | C4: Description | D4: Related Control / Section | E4: Collection Date (DD.MM.YYYY) | F4: Storage Location / Reference | G4: Collected By | H4: Status
A5: EV-001 | B5: Document | C5: Sample evidence entry — replace with actual evidence | D5: All Controls | E5: 01.01.2026 | F5: SharePoint/ISMS/Evidence/ | G5: ISMS Team | H5: Active

Sheet Summary Dashboard
A1: Forensic Evidence — SUMMARY DASHBOARD
A2: ISO/IEC 27001:2022 - Control A.5.24-28: Incident Management
A3: COMPLIANCE ASSESSMENT SUMMARY
A4: Assessment Area | B4: Questions Answered | C4: No Gap | D4: Gap Identified | E4: N/A | F4: Target | G4: Compliance %
A5: Evidence Collection | B5: =COUNTA('Evidence Collection'!D5:D100) | C5: =COUNTIF('Evidence Collection'!G5:G100,"No") | D5: =COUNTIF('Evidence Collection'!G5:G100,"Yes") | E5: =COUNTIF('Evidence Collection'!D5:D100,"N/A") | F5: 90% | G5: =IFERROR(C5/(C5+D5)*100,0)
A6: Chain of Custody | B6: =COUNTA('Chain of Custody'!D5:D100) | C6: =COUNTIF('Chain of Custody'!G5:G100,"No") | D6: =COUNTIF('Chain of Custody'!G5:G100,"Yes") | E6: =COUNTIF('Chain of Custody'!D5:D100,"N/A") | F6: 95% | G6: =IFERROR(C6/(C6+D6)*100,0)
A7: Forensic Analysis | B7: =COUNTA('Forensic Analysis'!D5:D100) | C7: =COUNTIF('Forensic Analysis'!G5:G100,"No") | D7: =COUNTIF('Forensic Analysis'!G5:G100,"Yes") | E7: =COUNTIF('Forensic Analysis'!D5:D100,"N/A") | F7: 85% | G7: =IFERROR(C7/(C7+D7)*100,0)
A8: Storage & Retention | B8: =COUNTA('Storage & Retention'!D5:D100) | C8: =COUNTIF('Storage & Retention'!G5:G100,"No") | D8: =COUNTIF('Storage & Retention'!G5:G100,"Yes") | E8: =COUNTIF('Storage & Retention'!D5:D100,"N/A") | F8: 90% | G8: =IFERROR(C8/(C8+D8)*100,0)
A9: Legal & Regulatory | B9: =COUNTA('Legal & Regulatory'!D5:D100) | C9: =COUNTIF('Legal & Regulatory'!G5:G100,"No") | D9: =COUNTIF('Legal & Regulatory'!G5:G100,"Yes") | E9: =COUNTIF('Legal & Regulatory'!D5:D100,"N/A") | F9: 90% | G9: =IFERROR(C9/(C9+D9)*100,0)
A10: TOTAL | B10: =SUM(B5:B9) | C10: =SUM(C5:C9) | D10: =SUM(D5:D9) | E10: =SUM(E5:E9) | F10: — | G10: =IFERROR(AVERAGE(G5:G9),0)
A12: FORENSIC CAPABILITY METRICS
A13: Metric | B13: Value | C13: Target
A14: Evidence Collection Completeness (%) | B14: ='Evidence Collection'!D23 | C14: ≥95%
A15: Root Cause Identification Rate (%) | B15: ='Forensic Analysis'!D61 | C15: ≥90%
A16: Attacker Scope Determination Rate (%) | B16: ='Forensic Analysis'!D62 | C16: ≥85%
A17: Time to Begin Collection (hours) | B17: ='Evidence Collection'!D21 | C17: ≤1h
A18: Forensic Analysts (FTE) | B18: ='Forensic Analysis'!D53 | C18: ≥2 FTE
A20: CRITICAL FINDINGS
A21: Critical Finding | B21: Status | C21: Severity
A22: Evidence Collection <70% | B22: =IF(G5<70,"[!] Below Target","[OK]") | C22: Critical
A23: Chain of Custody <70% | B23: =IF(G6<70,"[!] Below Target","[OK]") | C23: Critical
A24: Forensic Analysis <70% | B24: =IF(G7<70,"[!] Below Target","[OK]") | C24: High
A25: Storage & Retention <70% | B25: =IF(G8<70,"[!] Below Target","[OK]") | C25: High
A26: Legal & Regulatory <70% | B26: =IF(G9<70,"[!] Below Target","[OK]") | C26: Critical
A27: Overall forensic readiness <70% | B27: =IF(G10<70,"[!] Below Target","[OK]") | C27: Critical
A28: Evidence source coverage <5 sources | B28: =IFERROR(IF(COUNTIF('Evidence Collection'!D9:D18,"Yes")<5,"[!] Low Coverage","[OK]"),"") | C28: High

Sheet Approval Sign-Off
A1: ASSESSMENT APPROVAL AND SIGN-OFF
A2: ISO/IEC 27001:2022 - Control A.5.24-28: Incident Management
A3: ASSESSMENT SUMMARY
A4: Document: | B4: ISMS-IMP-A.5.24-28.S4 - Forensic Evidence
A5: Assessment Period:
A6: Overall Compliance Rating: | B6: =IFERROR(AVERAGE('Summary Dashboard'!G5:G9),"")
A7: Assessment Status:
A8: Assessed By:
A11: COMPLETED BY (ASSESSOR)
A12: Name:
A13: Title:
A14: Date:
A15: Signature:
A16: Comments:
A18: REVIEWED BY (INFORMATION SECURITY OFFICER)
A19: Name:
A20: Title:
A21: Date:
... A38: Special Considerations:
