Workbook

Sheet Instructions & Legend
A1: ISMS-IMP-A.5.24-28.S2 - Detection & Classification ISO/IEC 27001:2022 - Control A.5.24-28: Incident Management
A3: Document Information
A4: Document ID | B4: ISMS-IMP-A.5.24-28.S2
A5: Workbook Title | B5: Detection & Classification
A6: Control Reference | B6: ISO/IEC 27001:2022 - Control A.5.24-28: Incident Management
A7: Version | B7: 1.0
A8: Assessment Date
A9: Completed By
A10: Organisation
A12: Instructions
A13: 1. Review this Instructions & Legend sheet before starting the assessment.
A14: 2. Complete all yellow (FFFFCC) input cells with your assessment data.
A15: 3. Grey (F2F2F2) rows are sample rows — do not edit them.
A16: 4. Complete the Evidence Register with supporting documentation references.
A17: 5. Obtain sign-off in the Approval Sign-Off sheet when the assessment is complete.
A19: Status Legend
A20: Symbol | B20: Status | C20: Description
A21: ✓ | B21: Compliant / Complete | C21: Requirement fully met
A22: ⚠ | B22: Partial / In Progress | C22: Partially met or in progress
A23: ✗ | B23: Non-Compliant / Not Started | C23: Requirement not met
A24: — | B24: Not Applicable | C24: Not applicable to this assessment

Sheet Detection Mechanisms
A1: DETECTION MECHANISMS
A2: ISO/IEC 27001:2022 - Control A.5.24-28: Incident Management | SIEM, EDR, IDS/IPS, NDR, User Reporting, Coverage by Threat Category (33 Questions)
A4: Question ID | B4: Section | C4: Question | D4: Answer | E4: Evidence Reference | F4: Comments | G4: Gap Identified
A5: Q1 | B5: SIEM | C5: What SIEM platform(s) does [Organisation] use? | G5: =IF(D5="","",IF(OR(D5="No", D5="Never", D5<90), "Yes", "No"))
A6: Q2 | B6: SIEM | C6: How many active detection rules/alerts are configured in the SIEM? | G6: =IF(D6="","",IF(OR(D6="No", D6="Never", D6<90), "Yes", "No"))
A7: Q3 | B7: SIEM | C7: Which threat categories have SIEM detection rules? | G7: =IF(D7="","",IF(OR(D7="No", D7="Never", D7<90), "Yes", "No"))
A8: Q4 | B8: SIEM | C8: How often are SIEM rules tuned to reduce false positives? | G8: =IF(D8="","",IF(OR(D8="No", D8="Never", D8<90), "Yes", "No"))
A9: Q5 | B9: SIEM | C9: What percentage of SIEM rules are custom-developed (vs. vendor-provided)? | G9: =IF(D9="","",IF(OR(D9="No", D9="Never", D9<90), "Yes", "No"))
A10: Q6 | B10: SIEM | C10: Is threat intelligence integrated into SIEM for automated alerting? | G10: =IF(D10="","",IF(OR(D10="No", D10="Never", D10<90), "Yes", "No"))
A11: Q7 | B11: SIEM | C11: What is the average daily SIEM alert volume? | G11: =IF(D11="","",IF(OR(D11="No", D11="Never", D11<90), "Yes", "No"))
A12: Q8 | B12: SIEM | C12: How many log sources feed the SIEM? | G12: =IF(D12="","",IF(OR(D12="No", D12="Never", D12<90), "Yes", "No"))
A13: Q9 | B13: EDR | C13: Is EDR or XDR deployed? | G13: =IF(D13="","",IF(OR(D13="No", D13="Never", D13<90), "Yes", "No"))
A14: Q10 | B14: EDR | C14: What percentage of endpoints have EDR agent deployed? | G14: =IF(D14="","",IF(OR(D14="No", D14="Never", D14<90), "Yes", "No"))
A15: Q11 | B15: EDR | C15: What types of EDR alerts are enabled? | G15: =IF(D15="","",IF(OR(D15="No", D15="Never", D15<90), "Yes", "No"))
A16: Q12 | B16: EDR | C16: Does EDR support automated response actions? | G16: =IF(D16="","",IF(OR(D16="No", D16="Never", D16<90), "Yes", "No"))
... A37: Q33 | B37: Coverage | C37: Category 11: Other Detection | G37: =IF(D37="","",IF(OR(D37="No", D37="Never", D37<90), "Yes", "No"))

Sheet Alert Handling
A1: ALERT HANDLING
A2: ISO/IEC 27001:2022 - Control A.5.24-28: Incident Management | Triage, Investigation, Escalation, Analyst Capacity (25 Questions)
A4: Question ID | B4: Section | C4: Question | D4: Answer | E4: Evidence Reference | F4: Comments | G4: Gap Identified
A5: Q34 | B5: Triage | C5: Are alert triage procedures documented? | G5: =IF(D5="","",IF(OR(D5="No", D5="Informal", D5<80), "Yes", "No"))
A6: Q35 | B6: Triage | C6: Are triage time SLAs defined for each severity? | G6: =IF(D6="","",IF(OR(D6="No", D6="Informal", D6<80), "Yes", "No"))
A7: Q36 | B7: Triage | C7: Percentage of alerts triaged within SLA? (90 days) | G7: =IF(D7="","",IF(OR(D7="No", D7="Informal", D7<80), "Yes", "No"))
A8: Q37 | B8: Triage | C8: How are alerts prioritised in queue? | G8: =IF(D8="","",IF(OR(D8="No", D8="Informal", D8<80), "Yes", "No"))
A9: Q38 | B9: Triage | C9: Documented shift handoff process? | G9: =IF(D9="","",IF(OR(D9="No", D9="Informal", D9<80), "Yes", "No"))
A10: Q39 | B10: Triage | C10: Do analysts receive triage training? | G10: =IF(D10="","",IF(OR(D10="No", D10="Informal", D10<80), "Yes", "No"))
A11: Q40 | B11: Triage | C11: What tools for alert triage? | G11: =IF(D11="","",IF(OR(D11="No", D11="Informal", D11<80), "Yes", "No"))
A12: Q41 | B12: Playbooks | C12: Are investigation playbooks documented? | G12: =IF(D12="","",IF(OR(D12="No", D12="Informal", D12<80), "Yes", "No"))
A13: Q42 | B13: Playbooks | C13: Which categories have playbooks? | G13: =IF(D13="","",IF(OR(D13="No", D13="Informal", D13<80), "Yes", "No"))
A14: Q43 | B14: Playbooks | C14: Playbook format? | G14: =IF(D14="","",IF(OR(D14="No", D14="Informal", D14<80), "Yes", "No"))
A15: Q44 | B15: Playbooks | C15: Playbook update frequency? | G15: =IF(D15="","",IF(OR(D15="No", D15="Informal", D15<80), "Yes", "No"))
A16: Q45 | B16: Playbooks | C16: Playbook: Malware/Ransomware | G16: =IF(D16="","",IF(OR(D16="No", D16="Informal", D16<80), "Yes", "No"))
... A29: Q58 | B29: Capacity | C29: Analysts trained on all tools? | G29: =IF(D29="","",IF(OR(D29="No", D29="Informal", D29<80), "Yes", "No"))

Sheet Classification & Severity
A1: CLASSIFICATION & SEVERITY
A2: ISO/IEC 27001:2022 - Control A.5.24-28: Incident Management | Category Assignment, Severity Criteria, Consistency (25 Questions)
A4: Question ID | B4: Section | C4: Question | D4: Answer | E4: Evidence Reference | F4: Comments | G4: Gap Identified
A5: Q59 | B5: Classification | C5: Adopted ISMS-REF-A.5.24-28 taxonomy? | G5: =IF(D5="","",IF(OR(D5="No", D5<80), "Yes", "No"))
A6: Q60 | B6: Classification | C6: Classification procedure documented? | G6: =IF(D6="","",IF(OR(D6="No", D6<80), "Yes", "No"))
A7: Q61 | B7: Classification | C7: Analysts trained on classification? | G7: =IF(D7="","",IF(OR(D7="No", D7<80), "Yes", "No"))
A8: Q62 | B8: Classification | C8: Classification consistency reviewed? | G8: =IF(D8="","",IF(OR(D8="No", D8<80), "Yes", "No"))
A9: Q63 | B9: Classification | C9: Classification accuracy rate? | G9: =IF(D9="","",IF(OR(D9="No", D9<80), "Yes", "No"))
A10: Q64 | B10: Classification | C10: Reclassification process documented? | G10: =IF(D10="","",IF(OR(D10="No", D10<80), "Yes", "No"))
A11: Q65 | B11: Classification | C11: Multi-category incident handling? | G11: =IF(D11="","",IF(OR(D11="No", D11<80), "Yes", "No"))
A12: Q66 | B12: Severity | C12: How many severity levels? | G12: =IF(D12="","",IF(OR(D12="No", D12<80), "Yes", "No"))
A13: Q67 | B13: Severity | C13: Severity criteria documented? | G13: =IF(D13="","",IF(OR(D13="No", D13<80), "Yes", "No"))
A14: Q68 | B14: Severity | C14: Critical severity criteria? | G14: =IF(D14="","",IF(OR(D14="No", D14<80), "Yes", "No"))
A15: Q69 | B15: Severity | C15: Severity assignment training? | G15: =IF(D15="","",IF(OR(D15="No", D15<80), "Yes", "No"))
A16: Q70 | B16: Severity | C16: Severity consistency reviewed? | G16: =IF(D16="","",IF(OR(D16="No", D16<80), "Yes", "No"))
... A29: Q83 | B29: Correlation | C29: Top Category 8 | G29: =IF(D29="","",IF(OR(D29="No", D29<80), "Yes", "No"))

Sheet Detection Effectiveness
A1: DETECTION EFFECTIVENESS
A2: ISO/IEC 27001:2022 - Control A.5.24-28: Incident Management | MTTD, MTTT, False Positives, Coverage Gaps (25 Questions)
A4: Question ID | B4: Section | C4: Question | D4: Answer | E4: Evidence Reference | F4: Comments | G4: Gap Identified
A5: Q84 | B5: MTTD | C5: Is MTTD tracked? | G5: =IF(D5="","",IF(OR(D5="No", D5>30, D5="Worsening"), "Yes", "No"))
A6: Q85 | B6: MTTD | C6: Overall MTTD (90 days)? | G6: =IF(D6="","",IF(OR(D6="No", D6>30, D6="Worsening"), "Yes", "No"))
A7: Q86 | B7: MTTD | C7: MTTD for Critical incidents? | G7: =IF(D7="","",IF(OR(D7="No", D7>30, D7="Worsening"), "Yes", "No"))
A8: Q87 | B8: MTTD | C8: MTTD for High incidents? | G8: =IF(D8="","",IF(OR(D8="No", D8>30, D8="Worsening"), "Yes", "No"))
A9: Q88 | B9: MTTD | C9: MTTD trend? | G9: =IF(D9="","",IF(OR(D9="No", D9>30, D9="Worsening"), "Yes", "No"))
A10: Q89 | B10: MTTT | C10: Is MTTT tracked? | G10: =IF(D10="","",IF(OR(D10="No", D10>30, D10="Worsening"), "Yes", "No"))
A11: Q90 | B11: MTTT | C11: Overall MTTT (90 days)? | G11: =IF(D11="","",IF(OR(D11="No", D11>30, D11="Worsening"), "Yes", "No"))
A12: Q91 | B12: MTTT | C12: MTTT for Critical alerts? | G12: =IF(D12="","",IF(OR(D12="No", D12>30, D12="Worsening"), "Yes", "No"))
A13: Q92 | B13: MTTT | C13: MTTT for High alerts? | G13: =IF(D13="","",IF(OR(D13="No", D13>30, D13="Worsening"), "Yes", "No"))
A14: Q93 | B14: MTTT | C14: MTTT SLA compliance %? | G14: =IF(D14="","",IF(OR(D14="No", D14>30, D14="Worsening"), "Yes", "No"))
A15: Q94 | B15: False Positives | C15: FPs systematically tracked? | G15: =IF(D15="","",IF(OR(D15="No", D15>30, D15="Worsening"), "Yes", "No"))
A16: Q95 | B16: False Positives | C16: Total alerts (90 days)? | G16: =IF(D16="","",IF(OR(D16="No", D16>30, D16="Worsening"), "Yes", "No"))
A17: Q96 | B17: False Positives | C17: False positives (90 days)? | G17: =IF(D17="","",IF(OR(D17="No", D17>30, D17="Worsening"), "Yes", "No"))
A18: Q97 | B18: False Positives | C18: False positive rate? | D18: =D6/D5*100 | G18: =IF(D18="","",IF(OR(D18="No", D18>30, D18="Worsening"), "Yes", "No"))
A19: Q98 | B19: False Positives | C19: FP trend? | G19: =IF(D19="","",IF(OR(D19="No", D19>30, D19="Worsening"), "Yes", "No"))
A20: Q99 | B20: False Positives | C20: Top FP source? | G20: =IF(D20="","",IF(OR(D20="No", D20>30, D20="Worsening"), "Yes", "No"))
A21: Q100 | B21: False Positives | C21: FP tuning backlog? | G21: =IF(D21="","",IF(OR(D21="No", D21>30, D21="Worsening"), "Yes", "No"))
A22: Q101 | B22: True Positives | C22: True positives (90 days)? | G22: =IF(D22="","",IF(OR(D22="No", D22>30, D22="Worsening"), "Yes", "No"))
A23: Q102 | B23: True Positives | C23: True positive rate? | D23: =D16/D10*100 | G23: =IF(D23="","",IF(OR(D23="No", D23>30, D23="Worsening"), "Yes", "No"))
A24: Q103 | B24: True Positives | C24: Incident volume trend? | G24: =IF(D24="","",IF(OR(D24="No", D24>30, D24="Worsening"), "Yes", "No"))
A25: Q104 | B25: True Positives | C25: Alert-to-incident ratio? | D25: =D12/D18 | G25: =IF(D25="","",IF(OR(D25="No", D25>30, D25="Worsening"), "Yes", "No"))
A26: Q105 | B26: True Positives | C26: Can SOC handle volume? | G26: =IF(D26="","",IF(OR(D26="No", D26>30, D26="Worsening"), "Yes", "No"))
A27: Q106 | B27: Coverage | C27: Detection blind spots identified? | G27: =IF(D27="","",IF(OR(D27="No", D27>30, D27="Worsening"), "Yes", "No"))
A28: Q107 | B28: Coverage | C28: Coverage gaps prioritised? | G28: =IF(D28="","",IF(OR(D28="No", D28>30, D28="Worsening"), "Yes", "No"))
A29: Q108 | B29: Coverage | C29: Coverage improvement plan? | G29: =IF(D29="","",IF(OR(D29="No", D29>30, D29="Worsening"), "Yes", "No"))

Sheet Gap Analysis
A1: GAP ANALYSIS
A2: ISO/IEC 27001:2022 - Control A.5.24-28: Incident Management | Gap Prioritisation and Remediation Planning (40 Gap Capacity)
A4: Gap ID | B4: Section | C4: Gap Description | D4: Risk Level | E4: Current State | F4: Target State | G4: Remediation | H4: Owner | I4: Target Date | J4: Status
A5: GAP-001

Sheet Evidence Register
A1: EVIDENCE REGISTER
A2: ISO/IEC 27001:2022 - Control A.5.24-28: Incident Management
A4: Evidence ID | B4: Evidence Type | C4: Description | D4: Related Control / Section | E4: Collection Date (DD.MM.YYYY) | F4: Storage Location / Reference | G4: Collected By | H4: Status
A5: EV-001 | B5: Document | C5: Sample evidence entry — replace with actual evidence | D5: All Controls | E5: 01.01.2026 | F5: SharePoint/ISMS/Evidence/ | G5: ISMS Team | H5: Active

Sheet Summary Dashboard
A1: Detection & Classification — SUMMARY DASHBOARD
A2: ISO/IEC 27001:2022 - Control A.5.24-28: Incident Management
A3: COMPLIANCE ASSESSMENT SUMMARY
A4: Assessment Area | B4: Questions Answered | C4: No Gap | D4: Gap Identified | E4: N/A | F4: Target | G4: Compliance %
A5: Detection Mechanisms | B5: =COUNTA('Detection Mechanisms'!D5:D100) | C5: =COUNTIF('Detection Mechanisms'!G5:G100,"No") | D5: =COUNTIF('Detection Mechanisms'!G5:G100,"Yes") | E5: =COUNTIF('Detection Mechanisms'!D5:D100,"N/A") | F5: 85% | G5: =IFERROR(C5/(C5+D5)*100,0)
A6: Alert Handling | B6: =COUNTA('Alert Handling'!D5:D100) | C6: =COUNTIF('Alert Handling'!G5:G100,"No") | D6: =COUNTIF('Alert Handling'!G5:G100,"Yes") | E6: =COUNTIF('Alert Handling'!D5:D100,"N/A") | F6: 85% | G6: =IFERROR(C6/(C6+D6)*100,0)
A7: Classification & Severity | B7: =COUNTA('Classification & Severity'!D5:D100) | C7: =COUNTIF('Classification & Severity'!G5:G100,"No") | D7: =COUNTIF('Classification & Severity'!G5:G100,"Yes") | E7: =COUNTIF('Classification & Severity'!D5:D100,"N/A") | F7: 90% | G7: =IFERROR(C7/(C7+D7)*100,0)
A8: Detection Effectiveness | B8: =COUNTA('Detection Effectiveness'!D5:D100) | C8: =COUNTIF('Detection Effectiveness'!G5:G100,"No") | D8: =COUNTIF('Detection Effectiveness'!G5:G100,"Yes") | E8: =COUNTIF('Detection Effectiveness'!D5:D100,"N/A") | F8: 80% | G8: =IFERROR(C8/(C8+D8)*100,0)
A9: TOTAL | B9: =SUM(B5:B8) | C9: =SUM(C5:C8) | D9: =SUM(D5:D8) | E9: =SUM(E5:E8) | F9: — | G9: =IFERROR(AVERAGE(G5:G8),0)
A11: DETECTION PERFORMANCE METRICS
A12: Metric | B12: Value | C12: Target
A13: Overall MTTD (hours) | B13: ='Detection Effectiveness'!D85 | C13: ≤4h
A14: Overall MTTT (hours) | B14: ='Detection Effectiveness'!D90 | C14: ≤1h
A15: False Positive Rate (%) | B15: ='Detection Effectiveness'!D97 | C15: ≤20%
A16: True Positive Rate (%) | B16: ='Detection Effectiveness'!D102 | C16: ≥80%
A17: Detection Coverage (%) | B17: =COUNTIF('Detection Mechanisms'!D27:D37,"Yes")/11*100 | C17: ≥85%
A18: Alert-to-Incident Ratio | B18: ='Detection Effectiveness'!D104 | C18: ≥0.1
A20: CRITICAL FINDINGS
A21: Critical Finding | B21: Status | C21: Severity
A22: Detection Mechanisms <70% | B22: =IF(G5<70,"[!] Below Target","[OK]") | C22: Critical
A23: Alert Handling <70% | B23: =IF(G6<70,"[!] Below Target","[OK]") | C23: Critical
A24: Classification & Severity <70% | B24: =IF(G7<70,"[!] Below Target","[OK]") | C24: High
A25: Detection Effectiveness <70% | B25: =IF(G8<70,"[!] Below Target","[OK]") | C25: High
A26: Overall detection compliance <70% | B26: =IF(G9<70,"[!] Below Target","[OK]") | C26: Critical
A27: False positive rate too high | B27: =IFERROR(IF('Detection Effectiveness'!D97>30,"[!] High FPR","[OK]"),"") | C27: High

Sheet Approval Sign-Off
A1: ASSESSMENT APPROVAL AND SIGN-OFF
A2: ISO/IEC 27001:2022 - Control A.5.24-28: Incident Management
A3: ASSESSMENT SUMMARY
A4: Document: | B4: ISMS-IMP-A.5.24-28.S2 - Detection & Classification
A5: Assessment Period:
A6: Overall Compliance Rating: | B6: =IFERROR(AVERAGE('Summary Dashboard'!G5:G8),"")
A7: Assessment Status:
A8: Assessed By:
A11: COMPLETED BY (ASSESSOR)
A12: Name:
A13: Title:
A14: Date:
A15: Signature:
A16: Comments:
A18: REVIEWED BY (INFORMATION SECURITY OFFICER)
A19: Name:
A20: Title:
A21: Date:
... A38: Special Considerations:
