Workbook

Sheet Instructions & Legend
A1: ISMS-IMP-A.5.24-28.S3 - Response Capabilities ISO/IEC 27001:2022 - Control A.5.24-28: Incident Management
A3: Document Information
A4: Document ID | B4: ISMS-IMP-A.5.24-28.S3
A5: Workbook Title | B5: Response Capabilities
A6: Control Reference | B6: ISO/IEC 27001:2022 - Control A.5.24-28: Incident Management
A7: Version | B7: 1.0
A8: Assessment Date
A9: Completed By
A10: Organisation
A12: Instructions
A13: 1. Complete Containment Capabilities assessment (30 questions).
A14: 2. Complete Eradication & Remediation assessment (20 questions).
A15: 3. Complete Recovery & Restoration assessment (20 questions).
A16: 4. Complete Communication assessment (20 questions).
A17: 5. Complete Resources & Authority assessment (20 questions).
A18: 6. Complete Playbook Effectiveness assessment (15 questions).
A19: 7. Complete Gap Analysis with prioritised remediation actions.
A20: 8. Link audit evidence in the Evidence Register.
... A24: Status Legend
A25: Symbol | B25: Status | C25: Description
A26: ✓ | B26: Compliant / Complete | C26: Requirement fully met
A27: ⚠ | B27: Partial / In Progress | C27: Partially met or in progress
A28: ✗ | B28: Non-Compliant / Not Started | C28: Requirement not met
A29: — | B29: Not Applicable | C29: Not applicable to this assessment

Sheet Containment Capabilities
A1: CONTAINMENT CAPABILITIES
A2: ISO/IEC 27001:2022 - Control A.5.24-28: Incident Management | Network, Endpoint, Account, Application Containment (30 Questions)
A4: Question ID | B4: Section | C4: Question | D4: Answer | E4: Evidence Reference | F4: Comments | G4: Gap Identified
A5: Q1 | B5: Network | C5: Can [Organisation] isolate network segments? | G5: =IF(D5="","",IF(OR(D5="No", D5="Limited", D5<80), "Yes", "No"))
A6: Q2 | B6: Network | C6: Emergency firewall rule changes capability? | G6: =IF(D6="","",IF(OR(D6="No", D6="Limited", D6<80), "Yes", "No"))
A7: Q3 | B7: Network | C7: Can internet egress be blocked for infected systems? | G7: =IF(D7="","",IF(OR(D7="No", D7="Limited", D7<80), "Yes", "No"))
A8: Q4 | B8: Network | C8: Is there a quarantine VLAN? | G8: =IF(D8="","",IF(OR(D8="No", D8="Limited", D8<80), "Yes", "No"))
A9: Q5 | B9: Network | C9: Average time to execute network containment? | G9: =IF(D9="","",IF(OR(D9="No", D9="Limited", D9<80), "Yes", "No"))
A10: Q6 | B10: Network | C10: Who has authority to order network containment? | G10: =IF(D10="","",IF(OR(D10="No", D10="Limited", D10<80), "Yes", "No"))
A11: Q7 | B11: Network | C11: Network containment procedures documented? | G11: =IF(D11="","",IF(OR(D11="No", D11="Limited", D11<80), "Yes", "No"))
A12: Q8 | B12: Network | C12: Network team available 24/7? | G12: =IF(D12="","",IF(OR(D12="No", D12="Limited", D12<80), "Yes", "No"))
A13: Q9 | B13: Endpoint | C13: Can endpoints be isolated remotely via EDR? | G13: =IF(D13="","",IF(OR(D13="No", D13="Limited", D13<80), "Yes", "No"))
A14: Q10 | B14: Endpoint | C14: Endpoint isolation speed? | G14: =IF(D14="","",IF(OR(D14="No", D14="Limited", D14<80), "Yes", "No"))
A15: Q11 | B15: Endpoint | C15: Non-EDR endpoint isolation capability? | G15: =IF(D15="","",IF(OR(D15="No", D15="Limited", D15<80), "Yes", "No"))
A16: Q12 | B16: Endpoint | C16: % endpoints remotely isolatable? | G16: =IF(D16="","",IF(OR(D16="No", D16="Limited", D16<80), "Yes", "No"))
... A34: Q30 | B34: Metrics | C34: % incidents meeting containment SLA? (6 months) | G34: =IF(D34="","",IF(OR(D34="No", D34="Limited", D34<80), "Yes", "No"))

Sheet Eradication & Remediation
A1: ERADICATION & REMEDIATION
A2: ISO/IEC 27001:2022 - Control A.5.24-28: Incident Management | Malware, Vulnerability, Credential, Threat Actor Expulsion (20 Questions)
A4: Question ID | B4: Section | C4: Question | D4: Answer | E4: Evidence Reference | F4: Comments | G4: Gap Identified
A5: Q31 | B5: Malware | C5: Malware removal procedures documented? | G5: =IF(D5="","",IF(OR(D5="No", D5="Limited", D5<80), "Yes", "No"))
A6: Q32 | B6: Malware | C6: EDR automated malware removal? | G6: =IF(D6="","",IF(OR(D6="No", D6="Limited", D6<80), "Yes", "No"))
A7: Q33 | B7: Malware | C7: Reimaging capability? | G7: =IF(D7="","",IF(OR(D7="No", D7="Limited", D7<80), "Yes", "No"))
A8: Q34 | B8: Malware | C8: Persistence mechanism checks? | G8: =IF(D8="","",IF(OR(D8="No", D8="Limited", D8<80), "Yes", "No"))
A9: Q35 | B9: Malware | C9: Network share malware scanning? | G9: =IF(D9="","",IF(OR(D9="No", D9="Limited", D9<80), "Yes", "No"))
A10: Q36 | B10: Malware | C10: Malware sample collection before removal? | G10: =IF(D10="","",IF(OR(D10="No", D10="Limited", D10<80), "Yes", "No"))
A11: Q37 | B11: Vulnerability | C11: Emergency patching capability? | G11: =IF(D11="","",IF(OR(D11="No", D11="Limited", D11<80), "Yes", "No"))
A12: Q38 | B12: Vulnerability | C12: Average vulnerability remediation time? | G12: =IF(D12="","",IF(OR(D12="No", D12="Limited", D12<80), "Yes", "No"))
A13: Q39 | B13: Vulnerability | C13: Can patch testing be waived? | G13: =IF(D13="","",IF(OR(D13="No", D13="Limited", D13<80), "Yes", "No"))
A14: Q40 | B14: Vulnerability | C14: Configuration hardening after incidents? | G14: =IF(D14="","",IF(OR(D14="No", D14="Limited", D14<80), "Yes", "No"))
A15: Q41 | B15: Vulnerability | C15: Emergency code fix deployment? | G15: =IF(D15="","",IF(OR(D15="No", D15="Limited", D15<80), "Yes", "No"))
A16: Q42 | B16: Vulnerability | C16: Workaround implementation capability? | G16: =IF(D16="","",IF(OR(D16="No", D16="Limited", D16<80), "Yes", "No"))
... A24: Q50 | B24: Expulsion | C24: Re-infection prevention measures? | G24: =IF(D24="","",IF(OR(D24="No", D24="Limited", D24<80), "Yes", "No"))

Sheet Recovery & Restoration
A1: RECOVERY & RESTORATION
A2: ISO/IEC 27001:2022 - Control A.5.24-28: Incident Management | System Restoration, Service Resumption, Post-Recovery Monitoring (20 Questions)
A4: Question ID | B4: Section | C4: Question | D4: Answer | E4: Evidence Reference | F4: Comments | G4: Gap Identified
A5: Q51 | B5: Restoration | C5: System restoration procedures documented? | G5: =IF(D5="","",IF(OR(D5="No", D5="Limited", D5<80), "Yes", "No"))
A6: Q52 | B6: Restoration | C6: Backup availability for critical systems? | G6: =IF(D6="","",IF(OR(D6="No", D6="Limited", D6<80), "Yes", "No"))
A7: Q53 | B7: Restoration | C7: Average backup restoration time? | G7: =IF(D7="","",IF(OR(D7="No", D7="Limited", D7<80), "Yes", "No"))
A8: Q54 | B8: Restoration | C8: Backup integrity verification before restoration? | G8: =IF(D8="","",IF(OR(D8="No", D8="Limited", D8<80), "Yes", "No"))
A9: Q55 | B9: Restoration | C9: Clean rebuild capability? | G9: =IF(D9="","",IF(OR(D9="No", D9="Limited", D9<80), "Yes", "No"))
A10: Q56 | B10: Restoration | C10: Configuration restoration capability? | G10: =IF(D10="","",IF(OR(D10="No", D10="Limited", D10<80), "Yes", "No"))
A11: Q57 | B11: Restoration | C11: Data recovery testing frequency? | G11: =IF(D11="","",IF(OR(D11="No", D11="Limited", D11<80), "Yes", "No"))
A12: Q58 | B12: Resumption | C12: Service resumption procedures documented? | G12: =IF(D12="","",IF(OR(D12="No", D12="Limited", D12<80), "Yes", "No"))
A13: Q59 | B13: Resumption | C13: Post-recovery validation? | G13: =IF(D13="","",IF(OR(D13="No", D13="Limited", D13<80), "Yes", "No"))
A14: Q60 | B14: Resumption | C14: Staged recovery capability? | G14: =IF(D14="","",IF(OR(D14="No", D14="Limited", D14<80), "Yes", "No"))
A15: Q61 | B15: Resumption | C15: User communication during recovery? | G15: =IF(D15="","",IF(OR(D15="No", D15="Limited", D15<80), "Yes", "No"))
A16: Q62 | B16: Resumption | C16: Service degradation mode capability? | G16: =IF(D16="","",IF(OR(D16="No", D16="Limited", D16<80), "Yes", "No"))
... A24: Q70 | B24: Monitoring | C24: Recovery success rate (no recurrence)? (6 months) | G24: =IF(D24="","",IF(OR(D24="No", D24="Limited", D24<80), "Yes", "No"))

Sheet Communication
A1: COMMUNICATION
A2: ISO/IEC 27001:2022 - Control A.5.24-28: Incident Management | Internal, External, Crisis Communication (20 Questions)
A4: Question ID | B4: Section | C4: Question | D4: Answer | E4: Evidence Reference | F4: Comments | G4: Gap Identified
A5: Q71 | B5: Internal | C5: Internal communication protocol documented? | G5: =IF(D5="","",IF(OR(D5="No", D5="Limited", D5<80), "Yes", "No"))
A6: Q72 | B6: Internal | C6: Management notifications within SLA? | G6: =IF(D6="","",IF(OR(D6="No", D6="Limited", D6<80), "Yes", "No"))
A7: Q73 | B7: Internal | C7: Affected user notification? | G7: =IF(D7="","",IF(OR(D7="No", D7="Limited", D7<80), "Yes", "No"))
A8: Q74 | B8: Internal | C8: IT Ops coordination method? | G8: =IF(D8="","",IF(OR(D8="No", D8="Limited", D8<80), "Yes", "No"))
A9: Q75 | B9: Internal | C9: Communication templates available? | G9: =IF(D9="","",IF(OR(D9="No", D9="Limited", D9<80), "Yes", "No"))
A10: Q76 | B10: Internal | C10: Communication approval process? | G10: =IF(D10="","",IF(OR(D10="No", D10="Limited", D10<80), "Yes", "No"))
A11: Q77 | B11: Internal | C11: All incident communication logged? | G11: =IF(D11="","",IF(OR(D11="No", D11="Limited", D11<80), "Yes", "No"))
A12: Q78 | B12: External | C12: External communication procedures documented? | G12: =IF(D12="","",IF(OR(D12="No", D12="Limited", D12<80), "Yes", "No"))
A13: Q79 | B13: External | C13: Customer notification capability? | G13: =IF(D13="","",IF(OR(D13="No", D13="Limited", D13<80), "Yes", "No"))
A14: Q80 | B14: External | C14: Regulatory notification templates ready? | G14: =IF(D14="","",IF(OR(D14="No", D14="Limited", D14<80), "Yes", "No"))
A15: Q81 | B15: External | C15: Media inquiry handling process? | G15: =IF(D15="","",IF(OR(D15="No", D15="Limited", D15<80), "Yes", "No"))
A16: Q82 | B16: External | C16: Third-party notification when affected? | G16: =IF(D16="","",IF(OR(D16="No", D16="Limited", D16<80), "Yes", "No"))
... A24: Q90 | B24: Crisis | C24: CSIRT communication training? | G24: =IF(D24="","",IF(OR(D24="No", D24="Limited", D24<80), "Yes", "No"))

Sheet Resources & Authority
A1: RESOURCES & AUTHORITY
A2: ISO/IEC 27001:2022 - Control A.5.24-28: Incident Management | CSIRT Availability, Tool Access, Decision Authority, Budget (20 Questions)
A4: Question ID | B4: Section | C4: Question | D4: Answer | E4: Evidence Reference | F4: Comments | G4: Gap Identified
A5: Q91 | B5: CSIRT Availability | C5: CSIRT 24/7 coverage? | G5: =IF(D5="","",IF(OR(D5="No", D5="Limited", D5<80), "Yes", "No"))
A6: Q92 | B6: CSIRT Availability | C6: On-call response SLA? | G6: =IF(D6="","",IF(OR(D6="No", D6="Limited", D6<80), "Yes", "No"))
A7: Q93 | B7: CSIRT Availability | C7: On-call escalation process? | G7: =IF(D7="","",IF(OR(D7="No", D7="Limited", D7<80), "Yes", "No"))
A8: Q94 | B8: CSIRT Availability | C8: Weekend/holiday coverage? | G8: =IF(D8="","",IF(OR(D8="No", D8="Limited", D8<80), "Yes", "No"))
A9: Q95 | B9: CSIRT Availability | C9: Surge capacity for multiple incidents? | G9: =IF(D9="","",IF(OR(D9="No", D9="Limited", D9<80), "Yes", "No"))
A10: Q96 | B10: Tool Access | C10: After-hours tool access? | G10: =IF(D10="","",IF(OR(D10="No", D10="Limited", D10<80), "Yes", "No"))
A11: Q97 | B11: Tool Access | C11: Remote response capability? | G11: =IF(D11="","",IF(OR(D11="No", D11="Limited", D11<80), "Yes", "No"))
A12: Q98 | B12: Tool Access | C12: Emergency system access? | G12: =IF(D12="","",IF(OR(D12="No", D12="Limited", D12<80), "Yes", "No"))
A13: Q99 | B13: Tool Access | C13: External partner tool access? | G13: =IF(D13="","",IF(OR(D13="No", D13="Limited", D13<80), "Yes", "No"))
A14: Q100 | B14: Tool Access | C14: VPN capacity for mass remote work? | G14: =IF(D14="","",IF(OR(D14="No", D14="Limited", D14<80), "Yes", "No"))
A15: Q101 | B15: Authority | C15: Emergency decision authority documented? | G15: =IF(D15="","",IF(OR(D15="No", D15="Limited", D15<80), "Yes", "No"))
A16: Q102 | B16: Authority | C16: CSIRT business impact decision authority? | G16: =IF(D16="","",IF(OR(D16="No", D16="Limited", D16<80), "Yes", "No"))
... A24: Q110 | B24: Budget | C24: Cyber insurance coverage? | G24: =IF(D24="","",IF(OR(D24="No", D24="Limited", D24<80), "Yes", "No"))

Sheet Playbook Effectiveness
A1: PLAYBOOK EFFECTIVENESS
A2: ISO/IEC 27001:2022 - Control A.5.24-28: Incident Management | Usage, Quality, Training, Testing, Automation, Improvement (15 Questions)
A4: Question ID | B4: Section | C4: Question | D4: Answer | E4: Evidence Reference | F4: Comments | G4: Gap Identified
A5: Q111 | B5: Usage | C5: Playbook usage rate? | G5: =IF(D5="","",IF(OR(D5="No", D5="Limited", D5<80), "Yes", "No"))
A6: Q112 | B6: Quality | C6: Playbooks comprehensive? | G6: =IF(D6="","",IF(OR(D6="No", D6="Limited", D6<80), "Yes", "No"))
A7: Q113 | B7: Quality | C7: Playbooks accurate? | G7: =IF(D7="","",IF(OR(D7="No", D7="Limited", D7<80), "Yes", "No"))
A8: Q114 | B8: Quality | C8: Playbooks updated after incidents? | G8: =IF(D8="","",IF(OR(D8="No", D8="Limited", D8<80), "Yes", "No"))
A9: Q115 | B9: Quality | C9: Playbook accessibility during incidents? | G9: =IF(D9="","",IF(OR(D9="No", D9="Limited", D9<80), "Yes", "No"))
A10: Q116 | B10: By Category | C10: Playbook: Ransomware - Quality? | G10: =IF(D10="","",IF(OR(D10="No", D10="Limited", D10<80), "Yes", "No"))
A11: Q117 | B11: By Category | C11: Playbook: Phishing - Quality? | G11: =IF(D11="","",IF(OR(D11="No", D11="Limited", D11<80), "Yes", "No"))
A12: Q118 | B12: By Category | C12: Playbook: Data Breach - Quality? | G12: =IF(D12="","",IF(OR(D12="No", D12="Limited", D12<80), "Yes", "No"))
A13: Q119 | B13: By Category | C13: Playbook: Unauthorised Access - Quality? | G13: =IF(D13="","",IF(OR(D13="No", D13="Limited", D13<80), "Yes", "No"))
A14: Q120 | B14: By Category | C14: Playbook: DDoS - Quality? | G14: =IF(D14="","",IF(OR(D14="No", D14="Limited", D14<80), "Yes", "No"))
A15: Q121 | B15: Training | C15: Responders trained on playbooks? | G15: =IF(D15="","",IF(OR(D15="No", D15="Limited", D15<80), "Yes", "No"))
A16: Q122 | B16: Testing | C16: Playbooks tested during exercises? | G16: =IF(D16="","",IF(OR(D16="No", D16="Limited", D16<80), "Yes", "No"))
... A19: Q125 | B19: Improvement | C19: Playbook improvement process? | G19: =IF(D19="","",IF(OR(D19="No", D19="Limited", D19<80), "Yes", "No"))

Sheet Gap Analysis
A1: GAP ANALYSIS
A2: ISO/IEC 27001:2022 - Control A.5.24-28: Incident Management | Gap Prioritisation and Remediation Planning (40 Gap Capacity)
A4: Gap ID | B4: Section | C4: Gap Description | D4: Risk Level | E4: Current State | F4: Target State | G4: Remediation | H4: Owner | I4: Target Date | J4: Status
A5: GAP-001

Sheet Evidence Register
A1: EVIDENCE REGISTER
A2: ISO/IEC 27001:2022 - Control A.5.24-28: Incident Management
A4: Evidence ID | B4: Evidence Type | C4: Description | D4: Related Control / Section | E4: Collection Date (DD.MM.YYYY) | F4: Storage Location / Reference | G4: Collected By | H4: Status
A5: EV-001 | B5: Document | C5: Sample evidence entry — replace with actual evidence | D5: All Controls | E5: 01.01.2026 | F5: SharePoint/ISMS/Evidence/ | G5: ISMS Team | H5: Active

Sheet Summary Dashboard
A1: Response Capabilities — SUMMARY DASHBOARD
A2: ISO/IEC 27001:2022 - Control A.5.24-28: Incident Management
A3: COMPLIANCE ASSESSMENT SUMMARY
A4: Assessment Area | B4: Questions Answered | C4: No Gap | D4: Gap Identified | E4: N/A | F4: Target | G4: Compliance %
A5: Containment Capabilities | B5: =COUNTA('Containment Capabilities'!D5:D100) | C5: =COUNTIF('Containment Capabilities'!G5:G100,"No") | D5: =COUNTIF('Containment Capabilities'!G5:G100,"Yes") | E5: =COUNTIF('Containment Capabilities'!D5:D100,"N/A") | F5: 85% | G5: =IFERROR(C5/(C5+D5)*100,0)
A6: Eradication & Remediation | B6: =COUNTA('Eradication & Remediation'!D5:D100) | C6: =COUNTIF('Eradication & Remediation'!G5:G100,"No") | D6: =COUNTIF('Eradication & Remediation'!G5:G100,"Yes") | E6: =COUNTIF('Eradication & Remediation'!D5:D100,"N/A") | F6: 85% | G6: =IFERROR(C6/(C6+D6)*100,0)
A7: Recovery & Restoration | B7: =COUNTA('Recovery & Restoration'!D5:D100) | C7: =COUNTIF('Recovery & Restoration'!G5:G100,"No") | D7: =COUNTIF('Recovery & Restoration'!G5:G100,"Yes") | E7: =COUNTIF('Recovery & Restoration'!D5:D100,"N/A") | F7: 85% | G7: =IFERROR(C7/(C7+D7)*100,0)
A8: Communication | B8: =COUNTA('Communication'!D5:D100) | C8: =COUNTIF('Communication'!G5:G100,"No") | D8: =COUNTIF('Communication'!G5:G100,"Yes") | E8: =COUNTIF('Communication'!D5:D100,"N/A") | F8: 90% | G8: =IFERROR(C8/(C8+D8)*100,0)
A9: Resources & Authority | B9: =COUNTA('Resources & Authority'!D5:D100) | C9: =COUNTIF('Resources & Authority'!G5:G100,"No") | D9: =COUNTIF('Resources & Authority'!G5:G100,"Yes") | E9: =COUNTIF('Resources & Authority'!D5:D100,"N/A") | F9: 80% | G9: =IFERROR(C9/(C9+D9)*100,0)
A10: Playbook Effectiveness | B10: =COUNTA('Playbook Effectiveness'!D5:D100) | C10: =COUNTIF('Playbook Effectiveness'!G5:G100,"No") | D10: =COUNTIF('Playbook Effectiveness'!G5:G100,"Yes") | E10: =COUNTIF('Playbook Effectiveness'!D5:D100,"N/A") | F10: 80% | G10: =IFERROR(C10/(C10+D10)*100,0)
A11: TOTAL | B11: =SUM(B5:B10) | C11: =SUM(C5:C10) | D11: =SUM(D5:D10) | E11: =SUM(E5:E10) | F11: — | G11: =IFERROR(AVERAGE(G5:G10),0)
A13: RESPONSE PERFORMANCE METRICS
A14: Metric | B14: Value | C14: Target
A15: Mean Time to Contain (MTTC) | B15: ='Containment Capabilities'!D28 | C15: ≤4h
A16: MTTC Critical Incidents | B16: ='Containment Capabilities'!D29 | C16: ≤1h
A17: Containment SLA Compliance | B17: ='Containment Capabilities'!D30 | C17: ≥90%
A18: Mean Time to Recover (MTTR) | B18: ='Recovery & Restoration'!D68 | C18: ≤24h
A19: MTTR Critical Incidents | B19: ='Recovery & Restoration'!D69 | C19: ≤8h
A20: Recovery Success Rate | B20: ='Recovery & Restoration'!D70 | C20: ≥95%
A21: Playbook Usage Rate | B21: ='Playbook Effectiveness'!D111 | C21: ≥80%
A22: Playbook Automation Rate | B22: ='Playbook Effectiveness'!D123 | C22: ≥30%
A24: CRITICAL FINDINGS
A25: Critical Finding | B25: Status | C25: Severity
A26: Containment Capabilities <70% | B26: =IF(G5<70,"[!] Below Target","[OK]") | C26: Critical
A27: Eradication & Remediation <70% | B27: =IF(G6<70,"[!] Below Target","[OK]") | C27: Critical
A28: Recovery & Restoration <70% | B28: =IF(G7<70,"[!] Below Target","[OK]") | C28: Critical
A29: Communication <70% | B29: =IF(G8<70,"[!] Below Target","[OK]") | C29: High
A30: Resources & Authority <70% | B30: =IF(G9<70,"[!] Below Target","[OK]") | C30: High
A31: Playbook Effectiveness <70% | B31: =IF(G10<70,"[!] Below Target","[OK]") | C31: High
A32: Overall response compliance <70% | B32: =IF(G11<70,"[!] Below Target","[OK]") | C32: Critical

Sheet Approval Sign-Off
A1: ASSESSMENT APPROVAL AND SIGN-OFF
A2: ISO/IEC 27001:2022 - Control A.5.24-28: Incident Management
A3: ASSESSMENT SUMMARY
A4: Document: | B4: ISMS-IMP-A.5.24-28.S3 - Response Capabilities
A5: Assessment Period:
A6: Overall Compliance Rating: | B6: =IFERROR(AVERAGE('Summary Dashboard'!G5:G10),"")
A7: Assessment Status:
A8: Assessed By:
A11: COMPLETED BY (ASSESSOR)
A12: Name:
A13: Title:
A14: Date:
A15: Signature:
A16: Comments:
A18: REVIEWED BY (INFORMATION SECURITY OFFICER)
A19: Name:
A20: Title:
A21: Date:
... A38: Special Considerations:
