Workbook

Sheet Instructions & Legend
A1: ISMS-IMP-A.5.24-28.S5 - Learning & Continuous Improvement ISO/IEC 27001:2022 - Control A.5.27: Learning from Information Security Incidents
A3: Document Information
A4: Document ID | B4: ISMS-IMP-A.5.24-28.S5
A5: Workbook Title | B5: Learning & Continuous Improvement
A6: Control Reference | B6: ISO/IEC 27001:2022 - Control A.5.27: Learning from Information Security Incidents
A7: Version | B7: 1.0
A8: Assessment Date
A9: Completed By
A10: Organisation
A12: Instructions
A13: 1. Complete PIR Process sheet — review all PIRs from last 12 months.
A14: 2. Complete Root Cause Analysis sheet — assess RCA quality for Critical/High incidents.
A15: 3. Complete Lessons Learned sheet — verify documentation and distribution.
A16: 4. Complete Control Improvements sheet — track remediation actions.
A17: 5. Complete Trend Analysis sheet — verify KPIs and reporting.
A18: 6. Review Gap Analysis.
A19: 7. Link evidence in Evidence Register.
A20: 8. Review Summary Dashboard for overall compliance.
... A23: Status Legend
A24: Symbol | B24: Status | C24: Description
A25: ✓ | B25: Compliant / Complete | C25: Requirement fully met
A26: ⚠ | B26: Partial / In Progress | C26: Partially met or in progress
A27: ✗ | B27: Non-Compliant / Not Started | C27: Requirement not met
A28: — | B28: Not Applicable | C28: Not applicable to this assessment

Sheet PIR Process
A1: PIR PROCESS ASSESSMENT
A2: ISO/IEC 27001:2022 - Control A.5.27: Learning from Information Security Incidents | Post-Incident Review timeliness, quality scoring, and SLA compliance
A3: Section A: PIR Inventory (Last 12 Months)
A5: Incident ID | B5: Incident Date | C5: Severity | D5: Resolution Date | E5: PIR Status | F5: PIR Completion Date | G5: SLA Days | H5: Actual Days | I5: SLA Met | J5: Participants Met | K5: Quality Score | L5: Evidence Ref
A6: INC-001 | B6: 01.01.2026 | C6: High | D6: 04.01.2026 | E6: Completed | F6: 08.01.2026 | G6: 5 | H6: 7 | I6: Yes | J6: Yes | K6: 4 | L6: EV-001
A58: Section B: PIR Quality Scoring Criteria (Reference)
A59: 5 - Excellent | B59: Complete timeline, full impact assessment, all action items with owners/dates, root cause referenced, distributed
A60: 4 - Good | B60: Timeline and impact documented, most action items defined, minor gaps in distribution
A61: 3 - Adequate | B61: Basic incident summary, some action items defined, distribution incomplete
A62: 2 - Poor | B62: Minimal documentation, few action items, no distribution
A63: 1 - Non-existent | B63: PIR marked complete but no substantive report exists
A65: Section C: PIR Process Summary
A66: Total incidents in period | D66: =COUNTA(A7:A56)
A67: PIRs completed | D67: =COUNTIF(E7:E56,"Completed")
A68: PIRs overdue | D68: =COUNTIF(E7:E56,"Overdue")
A69: SLA compliance rate (%) | D69: =IF(B67>0,COUNTIF(I7:I56,"Yes")/B67*100,0)
A70: Average quality score | D70: =AVERAGE(K7:K56)
A71: Participant requirement met (%) | D71: =IF(B67>0,COUNTIF(J7:J56,"Yes")/B67*100,0)

Sheet Root Cause Analysis
A1: ROOT CAUSE ANALYSIS ASSESSMENT
A2: ISO/IEC 27001:2022 - Control A.5.27: Learning from Information Security Incidents | RCA inventory, depth scoring, methodology, and recurring cause identification
A3: Section A: RCA Inventory (Critical and High Incidents)
A5: Incident ID | B5: Severity | C5: RCA Status | D5: RCA Date | E5: Methodology | F5: Root Cause Summary | G5: Depth Score | H5: Recurring | I5: Evidence Ref
A6: INC-001 | B6: Critical | C6: Completed | D6: 05.01.2026 | E6: 5_Whys | F6: Misconfigured firewall rule allowed lateral movement — sample entry | G6: 3 - Systemic | H6: No | I6: EV-001
A59: Section B: RCA Quality Questions
A60: Does RCA go beyond immediate technical cause to identify process/governance gaps?
A61: Was the RCA methodology appropriate for the incident complexity?
A62: Are preventive recommendations specific and actionable?
A63: Has the RCA been reviewed by someone other than the incident owner?
A66: Section C: RCA Summary
A67: Critical/High incidents in period | D67: =COUNTA(A7:A56)
A68: RCAs completed | D68: =COUNTIF(C7:C56,"Completed")
A69: RCAs not performed | D69: =COUNTIF(C7:C56,"Not_Performed")
A70: Systemic depth RCAs | D70: =COUNTIF(G7:G56,"3 - Systemic")
A71: Recurring root causes | D71: =COUNTIF(H7:H56,"Yes")

Sheet Lessons Learned
A1: LESSONS LEARNED ASSESSMENT
A2: ISO/IEC 27001:2022 - Control A.5.27: Learning from Information Security Incidents | Lessons learned log, knowledge base inventory, and governance verification
A3: Section A: Lessons Learned Log (Per PIR)
A5: PIR ID | B5: LL Entry Date | C5: Lesson Summary | D5: Distribution Date | E5: SLA Met | F5: Playbook Update | G5: Playbook Date | H5: Evidence Ref
A6: PIR-001 | B6: 08.01.2026 | C6: Firewall rules must be reviewed quarterly — sample entry | D6: 15.01.2026 | E6: Yes | F6: Yes | G6: 20.01.2026 | H6: EV-001
A59: Section B: Knowledge Base Inventory
A61: KB ID | B61: Title | C61: Type | D61: Last Updated | E61: Status | F61: Owner | G61: Evidence Ref
A79: Section C: Lessons Learned Summary
A80: Total lessons learned entries | D80: =COUNTA(A7:A56)
A81: Distribution SLA met (%) | D81: =IF(COUNTA(A7:A56)>0,COUNTIF(E7:E56,"Yes")/COUNTA(A7:A56)*100,0)
A82: Playbook updates completed | D82: =COUNTIF(F7:F56,"Yes")
A83: KB items current | D83: =COUNTIF(E62:E76,"Current")
A84: KB items outdated/missing | D84: =COUNTIFS(E62:E76,"<>Current",E62:E76,"<>")

Sheet Control Improvements
A1: CONTROL IMPROVEMENTS ASSESSMENT
A2: ISO/IEC 27001:2022 - Control A.5.27: Learning from Information Security Incidents | Remediation action register, closure tracking, and overdue escalation
A3: Section A: Remediation Action Register
A5: Action ID | B5: Source Incident | C5: Action Description | D5: Priority | E5: Owner | F5: Target Date | G5: Status | H5: Completion Date | I5: Verified By | J5: Escalated | K5: Evidence Ref
A6: ACT-001 | B6: INC-001 | C6: Update firewall rules and review quarterly — sample entry | D6: High | E6: IT Manager | F6: 28.02.2026 | G6: Open | J6: No | K6: EV-001
A59: Section B: Action Summary Metrics
A60: Total actions | D60: =COUNTA(A7:A56)
A61: Actions completed | D61: =COUNTIF(G7:G56,"Completed")
A62: Actions open | D62: =COUNTIF(G7:G56,"Open")
A63: Actions blocked | D63: =COUNTIF(G7:G56,"Blocked")
A64: Closure rate (%) | D64: =IF(COUNTA(A7:A56)>0,COUNTIF(G7:G56,"Completed")/COUNTA(A7:A56)*100,0)
A65: Critical actions open | D65: =COUNTIFS(D7:D56,"Critical",G7:G56,"<>Completed")
A66: Overdue actions | D66: =COUNTIFS(F7:F56,"<"&TODAY(),G7:G56,"<>Completed")

Sheet Trend Analysis
A1: TREND ANALYSIS ASSESSMENT
A2: ISO/IEC 27001:2022 - Control A.5.27: Learning from Information Security Incidents | KPI definitions, current values, trend tracking, and reporting cadence
A3: Section A: KPI Definitions and Current Values
A5: KPI | B5: Metric Type | C5: Target | D5: Current | E5: Status | F5: Trend | G5: Period | H5: Evidence Ref
A6: Incident Recurrence Rate | B6: Percentage | C6: <=15%
A7: PIR SLA Compliance Rate | B7: Percentage | C7: >=95%
A8: Lessons Learned Distribution SLA | B8: Percentage | C8: >=90%
A9: Remediation Closure Rate | B9: Percentage | C9: >=85%
A10: Average PIR Quality Score | B10: Score (1-5) | C10: >=4.0
A11: RCA Completion Rate (Crit/High) | B11: Percentage | C11: 100%
A12: MTTD (Critical Incidents) | B12: Hours | C12: <=1
A13: MTTR (Critical Incidents) | B13: Hours | C13: <=4
A16: Section B: Reporting Cadence Verification
A18: Report Type | B18: Frequency | C18: Last Produced | D18: On Schedule | E18: Recipients Documented | F18: Evidence Ref
A19: Weekly CSIRT Status | B19: Weekly
A20: Monthly Incident Summary | B20: Monthly
A21: Quarterly Trend Report | B21: Quarterly
A22: Annual Executive Report | B22: Annual

Sheet Gap Analysis
A1: GAP ANALYSIS
A2: ISO/IEC 27001:2022 - Control A.5.27: Learning from Information Security Incidents | Consolidated gap register for Learning & Continuous Improvement domain
A3: Consolidated Gap Register
A5: Gap ID | B5: Source Sheet | C5: Gap Description | D5: Severity | E5: Owner | F5: Target Date | G5: Remediation Plan | H5: Status
A6: GAP-001 | B6: PIR Process | C6: PIR completion SLA not consistently met — sample entry | D6: High | E6: CSIRT Manager | F6: 31.03.2026 | G6: Establish automated SLA tracking | H6: Open
A59: Total Gaps: | B59: =COUNTA(A7:A56) | C59: Critical: | D59: =COUNTIF(D7:D56,"Critical") | E59: High: | F59: =COUNTIF(D7:D56,"High")

Sheet Evidence Register
A1: EVIDENCE REGISTER
A2: ISO/IEC 27001:2022 - Control A.5.27: Learning from Information Security Incidents
A4: Evidence ID | B4: Evidence Type | C4: Description | D4: Related Control / Section | E4: Collection Date (DD.MM.YYYY) | F4: Storage Location / Reference | G4: Collected By | H4: Status
A5: EV-001 | B5: Document | C5: Sample evidence entry — replace with actual evidence | D5: All Controls | E5: 01.01.2026 | F5: SharePoint/ISMS/Evidence/ | G5: ISMS Team | H5: Active

Sheet Summary Dashboard
A1: Learning & Continuous Improvement — SUMMARY DASHBOARD
A2: ISO/IEC 27001:2022 - Control A.5.27: Learning from Information Security Incidents
A3: COMPLIANCE ASSESSMENT SUMMARY
A4: Assessment Area | B4: Records | C4: Completed | D4: In Progress | E4: Not Done | F4: Target | G4: Completion %
A5: PIR Process | B5: =COUNTA('PIR Process'!A6:A100) | C5: =COUNTIF('PIR Process'!E5:E100,"Completed") | D5: =COUNTIF('PIR Process'!E5:E100,"Pending") | E5: =COUNTIF('PIR Process'!E5:E100,"Overdue") | F5: 95% | G5: =IFERROR(C5/(C5+D5+E5)*100,0)
A6: Root Cause Analysis | B6: =COUNTA('Root Cause Analysis'!A6:A100) | C6: =COUNTIF('Root Cause Analysis'!C5:C100,"Completed") | D6: =COUNTIF('Root Cause Analysis'!C5:C100,"In_Progress") | E6: =COUNTIF('Root Cause Analysis'!C5:C100,"Not_Performed") | F6: 90% | G6: =IFERROR(C6/(C6+D6+E6)*100,0)
A7: Lessons Learned | B7: =COUNTA('Lessons Learned'!A6:A100) | C7: =COUNTIF('Lessons Learned'!F5:F100,"Yes") | D7: =COUNTIF('Lessons Learned'!F5:F100,"N/A") | E7: =COUNTIF('Lessons Learned'!F5:F100,"No") | F7: 85% | G7: =IFERROR(C7/(C7+D7+E7)*100,0)
A8: Control Improvements | B8: =COUNTA('Control Improvements'!A6:A100) | C8: =COUNTIF('Control Improvements'!G5:G100,"Completed") | D8: =COUNTIF('Control Improvements'!G5:G100,"In_Progress")+COUNTIF('Control Improvements'!G5:G100,"Open") | E8: =COUNTIF('Control Improvements'!G5:G100,"Blocked")+COUNTIF('Control Improvements'!G5:G100,"Cancelled") | F8: 85% | G8: =IFERROR(C8/(C8+D8+E8)*100,0)
A9: Trend Analysis | B9: =COUNTA('Trend Analysis'!A6:A100) | C9: =COUNTIF('Trend Analysis'!E5:E100,"Yes") | D9: =COUNTIF('Trend Analysis'!E5:E100,"At_Risk") | E9: =COUNTIF('Trend Analysis'!E5:E100,"No") | F9: 80% | G9: =IFERROR(C9/(C9+D9+E9)*100,0)
A10: TOTAL | B10: =SUM(B5:B9) | C10: =SUM(C5:C9) | D10: =SUM(D5:D9) | E10: =SUM(E5:E9) | F10: — | G10: =IFERROR(AVERAGE(G5:G9),0)
A12: LEARNING PROGRAMME METRICS
A13: Metric | B13: Value | C13: Target
A14: PIR Completion Rate (%) | B14: ='PIR Process'!D72 | C14: ≥95%
A15: RCA Completion Rate (%) | B15: ='Root Cause Analysis'!D70 | C15: ≥90%
A16: Lessons Learned Action Rate (%) | B16: ='Lessons Learned'!D82 | C16: ≥85%
A17: Control Improvement Closure Rate (%) | B17: ='Control Improvements'!D63 | C17: ≥80%
A19: CRITICAL FINDINGS
A20: Critical Finding | B20: Status | C20: Severity
A21: PIR completion <70% | B21: =IF(G5<70,"[!] Below Target","[OK]") | C21: Critical
A22: RCA completion <70% | B22: =IF(G6<70,"[!] Below Target","[OK]") | C22: Critical
A23: Lessons learned actioned <70% | B23: =IF(G7<70,"[!] Below Target","[OK]") | C23: High
A24: Control improvements <70% | B24: =IF(G8<70,"[!] Below Target","[OK]") | C24: High
A25: Trend analysis KPIs <70% | B25: =IF(G9<70,"[!] Below Target","[OK]") | C25: High
A26: Overall learning rate <70% | B26: =IF(G10<70,"[!] Below Target","[OK]") | C26: Critical

Sheet Approval Sign-Off
A1: ASSESSMENT APPROVAL AND SIGN-OFF
A2: ISO/IEC 27001:2022 - Control A.5.27: Learning from Information Security Incidents
A3: ASSESSMENT SUMMARY
A4: Document: | B4: ISMS-IMP-A.5.24-28.S5 - Learning & Continuous Improvement
A5: Assessment Period:
A6: Overall Compliance Rating: | B6: =IFERROR(AVERAGE('Summary Dashboard'!G5:G9),"")
A7: Assessment Status:
A8: Assessed By:
A11: COMPLETED BY (ASSESSOR)
A12: Name:
A13: Title:
A14: Date:
A15: Signature:
A16: Comments:
A18: REVIEWED BY (INFORMATION SECURITY OFFICER)
A19: Name:
A20: Title:
A21: Date:
... A38: Special Considerations:
