Workbook

Sheet Instructions & Legend
A1: ISMS-IMP-A.5.12-13.S2 - Labelling Procedures and Standards ISO/IEC 27001:2022 - Control A.5.13: Labelling of Information
A3: Document Information
A4: Document ID | B4: ISMS-IMP-A.5.12-13.S2
A5: Workbook Title | B5: Labelling Procedures and Standards
A6: Control Reference | B6: ISO/IEC 27001:2022 - Control A.5.13: Labelling of Information
A7: Version | B7: 1.0
A8: Assessment Date
A9: Completed By
A10: Organisation
A12: Instructions
A13: 1. Complete Labelling Standards — define label format and placement for each classification level.
A14: 2. Complete Digital Labelling — document metadata tagging, DLP labels, and email header requirements.
A15: 3. Complete Physical Labelling — document labelling requirements for printed and physical media.
A16: 4. Complete Automation Tools — assess labelling tool deployment and coverage.
A17: 5. Maintain the Evidence Register with labelling procedure documentation and tool configurations.
A18: 6. Obtain final approval and sign-off in the Approval Sign-Off sheet.
A20: Status Legend
A21: Symbol | B21: Status | C21: Description
A22: ✓ | B22: Compliant / Complete | C22: Requirement fully met
A23: ⚠ | B23: Partial / In Progress | C23: Partially met or in progress
A24: ✗ | B24: Non-Compliant / Not Started | C24: Requirement not met
A25: — | B25: Not Applicable | C25: Not applicable to this assessment

Sheet Labelling Standards
A1: VISUAL LABELLING STANDARDS
A2: Define visual indicators, colours, and formats for each classification level
A4: Classification Level | B4: Display Text | C4: Colour (Hex) | D4: Header Format | E4: Footer Format | F4: Watermark Text | G4: Banner Style | H4: Icon/Symbol | I4: Font Requirements
A5: RESTRICTED | B5: [RED] RESTRICTED | C5: #FF6B6B | D5: RESTRICTED - [Document Title] | E5: Classification: RESTRICTED | Page X of Y | [Date] | F5: RESTRICTED - DO NOT DISTRIBUTE | G5: Red banner, top and bottom | H5: Red circle (text) or padlock | I5: Bold, uppercase, red text
A6: CONFIDENTIAL | B6: [ORANGE] CONFIDENTIAL | C6: #FFA94D | D6: CONFIDENTIAL - [Document Title] | E6: Classification: CONFIDENTIAL | Page X of Y | F6: CONFIDENTIAL | G6: Orange banner, top only | H6: Orange circle (text) | I6: Bold, uppercase, orange text
A7: INTERNAL | B7: [GREEN] INTERNAL | C7: #69DB7C | D7: [Document Title] | E7: Internal Use Only | Page X of Y | F7: INTERNAL USE ONLY | G7: Green footer line | H7: Green circle (text) | I7: Normal, green text footer
A8: PUBLIC | B8: [BLUE] PUBLIC | C8: #74C0FC | D8: [Document Title] | E8: Page X of Y | F8: None required | G8: Optional blue indicator | H8: Blue circle (text) optional | I8: Standard formatting

Sheet Digital Labelling
A1: DIGITAL INFORMATION LABELLING REQUIREMENTS
A2: Metadata, properties, and electronic marking standards
A4: Asset Type | B4: Labelling Method | C4: Metadata Fields | D4: Automation | E4: Validation | F4: Responsibility | G4: Status
A5: Microsoft Office Documents | B5: Document properties + Header/Footer | C5: Classification, Author, Created, Modified, Keywords | D5: Microsoft Information Protection (MIP) | E5: DLP policy check | F5: Document author
A6: PDF Documents | B6: Document properties + Watermark | C6: Classification, Creator, Custom metadata | D6: Adobe Acrobat automation | E6: PDF/A validation | F6: Document author
A7: Emails | B7: X-headers + Visual banner + Subject prefix | C7: X-Classification, X-Sensitivity, X-Retention | D7: Exchange transport rules | E7: Mail flow rules | F7: Email sender
A8: SharePoint/OneDrive | B8: Sensitivity labels + Metadata columns | C8: Classification column, Retention label | D8: Microsoft Purview | E8: Retention policies | F8: Site owner
A9: Database Records | B9: Classification column + Row-level security | C9: data_classification, sensitivity_level | D9: Database triggers | E9: Access control checks | F9: Data owner
A10: Source Code | B10: File headers + Repository metadata | C10: Classification comment, .gitattributes | D10: Pre-commit hooks | E10: Code review | F10: Developer
A11: Images/Media | B11: EXIF/XMP metadata + Visible watermark | C11: Classification, Copyright, Creator | D11: DAM system | E11: Metadata extraction | F11: Content owner
A12: API Responses | B12: Response headers + Payload metadata | C12: X-Data-Classification header | D12: API gateway rules | E12: Response validation | F12: API owner
A13: Email / Internal Messaging | B13: Email X-headers + Subject prefix | C13: X-Classification, X-Sensitivity | D13: Exchange transport rules | E13: Mail flow rules | F13: Email sender | G13: Implemented

Sheet Physical Labelling
A1: PHYSICAL INFORMATION LABELLING REQUIREMENTS
A2: Paper documents, removable media, and physical asset labelling
A4: Asset Type | B4: Labelling Method | C4: Label Location | D4: Label Format | E4: Durability | F4: Responsible Party | G4: Status
A5: Paper Documents | B5: Stamp + Header/Footer printing | C5: Top right corner + Page footer | D5: Classification level + Date + Page number | E5: Indelible stamp ink | F5: Document creator
A6: Printed Reports | B6: Automatic header/footer + Cover page | C6: Every page header + Report cover | D6: Classification banner + Distribution list | E6: Print-time application | F6: Report generator
A7: USB Drives | B7: Permanent label + Engraving | C7: External surface visible | D7: Classification + Asset ID + Owner | E7: Tamper-evident label | F7: IT Asset Management
A8: External Hard Drives | B8: Asset label + Classification sticker | C8: Top surface + Visible when stored | D8: Classification + Serial + Encryption status | E8: Durable adhesive label | F8: IT Asset Management
A9: Backup Tapes | B9: Barcode label + Classification indicator | C9: Spine and front face | D9: Tape ID + Classification + Date + Retention | E9: Tape-specific labels | F9: Backup Administrator
A10: CD/DVD Media | B10: Permanent marker + Printed label | C10: Top surface (non-data side) | D10: Classification + Contents + Date | E10: CD-safe permanent marker | F10: Media creator
A11: File Folders | B11: Tab label + Cover stamp | C11: Tab edge + Front cover | D11: Classification + Contents description | E11: Adhesive label or stamp | F11: Records Management
A12: Storage Boxes | B12: Box label + Seal | C12: Front and top of box | D12: Classification + Contents + Retention + Destruction date | E12: Weatherproof label | F12: Records Management
A13: Presentation Slides | B13: Automatic header/footer + Title slide | C13: Title slide + Every slide footer | D13: Classification banner + Presenter name | E13: Slide template enforced | F13: Presentation creator | G13: Implemented

Sheet Automation Tools
A1: LABELLING AUTOMATION TOOLS AND SOLUTIONS
A2: Automated solutions for consistent labelling enforcement
A4: Tool/Solution | B4: Vendor | C4: Scope/Coverage | D4: Key Features | E4: Integration Points | F4: Licence Type | G4: Implementation Status | H4: Owner
A5: Microsoft Purview Information Protection | B5: Microsoft | C5: M365, Azure, Windows endpoints | D5: Sensitivity labels, Auto-labelling, DLP integration | E5: M365, SharePoint, Exchange, Teams | F5: M365 E5 / EMS E5
A6: Titus Classification Suite | B6: HelpSystems | C6: Cross-platform documents | D6: User-driven + automated classification, Visual marking | E6: Office, Email, File shares | F6: Per-user subscription
A7: Boldon James Classifier | B7: GRCI Group | C7: Enterprise documents and email | D7: Policy-based labelling, Watermarking, Metadata | E7: Office, Outlook, File systems | F7: Enterprise licence
A8: Varonis Data Classification Engine | B8: Varonis | C8: File servers, cloud storage | D8: Content inspection, Sensitive data discovery | E8: Windows, NAS, SharePoint, Box | F8: Per-TB pricing
A9: Digital Guardian | B9: Fortra | C9: Endpoints, network, cloud | D9: Data discovery, Classification, DLP | E9: Cross-platform | F9: Per-endpoint
A10: Custom Scripts/Automation | B10: Internal | C10: Specific use cases | D10: PowerShell, Python automation | E10: APIs, file systems | F10: N/A
A11: DLP Solution (Example) | B11: Internal/Custom | C11: Endpoints, file shares, cloud | D11: Content inspection, Classification enforcement, Block/alert | E11: Windows, macOS, Cloud storage, Email | F11: Per-endpoint/user | G11: Deployed | H11: IT Security Team

Sheet Evidence Register
A1: EVIDENCE REGISTER
A2: Document all evidence collected during this assessment
A4: Evidence ID | B4: Assessment Area | C4: Evidence Type | D4: Description | E4: Location / Path | F4: Date Collected | G4: Collected By | H4: Verification Status
A5: EV-001 | B5: Assessment Area | C5: Policy Document | D5: Example evidence description | E5: \\fileserver\policies\document.pdf | F5: 15.01.2026 | G5: Assessor Name | H5: ✅ Verified

Sheet Summary Dashboard
A1: LABELLING PROCEDURES AND STANDARDS — SUMMARY DASHBOARD
A2: ISO/IEC 27001:2022 — Control A.5.13: Labelling of Information
A4: TABLE 1: ASSESSMENT AREA COMPLIANCE OVERVIEW
A5: Assessment Area | B5: Total Items | C5: Compliant | D5: Partial | E5: Non-Compliant | F5: N/A | G5: Compliance %
A6: Digital Labelling | B6: =COUNTA('Digital Labelling'!A14:A63) | C6: =COUNTIF('Digital Labelling'!G14:G63,"Implemented") | D6: =COUNTIF('Digital Labelling'!G14:G63,"In Progress") | E6: =COUNTIF('Digital Labelling'!G14:G63,"Not Implemented") | F6: =COUNTIF('Digital Labelling'!G14:G63,"N/A") | G6: =IFERROR(IF((B6-F6)=0,0,C6/(B6-F6)),"")
A7: Physical Labelling | B7: =COUNTA('Physical Labelling'!A14:A63) | C7: =COUNTIF('Physical Labelling'!G14:G63,"Implemented") | D7: =COUNTIF('Physical Labelling'!G14:G63,"In Progress") | E7: =COUNTIF('Physical Labelling'!G14:G63,"Not Implemented") | F7: =COUNTIF('Physical Labelling'!G14:G63,"N/A") | G7: =IFERROR(IF((B7-F7)=0,0,C7/(B7-F7)),"")
A8: Automation Tools | B8: =COUNTA('Automation Tools'!A12:A61) | C8: =COUNTIF('Automation Tools'!G12:G61,"Deployed") | D8: =COUNTIF('Automation Tools'!G12:G61,"Pilot")+COUNTIF('Automation Tools'!G12:G61,"Evaluating") | E8: =COUNTIF('Automation Tools'!G12:G61,"Not Implemented") | F8: 0 | G8: =IFERROR(IF((B8-F8)=0,0,C8/(B8-F8)),"")
A9: TOTAL | B9: =SUM(B6:B8) | C9: =SUM(C6:C8) | D9: =SUM(D6:D8) | E9: =SUM(E6:E8) | F9: =SUM(F6:F8) | G9: =IFERROR(IF((B9-F9)=0,0,C9/(B9-F9)),"")
A11: TABLE 2: KEY METRICS
A12: Metric | B12: Value
A13: Total Digital Asset Types Assessed | B13: =COUNTA('Digital Labelling'!A14:A63)
A14: Digital Labelling Implemented | B14: =COUNTIF('Digital Labelling'!G14:G63,"Implemented")
A15: Digital Labelling In Progress | B15: =COUNTIF('Digital Labelling'!G14:G63,"In Progress")
A16: Digital Labelling Not Implemented | B16: =COUNTIF('Digital Labelling'!G14:G63,"Not Implemented")
A17: Total Physical Asset Types Assessed | B17: =COUNTA('Physical Labelling'!A14:A63)
A18: Physical Labelling Implemented | B18: =COUNTIF('Physical Labelling'!G14:G63,"Implemented")
A19: Physical Labelling Not Implemented | B19: =COUNTIF('Physical Labelling'!G14:G63,"Not Implemented")
A20: Total Automation Tools Evaluated | B20: =COUNTA('Automation Tools'!A12:A61)
A21: Automation Tools Deployed | B21: =COUNTIF('Automation Tools'!G12:G61,"Deployed")
A22: Tools in Pilot/Evaluation | B22: =COUNTIF('Automation Tools'!G12:G61,"Pilot")+COUNTIF('Automation Tools'!G12:G61,"Evaluating")
A23: Automation Tools Not Implemented | B23: =COUNTIF('Automation Tools'!G12:G61,"Not Implemented")
A24: Planned Automation Tools | B24: =COUNTIF('Automation Tools'!G12:G61,"Planned")
A28: TABLE 3: CRITICAL FINDINGS REQUIRING IMMEDIATE ATTENTION
A29: Category | B29: Finding | C29: Count | D29: Severity | E29: Action Required
A30: Digital Labelling | B30: Digital asset types with no labelling implemented | C30: =COUNTIF('Digital Labelling'!G14:G63,"Not Implemented") | D30: Critical | E30: Immediate
A31: Physical Labelling | B31: Physical asset types with no labelling implemented | C31: =COUNTIF('Physical Labelling'!G14:G63,"Not Implemented") | D31: Critical | E31: Immediate
A32: Automation Tools | B32: Labelling automation tools not deployed | C32: =COUNTIF('Automation Tools'!G12:G61,"Not Implemented") | D32: High | E32: Urgent
A33: Digital Labelling | B33: Digital labelling partially implemented | C33: =COUNTIF('Digital Labelling'!G14:G63,"In Progress") | D33: Medium | E33: Plan

Sheet Approval Sign-Off
A1: ASSESSMENT APPROVAL AND SIGN-OFF
A2: ISO/IEC 27001:2022 - Control A.5.13: Labelling of Information
A3: ASSESSMENT SUMMARY
A4: Document: | B4: ISMS-IMP-A.5.12-13.S2 - Labelling Procedures and Standards
A5: Assessment Period:
A6: Overall Compliance Rating: | B6: =IFERROR(AVERAGE('Summary Dashboard'!G6:G8),"")
A7: Assessment Status:
A8: Assessed By:
A11: COMPLETED BY (ASSESSOR)
A12: Name:
A13: Title:
A14: Date:
A15: Signature:
A16: Comments:
A18: REVIEWED BY (INFORMATION SECURITY OFFICER)
A19: Name:
A20: Title:
A21: Date:
... A38: Special Considerations:
