Workbook

Sheet Instructions & Legend
A1: ISMS-IMP-A.5.12-13.S1 - Classification Scheme Definition ISO/IEC 27001:2022 - Control A.5.12: Classification of Information
A3: Document Information
A4: Document ID | B4: ISMS-IMP-A.5.12-13.S1
A5: Workbook Title | B5: Classification Scheme Definition
A6: Control Reference | B6: ISO/IEC 27001:2022 - Control A.5.12: Classification of Information
A7: Version | B7: 1.0
A8: Assessment Date
A9: Completed By
A10: Organisation
A12: Instructions
A13: 1. Complete Classification Levels — define all classification tiers (minimum 4: Public, Internal, Confidential, Restricted).
A14: 2. Complete Handling Requirements — document permitted handling per classification level.
A15: 3. Complete CIA Matrix — map each level to Confidentiality, Integrity, and Availability requirements.
A16: 4. Complete Regulatory Mapping — align classification levels to GDPR, nFADP, and other obligations.
A17: 5. Maintain the Evidence Register with scheme documentation and approval records.
A18: 6. Obtain final approval and sign-off in the Approval Sign-Off sheet.
A20: Status Legend
A21: Symbol | B21: Status | C21: Description
A22: ✓ | B22: Compliant / Complete | C22: Requirement fully met
A23: ⚠ | B23: Partial / In Progress | C23: Partially met or in progress
A24: ✗ | B24: Non-Compliant / Not Started | C24: Requirement not met
A25: — | B25: Not Applicable | C25: Not applicable to this assessment

Sheet Classification Levels
A1: CLASSIFICATION LEVELS DEFINITION
A2: Define organisational classification tiers and their characteristics
A4: Level ID | B4: Level Name | C4: Display Label | D4: Colour Code | E4: Description | F4: Impact if Disclosed | G4: Examples | H4: Default Retention | I4: Review Frequency | J4: Owner Approval Required
A5: L4 | B5: RESTRICTED | C5: [RED] RESTRICTED | D5: #FF6B6B | E5: Highly sensitive information requiring strictest controls | F5: Severe damage to organisation, legal liability, regulatory penalties | G5: PII, financial records, trade secrets, M&A data, security configs | H5: 7 years | I5: Annual | J5: Yes - Executive
A6: L3 | B6: CONFIDENTIAL | C6: [ORANGE] CONFIDENTIAL | D6: #FFA94D | E6: Sensitive business information requiring protection | F6: Significant business impact, competitive disadvantage | G6: Internal financials, customer lists, contracts, HR records | H6: 5 years | I6: Annual | J6: Yes - Manager
A7: L2 | B7: INTERNAL | C7: [GREEN] INTERNAL | D7: #69DB7C | E7: Information for internal use only, not for public release | F7: Minor operational impact, minor reputation damage | G7: Policies, procedures, org charts, internal communications | H7: 3 years | I7: Biennial | J7: No
A8: L1 | B8: PUBLIC | C8: [BLUE] PUBLIC | D8: #74C0FC | E8: Information approved for unrestricted distribution | F8: No impact expected | G8: Marketing materials, public website content, press releases | H8: As required | I8: Triennial | J8: No

Sheet Handling Requirements
A1: HANDLING REQUIREMENTS BY CLASSIFICATION LEVEL
A2: Security controls and procedures required for each classification level
A4: Requirement Category | B4: RESTRICTED | C4: CONFIDENTIAL | D4: INTERNAL | E4: PUBLIC
A5: ACCESS CONTROL
A6: Need-to-know basis | B6: Mandatory | C6: Mandatory | D6: Recommended | E6: N/A
A7: Access approval required | B7: Executive + Owner | C7: Manager + Owner | D7: Owner | E7: None
A8: Access logging | B8: All access logged | C8: All access logged | D8: Modifications logged | E8: None required
A9: Access review frequency | B9: Quarterly | C9: Semi-annual | D9: Annual | E9: N/A
A11: STORAGE
A12: Encryption at rest | B12: AES-256 required | C12: AES-256 required | D12: Recommended | E12: Not required
A13: Storage location | B13: Approved systems only | C13: Approved systems only | D13: Corporate systems | E13: Any
A14: Personal device storage | B14: Prohibited | C14: Prohibited unless MDM | D14: With encryption | E14: Allowed
A15: Cloud storage | B15: Approved vendors only | C15: Approved vendors only | D15: Corporate cloud | E15: Any
A17: TRANSMISSION
A18: Encryption in transit | B18: TLS 1.3 required | C18: TLS 1.2+ required | D18: TLS recommended | E18: Not required
A19: Email transmission | B19: Encrypted + DLP | C19: Encrypted preferred | D19: Standard email | E19: Standard email
A20: External sharing | B20: Prohibited w/o approval | C20: Requires approval | D20: Discretion | E20: Allowed
A22: PHYSICAL HANDLING
A23: Printing | B23: Secure print only | C23: Track copies | D23: Normal | E23: Normal
A24: Clean desk | B24: Mandatory | C24: Mandatory | D24: Recommended | E24: N/A
A25: Secure disposal | B25: Shredding required | C25: Shredding required | D25: Shredding | E25: Recycling OK
A27: LABELLING
A28: Document marking | B28: Header/Footer + Watermark | C28: Header/Footer | D28: Footer only | E28: Optional
A29: Metadata tagging | B29: Mandatory | C29: Mandatory | D29: Recommended | E29: Optional
A30: Visual indicators | B30: Red banner | C30: Orange banner | D30: Green banner | E30: Blue banner

Sheet CIA Matrix
A1: CIA REQUIREMENTS MATRIX
A2: Define Confidentiality, Integrity, and Availability requirements per classification
A4: CONFIDENTIALITY REQUIREMENTS
A5: Level | B5: Access Control | C5: Encryption | D5: Disclosure Impact | E5: Monitoring
A6: RESTRICTED | B6: Need-to-know, MFA required | C6: AES-256 at rest and transit | D6: Severe - regulatory/legal | E6: Real-time alerting
A7: CONFIDENTIAL | B7: Role-based, approval required | C7: AES-256 required | D7: Significant - business impact | E7: Daily review
A8: INTERNAL | B8: Department-based | C8: Recommended | D8: Minor - operational | E8: Weekly review
A9: PUBLIC | B9: Unrestricted | C9: Optional | D9: None expected | E9: None required
A12: INTEGRITY REQUIREMENTS
A13: Level | B13: Change Control | C13: Version Control | D13: Modification Impact | E13: Validation
A14: RESTRICTED | B14: Dual approval required | C14: Full audit trail | D14: Severe - may cause legal issues | E14: Digital signatures
A15: CONFIDENTIAL | B15: Manager approval | C15: Version history required | D15: Significant - incorrect decisions | E15: Checksums
A16: INTERNAL | B16: Owner approval | C16: Recommended | D16: Minor - process delays | E16: Spot checks
A17: PUBLIC | B17: Standard process | C17: Optional | D17: Minimal | E17: None required
A20: AVAILABILITY REQUIREMENTS
A21: Level | B21: Recovery Time | C21: Backup Frequency | D21: Unavailability Impact | E21: Redundancy
A22: RESTRICTED | B22: < 4 hours | C22: Real-time/Hourly | D22: Critical - operations halt | E22: Active-active
A23: CONFIDENTIAL | B23: < 24 hours | C23: Daily | D23: Significant - major delays | E23: Active-passive
A24: INTERNAL | B24: < 72 hours | C24: Daily | D24: Minor - workarounds exist | E24: Standard backup
A25: PUBLIC | B25: Best effort | C25: Weekly | D25: Minimal | E25: Basic backup

Sheet Regulatory Mapping
A1: CLASSIFICATION TO REGULATORY REQUIREMENTS MAPPING
A2: Map classification levels to regulatory and legal requirements
A4: Regulation | B4: Requirement | C4: Data Types Covered | D4: Min Classification | E4: Special Handling | F4: Retention | G4: Status
A5: GDPR Art. 32 | B5: Security of processing | C5: Personal data | D5: CONFIDENTIAL | E5: Pseudonymisation where possible | F5: As per Art. 17
A6: GDPR Art. 9 | B6: Special categories | C6: Health, biometric, genetic | D6: RESTRICTED | E6: Explicit consent required | F6: As per Art. 17
A7: Swiss nDSG Art. 8 | B7: Data security | C7: Personal data (CH) | D7: CONFIDENTIAL | E7: Appropriate measures | F7: Purpose-based
A8: PCI DSS v4.0.1 | B8: Cardholder data protection | C8: Credit card data | D8: RESTRICTED | E8: PCI controls required | F8: Per PCI standards
A9: SOX | B9: Financial integrity | C9: Financial records | D9: CONFIDENTIAL | E9: Audit trail required | F9: 7 years
A10: HIPAA | B10: Health information | C10: PHI/ePHI | D10: RESTRICTED | E10: Minimum necessary | F10: 6 years
A11: Trade Secrets | B11: Competitive advantage | C11: Proprietary information | D11: RESTRICTED | E11: NDA required | F11: Indefinite
A12: Employment Law | B12: Employee records | C12: HR data | D12: CONFIDENTIAL | E12: Access restricted to HR | F12: Per jurisdiction
A13: EXAMPLE-REG | B13: Example requirement | C13: Example data type | D13: CONFIDENTIAL | E13: Example special handling | F13: As required | G13: Compliant

Sheet Evidence Register
A1: EVIDENCE REGISTER
A2: Document all evidence collected during this assessment
A4: Evidence ID | B4: Assessment Area | C4: Evidence Type | D4: Description | E4: Location / Path | F4: Date Collected | G4: Collected By | H4: Verification Status
A5: EV-001 | B5: Assessment Area | C5: Policy Document | D5: Example evidence description | E5: \\fileserver\policies\document.pdf | F5: 15.01.2026 | G5: Assessor Name | H5: ✅ Verified

Sheet Summary Dashboard
A1: CLASSIFICATION SCHEME DEFINITION — SUMMARY DASHBOARD
A2: ISO/IEC 27001:2022 — Control A.5.12: Classification of Information
A4: TABLE 1: ASSESSMENT AREA COMPLIANCE OVERVIEW
A5: Assessment Area | B5: Total Items | C5: Compliant | D5: Partial | E5: Non-Compliant | F5: N/A | G5: Compliance %
A6: Regulatory Compliance Mapping | B6: =COUNTA('Regulatory Mapping'!A14:A63) | C6: =COUNTIF('Regulatory Mapping'!G14:G63,"Compliant") | D6: =COUNTIF('Regulatory Mapping'!G14:G63,"Partial") | E6: =COUNTIF('Regulatory Mapping'!G14:G63,"Non-Compliant") | F6: =COUNTIF('Regulatory Mapping'!G14:G63,"N/A") | G6: =IFERROR(IF((B6-F6)=0,0,C6/(B6-F6)),"")
A7: TOTAL | B7: =SUM(B6:B6) | C7: =SUM(C6:C6) | D7: =SUM(D6:D6) | E7: =SUM(E6:E6) | F7: =SUM(F6:F6) | G7: =IFERROR(IF((B7-F7)=0,0,C7/(B7-F7)),"")
A9: TABLE 2: KEY METRICS
A10: Metric | B10: Value
A11: Total Regulatory Requirements Mapped | B11: =COUNTA('Regulatory Mapping'!A14:A63)
A12: Compliant Regulatory Mappings | B12: =COUNTIF('Regulatory Mapping'!G14:G63,"Compliant")
A13: Partial Compliance Mappings | B13: =COUNTIF('Regulatory Mapping'!G14:G63,"Partial")
A14: Non-Compliant Regulatory Mappings | B14: =COUNTIF('Regulatory Mapping'!G14:G63,"Non-Compliant")
A15: N/A Mappings (Not Applicable) | B15: =COUNTIF('Regulatory Mapping'!G14:G63,"N/A")
A16: RESTRICTED Classification Requirements | B16: =COUNTIF('Regulatory Mapping'!D14:D63,"RESTRICTED")
A17: CONFIDENTIAL Classification Requirements | B17: =COUNTIF('Regulatory Mapping'!D14:D63,"CONFIDENTIAL")
A18: INTERNAL Classification Requirements | B18: =COUNTIF('Regulatory Mapping'!D14:D63,"INTERNAL")
A19: PUBLIC Classification Requirements | B19: =COUNTIF('Regulatory Mapping'!D14:D63,"PUBLIC")
A20: Classification Levels Requiring Owner Approval | B20: =COUNTIF('Classification Levels'!J5:J20,"Yes - Executive")+COUNTIF('Classification Levels'!J5:J20,"Yes - Manager")+COUNTIF('Classification Levels'!J5:J20,"Yes - Owner")
A24: TABLE 3: CRITICAL FINDINGS REQUIRING IMMEDIATE ATTENTION
A25: Category | B25: Finding | C25: Count | D25: Severity | E25: Action Required
A26: Regulatory Compliance | B26: Non-compliant regulatory mappings | C26: =COUNTIF('Regulatory Mapping'!G14:G63,"Non-Compliant") | D26: Critical | E26: Immediate
A27: Classification Scheme | B27: Regulatory reqs with no minimum classification set | C27: =COUNTIF('Regulatory Mapping'!D14:D63,"") | D27: High | E27: Urgent
A28: Classification Scheme | B28: Partial compliance mappings requiring remediation | C28: =COUNTIF('Regulatory Mapping'!G14:G63,"Partial") | D28: Medium | E28: Plan

Sheet Approval Sign-Off
A1: ASSESSMENT APPROVAL AND SIGN-OFF
A2: ISO/IEC 27001:2022 - Control A.5.12: Classification of Information
A3: ASSESSMENT SUMMARY
A4: Document: | B4: ISMS-IMP-A.5.12-13.S1 - Classification Scheme Definition
A5: Assessment Period:
A6: Overall Compliance Rating: | B6: =IFERROR(AVERAGE('Summary Dashboard'!G6:G6),"")
A7: Assessment Status:
A8: Assessed By:
A11: COMPLETED BY (ASSESSOR)
A12: Name:
A13: Title:
A14: Date:
A15: Signature:
A16: Comments:
A18: REVIEWED BY (INFORMATION SECURITY OFFICER)
A19: Name:
A20: Title:
A21: Date:
... A38: Special Considerations:
