Workbook

Sheet Instructions & Legend
A1: ISMS-IMP-A.7.1.3 - Secure Areas Assessment ISO/IEC 27001:2022 - Control A.7.3: Securing Offices, Rooms and Facilities
A3: Document Information
A4: Document ID | B4: ISMS-IMP-A.7.1.3
A5: Workbook Title | B5: Secure Areas Assessment
A6: Control Reference | B6: ISO/IEC 27001:2022 - Control A.7.3: Securing Offices, Rooms and Facilities
A7: Version | B7: 1.0
A8: Assessment Date
A9: Completed By
A10: Organisation
A12: Instructions
A13: 1. Complete each worksheet tab for applicable secure areas.
A14: 2. Document all offices handling sensitive information.
A15: 3. Assess server rooms and datacenters against requirements.
A16: 4. Review meeting room security procedures.
A17: 5. Evaluate shared facility security arrangements.
A18: 6. Use dropdown menus for standardised status entries.
A19: 7. Fill in yellow-highlighted cells with your facility information.
A20: 8. Summary Dashboard auto-calculates compliance metrics.
A22: Status Legend
A23: Symbol | B23: Status | C23: Description
A24: ✓ | B24: Compliant / Complete | C24: Requirement fully met
A25: ⚠ | B25: Partial / In Progress | C25: Partially met or in progress
A26: ✗ | B26: Non-Compliant / Not Started | C26: Requirement not met
A27: — | B27: Not Applicable | C27: Not applicable to this assessment

Sheet Office Security
A1: OFFICE SECURITY ASSESSMENT Policy Requirement: Offices locked when unoccupied, clean desk enforced, screens protected
A2: ISO 27001:2022 | Control A.7.3 | Secure Areas
A3: Are office security controls implemented including locking, clean desk policy, and screen privacy?
A4: Response:
A6: Office/Area ID | B6: Location | C6: Security Zone | D6: Classification | E6: Lock When Unoccupied | F6: Clean Desk Enforced | G6: Screen Privacy | H6: Secure Storage | I6: Status | J6: Notes
A7: OFC-001 | B7: Finance Department | C7: Controlled Zone | D7: Confidential | E7: Yes | F7: Yes | G7: Yes | H7: Yes | I7: ✅ Compliant | J7: Sample — delete before use

Sheet Server Rooms
A1: SERVER ROOMS AND DATACENTERS Policy Requirement: MFA access, no windows, reinforced construction, environmental monitoring
A2: ISO 27001:2022 | Control A.7.3 | Secure Areas
A3: Are server rooms and datacenters secured with multi-factor access, CCTV, and environmental controls?
A4: Response:
A6: Room ID | B6: Location | C6: Room Type | D6: MFA Access | E6: No Windows | F6: Reinforced Walls | G6: CCTV Coverage | H6: Access Logging | I6: Env. Monitoring | J6: Status | K6: Notes
A7: SR-001 | B7: Building B Basement | C7: Server Room | D7: Yes | E7: Yes | F7: Yes | G7: Yes | H7: Yes | I7: Yes | J7: ✅ Compliant | K7: Sample — delete before use

Sheet Meeting Rooms
A1: MEETING ROOM SECURITY Policy Requirement: Recording device checks, whiteboard clearing, equipment security
A2: ISO 27001:2022 | Control A.7.3 | Secure Areas
A3: Are meeting room security procedures implemented for sensitive discussions?
A4: Response:
A6: Room ID | B6: Location | C6: Room Classification | D6: Recording Check | E6: Whiteboard Clear | F6: Document Clear | G6: VC Equipment Secured | H6: Status | I6: Notes
A7: MR-001 | B7: Level 5 Conference Room | C7: Boardroom | D7: Yes | E7: Yes | F7: Yes | G7: Yes | H7: ✅ Compliant | I7: Sample — delete before use

Sheet Shared Facilities
A1: SHARED FACILITY SECURITY Policy Requirement: Clear perimeter definition, building management access control
A2: ISO 27001:2022 | Control A.7.3 | Secure Areas
A3: For shared buildings, is the organisation's perimeter clearly defined with controlled access?
A4: Response:
A6: Facility/Building | B6: Sharing Arrangement | C6: Perimeter Defined | D6: Own Access Control | E6: Building Mgmt Access | F6: Shared Infrastructure | G6: Key Management | H6: Status | I6: Notes
A7: 100 Main Street | B7: Multi-tenant building | C7: Yes | D7: Yes | E7: Restricted to lobby | F7: Network segregated | G7: Electronic fob system | H7: ✅ Compliant | I7: Sample — delete before use

Sheet Evidence Register
A1: EVIDENCE REGISTER
A2: List all evidence files/documents referenced in this assessment (audit traceability).
A4: Evidence ID | B4: Assessment Area | C4: Evidence Type | D4: Description | E4: Location/Path | F4: Date Collected | G4: Collected By | H4: Verification Status
A5: EV-001

Sheet Summary Dashboard
A1: SECURE AREAS ASSESSMENT — SUMMARY DASHBOARD
A2: A.7.3 – Securing Offices, Rooms and Facilities: Office, Server Room, Meeting Room and Shared Facility Compliance
A4: TABLE 1: ASSESSMENT AREA COMPLIANCE OVERVIEW
A5: Assessment Area | B5: Total Items | C5: Compliant | D5: Partial | E5: Non-Compliant | F5: N/A | G5: Compliance %
A6: Office Security | B6: =COUNTA('Office Security'!A8:A57) | C6: =COUNTIF('Office Security'!I8:I57,"✅*") | D6: =COUNTIF('Office Security'!I8:I57,"⚠*") | E6: =COUNTIF('Office Security'!I8:I57,"❌*") | F6: =COUNTIF('Office Security'!I8:I57,"N/A") | G6: =IF((B6-F6)=0,0,C6/(B6-F6))
A7: Server Rooms | B7: =COUNTA('Server Rooms'!A8:A57) | C7: =COUNTIF('Server Rooms'!J8:J57,"✅*") | D7: =COUNTIF('Server Rooms'!J8:J57,"⚠*") | E7: =COUNTIF('Server Rooms'!J8:J57,"❌*") | F7: =COUNTIF('Server Rooms'!J8:J57,"N/A") | G7: =IF((B7-F7)=0,0,C7/(B7-F7))
A8: Meeting Rooms | B8: =COUNTA('Meeting Rooms'!A8:A57) | C8: =COUNTIF('Meeting Rooms'!H8:H57,"✅*") | D8: =COUNTIF('Meeting Rooms'!H8:H57,"⚠*") | E8: =COUNTIF('Meeting Rooms'!H8:H57,"❌*") | F8: =COUNTIF('Meeting Rooms'!H8:H57,"N/A") | G8: =IF((B8-F8)=0,0,C8/(B8-F8))
A9: Shared Facilities | B9: =COUNTA('Shared Facilities'!A8:A57) | C9: =COUNTIF('Shared Facilities'!H8:H57,"✅*") | D9: =COUNTIF('Shared Facilities'!H8:H57,"⚠*") | E9: =COUNTIF('Shared Facilities'!H8:H57,"❌*") | F9: =COUNTIF('Shared Facilities'!H8:H57,"N/A") | G9: =IF((B9-F9)=0,0,C9/(B9-F9))
A10: TOTAL | B10: =SUM(B6:B9) | C10: =SUM(C6:C9) | D10: =SUM(D6:D9) | E10: =SUM(E6:E9) | F10: =SUM(F6:F9) | G10: =IF((B10-F10)=0,0,C10/(B10-F10))
A12: TABLE 2: KEY PERFORMANCE METRICS
A13: Metric | B13: Value
A14: Total Office Areas Assessed | B14: =COUNTA('Office Security'!A8:A57)
A15: Highly Confidential Office Areas | B15: =COUNTIF('Office Security'!D8:D57,"Highly Confidential")
A16: Total Server Room Facilities Assessed | B16: =COUNTA('Server Rooms'!A8:A57)
A17: Datacenter Facilities | B17: =COUNTIF('Server Rooms'!C8:C57,"Datacenter")
A18: Total Meeting Rooms Assessed | B18: =COUNTA('Meeting Rooms'!A8:A57)
A19: Total Shared Facilities Assessed | B19: =COUNTA('Shared Facilities'!A8:A57)
A23: TABLE 3: KEY FINDINGS & RISK INDICATORS
A24: Category | B24: Finding | C24: Count | D24: Severity | E24: Action Required
A25: Office Security | B25: Non-compliant office areas | C25: =COUNTIF('Office Security'!I8:I57,"❌*") | D25: High | E25: Urgent
A26: Server Rooms | B26: Non-compliant server room facilities | C26: =COUNTIF('Server Rooms'!J8:J57,"❌*") | D26: Critical | E26: Immediate
A27: Meeting Rooms | B27: Non-compliant meeting rooms | C27: =COUNTIF('Meeting Rooms'!H8:H57,"❌*") | D27: High | E27: Urgent
A28: Shared Facilities | B28: Non-compliant shared facilities | C28: =COUNTIF('Shared Facilities'!H8:H57,"❌*") | D28: Medium | E28: Plan

Sheet Approval Sign-Off
A1: ASSESSMENT APPROVAL AND SIGN-OFF
A2: ISO/IEC 27001:2022 - Control A.7.3: Securing Offices, Rooms and Facilities
A3: ASSESSMENT SUMMARY
A4: Document: | B4: ISMS-IMP-A.7.1.3 - Secure Areas Assessment
A5: Assessment Period:
A6: Overall Compliance Rating: | B6: =IFERROR(AVERAGE('Summary Dashboard'!G6:G9),"")
A7: Assessment Status:
A8: Assessed By:
A11: COMPLETED BY (ASSESSOR)
A12: Name:
A13: Title:
A14: Date:
A15: Signature:
A16: Comments:
A18: REVIEWED BY (INFORMATION SECURITY OFFICER)
A19: Name:
A20: Title:
A21: Date:
... A38: Special Considerations:
