Workbook

Sheet Instructions & Legend
A1: ISMS-IMP-A.7.1.2 - Entry Control Assessment ISO/IEC 27001:2022 - Control A.7.2: Physical Entry
A3: Document Information
A4: Document ID | B4: ISMS-IMP-A.7.1.2
A5: Workbook Title | B5: Entry Control Assessment
A6: Control Reference | B6: ISO/IEC 27001:2022 - Control A.7.2: Physical Entry
A7: Version | B7: 1.0
A8: Assessment Date
A9: Completed By
A10: Organisation
A12: Instructions
A13: 1. Complete each worksheet tab for applicable entry controls.
A14: 2. Document all entry points and their access control mechanisms.
A15: 3. Assess access control systems against policy requirements.
A16: 4. Review visitor management procedures and logs.
A17: 5. Verify contractor access controls and escort requirements.
A18: 6. Use dropdown menus for standardised status entries.
A19: 7. Fill in yellow-highlighted cells with your facility information.
A20: 8. Summary Dashboard auto-calculates compliance metrics.
A22: Status Legend
A23: Symbol | B23: Status | C23: Description
A24: ✓ | B24: Compliant / Complete | C24: Requirement fully met
A25: ⚠ | B25: Partial / In Progress | C25: Partially met or in progress
A26: ✗ | B26: Non-Compliant / Not Started | C26: Requirement not met
A27: — | B27: Not Applicable | C27: Not applicable to this assessment

Sheet Access Control Systems
A1: ACCESS CONTROL SYSTEMS INVENTORY Policy Requirement: Electronic access control at all secure area entry points
A2: ISO 27001:2022 | Control A.7.2 | Entry Control
A3: Are all secure area entry points protected by appropriate electronic access control systems?
A4: Response:
A6: Entry Point ID | B6: Location | C6: Security Zone | D6: Access System Type | E6: Authentication Method | F6: Anti-Tailgating | G6: Log Retention (Days) | H6: Last Review Date | I6: Status | J6: Notes
A7: EP-001 | B7: Server Room Door | C7: Restricted Zone | D7: Card Reader | E7: Badge/Card Only | F7: Yes | G7: 90 | H7: 01.01.2026 | I7: ✅ Compliant | J7: Sample — delete before use

Sheet Visitor Management
A1: VISITOR MANAGEMENT ASSESSMENT Policy Requirement: All visitors signed in, identified, and escorted in restricted zones
A2: ISO 27001:2022 | Control A.7.2 | Entry Control
A3: Are visitor management procedures implemented and consistently followed?
A4: Response:
A6: Procedure Element | B6: Location/Facility | C6: Implemented | D6: Sign-In Process | E6: ID Verification | F6: Badge Issued | G6: Escort Required | H6: Status | I6: Notes
A7: Reception Sign-In | B7: Building A Reception | C7: Yes | D7: Yes | E7: Yes | F7: Yes | G7: Yes | H7: ✅ Compliant | I7: Sample — delete before use

Sheet Contractor Access
A1: CONTRACTOR AND MAINTENANCE ACCESS Policy Requirement: Pre-authorisation, time-limited access, supervision in sensitive areas
A2: ISO 27001:2022 | Control A.7.2 | Entry Control
A3: Are contractor access controls implemented with pre-authorisation, logging, and supervision?
A4: Response:
A6: Contractor Type | B6: Facility/Area | C6: Pre-Authorisation | D6: Time-Limited Access | E6: Access Logged | F6: Escort Required | G6: Supervision Level | H6: Status | I6: Notes
A7: IT Maintenance | B7: Server Room | C7: Yes | D7: Yes | E7: Yes | F7: Yes | G7: Full Escort | H7: ✅ Compliant | I7: Sample — delete before use

Sheet After-Hours Access
A1: AFTER-HOURS ACCESS CONTROLS Policy Requirement: Enhanced authentication and logging for after-hours access
A2: ISO 27001:2022 | Control A.7.2 | Entry Control
A3: Are enhanced controls in place for after-hours access to facilities?
A4: Response:
A6: Facility/Entry Point | B6: Security Zone | C6: After-Hours Period | D6: Enhanced Auth | E6: Alarm Integration | F6: Security Response | G6: Access Logged | H6: Status | I6: Notes
A7: Building A Main Entrance | B7: Controlled Zone | C7: 18:00–07:00 weekdays | D7: Yes | E7: Yes | F7: 24/7 Security Response | G7: Yes | H7: ✅ Compliant | I7: Sample — delete before use

Sheet Evidence Register
A1: EVIDENCE REGISTER
A2: List all evidence files/documents referenced in this assessment (audit traceability).
A4: Evidence ID | B4: Assessment Area | C4: Evidence Type | D4: Description | E4: Location/Path | F4: Date Collected | G4: Collected By | H4: Verification Status
A5: EV-001

Sheet Summary Dashboard
A1: ENTRY CONTROL ASSESSMENT — SUMMARY DASHBOARD
A2: A.7.2 – Physical Entry: Access Systems, Visitor, Contractor and After-Hours Compliance
A4: TABLE 1: ASSESSMENT AREA COMPLIANCE OVERVIEW
A5: Assessment Area | B5: Total Items | C5: Compliant | D5: Partial | E5: Non-Compliant | F5: N/A | G5: Compliance %
A6: Access Control Systems | B6: =COUNTA('Access Control Systems'!A8:A57) | C6: =COUNTIF('Access Control Systems'!I8:I57,"✅*") | D6: =COUNTIF('Access Control Systems'!I8:I57,"⚠*") | E6: =COUNTIF('Access Control Systems'!I8:I57,"❌*") | F6: =COUNTIF('Access Control Systems'!I8:I57,"N/A") | G6: =IF((B6-F6)=0,0,C6/(B6-F6))
A7: Visitor Management | B7: =COUNTA('Visitor Management'!A8:A57) | C7: =COUNTIF('Visitor Management'!H8:H57,"✅*") | D7: =COUNTIF('Visitor Management'!H8:H57,"⚠*") | E7: =COUNTIF('Visitor Management'!H8:H57,"❌*") | F7: =COUNTIF('Visitor Management'!H8:H57,"N/A") | G7: =IF((B7-F7)=0,0,C7/(B7-F7))
A8: Contractor Access | B8: =COUNTA('Contractor Access'!A8:A57) | C8: =COUNTIF('Contractor Access'!H8:H57,"✅*") | D8: =COUNTIF('Contractor Access'!H8:H57,"⚠*") | E8: =COUNTIF('Contractor Access'!H8:H57,"❌*") | F8: =COUNTIF('Contractor Access'!H8:H57,"N/A") | G8: =IF((B8-F8)=0,0,C8/(B8-F8))
A9: After-Hours Access | B9: =COUNTA('After-Hours Access'!A8:A57) | C9: =COUNTIF('After-Hours Access'!H8:H57,"✅*") | D9: =COUNTIF('After-Hours Access'!H8:H57,"⚠*") | E9: =COUNTIF('After-Hours Access'!H8:H57,"❌*") | F9: =COUNTIF('After-Hours Access'!H8:H57,"N/A") | G9: =IF((B9-F9)=0,0,C9/(B9-F9))
A10: TOTAL | B10: =SUM(B6:B9) | C10: =SUM(C6:C9) | D10: =SUM(D6:D9) | E10: =SUM(E6:E9) | F10: =SUM(F6:F9) | G10: =IF((B10-F10)=0,0,C10/(B10-F10))
A12: TABLE 2: KEY PERFORMANCE METRICS
A13: Metric | B13: Value
A14: Total Access Points Assessed | B14: =COUNTA('Access Control Systems'!A8:A57)
A15: Multi-Factor Authentication Points | B15: =COUNTIF('Access Control Systems'!D8:D57,"Multi-Factor")
A16: Access Points with Tailgate Prevention | B16: =COUNTIF('Access Control Systems'!F8:F57,"Yes")
A17: Total Visitor Procedures Assessed | B17: =COUNTA('Visitor Management'!A8:A57)
A18: Contractors Requiring Full Escort | B18: =COUNTIF('Contractor Access'!G8:G57,"Full Escort")
A19: Total Contractor Types Assessed | B19: =COUNTA('Contractor Access'!A8:A57)
A23: TABLE 3: KEY FINDINGS & RISK INDICATORS
A24: Category | B24: Finding | C24: Count | D24: Severity | E24: Action Required
A25: Access Control Systems | B25: Non-compliant access control systems | C25: =COUNTIF('Access Control Systems'!I8:I57,"❌*") | D25: Critical | E25: Immediate
A26: Visitor Management | B26: Non-compliant visitor procedures | C26: =COUNTIF('Visitor Management'!H8:H57,"❌*") | D26: Critical | E26: Immediate
A27: Contractor Access | B27: Non-compliant contractor access | C27: =COUNTIF('Contractor Access'!H8:H57,"❌*") | D27: High | E27: Urgent
A28: After-Hours Access | B28: Non-compliant after-hours entries | C28: =COUNTIF('After-Hours Access'!H8:H57,"❌*") | D28: High | E28: Urgent

Sheet Approval Sign-Off
A1: ASSESSMENT APPROVAL AND SIGN-OFF
A2: ISO/IEC 27001:2022 - Control A.7.2: Physical Entry
A3: ASSESSMENT SUMMARY
A4: Document: | B4: ISMS-IMP-A.7.1.2 - Entry Control Assessment
A5: Assessment Period:
A6: Overall Compliance Rating: | B6: =IFERROR(AVERAGE('Summary Dashboard'!G6:G9),"")
A7: Assessment Status:
A8: Assessed By:
A11: COMPLETED BY (ASSESSOR)
A12: Name:
A13: Title:
A14: Date:
A15: Signature:
A16: Comments:
A18: REVIEWED BY (INFORMATION SECURITY OFFICER)
A19: Name:
A20: Title:
A21: Date:
... A38: Special Considerations:
