Workbook

Sheet Instructions
A1: ISMS-IMP-A.6.3.4 - Training Compliance Dashboard ISO/IEC 27001:2022 - Control A.6.3: Information Security Awareness, Education and Training
A3: Document Information
A4: Document ID | B4: ISMS-IMP-A.6.3.4
A5: Assessment Area | B5: Training Program Effectiveness and Compliance Reporting
A6: Related Policy | B6: ISMS-POL-A.6.3, Sections 3-4
A7: Version | B7: 1.0
A8: Reporting Period
A9: Prepared By
A10: Review Cycle | B10: Monthly reporting + Quarterly management review
A12: HOW TO USE THIS WORKBOOK
A13: 1. Populate Compliance_Metrics with data from IMP-A.6.3.3 workbook.
A14: 2. Update Effectiveness_Metrics quarterly.
A15: 3. Maintain Trend_Analysis with monthly data points.
A16: 4. Update Risk_Heatmap based on current compliance status.
A17: 5. Verify Audit_Evidence checklist completeness.
A18: 6. Prepare Management_Review_Input before management meetings.
A19: 7. Review KPI_Definitions for metric understanding.
A20: 8. Document data refresh schedules in Data_Sources.
A21: 9. Present Executive_Summary to leadership.
A22: 10. Complete Approval_Sign_Off for attestation.
A24: TRAFFIC LIGHT LEGEND
A25: Green | B25: ≥95% compliance, <5% click rate
A26: Yellow | B26: 85-94% compliance, 5-15% click rate
A27: Red | B27: <85% compliance, >15% click rate

Sheet Executive_Summary
A1: EXECUTIVE SUMMARY High-level compliance status for leadership
A3: KEY METRICS
A4: Metric | B4: Current Value | C4: Target
A5: Overall Completion Rate | C5: Target: ≥95%
A6: On-Time Completion Rate | C6: Target: ≥90%
A7: Average Assessment Score | C7: Target: ≥80%
A8: Phishing Click Rate | C8: Target: ≤5%
A9: Phishing Report Rate | C9: Target: ≥70%
A10: Active Remediation Cases | C10: Target: Minimized
A13: COMPLIANCE STATUS
A14: Overall Status:
A17: TOP 5 RISK AREAS
A18: Priority | B18: Risk Area | C18: Current Status | D18: Action Required
A19: 1
A20: 2
A21: 3
A22: 4
A23: 5
A26: KEY ACHIEVEMENTS THIS PERIOD
A27: 1.
A28: 2.
A29: 3.

Sheet Compliance_Metrics
A1: COMPLIANCE METRICS Detailed compliance breakdowns
A3: Category | B3: Total_Population | C3: Training_Required | D3: Completed | E3: Completion_Rate | F3: On_Time_Rate | G3: Average_Score | H3: Overdue_Count | I3: Remediation_Active | J3: Compliance_Status
E4: =IF(C4=0,"N/A",ROUND(D4/C4*100,1)&"%")
E5: =IF(C5=0,"N/A",ROUND(D5/C5*100,1)&"%")
E6: =IF(C6=0,"N/A",ROUND(D6/C6*100,1)&"%")
E7: =IF(C7=0,"N/A",ROUND(D7/C7*100,1)&"%")
E8: =IF(C8=0,"N/A",ROUND(D8/C8*100,1)&"%")
E9: =IF(C9=0,"N/A",ROUND(D9/C9*100,1)&"%")
E10: =IF(C10=0,"N/A",ROUND(D10/C10*100,1)&"%")
E11: =IF(C11=0,"N/A",ROUND(D11/C11*100,1)&"%")
E12: =IF(C12=0,"N/A",ROUND(D12/C12*100,1)&"%")
E13: =IF(C13=0,"N/A",ROUND(D13/C13*100,1)&"%")
E14: =IF(C14=0,"N/A",ROUND(D14/C14*100,1)&"%")
E15: =IF(C15=0,"N/A",ROUND(D15/C15*100,1)&"%")
... E33: =IF(C33=0,"N/A",ROUND(D33/C33*100,1)&"%")

Sheet Effectiveness_Metrics
A1: EFFECTIVENESS METRICS Measure training impact on security behavior
A3: Metric_Category | B3: Metric_Name | C3: Baseline_Value | D3: Current_Value | E3: Target_Value | F3: Trend_Direction | G3: Period_Comparison | H3: Data_Source | I3: Notes
A4: Behavior | B4: Phishing Click Rate | E4: ≤5% | H4: IMP-A.6.3.3 Simulation_Results
A5: Behavior | B5: Phishing Report Rate | E5: ≥70% | H5: IMP-A.6.3.3 Simulation_Results
A6: Behavior | B6: Credential Submission Rate | E6: ≤1% | H6: IMP-A.6.3.3 Simulation_Results
A7: Knowledge | B7: First-Attempt Pass Rate | E7: ≥85% | H7: IMP-A.6.3.3 Assessment_Results
A8: Knowledge | B8: Average Assessment Score | E8: ≥80% | H8: IMP-A.6.3.3 Assessment_Results
A9: Knowledge | B9: Remediation Success Rate | E9: ≥95% | H9: IMP-A.6.3.3 Remediation_Tracking
A10: Compliance | B10: On-Time Completion Rate | E10: ≥90% | H10: IMP-A.6.3.3 Completion_Tracking
A11: Compliance | B11: Annual Training Completion | E11: 100% | H11: IMP-A.6.3.3 Completion_Tracking
A12: Risk | B12: Training-Related Incidents | E12: Decreasing | H12: Incident Management System
A13: Risk | B13: Policy Violations (Training Gap) | E13: Decreasing | H13: Policy Violation Log

Sheet Trend_Analysis
A1: TREND ANALYSIS Historical performance tracking
A3: Period | B3: Completion_Rate | C3: On_Time_Rate | D3: Average_Score | E3: Phishing_Click_Rate | F3: Phishing_Report_Rate | G3: Incident_Count | H3: Remediation_Count | I3: Compliance_Score
A4: Jan
A5: Feb
A6: Mar
A7: Apr
A8: May
A9: Jun
A10: Jul
A11: Aug
A12: Sep
A13: Oct
A14: Nov
A15: Dec

Sheet Risk_Heatmap
A1: RISK HEATMAP Visual risk identification for training gaps
A3: Risk Scoring: 0=None, 1=Low, 2=Medium, 3=High
A5: Entity | B5: Overdue_Risk | C5: Assessment_Risk | D5: Simulation_Risk | E5: Incident_Risk | F5: Combined_Risk | G5: Priority_Rank | H5: Recommended_Action
F6: =IF(SUM(B6:E6)>=8,"Critical",IF(SUM(B6:E6)>=5,"High",IF(SUM(B6:E6)>=2,"Medium","Low")))
F7: =IF(SUM(B7:E7)>=8,"Critical",IF(SUM(B7:E7)>=5,"High",IF(SUM(B7:E7)>=2,"Medium","Low")))
F8: =IF(SUM(B8:E8)>=8,"Critical",IF(SUM(B8:E8)>=5,"High",IF(SUM(B8:E8)>=2,"Medium","Low")))
F9: =IF(SUM(B9:E9)>=8,"Critical",IF(SUM(B9:E9)>=5,"High",IF(SUM(B9:E9)>=2,"Medium","Low")))
F10: =IF(SUM(B10:E10)>=8,"Critical",IF(SUM(B10:E10)>=5,"High",IF(SUM(B10:E10)>=2,"Medium","Low")))
F11: =IF(SUM(B11:E11)>=8,"Critical",IF(SUM(B11:E11)>=5,"High",IF(SUM(B11:E11)>=2,"Medium","Low")))
F12: =IF(SUM(B12:E12)>=8,"Critical",IF(SUM(B12:E12)>=5,"High",IF(SUM(B12:E12)>=2,"Medium","Low")))
F13: =IF(SUM(B13:E13)>=8,"Critical",IF(SUM(B13:E13)>=5,"High",IF(SUM(B13:E13)>=2,"Medium","Low")))
F14: =IF(SUM(B14:E14)>=8,"Critical",IF(SUM(B14:E14)>=5,"High",IF(SUM(B14:E14)>=2,"Medium","Low")))
F15: =IF(SUM(B15:E15)>=8,"Critical",IF(SUM(B15:E15)>=5,"High",IF(SUM(B15:E15)>=2,"Medium","Low")))
F16: =IF(SUM(B16:E16)>=8,"Critical",IF(SUM(B16:E16)>=5,"High",IF(SUM(B16:E16)>=2,"Medium","Low")))
F17: =IF(SUM(B17:E17)>=8,"Critical",IF(SUM(B17:E17)>=5,"High",IF(SUM(B17:E17)>=2,"Medium","Low")))
... F25: =IF(SUM(B25:E25)>=8,"Critical",IF(SUM(B25:E25)>=5,"High",IF(SUM(B25:E25)>=2,"Medium","Low")))

Sheet Audit_Evidence
A1: AUDIT EVIDENCE CHECKLIST Evidence status for audit readiness
A3: Evidence_Category | B3: Evidence_Item | C3: Required_For | D3: Status | E3: Location | F3: Last_Updated | G3: Responsible_Party | H3: Notes
A4: Stage 1 | B4: Training Policy (ISMS-POL-A.6.3) | C4: ISO 27001 A.6.3 | G4: CISO
A5: Stage 1 | B5: Training Needs Assessment (IMP-A.6.3.1) | C5: ISO 27001 A.6.3 | G5: ISO/Training Manager
A6: Stage 1 | B6: Training Curriculum Catalog (IMP-A.6.3.2) | C6: ISO 27001 A.6.3 | G6: Training Manager
A7: Stage 1 | B7: Role-to-Training Matrix | C7: ISO 27001 A.6.3 | G7: HR/Security
A8: Stage 1 | B8: Training Delivery Standards | C8: ISO 27001 A.6.3 | G8: Training Manager
A9: Stage 2 | B9: Training Completion Records | C9: ISO 27001 Cl.7.2(d) | G9: HR/LMS Admin
A10: Stage 2 | B10: Assessment Results and Scores | C10: ISO 27001 Cl.7.2(d) | G10: LMS Admin
A11: Stage 2 | B11: Phishing Simulation Results | C11: ISO 27001 A.6.3 | G11: Security Team
A12: Stage 2 | B12: Remediation Tracking Records | C12: ISO 27001 A.6.3 | G12: HR/Security
A13: Stage 2 | B13: Compliance Reports (Monthly) | C13: ISO 27001 Cl.9.1 | G13: ISO
A14: Stage 2 | B14: Effectiveness Metrics (Quarterly) | C14: ISO 27001 Cl.9.1 | G14: ISO
A15: Stage 2 | B15: Management Review Minutes | C15: ISO 27001 Cl.9.3 | G15: CISO
A16: Stage 2 | B16: Training Program Review Records | C16: ISO 27001 Cl.10.1 | G16: Training Manager

Sheet Management_Review_Input
A1: MANAGEMENT REVIEW INPUT Prepared input for management review meetings
A3: 1. TRAINING PROGRAM STATUS SUMMARY
A10: 2. EFFECTIVENESS ASSESSMENT
A17: 3. NON-CONFORMITIES AND CORRECTIVE ACTIONS
A24: 4. RESOURCE REQUIREMENTS
A30: 5. RECOMMENDATIONS FOR IMPROVEMENT
A36: 6. CHANGES AFFECTING TRAINING PROGRAM

Sheet KPI_Definitions
A1: KPI DEFINITIONS Reference for all metrics and KPIs
A3: KPI_ID | B3: KPI_Name | C3: Definition | D3: Calculation_Method | E3: Target_Value | F3: Measurement_Frequency
A4: KPI-001 | B4: Training Completion Rate | C4: Percentage of required training completed | D4: (Completed / Required) × 100 | E4: ≥95% | F4: Monthly
A5: KPI-002 | B5: On-Time Completion Rate | C5: Percentage completed before due date | D5: (On-Time / Completed) × 100 | E5: ≥90% | F5: Monthly
A6: KPI-003 | B6: Assessment Pass Rate | C6: First-attempt pass rate | D6: (Passed First Attempt / Total) × 100 | E6: ≥85% | F6: Monthly
A7: KPI-004 | B7: Phishing Click Rate | C7: Percentage clicking simulation links | D7: (Clicked / Sent) × 100 | E7: ≤5% | F7: Per Campaign
A8: KPI-005 | B8: Phishing Report Rate | C8: Percentage reporting suspicious emails | D8: (Reported / Sent) × 100 | E8: ≥70% | F8: Per Campaign
A9: KPI-006 | B9: Remediation Success Rate | C9: Percentage passing remediation training | D9: (Remediation Passed / Assigned) × 100 | E9: ≥95% | F9: Monthly
A10: KPI-007 | B10: Training Currency | C10: Percentage with current/non-expired training | D10: (Current / Total Required) × 100 | E10: ≥95% | F10: Monthly
A11: KPI-008 | B11: Average Assessment Score | C11: Mean score across all assessments | D11: AVG(Assessment_Score) | E11: ≥80% | F11: Quarterly

Sheet Data_Sources
A1: DATA SOURCES Document data inputs and refresh procedures
A3: Data_Element | B3: Source_System | C3: Source_Sheet | D3: Refresh_Frequency | E3: Last_Refresh | F3: Responsible_Party | G3: Validation_Method
A4: Personnel List | B4: HRIS | C4: IMP-A.6.3.3 Personnel_Register | D4: Weekly
A5: Completion Records | B5: LMS | C5: IMP-A.6.3.3 Completion_Tracking | D5: Daily
A6: Assessment Scores | B6: LMS | C6: IMP-A.6.3.3 Assessment_Results | D6: Daily
A7: Simulation Results | B7: Phishing Platform | C7: IMP-A.6.3.3 Simulation_Results | D7: Per Campaign
A8: Remediation Status | B8: LMS/Manual | C8: IMP-A.6.3.3 Remediation_Tracking | D8: Weekly
A9: Incident Data | B9: SIEM/Ticketing | C9: Incident Management System | D9: Monthly

Sheet Evidence_Register
A1: EVIDENCE REGISTER
A3: Evidence_ID | B3: Evidence_Type | C3: Description | D3: Location | E3: Date_Collected | F3: Collected_By | G3: Status | H3: Notes
A4: EV-001
A5: EV-002
A6: EV-003
A7: EV-004
A8: EV-005
A9: EV-006
A10: EV-007
A11: EV-008
A12: EV-009
A13: EV-010
A14: EV-011
A15: EV-012
... A53: EV-050

Sheet Dashboard
A1: TRAINING COMPLIANCE DASHBOARD
A3: Compliance Summary (from Compliance_Metrics)
A4: Total Completion Rate | B4: =AVERAGE(Compliance_Metrics!E4:E33)
A5: Total Overdue Count | B5: =SUM(Compliance_Metrics!H4:H33)
A6: Departments with Gaps | B6: =COUNTIF(Compliance_Metrics!J4:J33,"<>Green")
A9: Effectiveness Summary (from Effectiveness_Metrics)
A10: Metrics Meeting Target | B10: =COUNTIF(Effectiveness_Metrics!F4:F20,"*Improving*")+COUNTIF(Effectiveness_Metrics!F4:F20,"*Stable*")
A11: Metrics Below Target | B11: =COUNTIF(Effectiveness_Metrics!F4:F20,"*Declining*")+COUNTIF(Effectiveness_Metrics!F4:F20,"*Worsening*")
A14: Audit Readiness (from Audit_Evidence)
A15: Evidence Available | B15: =COUNTIF(Audit_Evidence!D4:D20,"Available")
A16: Evidence Partial | B16: =COUNTIF(Audit_Evidence!D4:D20,"Partial")
A17: Evidence Missing | B17: =COUNTIF(Audit_Evidence!D4:D20,"Missing")
A20: Risk Summary (from Risk_Heatmap)
A21: Critical Risk Areas | B21: =COUNTIF(Risk_Heatmap!F6:F25,"Critical")
A22: High Risk Areas | B22: =COUNTIF(Risk_Heatmap!F6:F25,"High")
A23: Medium Risk Areas | B23: =COUNTIF(Risk_Heatmap!F6:F25,"Medium")

Sheet Approval_Sign_Off
A1: QUARTERLY ATTESTATION AND SIGN-OFF
A3: Reporting Period
A4: Quarter/Period
A5: Report Date
A6: Overall Compliance Status
A9: PREPARED BY (Information Security Officer)
A10: Name:
A11: Date:
A12: Signature:
A15: REVIEWED BY (HR Director)
A16: Name:
A17: Date:
... A27: Next Review Date:
