Workbook

Sheet Instructions & Legend
A1: ISMS-IMP-A.5.8.1 - Project Lifecycle Security Assessment\nISO/IEC 27001:2022 Control A.5.8
A3: DOCUMENT CONTROL
A5: Document ID: | B5: ISMS-IMP-A.5.8.1
A6: Version: | B6: 2.0
A7: Control Reference: | B7: ISO/IEC 27001:2022 Control A.5.8
A8: Purpose: | B8: Assess security integration across project lifecycle (6 phases)

Sheet 2. Project Classification
A1: PHASE 0: PROJECT CLASSIFICATION\nDetermine Risk Level (High/Medium/Low)
A3: Project Name:
A4: Project Manager:
A6: CLASSIFICATION CRITERIA (Answer Yes/No):
A7: Processes Restricted or Confidential data?
A8: External-facing system/service?
A9: Handles payment card data (PCI DSS)?
A10: Subject to regulatory requirements (GDPR, HIPAA, etc.)?
A11: Critical business function (RTO <4 hours)?
A12: Integrates with critical infrastructure?
A14: CALCULATED RISK LEVEL: | B14: =IF(COUNTIF(B7:B12,"Yes")>=4,"High",IF(COUNTIF(B7:B12,"Yes")>=2,"Medium","Low"))

Sheet 3. Initiation Phase
A1: PHASE 1: INITIATION
A3: Activity | B3: Status | C3: Completion Date | D3: Evidence Link | E3: Notes
A4: Identify security stakeholders and establish communication plan
A5: Conduct initial risk assessment and document key risks
A6: Define security requirements baseline
A7: Allocate security budget and resources
A8: Document security responsibilities in project charter
A9: Obtain Phase 1 gate approval from security team

Sheet 4. Planning Phase
A1: PHASE 2: PLANNING
A3: Activity | B3: Status | C3: Completion Date | D3: Evidence Link | E3: Notes
A4: Document detailed security requirements (link to A.5.8.2 Register)
A5: Conduct threat modeling and document threat scenarios
A6: Develop security test plan and define test cases
A7: Complete Data Protection Impact Assessment (DPIA) if required
A8: Conduct vendor security assessment if third-party components
A9: Define security monitoring and logging requirements
A10: Establish incident response procedures
A11: Obtain Phase 2 gate approval from security team

Sheet 5. Execution Phase
A1: PHASE 3: EXECUTION
A3: Activity | B3: Status | C3: Completion Date | D3: Evidence Link | E3: Notes
A4: Execute security testing per test plan (SAST, DAST, etc.)
A5: Conduct penetration testing and document findings
A6: Complete vulnerability scans and remediate critical/high findings
A7: Review and approve security architecture/design
A8: Verify secure coding practices and code review completion
A9: Test security controls and verify implementation
A10: Document security configurations and hardening
A11: Update threat model with implementation changes
A12: Obtain Phase 3 gate approval from security team

Sheet 6. Monitoring Phase
A1: PHASE 4: MONITORING
A3: Activity | B3: Status | C3: Completion Date | D3: Evidence Link | E3: Notes
A4: Monitor ongoing compliance with security requirements
A5: Review and update risk assessments for changes
A6: Assess security impact of change requests
A7: Track security metrics and KPIs
A8: Obtain Phase 4 gate approval for major milestones

Sheet 7. Closure Phase
A1: PHASE 5: CLOSURE
A3: Activity | B3: Status | C3: Completion Date | D3: Evidence Link | E3: Notes
A4: Complete security handover documentation
A5: Verify all security testing complete and passed
A6: Document residual risks and obtain risk acceptance
A7: Conduct lessons learned session with security team
A8: Archive security documentation and evidence
A9: Obtain final security sign-off for production deployment

Sheet 8. Compliance Dashboard
A1: COMPLIANCE DASHBOARD\nAutomated Phase Completion Scores
A3: PROJECT INFORMATION
A5: Project Name: | B5: ='2. Project Classification'!B3
A6: Risk Classification: | B6: ='2. Project Classification'!B18
A7: Assessment Date: | B7: =TODAY()
A9: PHASE COMPLETION SCORES
A10: Phase | B10: Completion %
A11: Initiation | B11: =COUNTIF('3. Initiation Phase'!B4:B9,"✅ Complete")/(COUNTA('3. Initiation Phase'!B4:B9)-COUNTIF('3. Initiation Phase'!B4:B9,"N/A"))
A12: Planning | B12: =COUNTIF('4. Planning Phase'!B4:B11,"✅ Complete")/(COUNTA('4. Planning Phase'!B4:B11)-COUNTIF('4. Planning Phase'!B4:B11,"N/A"))
A13: Execution | B13: =COUNTIF('5. Execution Phase'!B4:B12,"✅ Complete")/(COUNTA('5. Execution Phase'!B4:B12)-COUNTIF('5. Execution Phase'!B4:B12,"N/A"))
A14: Monitoring | B14: =COUNTIF('6. Monitoring Phase'!B4:B8,"✅ Complete")/(COUNTA('6. Monitoring Phase'!B4:B8)-COUNTIF('6. Monitoring Phase'!B4:B8,"N/A"))
A15: Closure | B15: =COUNTIF('7. Closure Phase'!B4:B9,"✅ Complete")/(COUNTA('7. Closure Phase'!B4:B9)-COUNTIF('7. Closure Phase'!B4:B9,"N/A"))
A17: OVERALL COMPLIANCE: | B17: =AVERAGE(B12:B16)

Sheet 9. Evidence Register
A1: EVIDENCE REGISTER\nAudit Evidence Tracking
A3: Evidence ID | B3: Phase | C3: Description | D3: Location/Path | E3: Date Collected | F3: Status
A4: =TEXT(ROW()-3,"EV-000")
A5: =TEXT(ROW()-3,"EV-000")
A6: =TEXT(ROW()-3,"EV-000")
A7: =TEXT(ROW()-3,"EV-000")
A8: =TEXT(ROW()-3,"EV-000")
A9: =TEXT(ROW()-3,"EV-000")
A10: =TEXT(ROW()-3,"EV-000")
A11: =TEXT(ROW()-3,"EV-000")
A12: =TEXT(ROW()-3,"EV-000")
A13: =TEXT(ROW()-3,"EV-000")
A14: =TEXT(ROW()-3,"EV-000")
A15: =TEXT(ROW()-3,"EV-000")
... A103: =TEXT(ROW()-3,"EV-000")

Sheet 10. Sign-Off
A1: SIGN-OFF & APPROVAL\nMulti-Stakeholder Approval Workflow
A3: ASSESSMENT SUMMARY
A5: Project Name: | B5: ='2. Project Classification'!B3
A6: Overall Compliance: | B6: ='8. Compliance Dashboard'!B15
A8: APPROVALS
A9: Role | B9: Name | C9: Signature | D9: Date | E9: Decision
A10: Project Manager
A11: Security Team
A12: Final Approver
