Workbook

Sheet Instructions & Legend
A1: ISMS-IMP-A.5.8.3 - Project Portfolio Dashboard\nISO/IEC 27001:2022 Control A.5.8
A3: PURPOSE
A5: Portfolio-wide security visibility dashboard consolidating status across all projects.\n\nDATA SOURCES:\n• Primary: ISMS-IMP-A.5.8.1 workbooks from all active projects\n• Collection: Manual extraction OR automated (consolidate_a58_dashboard.py)\n\nKEY METRICS:\n• Portfolio Compliance Score: Weighted average (High×3, Medium×2, Low×1)\n• Portfolio Health: 🟢 ≥85% + 0 critical gaps | 🟡 70-84% or 1-3 critical | 🔴 <70% or >3 critical\n• Priority Classification: P1 Critical → P2 High → P3 Medium → P4 Low\n\nUPDATE FREQUENCY: Quarterly or after major milestones
A12: INSTRUCTIONS
A13: 1. Extract data from A.5.8.1 workbooks → populate Project Data sheet
A14: 2. OR: Use consolidate_a58_dashboard.py for automated extraction
A15: 3. Review Executive Summary for portfolio health status
A16: 4. Review Gap Analysis for common security gaps
A17: 5. Track trends quarter-over-quarter
A18: 6. Update quarterly or after major project milestones

Sheet Project Data
A1: PROJECT DATA TABLE\nManual Entry from A.5.8.1 Workbooks OR Automated Extraction
A3: Project Name | B3: Classification | C3: PM | D3: Business Owner | E3: Phase | F3: Compliance % | G3: Initiation % | H3: Planning % | I3: Execution % | J3: Monitoring % | K3: Closure % | L3: Critical Gaps | M3: High Findings | N3: Deploy Date | O3: Last Assessment | P3: Notes

Sheet Executive Summary
A1: EXECUTIVE SUMMARY\nOne-Page Portfolio Health Snapshot
A3: PORTFOLIO HEALTH STATUS
A5: Portfolio Compliance Score: | B5: =(SUMPRODUCT('Project Data'!F4:F53,('Project Data'!B4:B53="High")*3+('Project Data'!B4:B53="Medium")*2+('Project Data'!B4:B53="Low")*1))/(SUMPRODUCT(('Project Data'!B4:B53="High")*3+('Project Data'!B4:B53="Medium")*2+('Project Data'!B4:B53="Low")*1))
A7: Portfolio Health: | B7: =IF(AND(B5>=0.85,SUMPRODUCT(--('Project Data'!L4:L53>0))=0),"🟢 Green",IF(OR(B5<0.7,SUMPRODUCT(--('Project Data'!L4:L53>0))>3),"🔴 Red","🟡 Amber"))
A10: KEY METRICS
A11: Total Projects: | B11: =COUNTA('Project Data'!A4:A53)
A12: High Risk Projects: | B12: =COUNTIF('Project Data'!B4:B53,"High")
A13: Medium Risk Projects: | B13: =COUNTIF('Project Data'!B4:B53,"Medium")
A14: Low Risk Projects: | B14: =COUNTIF('Project Data'!B4:B53,"Low")
A15: Projects ≥85%: | B15: =COUNTIF('Project Data'!F4:F53,">=0.85")
A16: Projects <70%: | B16: =COUNTIF('Project Data'!F4:F53,"<0.7")
A17: Total Critical Gaps: | B17: =SUM('Project Data'!L4:L53)

Sheet Project Status
A1: PROJECT STATUS\nDetailed Project-by-Project View
A3: Project | B3: Classification | C3: Phase | D3: Compliance % | E3: Critical Gaps | F3: Status | G3: Owner | H3: Notes
A4: ='Project Data'!A5 | B4: ='Project Data'!B5 | C4: ='Project Data'!E5 | D4: ='Project Data'!F5 | E4: ='Project Data'!L5 | F4: =IF(D4>=0.85,"🟢",IF(D4<0.7,"🔴","🟡")) | G4: ='Project Data'!C5 | H4: ='Project Data'!P5
A5: ='Project Data'!A6 | B5: ='Project Data'!B6 | C5: ='Project Data'!E6 | D5: ='Project Data'!F6 | E5: ='Project Data'!L6 | F5: =IF(D5>=0.85,"🟢",IF(D5<0.7,"🔴","🟡")) | G5: ='Project Data'!C6 | H5: ='Project Data'!P6
A6: ='Project Data'!A7 | B6: ='Project Data'!B7 | C6: ='Project Data'!E7 | D6: ='Project Data'!F7 | E6: ='Project Data'!L7 | F6: =IF(D6>=0.85,"🟢",IF(D6<0.7,"🔴","🟡")) | G6: ='Project Data'!C7 | H6: ='Project Data'!P7
A7: ='Project Data'!A8 | B7: ='Project Data'!B8 | C7: ='Project Data'!E8 | D7: ='Project Data'!F8 | E7: ='Project Data'!L8 | F7: =IF(D7>=0.85,"🟢",IF(D7<0.7,"🔴","🟡")) | G7: ='Project Data'!C8 | H7: ='Project Data'!P8
A8: ='Project Data'!A9 | B8: ='Project Data'!B9 | C8: ='Project Data'!E9 | D8: ='Project Data'!F9 | E8: ='Project Data'!L9 | F8: =IF(D8>=0.85,"🟢",IF(D8<0.7,"🔴","🟡")) | G8: ='Project Data'!C9 | H8: ='Project Data'!P9
A9: ='Project Data'!A10 | B9: ='Project Data'!B10 | C9: ='Project Data'!E10 | D9: ='Project Data'!F10 | E9: ='Project Data'!L10 | F9: =IF(D9>=0.85,"🟢",IF(D9<0.7,"🔴","🟡")) | G9: ='Project Data'!C10 | H9: ='Project Data'!P10
A10: ='Project Data'!A11 | B10: ='Project Data'!B11 | C10: ='Project Data'!E11 | D10: ='Project Data'!F11 | E10: ='Project Data'!L11 | F10: =IF(D10>=0.85,"🟢",IF(D10<0.7,"🔴","🟡")) | G10: ='Project Data'!C11 | H10: ='Project Data'!P11
A11: ='Project Data'!A12 | B11: ='Project Data'!B12 | C11: ='Project Data'!E12 | D11: ='Project Data'!F12 | E11: ='Project Data'!L12 | F11: =IF(D11>=0.85,"🟢",IF(D11<0.7,"🔴","🟡")) | G11: ='Project Data'!C12 | H11: ='Project Data'!P12
A12: ='Project Data'!A13 | B12: ='Project Data'!B13 | C12: ='Project Data'!E13 | D12: ='Project Data'!F13 | E12: ='Project Data'!L13 | F12: =IF(D12>=0.85,"🟢",IF(D12<0.7,"🔴","🟡")) | G12: ='Project Data'!C13 | H12: ='Project Data'!P13
A13: ='Project Data'!A14 | B13: ='Project Data'!B14 | C13: ='Project Data'!E14 | D13: ='Project Data'!F14 | E13: ='Project Data'!L14 | F13: =IF(D13>=0.85,"🟢",IF(D13<0.7,"🔴","🟡")) | G13: ='Project Data'!C14 | H13: ='Project Data'!P14
A14: ='Project Data'!A15 | B14: ='Project Data'!B15 | C14: ='Project Data'!E15 | D14: ='Project Data'!F15 | E14: ='Project Data'!L15 | F14: =IF(D14>=0.85,"🟢",IF(D14<0.7,"🔴","🟡")) | G14: ='Project Data'!C15 | H14: ='Project Data'!P15
A15: ='Project Data'!A16 | B15: ='Project Data'!B16 | C15: ='Project Data'!E16 | D15: ='Project Data'!F16 | E15: ='Project Data'!L16 | F15: =IF(D15>=0.85,"🟢",IF(D15<0.7,"🔴","🟡")) | G15: ='Project Data'!C16 | H15: ='Project Data'!P16
... A53: ='Project Data'!A54 | B53: ='Project Data'!B54 | C53: ='Project Data'!E54 | D53: ='Project Data'!F54 | E53: ='Project Data'!L54 | F53: =IF(D53>=0.85,"🟢",IF(D53<0.7,"🔴","🟡")) | G53: ='Project Data'!C54 | H53: ='Project Data'!P54

Sheet Gap Analysis
A1: GAP ANALYSIS\nCommon Security Gaps Across Portfolio
A3: Gap Category | B3: Description | C3: Frequency | D3: Impact | E3: Recommended Action

Sheet Trend Analysis
A1: TREND ANALYSIS\nQuarter-over-Quarter Compliance Trends
A3: Quarter | B3: Total Projects | C3: Avg Compliance % | D3: High Risk Avg | E3: Medium Risk Avg | F3: Low Risk Avg

Sheet Risk Prioritization
A1: RISK PRIORITIZATION MATRIX\nP1 Critical → P2 High → P3 Medium → P4 Low
A3: Priority | B3: Project Name | C3: Classification | D3: Compliance % | E3: Critical Gaps | F3: Action Required

Sheet Lessons Learned
A1: LESSONS LEARNED SYNTHESIS\nCross-Project Insights
A3: Project | B3: Lesson Learned | C3: Category | D3: Recommendation

Sheet Regulatory Compliance
A1: REGULATORY COMPLIANCE VIEW\nCompliance by Regulation
A3: Regulation | B3: Applicable Projects | C3: Compliance Rate | D3: Gaps | E3: Status
A4: GDPR
A5: nDSG (Swiss DPA)
A6: PCI DSS
A7: HIPAA
A8: ISO 27001
A9: SOC 2

Sheet Resources & Budget
A1: RESOURCES & BUDGET ANALYSIS\nSecurity Spending and Resource Allocation
A3: Project | B3: Security Budget (CHF) | C3: Actual Spend (CHF) | D3: % of Total Budget | E3: Resource FTE

Sheet Charts
A1: VISUALIZATION DASHBOARD\nExecutive Charts and Graphs
A3: CHART PLACEHOLDERS
A5: Create charts in Excel based on data from other sheets:
A6: 1. Portfolio Compliance Score - Gauge chart
A7: 2. Projects by Risk Classification - Pie chart
A8: 3. Compliance Distribution - Bar chart
A9: 4. Trend Analysis - Line chart (QoQ)
A10: 5. Gap Analysis - Pareto chart
A11: 6. Budget Allocation - Stacked bar chart
