Workbook

Sheet Overview
A1: Workbook ID | B1: ISMS-IMP-A.8.8.5
A2: Workbook Title | B2: Vulnerability Inventory
A3: Version | B3: 1.0
A4: Generated Date | B4: 2026-02-08 11:50:10
A5: Owner | B5: Vulnerability Management Coordinator
A6: Review Frequency | B6: Monthly
A7: Status | B7: Active
A9: Related Workbooks | B9: A.8.8.1, A.8.8.3, A.8.8.4
A10: Related Policy | B10: ISMS-POL-A.8.8-S2
A11: ISO Control | B11: A.8.8
A15: VULNERABILITY INVENTORY DASHBOARD
A16: Metric | B16: Value | C16: Target | D16: Status
A17: Total Vulnerabilities | B17: =COUNTA(Vulnerability_Inventory!A2:A1000) | C17: N/A | D17: Info
A18: Critical (P0) Count | B18: =COUNTIF(Vulnerability_Inventory!V2:V1000,"P0") | C18: 0 | D18: =IF(B18>0,"🚨","✓")
A19: High (P1) Count | B19: =COUNTIF(Vulnerability_Inventory!V2:V1000,"P1") | C19: ≤5 | D19: =IF(B19>5,"⚠","✓")
A20: Overdue Remediation | B20: =COUNTIF(Remediation_Planning!K2:K500,"Overdue") | C20: 0 | D20: =IF(B20>0,"🚨","✓")
A21: Average Age (days) | B21: =IFERROR(AVERAGE(Vulnerability_Inventory!E2:E1000),0) | C21: ≤30 | D21: =IF(B21>30,"⚠","✓")
A22: Assets Affected | B22: =COUNTA(Asset_Vulnerability_Matrix!A2:A2000) | C22: N/A | D22: Info
A23: KEV Vulnerabilities | B23: =COUNTIF(Vulnerability_Inventory!F2:F1000,"YES") | C23: 0 | D23: =IF(B23>0,"🚨","✓")
A24: Active Exploitation | B24: =COUNTIF(Vulnerability_Inventory!G2:G1000,"YES") | C24: 0 | D24: =IF(B24>0,"🚨","✓")

Sheet Vulnerability_Inventory
A1: CVE_ID | B1: Vulnerability_Title | C1: Discovery_Date | D1: Discovery_Source | E1: Days_Since_Discovery | F1: KEV_Listed | G1: Active_Exploitation | H1: Exploit_Available | I1: EPSS_Score | J1: CVSS_Version | K1: CVSS_Primary_Score | L1: CVSS_v40_Score | M1: CVSS_v31_Score | N1: CVSS_v40_Vector | O1: CVSS_v31_Vector | P1: Supplemental_AU | Q1: Supplemental_S | R1: Version_Source | S1: Score_Date | T1: TI_Score_Modifier | U1: Final_Risk_Score | V1: Priority | W1: Affected_Assets_Count | X1: Max_Asset_Criticality | Y1: Max_Data_Sensitivity | Z1: Remediation_Status | AA1: Assigned_To | AB1: Target_Remediation_Date | AC1: Last_Updated | AD1: Notes
A2: CVE-2024-1234 | B2: Apache Log4j Remote Code Execution | C2: 2024-12-15 | D2: Scanner_Nessus | E2: =TODAY()-C2 | F2: YES | G2: YES | H2: YES | I2: 0.95 | J2: v4.0 | K2: =IF(J2="v4.0",L2,IF(J2="v3.1",M2,IF(J2="Both",L2,IF(AND(L2<>"",M2=""),L2,M2)))) | L2: 9.8 | N2: CVSS:4.0/AV:N/AC:L/AT:N/PR:N/UI:N/VC:H/VI:H/VA:H/SC:N/SI:N/SA:N/AU:Y | P2: Y | Q2: N/A | R2: NVD | S2: 2024-12-16 | T2: 2 | U2: =K2+T2 | V2: P0 | W2: =COUNTIF(Asset_Vulnerability_Matrix!$B:$B,A2) | X2: Critical | Y2: Restricted | Z2: In_Progress | AA2: IT Security Team | AB2: =C2+VLOOKUP(V2,Priority_Mapping,5,FALSE) | AC2: 08.02.2026 | AD2: CRITICAL: KEV + Active exploitation + Wormable
A3: CVE-2024-5678 | B3: MS Exchange Server-Side Request Forgery | C3: 2024-12-20 | D3: Vendor_Advisory | E3: =TODAY()-C2 | F3: YES | G3: NO | H3: YES | I3: 0.75 | J3: Both | K3: =IF(J3="v4.0",L3,IF(J3="v3.1",M3,IF(J3="Both",L3,IF(AND(L3<>"",M3=""),L3,M3)))) | L3: 9.3 | M3: 9 | N3: CVSS:4.0/AV:N/AC:L/AT:N/PR:N/UI:N/VC:H/VI:H/VA:H/SC:N/SI:N/SA:N | O3: CVSS:3.1/AV:N/AC:L/PR:N/UI:N/S:U/C:H/I:H/A:H | P3: N | Q3: X | R3: Vendor | S3: 2024-12-21 | T3: 2 | U3: =K3+T3 | V3: P0 | W3: =COUNTIF(Asset_Vulnerability_Matrix!$B:$B,A3) | X3: High | Y3: Confidential | Z3: Assigned | AA3: Mail Team | AB3: =C3+VLOOKUP(V3,Priority_Mapping,5,FALSE) | AC3: 08.02.2026 | AD3: KEV-listed, transition tracking
A4: CVE-2023-9012 | B4: Linux Kernel Privilege Escalation | C4: 2025-01-02 | D4: Manual_Research | E4: =TODAY()-C4 | F4: NO | G4: YES | H4: YES | I4: 0.12 | J4: v3.1 | K4: =IF(J4="v4.0",L4,IF(J4="v3.1",M4,IF(J4="Both",L4,IF(AND(L4<>"",M4=""),L4,M4)))) | M4: 7.8 | O4: CVSS:3.1/AV:L/AC:L/PR:L/UI:N/S:U/C:H/I:H/A:H | P4: N/A | Q4: N/A | R4: Scanner | S4: 2025-01-03 | T4: 2 | U4: =K4+T4 | V4: P0 | W4: =COUNTIF(Asset_Vulnerability_Matrix!$B:$B,A4) | X4: Medium | Y4: Internal | Z4: Open | AB4: =C4+VLOOKUP(V4,Priority_Mapping,5,FALSE) | AC4: 08.02.2026 | AD4: Active exploitation observed (legacy score)
A5: CVE-2024-7890 | B5: Industrial Control System Buffer Overflow | C5: 2025-01-04 | D5: Penetration_Test | E5: =TODAY()-C5 | F5: NO | G5: NO | H5: YES | I5: 0.45 | J5: v4.0 | K5: =IF(J5="v4.0",L5,IF(J5="v3.1",M5,IF(J5="Both",L5,IF(AND(L5<>"",M5=""),L5,M5)))) | L5: 8.2 | N5: CVSS:4.0/AV:N/AC:L/AT:N/PR:N/UI:N/VC:H/VI:H/VA:H/SC:N/SI:N/SA:N/S:P | P5: N | Q5: P | R5: NVD | S5: 2025-01-05 | T5: 1.5 | U5: =K5+T5 | V5: P1 | W5: =COUNTIF(Asset_Vulnerability_Matrix!$B:$B,A5) | X5: High | Y5: Public | Z5: Open | AB5: =C5+VLOOKUP(V5,Priority_Mapping,5,FALSE) | AC5: 08.02.2026 | AD5: Safety-critical: OT/ICS system
E6: =TODAY()-C6 | K6: =IF(J6="v4.0",L6,IF(J6="v3.1",M6,IF(J6="Both",L6,IF(AND(L6<>"",M6=""),L6,M6)))) | U6: =K6+T6 | W6: =COUNTIF(Asset_Vulnerability_Matrix!$B:$B,A6) | AB6: =C6+7
E7: =TODAY()-C7 | K7: =IF(J7="v4.0",L7,IF(J7="v3.1",M7,IF(J7="Both",L7,IF(AND(L7<>"",M7=""),L7,M7)))) | U7: =K7+T7 | W7: =COUNTIF(Asset_Vulnerability_Matrix!$B:$B,A7) | AB7: =C7+7
E8: =TODAY()-C8 | K8: =IF(J8="v4.0",L8,IF(J8="v3.1",M8,IF(J8="Both",L8,IF(AND(L8<>"",M8=""),L8,M8)))) | U8: =K8+T8 | W8: =COUNTIF(Asset_Vulnerability_Matrix!$B:$B,A8) | AB8: =C8+7
E9: =TODAY()-C9 | K9: =IF(J9="v4.0",L9,IF(J9="v3.1",M9,IF(J9="Both",L9,IF(AND(L9<>"",M9=""),L9,M9)))) | U9: =K9+T9 | W9: =COUNTIF(Asset_Vulnerability_Matrix!$B:$B,A9) | AB9: =C9+7
E10: =TODAY()-C10 | K10: =IF(J10="v4.0",L10,IF(J10="v3.1",M10,IF(J10="Both",L10,IF(AND(L10<>"",M10=""),L10,M10)))) | U10: =K10+T10 | W10: =COUNTIF(Asset_Vulnerability_Matrix!$B:$B,A10) | AB10: =C10+7
E11: =TODAY()-C11 | K11: =IF(J11="v4.0",L11,IF(J11="v3.1",M11,IF(J11="Both",L11,IF(AND(L11<>"",M11=""),L11,M11)))) | U11: =K11+T11 | W11: =COUNTIF(Asset_Vulnerability_Matrix!$B:$B,A11) | AB11: =C11+7
E12: =TODAY()-C12 | K12: =IF(J12="v4.0",L12,IF(J12="v3.1",M12,IF(J12="Both",L12,IF(AND(L12<>"",M12=""),L12,M12)))) | U12: =K12+T12 | W12: =COUNTIF(Asset_Vulnerability_Matrix!$B:$B,A12) | AB12: =C12+7
E13: =TODAY()-C13 | K13: =IF(J13="v4.0",L13,IF(J13="v3.1",M13,IF(J13="Both",L13,IF(AND(L13<>"",M13=""),L13,M13)))) | U13: =K13+T13 | W13: =COUNTIF(Asset_Vulnerability_Matrix!$B:$B,A13) | AB13: =C13+7
E14: =TODAY()-C14 | K14: =IF(J14="v4.0",L14,IF(J14="v3.1",M14,IF(J14="Both",L14,IF(AND(L14<>"",M14=""),L14,M14)))) | U14: =K14+T14 | W14: =COUNTIF(Asset_Vulnerability_Matrix!$B:$B,A14) | AB14: =C14+7
E15: =TODAY()-C15 | K15: =IF(J15="v4.0",L15,IF(J15="v3.1",M15,IF(J15="Both",L15,IF(AND(L15<>"",M15=""),L15,M15)))) | U15: =K15+T15 | W15: =COUNTIF(Asset_Vulnerability_Matrix!$B:$B,A15) | AB15: =C15+7
E16: =TODAY()-C16 | K16: =IF(J16="v4.0",L16,IF(J16="v3.1",M16,IF(J16="Both",L16,IF(AND(L16<>"",M16=""),L16,M16)))) | U16: =K16+T16 | W16: =COUNTIF(Asset_Vulnerability_Matrix!$B:$B,A16) | AB16: =C16+7
E17: =TODAY()-C17 | K17: =IF(J17="v4.0",L17,IF(J17="v3.1",M17,IF(J17="Both",L17,IF(AND(L17<>"",M17=""),L17,M17)))) | U17: =K17+T17 | W17: =COUNTIF(Asset_Vulnerability_Matrix!$B:$B,A17) | AB17: =C17+7
... E30: =TODAY()-C30 | K30: =IF(J30="v4.0",L30,IF(J30="v3.1",M30,IF(J30="Both",L30,IF(AND(L30<>"",M30=""),L30,M30)))) | U30: =K30+T30 | W30: =COUNTIF(Asset_Vulnerability_Matrix!$B:$B,A30) | AB30: =C30+7

Sheet Wormable_Vulnerabilities
A1: CVE_ID | B1: Vulnerability_Title | C1: CVSS_v40_Score | D1: CVSS_v31_Score | E1: Supplemental_AU | F1: Affected_Assets_Count | G1: Exploit_Available | H1: KEV_Listed | I1: Discovery_Date | J1: Remediation_Status | K1: Priority | L1: Target_Remediation_Date | M1: Actual_Remediation_Date | N1: Notes
A3: WORMABLE VULNERABILITIES (AU=Y):
A4: * Tracks vulnerabilities with Supplemental_AU=Y (Automatable/Wormable)
A5: * These can self-propagate without user interaction - HIGHEST PRIORITY
A6: * Auto-populate from Vulnerability_Inventory where AU=Y
A7: * All wormable vulns must have P0 priority and immediate remediation

Sheet Safety_Critical
A1: CVE_ID | B1: Vulnerability_Title | C1: System_Type | D1: Safety_Classification | E1: Asset_ID | F1: Asset_Location | G1: CVSS_v40_Score | H1: CVSS_v31_Score | I1: Supplemental_S | J1: Physical_Impact_Potential | K1: Remediation_Status | L1: Compensating_Control | M1: Risk_Owner | N1: Notes
A3: SAFETY-CRITICAL VULNERABILITIES (OT/ICS):
A4: * Tracks vulnerabilities in OT/ICS/SCADA safety-critical systems
A5: * Supplemental_S indicates Safety impact: P=Present, S=Supplementary, N=None
A6: * SIL classifications per IEC 61508/61511 standards
A7: * Requires specialized OT remediation procedures and change windows

Sheet Asset_Vulnerability_Matrix
A1: Asset_ID | B1: CVE_ID | C1: Asset_Name | D1: Asset_Criticality | E1: Data_Sensitivity | F1: Asset_Owner | G1: Vulnerable_Component | H1: Component_Version | I1: Fixed_Version_Available | J1: Patch_Availability | K1: Remediation_Complexity | L1: Last_Scan_Date | M1: Notes
A2: SRV-001 | B2: CVE-2024-1234 | C2: Web-Prod-01 | D2: Critical | E2: Restricted | F2: IT Operations | G2: Apache Log4j | H2: 2.14.1 | I2: 2.17.1 | J2: Available | K2: Low | L2: 08.02.2026 | M2: Production web server
A3: SRV-002 | B3: CVE-2024-1234 | C3: Web-Prod-02 | D3: Critical | E3: Restricted | F3: IT Operations | G3: Apache Log4j | H3: 2.14.1 | I3: 2.17.1 | J3: Available | K3: Low | L3: 08.02.2026 | M3: Production web server
A4: SRV-010 | B4: CVE-2024-5678 | C4: Exchange-01 | D4: High | E4: Confidential | F4: Mail Team | G4: MS Exchange Server | H4: 2019 CU11 | I4: 2019 CU13 | J4: Available | K4: Medium | L4: 08.02.2026 | M4: Corporate mail server
A5: SRV-020 | B5: CVE-2024-9012 | C5: Linux-App-01 | D5: Medium | E5: Internal | F5: Application Team | G5: Linux Kernel | H5: 5.10.0 | I5: 5.10.102 | J5: Available | K5: High | L5: 08.02.2026 | M5: Application server - requires reboot
A6: DEV-001 | B6: CVE-2024-1111 | C6: Dev-Web-01 | D6: Low | E6: Public | F6: Development Team | G6: WordPress | H6: 6.2.0 | I6: 6.4.2 | J6: Available | K6: Low | L6: 08.02.2026 | M6: Development environment

Sheet Scoring_Application
A1: CVE_ID | B1: CVSS_Base_Score | C1: TI_Score_Modifier | D1: Adjusted_CVSS | E1: Asset_Criticality_Multiplier | F1: Data_Sensitivity_Multiplier | G1: Score_After_Asset | H1: Final_Risk_Score | I1: Priority | J1: Priority_Override | K1: Final_Priority
A2: CVE-2024-1234 | B2: 10 | C2: 2 | D2: =MIN(B2+C2,10.0) | E2: 1.5 | F2: 1.5 | G2: =D2*E2 | H2: =MIN(G2*F2,10.0) | I2: =IF(H2>=9,"P0",IF(H2>=7,"P1",IF(H2>=4,"P2","P3"))) | J2: =IF(Vulnerability_Inventory!F2="YES","P0","") | K2: =IF(J2<>"",J2,I2)
A3: CVE-2024-5678 | B3: 9.1 | C3: 2 | D3: =MIN(B2+C2,10.0) | E3: 1.3 | F3: 1.3 | G3: =D2*E2 | H3: =MIN(G2*F2,10.0) | I3: =IF(H2>=9,"P0",IF(H2>=7,"P1",IF(H2>=4,"P2","P3"))) | J3: =IF(Vulnerability_Inventory!F2="YES","P0","") | K3: =IF(J2<>"",J2,I2)
A10: SCORING METHODOLOGY (per ISMS-IMP-A.8.8.3):
A11: Step 1: Adjusted CVSS = MIN(CVSS_Base + TI_Modifier, 10.0)
A12: Step 2: Score After Asset = Adjusted_CVSS × Asset_Criticality_Multiplier
A13: Step 3: Final Risk Score = MIN(Score_After_Asset × Data_Sensitivity_Multiplier, 10.0)
A14: Step 4: Priority = Map Final_Risk_Score to P0/P1/P2/P3/P4 per A.8.8.3
A15: Step 5: Priority Override = Force P0 if KEV or Active Exploitation

Sheet Scoring_Transition
A1: CVSS v4.0 SCORING TRANSITION TRACKER
A3: ADOPTION METRICS
A4: Metric | B4: Current_Value | C4: Target | D4: Status | E4: Notes
A5: Total Vulnerabilities Scored | B5: =COUNTA(Vulnerability_Inventory!A2:A1000) | C5: N/A | D5: Info
A6: CVSS v4.0 Scored Count | B6: =COUNTIF(Vulnerability_Inventory!J2:J1000,"v4.0") | C6: 100% | E6: Primary scoring version
A7: CVSS v4.0 Adoption % | B7: =IF(B5>0,B6/B5*100,0) | C7: >=70% | D7: =IF(B7>=70,"GREEN",IF(B7>=50,"YELLOW","RED")) | E7: Target: 100% by Q3 2026
A8: Dual-Scored Count (v4.0 + v3.1) | B8: =COUNTIFS(Vulnerability_Inventory!K2:K1000,">0",Vulnerability_Inventory!L2:L1000,">0") | C8: N/A | D8: Info | E8: Both scores present
A9: v3.1 Only Count (Legacy) | B9: =COUNTIFS(Vulnerability_Inventory!K2:K1000,"=0",Vulnerability_Inventory!L2:L1000,">0") | C9: 0 | D9: =IF(B9>0,"YELLOW","GREEN") | E9: Should decrease over time
A10: Average Score Delta (v4.0 - v3.1) | B10: =IFERROR(AVERAGE(Vulnerability_Inventory!K2:K1000)-AVERAGE(Vulnerability_Inventory!L2:L1000),0) | C10: Monitor | D10: Info | E10: Positive = v4.0 scores higher
A13: MONTHLY ADOPTION TREND
A14: Month | B14: Total_Scored | C14: v4.0_Count | D14: v4.0_% | E14: v3.1_Only | F14: Notes
A15: Month 1
A16: Month 2
A17: Month 3
A18: Month 4
A19: Month 5
A20: Month 6
A21: Month 7
A22: Month 8
A23: Month 9
A24: Month 10
A25: Month 11
A26: Month 12
... A33: * Update monthly to track adoption progress

Sheet Risk_Classification
A1: RISK CLASSIFICATION SUMMARY
A3: BY PRIORITY
A4: Priority | B4: Count | C4: % of Total | D4: Avg Age (days) | E4: Overdue Count
A5: P0 | B5: =COUNTIF(Vulnerability_Inventory!$M:$M,"P0") | C5: =B5/SUM(B5:B9)*100 | D5: =AVERAGEIF(Vulnerability_Inventory!$M:$M,"P0",Vulnerability_Inventory!$E:$E) | E5: =COUNTIFS(Vulnerability_Inventory!$M:$M,"P0",Remediation_Planning!$K:$K,"Overdue")
A6: P1 | B6: =COUNTIF(Vulnerability_Inventory!$M:$M,"P1") | C6: =B6/SUM(B5:B9)*100 | D6: =AVERAGEIF(Vulnerability_Inventory!$M:$M,"P1",Vulnerability_Inventory!$E:$E) | E6: =COUNTIFS(Vulnerability_Inventory!$M:$M,"P1",Remediation_Planning!$K:$K,"Overdue")
A7: P2 | B7: =COUNTIF(Vulnerability_Inventory!$M:$M,"P2") | C7: =B7/SUM(B5:B9)*100 | D7: =AVERAGEIF(Vulnerability_Inventory!$M:$M,"P2",Vulnerability_Inventory!$E:$E) | E7: =COUNTIFS(Vulnerability_Inventory!$M:$M,"P2",Remediation_Planning!$K:$K,"Overdue")
A8: P3 | B8: =COUNTIF(Vulnerability_Inventory!$M:$M,"P3") | C8: =B8/SUM(B5:B9)*100 | D8: =AVERAGEIF(Vulnerability_Inventory!$M:$M,"P3",Vulnerability_Inventory!$E:$E) | E8: =COUNTIFS(Vulnerability_Inventory!$M:$M,"P3",Remediation_Planning!$K:$K,"Overdue")
A9: P4 | B9: =COUNTIF(Vulnerability_Inventory!$M:$M,"P4") | C9: =B9/SUM(B5:B9)*100 | D9: =AVERAGEIF(Vulnerability_Inventory!$M:$M,"P4",Vulnerability_Inventory!$E:$E) | E9: =COUNTIFS(Vulnerability_Inventory!$M:$M,"P4",Remediation_Planning!$K:$K,"Overdue")
A12: BY ASSET CRITICALITY
A13: Asset Criticality | B13: Vulns Affecting | C13: P0+P1 Count | D13: Avg Risk Score
A14: Critical | B14: =COUNTIF(Vulnerability_Inventory!$O:$O,"Critical") | C14: =COUNTIFS(Vulnerability_Inventory!$O:$O,"Critical",Vulnerability_Inventory!$M:$M,"P0")+COUNTIFS(Vulnerability_Inventory!$O:$O,"Critical",Vulnerability_Inventory!$M:$M,"P1") | D14: =AVERAGEIF(Vulnerability_Inventory!$O:$O,"Critical",Vulnerability_Inventory!$L:$L)
A15: High | B15: =COUNTIF(Vulnerability_Inventory!$O:$O,"High") | C15: =COUNTIFS(Vulnerability_Inventory!$O:$O,"High",Vulnerability_Inventory!$M:$M,"P0")+COUNTIFS(Vulnerability_Inventory!$O:$O,"High",Vulnerability_Inventory!$M:$M,"P1") | D15: =AVERAGEIF(Vulnerability_Inventory!$O:$O,"High",Vulnerability_Inventory!$L:$L)
A16: Medium | B16: =COUNTIF(Vulnerability_Inventory!$O:$O,"Medium") | C16: =COUNTIFS(Vulnerability_Inventory!$O:$O,"Medium",Vulnerability_Inventory!$M:$M,"P0")+COUNTIFS(Vulnerability_Inventory!$O:$O,"Medium",Vulnerability_Inventory!$M:$M,"P1") | D16: =AVERAGEIF(Vulnerability_Inventory!$O:$O,"Medium",Vulnerability_Inventory!$L:$L)
A17: Low | B17: =COUNTIF(Vulnerability_Inventory!$O:$O,"Low") | C17: =COUNTIFS(Vulnerability_Inventory!$O:$O,"Low",Vulnerability_Inventory!$M:$M,"P0")+COUNTIFS(Vulnerability_Inventory!$O:$O,"Low",Vulnerability_Inventory!$M:$M,"P1") | D17: =AVERAGEIF(Vulnerability_Inventory!$O:$O,"Low",Vulnerability_Inventory!$L:$L)

Sheet Remediation_Planning
A1: CVE_ID | B1: Priority | C1: Assigned_To | D1: Assignment_Date | E1: SLA_Days | F1: Target_Remediation_Date | G1: Estimated_Effort_Hours | H1: Remediation_Approach | I1: Dependencies | J1: Status | K1: SLA_Status | L1: Notes
A2: CVE-2024-1234 | B2: P0 | C2: IT Security Team | D2: 08.02.2026 | E2: 2 | F2: =D2+E2 | G2: 8 | H2: Patch | I2: None | J2: In_Progress | K2: =IF(TODAY()>F2,"Overdue","On Track") | L2: Emergency patching in progress
A3: CVE-2024-5678 | B3: P0 | C3: Mail Team | D3: 08.02.2026 | E3: 2 | F3: =D2+E2 | G3: 12 | H3: Patch | I3: Maintenance window required | J3: Assigned | K3: =IF(TODAY()>F2,"Overdue","On Track") | L3: Scheduled for weekend
F4: =D4+E4 | K4: =IF(TODAY()>F4,"Overdue","On Track")
F5: =D5+E5 | K5: =IF(TODAY()>F5,"Overdue","On Track")
F6: =D6+E6 | K6: =IF(TODAY()>F6,"Overdue","On Track")
F7: =D7+E7 | K7: =IF(TODAY()>F7,"Overdue","On Track")
F8: =D8+E8 | K8: =IF(TODAY()>F8,"Overdue","On Track")
F9: =D9+E9 | K9: =IF(TODAY()>F9,"Overdue","On Track")
F10: =D10+E10 | K10: =IF(TODAY()>F10,"Overdue","On Track")
F11: =D11+E11 | K11: =IF(TODAY()>F11,"Overdue","On Track")
F12: =D12+E12 | K12: =IF(TODAY()>F12,"Overdue","On Track")
F13: =D13+E13 | K13: =IF(TODAY()>F13,"Overdue","On Track")
F14: =D14+E14 | K14: =IF(TODAY()>F14,"Overdue","On Track")
F15: =D15+E15 | K15: =IF(TODAY()>F15,"Overdue","On Track")
... F30: =D30+E30 | K30: =IF(TODAY()>F30,"Overdue","On Track")

Sheet Historical_Trends
A1: Month | B1: Total_Vulnerabilities | C1: P0_Count | D1: P1_Count | E1: New_Discovered | F1: Remediated | G1: Avg_Time_to_Remediate_Days | H1: KEV_Count | I1: Overdue_Count
A2: 2025-01 | B2: =COUNTA(Vulnerability_Inventory!A2:A1000) | C2: =COUNTIF(Vulnerability_Inventory!V2:V1000,"P0") | D2: =COUNTIF(Vulnerability_Inventory!V2:V1000,"P1") | E2: [Manual entry - new this month] | F2: [Manual entry - closed this month] | G2: [Manual calculation] | H2: =COUNTIF(Vulnerability_Inventory!F2:F1000,"YES") | I2: =COUNTIF(Remediation_Planning!K2:K500,"Overdue")
A4: UPDATE: Manually snapshot these values at month-end

Sheet Reference
A1: VULNERABILITY INVENTORY - MASTER CVE TRACKING
A3: PURPOSE
A4: Single source of truth for all discovered vulnerabilities. Integrates scan results, TI flags, scoring, and remediation planning.
A7: RELATED WORKBOOKS
A8: ISMS-IMP-A.8.8.1 | B8: Scanning Infrastructure (scan results source)
A9: ISMS-IMP-A.8.8.3 | B9: Scoring Policy (scoring rules)
A10: ISMS-IMP-A.8.8.4 | B10: TI Indicators (KEV, Active Exploitation flags)
A11: ISMS-IMP-A.8.8.6 | B11: Risk Assessment (uses final scores)
A12: ISMS-IMP-A.8.8.8 | B12: Remediation Tracking (workflow initiation)
A15: WEEKLY UPDATE WORKFLOW
A16: 1. Import new scan results from A.8.8.1
A17: 2. Update TI flags from A.8.8.4 (KEV, Active Exploitation)
A18: 3. Map vulnerabilities to assets (Sheet 3)
A19: 4. Review scoring application (Sheet 4)
A20: 5. Assign P0/P1 vulnerabilities (Sheet 6)
A21: 6. Update remediation status
A22: 7. Review SLA compliance
