Workbook

Sheet Overview
A1: Workbook ID | B1: ISMS-IMP-A.8.8.4
A2: Workbook Title | B2: Threat Intelligence Integration
A3: Version | B3: 1.1
A4: Generated Date | B4: 2026-02-08 11:50:10
A5: Owner | B5: Vulnerability Management Coordinator
A6: Review Frequency | B6: Weekly (TI data changes rapidly)
A7: Status | B7: Active
A9: Architecture | B9: STANDALONE - Manual TI tracking
A10: Related Policy | B10: ISMS-POL-A.8.8-S2 v1.1
A11: ISO Control | B11: A.8.8
A15: THREAT INTELLIGENCE TRACKING DASHBOARD
A16: Metric | B16: Value | C16: Target | D16: Status
A17: Total CVEs Tracked | B17: =COUNTA(CVE_TI_Flags!A2:A500) | C17: N/A | D17: Info
A18: TI Data Current (<7 days) | B18: =COUNTIF(CVE_TI_Flags!M2:M500,">"&TODAY()-7) | C18: >=80% | D18: =IF(B18/B17>=0.8,"✅","⚠️")
A19: KEV-Listed CVEs | B19: =COUNTIF(CVE_TI_Flags!B2:B500,"YES") | C19: 0 | D19: =IF(B19>0,"🚨","✅")
A20: Active Exploitation | B20: =COUNTIF(CVE_TI_Flags!D2:D500,"YES") | C20: 0 | D20: =IF(B20>0,"🚨","✅")
A21: Emergency Patches Pending | B21: =COUNTIF(Emergency_Patching_Queue!G2:G100,"Open") | C21: 0 | D21: =IF(B21>0,"🚨","✅")
A22: High EPSS CVEs (>0.5) | B22: =COUNTIF(CVE_TI_Flags!G2:G500,">0.5") | C22: N/A | D22: Monitor
A23: TI Sources Active | B23: =COUNTIF(TI_Data_Sources!E2:E50,"Active") | C23: >=3 | D23: =IF(B23>=3,"✅","⚠️")
A26: WEEKLY WORKFLOW
A27: 1. Check CISA KEV Catalog for new additions -> Update Sheet 2 & 3
A28: 2. Review security news for active exploitation -> Update Sheet 2
A29: 3. Check EPSS scores for high-risk CVEs -> Update Sheet 2
A30: 4. Verify TI data sources are current -> Update Sheet 4
A31: 5. Review emergency patching queue -> Update Sheet 5
A32: 6. Update Last_Updated dates in Sheet 2

Sheet CVE_TI_Correlation
A1: CVE_ID | B1: KEV_Listed | C1: KEV_Date_Added | D1: Active_Exploitation | E1: First_Exploit_Date | F1: Exploit_Available | G1: EPSS_Score | H1: APT_Targeted | I1: CVSS_Version | J1: CVSS_v40_Score | K1: CVSS_v31_Score | L1: Supplemental_AU | M1: TI_Score_Modifier | N1: Priority_Override | O1: Emergency_Patching | P1: TI_Data_Source | Q1: Last_Updated | R1: Notes
A2: CVE-2024-1234 | B2: YES | C2: 2024-12-15 | D2: YES | E2: 2024-12-10 | F2: YES | G2: 0.95 | H2: NO | I2: v4.0 | J2: 9.8 | K2: 9.3 | L2: Y | M2: =IF(B2="YES",2.0,IF(D2="YES",2.0,IF(F2="YES",1.5,IF(G2>0.5,0.5,0)))) | N2: =IF(OR(B2="YES",D2="YES"),"P0","") | O2: =IF(OR(B2="YES",D2="YES"),"YES","NO") | P2: CISA KEV, CrowdStrike Intel | Q2: 08.02.2026 | R2: CRITICAL: KEV + Active exploitation confirmed
A3: CVE-2024-5678 | B3: YES | C3: 2025-01-02 | D3: NO | F3: YES | G3: 0.75 | H3: YES | I3: v4.0 | J3: 9.1 | K3: 8.8 | L3: N | M3: =IF(B2="YES",2.0,IF(D2="YES",2.0,IF(F2="YES",1.5,IF(G2>0.5,0.5,0)))) | N3: =IF(OR(B2="YES",D2="YES"),"P0","") | O3: =IF(OR(B2="YES",D2="YES"),"YES","NO") | P3: CISA KEV, Mandiant | Q3: 08.02.2026 | R3: KEV-listed, APT-targeted, high EPSS
A4: CVE-2024-9012 | B4: NO | D4: YES | E4: 2024-12-28 | F4: YES | G4: 0.12 | H4: NO | I4: Both | J4: 9.3 | K4: 9 | L4: Y | M4: =IF(B2="YES",2.0,IF(D2="YES",2.0,IF(F2="YES",1.5,IF(G2>0.5,0.5,0)))) | N4: =IF(OR(B2="YES",D2="YES"),"P0","") | O4: =IF(OR(B2="YES",D2="YES"),"YES","NO") | P4: Exploit-DB, Twitter @threatintel | Q4: 08.02.2026 | R4: Active exploitation observed, not yet KEV
A5: CVE-2024-1111 | B5: NO | D5: NO | F5: YES | G5: 0.45 | H5: NO | I5: v3.1 | K5: 7.5 | L5: N/A | M5: =IF(B2="YES",2.0,IF(D2="YES",2.0,IF(F2="YES",1.5,IF(G2>0.5,0.5,0)))) | N5: =IF(OR(B2="YES",D2="YES"),"P0","") | O5: =IF(OR(B2="YES",D2="YES"),"YES","NO") | P5: Exploit-DB | Q5: 08.02.2026 | R5: Public exploit available, moderate EPSS
M6: =IF(B6="YES",2.0,IF(D6="YES",2.0,IF(F6="YES",1.5,IF(G6>0.5,0.5,0)))) | N6: =IF(OR(B6="YES",D6="YES"),"P0","") | O6: =IF(OR(B6="YES",D6="YES"),"YES","NO")
M7: =IF(B7="YES",2.0,IF(D7="YES",2.0,IF(F7="YES",1.5,IF(G7>0.5,0.5,0)))) | N7: =IF(OR(B7="YES",D7="YES"),"P0","") | O7: =IF(OR(B7="YES",D7="YES"),"YES","NO")
M8: =IF(B8="YES",2.0,IF(D8="YES",2.0,IF(F8="YES",1.5,IF(G8>0.5,0.5,0)))) | N8: =IF(OR(B8="YES",D8="YES"),"P0","") | O8: =IF(OR(B8="YES",D8="YES"),"YES","NO")
M9: =IF(B9="YES",2.0,IF(D9="YES",2.0,IF(F9="YES",1.5,IF(G9>0.5,0.5,0)))) | N9: =IF(OR(B9="YES",D9="YES"),"P0","") | O9: =IF(OR(B9="YES",D9="YES"),"YES","NO")
M10: =IF(B10="YES",2.0,IF(D10="YES",2.0,IF(F10="YES",1.5,IF(G10>0.5,0.5,0)))) | N10: =IF(OR(B10="YES",D10="YES"),"P0","") | O10: =IF(OR(B10="YES",D10="YES"),"YES","NO")
M11: =IF(B11="YES",2.0,IF(D11="YES",2.0,IF(F11="YES",1.5,IF(G11>0.5,0.5,0)))) | N11: =IF(OR(B11="YES",D11="YES"),"P0","") | O11: =IF(OR(B11="YES",D11="YES"),"YES","NO")
M12: =IF(B12="YES",2.0,IF(D12="YES",2.0,IF(F12="YES",1.5,IF(G12>0.5,0.5,0)))) | N12: =IF(OR(B12="YES",D12="YES"),"P0","") | O12: =IF(OR(B12="YES",D12="YES"),"YES","NO")
M13: =IF(B13="YES",2.0,IF(D13="YES",2.0,IF(F13="YES",1.5,IF(G13>0.5,0.5,0)))) | N13: =IF(OR(B13="YES",D13="YES"),"P0","") | O13: =IF(OR(B13="YES",D13="YES"),"YES","NO")
M14: =IF(B14="YES",2.0,IF(D14="YES",2.0,IF(F14="YES",1.5,IF(G14>0.5,0.5,0)))) | N14: =IF(OR(B14="YES",D14="YES"),"P0","") | O14: =IF(OR(B14="YES",D14="YES"),"YES","NO")
M15: =IF(B15="YES",2.0,IF(D15="YES",2.0,IF(F15="YES",1.5,IF(G15>0.5,0.5,0)))) | N15: =IF(OR(B15="YES",D15="YES"),"P0","") | O15: =IF(OR(B15="YES",D15="YES"),"YES","NO")
M16: =IF(B16="YES",2.0,IF(D16="YES",2.0,IF(F16="YES",1.5,IF(G16>0.5,0.5,0)))) | N16: =IF(OR(B16="YES",D16="YES"),"P0","") | O16: =IF(OR(B16="YES",D16="YES"),"YES","NO")
M17: =IF(B17="YES",2.0,IF(D17="YES",2.0,IF(F17="YES",1.5,IF(G17>0.5,0.5,0)))) | N17: =IF(OR(B17="YES",D17="YES"),"P0","") | O17: =IF(OR(B17="YES",D17="YES"),"YES","NO")
... M20: =IF(B20="YES",2.0,IF(D20="YES",2.0,IF(F20="YES",1.5,IF(G20>0.5,0.5,0)))) | N20: =IF(OR(B20="YES",D20="YES"),"P0","") | O20: =IF(OR(B20="YES",D20="YES"),"YES","NO")
A22: USAGE INSTRUCTIONS:
A23: 1. Enter CVE_ID in Column A (from Vulnerability Inventory)
A24: 2. Check CISA KEV Catalog -> Set KEV_Listed (Col B) and KEV_Date_Added (Col C)
A25: 3. Monitor threat feeds -> Set Active_Exploitation (Col D) if confirmed attacks
A26: 4. Search Exploit-DB, GitHub -> Set Exploit_Available (Col F) if code exists
A27: 5. Check FIRST EPSS -> Enter EPSS_Score (Col G) from https://www.first.org/epss/
A28: 6. Review APT reports -> Set APT_Targeted (Col H) if mentioned
A29: 7. Document where you found the data in TI_Data_Source (Col L)
A30: 8. Update Last_Updated (Col M) when you verify the data
A31: 9. Columns I-K auto-calculate based on your entries

Sheet KEV_Impact_Assessment
A1: CVE_ID | B1: KEV_Date_Added | C1: KEV_Required_Action | D1: KEV_Due_Date | E1: Affected_Assets_Count | F1: Organizational_Impact | G1: Remediation_Status | H1: Remediation_Owner | I1: Actual_Remediation_Date | J1: Days_to_Remediate | K1: Compliance_Status | L1: Escalation_Required | M1: CVSS_Version | N1: CVSS_v40_Score | O1: CVSS_v31_Score | P1: Supplemental_AU | Q1: Notes
A2: CVE-2024-1234 | B2: 2024-12-15 | C2: Apply Log4j patches immediately | D2: 2025-01-05 | E2: 12 | F2: Critical | G2: Complete | H2: IT Security Team | I2: 2024-12-28 | J2: =IF(I2<>"",I2-B2,"") | K2: =IF(I2<>"",IF(I2<=D2,"Compliant","OVERDUE"),"In Progress") | L2: NO | M2: v4.0 | N2: 10 | O2: 10 | P2: Y | Q2: Completed ahead of deadline
A3: CVE-2024-5678 | B3: 2025-01-02 | C3: Apply Exchange security updates | D3: 2025-01-22 | E3: 5 | F3: High | G3: In_Progress | H3: System Administrators | J3: =IF(I2<>"",I2-B2,"") | K3: =IF(I2<>"",IF(I2<=D2,"Compliant","OVERDUE"),"In Progress") | L3: NO | M3: v4.0 | N3: 8.8 | O3: 8.1 | P3: N | Q3: Scheduled for weekend maintenance window
J4: =IF(I4<>"",I4-B4,"") | K4: =IF(I4<>"",IF(I4<=D4,"Compliant","OVERDUE"),"In Progress")
J5: =IF(I5<>"",I5-B5,"") | K5: =IF(I5<>"",IF(I5<=D5,"Compliant","OVERDUE"),"In Progress")
J6: =IF(I6<>"",I6-B6,"") | K6: =IF(I6<>"",IF(I6<=D6,"Compliant","OVERDUE"),"In Progress")
J7: =IF(I7<>"",I7-B7,"") | K7: =IF(I7<>"",IF(I7<=D7,"Compliant","OVERDUE"),"In Progress")
J8: =IF(I8<>"",I8-B8,"") | K8: =IF(I8<>"",IF(I8<=D8,"Compliant","OVERDUE"),"In Progress")
J9: =IF(I9<>"",I9-B9,"") | K9: =IF(I9<>"",IF(I9<=D9,"Compliant","OVERDUE"),"In Progress")
J10: =IF(I10<>"",I10-B10,"") | K10: =IF(I10<>"",IF(I10<=D10,"Compliant","OVERDUE"),"In Progress")
J11: =IF(I11<>"",I11-B11,"") | K11: =IF(I11<>"",IF(I11<=D11,"Compliant","OVERDUE"),"In Progress")
J12: =IF(I12<>"",I12-B12,"") | K12: =IF(I12<>"",IF(I12<=D12,"Compliant","OVERDUE"),"In Progress")
J13: =IF(I13<>"",I13-B13,"") | K13: =IF(I13<>"",IF(I13<=D13,"Compliant","OVERDUE"),"In Progress")
J14: =IF(I14<>"",I14-B14,"") | K14: =IF(I14<>"",IF(I14<=D14,"Compliant","OVERDUE"),"In Progress")
J15: =IF(I15<>"",I15-B15,"") | K15: =IF(I15<>"",IF(I15<=D15,"Compliant","OVERDUE"),"In Progress")
... J20: =IF(I20<>"",I20-B20,"") | K20: =IF(I20<>"",IF(I20<=D20,"Compliant","OVERDUE"),"In Progress")
A22: KEV TRACKING INSTRUCTIONS:
A23: 1. Copy CVE_ID from Sheet 2 where KEV_Listed = YES
A24: 2. Get KEV details from https://www.cisa.gov/known-exploited-vulnerabilities-catalog
A25: 3. CISA requires remediation by KEV_Due_Date - track compliance in Column K

Sheet Active_Exploitation_Tracker
A1: CVE_ID | B1: Vulnerability_Title | C1: First_Seen_Date | D1: Last_Seen_Date | E1: Exploitation_Source | F1: Attack_Vector | G1: Targeted_Sectors | H1: IOCs_Available | I1: Detection_Rule_Created | J1: Organizational_Impact | K1: Affected_Assets_Count | L1: Remediation_Status | M1: Notes
A3: ACTIVE EXPLOITATION TRACKING:
A4: * Track vulnerabilities with CONFIRMED active exploitation in the wild
A5: * If Organizational_Impact = Under_Attack: IMMEDIATE INCIDENT RESPONSE
A6: * Update detection rules when IOCs are available
A7: * Source: Auto-populate from CVE_TI_Correlation where Active_Exploitation = YES

Sheet Exploit_Availability
A1: CVE_ID | B1: Vulnerability_Title | C1: Exploit_Source | D1: Exploit_Type | E1: Reliability | F1: Skill_Level_Required | G1: Detection_Capability | H1: First_Published | I1: Last_Updated | J1: Weaponization_Risk | K1: Notes
A3: EXPLOIT AVAILABILITY TRACKING:
A4: * Track public exploit code availability (Metasploit, ExploitDB, GitHub, etc.)
A5: * Fully_Weaponized = script kiddie can use, NO modification needed
A6: * Higher reliability + lower skill = higher risk
A7: * Source: Auto-populate from CVE_TI_Correlation where Exploit_Available = YES

Sheet EPSS_Scoring
A1: CVE_ID | B1: Vulnerability_Title | C1: CVSS_Base_Score | D1: EPSS_Score | E1: EPSS_Percentile | F1: EPSS_Trend | G1: Risk_Category | H1: Combined_Risk_Score | I1: Last_EPSS_Update | J1: Prioritization_Action | K1: Notes
G2: =IF(D2>0.5,"High",IF(D2>0.1,"Medium","Low")) | H2: =IF(AND(C2<>"",D2<>""),C2*D2,"")
A4: EPSS SCORING GUIDANCE:
A5: * EPSS predicts probability of exploitation within next 30 days (0.0 to 1.0)
A6: * High EPSS (>0.5) + High CVSS = TOP PRIORITY
A7: * Combined_Risk_Score = CVSS x EPSS (impact x likelihood)
A8: * Source: FIRST.org EPSS data - https://www.first.org/epss/

Sheet APT_Campaign_Tracking
A1: CVE_ID | B1: Vulnerability_Title | C1: APT_Group | D1: Campaign_Name | E1: Target_Sectors | F1: Target_Geographies | G1: Organization_Sector_Match | H1: Attack_TTPs | I1: Affected_Assets_In_Org | J1: Threat_Level | K1: First_Reported | L1: Last_Activity | M1: Notes
A3: APT CAMPAIGN TRACKING:
A4: * Track APT (Advanced Persistent Threat) campaigns targeting your CVEs
A5: * If Organization_Sector_Match = YES: ELEVATED PRIORITY
A6: * Common APT Groups: APT28/29 (Russia), APT1/10/41 (China), Lazarus (DPRK)
A7: * Attack_TTPs: Reference MITRE ATT&CK technique IDs (T1190, T1078, etc.)

Sheet Emergency_Patching_Queue
A1: Emergency_ID | B1: CVE_ID | C1: Trigger_Reason | D1: Trigger_Date | E1: Affected_Assets_Count | F1: Business_Impact | G1: Required_Action | H1: Status | I1: Assigned_To | J1: CISO_Approval | K1: Target_Completion | L1: Actual_Completion | M1: Time_to_Remediate_Hours | N1: Notes
A2: EMERG-2024-001 | B2: CVE-2024-1234 | C2: Both | D2: 2024-12-15 | E2: 12 | F2: Critical | G2: Apply Log4j patches immediately | H2: Complete | I2: Security Team | J2: YES | K2: 2024-12-17 | L2: 2024-12-16 | M2: =IF(L2<>"",L2-D2,"")*24 | N2: Emergency patching completed within 24h SLA
A3: EMERG-2025-001 | B3: CVE-2024-5678 | C3: KEV | D3: 2025-01-02 | E3: 5 | F3: High | G3: Apply Exchange security updates | H3: In_Progress | I3: System Admin | J3: YES | K3: 2025-01-04 | M3: =IF(L2<>"",L2-D2,"")*24 | N3: Scheduled for weekend maintenance window
M4: =IF(L4<>"",L4-D4,"")*24
M5: =IF(L5<>"",L5-D5,"")*24
M6: =IF(L6<>"",L6-D6,"")*24
M7: =IF(L7<>"",L7-D7,"")*24
M8: =IF(L8<>"",L8-D8,"")*24
M9: =IF(L9<>"",L9-D9,"")*24
M10: =IF(L10<>"",L10-D10,"")*24
M11: =IF(L11<>"",L11-D11,"")*24
M12: =IF(L12<>"",L12-D12,"")*24
M13: =IF(L13<>"",L13-D13,"")*24
M14: =IF(L14<>"",L14-D14,"")*24
M15: =IF(L15<>"",L15-D15,"")*24
... M20: =IF(L20<>"",L20-D20,"")*24
A22: EMERGENCY PATCHING WORKFLOW:
A23: 1. Auto-populate from Sheet 2 where Emergency_Patching = YES
A24: 2. OR manually add if KEV or Active Exploitation is discovered
A25: 3. Obtain CISO approval for emergency change (Column J)
A26: 4. Target completion: 24-48 hours from trigger date
A27: 5. Update status through lifecycle: Open -> In_Progress -> Complete
A28: 6. Document actual completion time for SLA tracking

Sheet TI_Effectiveness_Metrics
A1: TI EFFECTIVENESS METRICS
A3: Metric | B3: Current_Value | C3: Target | D3: Status | E3: Notes
A4: TI Coverage % | B4: =COUNTIF(CVE_TI_Correlation!F:F,"YES")/COUNTA(CVE_TI_Correlation!A:A)*100 | C4: >=80% | D4: =IF(B4>=80,"GREEN","RED") | E4: % of CVEs with TI enrichment
A5: Avg TI Latency (hours) | C5: <=24 | D5: =IF(B5<=24,"GREEN",IF(B5<=48,"YELLOW","RED")) | E5: CVE discovery to TI enrichment
A6: KEV Response Time (days) | C6: <=7 | D6: =IF(B6<=7,"GREEN","RED") | E6: KEV addition to remediation
A7: Emergency Patch SLA Compliance % | C7: >=95% | D7: =IF(B7>=95,"GREEN",IF(B7>=90,"YELLOW","RED")) | E7: Emergencies completed within SLA
A8: False Positive Rate % | C8: <=5% | D8: =IF(B8<=5,"GREEN",IF(B8<=10,"YELLOW","RED")) | E8: TI alerts that were not applicable
A9: Active TI Sources | B9: =COUNTIF(Reference!J:J,"Active") | C9: >=3 | D9: =IF(B9>=3,"GREEN","YELLOW") | E9: Count of active TI data sources
A10: High EPSS CVE Count (>0.5) | B10: =COUNTIF(EPSS_Scoring!D:D,">0.5") | C10: Monitor | D10: Info | E10: CVEs with high exploitation probability
A11: APT Targeted CVE Count | B11: =COUNTA(APT_Campaign_Tracking!A:A)-1 | C11: Monitor | D11: Info | E11: CVEs targeted by APT campaigns
A14: MONTHLY REVIEW QUESTIONS:
A15: * Is TI coverage improving month-over-month?
A16: * Is latency decreasing (faster enrichment)?
A17: * Are we meeting KEV 7-day SLA consistently?
A18: * Are emergencies ACTUALLY emergencies? (false positive check)
A19: * Is TI integration worth the effort? (ROI analysis)

Sheet Reference
A1: THREAT INTELLIGENCE INDICATORS - MANUAL TRACKING
A3: PURPOSE
A4: This workbook enables manual tracking of threat intelligence indicators for vulnerability prioritization.
A6: This is a STANDALONE workbook - no Control 5.7 integration required.
A9: PRIMARY TI DATA SOURCES (FREE)
A10: CISA KEV Catalog | B10: https://www.cisa.gov/known-exploited-vulnerabilities-catalog
A11: FIRST EPSS | B11: https://www.first.org/epss/
A12: NVD (NIST) | B12: https://nvd.nist.gov/
A13: Exploit-DB | B13: https://www.exploit-db.com/
A14: GitHub Security Advisories | B14: https://github.com/advisories
A15: CVE Details | B15: https://www.cvedetails.com/
A18: RELATED POLICIES
A19: ISMS-POL-A.8.8-S2 | B19: Vulnerability Assessment Requirements
A20: ISMS-POL-A.8.8-S2 | B20: Section 2.2.3 - Threat Intelligence Integration
A23: RELATED WORKBOOKS
A24: ISMS-IMP-A.8.8.3 | B24: Scoring Policy (defines TI modifiers)
A25: ISMS-IMP-A.8.8.5 | B25: Vulnerability Inventory (applies TI flags)
A26: ISMS-IMP-A.8.8.8 | B26: Remediation Tracking (emergency triggers)
A29: CONTACT INFORMATION
A30: Role | B30: Contact
A31: Vulnerability Management Coordinator | B31: vm-coordinator@example.com
A32: Security Operations Center | B32: soc@example.com
A33: CISO | B33: ciso@example.com
A36: OPTIONAL: CONTROL 5.7 INTEGRATION
A37: Organizations implementing Control 5.7 (Threat Intelligence) can use those workbooks
A38: as authoritative data sources for this manual tracker. Reference Control 5.7 workbooks
A39: in the TI_Data_Source column (Sheet 2, Column L) when pulling data from them.
