Workbook

Sheet Overview
A1: Workbook ID | B1: ISMS-IMP-A.8.8.10
A2: Title | B2: Vulnerability Exception Management
A3: Version | B3: 1.0
A4: Generated Date | B4: 08.02.2026
A5: Last Updated | B5: [Manual entry]
A6: Owner | B6: CISO / Risk Management
A7: Classification | B7: Confidential
A8: Review Cycle | B8: Quarterly
A12: QUICK STATISTICS
A13: Metric | B13: Formula/Source | C13: Target
A14: Total Active Exceptions | B14: =COUNTA(Exception_Requests!A:A)-1 | C14: <30
A15: P0/P1 Exceptions | B15: =COUNTIFS(Exception_Requests!T:T,"P0")+COUNTIFS(Exception_Requests!T:T,"P1") | C15: 0
A16: Critical Risk Accepted | B16: =COUNTIF(Exception_Requests!AB:AB,"Critical") | C16: 0
A17: High Risk Accepted | B17: =COUNTIF(Exception_Requests!AB:AB,"High") | C17: <5
A18: Pending Approval | B18: =COUNTIF(Exception_Requests!AK:AK,"Pending") | C18: <10
A19: Overdue Reviews | B19: =COUNTIF(Review_Schedule!H:H,"Overdue") | C19: 0
A20: Permanent Exceptions | B20: =COUNTIF(Exception_Requests!AL:AL,"Permanent") | C20: <5
A21: Total Residual Risk Score | B21: =SUM(Exception_Requests!AC:AC) | C21: <500

Sheet Exception_Requests
A1: Exception_ID | B1: Vuln_ID | C1: CVE_ID | D1: Vulnerability_Title | E1: Affected_System | F1: System_Type | G1: Environment | H1: Asset_Owner | I1: Discovery_Date | J1: CVSS_Version | K1: CVSS_Primary_Score | L1: CVSS_v40_Score | M1: CVSS_v31_Score | N1: CVSS_v40_Vector | O1: CVSS_v31_Vector | P1: Supplemental_AU | Q1: Supplemental_S | R1: Version_Source | S1: Score_Date | T1: Final_Priority | U1: Exception_Type | V1: Exception_Reason | W1: Request_Date | X1: Remediation_Cost | Y1: Downtime_Hours | Z1: Business_Impact_Cost | AA1: Risk_Without_Control | AB1: Risk_With_Controls | AC1: Residual_Risk_Score | AD1: Compensating_Controls | AE1: Control_IDs | AF1: Controls_Validated | AG1: Requested_By | AH1: Requested_For | AI1: Approval_Required | AJ1: Approved_By | AK1: Approval_Status | AL1: Exception_Duration | AM1: Expiration_Date | AN1: Next_Review_Date | AO1: Review_Frequency | AP1: Status | AQ1: Closure_Date | AR1: Closure_Reason | AS1: Notes
A2: EXC-2026-001 | B2: VULN-2025-789 | D2: Multiple vulnerabilities in Windows Server 2008 R2 | E2: legacy-erp.prod.local | F2: Server | G2: Production | I2: 45992 | J2: v4.0 | K2: =IF(J2="v4.0",L2,IF(J2="v3.1",M2,IF(J2="Both",L2,IF(AND(L2<>"",M2=""),L2,M2)))) | L2: 7.8 | P2: N | Q2: N | R2: NVD | T2: P2 | U2: EOL System | V2: Windows Server 2008 R2 EOL, ERP requires this OS. Replacement Q2 2026. | W2: 46027 | X2: 250000 | Y2: 120 | Z2: 500000 | AA2: High | AB2: Medium | AC2: =IF(AB2<>"",CHOOSE(MATCH(AB2,{"Low","Medium","High","Critical"},0),25,50,75,100),"") | AD2: Network segmentation, enhanced monitoring, MFA, hourly backups | AI2: CISO + CFO | AJ2: CISO, CFO | AK2: Approved | AL2: Temporary | AM2: 46203 | AO2: Quarterly | AP2: Active
A3: EXC-2025-456 | B3: VULN-2025-321 | D3: Industrial control system firmware vulnerability | E3: scada-master.ot.local | F3: OT/ICS | G3: Production | J3: v4.0 | K3: =IF(J3="v4.0",L3,IF(J3="v3.1",M3,IF(J3="Both",L3,IF(AND(L3<>"",M3=""),L3,M3)))) | L3: 8.2 | Q3: P | T3: P1 | U3: Vendor Abandoned | V3: Vendor out of business. Controls critical manufacturing. Replacement CHF 2M + 6mo shutdown. | X3: 2000000 | Z3: 8000000 | AA3: Critical | AB3: High | AC3: =IF(AB3<>"",CHOOSE(MATCH(AB3,{"Low","Medium","High","Critical"},0),25,50,75,100),"") | AD3: Air-gapped network, physical access controls, 24/7 monitoring, manual overrides | AE3: CC-2025-089, CC-2025-090, CC-2025-091 | AF3: Y | AI3: CISO + Board | AJ3: CISO, Board Risk Committee | AK3: Approved | AL3: Permanent | AO3: Quarterly | AP3: Active
A4: EXC-2026-002 | B4: VULN-2026-045 | D4: Database encryption weakness | E4: analytics-db.staging.local | G4: Staging | J4: v4.0 | K4: =IF(J4="v4.0",L4,IF(J4="v3.1",M4,IF(J4="Both",L4,IF(AND(L4<>"",M4=""),L4,M4)))) | L4: 5.9 | T4: P3 | U4: Cost Prohibitive | V4: Staging environment with test data only. Encryption upgrade CHF 80K not justified. | X4: 80000 | AA4: Medium | AB4: Low | AC4: =IF(AB4<>"",CHOOSE(MATCH(AB4,{"Low","Medium","High","Critical"},0),25,50,75,100),"") | AI4: CISO | AK4: Pending | AL4: Permanent | AO4: Annual | AP4: Pending Approval
A5: EXC-2025-123 | D5: Web application XSS vulnerability | G5: Production | J5: v3.1 | K5: =IF(J5="v4.0",L5,IF(J5="v3.1",M5,IF(J5="Both",L5,IF(AND(L5<>"",M5=""),L5,M5)))) | M5: 6.5 | T5: P2 | U5: EOL System | AB5: Medium | AC5: =IF(AB5<>"",CHOOSE(MATCH(AB5,{"Low","Medium","High","Critical"},0),25,50,75,100),"") | AK5: Expired | AL5: Temporary | AM5: 46022 | AP5: Expired
K6: =IF(J6="v4.0",L6,IF(J6="v3.1",M6,IF(J6="Both",L6,IF(AND(L6<>"",M6=""),L6,M6)))) | AC6: =IF(AB6<>"",CHOOSE(MATCH(AB6,{"Low","Medium","High","Critical"},0),25,50,75,100),"")
K7: =IF(J7="v4.0",L7,IF(J7="v3.1",M7,IF(J7="Both",L7,IF(AND(L7<>"",M7=""),L7,M7)))) | AC7: =IF(AB7<>"",CHOOSE(MATCH(AB7,{"Low","Medium","High","Critical"},0),25,50,75,100),"")
K8: =IF(J8="v4.0",L8,IF(J8="v3.1",M8,IF(J8="Both",L8,IF(AND(L8<>"",M8=""),L8,M8)))) | AC8: =IF(AB8<>"",CHOOSE(MATCH(AB8,{"Low","Medium","High","Critical"},0),25,50,75,100),"")
K9: =IF(J9="v4.0",L9,IF(J9="v3.1",M9,IF(J9="Both",L9,IF(AND(L9<>"",M9=""),L9,M9)))) | AC9: =IF(AB9<>"",CHOOSE(MATCH(AB9,{"Low","Medium","High","Critical"},0),25,50,75,100),"")
K10: =IF(J10="v4.0",L10,IF(J10="v3.1",M10,IF(J10="Both",L10,IF(AND(L10<>"",M10=""),L10,M10)))) | AC10: =IF(AB10<>"",CHOOSE(MATCH(AB10,{"Low","Medium","High","Critical"},0),25,50,75,100),"")
K11: =IF(J11="v4.0",L11,IF(J11="v3.1",M11,IF(J11="Both",L11,IF(AND(L11<>"",M11=""),L11,M11)))) | AC11: =IF(AB11<>"",CHOOSE(MATCH(AB11,{"Low","Medium","High","Critical"},0),25,50,75,100),"")
K12: =IF(J12="v4.0",L12,IF(J12="v3.1",M12,IF(J12="Both",L12,IF(AND(L12<>"",M12=""),L12,M12)))) | AC12: =IF(AB12<>"",CHOOSE(MATCH(AB12,{"Low","Medium","High","Critical"},0),25,50,75,100),"")
K13: =IF(J13="v4.0",L13,IF(J13="v3.1",M13,IF(J13="Both",L13,IF(AND(L13<>"",M13=""),L13,M13)))) | AC13: =IF(AB13<>"",CHOOSE(MATCH(AB13,{"Low","Medium","High","Critical"},0),25,50,75,100),"")
K14: =IF(J14="v4.0",L14,IF(J14="v3.1",M14,IF(J14="Both",L14,IF(AND(L14<>"",M14=""),L14,M14)))) | AC14: =IF(AB14<>"",CHOOSE(MATCH(AB14,{"Low","Medium","High","Critical"},0),25,50,75,100),"")
K15: =IF(J15="v4.0",L15,IF(J15="v3.1",M15,IF(J15="Both",L15,IF(AND(L15<>"",M15=""),L15,M15)))) | AC15: =IF(AB15<>"",CHOOSE(MATCH(AB15,{"Low","Medium","High","Critical"},0),25,50,75,100),"")
K16: =IF(J16="v4.0",L16,IF(J16="v3.1",M16,IF(J16="Both",L16,IF(AND(L16<>"",M16=""),L16,M16)))) | AC16: =IF(AB16<>"",CHOOSE(MATCH(AB16,{"Low","Medium","High","Critical"},0),25,50,75,100),"")
K17: =IF(J17="v4.0",L17,IF(J17="v3.1",M17,IF(J17="Both",L17,IF(AND(L17<>"",M17=""),L17,M17)))) | AC17: =IF(AB17<>"",CHOOSE(MATCH(AB17,{"Low","Medium","High","Critical"},0),25,50,75,100),"")
... K1000: =IF(J1000="v4.0",L1000,IF(J1000="v3.1",M1000,IF(J1000="Both",L1000,IF(AND(L1000<>"",M1000=""),L1000,M1000)))) | AC1000: =IF(AB1000<>"",CHOOSE(MATCH(AB1000,{"Low","Medium","High","Critical"},0),25,50,75,100),"")

Sheet Approval_Workflow
A1: Workflow_ID | B1: Exception_ID | C1: Submission_Date | D1: Submitted_By | E1: Approval_Level | F1: Approver_Name | G1: Decision | H1: Decision_Date | I1: Decision_Notes | J1: Conditions | K1: Next_Approver | L1: Final_Decision | M1: Total_Approval_Time

Sheet Business_Justification
A1: Justification_ID | B1: Exception_ID | C1: Business_Owner | D1: System_Criticality | E1: Revenue_Impact | F1: User_Count | G1: Customer_Count | H1: Remediation_Options | I1: Option_1_Cost | J1: Option_1_Timeline | K1: Option_2_Cost | L1: Option_2_Timeline | M1: Recommended_Approach | N1: Planned_Remediation | O1: Target_Closure_Date | P1: Supporting_Documents

Sheet Compensating_Controls
A1: Exception_ID | B1: Control_ID | C1: Control_Type | D1: Control_Description | E1: Risk_Reduction | F1: Implementation_Date | G1: Last_Validation_Date | H1: Validation_Result | I1: Effectiveness_Rating | J1: Status

Sheet Review_Schedule
A1: Review_ID | B1: Exception_ID | C1: Review_Date | D1: Review_Type | E1: Reviewer | F1: Days_Since_Approval | G1: Compensating_Controls_Effective | H1: Risk_Level_Changed | I1: New_Risk_Level | J1: Remediation_Progress | K1: Review_Decision | L1: Renewal_Period | M1: New_Expiration_Date | N1: Action_Items | O1: Approved_By | P1: Next_Review_Date

Sheet Renewal_Log
A1: Renewal_ID | B1: Exception_ID | C1: Renewal_Date | D1: Previous_Expiration | E1: New_Expiration | F1: Extension_Days | G1: Renewal_Count | H1: Renewal_Reason | I1: Risk_Reassessment | J1: Controls_Updated | K1: Approved_By | L1: Conditions | M1: Next_Review_Date

Sheet Closure_Log
A1: Closure_ID | B1: Exception_ID | C1: Closure_Date | D1: Approval_Date | E1: Days_Active | F1: Closure_Reason | G1: Remediation_Details | H1: Verification_Method | I1: Verification_Date | J1: Verified_By | K1: Compensating_Controls_Removed | L1: Lessons_Learned | M1: Final_Status | N1: Notes

Sheet Dashboard
A1: EXCEPTION MANAGEMENT DASHBOARD
A3: SECTION A: EXECUTIVE SUMMARY
A5: Metric | B5: Value | C5: Target | D5: Status
A6: Total Active Exceptions | B6: =COUNTA(Exception_Requests!A:A)-1 | C6: <30 | D6: [Gauge]
A7: Critical Residual Risk | B7: =COUNTIF(Exception_Requests!AB:AB,"Critical") | C7: 0 | D7: 🔴
A8: High Residual Risk | B8: =COUNTIF(Exception_Requests!AB:AB,"High") | C8: <5 | D8: [Gauge]
A9: Pending Approvals | B9: =COUNTIF(Exception_Requests!AK:AK,"Pending") | C9: <10 | D9: [Number]
A10: Expired Exceptions | B10: =COUNTIF(Exception_Requests!AK:AK,"Expired") | C10: 0 | D10: 🔴/🟢
