Workbook

Sheet Instructions
A1: ISMS-IMP-A.5.7.2 - Intelligence Collection & Analysis Assessment
A2: Assessment of Intelligence Collection, Analysis Capabilities, and Control 8.8 Integration
A4: PURPOSE & OBJECTIVES
A5: This workbook assesses the organization's capability to collect, analyze, and produce actionable threat intelligence: - Intelligence collection coverage against requirements - Analysis frameworks and methodologies (MITRE ATT&CK, Diamond Model, etc.) - Analyst skills and capability development - Intelligence production quality and timeliness - **CRITICAL: VulnerabilityThreatLink (VTL) schema for Control 8.8 integration**
A9: SHEET GUIDE
A10: Sheet 2 | B10: Intelligence_Requirements | C10: Document PIRs, SIRs, and IRs per best practices
A11: Sheet 3 | B11: Collection_Sources | C11: Document intelligence collection sources and methods
A12: Sheet 4 | B12: Raw_Intelligence_Log | C12: Track raw intelligence received and processed
A13: Sheet 5 | B13: Intelligence_Production | C13: Track intelligence products and quality
A14: Sheet 6 | B14: MITRE_Mapping | C14: ATT&CK technique coverage analysis
A15: Sheet 7 | B15: Quality_Metrics | C15: KPIs and performance tracking
A16: Sheet 8 | B16: Vulnerability_Linked_Threats | C16: **VTL SCHEMA - Control 8.8 Integration**
A17: Sheet 9 | B17: Process_Maturity | C17: CMM capability maturity assessment
A18: Sheet 10 | B18: Action_Items | C18: Capability improvement tracking
A19: Sheet 11 | B19: Analysis_Tools | C19: Document analytical tools and platforms
A20: Sheet 12 | B20: Threat_Actor_Profiles | C20: Track threat actors and campaigns
A21: Sheet 13 | B21: Campaign_Tracking | C21: Document active campaigns and TTPs
A22: Sheet 14 | B22: Metadata | C22: Workbook generation information
A24: ⚠️ CRITICAL: CONTROL 8.8 INTEGRATION
A25: Sheet 8 (Vulnerability_Linked_Threats) implements the VulnerabilityThreatLink (VTL) schema for bidirectional integration between: - Control 5.7 (Threat Intelligence) → Threat context for vulnerability prioritization - Control 8.8 (Vulnerability Management) → Vulnerability data for threat analysis When threat intelligence identifies active exploitation of vulnerabilities: 1. Create VTL record in Sheet 8 2. VTL record syncs to Control 8.8 workbook (emergency patching trigger) 3. Remediation status updates flow back from 8.8 to 5.7
A30: COMPLETION INSTRUCTIONS
A31: 1. Intelligence_Requirements: Define PIRs, SIRs, IRs per industry best practices 2. Collection_Sources: Document internal/external collection sources and methods 3. Raw_Intelligence_Log: Track raw intelligence received and processing status 4. Intelligence_Production: Track intelligence products from last 90 days 5. MITRE_Mapping: Assess coverage of critical ATT&CK techniques 6. Quality_Metrics: Establish baseline KPIs and targets 7. Vulnerability_Linked_Threats: Create VTL records for exploited vulnerabilities 8. Process_Maturity: Assess capability maturity using CMM model 9. Action_Items: Document improvement initiatives

Sheet Intelligence_Requirements
A1: Intelligence Requirements (PIR/SIR/IR)
A2: Document all intelligence requirements (PIRs, SIRs, IRs). Map sources from A.5.7.1. Identify coverage gaps.
A4: Requirement ID | B4: Intelligence Type | C4: Requirement Description | D4: Priority | E4: Target Sector | F4: Target Region | G4: Threat Category | H4: Collection Source 1 | I4: Collection Source 2 | J4: Collection Source 3 | K4: Collection Method | L4: Coverage Status | M4: Collection Frequency | N4: Last Collected | O4: Gap Identified | P4: Gap Remediation | Q4: Responsible Analyst | R4: Notes
A5: REQ-2025-001 | L5: =IF(COUNTA(H5:J5)>=2,"Adequate",IF(COUNTA(H5:J5)=1,"Minimal","Gap")) | O5: =IF(L5="Gap","Yes","No")
A6: REQ-2025-002 | L6: =IF(COUNTA(H6:J6)>=2,"Adequate",IF(COUNTA(H6:J6)=1,"Minimal","Gap")) | O6: =IF(L6="Gap","Yes","No")
A7: REQ-2025-003 | L7: =IF(COUNTA(H7:J7)>=2,"Adequate",IF(COUNTA(H7:J7)=1,"Minimal","Gap")) | O7: =IF(L7="Gap","Yes","No")
A8: REQ-2025-004 | L8: =IF(COUNTA(H8:J8)>=2,"Adequate",IF(COUNTA(H8:J8)=1,"Minimal","Gap")) | O8: =IF(L8="Gap","Yes","No")
A9: REQ-2025-005 | L9: =IF(COUNTA(H9:J9)>=2,"Adequate",IF(COUNTA(H9:J9)=1,"Minimal","Gap")) | O9: =IF(L9="Gap","Yes","No")
A10: REQ-2025-006 | L10: =IF(COUNTA(H10:J10)>=2,"Adequate",IF(COUNTA(H10:J10)=1,"Minimal","Gap")) | O10: =IF(L10="Gap","Yes","No")
A11: REQ-2025-007 | L11: =IF(COUNTA(H11:J11)>=2,"Adequate",IF(COUNTA(H11:J11)=1,"Minimal","Gap")) | O11: =IF(L11="Gap","Yes","No")
A12: REQ-2025-008 | L12: =IF(COUNTA(H12:J12)>=2,"Adequate",IF(COUNTA(H12:J12)=1,"Minimal","Gap")) | O12: =IF(L12="Gap","Yes","No")
A13: REQ-2025-009 | L13: =IF(COUNTA(H13:J13)>=2,"Adequate",IF(COUNTA(H13:J13)=1,"Minimal","Gap")) | O13: =IF(L13="Gap","Yes","No")
A14: REQ-2025-010 | L14: =IF(COUNTA(H14:J14)>=2,"Adequate",IF(COUNTA(H14:J14)=1,"Minimal","Gap")) | O14: =IF(L14="Gap","Yes","No")
A15: REQ-2025-011 | L15: =IF(COUNTA(H15:J15)>=2,"Adequate",IF(COUNTA(H15:J15)=1,"Minimal","Gap")) | O15: =IF(L15="Gap","Yes","No")
A16: REQ-2025-012 | L16: =IF(COUNTA(H16:J16)>=2,"Adequate",IF(COUNTA(H16:J16)=1,"Minimal","Gap")) | O16: =IF(L16="Gap","Yes","No")
... A54: REQ-2025-050 | L54: =IF(COUNTA(H54:J54)>=2,"Adequate",IF(COUNTA(H54:J54)=1,"Minimal","Gap")) | O54: =IF(L54="Gap","Yes","No")
A56: COLLECTION COVERAGE SUMMARY
A57: Total Requirements: | B57: =COUNTA(A5:A54)
A58: Critical Priority: | B58: =COUNTIF(D5:D54,"Critical")
A59: High Priority: | B59: =COUNTIF(D5:D54,"High")
A60: Coverage Gaps: | B60: =COUNTIF(L5:L54,"Gap")
A61: Minimal Coverage: | B61: =COUNTIF(L5:L54,"Minimal")
A62: Adequate Coverage: | B62: =COUNTIF(L5:L54,"Adequate")

Sheet Collection_Sources
A1: Collection Sources
A2: Document collection workflows for each source from A.5.7.1. Map data formats, update frequency, and integration status.
A4: Source ID | B4: Source Name | C4: Source Type | D4: Data Format | E4: Update Frequency | F4: Coverage Geographic | G4: Coverage Sector | H4: Coverage Threat Types | I4: Integration Status | J4: Integration Platform | K4: Cost Annual | L4: Contract Expiry | M4: Primary Contact | N4: Data Quality Rating | O4: Last Review Date | P4: Notes
A5: SRC-001
A6: SRC-002
A7: SRC-003
A8: SRC-004
A9: SRC-005
A10: SRC-006
A11: SRC-007
A12: SRC-008
A13: SRC-009
A14: SRC-010
A15: SRC-011
A16: SRC-012
... A56: COLLECTION SOURCES SUMMARY
A57: Total Sources: | B57: =COUNTA(A5:A54)
A58: Integrated Sources: | B58: =COUNTIF(I5:I54,"Fully_Implemented")
A59: Manual Sources: | B59: =COUNTIF(I5:I54,"Partially_Implemented")
A60: Excellent Quality: | B60: =COUNTIF(N5:N54,"Excellent")
A61: Good Quality: | B61: =COUNTIF(N5:N54,"Good")

Sheet Raw_Intelligence_Log
A1: Raw Intelligence Log
A2: Track all raw intelligence received before analysis. Log source, receipt time, initial triage, and processing status.
A4: Log ID | B4: Date Received | C4: Time Received | D4: Source ID | E4: Source Type | F4: Intelligence Type | G4: TLP Classification | H4: Initial Triage Priority | I4: Brief Description | J4: Raw Data Location | K4: Assigned Analyst | L4: Processing Status | M4: Date Processed | N4: Linked Product ID | O4: Quality Score | P4: Notes
A5: RAW-2026-0001
A6: RAW-2026-0002
A7: RAW-2026-0003
A8: RAW-2026-0004
A9: RAW-2026-0005
A10: RAW-2026-0006
A11: RAW-2026-0007
A12: RAW-2026-0008
A13: RAW-2026-0009
A14: RAW-2026-0010
A15: RAW-2026-0011
A16: RAW-2026-0012
... A106: RAW INTELLIGENCE LOG SUMMARY
A107: Total Raw Intel Logged: | B107: =COUNTA(A5:A104)
A108: Critical Priority: | B108: =COUNTIF(H5:H104,"*Critical*")
A109: High Priority: | B109: =COUNTIF(H5:H104,"*High*")
A110: Pending Processing: | B110: =COUNTIF(L5:L104,"Draft")
A111: Processed: | B111: =COUNTIF(L5:L104,"Published")
A112: TLP:RED Items: | B112: =COUNTIF(G5:G104,"TLP:RED")

Sheet Intelligence_Production
A1: Intelligence Production Tracking
A2: Track all intelligence products (reports, briefings, alerts, IOC packages). Measure quality and stakeholder feedback.
A4: Product ID | B4: Product Type | C4: Product Title | D4: Primary Author | E4: Contributors | F4: Publication Date | G4: TLP Classification | H4: Confidence Level | I4: Target Audience | J4: Stakeholder Feedback Rating | K4: Consumption Rate | L4: Actionability Score | M4: Time to Produce Hours | N4: Status | O4: Notes
A5: PROD-2025-001
A6: PROD-2025-002
A7: PROD-2025-003
A8: PROD-2025-004
A9: PROD-2025-005
A10: PROD-2025-006
A11: PROD-2025-007
A12: PROD-2025-008
A13: PROD-2025-009
A14: PROD-2025-010
A15: PROD-2025-011
A16: PROD-2025-012
... A66: PRODUCTION SUMMARY
A67: Total Products: | B67: =COUNTA(A5:A64)
A68: Published This Quarter: | B68: =COUNTIF(N5:N64,"Published")
A69: Avg Feedback Rating: | B69: =AVERAGE(J5:J64)
A70: Avg Consumption Rate: | B70: =AVERAGE(K5:K64)
A71: Avg Time to Produce (hrs): | B71: =AVERAGE(M5:M64)

Sheet MITRE_Mapping
A1: MITRE ATT&CK Technique Coverage
A2: Assess threat intelligence coverage of MITRE ATT&CK techniques. Focus on techniques relevant to your threat landscape.
A4: Technique ID | B4: Tactic | C4: Technique Name | D4: Sub Technique | E4: Priority for Org | F4: Coverage Level | G4: Intelligence Sources | H4: Last Intelligence Update | I4: Detection Capability | J4: Use Cases Identified | K4: Gap Analysis | L4: Notes
A5: T1190 | B5: Initial Access | C5: Exploit Public-Facing Application | E5: Critical
A6: T1566 | B6: Initial Access | C6: Phishing | D6: T1566.001 - Spearphishing Attachment | E6: Critical
A7: T1059 | B7: Execution | C7: Command and Scripting Interpreter | D7: T1059.001 - PowerShell | E7: High
A8: T1078 | B8: Persistence | C8: Valid Accounts | D8: T1078.004 - Cloud Accounts | E8: High
A9: T1053 | B9: Execution | C9: Scheduled Task/Job | E9: Medium
A106: MITRE COVERAGE SUMMARY
A107: Total Techniques Tracked: | B107: =COUNTA(A5:A104)
A108: Critical Priority: | B108: =COUNTIF(E5:E104,"Critical")
A109: Full Coverage: | B109: =COUNTIF(F5:F104,"Full")
A110: Partial Coverage: | B110: =COUNTIF(F5:F104,"Partial")
A111: Limited Coverage: | B111: =COUNTIF(F5:F104,"Limited")
A112: No Coverage: | B112: =COUNTIF(F5:F104,"None")
A113: With Detection Capability: | B113: =COUNTIF(I5:I104,"Yes")

Sheet Quality_Metrics
A1: Intelligence Quality Metrics & KPIs
A2: Track key performance indicators for intelligence collection and analysis operations.
A4: KPI ID | B4: KPI Name | C4: Description | D4: Target Value | E4: Current Value | F4: Last Month Value | G4: Measurement Period | H4: Performance vs Target | I4: Trend | J4: Data Source | K4: Owner | L4: Last Updated | M4: Notes
A5: KPI-001 | B5: Intelligence Products per Month | C5: Count of formal intelligence products | D5: 20 | H5: =IF(E5="","",IF(D5="","N/A",(E5/D5-1)*100)) | I5: =IF(OR(E5="",F5=""),"N/A",IF(E5>F5,"Improving",IF(E5<F5,"Declining","Stable"))) | J5: Sheet 5
A6: KPI-002 | B6: Avg Time to Produce Intelligence (hrs) | C6: Hours from start to publication | D6: 48 | H6: =IF(E6="","",IF(D6="","N/A",(E6/D6-1)*100)) | I6: =IF(OR(E6="",F6=""),"N/A",IF(E6>F6,"Improving",IF(E6<F6,"Declining","Stable"))) | J6: Sheet 5
A7: KPI-003 | B7: Stakeholder Feedback Rating (1-5) | C7: Average rating from consumers | D7: 4.0 | H7: =IF(E7="","",IF(D7="","N/A",(E7/D7-1)*100)) | I7: =IF(OR(E7="",F7=""),"N/A",IF(E7>F7,"Improving",IF(E7<F7,"Declining","Stable"))) | J7: Sheet 5
A8: KPI-004 | B8: Intelligence Actionability Rate (%) | C8: % of products acted upon | D8: 75% | H8: =IF(E8="","",IF(D8="","N/A",(E8/D8-1)*100)) | I8: =IF(OR(E8="",F8=""),"N/A",IF(E8>F8,"Improving",IF(E8<F8,"Declining","Stable"))) | J8: Sheet 5
A9: KPI-005 | B9: Mean Time from Intelligence to Action (hrs) | C9: Hours from publication to action | D9: 24 | H9: =IF(E9="","",IF(D9="","N/A",(E9/D9-1)*100)) | I9: =IF(OR(E9="",F9=""),"N/A",IF(E9>F9,"Improving",IF(E9<F9,"Declining","Stable"))) | J9: Sheet 5
A10: KPI-006 | B10: MITRE ATT&CK Coverage (%) | C10: % of critical techniques covered | D10: 80% | H10: =IF(E10="","",IF(D10="","N/A",(E10/D10-1)*100)) | I10: =IF(OR(E10="",F10=""),"N/A",IF(E10>F10,"Improving",IF(E10<F10,"Declining","Stable"))) | J10: Sheet 6
A11: KPI-007 | B11: False Positive Rate (%) | C11: % of incorrect/unusable intelligence | D11: 5% | H11: =IF(E11="","",IF(D11="","N/A",(E11/D11-1)*100)) | I11: =IF(OR(E11="",F11=""),"N/A",IF(E11>F11,"Improving",IF(E11<F11,"Declining","Stable"))) | J11: Sheet 5
A12: KPI-008 | B12: Analyst Training Completion Rate (%) | C12: % of planned training completed | D12: 90% | H12: =IF(E12="","",IF(D12="","N/A",(E12/D12-1)*100)) | I12: =IF(OR(E12="",F12=""),"N/A",IF(E12>F12,"Improving",IF(E12<F12,"Declining","Stable"))) | J12: Sheet 4
A13: KPI-009 | B13: Requirement Fulfillment Rate (%) | C13: % of PIRs with adequate coverage | D13: 85% | H13: =IF(E13="","",IF(D13="","N/A",(E13/D13-1)*100)) | I13: =IF(OR(E13="",F13=""),"N/A",IF(E13>F13,"Improving",IF(E13<F13,"Declining","Stable"))) | J13: Sheet 2
A14: KPI-010 | B14: VT Links Created per Month | C14: Vulnerability-threat linkages | D14: 10 | H14: =IF(E14="","",IF(D14="","N/A",(E14/D14-1)*100)) | I14: =IF(OR(E14="",F14=""),"N/A",IF(E14>F14,"Improving",IF(E14<F14,"Declining","Stable"))) | J14: Sheet 8
A15: KPI-011 | H15: =IF(E15="","",IF(D15="","N/A",(E15/D15-1)*100)) | I15: =IF(OR(E15="",F15=""),"N/A",IF(E15>F15,"Improving",IF(E15<F15,"Declining","Stable")))
A16: KPI-012 | H16: =IF(E16="","",IF(D16="","N/A",(E16/D16-1)*100)) | I16: =IF(OR(E16="",F16=""),"N/A",IF(E16>F16,"Improving",IF(E16<F16,"Declining","Stable")))
A17: KPI-013 | H17: =IF(E17="","",IF(D17="","N/A",(E17/D17-1)*100)) | I17: =IF(OR(E17="",F17=""),"N/A",IF(E17>F17,"Improving",IF(E17<F17,"Declining","Stable")))
A18: KPI-014 | H18: =IF(E18="","",IF(D18="","N/A",(E18/D18-1)*100)) | I18: =IF(OR(E18="",F18=""),"N/A",IF(E18>F18,"Improving",IF(E18<F18,"Declining","Stable")))
A19: KPI-015 | H19: =IF(E19="","",IF(D19="","N/A",(E19/D19-1)*100)) | I19: =IF(OR(E19="",F19=""),"N/A",IF(E19>F19,"Improving",IF(E19<F19,"Declining","Stable")))
A20: KPI-016 | H20: =IF(E20="","",IF(D20="","N/A",(E20/D20-1)*100)) | I20: =IF(OR(E20="",F20=""),"N/A",IF(E20>F20,"Improving",IF(E20<F20,"Declining","Stable")))
A21: KPI-017 | H21: =IF(E21="","",IF(D21="","N/A",(E21/D21-1)*100)) | I21: =IF(OR(E21="",F21=""),"N/A",IF(E21>F21,"Improving",IF(E21<F21,"Declining","Stable")))
A22: KPI-018 | H22: =IF(E22="","",IF(D22="","N/A",(E22/D22-1)*100)) | I22: =IF(OR(E22="",F22=""),"N/A",IF(E22>F22,"Improving",IF(E22<F22,"Declining","Stable")))
A23: KPI-019 | H23: =IF(E23="","",IF(D23="","N/A",(E23/D23-1)*100)) | I23: =IF(OR(E23="",F23=""),"N/A",IF(E23>F23,"Improving",IF(E23<F23,"Declining","Stable")))
A24: KPI-020 | H24: =IF(E24="","",IF(D24="","N/A",(E24/D24-1)*100)) | I24: =IF(OR(E24="",F24=""),"N/A",IF(E24>F24,"Improving",IF(E24<F24,"Declining","Stable")))
A26: KPI SUMMARY
A27: Total KPIs Tracked: | B27: =COUNTA(A5:A24)
A28: KPIs On Target (>=100%): | B28: =COUNTIF(H5:H24,">=0")
A29: KPIs Below Target: | B29: =COUNTIF(H5:H24,"<0")
A30: Improving Trends: | B30: =COUNTIF(I5:I24,"Improving")
A31: Declining Trends: | B31: =COUNTIF(I5:I24,"Declining")

Sheet Vulnerability_Linked_Threats
A1: WARNING: CRITICAL: Vulnerability-Linked Threats (VTL Schema v1.0 with CVSS - Control 8.8 Integration)
A2: Link threat intelligence to vulnerabilities with CVSS scoring. Active exploitation + high CVSS triggers emergency patching in Control 8.8.
A3: v1.0: CVSS-based priority scoring | Bidirectional: 5.7 -> 8.8 (CVSS+context) | 8.8 -> 5.7 (remediation)
A4: Link ID | B4: Vulnerability ID | C4: CVSS Version | D4: CVSS Base Score | E4: CVSS Vector | F4: Threat Actor | G4: Threat Actor Type | H4: Exploitation Status | I4: Intelligence Source | J4: Confidence Level | K4: Discovery Date | L4: Last Updated | M4: IOCs | N4: TTPs | O4: Attack Vector | P4: Priority Score | Q4: Remediation Urgency | R4: Business Impact | S4: Affected Systems Count | T4: Critical Assets Affected | U4: Remediation Status | V4: Assigned To | W4: Related Incidents | X4: Notes
A5: VTL-20250109-0001 | L5: =IF(B5="","",TODAY()) | P5: =IF(D5="","",MIN(10,D5+IF(H5="Mass_Exploitation",2,IF(H5="Active_Exploitation",1,0))+IF(T5="Yes",2,0)+IF(G5="Nation-State",1,0)))
A6: VTL-20250109-0002 | L6: =IF(B6="","",TODAY()) | P6: =IF(D6="","",MIN(10,D6+IF(H6="Mass_Exploitation",2,IF(H6="Active_Exploitation",1,0))+IF(T6="Yes",2,0)+IF(G6="Nation-State",1,0)))
A7: VTL-20250109-0003 | L7: =IF(B7="","",TODAY()) | P7: =IF(D7="","",MIN(10,D7+IF(H7="Mass_Exploitation",2,IF(H7="Active_Exploitation",1,0))+IF(T7="Yes",2,0)+IF(G7="Nation-State",1,0)))
A8: VTL-20250109-0004 | L8: =IF(B8="","",TODAY()) | P8: =IF(D8="","",MIN(10,D8+IF(H8="Mass_Exploitation",2,IF(H8="Active_Exploitation",1,0))+IF(T8="Yes",2,0)+IF(G8="Nation-State",1,0)))
A9: VTL-20250109-0005 | L9: =IF(B9="","",TODAY()) | P9: =IF(D9="","",MIN(10,D9+IF(H9="Mass_Exploitation",2,IF(H9="Active_Exploitation",1,0))+IF(T9="Yes",2,0)+IF(G9="Nation-State",1,0)))
A10: VTL-20250109-0006 | L10: =IF(B10="","",TODAY()) | P10: =IF(D10="","",MIN(10,D10+IF(H10="Mass_Exploitation",2,IF(H10="Active_Exploitation",1,0))+IF(T10="Yes",2,0)+IF(G10="Nation-State",1,0)))
A11: VTL-20250109-0007 | L11: =IF(B11="","",TODAY()) | P11: =IF(D11="","",MIN(10,D11+IF(H11="Mass_Exploitation",2,IF(H11="Active_Exploitation",1,0))+IF(T11="Yes",2,0)+IF(G11="Nation-State",1,0)))
A12: VTL-20250109-0008 | L12: =IF(B12="","",TODAY()) | P12: =IF(D12="","",MIN(10,D12+IF(H12="Mass_Exploitation",2,IF(H12="Active_Exploitation",1,0))+IF(T12="Yes",2,0)+IF(G12="Nation-State",1,0)))
A13: VTL-20250109-0009 | L13: =IF(B13="","",TODAY()) | P13: =IF(D13="","",MIN(10,D13+IF(H13="Mass_Exploitation",2,IF(H13="Active_Exploitation",1,0))+IF(T13="Yes",2,0)+IF(G13="Nation-State",1,0)))
A14: VTL-20250109-0010 | L14: =IF(B14="","",TODAY()) | P14: =IF(D14="","",MIN(10,D14+IF(H14="Mass_Exploitation",2,IF(H14="Active_Exploitation",1,0))+IF(T14="Yes",2,0)+IF(G14="Nation-State",1,0)))
A15: VTL-20250109-0011 | L15: =IF(B15="","",TODAY()) | P15: =IF(D15="","",MIN(10,D15+IF(H15="Mass_Exploitation",2,IF(H15="Active_Exploitation",1,0))+IF(T15="Yes",2,0)+IF(G15="Nation-State",1,0)))
A16: VTL-20250109-0012 | L16: =IF(B16="","",TODAY()) | P16: =IF(D16="","",MIN(10,D16+IF(H16="Mass_Exploitation",2,IF(H16="Active_Exploitation",1,0))+IF(T16="Yes",2,0)+IF(G16="Nation-State",1,0)))
... A104: VTL-20250109-0100 | L104: =IF(B104="","",TODAY()) | P104: =IF(D104="","",MIN(10,D104+IF(H104="Mass_Exploitation",2,IF(H104="Active_Exploitation",1,0))+IF(T104="Yes",2,0)+IF(G104="Nation-State",1,0)))

Sheet Process_Maturity
A1: Process Maturity Assessment (CMM Model)
A2: Assess capability maturity using 5-level CMM model: 1-Initial, 2-Managed, 3-Defined, 4-Quantitatively Managed, 5-Optimizing
A4: Process Area | B4: Current Level | C4: Target Level | D4: Gap | E4: Evidence | F4: Action Plan | G4: Target Date
A5: Collection Planning | D5: =IF(OR(B5="",C5=""),"N/A",VALUE(LEFT(C5,1))-VALUE(LEFT(B5,1)))
A6: Analysis Methodologies | D6: =IF(OR(B6="",C6=""),"N/A",VALUE(LEFT(C6,1))-VALUE(LEFT(B6,1)))
A7: Production Quality | D7: =IF(OR(B7="",C7=""),"N/A",VALUE(LEFT(C7,1))-VALUE(LEFT(B7,1)))
A8: Dissemination | D8: =IF(OR(B8="",C8=""),"N/A",VALUE(LEFT(C8,1))-VALUE(LEFT(B8,1)))
A9: Feedback Mechanisms | D9: =IF(OR(B9="",C9=""),"N/A",VALUE(LEFT(C9,1))-VALUE(LEFT(B9,1)))
A10: Integration (Technical) | D10: =IF(OR(B10="",C10=""),"N/A",VALUE(LEFT(C10,1))-VALUE(LEFT(B10,1)))
A11: Integration (Control 8.8) | D11: =IF(OR(B11="",C11=""),"N/A",VALUE(LEFT(C11,1))-VALUE(LEFT(B11,1)))
A12: Staff Training | D12: =IF(OR(B12="",C12=""),"N/A",VALUE(LEFT(C12,1))-VALUE(LEFT(B12,1)))
A13: Metrics & KPIs | D13: =IF(OR(B13="",C13=""),"N/A",VALUE(LEFT(C13,1))-VALUE(LEFT(B13,1)))
A14: Threat Modeling | D14: =IF(OR(B14="",C14=""),"N/A",VALUE(LEFT(C14,1))-VALUE(LEFT(B14,1)))
A16: MATURITY LEVEL REFERENCE
A17: 1 - Initial | B17: Ad hoc, reactive, inconsistent processes
A18: 2 - Managed | B18: Documented processes, some repeatability
A19: 3 - Defined | B19: Standardized processes, organization-wide adoption
A20: 4 - Quantitatively Managed | B20: Measured and controlled processes
A21: 5 - Optimizing | B21: Continuous improvement, industry-leading practices
A23: MATURITY SUMMARY
A24: Avg Current Maturity: | B24: =AVERAGE(VALUE(LEFT(B5:B14,1)))
A25: Avg Target Maturity: | B25: =AVERAGE(VALUE(LEFT(C5:C14,1)))
A26: Total Gap (levels): | B26: =SUM(D5:D14)
A27: Areas at Target: | B27: =COUNTIF(D5:D14,0)

Sheet Action_Items
A1: Action Items & Capability Improvements
A2: Track actions to address gaps identified in collection coverage, analysis capabilities, and process maturity.
A4: Action ID | B4: Related Sheet | C4: Issue Description | D4: Priority | E4: Assigned To | F4: Due Date | G4: Status | H4: Progress Percentage | I4: Completion Date | J4: Outcome | K4: Lessons Learned | L4: Notes
A5: ACT-572-001
A6: ACT-572-002
A7: ACT-572-003
A8: ACT-572-004
A9: ACT-572-005
A10: ACT-572-006
A11: ACT-572-007
A12: ACT-572-008
A13: ACT-572-009
A14: ACT-572-010
A15: ACT-572-011
A16: ACT-572-012
... A56: ACTION ITEMS SUMMARY
A57: Total Actions: | B57: =COUNTA(A5:A54)
A58: Critical Priority: | B58: =COUNTIF(D5:D54,"Critical")
A59: High Priority: | B59: =COUNTIF(D5:D54,"High")
A60: Open: | B60: =COUNTIF(G5:G54,"Open")
A61: In Progress: | B61: =COUNTIF(G5:G54,"In_Progress")
A62: Blocked: | B62: =COUNTIF(G5:G54,"Blocked")
A63: Resolved: | B63: =COUNTIF(G5:G54,"Resolved")
A64: Closed: | B64: =COUNTIF(G5:G54,"Closed")

Sheet Analysis_Tools
A1: Analysis Tools & Platforms (v1.0)
A2: Document all threat intelligence analysis tools. Track CVSS support capability for v1.0 integration.
A4: Tool ID | B4: Tool Name | C4: Tool Category | D4: Vendor | E4: License Type | F4: Primary Users | G4: Use Cases | H4: Integration Status | I4: Data Sources | J4: CVSS Support | K4: Last Updated | L4: Version | M4: Training Required | N4: Training Status | O4: Cost Annual | P4: Notes
A5: TOOL-001
A6: TOOL-002
A7: TOOL-003
A8: TOOL-004
A9: TOOL-005
A10: TOOL-006
A11: TOOL-007
A12: TOOL-008
A13: TOOL-009
A14: TOOL-010
A15: TOOL-011
A16: TOOL-012
... A54: TOOL-050

Sheet Threat_Actor_Profiles
A1: Threat Actor Profiles (v1.0)
A2: Document known threat actors. CVEs_Exploited column integrates with Sheet 8 VTL for tracking.
A4: Actor ID | B4: Actor Name | C4: Actor Aliases | D4: Actor Type | E4: Attribution Confidence | F4: Country of Origin | G4: First Observed | H4: Last Activity | I4: Targeting Our Sector | J4: Targeting Our Org | K4: Primary Motivation | L4: Sophistication Level | M4: Primary TTPs | N4: Common Malware | O4: Infrastructure Notes | P4: CVEs Exploited | Q4: VTL Records Count | R4: Related Campaigns | S4: Last Update Date | T4: Notes
A5: ACTOR-001
A6: ACTOR-002
A7: ACTOR-003
A8: ACTOR-004
A9: ACTOR-005
A10: ACTOR-006
A11: ACTOR-007
A12: ACTOR-008
A13: ACTOR-009
A14: ACTOR-010
A15: ACTOR-011
A16: ACTOR-012
... A54: ACTOR-050

Sheet Campaign_Tracking
A1: Campaign Tracking (v1.0 - VLOOKUP + CVSS Integration)
A2: Track threat campaigns. Actor_Name auto-populated via VLOOKUP from Sheet 12. CVEs_CVSS_Max references Sheet 8.
A4: Campaign ID | B4: Campaign Name | C4: Actor ID | D4: Actor Name | E4: Campaign Start Date | F4: Campaign End Date | G4: Campaign Status | H4: Target Sectors | I4: Target Geographies | J4: Our Sector Targeted | K4: Our Org Targeted | L4: Primary Objective | M4: Attack Vectors | N4: TTPs Used | O4: CVEs Exploited | P4: CVEs CVSS Max | Q4: IOCs Count | R4: VTL Records Created | S4: Incidents Our Org | T4: Intelligence Sources | U4: Threat Level | V4: Monitoring Status | W4: Last Update Date | X4: Notes
A5: CAMP-2025-001 | D5: =IFERROR(VLOOKUP(C5,Threat_Actor_Profiles!A:B,2,FALSE),"Unknown")
A6: CAMP-2025-002 | D6: =IFERROR(VLOOKUP(C6,Threat_Actor_Profiles!A:B,2,FALSE),"Unknown")
A7: CAMP-2025-003 | D7: =IFERROR(VLOOKUP(C7,Threat_Actor_Profiles!A:B,2,FALSE),"Unknown")
A8: CAMP-2025-004 | D8: =IFERROR(VLOOKUP(C8,Threat_Actor_Profiles!A:B,2,FALSE),"Unknown")
A9: CAMP-2025-005 | D9: =IFERROR(VLOOKUP(C9,Threat_Actor_Profiles!A:B,2,FALSE),"Unknown")
A10: CAMP-2025-006 | D10: =IFERROR(VLOOKUP(C10,Threat_Actor_Profiles!A:B,2,FALSE),"Unknown")
A11: CAMP-2025-007 | D11: =IFERROR(VLOOKUP(C11,Threat_Actor_Profiles!A:B,2,FALSE),"Unknown")
A12: CAMP-2025-008 | D12: =IFERROR(VLOOKUP(C12,Threat_Actor_Profiles!A:B,2,FALSE),"Unknown")
A13: CAMP-2025-009 | D13: =IFERROR(VLOOKUP(C13,Threat_Actor_Profiles!A:B,2,FALSE),"Unknown")
A14: CAMP-2025-010 | D14: =IFERROR(VLOOKUP(C14,Threat_Actor_Profiles!A:B,2,FALSE),"Unknown")
A15: CAMP-2025-011 | D15: =IFERROR(VLOOKUP(C15,Threat_Actor_Profiles!A:B,2,FALSE),"Unknown")
A16: CAMP-2025-012 | D16: =IFERROR(VLOOKUP(C16,Threat_Actor_Profiles!A:B,2,FALSE),"Unknown")
... A54: CAMP-2025-050 | D54: =IFERROR(VLOOKUP(C54,Threat_Actor_Profiles!A:B,2,FALSE),"Unknown")

Sheet Metadata
A1: Workbook Metadata
A3: Document ID: | B3: ISMS-IMP-A.5.7.2
A4: Document Title: | B4: Intelligence Collection & Analysis Assessment
A5: ISO 27001:2022 Control: | B5: A.5.7 (Threat Intelligence)
A6: Version: | B6: 1.0
A7: Generated Date: | B7: 2026-01-31 16:02:48
A8: Generator Script: | B8: generate_a57_2_collection_analysis.py
A9: Python Version: | B9: 3.x
A10: Required Library: | B10: openpyxl
A12: Sheet Count: | B12: 14
A13: Sheet 1: | B13: Instructions
A14: Sheet 2: | B14: Intelligence_Requirements (50 PIR/SIR/IR entries)
A15: Sheet 3: | B15: Collection_Sources (30 source entries)
... A36: Notes: | B36: As Feynman said: 'The first principle is that you must not fool yourself'
B37: This workbook generates evidence, not theater. Use it well.
