Workbook
Name SourceInventory_Data: 'Source_Inventory'!$A$5:$P$104

Sheet Instructions
A1: ISMS-IMP-A.5.7.1 - Threat Intelligence Sources Assessment v1.0
A2: Assessment of Threat Intelligence Source Portfolio (15 Sheets - Expanded for CVSS & Audit Evidence)
A4: PURPOSE & OBJECTIVES
A5: This workbook assesses the organization's threat intelligence source portfolio to ensure: - Comprehensive coverage of relevant threat landscapes - Reliability and credibility of intelligence sources - CVSS vulnerability scoring capability (v4.0/3.1) - Cost-effectiveness of subscription services - Compliance with data protection and privacy regulations - Vendor SLA compliance and integration health - Audit-ready evidence for source validation and business continuity
A7: WORKBOOK STRUCTURE (15 SHEETS)
A8: Sheet 1: Instructions - This guide
A9: Sheet 2: Source_Inventory - Master list + CVSS capability tracking
A10: Sheet 3: Source_Evaluation - Quality assessment + CVSS accuracy
A11: Sheet 4: Coverage_Matrix - Geographic/sector/threat coverage
A12: Sheet 5: Cost_Analysis - ROI and budget tracking
A13: Sheet 6: Compliance_Check - Legal/regulatory compliance
A14: Sheet 7: Action_Items - Remediation tracking
... A93: "The first principle is that you must not fool yourself—and you are the easiest person to fool." - Richard Feynman

Sheet Source_Inventory
A1: Threat Intelligence Source Inventory (with CVSS Capability Tracking)
A2: Document all threat intelligence sources. NEW: Track CVSS v4.0/3.1 support for vulnerability intelligence integration with Control 8.8.
A4: Source_ID | B4: Source_Name | C4: Source_Type | D4: Source_Category | E4: Provider | F4: Contact_Email | G4: Contract_Start | H4: Contract_End | I4: Auto_Renew | J4: Status | K4: CVSS_Support | L4: Primary_Owner | M4: Backup_Owner | N4: Last_Review_Date | O4: Next_Review_Date | P4: Notes
O5: =IF(N5<>"", N5+90, "")
O6: =IF(N6<>"", N6+90, "")
O7: =IF(N7<>"", N7+90, "")
O8: =IF(N8<>"", N8+90, "")
O9: =IF(N9<>"", N9+90, "")
O10: =IF(N10<>"", N10+90, "")
O11: =IF(N11<>"", N11+90, "")
O12: =IF(N12<>"", N12+90, "")
O13: =IF(N13<>"", N13+90, "")
O14: =IF(N14<>"", N14+90, "")
O15: =IF(N15<>"", N15+90, "")
O16: =IF(N16<>"", N16+90, "")
... O104: =IF(N104<>"", N104+90, "")

Sheet Source_Evaluation
A1: Threat Intelligence Source Evaluation (Quality + CVSS Accuracy Assessment)
A2: Assess source reliability using Admiralty Code. NEW: Track CVSS accuracy rate per ISMS-POL-A.5.7-S4 Section 4.4.3 (target: ≥90%).
A4: Source_ID | B4: Source_Name | C4: Evaluation_Date | D4: Evaluator | E4: Reliability_Rating | F4: Reliability_Justification | G4: Credibility_Rating | H4: Credibility_Justification | I4: Timeliness_Score | J4: Timeliness_Notes | K4: Relevance_Score | L4: Relevance_Notes | M4: Actionability_Score | N4: Actionability_Notes | O4: Overall_Quality_Score | P4: Quality_Rating | Q4: False_Positive_Rate | R4: CVSS_Accuracy_Rate | S4: CVSS_Sample_Size | T4: CVSS_Validation_Date | U4: Evidence_Link | V4: Recommendation | W4: Next_Evaluation
B5: =IFERROR(VLOOKUP(A5,Source_Inventory!$A$5:$P$104,2,FALSE),"[Source Not Found]") | C5: =IF(A5<>"",TODAY(),"") | O5: =IF(AND(I5<>"",K5<>"",M5<>""),AVERAGE(I5,K5,M5),"") | P5: =IF(O5="","",IF(O5>=4.5,"Excellent",IF(O5>=3.5,"Good",IF(O5>=2.5,"Fair","Poor")))) | W5: =IF(C5<>"",C5+90,"")
B6: =IFERROR(VLOOKUP(A6,Source_Inventory!$A$5:$P$104,2,FALSE),"[Source Not Found]") | C6: =IF(A6<>"",TODAY(),"") | O6: =IF(AND(I6<>"",K6<>"",M6<>""),AVERAGE(I6,K6,M6),"") | P6: =IF(O6="","",IF(O6>=4.5,"Excellent",IF(O6>=3.5,"Good",IF(O6>=2.5,"Fair","Poor")))) | W6: =IF(C6<>"",C6+90,"")
B7: =IFERROR(VLOOKUP(A7,Source_Inventory!$A$5:$P$104,2,FALSE),"[Source Not Found]") | C7: =IF(A7<>"",TODAY(),"") | O7: =IF(AND(I7<>"",K7<>"",M7<>""),AVERAGE(I7,K7,M7),"") | P7: =IF(O7="","",IF(O7>=4.5,"Excellent",IF(O7>=3.5,"Good",IF(O7>=2.5,"Fair","Poor")))) | W7: =IF(C7<>"",C7+90,"")
B8: =IFERROR(VLOOKUP(A8,Source_Inventory!$A$5:$P$104,2,FALSE),"[Source Not Found]") | C8: =IF(A8<>"",TODAY(),"") | O8: =IF(AND(I8<>"",K8<>"",M8<>""),AVERAGE(I8,K8,M8),"") | P8: =IF(O8="","",IF(O8>=4.5,"Excellent",IF(O8>=3.5,"Good",IF(O8>=2.5,"Fair","Poor")))) | W8: =IF(C8<>"",C8+90,"")
B9: =IFERROR(VLOOKUP(A9,Source_Inventory!$A$5:$P$104,2,FALSE),"[Source Not Found]") | C9: =IF(A9<>"",TODAY(),"") | O9: =IF(AND(I9<>"",K9<>"",M9<>""),AVERAGE(I9,K9,M9),"") | P9: =IF(O9="","",IF(O9>=4.5,"Excellent",IF(O9>=3.5,"Good",IF(O9>=2.5,"Fair","Poor")))) | W9: =IF(C9<>"",C9+90,"")
B10: =IFERROR(VLOOKUP(A10,Source_Inventory!$A$5:$P$104,2,FALSE),"[Source Not Found]") | C10: =IF(A10<>"",TODAY(),"") | O10: =IF(AND(I10<>"",K10<>"",M10<>""),AVERAGE(I10,K10,M10),"") | P10: =IF(O10="","",IF(O10>=4.5,"Excellent",IF(O10>=3.5,"Good",IF(O10>=2.5,"Fair","Poor")))) | W10: =IF(C10<>"",C10+90,"")
B11: =IFERROR(VLOOKUP(A11,Source_Inventory!$A$5:$P$104,2,FALSE),"[Source Not Found]") | C11: =IF(A11<>"",TODAY(),"") | O11: =IF(AND(I11<>"",K11<>"",M11<>""),AVERAGE(I11,K11,M11),"") | P11: =IF(O11="","",IF(O11>=4.5,"Excellent",IF(O11>=3.5,"Good",IF(O11>=2.5,"Fair","Poor")))) | W11: =IF(C11<>"",C11+90,"")
B12: =IFERROR(VLOOKUP(A12,Source_Inventory!$A$5:$P$104,2,FALSE),"[Source Not Found]") | C12: =IF(A12<>"",TODAY(),"") | O12: =IF(AND(I12<>"",K12<>"",M12<>""),AVERAGE(I12,K12,M12),"") | P12: =IF(O12="","",IF(O12>=4.5,"Excellent",IF(O12>=3.5,"Good",IF(O12>=2.5,"Fair","Poor")))) | W12: =IF(C12<>"",C12+90,"")
B13: =IFERROR(VLOOKUP(A13,Source_Inventory!$A$5:$P$104,2,FALSE),"[Source Not Found]") | C13: =IF(A13<>"",TODAY(),"") | O13: =IF(AND(I13<>"",K13<>"",M13<>""),AVERAGE(I13,K13,M13),"") | P13: =IF(O13="","",IF(O13>=4.5,"Excellent",IF(O13>=3.5,"Good",IF(O13>=2.5,"Fair","Poor")))) | W13: =IF(C13<>"",C13+90,"")
B14: =IFERROR(VLOOKUP(A14,Source_Inventory!$A$5:$P$104,2,FALSE),"[Source Not Found]") | C14: =IF(A14<>"",TODAY(),"") | O14: =IF(AND(I14<>"",K14<>"",M14<>""),AVERAGE(I14,K14,M14),"") | P14: =IF(O14="","",IF(O14>=4.5,"Excellent",IF(O14>=3.5,"Good",IF(O14>=2.5,"Fair","Poor")))) | W14: =IF(C14<>"",C14+90,"")
B15: =IFERROR(VLOOKUP(A15,Source_Inventory!$A$5:$P$104,2,FALSE),"[Source Not Found]") | C15: =IF(A15<>"",TODAY(),"") | O15: =IF(AND(I15<>"",K15<>"",M15<>""),AVERAGE(I15,K15,M15),"") | P15: =IF(O15="","",IF(O15>=4.5,"Excellent",IF(O15>=3.5,"Good",IF(O15>=2.5,"Fair","Poor")))) | W15: =IF(C15<>"",C15+90,"")
B16: =IFERROR(VLOOKUP(A16,Source_Inventory!$A$5:$P$104,2,FALSE),"[Source Not Found]") | C16: =IF(A16<>"",TODAY(),"") | O16: =IF(AND(I16<>"",K16<>"",M16<>""),AVERAGE(I16,K16,M16),"") | P16: =IF(O16="","",IF(O16>=4.5,"Excellent",IF(O16>=3.5,"Good",IF(O16>=2.5,"Fair","Poor")))) | W16: =IF(C16<>"",C16+90,"")
... B104: =IFERROR(VLOOKUP(A104,Source_Inventory!$A$5:$P$104,2,FALSE),"[Source Not Found]") | C104: =IF(A104<>"",TODAY(),"") | O104: =IF(AND(I104<>"",K104<>"",M104<>""),AVERAGE(I104,K104,M104),"") | P104: =IF(O104="","",IF(O104>=4.5,"Excellent",IF(O104>=3.5,"Good",IF(O104>=2.5,"Fair","Poor")))) | W104: =IF(C104<>"",C104+90,"")

Sheet Coverage_Matrix

Sheet Cost_Analysis

Sheet Compliance_Check

Sheet Action_Items
A1: Action Items - Remediation and Improvement Tasks
A4: Action_ID | B4: Source_ID | C4: Issue_Type | D4: Issue_Description | E4: Detected_In_Sheet | F4: Priority | G4: Assigned_To | H4: Due_Date | I4: Status | J4: Status_Notes | K4: Resolution_Date | L4: Evidence_Link | M4: Created_Date | N4: Created_By | O4: Last_Updated

Sheet Metadata
A1: Workbook Metadata and Version Control
A4: Workbook_Version | B4: 2.0
A5: Total_Sheets | B5: 15
A6: Generation_Date | B6: 31.01.2026 03:16:12
A7: Generator_Script | B7: generate_a57_1_sources.py
A8: Script_Version | B8: 2.0.0
A9: Python_Version | B9: 3.12+
A10: openpyxl_Version | B10: 3.1+
A11: Related_Policy | B11: ISMS-POL-A.5.7
A12: Related_IMP_Spec | B12: ISMS-IMP-A.5.7.1 v1.0
A14: V1.0_Changes
A15: CVSS_Support_Added | B15: Sheet 2 - Column K
A16: CVSS_Accuracy_Added | B16: Sheet 3 - Columns R, S, T
A17: Vendor_Mgmt_Added | B17: Sheets 9-13 (Integration, SLAs, Contacts, API)
A18: Audit_Evidence_Added | B18: Sheets 14-15 (Validation, Continuity)
A19: Sheet_14_CRITICAL | B19: Source_Performance_Validation (Quarterly validation per POL Section 4.4.3)
A20: Sheet_15_CRITICAL | B20: Business_Continuity_Plan (Annual testing per POL Section 4.4.6)

Sheet Integration_Points
A1: Integration Points - API and Feed Integration Status
A4: Source_ID | B4: Source_Name | C4: Integration_Type | D4: Integration_Target_Type | E4: Integration_Target_Name | F4: API_Endpoint | G4: Authentication_Method | H4: Data_Format | I4: CVSS_In_Feed | J4: TLP_Support | K4: IOC_Types_Supported | L4: Bidirectional | M4: Integration_Status | N4: Last_Integration_Test | O4: Next_Integration_Test | P4: Integration_Owner | Q4: Documentation_Link | R4: Notes
B5: =IFERROR(VLOOKUP(A5,Source_Inventory!$A$5:$P$104,2,FALSE),"[Not Found]") | O5: =IF(N5<>"",N5+90,"")
B6: =IFERROR(VLOOKUP(A6,Source_Inventory!$A$5:$P$104,2,FALSE),"[Not Found]") | O6: =IF(N6<>"",N6+90,"")
B7: =IFERROR(VLOOKUP(A7,Source_Inventory!$A$5:$P$104,2,FALSE),"[Not Found]") | O7: =IF(N7<>"",N7+90,"")
B8: =IFERROR(VLOOKUP(A8,Source_Inventory!$A$5:$P$104,2,FALSE),"[Not Found]") | O8: =IF(N8<>"",N8+90,"")
B9: =IFERROR(VLOOKUP(A9,Source_Inventory!$A$5:$P$104,2,FALSE),"[Not Found]") | O9: =IF(N9<>"",N9+90,"")
B10: =IFERROR(VLOOKUP(A10,Source_Inventory!$A$5:$P$104,2,FALSE),"[Not Found]") | O10: =IF(N10<>"",N10+90,"")
B11: =IFERROR(VLOOKUP(A11,Source_Inventory!$A$5:$P$104,2,FALSE),"[Not Found]") | O11: =IF(N11<>"",N11+90,"")
B12: =IFERROR(VLOOKUP(A12,Source_Inventory!$A$5:$P$104,2,FALSE),"[Not Found]") | O12: =IF(N12<>"",N12+90,"")
B13: =IFERROR(VLOOKUP(A13,Source_Inventory!$A$5:$P$104,2,FALSE),"[Not Found]") | O13: =IF(N13<>"",N13+90,"")
B14: =IFERROR(VLOOKUP(A14,Source_Inventory!$A$5:$P$104,2,FALSE),"[Not Found]") | O14: =IF(N14<>"",N14+90,"")
B15: =IFERROR(VLOOKUP(A15,Source_Inventory!$A$5:$P$104,2,FALSE),"[Not Found]") | O15: =IF(N15<>"",N15+90,"")
B16: =IFERROR(VLOOKUP(A16,Source_Inventory!$A$5:$P$104,2,FALSE),"[Not Found]") | O16: =IF(N16<>"",N16+90,"")
... B104: =IFERROR(VLOOKUP(A104,Source_Inventory!$A$5:$P$104,2,FALSE),"[Not Found]") | O104: =IF(N104<>"",N104+90,"")

Sheet Update_Frequency
A1: Update Frequency - SLA Compliance Tracking
A4: Source_ID | B4: Source_Name | C4: Contractual_Frequency | D4: Actual_Avg_Frequency | E4: Last_Update_Received | F4: Update_Count_Last_30_Days | G4: Expected_Update_Count | H4: Update_Variance | I4: SLA_Met | J4: SLA_Met_Justification | K4: Outage_Count_Last_Quarter | L4: Longest_Outage_Duration | M4: Average_Outage_Duration | N4: Timeliness_Score | O4: Timeliness_Trend | P4: Last_SLA_Review | Q4: Next_SLA_Review | R4: Notes
B5: =IFERROR(VLOOKUP(A5,Source_Inventory!$A$5:$P$104,2,FALSE),"[Not Found]") | Q5: =IF(P5<>"",P5+90,"")
B6: =IFERROR(VLOOKUP(A6,Source_Inventory!$A$5:$P$104,2,FALSE),"[Not Found]") | Q6: =IF(P6<>"",P6+90,"")
B7: =IFERROR(VLOOKUP(A7,Source_Inventory!$A$5:$P$104,2,FALSE),"[Not Found]") | Q7: =IF(P7<>"",P7+90,"")
B8: =IFERROR(VLOOKUP(A8,Source_Inventory!$A$5:$P$104,2,FALSE),"[Not Found]") | Q8: =IF(P8<>"",P8+90,"")
B9: =IFERROR(VLOOKUP(A9,Source_Inventory!$A$5:$P$104,2,FALSE),"[Not Found]") | Q9: =IF(P9<>"",P9+90,"")
B10: =IFERROR(VLOOKUP(A10,Source_Inventory!$A$5:$P$104,2,FALSE),"[Not Found]") | Q10: =IF(P10<>"",P10+90,"")
B11: =IFERROR(VLOOKUP(A11,Source_Inventory!$A$5:$P$104,2,FALSE),"[Not Found]") | Q11: =IF(P11<>"",P11+90,"")
B12: =IFERROR(VLOOKUP(A12,Source_Inventory!$A$5:$P$104,2,FALSE),"[Not Found]") | Q12: =IF(P12<>"",P12+90,"")
B13: =IFERROR(VLOOKUP(A13,Source_Inventory!$A$5:$P$104,2,FALSE),"[Not Found]") | Q13: =IF(P13<>"",P13+90,"")
B14: =IFERROR(VLOOKUP(A14,Source_Inventory!$A$5:$P$104,2,FALSE),"[Not Found]") | Q14: =IF(P14<>"",P14+90,"")
B15: =IFERROR(VLOOKUP(A15,Source_Inventory!$A$5:$P$104,2,FALSE),"[Not Found]") | Q15: =IF(P15<>"",P15+90,"")
B16: =IFERROR(VLOOKUP(A16,Source_Inventory!$A$5:$P$104,2,FALSE),"[Not Found]") | Q16: =IF(P16<>"",P16+90,"")
... B104: =IFERROR(VLOOKUP(A104,Source_Inventory!$A$5:$P$104,2,FALSE),"[Not Found]") | Q104: =IF(P104<>"",P104+90,"")

Sheet Source_Contacts
A1: Source Contacts - Vendor Escalation and Support
A4: Source_ID | B4: Source_Name | C4: Contact_Type | D4: Contact_Name | E4: Contact_Title | F4: Contact_Email | G4: Contact_Phone | H4: Contact_Region | I4: Availability | J4: Escalation_Path | K4: Preferred_Contact_Method | L4: Language_Supported | M4: Last_Contact_Date | N4: Last_Contact_Reason | O4: Response_Quality | P4: Response_Time | Q4: Contact_Status | R4: Replacement_Contact | S4: Last_Verified | T4: Next_Verification | U4: Notes
B5: =IFERROR(VLOOKUP(A5,Source_Inventory!$A$5:$P$104,2,FALSE),"[Not Found]") | T5: =IF(S5<>"",S5+180,"")
B6: =IFERROR(VLOOKUP(A6,Source_Inventory!$A$5:$P$104,2,FALSE),"[Not Found]") | T6: =IF(S6<>"",S6+180,"")
B7: =IFERROR(VLOOKUP(A7,Source_Inventory!$A$5:$P$104,2,FALSE),"[Not Found]") | T7: =IF(S7<>"",S7+180,"")
B8: =IFERROR(VLOOKUP(A8,Source_Inventory!$A$5:$P$104,2,FALSE),"[Not Found]") | T8: =IF(S8<>"",S8+180,"")
B9: =IFERROR(VLOOKUP(A9,Source_Inventory!$A$5:$P$104,2,FALSE),"[Not Found]") | T9: =IF(S9<>"",S9+180,"")
B10: =IFERROR(VLOOKUP(A10,Source_Inventory!$A$5:$P$104,2,FALSE),"[Not Found]") | T10: =IF(S10<>"",S10+180,"")
B11: =IFERROR(VLOOKUP(A11,Source_Inventory!$A$5:$P$104,2,FALSE),"[Not Found]") | T11: =IF(S11<>"",S11+180,"")
B12: =IFERROR(VLOOKUP(A12,Source_Inventory!$A$5:$P$104,2,FALSE),"[Not Found]") | T12: =IF(S12<>"",S12+180,"")
B13: =IFERROR(VLOOKUP(A13,Source_Inventory!$A$5:$P$104,2,FALSE),"[Not Found]") | T13: =IF(S13<>"",S13+180,"")
B14: =IFERROR(VLOOKUP(A14,Source_Inventory!$A$5:$P$104,2,FALSE),"[Not Found]") | T14: =IF(S14<>"",S14+180,"")
B15: =IFERROR(VLOOKUP(A15,Source_Inventory!$A$5:$P$104,2,FALSE),"[Not Found]") | T15: =IF(S15<>"",S15+180,"")
B16: =IFERROR(VLOOKUP(A16,Source_Inventory!$A$5:$P$104,2,FALSE),"[Not Found]") | T16: =IF(S16<>"",S16+180,"")
... B104: =IFERROR(VLOOKUP(A104,Source_Inventory!$A$5:$P$104,2,FALSE),"[Not Found]") | T104: =IF(S104<>"",S104+180,"")

Sheet Vendor_SLAs
A1: Vendor SLAs - Performance vs. Contractual Commitments
A4: SLA_Record_ID | B4: Source_ID | C4: Source_Name | D4: SLA_Metric | E4: Contractual_Target | F4: Contractual_Target_Numeric | G4: Actual_Performance | H4: Actual_Performance_Numeric | I4: Performance_Variance | J4: Measurement_Period | K4: Measurement_Start_Date | L4: Measurement_End_Date | M4: SLA_Status | N4: SLA_Breach_Count | O4: Penalty_Clause | P4: Penalty_Amount | Q4: Penalty_Applied | R4: Penalty_Application_Date | S4: Credit_Received | T4: Escalated_To_Vendor | U4: Escalation_Date | V4: Vendor_Response | W4: Last_Review_Date | X4: Next_Review_Date | Y4: Reviewer | Z4: Notes
C5: =IFERROR(VLOOKUP(B5,Source_Inventory!$A$5:$P$104,2,FALSE),"[Not Found]") | I5: =IF(AND(H5<>"",F5<>""),H5-F5,"")
C6: =IFERROR(VLOOKUP(B6,Source_Inventory!$A$5:$P$104,2,FALSE),"[Not Found]") | I6: =IF(AND(H6<>"",F6<>""),H6-F6,"")
C7: =IFERROR(VLOOKUP(B7,Source_Inventory!$A$5:$P$104,2,FALSE),"[Not Found]") | I7: =IF(AND(H7<>"",F7<>""),H7-F7,"")
C8: =IFERROR(VLOOKUP(B8,Source_Inventory!$A$5:$P$104,2,FALSE),"[Not Found]") | I8: =IF(AND(H8<>"",F8<>""),H8-F8,"")
C9: =IFERROR(VLOOKUP(B9,Source_Inventory!$A$5:$P$104,2,FALSE),"[Not Found]") | I9: =IF(AND(H9<>"",F9<>""),H9-F9,"")
C10: =IFERROR(VLOOKUP(B10,Source_Inventory!$A$5:$P$104,2,FALSE),"[Not Found]") | I10: =IF(AND(H10<>"",F10<>""),H10-F10,"")
C11: =IFERROR(VLOOKUP(B11,Source_Inventory!$A$5:$P$104,2,FALSE),"[Not Found]") | I11: =IF(AND(H11<>"",F11<>""),H11-F11,"")
C12: =IFERROR(VLOOKUP(B12,Source_Inventory!$A$5:$P$104,2,FALSE),"[Not Found]") | I12: =IF(AND(H12<>"",F12<>""),H12-F12,"")
C13: =IFERROR(VLOOKUP(B13,Source_Inventory!$A$5:$P$104,2,FALSE),"[Not Found]") | I13: =IF(AND(H13<>"",F13<>""),H13-F13,"")
C14: =IFERROR(VLOOKUP(B14,Source_Inventory!$A$5:$P$104,2,FALSE),"[Not Found]") | I14: =IF(AND(H14<>"",F14<>""),H14-F14,"")
C15: =IFERROR(VLOOKUP(B15,Source_Inventory!$A$5:$P$104,2,FALSE),"[Not Found]") | I15: =IF(AND(H15<>"",F15<>""),H15-F15,"")
C16: =IFERROR(VLOOKUP(B16,Source_Inventory!$A$5:$P$104,2,FALSE),"[Not Found]") | I16: =IF(AND(H16<>"",F16<>""),H16-F16,"")
... C104: =IFERROR(VLOOKUP(B104,Source_Inventory!$A$5:$P$104,2,FALSE),"[Not Found]") | I104: =IF(AND(H104<>"",F104<>""),H104-F104,"")

Sheet API_Integration
A1: API Integration - Health Monitoring and Rate Limit Tracking
A4: Source_ID | B4: Source_Name | C4: API_Version | D4: API_Endpoint_Base | E4: API_Endpoint_Intel | F4: API_Documentation_Link | G4: API_Key_Location | H4: API_Key_Rotation_Frequency | I4: Last_Key_Rotation | J4: Next_Key_Rotation | K4: Authentication_Method | L4: Authentication_Expiry | M4: Authentication_Status | N4: Rate_Limit_Calls | O4: Rate_Limit_Data | P4: Current_Usage_Calls | Q4: Current_Usage_Percentage | R4: Rate_Limit_Status | S4: Rate_Limit_Breaches_Last_30_Days | T4: Last_Successful_Call | U4: Last_Failed_Call | V4: Last_Failed_Reason | W4: Error_Rate_Last_7_Days | X4: Error_Rate_Last_30_Days | Y4: Common_Error_Codes | Z4: API_Health_Status | AA4: Last_Health_Check | AB4: Health_Check_Frequency | AC4: Monitoring_Dashboard | AD4: Alerting_Enabled | AE4: Alert_Threshold_Error_Rate | AF4: Alert_Contacts | AG4: Retry_Policy | AH4: Timeout_Setting | AI4: Pagination_Limit | AJ4: Max_Concurrent_Requests | AK4: Integration_Health_Score | AL4: Last_Integration_Review | AM4: Next_Integration_Review | AN4: Notes
B5: =IFERROR(VLOOKUP(A5,Source_Inventory!$A$5:$P$104,2,FALSE),"[Not Found]") | Q5: =IF(AND(P5<>"",N5<>""),(P5/N5)*100,"")
B6: =IFERROR(VLOOKUP(A6,Source_Inventory!$A$5:$P$104,2,FALSE),"[Not Found]") | Q6: =IF(AND(P6<>"",N6<>""),(P6/N6)*100,"")
B7: =IFERROR(VLOOKUP(A7,Source_Inventory!$A$5:$P$104,2,FALSE),"[Not Found]") | Q7: =IF(AND(P7<>"",N7<>""),(P7/N7)*100,"")
B8: =IFERROR(VLOOKUP(A8,Source_Inventory!$A$5:$P$104,2,FALSE),"[Not Found]") | Q8: =IF(AND(P8<>"",N8<>""),(P8/N8)*100,"")
B9: =IFERROR(VLOOKUP(A9,Source_Inventory!$A$5:$P$104,2,FALSE),"[Not Found]") | Q9: =IF(AND(P9<>"",N9<>""),(P9/N9)*100,"")
B10: =IFERROR(VLOOKUP(A10,Source_Inventory!$A$5:$P$104,2,FALSE),"[Not Found]") | Q10: =IF(AND(P10<>"",N10<>""),(P10/N10)*100,"")
B11: =IFERROR(VLOOKUP(A11,Source_Inventory!$A$5:$P$104,2,FALSE),"[Not Found]") | Q11: =IF(AND(P11<>"",N11<>""),(P11/N11)*100,"")
B12: =IFERROR(VLOOKUP(A12,Source_Inventory!$A$5:$P$104,2,FALSE),"[Not Found]") | Q12: =IF(AND(P12<>"",N12<>""),(P12/N12)*100,"")
B13: =IFERROR(VLOOKUP(A13,Source_Inventory!$A$5:$P$104,2,FALSE),"[Not Found]") | Q13: =IF(AND(P13<>"",N13<>""),(P13/N13)*100,"")
B14: =IFERROR(VLOOKUP(A14,Source_Inventory!$A$5:$P$104,2,FALSE),"[Not Found]") | Q14: =IF(AND(P14<>"",N14<>""),(P14/N14)*100,"")
B15: =IFERROR(VLOOKUP(A15,Source_Inventory!$A$5:$P$104,2,FALSE),"[Not Found]") | Q15: =IF(AND(P15<>"",N15<>""),(P15/N15)*100,"")
B16: =IFERROR(VLOOKUP(A16,Source_Inventory!$A$5:$P$104,2,FALSE),"[Not Found]") | Q16: =IF(AND(P16<>"",N16<>""),(P16/N16)*100,"")
... B104: =IFERROR(VLOOKUP(A104,Source_Inventory!$A$5:$P$104,2,FALSE),"[Not Found]") | Q104: =IF(AND(P104<>"",N104<>""),(P104/N104)*100,"")

Sheet Source_Performance_Validation
A1: Source Performance Validation - Quarterly Accuracy Assessment (AUDIT CRITICAL)
A2: QUARTERLY REQUIREMENT per ISMS-POL-A.5.7-S4 Section 4.4.3: Validate source accuracy. Sample ≥10 IOCs + ≥10 CVEs per source. Target: ≥85% overall, ≥90% CVSS. Evidence required for audit.
A4: Validation_ID | B4: Source_ID | C4: Source_Name | D4: Validation_Quarter | E4: Validation_Date | F4: Validator | G4: Validation_Method | H4: Total_Sample_Size | I4: IOC_Sample_Size | J4: IOC_True_Positives | K4: IOC_False_Positives | L4: IOC_Accuracy | M4: CVE_Sample_Size | N4: CVE_Accurate | O4: CVE_Inaccurate | P4: CVE_Accuracy | Q4: CVSS_Accurate_Count | R4: CVSS_Inaccurate_Count | S4: CVSS_Accuracy_Rate | T4: CVSS_Accuracy_Method | U4: Overall_Accuracy_Rate | V4: Admiralty_Code_Source | W4: Admiralty_Code_Info | X4: Admiralty_Combined | Y4: Validation_Pass | Z4: Pass_Criteria_Met | AA4: Action_Required | AB4: Action_Notes | AC4: Action_Item_Created | AD4: Action_Item_ID | AE4: Evidence_Location | AF4: Reviewed_By | AG4: Review_Date | AH4: Next_Validation_Date
C5: =IFERROR(VLOOKUP(B5,Source_Inventory!$A$5:$P$104,2,FALSE),"[Not Found]") | L5: =IFERROR((J5/I5)*100,"") | P5: =IFERROR((N5/M5)*100,"") | S5: =IFERROR((Q5/M5)*100,"") | U5: =IFERROR(((J5+N5)/H5)*100,"") | X5: =IF(AND(V5<>"",W5<>""),CONCATENATE(V5,W5),"") | Y5: =IF(AND(U5>=85,S5>=90),"Pass",IF(AND(U5>=80,S5>=85),"Conditional_Pass","Fail")) | Z5: =IF(U5>=85,"Overall ≥85% ✓","Overall <85% ✗") & ", " & IF(S5>=90,"CVSS ≥90% ✓","CVSS <90% ✗") | AA5: =IF(Y5="Pass","None",IF(Y5="Conditional_Pass","Review",IF(OR(V5="A",V5="B"),"Improve","Deprecate"))) | AH5: =IF(E5<>"",E5+90,"")
C6: =IFERROR(VLOOKUP(B6,Source_Inventory!$A$5:$P$104,2,FALSE),"[Not Found]") | L6: =IFERROR((J6/I6)*100,"") | P6: =IFERROR((N6/M6)*100,"") | S6: =IFERROR((Q6/M6)*100,"") | U6: =IFERROR(((J6+N6)/H6)*100,"") | X6: =IF(AND(V6<>"",W6<>""),CONCATENATE(V6,W6),"") | Y6: =IF(AND(U6>=85,S6>=90),"Pass",IF(AND(U6>=80,S6>=85),"Conditional_Pass","Fail")) | Z6: =IF(U6>=85,"Overall ≥85% ✓","Overall <85% ✗") & ", " & IF(S6>=90,"CVSS ≥90% ✓","CVSS <90% ✗") | AA6: =IF(Y6="Pass","None",IF(Y6="Conditional_Pass","Review",IF(OR(V6="A",V6="B"),"Improve","Deprecate"))) | AH6: =IF(E6<>"",E6+90,"")
C7: =IFERROR(VLOOKUP(B7,Source_Inventory!$A$5:$P$104,2,FALSE),"[Not Found]") | L7: =IFERROR((J7/I7)*100,"") | P7: =IFERROR((N7/M7)*100,"") | S7: =IFERROR((Q7/M7)*100,"") | U7: =IFERROR(((J7+N7)/H7)*100,"") | X7: =IF(AND(V7<>"",W7<>""),CONCATENATE(V7,W7),"") | Y7: =IF(AND(U7>=85,S7>=90),"Pass",IF(AND(U7>=80,S7>=85),"Conditional_Pass","Fail")) | Z7: =IF(U7>=85,"Overall ≥85% ✓","Overall <85% ✗") & ", " & IF(S7>=90,"CVSS ≥90% ✓","CVSS <90% ✗") | AA7: =IF(Y7="Pass","None",IF(Y7="Conditional_Pass","Review",IF(OR(V7="A",V7="B"),"Improve","Deprecate"))) | AH7: =IF(E7<>"",E7+90,"")
C8: =IFERROR(VLOOKUP(B8,Source_Inventory!$A$5:$P$104,2,FALSE),"[Not Found]") | L8: =IFERROR((J8/I8)*100,"") | P8: =IFERROR((N8/M8)*100,"") | S8: =IFERROR((Q8/M8)*100,"") | U8: =IFERROR(((J8+N8)/H8)*100,"") | X8: =IF(AND(V8<>"",W8<>""),CONCATENATE(V8,W8),"") | Y8: =IF(AND(U8>=85,S8>=90),"Pass",IF(AND(U8>=80,S8>=85),"Conditional_Pass","Fail")) | Z8: =IF(U8>=85,"Overall ≥85% ✓","Overall <85% ✗") & ", " & IF(S8>=90,"CVSS ≥90% ✓","CVSS <90% ✗") | AA8: =IF(Y8="Pass","None",IF(Y8="Conditional_Pass","Review",IF(OR(V8="A",V8="B"),"Improve","Deprecate"))) | AH8: =IF(E8<>"",E8+90,"")
C9: =IFERROR(VLOOKUP(B9,Source_Inventory!$A$5:$P$104,2,FALSE),"[Not Found]") | L9: =IFERROR((J9/I9)*100,"") | P9: =IFERROR((N9/M9)*100,"") | S9: =IFERROR((Q9/M9)*100,"") | U9: =IFERROR(((J9+N9)/H9)*100,"") | X9: =IF(AND(V9<>"",W9<>""),CONCATENATE(V9,W9),"") | Y9: =IF(AND(U9>=85,S9>=90),"Pass",IF(AND(U9>=80,S9>=85),"Conditional_Pass","Fail")) | Z9: =IF(U9>=85,"Overall ≥85% ✓","Overall <85% ✗") & ", " & IF(S9>=90,"CVSS ≥90% ✓","CVSS <90% ✗") | AA9: =IF(Y9="Pass","None",IF(Y9="Conditional_Pass","Review",IF(OR(V9="A",V9="B"),"Improve","Deprecate"))) | AH9: =IF(E9<>"",E9+90,"")
C10: =IFERROR(VLOOKUP(B10,Source_Inventory!$A$5:$P$104,2,FALSE),"[Not Found]") | L10: =IFERROR((J10/I10)*100,"") | P10: =IFERROR((N10/M10)*100,"") | S10: =IFERROR((Q10/M10)*100,"") | U10: =IFERROR(((J10+N10)/H10)*100,"") | X10: =IF(AND(V10<>"",W10<>""),CONCATENATE(V10,W10),"") | Y10: =IF(AND(U10>=85,S10>=90),"Pass",IF(AND(U10>=80,S10>=85),"Conditional_Pass","Fail")) | Z10: =IF(U10>=85,"Overall ≥85% ✓","Overall <85% ✗") & ", " & IF(S10>=90,"CVSS ≥90% ✓","CVSS <90% ✗") | AA10: =IF(Y10="Pass","None",IF(Y10="Conditional_Pass","Review",IF(OR(V10="A",V10="B"),"Improve","Deprecate"))) | AH10: =IF(E10<>"",E10+90,"")
C11: =IFERROR(VLOOKUP(B11,Source_Inventory!$A$5:$P$104,2,FALSE),"[Not Found]") | L11: =IFERROR((J11/I11)*100,"") | P11: =IFERROR((N11/M11)*100,"") | S11: =IFERROR((Q11/M11)*100,"") | U11: =IFERROR(((J11+N11)/H11)*100,"") | X11: =IF(AND(V11<>"",W11<>""),CONCATENATE(V11,W11),"") | Y11: =IF(AND(U11>=85,S11>=90),"Pass",IF(AND(U11>=80,S11>=85),"Conditional_Pass","Fail")) | Z11: =IF(U11>=85,"Overall ≥85% ✓","Overall <85% ✗") & ", " & IF(S11>=90,"CVSS ≥90% ✓","CVSS <90% ✗") | AA11: =IF(Y11="Pass","None",IF(Y11="Conditional_Pass","Review",IF(OR(V11="A",V11="B"),"Improve","Deprecate"))) | AH11: =IF(E11<>"",E11+90,"")
C12: =IFERROR(VLOOKUP(B12,Source_Inventory!$A$5:$P$104,2,FALSE),"[Not Found]") | L12: =IFERROR((J12/I12)*100,"") | P12: =IFERROR((N12/M12)*100,"") | S12: =IFERROR((Q12/M12)*100,"") | U12: =IFERROR(((J12+N12)/H12)*100,"") | X12: =IF(AND(V12<>"",W12<>""),CONCATENATE(V12,W12),"") | Y12: =IF(AND(U12>=85,S12>=90),"Pass",IF(AND(U12>=80,S12>=85),"Conditional_Pass","Fail")) | Z12: =IF(U12>=85,"Overall ≥85% ✓","Overall <85% ✗") & ", " & IF(S12>=90,"CVSS ≥90% ✓","CVSS <90% ✗") | AA12: =IF(Y12="Pass","None",IF(Y12="Conditional_Pass","Review",IF(OR(V12="A",V12="B"),"Improve","Deprecate"))) | AH12: =IF(E12<>"",E12+90,"")
C13: =IFERROR(VLOOKUP(B13,Source_Inventory!$A$5:$P$104,2,FALSE),"[Not Found]") | L13: =IFERROR((J13/I13)*100,"") | P13: =IFERROR((N13/M13)*100,"") | S13: =IFERROR((Q13/M13)*100,"") | U13: =IFERROR(((J13+N13)/H13)*100,"") | X13: =IF(AND(V13<>"",W13<>""),CONCATENATE(V13,W13),"") | Y13: =IF(AND(U13>=85,S13>=90),"Pass",IF(AND(U13>=80,S13>=85),"Conditional_Pass","Fail")) | Z13: =IF(U13>=85,"Overall ≥85% ✓","Overall <85% ✗") & ", " & IF(S13>=90,"CVSS ≥90% ✓","CVSS <90% ✗") | AA13: =IF(Y13="Pass","None",IF(Y13="Conditional_Pass","Review",IF(OR(V13="A",V13="B"),"Improve","Deprecate"))) | AH13: =IF(E13<>"",E13+90,"")
C14: =IFERROR(VLOOKUP(B14,Source_Inventory!$A$5:$P$104,2,FALSE),"[Not Found]") | L14: =IFERROR((J14/I14)*100,"") | P14: =IFERROR((N14/M14)*100,"") | S14: =IFERROR((Q14/M14)*100,"") | U14: =IFERROR(((J14+N14)/H14)*100,"") | X14: =IF(AND(V14<>"",W14<>""),CONCATENATE(V14,W14),"") | Y14: =IF(AND(U14>=85,S14>=90),"Pass",IF(AND(U14>=80,S14>=85),"Conditional_Pass","Fail")) | Z14: =IF(U14>=85,"Overall ≥85% ✓","Overall <85% ✗") & ", " & IF(S14>=90,"CVSS ≥90% ✓","CVSS <90% ✗") | AA14: =IF(Y14="Pass","None",IF(Y14="Conditional_Pass","Review",IF(OR(V14="A",V14="B"),"Improve","Deprecate"))) | AH14: =IF(E14<>"",E14+90,"")
C15: =IFERROR(VLOOKUP(B15,Source_Inventory!$A$5:$P$104,2,FALSE),"[Not Found]") | L15: =IFERROR((J15/I15)*100,"") | P15: =IFERROR((N15/M15)*100,"") | S15: =IFERROR((Q15/M15)*100,"") | U15: =IFERROR(((J15+N15)/H15)*100,"") | X15: =IF(AND(V15<>"",W15<>""),CONCATENATE(V15,W15),"") | Y15: =IF(AND(U15>=85,S15>=90),"Pass",IF(AND(U15>=80,S15>=85),"Conditional_Pass","Fail")) | Z15: =IF(U15>=85,"Overall ≥85% ✓","Overall <85% ✗") & ", " & IF(S15>=90,"CVSS ≥90% ✓","CVSS <90% ✗") | AA15: =IF(Y15="Pass","None",IF(Y15="Conditional_Pass","Review",IF(OR(V15="A",V15="B"),"Improve","Deprecate"))) | AH15: =IF(E15<>"",E15+90,"")
C16: =IFERROR(VLOOKUP(B16,Source_Inventory!$A$5:$P$104,2,FALSE),"[Not Found]") | L16: =IFERROR((J16/I16)*100,"") | P16: =IFERROR((N16/M16)*100,"") | S16: =IFERROR((Q16/M16)*100,"") | U16: =IFERROR(((J16+N16)/H16)*100,"") | X16: =IF(AND(V16<>"",W16<>""),CONCATENATE(V16,W16),"") | Y16: =IF(AND(U16>=85,S16>=90),"Pass",IF(AND(U16>=80,S16>=85),"Conditional_Pass","Fail")) | Z16: =IF(U16>=85,"Overall ≥85% ✓","Overall <85% ✗") & ", " & IF(S16>=90,"CVSS ≥90% ✓","CVSS <90% ✗") | AA16: =IF(Y16="Pass","None",IF(Y16="Conditional_Pass","Review",IF(OR(V16="A",V16="B"),"Improve","Deprecate"))) | AH16: =IF(E16<>"",E16+90,"")
... C104: =IFERROR(VLOOKUP(B104,Source_Inventory!$A$5:$P$104,2,FALSE),"[Not Found]") | L104: =IFERROR((J104/I104)*100,"") | P104: =IFERROR((N104/M104)*100,"") | S104: =IFERROR((Q104/M104)*100,"") | U104: =IFERROR(((J104+N104)/H104)*100,"") | X104: =IF(AND(V104<>"",W104<>""),CONCATENATE(V104,W104),"") | Y104: =IF(AND(U104>=85,S104>=90),"Pass",IF(AND(U104>=80,S104>=85),"Conditional_Pass","Fail")) | Z104: =IF(U104>=85,"Overall ≥85% ✓","Overall <85% ✗") & ", " & IF(S104>=90,"CVSS ≥90% ✓","CVSS <90% ✗") | AA104: =IF(Y104="Pass","None",IF(Y104="Conditional_Pass","Review",IF(OR(V104="A",V104="B"),"Improve","Deprecate"))) | AH104: =IF(E104<>"",E104+90,"")

Sheet Business_Continuity_Plan
A1: Business Continuity Plan - Threat Intelligence Role Continuity (AUDIT CRITICAL)
A2: ANNUAL REQUIREMENT per ISMS-POL-A.5.7-S4 Section 4.4.6: All Critical roles must have trained backup personnel. Annual continuity testing required. 100% compliance for critical roles.
A4: Role_ID | B4: Role_Name | C4: Role_Description | D4: Role_Category | E4: Primary_Person_Name | F4: Primary_Person_Email | G4: Primary_Employment_Status | H4: Primary_Training_Complete | I4: Primary_Training_Date | J4: Primary_Cert_Valid_Until | K4: Backup_Person_Name | L4: Backup_Person_Email | M4: Backup_Employment_Status | N4: Backup_Training_Complete | O4: Backup_Training_Date | P4: Backup_Cert_Valid_Until | Q4: Backup_Ready_Percentage | R4: Critical_Sources_Count | S4: Critical_Sources_List | T4: Access_Documented | U4: Access_Documentation_Location | V4: Access_Documentation_Format | W4: Access_Last_Verified | X4: Access_Next_Verification | Y4: Last_Continuity_Test_Date | Z4: Last_Test_Duration | AA4: Last_Test_Scenario | AB4: Last_Test_Result | AC4: Last_Test_Issues | AD4: Last_Test_Evidence | AE4: Next_Test_Date | AF4: Compliance_Status | AG4: Non_Compliance_Reasons | AH4: Remediation_Required | AI4: Remediation_Action_ID | AJ4: Last_Review_Date | AK4: Next_Review_Date | AL4: Reviewer | AM4: Notes
X5: =IF(W5<>"",W5+180,"") | AE5: =IF(Y5<>"",Y5+365,"") | AF5: =IF(D5="Critical", IF(AND( G5="Active", H5="Yes", M5="Active", N5="Yes", Q5>=80, T5="Yes", OR(AB5="Pass",AB5="Partial_Pass"), Y5<>"", TODAY()-Y5<=365 ),"Compliant","Non_Compliant"), "N/A" ) | AG5: =IF(OR(AF5="Compliant",D5<>"Critical"),"N/A", CONCATENATE( IF(G5<>"Active","Primary not active; ",""), IF(H5<>"Yes","Primary training incomplete; ",""), IF(M5<>"Active","Backup not active; ",""), IF(N5<>"Yes","Backup training incomplete; ",""), IF(Q5<80,"Backup readiness <80%; ",""), IF(T5<>"Yes","Access not documented; ",""), IF(AB5="Fail","Last test failed; ",""), IF(Y5="","No test performed; ",IF(TODAY()-Y5>365,"Annual test overdue; ","")) ) ) | AK5: =IF(AJ5<>"",AJ5+180,"")
X6: =IF(W6<>"",W6+180,"") | AE6: =IF(Y6<>"",Y6+365,"") | AF6: =IF(D6="Critical", IF(AND( G6="Active", H6="Yes", M6="Active", N6="Yes", Q6>=80, T6="Yes", OR(AB6="Pass",AB6="Partial_Pass"), Y6<>"", TODAY()-Y6<=365 ),"Compliant","Non_Compliant"), "N/A" ) | AG6: =IF(OR(AF6="Compliant",D6<>"Critical"),"N/A", CONCATENATE( IF(G6<>"Active","Primary not active; ",""), IF(H6<>"Yes","Primary training incomplete; ",""), IF(M6<>"Active","Backup not active; ",""), IF(N6<>"Yes","Backup training incomplete; ",""), IF(Q6<80,"Backup readiness <80%; ",""), IF(T6<>"Yes","Access not documented; ",""), IF(AB6="Fail","Last test failed; ",""), IF(Y6="","No test performed; ",IF(TODAY()-Y6>365,"Annual test overdue; ","")) ) ) | AK6: =IF(AJ6<>"",AJ6+180,"")
X7: =IF(W7<>"",W7+180,"") | AE7: =IF(Y7<>"",Y7+365,"") | AF7: =IF(D7="Critical", IF(AND( G7="Active", H7="Yes", M7="Active", N7="Yes", Q7>=80, T7="Yes", OR(AB7="Pass",AB7="Partial_Pass"), Y7<>"", TODAY()-Y7<=365 ),"Compliant","Non_Compliant"), "N/A" ) | AG7: =IF(OR(AF7="Compliant",D7<>"Critical"),"N/A", CONCATENATE( IF(G7<>"Active","Primary not active; ",""), IF(H7<>"Yes","Primary training incomplete; ",""), IF(M7<>"Active","Backup not active; ",""), IF(N7<>"Yes","Backup training incomplete; ",""), IF(Q7<80,"Backup readiness <80%; ",""), IF(T7<>"Yes","Access not documented; ",""), IF(AB7="Fail","Last test failed; ",""), IF(Y7="","No test performed; ",IF(TODAY()-Y7>365,"Annual test overdue; ","")) ) ) | AK7: =IF(AJ7<>"",AJ7+180,"")
X8: =IF(W8<>"",W8+180,"") | AE8: =IF(Y8<>"",Y8+365,"") | AF8: =IF(D8="Critical", IF(AND( G8="Active", H8="Yes", M8="Active", N8="Yes", Q8>=80, T8="Yes", OR(AB8="Pass",AB8="Partial_Pass"), Y8<>"", TODAY()-Y8<=365 ),"Compliant","Non_Compliant"), "N/A" ) | AG8: =IF(OR(AF8="Compliant",D8<>"Critical"),"N/A", CONCATENATE( IF(G8<>"Active","Primary not active; ",""), IF(H8<>"Yes","Primary training incomplete; ",""), IF(M8<>"Active","Backup not active; ",""), IF(N8<>"Yes","Backup training incomplete; ",""), IF(Q8<80,"Backup readiness <80%; ",""), IF(T8<>"Yes","Access not documented; ",""), IF(AB8="Fail","Last test failed; ",""), IF(Y8="","No test performed; ",IF(TODAY()-Y8>365,"Annual test overdue; ","")) ) ) | AK8: =IF(AJ8<>"",AJ8+180,"")
X9: =IF(W9<>"",W9+180,"") | AE9: =IF(Y9<>"",Y9+365,"") | AF9: =IF(D9="Critical", IF(AND( G9="Active", H9="Yes", M9="Active", N9="Yes", Q9>=80, T9="Yes", OR(AB9="Pass",AB9="Partial_Pass"), Y9<>"", TODAY()-Y9<=365 ),"Compliant","Non_Compliant"), "N/A" ) | AG9: =IF(OR(AF9="Compliant",D9<>"Critical"),"N/A", CONCATENATE( IF(G9<>"Active","Primary not active; ",""), IF(H9<>"Yes","Primary training incomplete; ",""), IF(M9<>"Active","Backup not active; ",""), IF(N9<>"Yes","Backup training incomplete; ",""), IF(Q9<80,"Backup readiness <80%; ",""), IF(T9<>"Yes","Access not documented; ",""), IF(AB9="Fail","Last test failed; ",""), IF(Y9="","No test performed; ",IF(TODAY()-Y9>365,"Annual test overdue; ","")) ) ) | AK9: =IF(AJ9<>"",AJ9+180,"")
X10: =IF(W10<>"",W10+180,"") | AE10: =IF(Y10<>"",Y10+365,"") | AF10: =IF(D10="Critical", IF(AND( G10="Active", H10="Yes", M10="Active", N10="Yes", Q10>=80, T10="Yes", OR(AB10="Pass",AB10="Partial_Pass"), Y10<>"", TODAY()-Y10<=365 ),"Compliant","Non_Compliant"), "N/A" ) | AG10: =IF(OR(AF10="Compliant",D10<>"Critical"),"N/A", CONCATENATE( IF(G10<>"Active","Primary not active; ",""), IF(H10<>"Yes","Primary training incomplete; ",""), IF(M10<>"Active","Backup not active; ",""), IF(N10<>"Yes","Backup training incomplete; ",""), IF(Q10<80,"Backup readiness <80%; ",""), IF(T10<>"Yes","Access not documented; ",""), IF(AB10="Fail","Last test failed; ",""), IF(Y10="","No test performed; ",IF(TODAY()-Y10>365,"Annual test overdue; ","")) ) ) | AK10: =IF(AJ10<>"",AJ10+180,"")
X11: =IF(W11<>"",W11+180,"") | AE11: =IF(Y11<>"",Y11+365,"") | AF11: =IF(D11="Critical", IF(AND( G11="Active", H11="Yes", M11="Active", N11="Yes", Q11>=80, T11="Yes", OR(AB11="Pass",AB11="Partial_Pass"), Y11<>"", TODAY()-Y11<=365 ),"Compliant","Non_Compliant"), "N/A" ) | AG11: =IF(OR(AF11="Compliant",D11<>"Critical"),"N/A", CONCATENATE( IF(G11<>"Active","Primary not active; ",""), IF(H11<>"Yes","Primary training incomplete; ",""), IF(M11<>"Active","Backup not active; ",""), IF(N11<>"Yes","Backup training incomplete; ",""), IF(Q11<80,"Backup readiness <80%; ",""), IF(T11<>"Yes","Access not documented; ",""), IF(AB11="Fail","Last test failed; ",""), IF(Y11="","No test performed; ",IF(TODAY()-Y11>365,"Annual test overdue; ","")) ) ) | AK11: =IF(AJ11<>"",AJ11+180,"")
X12: =IF(W12<>"",W12+180,"") | AE12: =IF(Y12<>"",Y12+365,"") | AF12: =IF(D12="Critical", IF(AND( G12="Active", H12="Yes", M12="Active", N12="Yes", Q12>=80, T12="Yes", OR(AB12="Pass",AB12="Partial_Pass"), Y12<>"", TODAY()-Y12<=365 ),"Compliant","Non_Compliant"), "N/A" ) | AG12: =IF(OR(AF12="Compliant",D12<>"Critical"),"N/A", CONCATENATE( IF(G12<>"Active","Primary not active; ",""), IF(H12<>"Yes","Primary training incomplete; ",""), IF(M12<>"Active","Backup not active; ",""), IF(N12<>"Yes","Backup training incomplete; ",""), IF(Q12<80,"Backup readiness <80%; ",""), IF(T12<>"Yes","Access not documented; ",""), IF(AB12="Fail","Last test failed; ",""), IF(Y12="","No test performed; ",IF(TODAY()-Y12>365,"Annual test overdue; ","")) ) ) | AK12: =IF(AJ12<>"",AJ12+180,"")
X13: =IF(W13<>"",W13+180,"") | AE13: =IF(Y13<>"",Y13+365,"") | AF13: =IF(D13="Critical", IF(AND( G13="Active", H13="Yes", M13="Active", N13="Yes", Q13>=80, T13="Yes", OR(AB13="Pass",AB13="Partial_Pass"), Y13<>"", TODAY()-Y13<=365 ),"Compliant","Non_Compliant"), "N/A" ) | AG13: =IF(OR(AF13="Compliant",D13<>"Critical"),"N/A", CONCATENATE( IF(G13<>"Active","Primary not active; ",""), IF(H13<>"Yes","Primary training incomplete; ",""), IF(M13<>"Active","Backup not active; ",""), IF(N13<>"Yes","Backup training incomplete; ",""), IF(Q13<80,"Backup readiness <80%; ",""), IF(T13<>"Yes","Access not documented; ",""), IF(AB13="Fail","Last test failed; ",""), IF(Y13="","No test performed; ",IF(TODAY()-Y13>365,"Annual test overdue; ","")) ) ) | AK13: =IF(AJ13<>"",AJ13+180,"")
X14: =IF(W14<>"",W14+180,"") | AE14: =IF(Y14<>"",Y14+365,"") | AF14: =IF(D14="Critical", IF(AND( G14="Active", H14="Yes", M14="Active", N14="Yes", Q14>=80, T14="Yes", OR(AB14="Pass",AB14="Partial_Pass"), Y14<>"", TODAY()-Y14<=365 ),"Compliant","Non_Compliant"), "N/A" ) | AG14: =IF(OR(AF14="Compliant",D14<>"Critical"),"N/A", CONCATENATE( IF(G14<>"Active","Primary not active; ",""), IF(H14<>"Yes","Primary training incomplete; ",""), IF(M14<>"Active","Backup not active; ",""), IF(N14<>"Yes","Backup training incomplete; ",""), IF(Q14<80,"Backup readiness <80%; ",""), IF(T14<>"Yes","Access not documented; ",""), IF(AB14="Fail","Last test failed; ",""), IF(Y14="","No test performed; ",IF(TODAY()-Y14>365,"Annual test overdue; ","")) ) ) | AK14: =IF(AJ14<>"",AJ14+180,"")
X15: =IF(W15<>"",W15+180,"") | AE15: =IF(Y15<>"",Y15+365,"") | AF15: =IF(D15="Critical", IF(AND( G15="Active", H15="Yes", M15="Active", N15="Yes", Q15>=80, T15="Yes", OR(AB15="Pass",AB15="Partial_Pass"), Y15<>"", TODAY()-Y15<=365 ),"Compliant","Non_Compliant"), "N/A" ) | AG15: =IF(OR(AF15="Compliant",D15<>"Critical"),"N/A", CONCATENATE( IF(G15<>"Active","Primary not active; ",""), IF(H15<>"Yes","Primary training incomplete; ",""), IF(M15<>"Active","Backup not active; ",""), IF(N15<>"Yes","Backup training incomplete; ",""), IF(Q15<80,"Backup readiness <80%; ",""), IF(T15<>"Yes","Access not documented; ",""), IF(AB15="Fail","Last test failed; ",""), IF(Y15="","No test performed; ",IF(TODAY()-Y15>365,"Annual test overdue; ","")) ) ) | AK15: =IF(AJ15<>"",AJ15+180,"")
X16: =IF(W16<>"",W16+180,"") | AE16: =IF(Y16<>"",Y16+365,"") | AF16: =IF(D16="Critical", IF(AND( G16="Active", H16="Yes", M16="Active", N16="Yes", Q16>=80, T16="Yes", OR(AB16="Pass",AB16="Partial_Pass"), Y16<>"", TODAY()-Y16<=365 ),"Compliant","Non_Compliant"), "N/A" ) | AG16: =IF(OR(AF16="Compliant",D16<>"Critical"),"N/A", CONCATENATE( IF(G16<>"Active","Primary not active; ",""), IF(H16<>"Yes","Primary training incomplete; ",""), IF(M16<>"Active","Backup not active; ",""), IF(N16<>"Yes","Backup training incomplete; ",""), IF(Q16<80,"Backup readiness <80%; ",""), IF(T16<>"Yes","Access not documented; ",""), IF(AB16="Fail","Last test failed; ",""), IF(Y16="","No test performed; ",IF(TODAY()-Y16>365,"Annual test overdue; ","")) ) ) | AK16: =IF(AJ16<>"",AJ16+180,"")
... X54: =IF(W54<>"",W54+180,"") | AE54: =IF(Y54<>"",Y54+365,"") | AF54: =IF(D54="Critical", IF(AND( G54="Active", H54="Yes", M54="Active", N54="Yes", Q54>=80, T54="Yes", OR(AB54="Pass",AB54="Partial_Pass"), Y54<>"", TODAY()-Y54<=365 ),"Compliant","Non_Compliant"), "N/A" ) | AG54: =IF(OR(AF54="Compliant",D54<>"Critical"),"N/A", CONCATENATE( IF(G54<>"Active","Primary not active; ",""), IF(H54<>"Yes","Primary training incomplete; ",""), IF(M54<>"Active","Backup not active; ",""), IF(N54<>"Yes","Backup training incomplete; ",""), IF(Q54<80,"Backup readiness <80%; ",""), IF(T54<>"Yes","Access not documented; ",""), IF(AB54="Fail","Last test failed; ",""), IF(Y54="","No test performed; ",IF(TODAY()-Y54>365,"Annual test overdue; ","")) ) ) | AK54: =IF(AJ54<>"",AJ54+180,"")
