Workbook

Sheet Instructions & Legend
A1: ISMS-IMP-A.5.3.3 - Role Function Mapping ISO/IEC 27001:2022 - Control A.5.3: Segregation of Duties
A3: Document Information
A4: Document ID | B4: ISMS-IMP-A.5.3.3
A5: Workbook Title | B5: Role Function Mapping
A6: Control Reference | B6: ISO/IEC 27001:2022 - Control A.5.3: Segregation of Duties
A7: Version | B7: 1.0
A8: Assessment Date
A9: Completed By
A10: Organisation
A12: Instructions
A13: 1. Complete Business Roles — document all business roles with function descriptions.
A14: 2. Complete Application Roles — map technical access roles to business roles.
A15: 3. Document Functions — list all sensitive functions requiring segregation.
A16: 4. Complete Permissions — map roles to specific system permissions.
A17: 5. Build Role Function Map — cross-reference roles against all sensitive functions.
A18: 6. Review Function Conflicts — identify functions that must not coexist in one role.
A19: 7. Track Validation Status — confirm all mappings are reviewed and approved.
A20: 8. Log changes in Change Log with date, reason, and approver.
... A23: Status Legend
A24: Symbol | B24: Status | C24: Description
A25: ✓ | B25: Compliant / Complete | C25: Requirement fully met
A26: ⚠ | B26: Partial / In Progress | C26: Partially met or in progress
A27: ✗ | B27: Non-Compliant / Not Started | C27: Requirement not met
A28: — | B28: Not Applicable | C28: Not applicable to this assessment

Sheet Business Roles
A1: BUSINESS ROLES
A2: ISO 27001:2022 | A.5.3 | Business role definitions with SoD sensitivity classification
A3: Business Role ID | B3: Role Name | C3: Department | D3: Process Domain | E3: Role Owner | F3: Description | G3: Risk Level | H3: Last Reviewed
A4: BROLE-FIN-001 | B4: Accounts Payable Manager | C4: Finance | D4: Financial | E4: CFO | F4: Manages AP team and payment approvals | G4: High | H4: 01.01.2026

Sheet Application Roles
A1: APPLICATION ROLES
A2: ISO 27001:2022 | A.5.3 | Application role assignments mapped to business roles
A3: App Role ID | B3: Application | C3: Role Name | D3: Role Type | E3: Description | F3: Business Roles | G3: Criticality | H3: Review Frequency
A4: AROLE-SAP-FI-001 | B4: SAP ERP | C4: FI-AP-Manager | D4: Composite | E4: Full AP processing and approval | F4: BROLE-FIN-001 | G4: High | H4: Quarterly

Sheet Functions
A1: FUNCTIONS
A2: ISO 27001:2022 | A.5.3 | Sensitive function catalogue with SoD sensitivity indicators
A3: Function ID | B3: Function Name | C3: Category | D3: Application | E3: Process | F3: Description | G3: Risk Level | H3: SoD Sensitive
A4: FUNC-FIN-001 | B4: Create Vendor | C4: Create | D4: SAP ERP | E4: Accounts Payable | F4: Create new vendor master record | G4: High | H4: Yes

Sheet Permissions
A1: PERMISSIONS
A2: ISO 27001:2022 | A.5.3 | Technical permission details mapped to sensitive functions
A3: Permission ID | B3: Function ID | C3: Application | D3: Permission Name | E3: Permission Type | F3: Description | G3: Data Scope | H3: Special Conditions
A4: PERM-SAP-001 | B4: FUNC-FIN-001 | C4: SAP ERP | D4: T-Code FK01 | E4: Transaction | F4: Create vendor master | G4: Company Code 1000

Sheet Role Function Map
A1: ROLE FUNCTION MAP
A2: ISO 27001:2022 | A.5.3 | Role-to-function relationships for SoD conflict detection
A3: Mapping ID | B3: Business Role ID | C3: App Role ID | D3: Function ID | E3: Grant Type | F3: Justification | G3: Effective Date | H3: Expiry Date
A4: MAP-001 | B4: BROLE-FIN-001 | C4: AROLE-SAP-FI-001 | D4: FUNC-FIN-001 | E4: Direct | F4: Core AP manager duty | G4: 01.01.2026

Sheet Function Conflicts
A1: FUNCTION CONFLICTS
A2: ISO 27001:2022 | A.5.3 | Function-level conflict definitions for RBAC analysis
A3: Conflict ID | B3: Function A | C3: Function B | D3: Conflict Type | E3: Risk Level | F3: Justification | G3: Mitigation
A4: FCON-001 | B4: FUNC-FIN-001 | C4: FUNC-FIN-002 | D4: X | E4: Critical | F4: Create vendor + approve payment = fictitious vendor fraud | G4: Must be separate individuals

Sheet Validation Status
A1: VALIDATION STATUS
A2: ISO 27001:2022 | A.5.3 | RBAC validation tracking and discrepancy resolution
A3: Validation ID | B3: Role ID | C3: Validation Date | D3: Validator | E3: Documented Functions | F3: Actual Functions | G3: Discrepancies | H3: Status | I3: Resolution
A4: VAL-001 | B4: AROLE-SAP-FI-001 | C4: 01.01.2026 | D4: Risk Officer | E4: 5 | F4: 5 | G4: =ABS(E4-F4) | H4: Validated | I4: No discrepancies found
G5: =ABS(E5-F5)
G6: =ABS(E6-F6)
G7: =ABS(E7-F7)
G8: =ABS(E8-F8)
G9: =ABS(E9-F9)
G10: =ABS(E10-F10)
G11: =ABS(E11-F11)
G12: =ABS(E12-F12)
G13: =ABS(E13-F13)
G14: =ABS(E14-F14)
G15: =ABS(E15-F15)
G16: =ABS(E16-F16)
... G54: =ABS(E54-F54)

Sheet Change Log
A1: CHANGE LOG
A2: ISO 27001:2022 | A.5.3 | Permission change history for SoD audit trail
A3: Change ID | B3: Change Date | C3: Role ID | D3: Change Type | E3: Description | F3: Requested By | G3: Approved By | H3: Ticket Reference
A4: CHG-001 | B4: 01.01.2026 | C4: BROLE-FIN-001 | D4: Permission Added | E4: Added AP approval access for finance team | F4: Finance Director | G4: CISO | H4: JIRA-2026-001

Sheet Summary Dashboard
A1: ROLE-FUNCTION MAPPING — SUMMARY DASHBOARD
A2: ISO/IEC 27001:2022 — Control A.5.3: Segregation of Duties | Role-Function Mapping
A4: TABLE 1: ASSESSMENT AREA COMPLIANCE OVERVIEW
A5: Assessment Area | B5: Total Items | C5: Compliant | D5: Partial | E5: Non-Compliant | F5: N/A | G5: Compliance %
A6: Role-Function Validations | B6: =COUNTA('Validation Status'!A5:A54) | C6: =COUNTIF('Validation Status'!H5:H54,"Validated")+COUNTIF('Validation Status'!H5:H54,"Remediated") | D6: =COUNTIF('Validation Status'!H5:H54,"Deferred") | E6: =COUNTIF('Validation Status'!H5:H54,"Requires Investigation") | F6: 0 | G6: =IF((B6-F6)=0,0,C6/(B6-F6))
A7: Function Conflicts by Type | B7: =COUNTA('Function Conflicts'!A5:A54) | C7: =COUNTIF('Function Conflicts'!D5:D54,"M") | D7: =COUNTIF('Function Conflicts'!D5:D54,"C") | E7: =COUNTIF('Function Conflicts'!D5:D54,"X") | F7: 0 | G7: =IF((B7-F7)=0,0,C7/(B7-F7))
A8: TOTAL | B8: =SUM(B6:B7) | C8: =SUM(C6:C7) | D8: =SUM(D6:D7) | E8: =SUM(E6:E7) | F8: =SUM(F6:F7) | G8: =IF((B8-F8)=0,0,C8/(B8-F8))
A10: TABLE 2: KEY METRICS
A11: Metric | B11: Value
A12: SoD-sensitive functions catalogued | B12: =COUNTIF('Functions'!H5:H54,"Yes")
A13: Critical risk functions | B13: =COUNTIF('Functions'!G5:G54,"Critical")
A14: Hard function conflicts (X-type) | B14: =COUNTIF('Function Conflicts'!D5:D54,"X")
A15: Critical hard function conflicts (X-type + Critical) | B15: =COUNTIFS('Function Conflicts'!D5:D54,"X",'Function Conflicts'!E5:E54,"Critical")
A16: Emergency grant type assignments | B16: =COUNTIF('Role Function Map'!E5:E54,"Emergency")
A17: Roles requiring investigation | B17: =COUNTIF('Validation Status'!H5:H54,"Requires Investigation")
A18: Composite application roles (higher SoD risk) | B18: =COUNTIF('Application Roles'!D5:D54,"Composite")
A19: Permission changes in audit log | B19: =COUNTA('Change Log'!A5:A54)
A20: Permission additions in audit log | B20: =COUNTIF('Change Log'!D5:D54,"Permission Added")
A22: TABLE 3: CRITICAL FINDINGS REQUIRING IMMEDIATE ATTENTION
A23: Finding | B23: Count | C23: Action Required
A24: Critical hard function conflicts (X-type, Critical risk) | B24: =COUNTIFS('Function Conflicts'!D5:D54,"X",'Function Conflicts'!E5:E54,"Critical") | C24: Highest priority — view 'Function Conflicts' (filter: Conflict_Type=X, Risk_Level=Critical)
A25: Roles requiring investigation (RBAC discrepancies) | B25: =COUNTIF('Validation Status'!H5:H54,"Requires Investigation") | C25: Investigate discrepancies — view 'Validation Status' (filter: Status=Requires Investigation)
A26: Emergency grant type assignments | B26: =COUNTIF('Role Function Map'!E5:E54,"Emergency") | C26: Review emergency access — view 'Role Function Map' (filter: Grant_Type=Emergency)
A28: FINAL DECISION:
A31: NEXT REVIEW DETAILS
A32: Next Review Date:
A33: Review Responsible:
A34: Special Considerations:

Sheet Approval Sign-Off
A1: ASSESSMENT APPROVAL AND SIGN-OFF
A2: ISO/IEC 27001:2022 - Control A.5.3: Segregation of Duties
A3: ASSESSMENT SUMMARY
A4: Document: | B4: ISMS-IMP-A.5.3.3 - Role Function Mapping
A5: Assessment Period:
A6: Overall Compliance Rating: | B6: =IFERROR(AVERAGE('Summary Dashboard'!G6:G7),"")
A7: Assessment Status:
A8: Assessed By:
A11: COMPLETED BY (ASSESSOR)
A12: Name:
A13: Title:
A14: Date:
A15: Signature:
A16: Comments:
A18: REVIEWED BY (INFORMATION SECURITY OFFICER)
A19: Name:
A20: Title:
A21: Date:
... A38: Special Considerations:
