Workbook

Sheet Instructions & Legend
A1: ISMS-IMP-A.5.3.1 - SoD Matrix Assessment ISO/IEC 27001:2022 - Control A.5.3: Segregation of Duties
A3: Document Information
A4: Document ID | B4: ISMS-IMP-A.5.3.1
A5: Workbook Title | B5: SoD Matrix Assessment
A6: Control Reference | B6: ISO/IEC 27001:2022 - Control A.5.3: Segregation of Duties
A7: Version | B7: 1.0
A8: Assessment Date
A9: Completed By
A10: Organisation
A12: Instructions
A13: 1. Complete Role Inventory — list all roles that handle sensitive functions or assets.
A14: 2. Build the Conflict Matrix — identify pairs of roles with conflicting duties.
A15: 3. Complete Current Assignments — map actual personnel to conflicting role pairs.
A16: 4. Review Gap Analysis — identify assignments that violate segregation requirements.
A17: 5. Document exceptions in Exception Register with compensating control justification.
A18: 6. Track remediation in Remediation Tracker with owners and target dates.
A19: 7. Maintain the Evidence Register with supporting documentation for all findings.
A20: 8. Obtain final approval and sign-off in the Approval Sign-Off sheet.
A22: Status Legend
A23: Symbol | B23: Status | C23: Description
A24: ✓ | B24: Compliant / Complete | C24: Requirement fully met
A25: ⚠ | B25: Partial / In Progress | C25: Partially met or in progress
A26: ✗ | B26: Non-Compliant / Not Started | C26: Requirement not met
A27: — | B27: Not Applicable | C27: Not applicable to this assessment

Sheet Role Inventory
A1: ROLE INVENTORY
A2: ISO 27001:2022 | A.5.3 | Inventory of all roles subject to segregation of duties controls
A3: Role ID | B3: Role Name | C3: Department | D3: Process Domain | E3: Risk Level | F3: Description | G3: Key Duties | H3: System Access | I3: Active
A4: ROLE-FIN-001 | B4: AP Clerk | C4: Finance | D4: Financial | E4: Medium | F4: Processes vendor invoices | G4: Invoice entry, payment prep | H4: SAP, Treasury | I4: Yes

Sheet Conflict Matrix
A1: CONFLICT MATRIX
A2: Role \ Role | B2: ROLE-FIN-001 | C2: ROLE-FIN-002 | D2: ROLE-FIN-003 | E2: ROLE-IT-001 | F2: ROLE-IT-002
A3: ROLE-FIN-001 | B3: - | C3: - | D3: X | E3: - | F3: -
A4: ROLE-FIN-002 | B4: - | C4: - | D4: X | E4: - | F4: -
A5: ROLE-FIN-003 | B5: X | C5: X | D5: - | E5: - | F5: -
A6: ROLE-IT-001 | B6: - | C6: - | D6: - | E6: - | F6: X
A7: ROLE-IT-002 | B7: - | C7: - | D7: - | E7: X | F7: -
A11: LEGEND:
A12: X = Hard Conflict (never combine)
A13: C = Conditional (compensating controls)
A14: M = Monitoring Required
A15: - = No Conflict

Sheet Current Assignments
A1: CURRENT ASSIGNMENTS
A2: ISO 27001:2022 | A.5.3 | Current role assignments by personnel for SoD conflict analysis
A3: Person ID | B3: Name | C3: Department | D3: Primary Role | E3: Additional Roles | F3: Assignment Date | G3: Last Review | H3: Manager | I3: Notes
A4: PERSON-001 | B4: Jane Smith | C4: Finance | D4: AP Clerk | E4: ROLE-FIN-002 | F4: 01.01.2026 | G4: 01.01.2026 | H4: J. Manager | I4: Primary AP role

Sheet Gap Analysis
A1: GAP ANALYSIS
A2: ISO 27001:2022 | A.5.3 | Identified SoD conflicts requiring remediation or formal exception
A3: Gap ID | B3: Person ID | C3: Name | D3: Conflicting Roles | E3: Conflict Type | F3: Risk Level | G3: Identified Date | H3: Status | I3: Notes
A4: GAP-001 | B4: PERSON-001 | C4: Jane Smith | D4: ROLE-FIN-001, ROLE-FIN-003 | E4: X | F4: High | G4: 01.01.2026 | H4: Open | I4: Conflicts with treasury access

Sheet Remediation Tracker
A1: REMEDIATION TRACKER
A2: ISO 27001:2022 | A.5.3 | Progress tracking for SoD conflict remediation actions
A3: Remediation ID | B3: Gap ID | C3: Action Type | D3: Description | E3: Owner | F3: Target Date | G3: Status | H3: Completion Date | I3: Evidence Ref
A4: REM-001 | B4: GAP-001 | C4: Role Removal | D4: Remove treasury role from Jane Smith | E4: IT Manager | F4: 28.02.2026 | G4: In Progress | I4: JIRA-001

Sheet Exception Register
A1: EXCEPTION REGISTER
A2: ISO 27001:2022 | A.5.3 | Approved exceptions to segregation of duties requirements
A3: Exception ID | B3: Gap ID | C3: Justification | D3: Compensating Controls | E3: Risk Acceptance | F3: Approval Date | G3: Expiry Date | H3: Review Frequency | I3: Last Review | J3: Status
A4: EXC-001 | B4: GAP-001 | C4: Business critical — single qualified staff | D4: Monthly reconciliation by Internal Audit | E4: Low — mitigated by audit controls | F4: 01.01.2026 | G4: 31.12.2026 | H4: Quarterly | I4: 01.01.2026 | J4: Active

Sheet Summary Dashboard
A1: SOD MATRIX ASSESSMENT — SUMMARY DASHBOARD
A2: ISO/IEC 27001:2022 — Control A.5.3: Segregation of Duties | SoD Matrix Assessment
A4: TABLE 1: ASSESSMENT AREA COMPLIANCE OVERVIEW
A5: Assessment Area | B5: Total Items | C5: Compliant | D5: Partial | E5: Non-Compliant | F5: N/A | G5: Compliance %
A6: SoD Gaps | B6: =COUNTA('Gap Analysis'!A5:A54) | C6: =COUNTIF('Gap Analysis'!H5:H54,"Resolved")+COUNTIF('Gap Analysis'!H5:H54,"Accepted") | D6: =COUNTIF('Gap Analysis'!H5:H54,"Mitigated") | E6: =COUNTIF('Gap Analysis'!H5:H54,"Open") | F6: 0 | G6: =IF((B6-F6)=0,0,C6/(B6-F6))
A7: Remediation Actions | B7: =COUNTA('Remediation Tracker'!A5:A54) | C7: =COUNTIF('Remediation Tracker'!G5:G54,"Completed") | D7: =COUNTIF('Remediation Tracker'!G5:G54,"In Progress") | E7: =COUNTIF('Remediation Tracker'!G5:G54,"Not Started")+COUNTIF('Remediation Tracker'!G5:G54,"Cancelled") | F7: 0 | G7: =IF((B7-F7)=0,0,C7/(B7-F7))
A8: Exceptions | B8: =COUNTA('Exception Register'!A5:A54) | C8: =COUNTIF('Exception Register'!J5:J54,"Active") | D8: =COUNTIF('Exception Register'!J5:J54,"Revoked") | E8: =COUNTIF('Exception Register'!J5:J54,"Expired") | F8: 0 | G8: =IF((B8-F8)=0,0,C8/(B8-F8))
A9: TOTAL | B9: =SUM(B6:B8) | C9: =SUM(C6:C8) | D9: =SUM(D6:D8) | E9: =SUM(E6:E8) | F9: =SUM(F6:F8) | G9: =IF((B9-F9)=0,0,C9/(B9-F9))
A11: TABLE 2: KEY METRICS
A12: Metric | B12: Value
A13: Hard conflicts (X-type) identified | B13: =COUNTIF('Gap Analysis'!E5:E54,"X")
A14: Open hard conflicts requiring action | B14: =COUNTIFS('Gap Analysis'!E5:E54,"X",'Gap Analysis'!H5:H54,"Open")
A15: Critical risk gaps | B15: =COUNTIF('Gap Analysis'!F5:F54,"Critical")
A16: High risk gaps | B16: =COUNTIF('Gap Analysis'!F5:F54,"High")
A17: Conditional conflicts (C-type) requiring controls | B17: =COUNTIF('Gap Analysis'!E5:E54,"C")
A18: Remediations not yet started | B18: =COUNTIF('Remediation Tracker'!G5:G54,"Not Started")
A19: Remediations in progress | B19: =COUNTIF('Remediation Tracker'!G5:G54,"In Progress")
A20: Expired exceptions requiring renewal | B20: =COUNTIF('Exception Register'!J5:J54,"Expired")
A21: Critical risk roles in inventory | B21: =COUNTIF('Role Inventory'!E5:E54,"Critical")
A22: Total roles in scope | B22: =COUNTA('Role Inventory'!A5:A54)
A23: Total persons reviewed | B23: =COUNTA('Current Assignments'!A5:A54)
A25: TABLE 3: CRITICAL FINDINGS REQUIRING IMMEDIATE ATTENTION
A26: Finding | B26: Count | C26: Action Required
A27: Open hard conflicts (X-type, Status=Open) | B27: =COUNTIFS('Gap Analysis'!E5:E54,"X",'Gap Analysis'!H5:H54,"Open") | C27: Immediate escalation required — view 'Gap Analysis' (filter: Conflict_Type=X, Status=Open)
A28: Expired exceptions with no renewal | B28: =COUNTIF('Exception Register'!J5:J54,"Expired") | C28: Renew or remove — view 'Exception Register' (filter: Status=Expired)
A29: Critical risk gaps still open | B29: =COUNTIFS('Gap Analysis'!F5:F54,"Critical",'Gap Analysis'!H5:H54,"Open") | C29: Risk acceptance required — view 'Gap Analysis' (filter: Risk_Level=Critical, Status=Open)
A31: FINAL DECISION:
A34: NEXT REVIEW DETAILS
A35: Next Review Date:
A36: Review Responsible:
A37: Special Considerations:

Sheet Approval Sign-Off
A1: ASSESSMENT APPROVAL AND SIGN-OFF
A2: ISO/IEC 27001:2022 - Control A.5.3: Segregation of Duties
A3: ASSESSMENT SUMMARY
A4: Document: | B4: ISMS-IMP-A.5.3.1 - SoD Matrix Assessment
A5: Assessment Period:
A6: Overall Compliance Rating: | B6: =IFERROR(AVERAGE('Summary Dashboard'!G6:G8),"")
A7: Assessment Status:
A8: Assessed By:
A11: COMPLETED BY (ASSESSOR)
A12: Name:
A13: Title:
A14: Date:
A15: Signature:
A16: Comments:
A18: REVIEWED BY (INFORMATION SECURITY OFFICER)
A19: Name:
A20: Title:
A21: Date:
... A38: Special Considerations:
