Workbook

Sheet Instructions & Legend
A1: ISMS-IMP-A.5.3.2 - Conflict Analysis ISO/IEC 27001:2022 - Control A.5.3: Segregation of Duties
A3: Document Information
A4: Document ID | B4: ISMS-IMP-A.5.3.2
A5: Workbook Title | B5: Conflict Analysis
A6: Control Reference | B6: ISO/IEC 27001:2022 - Control A.5.3: Segregation of Duties
A7: Version | B7: 1.0
A8: Assessment Date
A9: Completed By
A10: Organisation
A12: Instructions
A13: 1. Log all identified duty conflicts in the Conflict Register with severity ratings.
A14: 2. Complete Impact Assessment — assess the business risk of each conflict.
A15: 3. Document Exploitation Scenarios — describe how each conflict could be abused.
A16: 4. Complete Control Mapping — identify existing controls that mitigate each conflict.
A17: 5. Review Trend Analysis — identify patterns in recurring or unresolved conflicts.
A18: 6. Prioritise remediation using the Prioritisation Matrix (severity × likelihood).
A19: 7. Maintain the Evidence Register with audit documentation.
A20: 8. Obtain final approval and sign-off in the Approval Sign-Off sheet.
A22: Status Legend
A23: Symbol | B23: Status | C23: Description
A24: ✓ | B24: Compliant / Complete | C24: Requirement fully met
A25: ⚠ | B25: Partial / In Progress | C25: Partially met or in progress
A26: ✗ | B26: Non-Compliant / Not Started | C26: Requirement not met
A27: — | B27: Not Applicable | C27: Not applicable to this assessment

Sheet Conflict Register
A1: CONFLICT REGISTER
A2: ISO 27001:2022 | A.5.3 | Catalogue of identified SoD conflicts with severity and status
A3: Conflict ID | B3: Gap ID | C3: Conflict Category | D3: Role A | E3: Role B | F3: Process | G3: Conflict Type | H3: Persons Affected | I3: Analysis Status
A4: CON-2026-001 | B4: GAP-2026-001 | C4: Maker-Checker | D4: AP Clerk | E4: Treasurer | F4: Accounts Payable | G4: X | H4: 2 | I4: Complete

Sheet Impact Assessment
A1: IMPACT ASSESSMENT
A2: ISO 27001:2022 | A.5.3 | Detailed impact scoring for identified SoD conflicts
A3: Conflict ID | B3: Financial Impact | C3: Operational Impact | D3: Reputational Impact | E3: Compliance Impact | F3: Data Impact | G3: Overall Impact | H3: Justification | I3: Assessor | J3: Assessment Date
A4: CON-2026-001 | B4: 4 | C4: 3 | D4: 3 | E4: 4 | F4: 3 | G4: =MAX(B4:F4) | H4: Fictitious vendor and payment fraud risk | I4: Risk Officer | J4: 01.01.2026
G5: =MAX(B5:F5)
G6: =MAX(B6:F6)
G7: =MAX(B7:F7)
G8: =MAX(B8:F8)
G9: =MAX(B9:F9)
G10: =MAX(B10:F10)
G11: =MAX(B11:F11)
G12: =MAX(B12:F12)
G13: =MAX(B13:F13)
G14: =MAX(B14:F14)
G15: =MAX(B15:F15)
G16: =MAX(B16:F16)
... G54: =MAX(B54:F54)

Sheet Exploitation Scenarios
A1: EXPLOITATION SCENARIOS
A2: ISO 27001:2022 | A.5.3 | Potential exploitation paths for identified SoD conflicts
A3: Scenario ID | B3: Conflict ID | C3: Scenario Name | D3: Threat Actor | E3: Motivation | F3: Method | G3: Detection Difficulty | H3: Historical Precedent | I3: Reference
A4: SCN-2026-001 | B4: CON-2026-001 | C4: Fictitious Vendor Fraud | D4: Insider-Malicious | E4: Financial gain | F4: Create fake vendor, submit invoices, approve own payments | G4: High | H4: Yes

Sheet Control Mapping
A1: CONTROL MAPPING
A2: ISO 27001:2022 | A.5.3 | Compensating controls mapped to identified conflicts
A3: Mapping ID | B3: Conflict ID | C3: Control ID | D3: Control Name | E3: Control Type | F3: Effectiveness | G3: Implementation Status | H3: Gap Notes
A4: CMAP-001 | B4: CON-2026-001 | C4: CTRL-FIN-001 | D4: Dual Authorisation | E4: Preventive | F4: High | G4: Implemented

Sheet Trend Analysis
A1: TREND ANALYSIS
A2: ISO 27001:2022 | A.5.3 | Historical conflict trend analysis by period
A3: Period | B3: Total Conflicts | C3: Critical Conflicts | D3: High Conflicts | E3: Resolved Count | F3: New Conflicts | G3: Resolution Rate | H3: Trend Notes
A4: 2025-Q1 | B4: 2 | C4: 1 | D4: 1 | E4: 0 | F4: 2 | G4: =IF(B4>0,E4/B4*100,0) | H4: Initial baseline period
G5: =IF(B5>0,E5/B5*100,0)
G6: =IF(B6>0,E6/B6*100,0)
G7: =IF(B7>0,E7/B7*100,0)
G8: =IF(B8>0,E8/B8*100,0)
G9: =IF(B9>0,E9/B9*100,0)
G10: =IF(B10>0,E10/B10*100,0)
G11: =IF(B11>0,E11/B11*100,0)
G12: =IF(B12>0,E12/B12*100,0)
G13: =IF(B13>0,E13/B13*100,0)
G14: =IF(B14>0,E14/B14*100,0)
G15: =IF(B15>0,E15/B15*100,0)
G16: =IF(B16>0,E16/B16*100,0)
... G54: =IF(B54>0,E54/B54*100,0)

Sheet Prioritisation Matrix
A1: PRIORITISATION MATRIX
A2: ISO 27001:2022 | A.5.3 | Risk-based conflict prioritisation for remediation planning
A3: Conflict ID | B3: Impact Score | C3: Likelihood Score | D3: Control Effectiveness | E3: Priority Score | F3: Priority Level | G3: Action Timeline | H3: Assigned To
A4: CON-2026-001 | B4: 4 | C4: 4 | D4: 0.3 | E4: =IF(AND(B4<>"",C4<>""),B4*C4*(1-D4),"") | F4: =IF(E4="","",IF(E4>=15,"Critical",IF(E4>=10,"High",IF(E4>=5,"Medium","Low")))) | G4: =IF(F4="","",IF(F4="Critical","Immediate (<7 days)",IF(F4="High","Short-term (<30 days)",IF(F4="Medium","Medium-term (<90 days)","Long-term (<180 days)")))) | H4: Risk Owner
E5: =IF(AND(B5<>"",C5<>""),B5*C5*(1-D5),"") | F5: =IF(E5="","",IF(E5>=15,"Critical",IF(E5>=10,"High",IF(E5>=5,"Medium","Low")))) | G5: =IF(F5="","",IF(F5="Critical","Immediate (<7 days)",IF(F5="High","Short-term (<30 days)",IF(F5="Medium","Medium-term (<90 days)","Long-term (<180 days)"))))
E6: =IF(AND(B6<>"",C6<>""),B6*C6*(1-D6),"") | F6: =IF(E6="","",IF(E6>=15,"Critical",IF(E6>=10,"High",IF(E6>=5,"Medium","Low")))) | G6: =IF(F6="","",IF(F6="Critical","Immediate (<7 days)",IF(F6="High","Short-term (<30 days)",IF(F6="Medium","Medium-term (<90 days)","Long-term (<180 days)"))))
E7: =IF(AND(B7<>"",C7<>""),B7*C7*(1-D7),"") | F7: =IF(E7="","",IF(E7>=15,"Critical",IF(E7>=10,"High",IF(E7>=5,"Medium","Low")))) | G7: =IF(F7="","",IF(F7="Critical","Immediate (<7 days)",IF(F7="High","Short-term (<30 days)",IF(F7="Medium","Medium-term (<90 days)","Long-term (<180 days)"))))
E8: =IF(AND(B8<>"",C8<>""),B8*C8*(1-D8),"") | F8: =IF(E8="","",IF(E8>=15,"Critical",IF(E8>=10,"High",IF(E8>=5,"Medium","Low")))) | G8: =IF(F8="","",IF(F8="Critical","Immediate (<7 days)",IF(F8="High","Short-term (<30 days)",IF(F8="Medium","Medium-term (<90 days)","Long-term (<180 days)"))))
E9: =IF(AND(B9<>"",C9<>""),B9*C9*(1-D9),"") | F9: =IF(E9="","",IF(E9>=15,"Critical",IF(E9>=10,"High",IF(E9>=5,"Medium","Low")))) | G9: =IF(F9="","",IF(F9="Critical","Immediate (<7 days)",IF(F9="High","Short-term (<30 days)",IF(F9="Medium","Medium-term (<90 days)","Long-term (<180 days)"))))
E10: =IF(AND(B10<>"",C10<>""),B10*C10*(1-D10),"") | F10: =IF(E10="","",IF(E10>=15,"Critical",IF(E10>=10,"High",IF(E10>=5,"Medium","Low")))) | G10: =IF(F10="","",IF(F10="Critical","Immediate (<7 days)",IF(F10="High","Short-term (<30 days)",IF(F10="Medium","Medium-term (<90 days)","Long-term (<180 days)"))))
E11: =IF(AND(B11<>"",C11<>""),B11*C11*(1-D11),"") | F11: =IF(E11="","",IF(E11>=15,"Critical",IF(E11>=10,"High",IF(E11>=5,"Medium","Low")))) | G11: =IF(F11="","",IF(F11="Critical","Immediate (<7 days)",IF(F11="High","Short-term (<30 days)",IF(F11="Medium","Medium-term (<90 days)","Long-term (<180 days)"))))
E12: =IF(AND(B12<>"",C12<>""),B12*C12*(1-D12),"") | F12: =IF(E12="","",IF(E12>=15,"Critical",IF(E12>=10,"High",IF(E12>=5,"Medium","Low")))) | G12: =IF(F12="","",IF(F12="Critical","Immediate (<7 days)",IF(F12="High","Short-term (<30 days)",IF(F12="Medium","Medium-term (<90 days)","Long-term (<180 days)"))))
E13: =IF(AND(B13<>"",C13<>""),B13*C13*(1-D13),"") | F13: =IF(E13="","",IF(E13>=15,"Critical",IF(E13>=10,"High",IF(E13>=5,"Medium","Low")))) | G13: =IF(F13="","",IF(F13="Critical","Immediate (<7 days)",IF(F13="High","Short-term (<30 days)",IF(F13="Medium","Medium-term (<90 days)","Long-term (<180 days)"))))
E14: =IF(AND(B14<>"",C14<>""),B14*C14*(1-D14),"") | F14: =IF(E14="","",IF(E14>=15,"Critical",IF(E14>=10,"High",IF(E14>=5,"Medium","Low")))) | G14: =IF(F14="","",IF(F14="Critical","Immediate (<7 days)",IF(F14="High","Short-term (<30 days)",IF(F14="Medium","Medium-term (<90 days)","Long-term (<180 days)"))))
E15: =IF(AND(B15<>"",C15<>""),B15*C15*(1-D15),"") | F15: =IF(E15="","",IF(E15>=15,"Critical",IF(E15>=10,"High",IF(E15>=5,"Medium","Low")))) | G15: =IF(F15="","",IF(F15="Critical","Immediate (<7 days)",IF(F15="High","Short-term (<30 days)",IF(F15="Medium","Medium-term (<90 days)","Long-term (<180 days)"))))
E16: =IF(AND(B16<>"",C16<>""),B16*C16*(1-D16),"") | F16: =IF(E16="","",IF(E16>=15,"Critical",IF(E16>=10,"High",IF(E16>=5,"Medium","Low")))) | G16: =IF(F16="","",IF(F16="Critical","Immediate (<7 days)",IF(F16="High","Short-term (<30 days)",IF(F16="Medium","Medium-term (<90 days)","Long-term (<180 days)"))))
... E54: =IF(AND(B54<>"",C54<>""),B54*C54*(1-D54),"") | F54: =IF(E54="","",IF(E54>=15,"Critical",IF(E54>=10,"High",IF(E54>=5,"Medium","Low")))) | G54: =IF(F54="","",IF(F54="Critical","Immediate (<7 days)",IF(F54="High","Short-term (<30 days)",IF(F54="Medium","Medium-term (<90 days)","Long-term (<180 days)"))))

Sheet Evidence Register
A1: EVIDENCE REGISTER
A2: Document all evidence collected during this assessment
A4: Evidence ID | B4: Assessment Area | C4: Evidence Type | D4: Description | E4: Location / Path | F4: Date Collected | G4: Collected By | H4: Verification Status
A5: EV-001 | B5: Assessment Area | C5: Policy Document | D5: Example evidence description | E5: \\fileserver\policies\document.pdf | F5: 15.01.2026 | G5: Assessor Name | H5: ✅ Verified

Sheet Summary Dashboard
A1: CONFLICT ANALYSIS — SUMMARY DASHBOARD
A2: ISO/IEC 27001:2022 — Control A.5.3: Segregation of Duties | Conflict Analysis
A4: TABLE 1: ASSESSMENT AREA COMPLIANCE OVERVIEW
A5: Assessment Area | B5: Total Items | C5: Compliant | D5: Partial | E5: Non-Compliant | F5: N/A | G5: Compliance %
A6: Conflict Analysis Status | B6: =COUNTA('Conflict Register'!A5:A54) | C6: =COUNTIF('Conflict Register'!I5:I54,"Complete") | D6: =COUNTIF('Conflict Register'!I5:I54,"In Progress") | E6: =COUNTIF('Conflict Register'!I5:I54,"Pending") | F6: 0 | G6: =IF((B6-F6)=0,0,C6/(B6-F6))
A7: Compensating Controls | B7: =COUNTA('Control Mapping'!A5:A54) | C7: =COUNTIF('Control Mapping'!G5:G54,"Implemented") | D7: =COUNTIF('Control Mapping'!G5:G54,"Partial")+COUNTIF('Control Mapping'!G5:G54,"Planned") | E7: =COUNTIF('Control Mapping'!G5:G54,"Not Implemented") | F7: 0 | G7: =IF((B7-F7)=0,0,C7/(B7-F7))
A8: TOTAL | B8: =SUM(B6:B7) | C8: =SUM(C6:C7) | D8: =SUM(D6:D7) | E8: =SUM(E6:E7) | F8: =SUM(F6:F7) | G8: =IF((B8-F8)=0,0,C8/(B8-F8))
A10: TABLE 2: KEY METRICS
A11: Metric | B11: Value
A12: Insider-Malicious exploitation scenarios | B12: =COUNTIF('Exploitation Scenarios'!D5:D54,"Insider-Malicious")
A13: Scenarios with historical precedent (Yes) | B13: =COUNTIF('Exploitation Scenarios'!H5:H54,"Yes")
A14: High / Very High detection difficulty scenarios | B14: =COUNTIF('Exploitation Scenarios'!G5:G54,"High")+COUNTIF('Exploitation Scenarios'!G5:G54,"Very High")
A15: Controls with Low effectiveness | B15: =COUNTIF('Control Mapping'!F5:F54,"Low")
A16: Controls not yet implemented | B16: =COUNTIF('Control Mapping'!G5:G54,"Not Implemented")
A17: Preventive controls mapped | B17: =COUNTIF('Control Mapping'!E5:E54,"Preventive")
A18: Maker-Checker conflict patterns | B18: =COUNTIF('Conflict Register'!C5:C54,"Maker-Checker")
A19: Developer-Deployer conflict patterns | B19: =COUNTIF('Conflict Register'!C5:C54,"Developer-Deployer")
A20: Critical impact conflicts (overall score = 5) | B20: =COUNTIF('Impact Assessment'!G5:G54,5)
A21: Total exploitation scenarios documented | B21: =COUNTA('Exploitation Scenarios'!A5:A54)
A23: TABLE 3: CRITICAL FINDINGS REQUIRING IMMEDIATE ATTENTION
A24: Finding | B24: Count | C24: Action Required
A25: Controls not implemented for SoD conflicts | B25: =COUNTIF('Control Mapping'!G5:G54,"Not Implemented") | C25: Compensating controls required — view 'Control Mapping' (filter: Implementation_Status=Not Implemented)
A26: Insider-Malicious exploitation scenarios | B26: =COUNTIF('Exploitation Scenarios'!D5:D54,"Insider-Malicious") | C26: Prioritise detective controls — view 'Exploitation Scenarios' (filter: Threat_Actor=Insider-Malicious)
A27: Controls with Low effectiveness | B27: =COUNTIF('Control Mapping'!F5:F54,"Low") | C27: Strengthen controls — view 'Control Mapping' (filter: Effectiveness=Low)
A29: FINAL DECISION:
A32: NEXT REVIEW DETAILS
A33: Next Review Date:
A34: Review Responsible:
A35: Special Considerations:

Sheet Approval Sign-Off
A1: ASSESSMENT APPROVAL AND SIGN-OFF
A2: ISO/IEC 27001:2022 - Control A.5.3: Segregation of Duties
A3: ASSESSMENT SUMMARY
A4: Document: | B4: ISMS-IMP-A.5.3.2 - Conflict Analysis
A5: Assessment Period:
A6: Overall Compliance Rating: | B6: =IFERROR(AVERAGE('Summary Dashboard'!G6:G7),"")
A7: Assessment Status:
A8: Assessed By:
A11: COMPLETED BY (ASSESSOR)
A12: Name:
A13: Title:
A14: Date:
A15: Signature:
A16: Comments:
A18: REVIEWED BY (INFORMATION SECURITY OFFICER)
A19: Name:
A20: Title:
A21: Date:
... A38: Special Considerations:
