Workbook

Sheet Instructions & Legend
A1: ISMS-IMP-A.8.25-26-29.S3 - Security Testing Results Assessment ISO/IEC 27001:2022 - Control A.8.25-26-29: Secure Development
A3: Document Information
A4: Document ID | B4: ISMS-IMP-A.8.25-26-29.S3
A5: Workbook Title | B5: Security Testing Results Assessment
A6: Control Reference | B6: ISO/IEC 27001:2022 - Control A.8.25-26-29: Secure Development
A7: Version | B7: 1.0
A8: Assessment Date
A9: Completed By
A10: Organisation
A12: Instructions
A13: 1. Complete each worksheet tab for applicable systems/services.
A14: 2. Use dropdown menus for standardised entries (Status, Remediation, etc.).
A15: 3. Fill in yellow-highlighted cells with your information.
A16: 4. If Status = Partial or Non-Compliant, complete the Exception/Deviation section.
A17: 5. Check all applicable items in the Compliance Checklist for each section.
A18: 6. Provide evidence location/path for each implementation entry.
A19: 7. Summary Dashboard auto-calculates compliance statistics.
A20: 8. Maintain the Evidence Register for audit traceability.
... A23: Status Legend
A24: Symbol | B24: Status | C24: Description
A25: ✓ | B25: Compliant / Complete | C25: Requirement fully met
A26: ⚠ | B26: Partial / In Progress | C26: Partially met or in progress
A27: ✗ | B27: Non-Compliant / Not Started | C27: Requirement not met
A28: — | B28: Not Applicable | C28: Not applicable to this assessment

Sheet Security Testing Coverage
A1: SECURITY TESTING COVERAGE OVERVIEW
A2: TRACK SECURITY TESTING COVERAGE ACROSS ALL TESTING TYPES PER APPLICATION
A3: Application Name | B3: SAST Enabled? | C3: Last SAST Scan | D3: DAST Enabled? | E3: Last DAST Scan | F3: SCA Enabled? | G3: Last SCA Scan | H3: Pentest Status | I3: Last Pentest Date | J3: Coverage Score (%)
A4: Customer Portal | B4: Yes | C4: 2025-01-10 | D4: Yes | E4: 2025-01-08 | F4: Yes | G4: 2025-01-10 | H4: Completed | I4: 2024-11-15 | J4: =((IF(B4="Yes",33,0))+(IF(D4="Yes",33,0))+(IF(F4="Yes",34,0)))

Sheet SAST Scan Results
A1: SAST (STATIC APPLICATION SECURITY TESTING) SCAN RESULTS
A2: TRACK SAST SCAN FINDINGS BY SEVERITY AND REMEDIATION STATUS
A3: Application Name | B3: Last Scan Date | C3: Critical Findings | D3: High Findings | E3: Medium Findings | F3: Low Findings | G3: Total Findings | H3: Findings Remediated | I3: Remediation Rate (%) | J3: Trend vs. Previous
A4: Customer Portal | B4: 2025-01-10 | C4: 0 | D4: 2 | E4: 5 | F4: 12

Sheet DAST Scan Results
A1: DAST (DYNAMIC APPLICATION SECURITY TESTING) SCAN RESULTS
A2: TRACK DAST SCAN FINDINGS BY SEVERITY AND SCAN TYPE
A3: Application Name | B3: Last Scan Date | C3: Scan Type | D3: Critical Findings | E3: High Findings | F3: Medium Findings | G3: Low Findings | H3: Total Findings | I3: Remediation Status | J3: Next Scan Date
A4: Customer Portal | B4: 2025-01-08 | C4: Full | D4: 0 | E4: 1 | F4: 4 | G4: 8 | H4: =D4+E4+F4+G4 | I4: 2025-02-01

Sheet SCA Scan Results
A1: SCA (SOFTWARE COMPOSITION ANALYSIS) SCAN RESULTS
A2: TRACK VULNERABLE DEPENDENCIES AND LICENSE COMPLIANCE
A3: Application Name | B3: Last Scan Date | C3: Critical Vulns | D3: High Vulns | E3: Medium Vulns | F3: Low Vulns | G3: Total Vulns | H3: License Issues | I3: Outdated Deps | J3: Remediation Status
A4: Customer Portal | B4: 2025-01-10 | C4: 0 | D4: 1 | E4: 3 | F4: 8 | G4: =C4+D4+E4+F4 | H4: 5 | I4: 80% Complete

Sheet Penetration Testing Results
A1: PENETRATION TESTING RESULTS
A2: TRACK PENETRATION TESTING FINDINGS AND REMEDIATION
A3: Application Name | B3: Pentest Date | C3: Pentester | D3: Critical Findings | E3: High Findings | F3: Medium Findings | G3: Low Findings | H3: Total Findings | I3: Retest Date | J3: Findings Resolved | K3: Closure Rate (%)
A4: Customer Portal | B4: 2024-11-15 | C4: External | D4: 0 | E4: 2 | F4: 5 | G4: 8 | H4: =D4+E4+F4+G4 | I4: 14

Sheet Security Acceptance Testing
A1: SECURITY ACCEPTANCE TESTING
A2: TRACK SECURITY TEST CASE EXECUTION AND PASS RATES
A3: App-ID | B3: Application Name | C3: Release Version | D3: Test Cases Total | E3: Test Cases Passed | F3: Test Cases Failed | G3: Test Cases N/A | H3: Pass Rate (%) | I3: Security Sign-Off
A4: APP-001 | B4: Customer Portal | C4: v2.5.0 | D4: 25 | E4: 24 | F4: 1 | G4: 0 | H4: =IF(D4>0,E4/D4*100,0)
B5: [CRITERION] No Critical or High CVSS severity findings open at time of release
B6: [CRITERION] SAST scan completed with zero Critical findings unmitigated
B7: [CRITERION] SCA scan completed — all Critical/High vulnerable dependencies resolved
B8: [CRITERION] DAST scan completed for all external-facing endpoints
B9: [CRITERION] Penetration test completed and critical findings remediated (required for high-risk applications)
B10: [CRITERION] Security review sign-off obtained from Security Champion or AppSec team

Sheet Evidence Register
A1: EVIDENCE REGISTER
A2: Document all evidence collected during this assessment
A4: Evidence ID | B4: Assessment Area | C4: Evidence Type | D4: Description | E4: Location / Path | F4: Date Collected | G4: Collected By | H4: Verification Status
A5: EV-001 | B5: Security Testing Assessment | C5: Policy Document | D5: Security testing execution report and findings log | E5: \\fileserver\policies\document.pdf | F5: 15.01.2026 | G5: Assessor Name | H5: ✅ Verified

Sheet Summary Dashboard
A1: SECURITY TESTING RESULTS ASSESSMENT — SUMMARY DASHBOARD
A2: ISO/IEC 27001:2022 - Control A.8.25-26-29: Secure Development
A4: TABLE 1: ASSESSMENT AREA COMPLIANCE OVERVIEW
A5: Assessment Area | B5: Total Assessed | C5: Complete | D5: Partial | E5: Missing | F5: N/A | G5: Completion %
A6: SAST Scanning Coverage | B6: =COUNTA('Security Testing Coverage'!B5:B54) | C6: =COUNTIF('Security Testing Coverage'!B5:B54,"Yes") | D6: =0 | E6: =COUNTIF('Security Testing Coverage'!B5:B54,"No") | F6: =0 | G6: =IF((B6-F6)=0,0,C6/(B6-F6))
A7: DAST Scanning Coverage | B7: =COUNTA('Security Testing Coverage'!D5:D54) | C7: =COUNTIF('Security Testing Coverage'!D5:D54,"Yes") | D7: =0 | E7: =COUNTIF('Security Testing Coverage'!D5:D54,"No") | F7: =0 | G7: =IF((B7-F7)=0,0,C7/(B7-F7))
A8: SCA Scanning Coverage | B8: =COUNTA('Security Testing Coverage'!F5:F54) | C8: =COUNTIF('Security Testing Coverage'!F5:F54,"Yes") | D8: =0 | E8: =COUNTIF('Security Testing Coverage'!F5:F54,"No") | F8: =0 | G8: =IF((B8-F8)=0,0,C8/(B8-F8))
A9: Security Acceptance Testing | B9: =COUNTA('Security Acceptance Testing'!I5:I60) | C9: =COUNTIF('Security Acceptance Testing'!I5:I60,"Approved") | D9: =COUNTIF('Security Acceptance Testing'!I5:I60,"Pending") | E9: =COUNTIF('Security Acceptance Testing'!I5:I60,"Not Approved") | F9: =0 | G9: =IF((B9-F9)=0,0,C9/(B9-F9))
A10: TOTAL | B10: =SUM(B6:B9) | C10: =SUM(C6:C9) | D10: =SUM(D6:D9) | E10: =SUM(E6:E9) | F10: =SUM(F6:F9) | G10: =IF((B10-F10)=0,0,C10/(B10-F10))
A12: TABLE 2: KEY METRICS
A13: Metric | B13: Value
A14: Total Applications Covered | B14: =COUNTA('Security Testing Coverage'!A5:A54)
A15: Penetration Tests Completed | B15: =COUNTA('Penetration Testing Results'!A5:A54)
A16: Average SAST Remediation Rate (%) | B16: =IFERROR(AVERAGE('SAST Scan Results'!I5:I54),"No data")
A17: Next Review Due
A18: Assessment Owner
A22: TABLE 3: CRITICAL FINDINGS
A23: # | B23: Finding | C23: Count | D23: Severity | E23: Affected Area | F23: Recommended Action | G23: Owner
A24: =COUNTIF('Security Testing Coverage'!B5:B54,"No") | B24: Apps Without SAST Scanning | C24: =COUNTIF('Security Testing Coverage'!B5:B54,"No") | D24: High | E24: Security Testing Coverage | F24: Enable SAST scanning in CI/CD pipeline
A25: =COUNTIF('Security Testing Coverage'!D5:D54,"No") | B25: Apps Without DAST Scanning | C25: =COUNTIF('Security Testing Coverage'!D5:D54,"No") | D25: High | E25: Security Testing Coverage | F25: Implement DAST scanning in test pipeline
A26: =COUNTIF('Security Testing Coverage'!F5:F54,"No") | B26: Apps Without SCA Scanning | C26: =COUNTIF('Security Testing Coverage'!F5:F54,"No") | D26: Medium | E26: Security Testing Coverage | F26: Enable SCA for dependency vulnerability detection
A27: =SUM('SAST Scan Results'!C5:C54) | B27: Critical SAST Findings (Total) | C27: =SUM('SAST Scan Results'!C5:C54) | D27: Critical | E27: SAST Scan Results | F27: Immediate remediation of all critical findings
A28: =COUNTIF('Security Acceptance Testing'!I5:I60,"Not Approved") | B28: Failed Security Acceptance Tests | C28: =COUNTIF('Security Acceptance Testing'!I5:I60,"Not Approved") | D28: High | E28: Security Acceptance Testing | F28: Re-test and resolve all acceptance test failures

Sheet Approval Sign-Off
A1: ASSESSMENT APPROVAL AND SIGN-OFF
A2: ISO/IEC 27001:2022 - Control A.8.25-26-29: Secure Development
A3: ASSESSMENT SUMMARY
A4: Document: | B4: ISMS-IMP-A.8.25-26-29.S3 - Security Testing Results Assessment
A5: Assessment Period:
A6: Overall Compliance Rating: | B6: ='Summary Dashboard'!G10
A7: Assessment Status:
A8: Assessed By:
A11: COMPLETED BY (ASSESSOR)
A12: Name:
A13: Title:
A14: Date:
A15: Signature:
A16: Comments:
A18: REVIEWED BY (INFORMATION SECURITY OFFICER)
A19: Name:
A20: Title:
A21: Date:
... A38: Special Considerations:
