Workbook

Sheet Instructions & Legend
A1: ISMS-IMP-A.8.25-26-29.S1 - Security Requirements Assessment ISO/IEC 27001:2022 - Control A.8.25-26-29: Secure Development
A3: Document Information
A4: Document ID | B4: ISMS-IMP-A.8.25-26-29.S1
A5: Workbook Title | B5: Security Requirements Assessment
A6: Control Reference | B6: ISO/IEC 27001:2022 - Control A.8.25-26-29: Secure Development
A7: Version | B7: 1.0
A8: Assessment Date
A9: Completed By
A10: Organisation
A12: Instructions
A13: 1. Complete each worksheet tab for applicable systems/services.
A14: 2. Use dropdown menus for standardised entries (Status, Remediation, etc.).
A15: 3. Fill in yellow-highlighted cells with your information.
A16: 4. If Status = Partial or Non-Compliant, complete the Exception/Deviation section.
A17: 5. Check all applicable items in the Compliance Checklist for each section.
A18: 6. Provide evidence location/path for each implementation entry.
A19: 7. Summary Dashboard auto-calculates compliance statistics.
A20: 8. Maintain the Evidence Register for audit traceability.
... A23: Status Legend
A24: Symbol | B24: Status | C24: Description
A25: ✓ | B25: Compliant / Complete | C25: Requirement fully met
A26: ⚠ | B26: Partial / In Progress | C26: Partially met or in progress
A27: ✗ | B27: Non-Compliant / Not Started | C27: Requirement not met
A28: — | B28: Not Applicable | C28: Not applicable to this assessment

Sheet Application Inventory
A1: APPLICATION INVENTORY
A2: COMPLETE INVENTORY OF ALL APPLICATIONS REQUIRING SECURITY REQUIREMENTS ASSESSMENT
A3: Application Name | B3: Application ID | C3: Application Owner | D3: Business Criticality | E3: Risk Classification | F3: Technology Stack | G3: Deployment Model | H3: Regulatory Scope | I3: Internet Facing | J3: Last Assessment Date
A4: Customer Portal | B4: APP-001 | C4: Anna Müller | D4: High | E4: High Risk | F4: Java/Spring Boot | G4: AWS Cloud | H4: GDPR, PCI DSS v4.0.1 | I4: Yes | J4: 2025-01-15

Sheet Requirements Documentation
A1: SECURITY REQUIREMENTS DOCUMENTATION ASSESSMENT
A2: ASSESS COMPLETENESS OF SECURITY REQUIREMENTS DOCUMENTATION PER APPLICATION
A3: App-ID | B3: Application Name | C3: Requirements Document Exists? | D3: Document Location/Link | E3: Last Updated | F3: Requirements Approved? | G3: Approver Name | H3: Approval Date | I3: Functional Requirements (%) | J3: Non-Functional Requirements (%) | K3: Data Protection Requirements (%) | L3: Completeness Score (%)
A4: APP-001 | B4: Customer Portal | C4: Yes | D4: /docs/security-requirements/APP-001-sec-req.pdf | E4: 2025-01-10 | F4: Yes | G4: Anna Müller | H4: 2025-01-12 | I4: 95 | J4: 90 | K4: 100 | L4: =IF(AND(I4<>"",J4<>"",K4<>""),(I4+J4+K4)/3,"")
B5: [SUPPLIER] Externally acquired software subject to same security requirements as internally developed
B6: [SUPPLIER] Vendor/supplier security requirements specified in contracts and SoW
B7: [SUPPLIER] SaaS/PaaS applications assessed against organisational security requirements before adoption
B8: [SUPPLIER] Open source components assessed for security before inclusion in approved component list

Sheet Threat Modelling
A1: THREAT MODELING STATUS ASSESSMENT
A2: ASSESS THREAT MODELING COMPLETION AND QUALITY PER APPLICATION
A3: Application Name | B3: Threat Model Exists? | C3: Methodology Used | D3: Threat Model Location/Link | E3: Last Updated | F3: DFD Created? | G3: Threats Documented? | H3: Mitigations Defined? | I3: Approval Status | J3: Approver Name | K3: Completeness Score (%)
A4: Customer Portal | B4: Yes | C4: STRIDE | D4: /docs/threat-models/APP-001-threat-model.pdf | E4: 2025-01-08 | F4: Yes | G4: Yes | H4: Yes | I4: Approved | J4: Anna Müller | K4: =IF(B4="Yes",(IF(F4="Yes",25,0)+IF(G4="Yes",25,0)+IF(H4="Yes",25,0)+IF(I4="Approved",25,0)),"N/A")

Sheet Architecture Review
A1: SECURITY ARCHITECTURE REVIEW STATUS
A2: ASSESS SECURITY ARCHITECTURE REVIEW COMPLETION AND FINDINGS PER APPLICATION
A3: Application Name | B3: Review Conducted? | C3: Review Date | D3: Review Report Location/Link | E3: Reviewers | F3: Critical Findings | G3: High Findings | H3: Medium Findings | I3: Low Findings | J3: Open Findings | K3: Approval Status | L3: Approval Date
A4: Customer Portal | B4: Yes | C4: 2025-01-09 | D4: /docs/arch-reviews/APP-001-arch-review.pdf | E4: Security Team, Tech Lead | F4: 0 | G4: 0 | H4: 2 | I4: 3 | J4: 0 | K4: Approved | L4: 2025-01-11

Sheet Traceability Matrix
A1: REQUIREMENTS TRACEABILITY MATRIX STATUS
A2: ASSESS REQUIREMENTS TRACEABILITY COMPLETENESS PER APPLICATION
A3: Application Name | B3: Traceability Matrix Exists? | C3: Matrix Location/Link | D3: Last Updated | E3: Requirements → Design Traced? | F3: Requirements → Code Traced? | G3: Requirements → Tests Traced? | H3: Traceability Coverage (%) | I3: Quality Score (%)
A4: Customer Portal | B4: Yes | C4: /docs/traceability/APP-001-traceability.xlsx | D4: 2025-01-14 | E4: Yes | F4: Yes | G4: Yes | H4: 95 | I4: =IF(B4="Yes",(IF(E4="Yes",33,IF(E4="Partial",16.5,0))+IF(F4="Yes",33,IF(F4="Partial",16.5,0))+IF(G4="Yes",34,IF(G4="Partial",17,0))),"N/A")

Sheet Evidence Register
A1: EVIDENCE REGISTER
A2: Document all evidence collected during this assessment
A4: Evidence ID | B4: Assessment Area | C4: Evidence Type | D4: Description | E4: Location / Path | F4: Date Collected | G4: Collected By | H4: Verification Status
A5: EV-001 | B5: Security Requirements Assessment | C5: Policy Document | D5: Security requirements document for Customer Portal application | E5: \\fileserver\policies\document.pdf | F5: 15.01.2026 | G5: Assessor Name | H5: ✅ Verified

Sheet Gap Analysis
A1: GAP ANALYSIS & REMEDIATION TRACKING
A2: TRACK SECURITY REQUIREMENTS GAPS AND REMEDIATION ACTIONS PER APPLICATION
A3: Gap ID | B3: Application Name | C3: Gap Category | D3: Gap Description | E3: Risk Level | F3: Remediation Action | G3: Owner | H3: Target Date | I3: Status | J3: Notes
A4: GAP-001 | B4: Marketing Website | C4: Missing Requirements | D4: No security requirements document exists | E4: High Risk | F4: Create security requirements document | G4: Sandra Brunner | H4: 2025-03-15 | I4: Open | J4: Low-risk app but needs baseline requirements

Sheet Summary Dashboard
A1: SECURITY REQUIREMENTS ASSESSMENT — SUMMARY DASHBOARD
A2: ISO/IEC 27001:2022 - Control A.8.25-26-29: Secure Development
A4: TABLE 1: ASSESSMENT AREA COMPLIANCE OVERVIEW
A5: Assessment Area | B5: Total Assessed | C5: Complete | D5: Partial | E5: Missing | F5: N/A | G5: Completion %
A6: Security Requirements Doc | B6: =COUNTA('Requirements Documentation'!C5:C58) | C6: =COUNTIF('Requirements Documentation'!C5:C58,"Yes") | D6: =COUNTIF('Requirements Documentation'!C5:C58,"Partial") | E6: =COUNTIF('Requirements Documentation'!C5:C58,"No") | F6: =0 | G6: =IF((B6-F6)=0,0,C6/(B6-F6))
A7: Threat Modelling | B7: =COUNTA('Threat Modelling'!I5:I54) | C7: =COUNTIF('Threat Modelling'!I5:I54,"Approved") | D7: =COUNTIF('Threat Modelling'!I5:I54,"Pending") | E7: =COUNTIF('Threat Modelling'!I5:I54,"Not Approved") | F7: =0 | G7: =IF((B7-F7)=0,0,C7/(B7-F7))
A8: Architecture Review | B8: =COUNTA('Architecture Review'!K5:K54) | C8: =COUNTIF('Architecture Review'!K5:K54,"Approved") | D8: =COUNTIF('Architecture Review'!K5:K54,"Pending") | E8: =COUNTIF('Architecture Review'!K5:K54,"Not Approved") | F8: =0 | G8: =IF((B8-F8)=0,0,C8/(B8-F8))
A9: Traceability Matrix | B9: =COUNTA('Traceability Matrix'!F5:F54) | C9: =COUNTIF('Traceability Matrix'!F5:F54,"Yes") | D9: =COUNTIF('Traceability Matrix'!F5:F54,"Partial") | E9: =COUNTIF('Traceability Matrix'!F5:F54,"No") | F9: =0 | G9: =IF((B9-F9)=0,0,C9/(B9-F9))
A10: TOTAL | B10: =SUM(B6:B9) | C10: =SUM(C6:C9) | D10: =SUM(D6:D9) | E10: =SUM(E6:E9) | F10: =SUM(F6:F9) | G10: =IF((B10-F10)=0,0,C10/(B10-F10))
A12: TABLE 2: KEY METRICS
A13: Metric | B13: Value
A14: Total Applications Assessed | B14: =COUNTA('Application Inventory'!A5:A54)
A15: High Risk Applications | B15: =COUNTIF('Application Inventory'!E5:E54,"High Risk")
A16: Approved Threat Models | B16: =COUNTIF('Threat Modelling'!I5:I54,"Approved")
A17: Next Review Due
A18: Assessment Owner
A22: TABLE 3: CRITICAL FINDINGS
A23: # | B23: Finding | C23: Count | D23: Severity | E23: Affected Area | F23: Recommended Action | G23: Owner
A24: =COUNTIF('Requirements Documentation'!C5:C58,"No") | B24: Apps Without Security Requirements Doc | C24: =COUNTIF('Requirements Documentation'!C5:C58,"No") | D24: High | E24: Requirements Documentation | F24: Create security requirements documentation
A25: =COUNTIF('Threat Modelling'!B5:B54,"No") | B25: Apps Without Threat Model | C25: =COUNTIF('Threat Modelling'!B5:B54,"No") | D25: High | E25: Threat Modelling | F25: Conduct STRIDE threat modelling session
A26: =COUNTIF('Architecture Review'!B5:B54,"No") | B26: Architecture Reviews Not Conducted | C26: =COUNTIF('Architecture Review'!B5:B54,"No") | D26: Medium | E26: Architecture Review | F26: Schedule security architecture review
A27: =SUM('Architecture Review'!F5:F54) | B27: Critical Architecture Findings (Total) | C27: =SUM('Architecture Review'!F5:F54) | D27: Critical | E27: Architecture Review | F27: Immediate remediation required
A28: =SUM('Architecture Review'!J5:J54) | B28: Open Architecture Findings (Total) | C28: =SUM('Architecture Review'!J5:J54) | D28: High | E28: Architecture Review | F28: Track and remediate open findings

Sheet Approval Sign-Off
A1: ASSESSMENT APPROVAL AND SIGN-OFF
A2: ISO/IEC 27001:2022 - Control A.8.25-26-29: Secure Development
A3: ASSESSMENT SUMMARY
A4: Document: | B4: ISMS-IMP-A.8.25-26-29.S1 - Security Requirements Assessment
A5: Assessment Period:
A6: Overall Compliance Rating: | B6: ='Summary Dashboard'!G10
A7: Assessment Status:
A8: Assessed By:
A11: COMPLETED BY (ASSESSOR)
A12: Name:
A13: Title:
A14: Date:
A15: Signature:
A16: Comments:
A18: REVIEWED BY (INFORMATION SECURITY OFFICER)
A19: Name:
A20: Title:
A21: Date:
... A38: Special Considerations:
