Workbook

Sheet Instructions & Legend
A1: ISMS-IMP-A.8.25-26-29.S2 - SDLC Security Activities Assessment ISO/IEC 27001:2022 - Control A.8.25-26-29: Secure Development
A3: Document Information
A4: Document ID | B4: ISMS-IMP-A.8.25-26-29.S2
A5: Workbook Title | B5: SDLC Security Activities Assessment
A6: Control Reference | B6: ISO/IEC 27001:2022 - Control A.8.25-26-29: Secure Development
A7: Version | B7: 1.0
A8: Assessment Date
A9: Completed By
A10: Organisation
A12: Instructions
A13: 1. Complete each worksheet tab for applicable systems/services.
A14: 2. Use dropdown menus for standardised entries (Status, Remediation, etc.).
A15: 3. Fill in yellow-highlighted cells with your information.
A16: 4. If Status = Partial or Non-Compliant, complete the Exception/Deviation section.
A17: 5. Check all applicable items in the Compliance Checklist for each section.
A18: 6. Provide evidence location/path for each implementation entry.
A19: 7. Summary Dashboard auto-calculates compliance statistics.
A20: 8. Maintain the Evidence Register for audit traceability.
... A23: Status Legend
A24: Symbol | B24: Status | C24: Description
A25: ✓ | B25: Compliant / Complete | C25: Requirement fully met
A26: ⚠ | B26: Partial / In Progress | C26: Partially met or in progress
A27: ✗ | B27: Non-Compliant / Not Started | C27: Requirement not met
A28: — | B28: Not Applicable | C28: Not applicable to this assessment

Sheet SDLC Phase Activities
A1: SDLC SECURITY ACTIVITIES BY PHASE
A2: TRACK SECURITY ACTIVITY COMPLETION FOR EACH SDLC PHASE PER APPLICATION
A3: App-ID | B3: Application Name | C3: SDLC Methodology | D3: Requirements: Sec Req Defined | E3: Requirements: Risk Classification | F3: Design: Threat Modeling | G3: Design: Architecture Review | H3: Development: SAST Enabled | I3: Development: Code Review | J3: Testing: DAST Scan | K3: Testing: Security Testing | L3: Deployment: Security Checklist | M3: Maintenance: Vulnerability Monitoring | N3: Phase Compliance (%)
A4: APP-001 | B4: Customer Portal | C4: Agile | D4: Complete | E4: Complete | F4: Complete | G4: Complete | H4: Complete | I4: Complete | J4: Complete | K4: Complete | L4: Complete | M4: Complete | N4: =(COUNTIF(D4:M4,"Complete")/COUNTIF(D4:M4,"<>N/A"))*100
B5: [REQUIREMENTS] Security requirements documented alongside functional requirements
B6: [REQUIREMENTS] Threat modelling initiated for high-risk applications
B7: [REQUIREMENTS] Data classification and privacy requirements identified
B8: [REQUIREMENTS] Regulatory and compliance requirements mapped to security controls
B9: [REQUIREMENTS] Security acceptance criteria defined
B10: [DESIGN] Security architecture review conducted before development begins
B11: [DESIGN] Secure design patterns applied (authentication, authorisation, encryption, logging)
B12: [DESIGN] Attack surface analysis performed
B13: [DESIGN] Security design reviewed by Security Champion or AppSec team
B14: [IMPLEMENTATION] Secure coding standards applied (OWASP Top 10, CWE Top 25)
B15: [IMPLEMENTATION] SAST scan integrated and run on every commit/PR
B16: [IMPLEMENTATION] SCA / dependency scanning enabled — no Critical/High unresolved vulnerabilities
... B25: [DEPLOYMENT] Security monitoring/alerting verified active post-deployment

Sheet Secure Coding Standards
A1: SECURE CODING STANDARDS ADOPTION
A2: ASSESS SECURE CODING STANDARDS ADOPTION PER APPLICATION
A3: Application Name | B3: Standard Adopted | C3: Standard Documented? | D3: Developers Trained? | E3: Enforced via Tools? | F3: Enforced via Code Review? | G3: Last Standard Update | H3: Compliance Score (%)
A4: Customer Portal | B4: OWASP Secure Coding Practices + Java Secure Coding (Oracle) | C4: Yes | D4: Yes | E4: Yes | F4: Yes | G4: 2024-11-15 | H4: =(IF(C4="Yes",25,0)+IF(D4="Yes",25,0)+IF(E4="Yes",25,0)+IF(F4="Yes",25,0))

Sheet Code Review Metrics
A1: CODE REVIEW METRICS
A2: TRACK CODE REVIEW PROCESS AND SECURITY FOCUS
A3: Application Name | B3: Code Review Process Documented? | C3: Code Review Coverage (%) | D3: Security Checklist Used? | E3: Security Champion Involved? | F3: Avg Review Turnaround (days) | G3: Security Findings Count | H3: Review Compliance Score (%)
A4: Customer Portal | B4: Yes | C4: 100 | D4: Yes | E4: Yes | F4: 1.5 | G4: 8 | H4: =IF(B4="Yes",20,0)+(C4*0.4)+IF(D4="Yes",20,0)+IF(E4="Yes",20,0)

Sheet Security Tools Deployment
A1: SECURITY TOOLS DEPLOYMENT STATUS
A2: TRACK SECURITY TOOL DEPLOYMENT ACROSS ORGANISATION
A3: Tool Type | B3: Tool Name/Vendor | C3: Deployment Status | D3: Applications Covered | E3: Integration Point | F3: Config Reviewed? | G3: Findings Per Month (Avg) | H3: False Positive Rate (%)
A4: SAST | B4: SonarQube Community | C4: Deployed | D4: 15 applications | E4: CI/CD (GitLab) | F4: Yes | G4: 125 | H4: 15

Sheet Security Tools Usage
A1: SECURITY TOOLS USAGE METRICS
A2: TRACK SECURITY TOOL USAGE PER APPLICATION
A3: Application Name | B3: SAST Scans Per Month | C3: SCA Scans Per Month | D3: Secret Scanning Enabled? | E3: DAST Scans Per Release | F3: Avg Remediation Time (days) | G3: Tool Integration Score | H3: Usage Compliance (%)
A4: Customer Portal | B4: 20 | C4: 20 | D4: Yes | E4: 2 | F4: 5.5 | G4: Excellent | H4: =(IF(B4>=4,25,0)+IF(C4>=4,25,0)+IF(D4="Yes",25,0)+IF(E4>=1,25,0))

Sheet Developer Training
A1: DEVELOPER SECURITY TRAINING COMPLIANCE
A2: TRACK DEVELOPER SECURITY TRAINING COMPLETION AND COMPLIANCE
A3: Developer/Team Name | B3: Initial Training Date | C3: Annual Refresher Date | D3: Language-Specific Training | E3: Security Champion Training | F3: Training Quiz Score (%) | G3: Training Overdue? | H3: Training Status
A4: Sandra Brunner | B4: 2024-03-15 | C4: 2025-01-10 | D4: Java Secure Coding (2024-06-20) | E4: N/A | F4: 92

Sheet Security Defect Mgmt
A1: SECURITY DEFECT MANAGEMENT
A2: TRACK OPEN SECURITY DEFECTS AND REMEDIATION COMPLIANCE
A3: Application Name | B3: Critical Defects | C3: High Defects | D3: Medium Defects | E3: Low Defects | F3: Total Open Defects | G3: Avg Age (days) | H3: SLA Compliance (%) | I3: Security Tech Debt | J3: Monthly Trend
A4: Customer Portal | B4: 0 | C4: 1 | D4: 3 | E4: 8 | F4: 12 | G4: 15 | H4: 92 | I4: 2 | J4: Improving

Sheet Evidence Register
A1: EVIDENCE REGISTER
A2: Document all evidence collected during this assessment
A4: Evidence ID | B4: Assessment Area | C4: Evidence Type | D4: Description | E4: Location / Path | F4: Date Collected | G4: Collected By | H4: Verification Status
A5: EV-001 | B5: SDLC Security Activities Assessment | C5: Policy Document | D5: SDLC security activities and phase compliance documentation | E5: \\fileserver\policies\document.pdf | F5: 15.01.2026 | G5: Assessor Name | H5: ✅ Verified

Sheet Summary Dashboard
A1: SDLC SECURITY ACTIVITIES ASSESSMENT — SUMMARY DASHBOARD
A2: ISO/IEC 27001:2022 - Control A.8.25-26-29: Secure Development
A4: TABLE 1: ASSESSMENT AREA COMPLIANCE OVERVIEW
A5: Assessment Area | B5: Total Assessed | C5: Complete | D5: Partial | E5: Missing | F5: N/A | G5: Completion %
A6: SDLC Phase Activities | B6: =COUNTA('SDLC Phase Activities'!D5:D75) | C6: =COUNTIF('SDLC Phase Activities'!D5:D75,"Complete") | D6: =COUNTIF('SDLC Phase Activities'!D5:D75,"In Progress") | E6: =COUNTIF('SDLC Phase Activities'!D5:D75,"Not Done") | F6: =0 | G6: =IF((B6-F6)=0,0,C6/(B6-F6))
A7: Code Review Process | B7: =COUNTA('Code Review Metrics'!B5:B54) | C7: =COUNTIF('Code Review Metrics'!B5:B54,"Yes") | D7: =0 | E7: =COUNTIF('Code Review Metrics'!B5:B54,"No") | F7: =0 | G7: =IF((B7-F7)=0,0,C7/(B7-F7))
A8: Security Tool Deployment | B8: =COUNTA('Security Tools Deployment'!C5:C54) | C8: =COUNTIF('Security Tools Deployment'!C5:C54,"Deployed") | D8: =COUNTIF('Security Tools Deployment'!C5:C54,"In Progress") | E8: =COUNTIF('Security Tools Deployment'!C5:C54,"Not Deployed") | F8: =0 | G8: =IF((B8-F8)=0,0,C8/(B8-F8))
A9: Developer Training | B9: =COUNTA('Developer Training'!H5:H54) | C9: =COUNTIF('Developer Training'!H5:H54,"Current") | D9: =0 | E9: =COUNTIF('Developer Training'!H5:H54,"⚠️ Overdue") | F9: =0 | G9: =IF((B9-F9)=0,0,C9/(B9-F9))
A10: TOTAL | B10: =SUM(B6:B9) | C10: =SUM(C6:C9) | D10: =SUM(D6:D9) | E10: =SUM(E6:E9) | F10: =SUM(F6:F9) | G10: =IF((B10-F10)=0,0,C10/(B10-F10))
A12: TABLE 2: KEY METRICS
A13: Metric | B13: Value
A14: Total Applications Assessed | B14: =COUNTA('SDLC Phase Activities'!B5:B75)
A15: Security Tools Deployed (Total) | B15: =COUNTIF('Security Tools Deployment'!C5:C54,"Deployed")
A16: Developers Trained (Current) | B16: =COUNTIF('Developer Training'!H5:H54,"Current")
A17: Next Review Due
A18: Assessment Owner
A22: TABLE 3: CRITICAL FINDINGS
A23: # | B23: Finding | C23: Count | D23: Severity | E23: Affected Area | F23: Recommended Action | G23: Owner
A24: =COUNTIF('SDLC Phase Activities'!D5:D75,"Not Done") | B24: SDLC Requirements Activities Not Completed | C24: =COUNTIF('SDLC Phase Activities'!D5:D75,"Not Done") | D24: High | E24: SDLC Phase Activities | F24: Define security requirements for all applications
A25: =COUNTIF('Code Review Metrics'!B5:B54,"No") | B25: Apps Without Code Review Process | C25: =COUNTIF('Code Review Metrics'!B5:B54,"No") | D25: High | E25: Code Review Metrics | F25: Implement mandatory code review process
A26: =COUNTIF('Security Tools Deployment'!C5:C54,"Not Deployed") | B26: Security Tools Not Deployed | C26: =COUNTIF('Security Tools Deployment'!C5:C54,"Not Deployed") | D26: Medium | E26: Security Tools Deployment | F26: Deploy and configure missing security tooling
A27: =COUNTIF('Developer Training'!H5:H54,"⚠️ Overdue") | B27: Developers With Overdue Security Training | C27: =COUNTIF('Developer Training'!H5:H54,"⚠️ Overdue") | D27: High | E27: Developer Training | F27: Schedule security training for overdue developers
A28: =COUNTIF('Security Tools Usage'!D5:D54,"No") | B28: Apps Without Secret Scanning Enabled | C28: =COUNTIF('Security Tools Usage'!D5:D54,"No") | D28: Medium | E28: Security Tools Usage | F28: Enable secret scanning for all repositories

Sheet Approval Sign-Off
A1: ASSESSMENT APPROVAL AND SIGN-OFF
A2: ISO/IEC 27001:2022 - Control A.8.25-26-29: Secure Development
A3: ASSESSMENT SUMMARY
A4: Document: | B4: ISMS-IMP-A.8.25-26-29.S2 - SDLC Security Activities Assessment
A5: Assessment Period:
A6: Overall Compliance Rating: | B6: ='Summary Dashboard'!G10
A7: Assessment Status:
A8: Assessed By:
A11: COMPLETED BY (ASSESSOR)
A12: Name:
A13: Title:
A14: Date:
A15: Signature:
A16: Comments:
A18: REVIEWED BY (INFORMATION SECURITY OFFICER)
A19: Name:
A20: Title:
A21: Date:
... A38: Special Considerations:
