Workbook

Sheet Instructions & Legend
A1: ISMS-IMP-A.5.23.S3 - Secure Configuration & Deployment ISO/IEC 27001:2022 - Control A.5.19-23: Information Security for Use of Cloud Services
A3: Document Information
A4: Document ID | B4: ISMS-IMP-A.5.23.S3
A5: Workbook Title | B5: Secure Configuration & Deployment
A6: Control Reference | B6: ISO/IEC 27001:2022 - Control A.5.19-23: Information Security for Use of Cloud Services
A7: Version | B7: 1.0
A8: Assessment Date
A9: Completed By
A10: Organisation
A12: Instructions
A13: 1. Reference ISMS-IMP-A.5.23.S1 (Inventory) for authoritative cloud service list.
A14: 2. Complete each worksheet tab (2–7) for all cloud services requiring config assessment.
A15: 3. Use dropdown menus for standardised entries (Environment, Status, etc.).
A16: 4. Fill in yellow-highlighted cells with your configuration-specific information.
A17: 5. Complete Jurisdictional Risk sheet (7) for all US-nexus providers.
A18: 6. Document DORA configuration requirements if in scope.
A19: 7. Validate NIS2 secure deployment procedures if applicable.
A20: 8. Complete AI Act deployment controls for AI-enabled services.
... A25: Status Legend
A26: Symbol | B26: Status | C26: Description
A27: ✓ | B27: Compliant / Complete | C27: Requirement fully met
A28: ⚠ | B28: Partial / In Progress | C28: Partially met or in progress
A29: ✗ | B29: Non-Compliant / Not Started | C29: Requirement not met
A30: — | B30: Not Applicable | C30: Not applicable to this assessment
A32: Regulatory Compliance
A33: This workbook includes regulatory compliance tracking for:
A34: • DORA (Digital Operational Resilience Act) — Configuration documentation
A35: • NIS2 (Network and Information Security Directive 2) — Secure deployment
A36: • EU AI Act — AI system deployment controls
A37: • US CLOUD Act — Jurisdictional risk for US-headquartered providers
A39: Regulatory columns are included in the Configuration Baseline sheet (Y–AA).
A40: Complete only the regulatory sections applicable to your organisation.
A42: Acceptable Evidence (examples)
A43: ✓ Admin console screenshots (with timestamps)
A44: ✓ Configuration export files (JSON, YAML, XML)
A45: ✓ Security posture reports (Azure Secure Score, AWS Security Hub)
... A54: ✓ Data Processing Agreement (DPA) with SCCs/BCRs

Sheet 2. Configuration Baseline
A1: CONFIGURATION BASELINE Policy Requirement: Configuration baseline documented, change-controlled, drift-monitored, CIS-validated (Policy S5 Section 9.1)
A2: Assessment Question: Are configuration baselines properly documented, version-controlled, and validated for your cloud services?
A3: Assessment ID | B3: Cloud Service Name | C3: Vendor Name | D3: Service Type | E3: Environment | F3: Service Criticality | G3: Data Classification | H3: Configuration Item | I3: Status | J3: Evidence Location | K3: Gap Description | L3: Remediation Needed | M3: Exception ID | N3: Risk ID | O3: Compensating Controls | P3: Responsible Team | Q3: Target Remediation Date | R3: Baseline Version | S3: Change Mgmt ID | T3: Drift Monitoring | U3: CIS Benchmark | V3: Last Validated | W3: Config Backup | X3: Privileged Access Log | Y3: Security By Default | Z3: DORA Config Documentation | AA3: NIS2 Secure Deployment | AB3: AI System Deployment Controls
A4: CFG-EXAMPLE | B4: Microsoft Azure | C4: Microsoft Corporation | D4: IaaS | E4: Production | F4: Critical | G4: Confidential | H4: OS baseline — CIS Azure Benchmark L1 (V8) | I4: ✅ Compliant | J4: /evidence/config/azure-cis-benchmark-q1.pdf
A5: =CONCATENATE("CON-",TEXT(ROW()-4,"000"))
A6: =CONCATENATE("CON-",TEXT(ROW()-4,"000"))
A7: =CONCATENATE("CON-",TEXT(ROW()-4,"000"))
A8: =CONCATENATE("CON-",TEXT(ROW()-4,"000"))
A9: =CONCATENATE("CON-",TEXT(ROW()-4,"000"))
A10: =CONCATENATE("CON-",TEXT(ROW()-4,"000"))
A11: =CONCATENATE("CON-",TEXT(ROW()-4,"000"))
A12: =CONCATENATE("CON-",TEXT(ROW()-4,"000"))
A13: =CONCATENATE("CON-",TEXT(ROW()-4,"000"))
A14: =CONCATENATE("CON-",TEXT(ROW()-4,"000"))
A15: =CONCATENATE("CON-",TEXT(ROW()-4,"000"))
A16: =CONCATENATE("CON-",TEXT(ROW()-4,"000"))
... A54: =CONCATENATE("CON-",TEXT(ROW()-4,"000"))
A57: COMPLIANCE CHECKLIST
A58: ☐ | B58: Requirement | C58: Evidence
A59: ☐ | B59: Configuration baseline documented and version-controlled | C59: Baseline doc + version history
A60: ☐ | B60: Change management process for cloud configurations | C60: Change log/ITSM tickets
A61: ☐ | B61: Configuration drift monitoring enabled | C61: Drift detection config
A62: ☐ | B62: Security configuration validated against CIS benchmarks | C62: CIS scan report
A63: ☐ | B63: Configuration backup and recovery tested | C63: Backup test results
A64: ☐ | B64: Privileged access to configurations logged and monitored | C64: Access log screenshot
A65: ☐ | B65: Security-by-default configurations applied | C65: Default settings review
A66: ☐ | B66: CFG-DORA-01: Configuration baseline documented and version-controlled | C66: DORA: Version control
A67: ☐ | B67: CFG-DORA-02: Change management process for cloud configurations | C67: DORA: Change records
A68: ☐ | B68: CFG-DORA-03: Configuration drift monitoring enabled | C68: DORA: Monitoring config
A69: ☐ | B69: CFG-DORA-04: Security configuration validated against CIS benchmarks | C69: DORA: CIS compliance
... A81: ☐ | B81: Shared responsibility model documented per service — IaaS/PaaS/SaaS boundary for security controls explicitly defined | C81: Responsibility matrix, cloud provider documentation

Sheet 3. Access Control Setup
A1: ACCESS CONTROL SETUP Policy Requirement: SSO integration, MFA enforced, RBAC implemented, privileged access controlled (Policy S5 Section 9.1)
A2: Assessment Question: Are identity and access controls properly configured for your cloud services?
A3: Assessment ID | B3: Cloud Service Name | C3: Vendor Name | D3: Service Type | E3: Environment | F3: Service Criticality | G3: Data Classification | H3: Configuration Item | I3: Status | J3: Evidence Location | K3: Gap Description | L3: Remediation Needed | M3: Exception ID | N3: Risk ID | O3: Compensating Controls | P3: Responsible Team | Q3: Target Remediation Date | R3: SSO Integrated | S3: MFA Enforced | T3: RBAC Implemented | U3: Privileged Access JIT | V3: Service Accounts Inventoried | W3: Last Access Review | X3: Admin Account Count
A4: ACC-EXAMPLE | B4: Okta SSO — All Users | C4: Okta Inc. | D4: Security Service | E4: Production | F4: Critical | G4: Confidential | H4: MFA enforced for all users via Okta IdP (TOTP + push) | I4: ✅ Compliant | J4: /evidence/access/okta-mfa-policy-screenshot.pdf
A5: =CONCATENATE("ACC-",TEXT(ROW()-4,"000"))
A6: =CONCATENATE("ACC-",TEXT(ROW()-4,"000"))
A7: =CONCATENATE("ACC-",TEXT(ROW()-4,"000"))
A8: =CONCATENATE("ACC-",TEXT(ROW()-4,"000"))
A9: =CONCATENATE("ACC-",TEXT(ROW()-4,"000"))
A10: =CONCATENATE("ACC-",TEXT(ROW()-4,"000"))
A11: =CONCATENATE("ACC-",TEXT(ROW()-4,"000"))
A12: =CONCATENATE("ACC-",TEXT(ROW()-4,"000"))
A13: =CONCATENATE("ACC-",TEXT(ROW()-4,"000"))
A14: =CONCATENATE("ACC-",TEXT(ROW()-4,"000"))
A15: =CONCATENATE("ACC-",TEXT(ROW()-4,"000"))
A16: =CONCATENATE("ACC-",TEXT(ROW()-4,"000"))
... A54: =CONCATENATE("ACC-",TEXT(ROW()-4,"000"))
A57: COMPLIANCE CHECKLIST
A58: ☐ | B58: Requirement | C58: Evidence
A59: ☐ | B59: SSO configured via organisational IdP (Entra ID, Okta, etc.) | C59: SSO config screenshot
A60: ☐ | B60: MFA enforced for all users | C60: MFA policy screenshot
A61: ☐ | B61: MFA mandatory for privileged accounts | C61: Admin MFA verification
A62: ☐ | B62: RBAC roles documented and implemented | C62: Role matrix document
A63: ☐ | B63: Least privilege principle applied | C63: Permission audit
A64: ☐ | B64: Service accounts inventoried with owners | C64: Service account register
A65: ☐ | B65: Privileged access is time-limited (JIT) | C65: PAM configuration
A66: ☐ | B66: Access reviews performed quarterly | C66: Access review report
A67: ☐ | B67: Default accounts disabled or renamed | C67: Security baseline check
A68: ☐ | B68: Failed login alerting configured | C68: Alert rule screenshot

Sheet 4. Network Security
A1: NETWORK SECURITY CONFIGURATION Policy Requirement: Access restrictions, secure connectivity, network segmentation (Policy S5 Section 5.2)
A2: Assessment Question: Are network security controls properly configured for your cloud services?
A3: Assessment ID | B3: Cloud Service Name | C3: Vendor Name | D3: Service Type | E3: Environment | F3: Service Criticality | G3: Data Classification | H3: Configuration Item | I3: Status | J3: Evidence Location | K3: Gap Description | L3: Remediation Needed | M3: Exception ID | N3: Risk ID | O3: Compensating Controls | P3: Responsible Team | Q3: Target Remediation Date | R3: IP Restrictions | S3: Private Connectivity | T3: Network Segmentation | U3: WAF Enabled | V3: DDoS Protection | W3: Firewall Rules Documented | X3: Public Endpoints Count
A4: NET-EXAMPLE | B4: AWS VPC — Production | C4: Amazon Web Services | D4: IaaS | E4: Production | F4: Critical | G4: Confidential | H4: VPC security groups + WAF (AWS WAF) for public-facing APIs | I4: ✅ Compliant | J4: /evidence/network/aws-vpc-security-group-audit.pdf
A5: =CONCATENATE("NET-",TEXT(ROW()-4,"000"))
A6: =CONCATENATE("NET-",TEXT(ROW()-4,"000"))
A7: =CONCATENATE("NET-",TEXT(ROW()-4,"000"))
A8: =CONCATENATE("NET-",TEXT(ROW()-4,"000"))
A9: =CONCATENATE("NET-",TEXT(ROW()-4,"000"))
A10: =CONCATENATE("NET-",TEXT(ROW()-4,"000"))
A11: =CONCATENATE("NET-",TEXT(ROW()-4,"000"))
A12: =CONCATENATE("NET-",TEXT(ROW()-4,"000"))
A13: =CONCATENATE("NET-",TEXT(ROW()-4,"000"))
A14: =CONCATENATE("NET-",TEXT(ROW()-4,"000"))
A15: =CONCATENATE("NET-",TEXT(ROW()-4,"000"))
A16: =CONCATENATE("NET-",TEXT(ROW()-4,"000"))
... A54: =CONCATENATE("NET-",TEXT(ROW()-4,"000"))
A57: COMPLIANCE CHECKLIST
A58: ☐ | B58: Requirement | C58: Evidence
A59: ☐ | B59: IP allowlisting configured for admin access | C59: Firewall rules
A60: ☐ | B60: Private endpoints used where available | C60: Network architecture
A61: ☐ | B61: VPN/ExpressRoute for sensitive workloads | C61: Connectivity config
A62: ☐ | B62: Network segmentation between environments | C62: Network diagram
A63: ☐ | B63: WAF configured for web applications | C63: WAF rules export
A64: ☐ | B64: DDoS protection enabled | C64: DDoS settings
A65: ☐ | B65: Firewall rules documented and reviewed | C65: Rule documentation
A66: ☐ | B66: Public endpoints minimised and justified | C66: Endpoint inventory

Sheet 5. Encryption Configuration
A1: ENCRYPTION CONFIGURATION Policy Requirement: Encryption at rest and in transit, key management, secure key storage (Policy S5 Section 9.2)
A2: Assessment Question: Are encryption controls properly configured for your cloud services?
A3: Assessment ID | B3: Cloud Service Name | C3: Vendor Name | D3: Service Type | E3: Environment | F3: Service Criticality | G3: Data Classification | H3: Configuration Item | I3: Status | J3: Evidence Location | K3: Gap Description | L3: Remediation Needed | M3: Exception ID | N3: Risk ID | O3: Compensating Controls | P3: Responsible Team | Q3: Target Remediation Date | R3: Encryption At Rest | S3: Encryption In Transit | T3: Encryption Algorithm | U3: Key Management | V3: Key Rotation Period | W3: HSM Used | X3: Last Key Rotation
A4: ENC-EXAMPLE | B4: Azure Blob Storage — PII Data | C4: Microsoft Corporation | D4: IaaS | E4: Production | F4: High | G4: Confidential | H4: AES-256 at rest, TLS 1.3 in transit, CMK via Azure Key Vault | I4: ✅ Compliant | J4: /evidence/encryption/azure-key-vault-config.pdf
A5: =CONCATENATE("ENC-",TEXT(ROW()-4,"000"))
A6: =CONCATENATE("ENC-",TEXT(ROW()-4,"000"))
A7: =CONCATENATE("ENC-",TEXT(ROW()-4,"000"))
A8: =CONCATENATE("ENC-",TEXT(ROW()-4,"000"))
A9: =CONCATENATE("ENC-",TEXT(ROW()-4,"000"))
A10: =CONCATENATE("ENC-",TEXT(ROW()-4,"000"))
A11: =CONCATENATE("ENC-",TEXT(ROW()-4,"000"))
A12: =CONCATENATE("ENC-",TEXT(ROW()-4,"000"))
A13: =CONCATENATE("ENC-",TEXT(ROW()-4,"000"))
A14: =CONCATENATE("ENC-",TEXT(ROW()-4,"000"))
A15: =CONCATENATE("ENC-",TEXT(ROW()-4,"000"))
A16: =CONCATENATE("ENC-",TEXT(ROW()-4,"000"))
... A54: =CONCATENATE("ENC-",TEXT(ROW()-4,"000"))
A57: COMPLIANCE CHECKLIST
A58: ☐ | B58: Requirement | C58: Evidence
A59: ☐ | B59: TLS 1.2+ enforced for all connections | C59: TLS config, SSL scan
A60: ☐ | B60: AES-256 encryption at rest enabled | C60: Encryption settings
A61: ☐ | B61: Encryption keys stored securely (HSM/KMS) | C61: Key management config
A62: ☐ | B62: Key rotation policy implemented | C62: Rotation schedule
A63: ☐ | B63: Customer-managed keys (CMK) used for sensitive data | C63: CMK configuration
A64: ☐ | B64: Key access logged and monitored | C64: Key access logs
A65: ☐ | B65: Encryption validated for backups | C65: Backup encryption check
A66: ☐ | B66: Secure deletion process documented | C66: Deletion procedures

Sheet 6. Deployment Checklist
A1: DEPLOYMENT CHECKLIST Policy Requirement: Pre-deployment validation, security approval, backup testing, monitoring (Policy S5 Section 5.2)
A2: Assessment Question: Have all deployment security requirements been met for your cloud services?
A3: Assessment ID | B3: Cloud Service Name | C3: Vendor Name | D3: Service Type | E3: Environment | F3: Service Criticality | G3: Data Classification | H3: Configuration Item | I3: Status | J3: Evidence Location | K3: Gap Description | L3: Remediation Needed | M3: Exception ID | N3: Risk ID | O3: Compensating Controls | P3: Responsible Team | Q3: Target Remediation Date | R3: Pre Deploy Scan | S3: Security Approved | T3: Backup Tested | U3: Monitoring Enabled | V3: Runbook Available | W3: Rollback Plan | X3: Deployment Date
A4: DEP-EXAMPLE | B4: Terraform IaC — AWS Production | C4: Amazon Web Services | D4: IaaS | E4: Production | F4: Critical | G4: Confidential | H4: Pre-deploy SAST scan + CI/CD security gate + Change Advisory Board approval | I4: ✅ Compliant | J4: /evidence/deploy/terraform-sast-report-20260115.pdf
A5: =CONCATENATE("DEP-",TEXT(ROW()-4,"000"))
A6: =CONCATENATE("DEP-",TEXT(ROW()-4,"000"))
A7: =CONCATENATE("DEP-",TEXT(ROW()-4,"000"))
A8: =CONCATENATE("DEP-",TEXT(ROW()-4,"000"))
A9: =CONCATENATE("DEP-",TEXT(ROW()-4,"000"))
A10: =CONCATENATE("DEP-",TEXT(ROW()-4,"000"))
A11: =CONCATENATE("DEP-",TEXT(ROW()-4,"000"))
A12: =CONCATENATE("DEP-",TEXT(ROW()-4,"000"))
A13: =CONCATENATE("DEP-",TEXT(ROW()-4,"000"))
A14: =CONCATENATE("DEP-",TEXT(ROW()-4,"000"))
A15: =CONCATENATE("DEP-",TEXT(ROW()-4,"000"))
A16: =CONCATENATE("DEP-",TEXT(ROW()-4,"000"))
... A54: =CONCATENATE("DEP-",TEXT(ROW()-4,"000"))
A57: COMPLIANCE CHECKLIST
A58: ☐ | B58: Requirement | C58: Evidence
A59: ☐ | B59: Pre-deployment security scan completed | C59: Scan report
A60: ☐ | B60: Security team approval obtained | C60: Approval ticket
A61: ☐ | B61: Backup and recovery tested | C61: Test results
A62: ☐ | B62: Monitoring and alerting configured | C62: Monitoring config
A63: ☐ | B63: Deployment runbook available | C63: Runbook document
A64: ☐ | B64: Rollback plan documented and tested | C64: Rollback procedure
A65: ☐ | B65: Production deployment authorised | C65: Change approval
A66: ☐ | B66: Post-deployment validation completed | C66: Validation report
A67: ☐ | B67: Infrastructure-as-Code (IaC) templates scanned for misconfigurations prior to deployment (Terraform, ARM, CloudFormation) | C67: IaC scan report, pipeline security gate evidence

Sheet 7. Jurisdictional Risk
A1: JURISDICTIONAL RISK ASSESSMENT
A2: CLOUD Act, Data Sovereignty, and Cross-Border Transfer Analysis
A3: ⚠ US-headquartered providers may be compelled to disclose data under CLOUD Act regardless of data location.
A5: Assessment ID | B5: Cloud Service Name | C5: Provider Name | D5: Provider HQ Country | E5: Provider HQ Jurisdiction | F5: US Parent Company | G5: CLOUD Act Applicability | H5: Data Processing Locations | I5: EU Data Boundary Available | J5: Customer Managed Keys | K5: Legal Challenge Commitment | L5: Adequacy Decision Status | M5: Transfer Mechanism | N5: Risk Level | O5: Risk Accepted By | P5: Risk Acceptance Date | Q5: Compensating Controls | R5: Review Date | S5: Evidence Reference | T5: Notes
A6: JRA-EXAMPLE | B6: Microsoft 365 (SaaS) | C6: Microsoft Corporation | D6: United States | E6: United States | F6: No | G6: Mitigated (EU Data Boundary) | H6: EU (West Europe — Amsterdam, North Europe — Dublin) | I6: Yes | J6: Yes | K6: Yes | L6: Adequacy Decision (Swiss-US DPF) | M6: SCCs | N6: Medium | O6: CISO | P6: 15.01.2026 | Q6: EU Data Boundary enabled + Customer Lockbox | R6: 15.01.2027 | S6: EV-JRA-EXAMPLE | T6: Example entry — replace with your organisation's assessment
A7: =CONCATENATE("JRA-",TEXT(ROW()-6,"000"))
A8: =CONCATENATE("JRA-",TEXT(ROW()-6,"000"))
A9: =CONCATENATE("JRA-",TEXT(ROW()-6,"000"))
A10: =CONCATENATE("JRA-",TEXT(ROW()-6,"000"))
A11: =CONCATENATE("JRA-",TEXT(ROW()-6,"000"))
A12: =CONCATENATE("JRA-",TEXT(ROW()-6,"000"))
A13: =CONCATENATE("JRA-",TEXT(ROW()-6,"000"))
A14: =CONCATENATE("JRA-",TEXT(ROW()-6,"000"))
A15: =CONCATENATE("JRA-",TEXT(ROW()-6,"000"))
A16: =CONCATENATE("JRA-",TEXT(ROW()-6,"000"))
A17: =CONCATENATE("JRA-",TEXT(ROW()-6,"000"))
A18: =CONCATENATE("JRA-",TEXT(ROW()-6,"000"))
... A56: =CONCATENATE("JRA-",TEXT(ROW()-6,"000"))
A59: JURISDICTIONAL RISK CHECKLIST
A60: ☐ | B60: Requirement | C60: Evidence
A61: ☐ | B61: Provider HQ jurisdiction identified and documented | C61: Vendor documentation
A62: ☐ | B62: US parent company status verified | C62: Corporate structure review
A63: ☐ | B63: CLOUD Act exposure assessed for US-nexus providers | C63: Legal review
A64: ☐ | B64: Data processing locations documented in DPA | C64: DPA review
A65: ☐ | B65: EU Data Boundary availability checked | C65: Vendor announcement/docs
A66: ☐ | B66: Customer-managed encryption keys option evaluated | C66: Technical documentation
A67: ☐ | B67: Legal challenge commitment verified | C67: Contract/Public statement
A68: ☐ | B68: Transfer mechanism documented (SCCs, BCRs, etc.) | C68: DPA
A69: ☐ | B69: Risk acceptance recorded if residual risk remains | C69: Risk register
A70: ☐ | B70: Compensating controls documented for high-risk providers | C70: Control documentation

Sheet Evidence Register
A1: EVIDENCE REGISTER
A2: Record all configuration evidence, scan reports, and compliance documentation
A4: Evidence ID | B4: Cloud Service | C4: Config Area | D4: Evidence Type | E4: Description | F4: Location/Path | G4: Captured By | H4: Status
A5: EV-001 | B5: Microsoft Azure | C5: Encryption | D5: Config Export | E5: AES-256 encryption enabled across all storage accounts | F5: /evidence/azure-encrypt-config-2026.json | G5: Security Team | H5: Current

Sheet Summary Dashboard
A1: SECURE CONFIGURATION — SUMMARY DASHBOARD
A2: ISO/IEC 27001:2022 - Control A.5.19-23: Information Security for Use of Cloud Services
A3: TABLE 1: COMPLIANCE BY CONFIGURATION AREA
A4: Configuration Area | B4: Total Items | C4: ✅ Compliant | D4: ⚠ Partial | E4: ❌ Non-Compliant | F4: N/A | G4: Compliance %
A5: Configuration Baseline | B5: =COUNTA('2. Configuration Baseline'!B5:B54)-COUNTBLANK('2. Configuration Baseline'!B5:B54) | C5: =COUNTIF('2. Configuration Baseline'!I5:I54,"✅*") | D5: =COUNTIF('2. Configuration Baseline'!I5:I54,"⚠*") | E5: =COUNTIF('2. Configuration Baseline'!I5:I54,"❌*") | F5: =COUNTIF('2. Configuration Baseline'!I5:I54,"N/A") | G5: =IF(B5-F5>0,ROUND(C5/(B5-F5)*100,1)&"%","N/A")
A6: Access Control Setup | B6: =COUNTA('3. Access Control Setup'!B5:B54)-COUNTBLANK('3. Access Control Setup'!B5:B54) | C6: =COUNTIF('3. Access Control Setup'!I5:I54,"✅*") | D6: =COUNTIF('3. Access Control Setup'!I5:I54,"⚠*") | E6: =COUNTIF('3. Access Control Setup'!I5:I54,"❌*") | F6: =COUNTIF('3. Access Control Setup'!I5:I54,"N/A") | G6: =IF(B6-F6>0,ROUND(C6/(B6-F6)*100,1)&"%","N/A")
A7: Network Security | B7: =COUNTA('4. Network Security'!B5:B54)-COUNTBLANK('4. Network Security'!B5:B54) | C7: =COUNTIF('4. Network Security'!I5:I54,"✅*") | D7: =COUNTIF('4. Network Security'!I5:I54,"⚠*") | E7: =COUNTIF('4. Network Security'!I5:I54,"❌*") | F7: =COUNTIF('4. Network Security'!I5:I54,"N/A") | G7: =IF(B7-F7>0,ROUND(C7/(B7-F7)*100,1)&"%","N/A")
A8: Encryption Configuration | B8: =COUNTA('5. Encryption Configuration'!B5:B54)-COUNTBLANK('5. Encryption Configuration'!B5:B54) | C8: =COUNTIF('5. Encryption Configuration'!I5:I54,"✅*") | D8: =COUNTIF('5. Encryption Configuration'!I5:I54,"⚠*") | E8: =COUNTIF('5. Encryption Configuration'!I5:I54,"❌*") | F8: =COUNTIF('5. Encryption Configuration'!I5:I54,"N/A") | G8: =IF(B8-F8>0,ROUND(C8/(B8-F8)*100,1)&"%","N/A")
A9: Deployment Checklist | B9: =COUNTA('6. Deployment Checklist'!B5:B54)-COUNTBLANK('6. Deployment Checklist'!B5:B54) | C9: =COUNTIF('6. Deployment Checklist'!I5:I54,"✅*") | D9: =COUNTIF('6. Deployment Checklist'!I5:I54,"⚠*") | E9: =COUNTIF('6. Deployment Checklist'!I5:I54,"❌*") | F9: =COUNTIF('6. Deployment Checklist'!I5:I54,"N/A") | G9: =IF(B9-F9>0,ROUND(C9/(B9-F9)*100,1)&"%","N/A")
A10: TOTAL | B10: =SUM(B5:B9) | C10: =SUM(C5:C9) | D10: =SUM(D5:D9) | E10: =SUM(E5:E9) | F10: =SUM(F5:F9) | G10: =IF(B10-F10>0,ROUND(C10/(B10-F10)*100,1)&"%","N/A")
A13: TABLE 2: JURISDICTIONAL & CLOUD ACT RISK SUMMARY
A14: Metric | B14: Count | C14: Status
A15: US-HQ Providers (CLOUD Act Scope) | B15: =COUNTIF('7. Jurisdictional Risk'!E7:E56,"United States") | C15: =IF(B15>0,"{WARNING} Review","{CHECK} OK")
A16: Providers with US Parent Company | B16: =COUNTIF('7. Jurisdictional Risk'!F7:F56,"Yes") | C16: =IF(B16>0,"{WARNING} Review","{CHECK} OK")
A17: CLOUD Act Potential Exposure (Unmitigated) | B17: =COUNTIF('7. Jurisdictional Risk'!G7:G56,"Potential*") | C17: =IF(B17>0,"{WARNING} Review","{CHECK} OK")
A18: CLOUD Act Mitigated | B18: =COUNTIFS('7. Jurisdictional Risk'!G7:G56,"Mitigated*") | C18: Info
A19: High/Critical Jurisdictional Risk | B19: =COUNTIF('7. Jurisdictional Risk'!N7:N56,"High")+COUNTIF('7. Jurisdictional Risk'!N7:N56,"Critical") | C19: =IF(B19>0,"{XMARK} Action","{CHECK} OK")
A20: Providers Without EU Data Boundary | B20: =COUNTIF('7. Jurisdictional Risk'!I7:I56,"No") | C20: =IF(B20>0,"{WARNING} Review","{CHECK} OK")
A21: Providers Without Customer-Managed Keys | B21: =COUNTIF('7. Jurisdictional Risk'!J7:J56,"No") | C21: =IF(B21>0,"{WARNING} Review","{CHECK} OK")
A24: TABLE 3: REGULATORY DEPLOYMENT COMPLIANCE
A25: Metric | B25: Count | C25: Status
A26: DORA Non-Compliant Configurations | B26: =COUNTIF('2. Configuration Baseline'!Y5:Y54,"Non-Compliant") | C26: =IF(B26>0,"{XMARK} Action","{CHECK} OK")
A27: NIS2 Non-Compliant Deployments | B27: =COUNTIF('2. Configuration Baseline'!Z5:Z54,"Non-Compliant") | C27: =IF(B27>0,"{XMARK} Action","{CHECK} OK")
A28: High-Risk AI Systems Pending Assessment | B28: =COUNTIF('2. Configuration Baseline'!AA5:AA54,"*Pending*") | C28: =IF(B28>0,"{WARNING} Review","{CHECK} OK")

Sheet Approval Sign-Off
A1: ASSESSMENT APPROVAL AND SIGN-OFF
A2: ISO/IEC 27001:2022 - Control A.5.19-23: Information Security for Use of Cloud Services
A3: ASSESSMENT SUMMARY
A4: Document: | B4: ISMS-IMP-A.5.23.S3 - Secure Configuration & Deployment
A5: Assessment Period:
A6: Overall Compliance Rating: | B6: =IFERROR(AVERAGE('Summary Dashboard'!G6:G10),"")
A7: Assessment Status:
A8: Assessed By:
A11: COMPLETED BY (ASSESSOR)
A12: Name:
A13: Title:
A14: Date:
A15: Signature:
A16: Comments:
A18: REVIEWED BY (INFORMATION SECURITY OFFICER)
A19: Name:
A20: Title:
A21: Date:
... A38: Special Considerations:
