Workbook

Sheet Instructions & Legend
A1: ISMS-IMP-A.5.23.S2 - Vendor Due Diligence & Contracts ISO/IEC 27001:2022 - Control A.5.19-23: Information Security for Use of Cloud Services
A3: Document Information
A4: Document ID | B4: ISMS-IMP-A.5.23.S2
A5: Workbook Title | B5: Vendor Due Diligence & Contracts
A6: Control Reference | B6: ISO/IEC 27001:2022 - Control A.5.19-23: Information Security for Use of Cloud Services
A7: Version | B7: 1.0
A8: Assessment Date
A9: Completed By
A10: Organisation
A12: Instructions
A13: 1. Complete each worksheet tab (2–7) for all cloud service vendors.
A14: 2. Use dropdown menus for standardised entries.
A15: 3. Fill in yellow-highlighted cells with vendor-specific information.
A16: 4. Attach evidence: contracts (MSA, DPA, SLA), security certifications, audit reports.
A17: 5. Complete Jurisdictional Risk sheet (7) for all US-nexus providers.
A18: 6. Document SLA performance metrics and track contract renewal dates.
A19: 7. Update vendor security posture assessments annually or upon significant changes.
A20: 8. Summary Dashboard auto-calculates vendor compliance statistics.
... A24: Status Legend
A25: Symbol | B25: Status | C25: Description
A26: ✓ | B26: Compliant / Complete | C26: Requirement fully met
A27: ⚠ | B27: Partial / In Progress | C27: Partially met or in progress
A28: ✗ | B28: Non-Compliant / Not Started | C28: Requirement not met
A29: — | B29: Not Applicable | C29: Not applicable to this assessment
A31: Regulatory Compliance
A32: This workbook includes regulatory compliance tracking for:
A33: • DORA (Digital Operational Resilience Act) — Art.30 contract clauses
A34: • NIS2 (Network and Information Security Directive 2) — Supply chain security
A35: • EU AI Act — AI service provider evaluation criteria
A36: • US CLOUD Act — Jurisdictional risk assessment
A38: Sheet 7 (Jurisdictional Risk) helps assess CLOUD Act exposure for US-nexus providers.
A39: Contract Terms checklist now includes DORA Art.30 and NIS2 requirements.
A41: Acceptable Evidence (examples)
A42: ✓ Master Service Agreement (MSA)
A43: ✓ Data Processing Agreement (DPA) / Addendum
A44: ✓ Service Level Agreement (SLA)
... A56: ✓ Jurisdictional risk assessment (for US-nexus providers)

Sheet 2. Security Certifications
A1: VENDOR SECURITY CERTIFICATIONS Policy Requirement: All cloud vendors must maintain ISO 27001 or equivalent security certification (Policy S2 Section 3.1)
A2: Assessment Question: Do your cloud service vendors hold current security certifications (ISO 27001, SOC 2, FedRAMP, etc.)?
A3: Cloud Service Name | B3: Vendor Name | C3: Service Type | D3: Service Criticality | E3: Data Classification | F3: Contract Type | G3: Contract Start Date | H3: Status | I3: Evidence Location | J3: Gap Description | K3: Remediation Needed | L3: Exception ID | M3: Risk ID | N3: Compensating Controls | O3: Vendor Contact (Legal) | P3: Target Remediation Date | Q3: Contract Owner | R3: ISO 27001 Certified | S3: ISO 27001 Cert Number | T3: ISO 27001 Expiry Date | U3: SOC 2 Type II Report | V3: SOC 2 Report Date | W3: FedRAMP Authorised | X3: Other Certifications
A4: CERT-001 | B4: Vendor Security Certifications | C4: Amazon Web Services | D4: Critical | E4: Confidential | F4: Annual | G4: SaaS/IaaS | H4: Verified | I4: AWS Security Team | J4: ISO 27001:2022 + SOC 2 Type II + CSA STAR
A57: COMPLIANCE CHECKLIST
A58: ☐ | B58: Requirement | C58: Status | D58: Evidence Type
A59: ☐ | B59: All critical/high services have ISO 27001 or SOC 2 Type II | D59: Certification register
A60: ☐ | B60: Certificates verified as current (not expired) | D60: Certificate expiry tracking
A61: ☐ | B61: SOC 2 reports obtained within last 12 months | D61: Vendor portal, NDA required
A62: ☐ | B62: Certificate scope covers services in use | D62: Certificate scope statement
A63: ☐ | B63: Certificate issuing body is accredited (e.g., UKAS, ANAB) | D63: Issuer verification
A64: ☐ | B64: FedRAMP authorisation verified for US government workloads | D64: FedRAMP marketplace
A65: ☐ | B65: Industry-specific certs documented (PCI-DSS, HIPAA, etc.) | D65: Compliance attestations
A66: ☐ | B66: Certificate renewal dates tracked in contract management system | D66: CMS reports

Sheet 3. Contract Terms
A1: CONTRACT TERMS ANALYSIS (INCL. DORA/NIS2) Policy Requirement: All cloud service contracts must include security clauses, data protection terms, and termination rights (Policy S2 Section 3.2)
A2: Assessment Question: Have all cloud service contracts been reviewed for security, data protection, and regulatory clauses (DORA Art.30, NIS2)?
A3: Cloud Service Name | B3: Vendor Name | C3: Service Type | D3: Service Criticality | E3: Data Classification | F3: Contract Type | G3: Contract Start Date | H3: Status | I3: Evidence Location | J3: Gap Description | K3: Remediation Needed | L3: Exception ID | M3: Risk ID | N3: Compensating Controls | O3: Vendor Contact (Legal) | P3: Target Remediation Date | Q3: Contract Owner | R3: Data Protection Clause | S3: Subprocessor Disclosure | T3: Liability Cap (CHF) | U3: Indemnification Clause | V3: Termination Notice Period | W3: Data Return on Termination | X3: Auto-Renewal Clause | Y3: DORA Art.30 Compliance | Z3: NIS2 Supply Chain Clause
A4: CONTRACT-001 | B4: Cloud Service Contract Review | C4: Microsoft Azure | D4: Critical | E4: Confidential | F4: Annual | G4: SaaS/PaaS | H4: Reviewed | I4: Legal Team | J4: Full contract + DPA + SLA
A57: COMPLIANCE CHECKLIST
A58: ☐ | B58: Requirement | C58: Status | D58: Evidence Type
A59: ☐ | B59: Data protection clause references GDPR/nFADP | D59: Contract review
A60: ☐ | B60: Subprocessor list reviewed by Legal | D60: Legal sign-of
A61: ☐ | B61: Liability cap reasonable for service criticality | D61: Risk assessment
A62: ☐ | B62: Termination notice ≤90 days for non-critical services | D62: Contract terms
A63: ☐ | B63: Data return process documented with timeline | D63: Exit annex
A64: ☐ | B64: Insurance requirements verified (cyber liability) | D64: Insurance cert
A65: ☐ | B65: Governing law and jurisdiction acceptable | D65: Legal review
A66: ☐ | B66: DORA Art.30(2)(a): Clear service descriptions | D66: Contract clause
A67: ☐ | B67: DORA Art.30(2)(b): Data processing locations specified | D67: DPA/Contract
A68: ☐ | B68: DORA Art.30(2)(c): Subcontracting conditions defined | D68: Subprocessor annex
A69: ☐ | B69: DORA Art.30(2)(d): Full access and audit rights | D69: Audit clause
A70: ☐ | B70: DORA Art.30(2)(e): Cooperation with regulators | D70: Regulatory clause
... A77: ☐ | B77: Right to conduct security assessments and penetration testing of supplier infrastructure (contractual right confirmed) | D77: Audit rights clause, penetration test agreement

Sheet 4. SLA Performance
A1: SLA REQUIREMENTS & PERFORMANCE TRACKING Policy Requirement: SLAs must define availability, support response times, and performance penalties (Policy S2 Section 3.3)
A2: Assessment Question: Do all cloud services have documented SLAs with performance commitments?
A3: Cloud Service Name | B3: Vendor Name | C3: Service Type | D3: Service Criticality | E3: Data Classification | F3: Contract Type | G3: Contract Start Date | H3: Status | I3: Evidence Location | J3: Gap Description | K3: Remediation Needed | L3: Exception ID | M3: Risk ID | N3: Compensating Controls | O3: Vendor Contact (Legal) | P3: Target Remediation Date | Q3: Contract Owner | R3: SLA Availability % | S3: Actual Availability Q4 | T3: SLA Credits Claimed | U3: Support Response Time | V3: Incident Count Q4 | W3: Mean Time to Resolve | X3: SLA Review Date
A4: SLA-001 | B4: SLA Performance Review | C4: AWS | D4: Critical | E4: Internal | F4: Monthly | G4: IaaS | H4: Within SLA | I4: IT Operations | J4: SLA performance dashboard export
A57: COMPLIANCE CHECKLIST
A58: ☐ | B58: Requirement | C58: Status | D58: Evidence Type
A59: ☐ | B59: SLA availability target documented (e.g., 99.9%) | D59: SLA document
A60: ☐ | B60: SLA credits/penalties defined for breaches | D60: SLA terms
A61: ☐ | B61: Support response times defined by severity | D61: Support matrix
A62: ☐ | B62: Incident escalation path documented | D62: Support procedures
A63: ☐ | B63: Planned maintenance notification requirements | D63: SLA terms
A64: ☐ | B64: Performance metrics reporting frequency defined | D64: SLA reporting
A65: ☐ | B65: SLA review cadence established (quarterly/annual) | D65: Contract terms
A66: ☐ | B66: Historical SLA performance reviewed | D66: Vendor reports

Sheet 5. Data Sovereignty
A1: DATA SOVEREIGNTY & COMPLIANCE Policy Requirement: Vendor data processing locations must comply with organisational data residency requirements (Policy S2 Section 3.4)
A2: Assessment Question: Do vendors comply with data sovereignty and regulatory requirements for your data?
A3: Cloud Service Name | B3: Vendor Name | C3: Service Type | D3: Service Criticality | E3: Data Classification | F3: Contract Type | G3: Contract Start Date | H3: Status | I3: Evidence Location | J3: Gap Description | K3: Remediation Needed | L3: Exception ID | M3: Risk ID | N3: Compensating Controls | O3: Vendor Contact (Legal) | P3: Target Remediation Date | Q3: Contract Owner | R3: Data Processing Region | S3: Data Residency Verified | T3: Standard Contractual Clauses | U3: Data Transfer Mechanism | V3: GDPR Compliance | W3: Swiss nFADP Compliance | X3: Regulatory Framework
A4: SOV-001 | B4: Data Sovereignty Assessment | C4: Microsoft Azure | D4: Critical | E4: Confidential | F4: Annual | G4: SaaS | H4: Compliant | I4: DPO | J4: DPA + Data Residency Confirmation
A57: COMPLIANCE CHECKLIST
A58: ☐ | B58: Requirement | C58: Status | D58: Evidence Type
A59: ☐ | B59: Data processing locations documented | D59: DPA, vendor docs
A60: ☐ | B60: Data residency meets regulatory requirements | D60: Compliance review
A61: ☐ | B61: Standard Contractual Clauses (SCCs) in place | D61: DPA annex
A62: ☐ | B62: Transfer Impact Assessment completed | D62: TIA document
A63: ☐ | B63: GDPR compliance verified | D63: Compliance attestation
A64: ☐ | B64: Swiss nFADP compliance verified | D64: Compliance attestation
A65: ☐ | B65: Restricted data not processed outside approved regions | D65: Data mapping
A66: ☐ | B66: Sub-processor locations reviewed and approved | D66: Sub-processor list
A67: ☐ | B67: Swiss nFADP Transfer Impact Assessment completed for transfers to non-adequate countries (beyond EU adequacy) | D67: TIA document, legal counsel sign-off

Sheet 6. Forensics & Audit
A1: FORENSICS, AUDIT RIGHTS & INCIDENT RESPONSE Policy Requirement: Vendors must support forensic investigations and grant audit rights (Policy S2 Section 3.5)
A2: Assessment Question: Do vendors provide forensic capabilities, audit rights, and incident response support?
A3: Cloud Service Name | B3: Vendor Name | C3: Service Type | D3: Service Criticality | E3: Data Classification | F3: Contract Type | G3: Contract Start Date | H3: Status | I3: Evidence Location | J3: Gap Description | K3: Remediation Needed | L3: Exception ID | M3: Risk ID | N3: Compensating Controls | O3: Vendor Contact (Legal) | P3: Target Remediation Date | Q3: Contract Owner | R3: Forensics Support | S3: Forensics SLA | T3: Right to Audit | U3: Audit Notice Period | V3: Incident Notification SLA | W3: Breach Notification | X3: IR Playbook Provided
A4: FOR-001 | B4: Forensics & Audit Access Review | C4: AWS | D4: High | E4: Internal | F4: Annual | G4: IaaS | H4: Compliant | I4: Security Team | J4: Audit agreement + IR playbook
A57: COMPLIANCE CHECKLIST
A58: ☐ | B58: Requirement | C58: Status | D58: Evidence Type
A59: ☐ | B59: Forensics support verified for critical/high services | D59: Vendor capability
A60: ☐ | B60: Forensics SLA documented (log retention, data export) | D60: IR annex
A61: ☐ | B61: Right to audit clause in contract | D61: Contract clause
A62: ☐ | B62: Audit notice period ≤30 days for critical services | D62: Audit terms
A63: ☐ | B63: Incident notification SLA ≤24 hours | D63: Incident SLA
A64: ☐ | B64: Breach notification meets GDPR 72-hour requirement | D64: Breach clause
A65: ☐ | B65: Incident response playbook obtained and reviewed | D65: IR playbook
A66: ☐ | B66: Vendor participates in tabletop exercises (if critical) | D66: Exercise records

Sheet 7. Jurisdictional Risk
A1: JURISDICTIONAL RISK ASSESSMENT CLOUD Act, Data Sovereignty, and Cross-Border Transfer Analysis
A2: Policy Requirement: Assess jurisdictional risks for all cloud providers, particularly US-headquartered providers subject to CLOUD Act (Policy S5 Section 4)
A3: ⚠ US-headquartered providers (or providers with US parent companies) may be compelled to disclose data under CLOUD Act regardless of data location. Assess and document mitigations.
A5: Assessment ID | B5: Cloud Service Name | C5: Provider Name | D5: Provider HQ Country | E5: Provider HQ Jurisdiction | F5: US Parent Company | G5: CLOUD Act Applicability | H5: Data Processing Locations | I5: EU Data Boundary Available | J5: Customer Managed Keys | K5: Legal Challenge Commitment | L5: Adequacy Decision Status | M5: Transfer Mechanism | N5: Risk Level | O5: Risk Accepted By | P5: Risk Acceptance Date | Q5: Compensating Controls | R5: Review Date | S5: Evidence Reference | T5: Notes
A7: JRA-001 | B7: Microsoft 365 | C7: Microsoft Corporation | D7: United States | E7: United States | F7: No | G7: Mitigated (EU Data Boundary) | H7: EU, Switzerland (EU Data Boundary enabled) | I7: Yes | J7: Yes | K7: Yes | L7: Adequacy Decision (Swiss-US DPF) | M7: SCCs | N7: Medium | O7: CISO | P7: 2025-01-15 | Q7: EU Data Boundary + Customer Lockbox | R7: 2025-07-01 | S7: EV-JRA-001 | T7: Example entry - delete or overwrite
A60: JURISDICTIONAL RISK CHECKLIST
A61: ☐ | B61: Requirement | C61: Status | D61: Evidence Type
A62: ☐ | B62: Provider HQ jurisdiction identified and documented | D62: Vendor documentation
A63: ☐ | B63: US parent company status verified | D63: Corporate structure review
A64: ☐ | B64: CLOUD Act exposure assessed for US-nexus providers | D64: Legal review
A65: ☐ | B65: Data processing locations documented in DPA | D65: DPA review
A66: ☐ | B66: EU Data Boundary availability checked | D66: Vendor announcement/docs
A67: ☐ | B67: Customer-managed encryption keys option evaluated | D67: Technical documentation
A68: ☐ | B68: Legal challenge commitment verified | D68: Contract/Public statement
A69: ☐ | B69: Transfer mechanism documented (SCCs, BCRs, etc.) | D69: DPA
A70: ☐ | B70: Risk acceptance recorded if residual risk remains | D70: Risk register
A71: ☐ | B71: Compensating controls documented for high-risk providers | D71: Control documentation
A74: CLOUD ACT MITIGATION STRATEGIES (Reference)
A75: • Technical: | B75: EU Data Boundary, Customer-managed encryption keys, Confidential Computing
A76: • Contractual: | B76: Legal challenge commitment, Data disclosure notification, SCCs with supplementary measures
A77: • Organisational: | B77: Risk acceptance by CISO/DPO, Documented risk assessment, Regular review cycle
A78: • Alternative: | B78: Consider EU-headquartered alternatives for highest-risk data categories

Sheet Evidence Register
A1: EVIDENCE REGISTER
A2: Record all vendor contracts, certifications, and compliance evidence for this assessment
A4: Evidence ID | B4: Vendor Name | C4: Evidence Type | D4: Description | E4: Location/Path | F4: Date Collected | G4: Collected By | H4: Status
A5: EV-001 | B5: Cloudflare Ltd | C5: Contract (DPA) | D5: Data Processing Agreement for CDN/DNS services | E5: /evidence/contracts/cloudflare-dpa-2026.pdf | F5: 15.01.2026 | G5: Security Team | H5: Verified

Sheet Summary Dashboard
A1: VENDOR DUE DILIGENCE — SUMMARY DASHBOARD
A2: ISO/IEC 27001:2022 - Control A.5.19-23: Information Security for Use of Cloud Services
A3: TABLE 1: COMPLIANCE SUMMARY BY ASSESSMENT AREA
A4: Assessment Area | B4: Total Vendors | C4: ✅ Compliant | D4: ⚠ Partial | E4: ❌ Non-Compliant | F4: N/A | G4: Compliance %
A5: Security Certifications | B5: =COUNTA('2. Security Certifications'!A5:A80)-COUNTBLANK('2. Security Certifications'!B5:B80) | C5: =COUNTIF('2. Security Certifications'!H5:H80,"✅*") | D5: =COUNTIF('2. Security Certifications'!H5:H80,"⚠*") | E5: =COUNTIF('2. Security Certifications'!H5:H80,"❌*") | F5: =COUNTIF('2. Security Certifications'!H5:H80,"N/A") | G5: =IF(B5=0,"N/A",ROUND((C5/(B5-F5))*100,1)&"%")
A6: Contract Terms | B6: =COUNTA('3. Contract Terms'!A5:A80)-COUNTBLANK('3. Contract Terms'!B5:B80) | C6: =COUNTIF('3. Contract Terms'!H5:H80,"✅*") | D6: =COUNTIF('3. Contract Terms'!H5:H80,"⚠*") | E6: =COUNTIF('3. Contract Terms'!H5:H80,"❌*") | F6: =COUNTIF('3. Contract Terms'!H5:H80,"N/A") | G6: =IF(B6=0,"N/A",ROUND((C6/(B6-F6))*100,1)&"%")
A7: SLA Performance | B7: =COUNTA('4. SLA Performance'!A5:A80)-COUNTBLANK('4. SLA Performance'!B5:B80) | C7: =COUNTIF('4. SLA Performance'!H5:H80,"✅*") | D7: =COUNTIF('4. SLA Performance'!H5:H80,"⚠*") | E7: =COUNTIF('4. SLA Performance'!H5:H80,"❌*") | F7: =COUNTIF('4. SLA Performance'!H5:H80,"N/A") | G7: =IF(B7=0,"N/A",ROUND((C7/(B7-F7))*100,1)&"%")
A8: Data Sovereignty | B8: =COUNTA('5. Data Sovereignty'!A5:A80)-COUNTBLANK('5. Data Sovereignty'!B5:B80) | C8: =COUNTIF('5. Data Sovereignty'!H5:H80,"✅*") | D8: =COUNTIF('5. Data Sovereignty'!H5:H80,"⚠*") | E8: =COUNTIF('5. Data Sovereignty'!H5:H80,"❌*") | F8: =COUNTIF('5. Data Sovereignty'!H5:H80,"N/A") | G8: =IF(B8=0,"N/A",ROUND((C8/(B8-F8))*100,1)&"%")
A9: Forensics & Audit | B9: =COUNTA('6. Forensics & Audit'!A5:A80)-COUNTBLANK('6. Forensics & Audit'!B5:B80) | C9: =COUNTIF('6. Forensics & Audit'!H5:H80,"✅*") | D9: =COUNTIF('6. Forensics & Audit'!H5:H80,"⚠*") | E9: =COUNTIF('6. Forensics & Audit'!H5:H80,"❌*") | F9: =COUNTIF('6. Forensics & Audit'!H5:H80,"N/A") | G9: =IF(B9=0,"N/A",ROUND((C9/(B9-F9))*100,1)&"%")
A10: Jurisdictional Risk | B10: =COUNTA('7. Jurisdictional Risk'!A8:A71)-COUNTBLANK('7. Jurisdictional Risk'!B8:B71) | C10: =COUNTIF('7. Jurisdictional Risk'!N8:N71,"Low")+COUNTIF('7. Jurisdictional Risk'!N8:N71,"Medium") | D10: =COUNTIF('7. Jurisdictional Risk'!N8:N71,"High") | E10: =COUNTIF('7. Jurisdictional Risk'!N8:N71,"Critical") | F10: =0 | G10: =IF(B10=0,"N/A",ROUND((C10/(B10-F10))*100,1)&"%")
A11: TOTAL | B11: =SUM(B5:B10) | C11: =SUM(C5:C10) | D11: =SUM(D5:D10) | E11: =SUM(E5:E10) | F11: =SUM(F5:F10) | G11: =IF(B11=0,"N/A",ROUND((C11/(B11-F11))*100,1)&"%")
A14: TABLE 2: JURISDICTIONAL & CLOUD ACT RISK SUMMARY
A16: Metric | B16: Count | C16: Status
A17: US-HQ Providers (CLOUD Act Scope) | B17: =COUNTIF('7. Jurisdictional Risk'!E8:E71,"United States") | C17: =IF(B17>0,"⚠ Review Required","✅ OK")
A18: Providers with US Parent Company | B18: =COUNTIF('7. Jurisdictional Risk'!F8:F71,"Yes") | C18: =IF(B18>0,"⚠ Review Required","✅ OK")
A19: CLOUD Act Potential Exposure (Unmitigated) | B19: =COUNTIF('7. Jurisdictional Risk'!G8:G71,"Potential*") | C19: =IF(B19>0,"⚠ Review Required","✅ OK")
A20: CLOUD Act Mitigated | B20: =COUNTIF('7. Jurisdictional Risk'!G8:G71,"Mitigated*") | C20: =IF(B20>0,"⚠ Review Required","✅ OK")
A21: High/Critical Jurisdictional Risk | B21: =COUNTIF('7. Jurisdictional Risk'!N8:N71,"High")+COUNTIF('7. Jurisdictional Risk'!N8:N71,"Critical") | C21: =IF(B21>0,"⚠ Review Required","✅ OK")
A22: Providers Without EU Data Boundary | B22: =COUNTIF('7. Jurisdictional Risk'!I8:I71,"No") | C22: =IF(B22>0,"⚠ Review Required","✅ OK")
A23: Providers Without Customer-Managed Keys | B23: =COUNTIF('7. Jurisdictional Risk'!J8:J71,"No") | C23: =IF(B23>0,"⚠ Review Required","✅ OK")
A26: TABLE 3: SECURITY CERTIFICATION STATUS
A27: Certification | B27: Yes (Current) | C27: Expired/Pending | D27: No/Unknown
A28: ISO 27001 | B28: =COUNTIF('2. Security Certifications'!R5:R67,"Yes (Current)") | C28: =COUNTIF('2. Security Certifications'!R5:R67,"Yes (Expired)") | D28: =COUNTIF('2. Security Certifications'!R5:R67,"No")+COUNTIF('2. Security Certifications'!R5:R67,"Unknown")
A29: SOC 2 Type II | B29: =COUNTIF('2. Security Certifications'!U5:U67,"Yes*") | C29: =0 | D29: =COUNTIF('2. Security Certifications'!U5:U67,"No")+COUNTIF('2. Security Certifications'!U5:U67,"Unknown")
A30: FedRAMP | B30: =COUNTIF('2. Security Certifications'!W5:W67,"Yes*") | C30: =0 | D30: =COUNTIF('2. Security Certifications'!W5:W67,"No")+COUNTIF('2. Security Certifications'!W5:W67,"N/A")
A33: TABLE 4: DATA SOVEREIGNTY RISKS
A34: Risk | B34: Count | C34: Severity
A35: Restricted Data Outside Switzerland/EU | B35: =COUNTIF('5. Data Sovereignty'!R5:R67,"USA")+COUNTIF('5. Data Sovereignty'!R5:R67,"Asia-Pacific") | C35: Critical
A36: Confidential Data Without SCCs | B36: =COUNTIF('5. Data Sovereignty'!T5:T67,"No") | C36: High
A37: GDPR Compliance Not Verified | B37: =COUNTIF('5. Data Sovereignty'!V5:V67,"No")+COUNTIF('5. Data Sovereignty'!V5:V67,"N/A") | C37: High

Sheet Approval Sign-Off
A1: ASSESSMENT APPROVAL AND SIGN-OFF
A2: ISO/IEC 27001:2022 - Control A.5.19-23: Information Security for Use of Cloud Services
A3: ASSESSMENT SUMMARY
A4: Document: | B4: ISMS-IMP-A.5.23.S2 - Vendor Due Diligence & Contracts
A5: Assessment Period:
A6: Overall Compliance Rating: | B6: =IFERROR(AVERAGE('Summary Dashboard'!G6:G11),"")
A7: Assessment Status:
A8: Assessed By:
A11: COMPLETED BY (ASSESSOR)
A12: Name:
A13: Title:
A14: Date:
A15: Signature:
A16: Comments:
A18: REVIEWED BY (INFORMATION SECURITY OFFICER)
A19: Name:
A20: Title:
A21: Date:
... A38: Special Considerations:
