Workbook

Sheet Instructions
A1: ISMS-IMP-A.7.12-13.S3 - Maintenance Schedule Tracking ISO/IEC 27001:2022 - Control A.7.13: Equipment Maintenance
A3: Configuration
A4: Organisation
A5: Workbook Start Date
A6: Responsible Department
A7: Update Frequency | B7: Monthly
A8: Days Before Due to Flag as Upcoming | B8: 30
A9: Days Overdue to Escalate (Standard) | B9: 14
A10: Days Overdue to Escalate (Critical) | B10: 7
A12: HOW TO USE THIS WORKBOOK
A13: This is an OPERATIONAL TRACKING workbook - update regularly (monthly minimum).
A15: 1. Sheet 2 (Equipment Schedule) - Master list of all equipment with maintenance schedules.
A16: 2. Sheet 3 (Overdue Tracking) - Track overdue items with escalation and compensating controls.
A17: 3. Sheet 4 (Upcoming Maintenance) - View maintenance due in next 30/60/90 days.
A18: 4. Sheet 5 (Dashboard) - Automated compliance metrics and KPIs.
A19: 5. Sheet 6 (Maintenance Log) - Historical record of completed maintenance.
A20: 6. Sheet 7 (Evidence Register) - Link to supporting evidence.
A22: STATUS LEGEND:
A23: ✅ Current - Maintenance up to date
A24: ⚠ Due Soon - Maintenance due within configured warning period
A25: ❌ Overdue - Maintenance past due date

Sheet Equipment Schedule
A1: Equipment Maintenance Schedule Track preventive maintenance for all equipment
A3: Equipment ID | B3: Equipment Type | C3: Equipment Description | D3: Location | E3: Criticality | F3: Maintenance Type | G3: Frequency | H3: Responsible Party | I3: Last Completed | J3: Next Due | K3: Status | L3: Days Until/Overdue | M3: Record Ref | N3: Notes
J4: =IF(I4="","",I4+CHOOSE(MATCH(G4,{"Monthly","Quarterly","Semi-annually","Annually"},0),30,90,180,365)) | K4: =IF(J4="","",IF(J4>TODAY()+30,"✅ Current",IF(J4>TODAY(),"⚠ Due Soon","❌ Overdue"))) | L4: =IF(J4="","",J4-TODAY())
J5: =IF(I5="","",I5+CHOOSE(MATCH(G5,{"Monthly","Quarterly","Semi-annually","Annually"},0),30,90,180,365)) | K5: =IF(J5="","",IF(J5>TODAY()+30,"✅ Current",IF(J5>TODAY(),"⚠ Due Soon","❌ Overdue"))) | L5: =IF(J5="","",J5-TODAY())
J6: =IF(I6="","",I6+CHOOSE(MATCH(G6,{"Monthly","Quarterly","Semi-annually","Annually"},0),30,90,180,365)) | K6: =IF(J6="","",IF(J6>TODAY()+30,"✅ Current",IF(J6>TODAY(),"⚠ Due Soon","❌ Overdue"))) | L6: =IF(J6="","",J6-TODAY())
J7: =IF(I7="","",I7+CHOOSE(MATCH(G7,{"Monthly","Quarterly","Semi-annually","Annually"},0),30,90,180,365)) | K7: =IF(J7="","",IF(J7>TODAY()+30,"✅ Current",IF(J7>TODAY(),"⚠ Due Soon","❌ Overdue"))) | L7: =IF(J7="","",J7-TODAY())
J8: =IF(I8="","",I8+CHOOSE(MATCH(G8,{"Monthly","Quarterly","Semi-annually","Annually"},0),30,90,180,365)) | K8: =IF(J8="","",IF(J8>TODAY()+30,"✅ Current",IF(J8>TODAY(),"⚠ Due Soon","❌ Overdue"))) | L8: =IF(J8="","",J8-TODAY())
J9: =IF(I9="","",I9+CHOOSE(MATCH(G9,{"Monthly","Quarterly","Semi-annually","Annually"},0),30,90,180,365)) | K9: =IF(J9="","",IF(J9>TODAY()+30,"✅ Current",IF(J9>TODAY(),"⚠ Due Soon","❌ Overdue"))) | L9: =IF(J9="","",J9-TODAY())
J10: =IF(I10="","",I10+CHOOSE(MATCH(G10,{"Monthly","Quarterly","Semi-annually","Annually"},0),30,90,180,365)) | K10: =IF(J10="","",IF(J10>TODAY()+30,"✅ Current",IF(J10>TODAY(),"⚠ Due Soon","❌ Overdue"))) | L10: =IF(J10="","",J10-TODAY())
J11: =IF(I11="","",I11+CHOOSE(MATCH(G11,{"Monthly","Quarterly","Semi-annually","Annually"},0),30,90,180,365)) | K11: =IF(J11="","",IF(J11>TODAY()+30,"✅ Current",IF(J11>TODAY(),"⚠ Due Soon","❌ Overdue"))) | L11: =IF(J11="","",J11-TODAY())
J12: =IF(I12="","",I12+CHOOSE(MATCH(G12,{"Monthly","Quarterly","Semi-annually","Annually"},0),30,90,180,365)) | K12: =IF(J12="","",IF(J12>TODAY()+30,"✅ Current",IF(J12>TODAY(),"⚠ Due Soon","❌ Overdue"))) | L12: =IF(J12="","",J12-TODAY())
J13: =IF(I13="","",I13+CHOOSE(MATCH(G13,{"Monthly","Quarterly","Semi-annually","Annually"},0),30,90,180,365)) | K13: =IF(J13="","",IF(J13>TODAY()+30,"✅ Current",IF(J13>TODAY(),"⚠ Due Soon","❌ Overdue"))) | L13: =IF(J13="","",J13-TODAY())
J14: =IF(I14="","",I14+CHOOSE(MATCH(G14,{"Monthly","Quarterly","Semi-annually","Annually"},0),30,90,180,365)) | K14: =IF(J14="","",IF(J14>TODAY()+30,"✅ Current",IF(J14>TODAY(),"⚠ Due Soon","❌ Overdue"))) | L14: =IF(J14="","",J14-TODAY())
J15: =IF(I15="","",I15+CHOOSE(MATCH(G15,{"Monthly","Quarterly","Semi-annually","Annually"},0),30,90,180,365)) | K15: =IF(J15="","",IF(J15>TODAY()+30,"✅ Current",IF(J15>TODAY(),"⚠ Due Soon","❌ Overdue"))) | L15: =IF(J15="","",J15-TODAY())
... J203: =IF(I203="","",I203+CHOOSE(MATCH(G203,{"Monthly","Quarterly","Semi-annually","Annually"},0),30,90,180,365)) | K203: =IF(J203="","",IF(J203>TODAY()+30,"✅ Current",IF(J203>TODAY(),"⚠ Due Soon","❌ Overdue"))) | L203: =IF(J203="","",J203-TODAY())

Sheet Overdue Tracking
A1: Overdue Maintenance Tracking Manage and escalate overdue maintenance items
A3: Equipment ID | B3: Equipment Description | C3: Maintenance Type | D3: Original Due Date | E3: Days Overdue | F3: Reason for Delay | G3: Estimated Completion | H3: Escalated | I3: Escalated To | J3: Compensating Control | K3: Resolution Notes

Sheet Upcoming Maintenance
A1: Upcoming Maintenance Plan maintenance for the next 30/60/90 days
A3: This sheet provides a view of upcoming maintenance. Data is linked from Equipment Schedule.
A5: Next 30 Days
A6: Equipment ID | B6: Equipment Description | C6: Maintenance Type | D6: Due Date | E6: Days Until Due | F6: Scheduled Date | G6: Assigned To | H6: Vendor Booked
A39: 31-60 Days
A40: Equipment ID | B40: Equipment Description | C40: Maintenance Type | D40: Due Date | E40: Days Until Due | F40: Scheduled Date | G40: Assigned To | H40: Vendor Booked
A62: 61-90 Days
A63: Equipment ID | B63: Equipment Description | C63: Maintenance Type | D63: Due Date | E63: Days Until Due | F63: Scheduled Date | G63: Assigned To | H63: Vendor Booked

Sheet Dashboard
A1: MAINTENANCE SCHEDULE DASHBOARD
A3: Overall Compliance
A4: Total Equipment in Programme | B4: =COUNTA('Equipment Schedule'!A4:A203)
A5: Equipment Current | B5: =COUNTIF('Equipment Schedule'!K4:K203,"✅*")
A6: Equipment Due Soon | B6: =COUNTIF('Equipment Schedule'!K4:K203,"⚠*")
A7: Equipment Overdue | B7: =COUNTIF('Equipment Schedule'!K4:K203,"❌*")
A8: Compliance Rate (%) | B8: =IF(B4=0,"N/A",ROUND(B5/B4*100,1)&"%")
A10: Compliance by Criticality
A11: Criticality | B11: Total | C11: Current | D11: Due Soon | E11: Overdue | F11: % Current
A12: Tier 1 - Critical | B12: =COUNTIF('Equipment Schedule'!E4:E203,"Tier 1*") | C12: =COUNTIFS('Equipment Schedule'!E4:E203,"Tier 1*",'Equipment Schedule'!K4:K203,"✅*") | D12: =COUNTIFS('Equipment Schedule'!E4:E203,"Tier 1*",'Equipment Schedule'!K4:K203,"⚠*") | E12: =COUNTIFS('Equipment Schedule'!E4:E203,"Tier 1*",'Equipment Schedule'!K4:K203,"❌*") | F12: =IF(B12=0,"N/A",ROUND(C12/B12*100,1)&"%")
A13: Tier 2 - Standard | B13: =COUNTIF('Equipment Schedule'!E4:E203,"Tier 2*") | C13: =COUNTIFS('Equipment Schedule'!E4:E203,"Tier 2*",'Equipment Schedule'!K4:K203,"✅*") | D13: =COUNTIFS('Equipment Schedule'!E4:E203,"Tier 2*",'Equipment Schedule'!K4:K203,"⚠*") | E13: =COUNTIFS('Equipment Schedule'!E4:E203,"Tier 2*",'Equipment Schedule'!K4:K203,"❌*") | F13: =IF(B13=0,"N/A",ROUND(C13/B13*100,1)&"%")
A16: Overdue Summary
A17: Total Overdue Items | B17: =COUNTIF('Equipment Schedule'!K4:K203,"❌*")
A18: Critical Equipment Overdue | B18: =COUNTIFS('Equipment Schedule'!E4:E203,"Tier 1*",'Equipment Schedule'!K4:K203,"❌*")

Sheet Maintenance Log
A1: Maintenance Log Historical record of completed maintenance
A3: Equipment ID | B3: Maintenance Type | C3: Scheduled Date | D3: Actual Completion | E3: Performed By | F3: Record Reference | G3: Findings/Notes | H3: Follow-up Required | I3: Follow-up Notes

Sheet Evidence Register
A1: EVIDENCE REGISTER
A3: Evidence ID | B3: Evidence Type | C3: Description | D3: Related Equipment/Item | E3: File Name | F3: File Location | G3: Collection Date | H3: Collected By | I3: Retention Period | J3: Notes
A4: EVID-001
A5: EVID-002
A6: EVID-003
A7: EVID-004
A8: EVID-005
A9: EVID-006
A10: EVID-007
A11: EVID-008
A12: EVID-009
A13: EVID-010
A14: EVID-011
A15: EVID-012
... A103: EVID-100
