Workbook

Sheet Instructions & Legend
A1: ISMS-IMP-A.8.9.2 - Change Control ISO/IEC 27001:2022 - Control A.8.9: Configuration Management
A3: Document Information
A4: Document ID | B4: ISMS-IMP-A.8.9.2
A5: Workbook Title | B5: Change Control
A6: Control Reference | B6: ISO/IEC 27001:2022 - Control A.8.9: Configuration Management
A7: Version | B7: 1.0
A8: Assessment Date
A9: Completed By
A10: Organisation
A12: Instructions
A13: 1. Complete each worksheet tab for applicable systems/services.
A14: 2. Use dropdown menus for standardised entries (Status, Remediation, etc.).
A15: 3. Fill in yellow-highlighted cells with your information.
A16: 4. If Status = Partial or Non-Compliant, complete the Exception/Deviation section.
A17: 5. Check all applicable items in the Compliance Checklist for each section.
A18: 6. Provide evidence location/path for each implementation entry.
A19: 7. Summary Dashboard auto-calculates compliance statistics.
A20: 8. Maintain the Evidence Register for audit traceability.
... A23: Status Legend
A24: Symbol | B24: Status | C24: Description
A25: ✓ | B25: Compliant / Complete | C25: Requirement fully met
A26: ⚠ | B26: Partial / In Progress | C26: Partially met or in progress
A27: ✗ | B27: Non-Compliant / Not Started | C27: Requirement not met
A28: — | B28: Not Applicable | C28: Not applicable to this assessment

Sheet Change Request Register
A1: CHANGE REQUEST REGISTER - CONFIGURATION CHANGE TRACKING
A2: Change ID | B2: Change Title | C2: Change Type | D2: Priority | E2: Affected Systems/Assets | F2: Requestor Name | G2: Requestor Contact | H2: Request Date | I2: Required Implementation Date | J2: Change Status | K2: Current Phase | L2: Days in Current Phase | M2: Overall Status Indicator | N2: Notes
A4: CRQ-2026-0001 | B4: Disable legacy TLS 1.0/1.1 on all web servers | C4: Normal | D4: P2-High | E4: All production web servers (12 hosts) | F4: J. Smith | G4: j.smith@company.com | H4: 05.01.2026 | I4: 20.01.2026 | J4: ✅ Completed | N4: Completed ahead of schedule
K5: =IF(J5="Draft","Planning",IF(J5="Submitted","Approval",IF(OR(J5="Approved",J5="In Testing"),"Testing",IF(J5="Scheduled","Pre-Implementation",IF(J5="Implementing","Implementation",IF(OR(J5="Completed",J5="Failed",J5="Rolled Back",J5="Cancelled"),"Closed","Unknown")))))) | L5: =IF(H5="","",TODAY()-H5) | M5: =IF(OR(J5="Completed",J5="Cancelled"),"Complete",IF(L5>30,"Delayed",IF(L5>14,"At Risk","On Track")))
K6: =IF(J6="Draft","Planning",IF(J6="Submitted","Approval",IF(OR(J6="Approved",J6="In Testing"),"Testing",IF(J6="Scheduled","Pre-Implementation",IF(J6="Implementing","Implementation",IF(OR(J6="Completed",J6="Failed",J6="Rolled Back",J6="Cancelled"),"Closed","Unknown")))))) | L6: =IF(H6="","",TODAY()-H6) | M6: =IF(OR(J6="Completed",J6="Cancelled"),"Complete",IF(L6>30,"Delayed",IF(L6>14,"At Risk","On Track")))
K7: =IF(J7="Draft","Planning",IF(J7="Submitted","Approval",IF(OR(J7="Approved",J7="In Testing"),"Testing",IF(J7="Scheduled","Pre-Implementation",IF(J7="Implementing","Implementation",IF(OR(J7="Completed",J7="Failed",J7="Rolled Back",J7="Cancelled"),"Closed","Unknown")))))) | L7: =IF(H7="","",TODAY()-H7) | M7: =IF(OR(J7="Completed",J7="Cancelled"),"Complete",IF(L7>30,"Delayed",IF(L7>14,"At Risk","On Track")))
K8: =IF(J8="Draft","Planning",IF(J8="Submitted","Approval",IF(OR(J8="Approved",J8="In Testing"),"Testing",IF(J8="Scheduled","Pre-Implementation",IF(J8="Implementing","Implementation",IF(OR(J8="Completed",J8="Failed",J8="Rolled Back",J8="Cancelled"),"Closed","Unknown")))))) | L8: =IF(H8="","",TODAY()-H8) | M8: =IF(OR(J8="Completed",J8="Cancelled"),"Complete",IF(L8>30,"Delayed",IF(L8>14,"At Risk","On Track")))
K9: =IF(J9="Draft","Planning",IF(J9="Submitted","Approval",IF(OR(J9="Approved",J9="In Testing"),"Testing",IF(J9="Scheduled","Pre-Implementation",IF(J9="Implementing","Implementation",IF(OR(J9="Completed",J9="Failed",J9="Rolled Back",J9="Cancelled"),"Closed","Unknown")))))) | L9: =IF(H9="","",TODAY()-H9) | M9: =IF(OR(J9="Completed",J9="Cancelled"),"Complete",IF(L9>30,"Delayed",IF(L9>14,"At Risk","On Track")))
K10: =IF(J10="Draft","Planning",IF(J10="Submitted","Approval",IF(OR(J10="Approved",J10="In Testing"),"Testing",IF(J10="Scheduled","Pre-Implementation",IF(J10="Implementing","Implementation",IF(OR(J10="Completed",J10="Failed",J10="Rolled Back",J10="Cancelled"),"Closed","Unknown")))))) | L10: =IF(H10="","",TODAY()-H10) | M10: =IF(OR(J10="Completed",J10="Cancelled"),"Complete",IF(L10>30,"Delayed",IF(L10>14,"At Risk","On Track")))
K11: =IF(J11="Draft","Planning",IF(J11="Submitted","Approval",IF(OR(J11="Approved",J11="In Testing"),"Testing",IF(J11="Scheduled","Pre-Implementation",IF(J11="Implementing","Implementation",IF(OR(J11="Completed",J11="Failed",J11="Rolled Back",J11="Cancelled"),"Closed","Unknown")))))) | L11: =IF(H11="","",TODAY()-H11) | M11: =IF(OR(J11="Completed",J11="Cancelled"),"Complete",IF(L11>30,"Delayed",IF(L11>14,"At Risk","On Track")))
K12: =IF(J12="Draft","Planning",IF(J12="Submitted","Approval",IF(OR(J12="Approved",J12="In Testing"),"Testing",IF(J12="Scheduled","Pre-Implementation",IF(J12="Implementing","Implementation",IF(OR(J12="Completed",J12="Failed",J12="Rolled Back",J12="Cancelled"),"Closed","Unknown")))))) | L12: =IF(H12="","",TODAY()-H12) | M12: =IF(OR(J12="Completed",J12="Cancelled"),"Complete",IF(L12>30,"Delayed",IF(L12>14,"At Risk","On Track")))
K13: =IF(J13="Draft","Planning",IF(J13="Submitted","Approval",IF(OR(J13="Approved",J13="In Testing"),"Testing",IF(J13="Scheduled","Pre-Implementation",IF(J13="Implementing","Implementation",IF(OR(J13="Completed",J13="Failed",J13="Rolled Back",J13="Cancelled"),"Closed","Unknown")))))) | L13: =IF(H13="","",TODAY()-H13) | M13: =IF(OR(J13="Completed",J13="Cancelled"),"Complete",IF(L13>30,"Delayed",IF(L13>14,"At Risk","On Track")))
K14: =IF(J14="Draft","Planning",IF(J14="Submitted","Approval",IF(OR(J14="Approved",J14="In Testing"),"Testing",IF(J14="Scheduled","Pre-Implementation",IF(J14="Implementing","Implementation",IF(OR(J14="Completed",J14="Failed",J14="Rolled Back",J14="Cancelled"),"Closed","Unknown")))))) | L14: =IF(H14="","",TODAY()-H14) | M14: =IF(OR(J14="Completed",J14="Cancelled"),"Complete",IF(L14>30,"Delayed",IF(L14>14,"At Risk","On Track")))
K15: =IF(J15="Draft","Planning",IF(J15="Submitted","Approval",IF(OR(J15="Approved",J15="In Testing"),"Testing",IF(J15="Scheduled","Pre-Implementation",IF(J15="Implementing","Implementation",IF(OR(J15="Completed",J15="Failed",J15="Rolled Back",J15="Cancelled"),"Closed","Unknown")))))) | L15: =IF(H15="","",TODAY()-H15) | M15: =IF(OR(J15="Completed",J15="Cancelled"),"Complete",IF(L15>30,"Delayed",IF(L15>14,"At Risk","On Track")))
K16: =IF(J16="Draft","Planning",IF(J16="Submitted","Approval",IF(OR(J16="Approved",J16="In Testing"),"Testing",IF(J16="Scheduled","Pre-Implementation",IF(J16="Implementing","Implementation",IF(OR(J16="Completed",J16="Failed",J16="Rolled Back",J16="Cancelled"),"Closed","Unknown")))))) | L16: =IF(H16="","",TODAY()-H16) | M16: =IF(OR(J16="Completed",J16="Cancelled"),"Complete",IF(L16>30,"Delayed",IF(L16>14,"At Risk","On Track")))
... K54: =IF(J54="Draft","Planning",IF(J54="Submitted","Approval",IF(OR(J54="Approved",J54="In Testing"),"Testing",IF(J54="Scheduled","Pre-Implementation",IF(J54="Implementing","Implementation",IF(OR(J54="Completed",J54="Failed",J54="Rolled Back",J54="Cancelled"),"Closed","Unknown")))))) | L54: =IF(H54="","",TODAY()-H54) | M54: =IF(OR(J54="Completed",J54="Cancelled"),"Complete",IF(L54>30,"Delayed",IF(L54>14,"At Risk","On Track")))

Sheet Change Approval Workflow
A1: CHANGE APPROVAL WORKFLOW TRACKING
A2: Change ID | B2: Change Title | C2: Approval Tier Required | D2: Tier 1 Approver Name | E2: Tier 1 Approval Status | F2: Tier 1 Approval Date | G2: Tier 2 Approver Name | H2: Tier 2 Approval Status | I2: Tier 2 Approval Date | J2: Tier 3 Approver Name | K2: Tier 3 Approval Status | L2: Tier 3 Approval Date | M2: Approval Method | N2: Approval Reference | O2: Overall Approval Status | P2: Days to Full Approval | Q2: Notes
A4: CRQ-2026-0001 | B4: Disable legacy TLS 1.0/1.1 on all web servers | C4: Two-Tier | D4: J. Smith (Team Lead) | E4: ✅ Approved | F4: 08.01.2026 | G4: A. Johnson (CISO) | H4: ✅ Approved | I4: 10.01.2026 | K4: ➖ N/A | M4: CAB Meeting | N4: CAB-2026-JAN-W2 | Q4: Approved at January CAB
O5: =IF(C5="Single-Tier",IF(E5="Approved","Approved",IF(E5="Rejected","Rejected","Pending")),IF(C5="Two-Tier",IF(AND(E5="Approved",H5="Approved"),"Approved",IF(OR(E5="Rejected",H5="Rejected"),"Rejected","Pending")),IF(C5="Three-Tier",IF(AND(E5="Approved",H5="Approved",K5="Approved"),"Approved",IF(OR(E5="Rejected",H5="Rejected",K5="Rejected"),"Rejected","Pending")),"Unknown"))) | P5: =IF(O5="Approved",IF(C5="Single-Tier",IF(F5="","",F5-TODAY()+365),IF(C5="Two-Tier",IF(I5="","",I5-TODAY()+365),IF(L5="","",L5-TODAY()+365))),"")
O6: =IF(C6="Single-Tier",IF(E6="Approved","Approved",IF(E6="Rejected","Rejected","Pending")),IF(C6="Two-Tier",IF(AND(E6="Approved",H6="Approved"),"Approved",IF(OR(E6="Rejected",H6="Rejected"),"Rejected","Pending")),IF(C6="Three-Tier",IF(AND(E6="Approved",H6="Approved",K6="Approved"),"Approved",IF(OR(E6="Rejected",H6="Rejected",K6="Rejected"),"Rejected","Pending")),"Unknown"))) | P6: =IF(O6="Approved",IF(C6="Single-Tier",IF(F6="","",F6-TODAY()+365),IF(C6="Two-Tier",IF(I6="","",I6-TODAY()+365),IF(L6="","",L6-TODAY()+365))),"")
O7: =IF(C7="Single-Tier",IF(E7="Approved","Approved",IF(E7="Rejected","Rejected","Pending")),IF(C7="Two-Tier",IF(AND(E7="Approved",H7="Approved"),"Approved",IF(OR(E7="Rejected",H7="Rejected"),"Rejected","Pending")),IF(C7="Three-Tier",IF(AND(E7="Approved",H7="Approved",K7="Approved"),"Approved",IF(OR(E7="Rejected",H7="Rejected",K7="Rejected"),"Rejected","Pending")),"Unknown"))) | P7: =IF(O7="Approved",IF(C7="Single-Tier",IF(F7="","",F7-TODAY()+365),IF(C7="Two-Tier",IF(I7="","",I7-TODAY()+365),IF(L7="","",L7-TODAY()+365))),"")
O8: =IF(C8="Single-Tier",IF(E8="Approved","Approved",IF(E8="Rejected","Rejected","Pending")),IF(C8="Two-Tier",IF(AND(E8="Approved",H8="Approved"),"Approved",IF(OR(E8="Rejected",H8="Rejected"),"Rejected","Pending")),IF(C8="Three-Tier",IF(AND(E8="Approved",H8="Approved",K8="Approved"),"Approved",IF(OR(E8="Rejected",H8="Rejected",K8="Rejected"),"Rejected","Pending")),"Unknown"))) | P8: =IF(O8="Approved",IF(C8="Single-Tier",IF(F8="","",F8-TODAY()+365),IF(C8="Two-Tier",IF(I8="","",I8-TODAY()+365),IF(L8="","",L8-TODAY()+365))),"")
O9: =IF(C9="Single-Tier",IF(E9="Approved","Approved",IF(E9="Rejected","Rejected","Pending")),IF(C9="Two-Tier",IF(AND(E9="Approved",H9="Approved"),"Approved",IF(OR(E9="Rejected",H9="Rejected"),"Rejected","Pending")),IF(C9="Three-Tier",IF(AND(E9="Approved",H9="Approved",K9="Approved"),"Approved",IF(OR(E9="Rejected",H9="Rejected",K9="Rejected"),"Rejected","Pending")),"Unknown"))) | P9: =IF(O9="Approved",IF(C9="Single-Tier",IF(F9="","",F9-TODAY()+365),IF(C9="Two-Tier",IF(I9="","",I9-TODAY()+365),IF(L9="","",L9-TODAY()+365))),"")
O10: =IF(C10="Single-Tier",IF(E10="Approved","Approved",IF(E10="Rejected","Rejected","Pending")),IF(C10="Two-Tier",IF(AND(E10="Approved",H10="Approved"),"Approved",IF(OR(E10="Rejected",H10="Rejected"),"Rejected","Pending")),IF(C10="Three-Tier",IF(AND(E10="Approved",H10="Approved",K10="Approved"),"Approved",IF(OR(E10="Rejected",H10="Rejected",K10="Rejected"),"Rejected","Pending")),"Unknown"))) | P10: =IF(O10="Approved",IF(C10="Single-Tier",IF(F10="","",F10-TODAY()+365),IF(C10="Two-Tier",IF(I10="","",I10-TODAY()+365),IF(L10="","",L10-TODAY()+365))),"")
O11: =IF(C11="Single-Tier",IF(E11="Approved","Approved",IF(E11="Rejected","Rejected","Pending")),IF(C11="Two-Tier",IF(AND(E11="Approved",H11="Approved"),"Approved",IF(OR(E11="Rejected",H11="Rejected"),"Rejected","Pending")),IF(C11="Three-Tier",IF(AND(E11="Approved",H11="Approved",K11="Approved"),"Approved",IF(OR(E11="Rejected",H11="Rejected",K11="Rejected"),"Rejected","Pending")),"Unknown"))) | P11: =IF(O11="Approved",IF(C11="Single-Tier",IF(F11="","",F11-TODAY()+365),IF(C11="Two-Tier",IF(I11="","",I11-TODAY()+365),IF(L11="","",L11-TODAY()+365))),"")
O12: =IF(C12="Single-Tier",IF(E12="Approved","Approved",IF(E12="Rejected","Rejected","Pending")),IF(C12="Two-Tier",IF(AND(E12="Approved",H12="Approved"),"Approved",IF(OR(E12="Rejected",H12="Rejected"),"Rejected","Pending")),IF(C12="Three-Tier",IF(AND(E12="Approved",H12="Approved",K12="Approved"),"Approved",IF(OR(E12="Rejected",H12="Rejected",K12="Rejected"),"Rejected","Pending")),"Unknown"))) | P12: =IF(O12="Approved",IF(C12="Single-Tier",IF(F12="","",F12-TODAY()+365),IF(C12="Two-Tier",IF(I12="","",I12-TODAY()+365),IF(L12="","",L12-TODAY()+365))),"")
O13: =IF(C13="Single-Tier",IF(E13="Approved","Approved",IF(E13="Rejected","Rejected","Pending")),IF(C13="Two-Tier",IF(AND(E13="Approved",H13="Approved"),"Approved",IF(OR(E13="Rejected",H13="Rejected"),"Rejected","Pending")),IF(C13="Three-Tier",IF(AND(E13="Approved",H13="Approved",K13="Approved"),"Approved",IF(OR(E13="Rejected",H13="Rejected",K13="Rejected"),"Rejected","Pending")),"Unknown"))) | P13: =IF(O13="Approved",IF(C13="Single-Tier",IF(F13="","",F13-TODAY()+365),IF(C13="Two-Tier",IF(I13="","",I13-TODAY()+365),IF(L13="","",L13-TODAY()+365))),"")
O14: =IF(C14="Single-Tier",IF(E14="Approved","Approved",IF(E14="Rejected","Rejected","Pending")),IF(C14="Two-Tier",IF(AND(E14="Approved",H14="Approved"),"Approved",IF(OR(E14="Rejected",H14="Rejected"),"Rejected","Pending")),IF(C14="Three-Tier",IF(AND(E14="Approved",H14="Approved",K14="Approved"),"Approved",IF(OR(E14="Rejected",H14="Rejected",K14="Rejected"),"Rejected","Pending")),"Unknown"))) | P14: =IF(O14="Approved",IF(C14="Single-Tier",IF(F14="","",F14-TODAY()+365),IF(C14="Two-Tier",IF(I14="","",I14-TODAY()+365),IF(L14="","",L14-TODAY()+365))),"")
O15: =IF(C15="Single-Tier",IF(E15="Approved","Approved",IF(E15="Rejected","Rejected","Pending")),IF(C15="Two-Tier",IF(AND(E15="Approved",H15="Approved"),"Approved",IF(OR(E15="Rejected",H15="Rejected"),"Rejected","Pending")),IF(C15="Three-Tier",IF(AND(E15="Approved",H15="Approved",K15="Approved"),"Approved",IF(OR(E15="Rejected",H15="Rejected",K15="Rejected"),"Rejected","Pending")),"Unknown"))) | P15: =IF(O15="Approved",IF(C15="Single-Tier",IF(F15="","",F15-TODAY()+365),IF(C15="Two-Tier",IF(I15="","",I15-TODAY()+365),IF(L15="","",L15-TODAY()+365))),"")
O16: =IF(C16="Single-Tier",IF(E16="Approved","Approved",IF(E16="Rejected","Rejected","Pending")),IF(C16="Two-Tier",IF(AND(E16="Approved",H16="Approved"),"Approved",IF(OR(E16="Rejected",H16="Rejected"),"Rejected","Pending")),IF(C16="Three-Tier",IF(AND(E16="Approved",H16="Approved",K16="Approved"),"Approved",IF(OR(E16="Rejected",H16="Rejected",K16="Rejected"),"Rejected","Pending")),"Unknown"))) | P16: =IF(O16="Approved",IF(C16="Single-Tier",IF(F16="","",F16-TODAY()+365),IF(C16="Two-Tier",IF(I16="","",I16-TODAY()+365),IF(L16="","",L16-TODAY()+365))),"")
... O54: =IF(C54="Single-Tier",IF(E54="Approved","Approved",IF(E54="Rejected","Rejected","Pending")),IF(C54="Two-Tier",IF(AND(E54="Approved",H54="Approved"),"Approved",IF(OR(E54="Rejected",H54="Rejected"),"Rejected","Pending")),IF(C54="Three-Tier",IF(AND(E54="Approved",H54="Approved",K54="Approved"),"Approved",IF(OR(E54="Rejected",H54="Rejected",K54="Rejected"),"Rejected","Pending")),"Unknown"))) | P54: =IF(O54="Approved",IF(C54="Single-Tier",IF(F54="","",F54-TODAY()+365),IF(C54="Two-Tier",IF(I54="","",I54-TODAY()+365),IF(L54="","",L54-TODAY()+365))),"")

Sheet Impact Assessment
A1: IMPACT ASSESSMENT - RISK ANALYSIS PER CHANGE
A2: Change ID | B2: Change Title | C2: Affected Systems Count | D2: Affected Systems Detail | E2: User Impact | F2: User Count Affected | G2: Service Downtime Required | H2: Risk Level | I2: Risk Description | J2: Mitigation Strategies | K2: Rollback Required | L2: Estimated Rollback Time | M2: Dependencies | N2: Business Justification | O2: Risk Score | P2: Assessment Completed By | Q2: Assessment Date
A4: CRQ-2026-0001 | B4: Disable legacy TLS 1.0/1.1 on all web servers | C4: 12 | D4: prod-web-01 through prod-web-12 (all production web servers) | E4: Minimal | F4: 50 | G4: None | H4: Low | I4: Minor risk — disabling deprecated protocol; all clients already support TLS 1.2+ | J4: Pre-validate client TLS support; communicate maintenance window to stakeholders | K4: Yes | L4: 30 minutes | M4: None identified | N4: Security compliance requirement — disable deprecated ciphers to meet CIS baseline | P4: J. Smith | Q4: 03.01.2026
O5: =IF(H5="Low",1,IF(H5="Medium",2,IF(H5="High",3,IF(H5="Critical",4,0))))*IF(E5="None",1,IF(E5="Minimal",2,IF(E5="Moderate",3,IF(E5="Significant",4,IF(E5="Severe",5,0)))))
O6: =IF(H6="Low",1,IF(H6="Medium",2,IF(H6="High",3,IF(H6="Critical",4,0))))*IF(E6="None",1,IF(E6="Minimal",2,IF(E6="Moderate",3,IF(E6="Significant",4,IF(E6="Severe",5,0)))))
O7: =IF(H7="Low",1,IF(H7="Medium",2,IF(H7="High",3,IF(H7="Critical",4,0))))*IF(E7="None",1,IF(E7="Minimal",2,IF(E7="Moderate",3,IF(E7="Significant",4,IF(E7="Severe",5,0)))))
O8: =IF(H8="Low",1,IF(H8="Medium",2,IF(H8="High",3,IF(H8="Critical",4,0))))*IF(E8="None",1,IF(E8="Minimal",2,IF(E8="Moderate",3,IF(E8="Significant",4,IF(E8="Severe",5,0)))))
O9: =IF(H9="Low",1,IF(H9="Medium",2,IF(H9="High",3,IF(H9="Critical",4,0))))*IF(E9="None",1,IF(E9="Minimal",2,IF(E9="Moderate",3,IF(E9="Significant",4,IF(E9="Severe",5,0)))))
O10: =IF(H10="Low",1,IF(H10="Medium",2,IF(H10="High",3,IF(H10="Critical",4,0))))*IF(E10="None",1,IF(E10="Minimal",2,IF(E10="Moderate",3,IF(E10="Significant",4,IF(E10="Severe",5,0)))))
O11: =IF(H11="Low",1,IF(H11="Medium",2,IF(H11="High",3,IF(H11="Critical",4,0))))*IF(E11="None",1,IF(E11="Minimal",2,IF(E11="Moderate",3,IF(E11="Significant",4,IF(E11="Severe",5,0)))))
O12: =IF(H12="Low",1,IF(H12="Medium",2,IF(H12="High",3,IF(H12="Critical",4,0))))*IF(E12="None",1,IF(E12="Minimal",2,IF(E12="Moderate",3,IF(E12="Significant",4,IF(E12="Severe",5,0)))))
O13: =IF(H13="Low",1,IF(H13="Medium",2,IF(H13="High",3,IF(H13="Critical",4,0))))*IF(E13="None",1,IF(E13="Minimal",2,IF(E13="Moderate",3,IF(E13="Significant",4,IF(E13="Severe",5,0)))))
O14: =IF(H14="Low",1,IF(H14="Medium",2,IF(H14="High",3,IF(H14="Critical",4,0))))*IF(E14="None",1,IF(E14="Minimal",2,IF(E14="Moderate",3,IF(E14="Significant",4,IF(E14="Severe",5,0)))))
O15: =IF(H15="Low",1,IF(H15="Medium",2,IF(H15="High",3,IF(H15="Critical",4,0))))*IF(E15="None",1,IF(E15="Minimal",2,IF(E15="Moderate",3,IF(E15="Significant",4,IF(E15="Severe",5,0)))))
O16: =IF(H16="Low",1,IF(H16="Medium",2,IF(H16="High",3,IF(H16="Critical",4,0))))*IF(E16="None",1,IF(E16="Minimal",2,IF(E16="Moderate",3,IF(E16="Significant",4,IF(E16="Severe",5,0)))))
... O54: =IF(H54="Low",1,IF(H54="Medium",2,IF(H54="High",3,IF(H54="Critical",4,0))))*IF(E54="None",1,IF(E54="Minimal",2,IF(E54="Moderate",3,IF(E54="Significant",4,IF(E54="Severe",5,0)))))

Sheet Testing Validation
A1: TESTING VALIDATION RECORDS
A2: Change ID | B2: Change Title | C2: Testing Required | D2: Test Environment | E2: Test Start Date | F2: Test End Date | G2: Test Duration (Days) | H2: Test Plan Reference | I2: Test Cases Executed | J2: Test Cases Passed | K2: Test Cases Failed | L2: Test Pass Rate % | M2: Critical Issues Found | N2: Issues Resolved Before Deployment | O2: Testing Status | P2: Go/No-Go Decision | Q2: Decision Maker | R2: Decision Date | S2: Notes
G3: =IF(OR(E3="",F3=""),"",F3-E3) | L3: =IF(I3=0,"",J3/I3*100)
G4: =IF(OR(E4="",F4=""),"",F4-E4) | L4: =IF(I4=0,"",J4/I4*100)
G5: =IF(OR(E5="",F5=""),"",F5-E5) | L5: =IF(I5=0,"",J5/I5*100)
G6: =IF(OR(E6="",F6=""),"",F6-E6) | L6: =IF(I6=0,"",J6/I6*100)
G7: =IF(OR(E7="",F7=""),"",F7-E7) | L7: =IF(I7=0,"",J7/I7*100)
G8: =IF(OR(E8="",F8=""),"",F8-E8) | L8: =IF(I8=0,"",J8/I8*100)
G9: =IF(OR(E9="",F9=""),"",F9-E9) | L9: =IF(I9=0,"",J9/I9*100)
G10: =IF(OR(E10="",F10=""),"",F10-E10) | L10: =IF(I10=0,"",J10/I10*100)
G11: =IF(OR(E11="",F11=""),"",F11-E11) | L11: =IF(I11=0,"",J11/I11*100)
G12: =IF(OR(E12="",F12=""),"",F12-E12) | L12: =IF(I12=0,"",J12/I12*100)
G13: =IF(OR(E13="",F13=""),"",F13-E13) | L13: =IF(I13=0,"",J13/I13*100)
G14: =IF(OR(E14="",F14=""),"",F14-E14) | L14: =IF(I14=0,"",J14/I14*100)
... G53: =IF(OR(E53="",F53=""),"",F53-E53) | L53: =IF(I53=0,"",J53/I53*100)

Sheet Implementation Log
A1: IMPLEMENTATION LOG - CHANGE EXECUTION RECORDS
A2: Change ID | B2: Change Title | C2: Scheduled Implementation Date/Time | D2: Actual Implementation Date/Time | E2: Implementation Completed Date/Time | F2: Implementation Duration (Hours) | G2: Implementer Name | H2: Implementation Method | I2: Implementation Steps Performed | J2: Deviations from Plan | K2: Post-Implementation Verification | L2: Verification Method | M2: Issues Encountered | N2: Issues Resolved | O2: Implementation Status | P2: Change Outcome | Q2: Rollback Triggered | R2: Rollback Completion Time | S2: Notes
F3: =IF(OR(D3="",E3=""),"",ROUND((E3-D3)*24,2)) | P3: =IF(O3="Successful","Success",IF(O3="Failed","Failure",IF(O3="Rolled Back","Rollback Required","Unknown")))
F4: =IF(OR(D4="",E4=""),"",ROUND((E4-D4)*24,2)) | P4: =IF(O4="Successful","Success",IF(O4="Failed","Failure",IF(O4="Rolled Back","Rollback Required","Unknown")))
F5: =IF(OR(D5="",E5=""),"",ROUND((E5-D5)*24,2)) | P5: =IF(O5="Successful","Success",IF(O5="Failed","Failure",IF(O5="Rolled Back","Rollback Required","Unknown")))
F6: =IF(OR(D6="",E6=""),"",ROUND((E6-D6)*24,2)) | P6: =IF(O6="Successful","Success",IF(O6="Failed","Failure",IF(O6="Rolled Back","Rollback Required","Unknown")))
F7: =IF(OR(D7="",E7=""),"",ROUND((E7-D7)*24,2)) | P7: =IF(O7="Successful","Success",IF(O7="Failed","Failure",IF(O7="Rolled Back","Rollback Required","Unknown")))
F8: =IF(OR(D8="",E8=""),"",ROUND((E8-D8)*24,2)) | P8: =IF(O8="Successful","Success",IF(O8="Failed","Failure",IF(O8="Rolled Back","Rollback Required","Unknown")))
F9: =IF(OR(D9="",E9=""),"",ROUND((E9-D9)*24,2)) | P9: =IF(O9="Successful","Success",IF(O9="Failed","Failure",IF(O9="Rolled Back","Rollback Required","Unknown")))
F10: =IF(OR(D10="",E10=""),"",ROUND((E10-D10)*24,2)) | P10: =IF(O10="Successful","Success",IF(O10="Failed","Failure",IF(O10="Rolled Back","Rollback Required","Unknown")))
F11: =IF(OR(D11="",E11=""),"",ROUND((E11-D11)*24,2)) | P11: =IF(O11="Successful","Success",IF(O11="Failed","Failure",IF(O11="Rolled Back","Rollback Required","Unknown")))
F12: =IF(OR(D12="",E12=""),"",ROUND((E12-D12)*24,2)) | P12: =IF(O12="Successful","Success",IF(O12="Failed","Failure",IF(O12="Rolled Back","Rollback Required","Unknown")))
F13: =IF(OR(D13="",E13=""),"",ROUND((E13-D13)*24,2)) | P13: =IF(O13="Successful","Success",IF(O13="Failed","Failure",IF(O13="Rolled Back","Rollback Required","Unknown")))
F14: =IF(OR(D14="",E14=""),"",ROUND((E14-D14)*24,2)) | P14: =IF(O14="Successful","Success",IF(O14="Failed","Failure",IF(O14="Rolled Back","Rollback Required","Unknown")))
... F53: =IF(OR(D53="",E53=""),"",ROUND((E53-D53)*24,2)) | P53: =IF(O53="Successful","Success",IF(O53="Failed","Failure",IF(O53="Rolled Back","Rollback Required","Unknown")))

Sheet Rollback Capability
A1: ROLLBACK CAPABILITY ASSESSMENT
A2: Change ID | B2: Change Title | C2: Rollback Required | D2: Rollback Procedure Documented | E2: Rollback Document Location | F2: Rollback Trigger Criteria | G2: Estimated Rollback Time | H2: Rollback Tested | I2: Rollback Test Date | J2: Rollback Test Results | K2: Rollback Dependencies | L2: Data Loss Risk on Rollback | M2: Data Backup Verified | N2: Rollback Approval Required | O2: Rollback Owner | P2: Rollback Readiness | Q2: Notes
A4: CRQ-2026-0001 | B4: Disable legacy TLS 1.0/1.1 on all web servers | C4: Yes | D4: Yes | E4: /docs/rollback/CRQ-2026-0001-rollback.pdf | F4: Any certificate validation failure or service degradation >5% | G4: 30 minutes | H4: Yes | I4: 15.01.2026 | J4: Successful | K4: None | L4: None | M4: Yes | N4: Change Manager | O4: J. Smith (Sec Ops) | Q4: Rollback tested in staging on 14.01.2026
P5: =IF(C5="No","N/A",IF(AND(D5="Yes",H5="Yes",J5="Successful",M5="Yes"),"Ready",IF(AND(D5="Yes",OR(H5="No",J5="Not Tested")),"Not Ready","Partially Ready")))
P6: =IF(C6="No","N/A",IF(AND(D6="Yes",H6="Yes",J6="Successful",M6="Yes"),"Ready",IF(AND(D6="Yes",OR(H6="No",J6="Not Tested")),"Not Ready","Partially Ready")))
P7: =IF(C7="No","N/A",IF(AND(D7="Yes",H7="Yes",J7="Successful",M7="Yes"),"Ready",IF(AND(D7="Yes",OR(H7="No",J7="Not Tested")),"Not Ready","Partially Ready")))
P8: =IF(C8="No","N/A",IF(AND(D8="Yes",H8="Yes",J8="Successful",M8="Yes"),"Ready",IF(AND(D8="Yes",OR(H8="No",J8="Not Tested")),"Not Ready","Partially Ready")))
P9: =IF(C9="No","N/A",IF(AND(D9="Yes",H9="Yes",J9="Successful",M9="Yes"),"Ready",IF(AND(D9="Yes",OR(H9="No",J9="Not Tested")),"Not Ready","Partially Ready")))
P10: =IF(C10="No","N/A",IF(AND(D10="Yes",H10="Yes",J10="Successful",M10="Yes"),"Ready",IF(AND(D10="Yes",OR(H10="No",J10="Not Tested")),"Not Ready","Partially Ready")))
P11: =IF(C11="No","N/A",IF(AND(D11="Yes",H11="Yes",J11="Successful",M11="Yes"),"Ready",IF(AND(D11="Yes",OR(H11="No",J11="Not Tested")),"Not Ready","Partially Ready")))
P12: =IF(C12="No","N/A",IF(AND(D12="Yes",H12="Yes",J12="Successful",M12="Yes"),"Ready",IF(AND(D12="Yes",OR(H12="No",J12="Not Tested")),"Not Ready","Partially Ready")))
P13: =IF(C13="No","N/A",IF(AND(D13="Yes",H13="Yes",J13="Successful",M13="Yes"),"Ready",IF(AND(D13="Yes",OR(H13="No",J13="Not Tested")),"Not Ready","Partially Ready")))
P14: =IF(C14="No","N/A",IF(AND(D14="Yes",H14="Yes",J14="Successful",M14="Yes"),"Ready",IF(AND(D14="Yes",OR(H14="No",J14="Not Tested")),"Not Ready","Partially Ready")))
P15: =IF(C15="No","N/A",IF(AND(D15="Yes",H15="Yes",J15="Successful",M15="Yes"),"Ready",IF(AND(D15="Yes",OR(H15="No",J15="Not Tested")),"Not Ready","Partially Ready")))
P16: =IF(C16="No","N/A",IF(AND(D16="Yes",H16="Yes",J16="Successful",M16="Yes"),"Ready",IF(AND(D16="Yes",OR(H16="No",J16="Not Tested")),"Not Ready","Partially Ready")))
... P54: =IF(C54="No","N/A",IF(AND(D54="Yes",H54="Yes",J54="Successful",M54="Yes"),"Ready",IF(AND(D54="Yes",OR(H54="No",J54="Not Tested")),"Not Ready","Partially Ready")))

Sheet Emergency Changes
A1: EMERGENCY CHANGES - EXPEDITED PROCESS TRACKING
A2: Change ID | B2: Change Title | C2: Emergency Type | D2: Business Impact if Not Implemented | E2: Emergency Declared By | F2: Emergency Declaration Time | G2: Implementation Time | H2: Time to Implement (Hours) | I2: Emergency Approval Method | J2: Emergency Approvers | K2: Post-Implementation Documentation Completed | L2: CAB Retrospective Review Date | M2: CAB Review Outcome | N2: Justification Valid | O2: Process Abuse Indicator | P2: Lessons Learned | Q2: Remediation Actions | R2: Notes
H3: =IF(OR(F3="",G3=""),"",ROUND((G3-F3)*24,2)) | O3: =IF(AND(H3>48,N3="Questionable"),"Likely Abuse",IF(OR(H3>72,N3="No"),"Questionable","Legitimate"))
H4: =IF(OR(F4="",G4=""),"",ROUND((G4-F4)*24,2)) | O4: =IF(AND(H4>48,N4="Questionable"),"Likely Abuse",IF(OR(H4>72,N4="No"),"Questionable","Legitimate"))
H5: =IF(OR(F5="",G5=""),"",ROUND((G5-F5)*24,2)) | O5: =IF(AND(H5>48,N5="Questionable"),"Likely Abuse",IF(OR(H5>72,N5="No"),"Questionable","Legitimate"))
H6: =IF(OR(F6="",G6=""),"",ROUND((G6-F6)*24,2)) | O6: =IF(AND(H6>48,N6="Questionable"),"Likely Abuse",IF(OR(H6>72,N6="No"),"Questionable","Legitimate"))
H7: =IF(OR(F7="",G7=""),"",ROUND((G7-F7)*24,2)) | O7: =IF(AND(H7>48,N7="Questionable"),"Likely Abuse",IF(OR(H7>72,N7="No"),"Questionable","Legitimate"))
H8: =IF(OR(F8="",G8=""),"",ROUND((G8-F8)*24,2)) | O8: =IF(AND(H8>48,N8="Questionable"),"Likely Abuse",IF(OR(H8>72,N8="No"),"Questionable","Legitimate"))
H9: =IF(OR(F9="",G9=""),"",ROUND((G9-F9)*24,2)) | O9: =IF(AND(H9>48,N9="Questionable"),"Likely Abuse",IF(OR(H9>72,N9="No"),"Questionable","Legitimate"))
H10: =IF(OR(F10="",G10=""),"",ROUND((G10-F10)*24,2)) | O10: =IF(AND(H10>48,N10="Questionable"),"Likely Abuse",IF(OR(H10>72,N10="No"),"Questionable","Legitimate"))
H11: =IF(OR(F11="",G11=""),"",ROUND((G11-F11)*24,2)) | O11: =IF(AND(H11>48,N11="Questionable"),"Likely Abuse",IF(OR(H11>72,N11="No"),"Questionable","Legitimate"))
H12: =IF(OR(F12="",G12=""),"",ROUND((G12-F12)*24,2)) | O12: =IF(AND(H12>48,N12="Questionable"),"Likely Abuse",IF(OR(H12>72,N12="No"),"Questionable","Legitimate"))
H13: =IF(OR(F13="",G13=""),"",ROUND((G13-F13)*24,2)) | O13: =IF(AND(H13>48,N13="Questionable"),"Likely Abuse",IF(OR(H13>72,N13="No"),"Questionable","Legitimate"))
H14: =IF(OR(F14="",G14=""),"",ROUND((G14-F14)*24,2)) | O14: =IF(AND(H14>48,N14="Questionable"),"Likely Abuse",IF(OR(H14>72,N14="No"),"Questionable","Legitimate"))
... H53: =IF(OR(F53="",G53=""),"",ROUND((G53-F53)*24,2)) | O53: =IF(AND(H53>48,N53="Questionable"),"Likely Abuse",IF(OR(H53>72,N53="No"),"Questionable","Legitimate"))

Sheet Change Success Metrics
A1: CHANGE SUCCESS METRICS DASHBOARD
A3: OVERALL CHANGE METRICS
A4: Metric | B4: Value | C4: Target | D4: Status
A5: Total Changes (All Types) | B5: =COUNTA('Change Request Register'!A3:A102)-COUNTBLANK('Change Request Register'!A3:A102) | C5: N/A
A6: Completed Changes | B6: =COUNTIF('Change Request Register'!J3:J102,"*Completed") | C6: N/A
A7: Failed Changes | B7: =COUNTIF('Change Request Register'!J3:J102,"*Failed") | C7: <5% | D7: =IF(B7=0,"N/A",IF(B7/B5*100<5,"✓ Within Target","✗ Exceeds Target"))
A8: Rolled Back Changes | B8: =COUNTIF('Change Request Register'!J3:J102,"*Rolled Back") | C8: <3% | D8: =IF(B8=0,"N/A",IF(B8/B5*100<3,"✓ Within Target","✗ Exceeds Target"))
A9: Changes in Progress | B9: =COUNTIF('Change Request Register'!J3:J102,"*Implementing")+COUNTIF('Change Request Register'!J3:J102,"*Scheduled") | C9: N/A
A10: Overall Success Rate % | B10: =IF((B6+B7+B8)=0,0,B6/(B6+B7+B8)*100) | C10: ≥95% | D10: =IF(B10>=95,"✓ Compliant",IF(B10>=90,"⚠ Partial","✗ Non-Compliant"))
A12: CHANGE TYPE DISTRIBUTION
A13: Change Type | B13: Count | C13: Percentage | D13: Target %
A14: Standard | B14: =COUNTIF('Change Request Register'!C3:C102,"Standard") | C14: =IF($B$5=0,0,B14/$B$5*100) | D14: 40-50%
A15: Normal | B15: =COUNTIF('Change Request Register'!C3:C102,"Normal") | C15: =IF($B$5=0,0,B15/$B$5*100) | D15: 40-50%
A16: Emergency | B16: =COUNTIF('Change Request Register'!C3:C102,"Emergency") | C16: =IF($B$5=0,0,B16/$B$5*100) | D16: <8%
A17: Hot Fix | B17: =COUNTIF('Change Request Register'!C3:C102,"Hot Fix") | C17: =IF($B$5=0,0,B17/$B$5*100) | D17: <2%
A19: SUCCESS RATE BY CHANGE TYPE
A20: Change Type | B20: Total | C20: Successful | D20: Success Rate %
A21: Standard | B21: =COUNTIF('Change Request Register'!C3:C102,"Standard") | C21: =COUNTIFS('Change Request Register'!C3:C102,"Standard",'Change Request Register'!J3:J102,"*Completed") | D21: =IF(B21=0,0,C21/B21*100)
A22: Normal | B22: =COUNTIF('Change Request Register'!C3:C102,"Normal") | C22: =COUNTIFS('Change Request Register'!C3:C102,"Normal",'Change Request Register'!J3:J102,"*Completed") | D22: =IF(B22=0,0,C22/B22*100)
A23: Emergency | B23: =COUNTIF('Change Request Register'!C3:C102,"Emergency") | C23: =COUNTIFS('Change Request Register'!C3:C102,"Emergency",'Change Request Register'!J3:J102,"*Completed") | D23: =IF(B23=0,0,C23/B23*100)
A24: Hot Fix | B24: =COUNTIF('Change Request Register'!C3:C102,"Hot Fix") | C24: =COUNTIFS('Change Request Register'!C3:C102,"Hot Fix",'Change Request Register'!J3:J102,"*Completed") | D24: =IF(B24=0,0,C24/B24*100)
A26: EMERGENCY CHANGE ANALYSIS
A27: Metric | B27: Value | C27: Target | D27: Status
A28: Total Emergency Changes | B28: =COUNTA('Emergency Changes'!A3:A52)-COUNTBLANK('Emergency Changes'!A3:A52) | C28: N/A
A29: Emergency Changes % | B29: =IF($B$5=0,0,B28/$B$5*100) | C29: <10% | D29: =IF(B29<10,"✓ Within Target",IF(B29<15,"⚠ Warning","✗ Critical"))
A30: Emergency Changes Not Reviewed | B30: =COUNTIF('Emergency Changes'!M3:M52,"⏳ Not Yet Reviewed") | C30: 0 | D30: =IF(B30=0,"✓ All Reviewed","✗ "&B30&" Pending")
A31: Process Abuse Flagged | B31: =COUNTIF('Emergency Changes'!O3:O52,"Likely Abuse") | C31: 0 | D31: =IF(B31=0,"✓ None","✗ "&B31&" Flagged")
A34: NOTE: All metrics auto-calculated. Review monthly. Target: ≥95% success rate, <10% emergency changes.

Sheet Evidence Register
A1: EVIDENCE REGISTER
A2: List all evidence files/documents referenced in this assessment (audit traceability).
A4: Evidence ID | B4: Assessment Area | C4: Evidence Type | D4: Description | E4: Location/Path | F4: Date Collected | G4: Collected By | H4: Verification Status
A5: EV-001
A6: EV-002
A7: EV-003
A8: EV-004
A9: EV-005
A10: EV-006
A11: EV-007
A12: EV-008
A13: EV-009
A14: EV-010
A15: EV-011
A16: EV-012
... A104: EV-100

Sheet Summary Dashboard
A1: CHANGE CONTROL — SUMMARY DASHBOARD
A2: Summary Dashboard | Change Control Assessment | Generated: 20260307
A4: TABLE 1 – COMPLIANCE ASSESSMENT SUMMARY
A5: Assessment Area | B5: Total Items | C5: Compliant | D5: Partial | E5: Non-Compliant | F5: N/A | G5: Compliance %
A6: Change Request Register | B6: =COUNTA('Change Request Register'!B5:B54) | C6: =COUNTIF('Change Request Register'!J5:J54,"✅ Completed") | D6: =COUNTIF('Change Request Register'!J5:J54,"In Testing")+COUNTIF('Change Request Register'!J5:J54,"Scheduled")+COUNTIF('Change Request Register'!J5:J54,"⏳ Implementing") | E6: =COUNTIF('Change Request Register'!J5:J54,"❌ Failed")+COUNTIF('Change Request Register'!J5:J54,"Rolled Back") | F6: =COUNTIF('Change Request Register'!J5:J54,"❌ Cancelled") | G6: =IF((B6-F6)=0,0,C6/(B6-F6))
A7: Change Approval Workflow | B7: =COUNTA('Change Approval Workflow'!B5:B54) | C7: =COUNTIF('Change Approval Workflow'!O5:O54,"Approved") | D7: =COUNTIF('Change Approval Workflow'!O5:O54,"Pending") | E7: =COUNTIF('Change Approval Workflow'!O5:O54,"Rejected") | F7: =COUNTIF('Change Approval Workflow'!O5:O54,"Unknown") | G7: =IF((B7-F7)=0,0,C7/(B7-F7))
A8: Impact Assessment | B8: =COUNTA('Impact Assessment'!B5:B54) | C8: =COUNTIF('Impact Assessment'!H5:H54,"Low") | D8: =COUNTIF('Impact Assessment'!H5:H54,"Medium") | E8: =COUNTIF('Impact Assessment'!H5:H54,"High")+COUNTIF('Impact Assessment'!H5:H54,"Critical") | F8: =0 | G8: =IF((B8-F8)=0,0,C8/(B8-F8))
A9: TOTAL | B9: =SUM(B6:B8) | C9: =SUM(C6:C8) | D9: =SUM(D6:D8) | E9: =SUM(E6:E8) | F9: =SUM(F6:F8) | G9: =IF((B9-F9)=0,0,C9/(B9-F9))
A11: TABLE 2 – KEY METRICS
A12: Metric | B12: Value | C12: What This Shows
A13: Changes Completed Successfully | B13: =COUNTIF('Change Request Register'!J5:J54,"✅ Completed") | C13: Total changes reaching Completed status (primary KPI for change success rate)
A14: Change Success Rate | B14: =IF(COUNTA('Change Request Register'!B4:B54)=0,0,COUNTIF('Change Request Register'!J5:J54,"✅ Completed")/COUNTA('Change Request Register'!B4:B54)) | C14: % of all changes successfully completed (target: ≥95%)
A15: Emergency Changes Raised | B15: =COUNTIF('Change Request Register'!C5:C54,"Emergency") | C15: Count of expedited Emergency changes (target: <10% of total changes)
A16: High/Critical Risk Changes | B16: =COUNTIF('Change Request Register'!D5:D54,"P1-Critical")+COUNTIF('Change Request Register'!D5:D54,"P2-High") | C16: Changes with P1-Critical or P2-High priority requiring close oversight
A17: Failed or Rolled-Back Changes | B17: =COUNTIF('Change Request Register'!J5:J54,"❌ Failed")+COUNTIF('Change Request Register'!J5:J54,"Rolled Back") | C17: Changes that failed or required rollback (target: 0; investigate root cause)
A18: Pending Approvals | B18: =COUNTIF('Change Approval Workflow'!O5:O54,"Pending") | C18: Changes awaiting approval sign-off (target: 0 pending at month-end)
A20: TABLE 3 – KEY FINDINGS & RECOMMENDATIONS
A21: Finding | B21: Count | C21: Recommendation
A22: Failed or Rolled-Back Changes | B22: =COUNTIF('Change Request Register'!J5:J54,"❌ Failed")+COUNTIF('Change Request Register'!J5:J54,"Rolled Back") | C22: Conduct post-implementation review (PIR) for all failed changes; identify root causes and implement preventive controls
A23: Emergency Changes (Unplanned) | B23: =COUNTIF('Change Request Register'!C5:C54,"Emergency") | C23: Review emergency change frequency; if >10% of total, strengthen normal change process to reduce urgent escalations
A24: High-Risk Changes Pending Approval | B24: =COUNTIFS('Change Request Register'!D5:D54,"P1-Critical",'Change Approval Workflow'!O5:O54,"Pending")+COUNTIFS('Change Request Register'!D5:D54,"P2-High",'Change Approval Workflow'!O5:O54,"Pending") | C24: Escalate P1/P2 pending approvals to CAB urgently; implement SLA-based escalation for approvals >5 business days
A25: Changes Without Impact Assessment | B25: =COUNTA('Change Request Register'!B5:B54)-COUNTA('Impact Assessment'!B4:B54) | C25: Ensure all changes have a completed impact assessment before approval; make impact assessment mandatory in change template
A26: TOTAL | B26: =SUM(B22:B25) | C26: Total count of all key findings requiring attention

Sheet Approval Sign-Off
A1: ASSESSMENT APPROVAL AND SIGN-OFF
A3: ASSESSMENT SUMMARY
A4: Document: | B4: ISMS-IMP-A.8.9.2 - Change Control Assessment
A5: Assessment Period:
A6: Overall Compliance: | B6: ='Change Success Metrics'!B10
A7: Assessment Status:
A10: COMPLETED BY (ASSESSOR)
A11: Name:
A12: Title:
A13: Date:
A14: Signature:
A15: Comments:
A17: REVIEWED BY (INFORMATION SECURITY OFFICER)
A18: Name:
A19: Title:
A20: Date:
A21: Signature:
... A37: Special Considerations:
