Workbook

Sheet Instructions & Legend
A1: ISMS-IMP-A.8.17.1 - Time Sources ISO/IEC 27001:2022 - Control A.8.17: Clock Synchronisation
A3: Document Information
A4: Document ID | B4: ISMS-IMP-A.8.17.1
A5: Workbook Title | B5: Time Sources
A6: Control Reference | B6: ISO/IEC 27001:2022 - Control A.8.17: Clock Synchronisation
A7: Version | B7: 1.0
A8: Assessment Date
A9: Completed By
A10: Organisation
A12: Instructions
A13: 1. Review the Time Sources sheet for external NTP source configuration.
A14: 2. Document internal NTP servers in the Internal NTP Servers sheet.
A15: 3. Verify the time source hierarchy in the Hierarchy sheet.
A16: 4. Check compliance status in the Summary Dashboard sheet.
A17: 5. Record all evidence in the Evidence Register sheet.
A18: 6. Complete the Approval Sign-Off sheet when assessment is finished.
A19: 7. Use dropdown lists where provided for consistent data entry.
A20: 8. Add rows as needed — formulas auto-extend for new data.
... A23: Status Legend
A24: Symbol | B24: Status | C24: Description
A25: ✓ | B25: Compliant / Complete | C25: Requirement fully met
A26: ⚠ | B26: Partial / In Progress | C26: Partially met or in progress
A27: ✗ | B27: Non-Compliant / Not Started | C27: Requirement not met
A28: — | B28: Not Applicable | C28: Not applicable to this assessment

Sheet Time Sources
A1: TIME SOURCES
A2: External authoritative time sources inventory
A3: Source Name [*] | B3: Type [*] | C3: IP/Hostname [*] | D3: Stratum [*] | E3: Geographic Location | F3: Provider | G3: Availability SLA | H3: Last Verified [*] | I3: Status | J3: Notes
A4: time.nist.gov | B4: NIST | C4: time.nist.gov | D4: 1 | E4: United States | F4: NIST | G4: Public (no SLA) | H4: 01.03.2026 | I4: ✅ Active | J4: Primary authoritative source (sample row)

Sheet Internal NTP Servers
A1: INTERNAL NTP SERVERS
A2: Internal NTP server infrastructure documentation
A3: Server Name [*] | B3: IP Address [*] | C3: Stratum [*] | D3: Upstream Sources [*] | E3: Location/Datacenter [*] | F3: Redundancy Group | G3: Peer Servers | H3: Monitoring Status | I3: Last Health Check [*] | J3: Status | K3: Notes
A4: ntp1.dc1.org.local | B4: 10.0.1.10 | C4: 2 | D4: time.nist.gov, time.cloudflare.com | E4: Datacenter 1 | F4: Primary DC | G4: ntp2.dc1.org.local | H4: ✅ Monitored with Alerting | I4: 01.03.2026 | J4: ✅ Active | K4: Primary NTP server (sample row)

Sheet Hierarchy
A1: TIME SYNCHRONISATION HIERARCHY
A2: Stratum levels represent distance from authoritative time source (lower is better)
A5: Stratum | B5: Level | C5: Description | D5: Examples | E5: Typical Accuracy
A6: 0 | B6: Reference Clock | C6: Primary time source (not network accessible) | D6: GPS receiver, Atomic clock, Radio time signal | E6: <1 microsecond
A7: 1 | B7: Primary Time Server | C7: Directly connected to Stratum 0 device | D7: GPS NTP appliance, NIST servers, Government time services | E7: <10 microseconds
A8: 2 | B8: Secondary Time Server | C8: Synchronized to Stratum 1 servers | D8: Internal organisational NTP servers | E8: <100 microseconds
A9: 3+ | B9: Client Systems | C9: Synchronized to Stratum 2 servers | D9: Servers, workstations, network devices | E9: <1 millisecond
A10: 16 | B10: Unsynchronized | C10: Not synchronized to any time source | D10: Misconfigured or failed systems | E10: N/A - FAILURE
A13: Organisation's Time Synchronisation Architecture
A14: (Complete this section based on Time Sources and Internal NTP Servers sheets)
A16: Layer | B16: Stratum | C16: Systems | D16: Count | E16: Notes
A17: External Sources | B17: 0/1 | C17: [List from Time Sources sheet] | D17: =COUNTA('Time Sources'!A5:A100) | E17: Authoritative references
A18: Internal NTP Servers | B18: 2 | C18: [List from Internal NTP Servers sheet] | D18: =COUNTA('Internal NTP Servers'!A5:A100) | E18: Organisational infrastructure
A19: Client Systems | B19: 3+ | C19: [From A.8.17 Assessment 2] | D19: [To be counted] | E19: All systems requiring sync

Sheet Evidence Register
A1: EVIDENCE REGISTER
A2: Assessment Evidence Tracking — Time Source Configuration
A4: Evidence ID | B4: Assessment Area | C4: Evidence Type | D4: Description | E4: Location/Path | F4: Date Collected | G4: Collected By | H4: Verification Status
A5: EV-001 | B5: NTP Server Configuration Export | C5: Configuration File | D5: NTP server config showing pool.ntp.org sources | E5: /evidence/ntp/server-config-export-20250115.txt | F5: 15.01.2025 | G5: Infrastructure Team | H5: Verified

Sheet Summary Dashboard
A1: TIME SOURCES — SUMMARY DASHBOARD
A2: Time Source Infrastructure Assessment — ISMS-IMP-A.8.17.1
A4: TABLE 1 — COMPLIANCE SUMMARY
A5: Assessment Area | B5: Total Items | C5: Compliant | D5: Partial | E5: Non-Compliant | F5: N/A | G5: Compliance %
A6: Time Sources (External) | B6: =COUNTA('Time Sources'!A5:A100) | C6: =COUNTIF('Time Sources'!I5:I100,"✅ Active") | D6: =COUNTIF('Time Sources'!I5:I100,"⚠ Testing") | E6: =COUNTIF('Time Sources'!I5:I100,"❌ Inactive")+COUNTIF('Time Sources'!I5:I100,"Decommissioned") | F6: 0 | G6: =IF((B8-F8)=0,0,C8/(B8-F8))
A7: Internal NTP Servers | B7: =COUNTA('Internal NTP Servers'!A5:A100) | C7: =COUNTIF('Internal NTP Servers'!J5:J100,"✅ Active") | D7: =COUNTIF('Internal NTP Servers'!J5:J100,"Maintenance") | E7: =COUNTIF('Internal NTP Servers'!J5:J100,"❌ Inactive")+COUNTIF('Internal NTP Servers'!J5:J100,"⚠ Failed") | F7: 0 | G7: =IF((B8-F8)=0,0,C8/(B8-F8))
A8: TOTAL | B8: =B6+B7 | C8: =C6+C7 | D8: =D6+D7 | E8: =E6+E7 | F8: =F6+F7 | G8: =IF((B8-F8)=0,0,C8/(B8-F8))
A10: TABLE 2 — KPI & METRICS
A11: KPI | B11: Current Value | C11: Target | D11: Status | E11: Last Updated | F11: Owner | G11: Notes
A12: External Time Sources (Active) | C12: ≥ 2
A13: Internal NTP Servers (Active) | C13: ≥ 2
A14: External Source Availability Rate | C14: 100%
A15: Internal Server Availability Rate | C15: ≥ 95%
A16: NTP Monitoring Coverage (with Alerting) | C16: 100%
A17: Stratum Level Compliance (≤ Stratum 2 external) | C17: 100%
A18: Geographic / DC Diversity | C18: ≥ 2 sites
A19: Infrastructure Redundancy Groups | C19: ≥ 2 groups
A21: TABLE 3 — CRITICAL FINDINGS: Non-Active NTP Servers
A22: Assessment Area | B22: Server Name | C22: Status / Issue | D22: Monitoring | E22: Notes
A23: Internal NTP Servers | B23: =IFERROR(INDEX('Internal NTP Servers'!A$5:A$100,SMALL(IF('Internal NTP Servers'!J$5:J$100<>"✅ Active",ROW('Internal NTP Servers'!J$5:J$100)-ROW('Internal NTP Servers'!J$5)+1),1)),"") | C23: =IFERROR(INDEX('Internal NTP Servers'!J$5:J$100,SMALL(IF('Internal NTP Servers'!J$5:J$100<>"✅ Active",ROW('Internal NTP Servers'!J$5:J$100)-ROW('Internal NTP Servers'!J$5)+1),1)),"") | D23: =IFERROR(INDEX('Internal NTP Servers'!H$5:H$100,SMALL(IF('Internal NTP Servers'!J$5:J$100<>"✅ Active",ROW('Internal NTP Servers'!J$5:J$100)-ROW('Internal NTP Servers'!J$5)+1),1)),"") | E23: =IFERROR(INDEX('Internal NTP Servers'!K$5:K$100,SMALL(IF('Internal NTP Servers'!J$5:J$100<>"✅ Active",ROW('Internal NTP Servers'!J$5:J$100)-ROW('Internal NTP Servers'!J$5)+1),1)),"")
A24: Internal NTP Servers | B24: =IFERROR(INDEX('Internal NTP Servers'!A$5:A$100,SMALL(IF('Internal NTP Servers'!J$5:J$100<>"✅ Active",ROW('Internal NTP Servers'!J$5:J$100)-ROW('Internal NTP Servers'!J$5)+1),2)),"") | C24: =IFERROR(INDEX('Internal NTP Servers'!J$5:J$100,SMALL(IF('Internal NTP Servers'!J$5:J$100<>"✅ Active",ROW('Internal NTP Servers'!J$5:J$100)-ROW('Internal NTP Servers'!J$5)+1),2)),"") | D24: =IFERROR(INDEX('Internal NTP Servers'!H$5:H$100,SMALL(IF('Internal NTP Servers'!J$5:J$100<>"✅ Active",ROW('Internal NTP Servers'!J$5:J$100)-ROW('Internal NTP Servers'!J$5)+1),2)),"") | E24: =IFERROR(INDEX('Internal NTP Servers'!K$5:K$100,SMALL(IF('Internal NTP Servers'!J$5:J$100<>"✅ Active",ROW('Internal NTP Servers'!J$5:J$100)-ROW('Internal NTP Servers'!J$5)+1),2)),"")
A25: Internal NTP Servers | B25: =IFERROR(INDEX('Internal NTP Servers'!A$5:A$100,SMALL(IF('Internal NTP Servers'!J$5:J$100<>"✅ Active",ROW('Internal NTP Servers'!J$5:J$100)-ROW('Internal NTP Servers'!J$5)+1),3)),"") | C25: =IFERROR(INDEX('Internal NTP Servers'!J$5:J$100,SMALL(IF('Internal NTP Servers'!J$5:J$100<>"✅ Active",ROW('Internal NTP Servers'!J$5:J$100)-ROW('Internal NTP Servers'!J$5)+1),3)),"") | D25: =IFERROR(INDEX('Internal NTP Servers'!H$5:H$100,SMALL(IF('Internal NTP Servers'!J$5:J$100<>"✅ Active",ROW('Internal NTP Servers'!J$5:J$100)-ROW('Internal NTP Servers'!J$5)+1),3)),"") | E25: =IFERROR(INDEX('Internal NTP Servers'!K$5:K$100,SMALL(IF('Internal NTP Servers'!J$5:J$100<>"✅ Active",ROW('Internal NTP Servers'!J$5:J$100)-ROW('Internal NTP Servers'!J$5)+1),3)),"")
A26: Internal NTP Servers | B26: =IFERROR(INDEX('Internal NTP Servers'!A$5:A$100,SMALL(IF('Internal NTP Servers'!J$5:J$100<>"✅ Active",ROW('Internal NTP Servers'!J$5:J$100)-ROW('Internal NTP Servers'!J$5)+1),4)),"") | C26: =IFERROR(INDEX('Internal NTP Servers'!J$5:J$100,SMALL(IF('Internal NTP Servers'!J$5:J$100<>"✅ Active",ROW('Internal NTP Servers'!J$5:J$100)-ROW('Internal NTP Servers'!J$5)+1),4)),"") | D26: =IFERROR(INDEX('Internal NTP Servers'!H$5:H$100,SMALL(IF('Internal NTP Servers'!J$5:J$100<>"✅ Active",ROW('Internal NTP Servers'!J$5:J$100)-ROW('Internal NTP Servers'!J$5)+1),4)),"") | E26: =IFERROR(INDEX('Internal NTP Servers'!K$5:K$100,SMALL(IF('Internal NTP Servers'!J$5:J$100<>"✅ Active",ROW('Internal NTP Servers'!J$5:J$100)-ROW('Internal NTP Servers'!J$5)+1),4)),"")
A27: Internal NTP Servers | B27: =IFERROR(INDEX('Internal NTP Servers'!A$5:A$100,SMALL(IF('Internal NTP Servers'!J$5:J$100<>"✅ Active",ROW('Internal NTP Servers'!J$5:J$100)-ROW('Internal NTP Servers'!J$5)+1),5)),"") | C27: =IFERROR(INDEX('Internal NTP Servers'!J$5:J$100,SMALL(IF('Internal NTP Servers'!J$5:J$100<>"✅ Active",ROW('Internal NTP Servers'!J$5:J$100)-ROW('Internal NTP Servers'!J$5)+1),5)),"") | D27: =IFERROR(INDEX('Internal NTP Servers'!H$5:H$100,SMALL(IF('Internal NTP Servers'!J$5:J$100<>"✅ Active",ROW('Internal NTP Servers'!J$5:J$100)-ROW('Internal NTP Servers'!J$5)+1),5)),"") | E27: =IFERROR(INDEX('Internal NTP Servers'!K$5:K$100,SMALL(IF('Internal NTP Servers'!J$5:J$100<>"✅ Active",ROW('Internal NTP Servers'!J$5:J$100)-ROW('Internal NTP Servers'!J$5)+1),5)),"")
A28: Internal NTP Servers | B28: =IFERROR(INDEX('Internal NTP Servers'!A$5:A$100,SMALL(IF('Internal NTP Servers'!J$5:J$100<>"✅ Active",ROW('Internal NTP Servers'!J$5:J$100)-ROW('Internal NTP Servers'!J$5)+1),6)),"") | C28: =IFERROR(INDEX('Internal NTP Servers'!J$5:J$100,SMALL(IF('Internal NTP Servers'!J$5:J$100<>"✅ Active",ROW('Internal NTP Servers'!J$5:J$100)-ROW('Internal NTP Servers'!J$5)+1),6)),"") | D28: =IFERROR(INDEX('Internal NTP Servers'!H$5:H$100,SMALL(IF('Internal NTP Servers'!J$5:J$100<>"✅ Active",ROW('Internal NTP Servers'!J$5:J$100)-ROW('Internal NTP Servers'!J$5)+1),6)),"") | E28: =IFERROR(INDEX('Internal NTP Servers'!K$5:K$100,SMALL(IF('Internal NTP Servers'!J$5:J$100<>"✅ Active",ROW('Internal NTP Servers'!J$5:J$100)-ROW('Internal NTP Servers'!J$5)+1),6)),"")
A29: Internal NTP Servers | B29: =IFERROR(INDEX('Internal NTP Servers'!A$5:A$100,SMALL(IF('Internal NTP Servers'!J$5:J$100<>"✅ Active",ROW('Internal NTP Servers'!J$5:J$100)-ROW('Internal NTP Servers'!J$5)+1),7)),"") | C29: =IFERROR(INDEX('Internal NTP Servers'!J$5:J$100,SMALL(IF('Internal NTP Servers'!J$5:J$100<>"✅ Active",ROW('Internal NTP Servers'!J$5:J$100)-ROW('Internal NTP Servers'!J$5)+1),7)),"") | D29: =IFERROR(INDEX('Internal NTP Servers'!H$5:H$100,SMALL(IF('Internal NTP Servers'!J$5:J$100<>"✅ Active",ROW('Internal NTP Servers'!J$5:J$100)-ROW('Internal NTP Servers'!J$5)+1),7)),"") | E29: =IFERROR(INDEX('Internal NTP Servers'!K$5:K$100,SMALL(IF('Internal NTP Servers'!J$5:J$100<>"✅ Active",ROW('Internal NTP Servers'!J$5:J$100)-ROW('Internal NTP Servers'!J$5)+1),7)),"")
A30: Internal NTP Servers | B30: =IFERROR(INDEX('Internal NTP Servers'!A$5:A$100,SMALL(IF('Internal NTP Servers'!J$5:J$100<>"✅ Active",ROW('Internal NTP Servers'!J$5:J$100)-ROW('Internal NTP Servers'!J$5)+1),8)),"") | C30: =IFERROR(INDEX('Internal NTP Servers'!J$5:J$100,SMALL(IF('Internal NTP Servers'!J$5:J$100<>"✅ Active",ROW('Internal NTP Servers'!J$5:J$100)-ROW('Internal NTP Servers'!J$5)+1),8)),"") | D30: =IFERROR(INDEX('Internal NTP Servers'!H$5:H$100,SMALL(IF('Internal NTP Servers'!J$5:J$100<>"✅ Active",ROW('Internal NTP Servers'!J$5:J$100)-ROW('Internal NTP Servers'!J$5)+1),8)),"") | E30: =IFERROR(INDEX('Internal NTP Servers'!K$5:K$100,SMALL(IF('Internal NTP Servers'!J$5:J$100<>"✅ Active",ROW('Internal NTP Servers'!J$5:J$100)-ROW('Internal NTP Servers'!J$5)+1),8)),"")
A31: Internal NTP Servers | B31: =IFERROR(INDEX('Internal NTP Servers'!A$5:A$100,SMALL(IF('Internal NTP Servers'!J$5:J$100<>"✅ Active",ROW('Internal NTP Servers'!J$5:J$100)-ROW('Internal NTP Servers'!J$5)+1),9)),"") | C31: =IFERROR(INDEX('Internal NTP Servers'!J$5:J$100,SMALL(IF('Internal NTP Servers'!J$5:J$100<>"✅ Active",ROW('Internal NTP Servers'!J$5:J$100)-ROW('Internal NTP Servers'!J$5)+1),9)),"") | D31: =IFERROR(INDEX('Internal NTP Servers'!H$5:H$100,SMALL(IF('Internal NTP Servers'!J$5:J$100<>"✅ Active",ROW('Internal NTP Servers'!J$5:J$100)-ROW('Internal NTP Servers'!J$5)+1),9)),"") | E31: =IFERROR(INDEX('Internal NTP Servers'!K$5:K$100,SMALL(IF('Internal NTP Servers'!J$5:J$100<>"✅ Active",ROW('Internal NTP Servers'!J$5:J$100)-ROW('Internal NTP Servers'!J$5)+1),9)),"")
A32: Internal NTP Servers | B32: =IFERROR(INDEX('Internal NTP Servers'!A$5:A$100,SMALL(IF('Internal NTP Servers'!J$5:J$100<>"✅ Active",ROW('Internal NTP Servers'!J$5:J$100)-ROW('Internal NTP Servers'!J$5)+1),10)),"") | C32: =IFERROR(INDEX('Internal NTP Servers'!J$5:J$100,SMALL(IF('Internal NTP Servers'!J$5:J$100<>"✅ Active",ROW('Internal NTP Servers'!J$5:J$100)-ROW('Internal NTP Servers'!J$5)+1),10)),"") | D32: =IFERROR(INDEX('Internal NTP Servers'!H$5:H$100,SMALL(IF('Internal NTP Servers'!J$5:J$100<>"✅ Active",ROW('Internal NTP Servers'!J$5:J$100)-ROW('Internal NTP Servers'!J$5)+1),10)),"") | E32: =IFERROR(INDEX('Internal NTP Servers'!K$5:K$100,SMALL(IF('Internal NTP Servers'!J$5:J$100<>"✅ Active",ROW('Internal NTP Servers'!J$5:J$100)-ROW('Internal NTP Servers'!J$5)+1),10)),"")
A33: TOTAL Non-Active NTP Servers | B33: =SUMPRODUCT(('Internal NTP Servers'!J5:J100<>"✅ Active")*('Internal NTP Servers'!J5:J100<>""))

Sheet Approval Sign-Off
A1: ASSESSMENT APPROVAL AND SIGN-OFF
A3: ASSESSMENT SUMMARY
A4: Document: | B4: ISMS-IMP-A.8.17.1 - Time Sources
A5: Assessment Period:
A6: Overall Compliance: | B6: =IFERROR(AVERAGE('Summary Dashboard'!G6:G7),"")
A7: Assessment Status:
A10: COMPLETED BY (ASSESSOR)
A11: Name:
A12: Title:
A13: Date:
A14: Signature:
A15: Comments:
A17: REVIEWED BY (INFORMATION SECURITY OFFICER)
A18: Name:
A19: Title:
A20: Date:
A21: Signature:
... A37: Special Considerations:
