Workbook

Sheet Instructions & Legend
A1: ISMS-IMP-A.7.6-7-14-S1 - Secure Areas Working Assessment ISO/IEC 27001:2022 - Control A.7.6: Working in Secure Areas
A3: Document Information
A4: Document ID | B4: ISMS-IMP-A.7.6-7-14-S1
A5: Workbook Title | B5: Secure Areas Working Assessment
A6: Control Reference | B6: ISO/IEC 27001:2022 - Control A.7.6: Working in Secure Areas
A7: Version | B7: 1.0
A8: Assessment Date
A9: Completed By
A10: Organisation
A12: Instructions
A13: 1. Document all defined secure areas in Sheet 2 (Secure Area Register).
A14: 2. Assess working procedure compliance in Sheet 3 (Working Procedures).
A15: 3. Track third-party access in Sheet 4 (Third-Party Access).
A16: 4. Log security incidents in Sheet 5 (Incidents).
A17: 5. Review Summary Dashboard (Sheet 6) for compliance metrics.
A18: 6. Document evidence in Sheet 7 (Evidence Register).
A19: 7. Obtain approvals in Sheet 8 (Approval Sign-Off).
A21: Status Legend
A22: Symbol | B22: Status | C22: Description
A23: ✓ | B23: Compliant / Complete | C23: Requirement fully met
A24: ⚠ | B24: Partial / In Progress | C24: Partially met or in progress
A25: ✗ | B25: Non-Compliant / Not Started | C25: Requirement not met
A26: — | B26: Not Applicable | C26: Not applicable to this assessment

Sheet Secure Area Register
A1: SECURE AREA REGISTER Policy Requirement: All secure areas must be defined, classified, and have appropriate controls
A2: ISO/IEC 27001:2022 - Control A.7.6: Working in Secure Areas
A3: Secure Area ID | B3: Secure Area Name | C3: Location | D3: Classification | E3: Access Control Type | F3: Authorised Personnel | G3: Last Access Review | H3: Emergency Procedures | I3: Recording Controls | J3: Unsupervised Working | K3: Status | L3: Notes
A4: Sample — delete before use

Sheet Working Procedures
A1: WORKING PROCEDURES COMPLIANCE ASSESSMENT Policy Requirements per ISMS-POL-A.7.6-7-14 Section 2.1
A2: ISO/IEC 27001:2022 - Control A.7.6: Working in Secure Areas
A3: Requirement ID | B3: Requirement Description | C3: Implementation Status | D3: Evidence | E3: Status | F3: Notes
A4: Sample — delete before use

Sheet Third-Party Access
A1: THIRD-PARTY ACCESS TRACKING Policy Requirement: All visitor/contractor access must be logged, escorted, and time-limited
A2: ISO/IEC 27001:2022 - Control A.7.6: Working in Secure Areas
A3: Access Period | B3: Secure Area | C3: Visitor/Contractor Count | D3: Escort Compliance % | E3: NDA Status | F3: Time Limit Compliance | G3: Equipment Inspected | H3: Status | I3: Notes
A4: Sample — delete before use

Sheet Incidents
A1: SECURE AREA SECURITY INCIDENTS Document all incidents from last 12 months
A2: ISO/IEC 27001:2022 - Control A.7.6: Working in Secure Areas
A3: Incident ID | B3: Date | C3: Secure Area | D3: Incident Type | E3: Severity | F3: Description | G3: Response Time (min) | H3: Resolution Status | I3: Corrective Action | J3: Notes
A4: Sample — delete before use

Sheet Evidence Register
A1: EVIDENCE REGISTER
A2: List all evidence files/documents referenced in this assessment (audit traceability).
A4: Evidence ID | B4: Assessment Area | C4: Evidence Type | D4: Description | E4: Location/Path | F4: Date Collected | G4: Collected By | H4: Verification Status
A5: EV-001

Sheet Summary Dashboard
A1: SECURE AREAS WORKING ASSESSMENT — SUMMARY DASHBOARD
A2: ISO/IEC 27001:2022 — Control A.7.6-7-14: Working in Secure Areas | Clear Desk | Secure Disposal
A4: TABLE 1: ASSESSMENT AREA COMPLIANCE OVERVIEW
A5: Assessment Area | B5: Total Items | C5: Compliant | D5: Partial | E5: Non-Compliant | F5: N/A | G5: Compliance %
A6: Secure Area Register | B6: =COUNTA('Secure Area Register'!A5:A54) | C6: =COUNTIF('Secure Area Register'!K5:K54,"✅*") | D6: =COUNTIF('Secure Area Register'!K5:K54,"⚠*") | E6: =COUNTIF('Secure Area Register'!K5:K54,"❌*") | F6: =COUNTIF('Secure Area Register'!K5:K54,"N/A") | G6: =IF((B6-F6)=0,0,C6/(B6-F6))
A7: Working Procedures | B7: =COUNTA('Working Procedures'!A5:A54) | C7: =COUNTIF('Working Procedures'!E5:E54,"✅*") | D7: =COUNTIF('Working Procedures'!E5:E54,"⚠*") | E7: =COUNTIF('Working Procedures'!E5:E54,"❌*") | F7: =COUNTIF('Working Procedures'!E5:E54,"N/A") | G7: =IF((B7-F7)=0,0,C7/(B7-F7))
A8: Third-Party Access | B8: =COUNTA('Third-Party Access'!A5:A54) | C8: =COUNTIF('Third-Party Access'!H5:H54,"✅*") | D8: =COUNTIF('Third-Party Access'!H5:H54,"⚠*") | E8: =COUNTIF('Third-Party Access'!H5:H54,"❌*") | F8: =COUNTIF('Third-Party Access'!H5:H54,"N/A") | G8: =IF((B8-F8)=0,0,C8/(B8-F8))
A9: TOTAL | B9: =SUM(B6:B8) | C9: =SUM(C6:C8) | D9: =SUM(D6:D8) | E9: =SUM(E6:E8) | F9: =SUM(F6:F8) | G9: =IF((B9-F9)=0,0,C9/(B9-F9))
A11: TABLE 2: KEY METRICS
A12: Metric | B12: Value
A13: Tier 1 Critical Secure Areas | B13: =COUNTIF('Secure Area Register'!D5:D54,"Tier 1 - Critical")
A14: Secure Areas with Strong Access Control | B14: =COUNTIF('Secure Area Register'!E5:E54,"Biometric")+COUNTIF('Secure Area Register'!E5:E54,"Badge + PIN")+COUNTIF('Secure Area Register'!E5:E54,"Mantrap")
A15: Secure Areas Missing Emergency Procedures | B15: =COUNTIF('Secure Area Register'!H5:H54,"No")
A16: Working Procedures: Not Implemented | B16: =COUNTIF('Working Procedures'!C5:C54,"Not Implemented")
A17: Third-Party Access: NDA Issues | B17: =COUNTIF('Third-Party Access'!E5:E54,"No")
A18: Third-Party Equipment Inspections Passed | B18: =COUNTIF('Third-Party Access'!G5:G54,"Yes")
A19: Total Security Incidents (Last 12 Months) | B19: =COUNTA('Incidents'!A5:A54)
A20: Critical/High Severity Incidents | B20: =COUNTIF('Incidents'!E5:E54,"Critical")+COUNTIF('Incidents'!E5:E54,"High")
A24: TABLE 3: CRITICAL FINDINGS REQUIRING IMMEDIATE ATTENTION
A25: Category | B25: Finding | C25: Count | D25: Severity | E25: Action Required
A26: Secure Areas | B26: Non-Compliant Secure Areas | C26: =COUNTIF('Secure Area Register'!K5:K54,"❌*") | D26: Critical | E26: Immediate
A27: Secure Areas | B27: Unrestricted Recording in Secure Areas | C27: =COUNTIF('Secure Area Register'!I5:I54,"No Restriction") | D27: Critical | E27: Immediate
A28: Secure Areas | B28: Unsupervised Work Allowed (No Control) | C28: =COUNTIF('Secure Area Register'!J5:J54,"Allowed") | D28: High | E28: Urgent
A29: Third-Party Access | B29: Access Periods Without NDA | C29: =COUNTIF('Third-Party Access'!E5:E54,"No") | D29: High | E29: Urgent
A30: Incidents | B30: Unresolved or Escalated Incidents | C30: =COUNTIF('Incidents'!H5:H54,"In Progress")+COUNTIF('Incidents'!H5:H54,"Escalated") | D30: High | E30: Urgent
A34: FINAL DECISION:
A37: NEXT REVIEW DETAILS
A38: Next Review Date:
A39: Review Responsible:
A40: Special Considerations:

Sheet Approval Sign-Off
A1: ASSESSMENT APPROVAL AND SIGN-OFF
A2: ISO/IEC 27001:2022 - Control A.7.6: Working in Secure Areas
A3: ASSESSMENT SUMMARY
A4: Document: | B4: ISMS-IMP-A.7.6-7-14-S1 - Secure Areas Working Assessment
A5: Assessment Period:
A6: Overall Compliance Rating: | B6: =IFERROR(AVERAGE('Summary Dashboard'!G6:G8),"")
A7: Assessment Status:
A8: Assessed By:
A11: COMPLETED BY (ASSESSOR)
A12: Name:
A13: Title:
A14: Date:
A15: Signature:
A16: Comments:
A18: REVIEWED BY (INFORMATION SECURITY OFFICER)
A19: Name:
A20: Title:
A21: Date:
... A38: Special Considerations:
