Workbook

Sheet Instructions & Legend
A1: ISMS-IMP-A.7.14.S3 - Equipment Disposal Assessment ISO/IEC 27001:2022 - Control A.7.14: Secure Disposal or Re-Use of Equipment
A3: Document Information
A4: Document ID | B4: ISMS-IMP-A.7.14.S3
A5: Workbook Title | B5: Equipment Disposal Assessment
A6: Control Reference | B6: ISO/IEC 27001:2022 - Control A.7.14: Secure Disposal or Re-Use of Equipment
A7: Version | B7: 1.0
A8: Assessment Date
A9: Completed By
A10: Organisation
A12: Instructions
A13: 1. Document disposal requirements by equipment type in Sheet 2.
A14: 2. List approved sanitisation tools in Sheet 3.
A15: 3. Document disposal service providers in Sheet 4.
A16: 4. Log all equipment disposals in Sheet 5 (Disposal Log).
A17: 5. Review Summary Dashboard (Sheet 6) for compliance metrics.
A18: 6. Document evidence (certificates) in Sheet 7.
A19: 7. Obtain approvals in Sheet 8.
A21: Status Legend
A22: Symbol | B22: Status | C22: Description
A23: ✓ | B23: Compliant / Complete | C23: Requirement fully met
A24: ⚠ | B24: Partial / In Progress | C24: Partially met or in progress
A25: ✗ | B25: Non-Compliant / Not Started | C25: Requirement not met
A26: — | B26: Not Applicable | C26: Not applicable to this assessment

Sheet Disposal Requirements
A1: DISPOSAL REQUIREMENTS MATRIX Disposal methods by equipment type and data classification
A2: ISO/IEC 27001:2022 - Control A.7.14: Secure Disposal or Re-Use of Equipment
A3: Equipment Type | B3: Storage Type | C3: CONFIDENTIAL Method | D3: INTERNAL Method | E3: PUBLIC Method | F3: Verification Required | G3: Certificate Required | H3: Implementation Status | I3: Notes
A4: Hard Drives (HDD) | B4: HDD | C4: Physical Destruction | D4: 3-Pass Overwrite or Destruction | E4: Format
A5: Solid State Drives (SSD) | B5: SSD | C5: Physical Destruction | D5: Crypto Erase or Destruction | E5: Secure Erase
A6: Mobile Devices | B6: Flash | C6: Physical Destruction | D6: Factory Reset + Verification | E6: Factory Reset
A7: USB/Removable Media | B7: Flash | C7: Physical Destruction | D7: Secure Overwrite or Destruction | E7: Format
A8: Printers/Copiers | B8: HDD | C8: HDD Removal + Destruction | D8: HDD Removal + Secure Wipe | E8: Clear Memory
A9: Network Equipment | B9: Config | C9: N/A | D9: Config Wipe + Verification | E9: Config Reset
A10: Servers | B10: HDD/SSD | C10: Physical Destruction | D10: Secure Wipe or Destruction | E10: Format + Reinstall
A11: Laptops | B11: HDD/SSD | C11: Physical Destruction | D11: Secure Wipe or Destruction | E11: Factory Reset
A12: Desktops | B12: HDD/SSD | C12: Physical Destruction | D12: Secure Wipe or Destruction | E12: Factory Reset
A13: Sample — delete before use

Sheet Disposal Tools
A1: APPROVED DISPOSAL TOOLS AND METHODS Data sanitisation tools and physical destruction methods
A2: ISO/IEC 27001:2022 - Control A.7.14: Secure Disposal or Re-Use of Equipment
A3: Tool/Method Name | B3: Tool Type | C3: Applicable Equipment | D3: Standard/Method | E3: Verification Method | F3: Approved Version | G3: Last Tested | H3: Compliant | I3: Notes
A4: DBAN (Darik's Boot and Nuke) | B4: Software - Overwrite | C4: HDD | D4: DoD 5220.22-M (3-pass) | E4: Software verification report
A5: Blancco Drive Eraser | B5: Software - Overwrite | C5: HDD, SSD | D5: NIST 800-88 Rev. 2 Purge | E5: Certificate generation
A6: BitRaser | B6: Software - Crypto Erase | C6: SSD, Flash | D6: NIST 800-88 Rev. 2 Purge | E6: Certificate generation
A7: Physical Shredder | B7: Hardware - Shredder | C7: All Storage Media | D7: Physical Destruction | E7: Visual inspection + certificate
A8: Degausser | B8: Hardware - Degausser | C8: Magnetic Media (HDD, Tape) | D8: Magnetic Erasure | E8: Visual inspection
A9: Sample — delete before use

Sheet Service Providers
A1: DISPOSAL SERVICE PROVIDERS Vendor management for equipment destruction services
A2: ISO/IEC 27001:2022 - Control A.7.14: Secure Disposal or Re-Use of Equipment
A3: Provider Name | B3: Service Type | C3: Contract Status | D3: Contract Expiry | E3: Certificate Provided | F3: On-Site Option | G3: Chain of Custody | H3: Last Audit/Review | I3: Status | J3: Notes
A4: Sample — delete before use

Sheet Disposal Log
A1: EQUIPMENT DISPOSAL LOG Track all equipment disposals with certificates and verification
A2: ISO/IEC 27001:2022 - Control A.7.14: Secure Disposal or Re-Use of Equipment
A3: Disposal ID | B3: Date | C3: Asset Tag | D3: Equipment Type | E3: Make/Model | F3: Serial Number | G3: Data Classification | H3: Disposal Method | I3: Destination | J3: Certificate Obtained | K3: Certificate Ref | L3: Verified By | M3: Asset Updated | N3: Compliant | O3: Notes
A4: Sample — delete before use | N4: =IF(OR(G4="",H4=""),"",IF(AND(G4="CONFIDENTIAL",H4="Physical Destruction",J4="Yes"),"Yes",IF(G4="PUBLIC","Yes",IF(J4="N/A","Yes","Check"))))
N5: =IF(OR(G5="",H5=""),"",IF(AND(G5="CONFIDENTIAL",H5="Physical Destruction",J5="Yes"),"Yes",IF(G5="PUBLIC","Yes",IF(J5="N/A","Yes","Check"))))
N6: =IF(OR(G6="",H6=""),"",IF(AND(G6="CONFIDENTIAL",H6="Physical Destruction",J6="Yes"),"Yes",IF(G6="PUBLIC","Yes",IF(J6="N/A","Yes","Check"))))
N7: =IF(OR(G7="",H7=""),"",IF(AND(G7="CONFIDENTIAL",H7="Physical Destruction",J7="Yes"),"Yes",IF(G7="PUBLIC","Yes",IF(J7="N/A","Yes","Check"))))
N8: =IF(OR(G8="",H8=""),"",IF(AND(G8="CONFIDENTIAL",H8="Physical Destruction",J8="Yes"),"Yes",IF(G8="PUBLIC","Yes",IF(J8="N/A","Yes","Check"))))
N9: =IF(OR(G9="",H9=""),"",IF(AND(G9="CONFIDENTIAL",H9="Physical Destruction",J9="Yes"),"Yes",IF(G9="PUBLIC","Yes",IF(J9="N/A","Yes","Check"))))
N10: =IF(OR(G10="",H10=""),"",IF(AND(G10="CONFIDENTIAL",H10="Physical Destruction",J10="Yes"),"Yes",IF(G10="PUBLIC","Yes",IF(J10="N/A","Yes","Check"))))
N11: =IF(OR(G11="",H11=""),"",IF(AND(G11="CONFIDENTIAL",H11="Physical Destruction",J11="Yes"),"Yes",IF(G11="PUBLIC","Yes",IF(J11="N/A","Yes","Check"))))
N12: =IF(OR(G12="",H12=""),"",IF(AND(G12="CONFIDENTIAL",H12="Physical Destruction",J12="Yes"),"Yes",IF(G12="PUBLIC","Yes",IF(J12="N/A","Yes","Check"))))
N13: =IF(OR(G13="",H13=""),"",IF(AND(G13="CONFIDENTIAL",H13="Physical Destruction",J13="Yes"),"Yes",IF(G13="PUBLIC","Yes",IF(J13="N/A","Yes","Check"))))
N14: =IF(OR(G14="",H14=""),"",IF(AND(G14="CONFIDENTIAL",H14="Physical Destruction",J14="Yes"),"Yes",IF(G14="PUBLIC","Yes",IF(J14="N/A","Yes","Check"))))
N15: =IF(OR(G15="",H15=""),"",IF(AND(G15="CONFIDENTIAL",H15="Physical Destruction",J15="Yes"),"Yes",IF(G15="PUBLIC","Yes",IF(J15="N/A","Yes","Check"))))
N16: =IF(OR(G16="",H16=""),"",IF(AND(G16="CONFIDENTIAL",H16="Physical Destruction",J16="Yes"),"Yes",IF(G16="PUBLIC","Yes",IF(J16="N/A","Yes","Check"))))
... N54: =IF(OR(G54="",H54=""),"",IF(AND(G54="CONFIDENTIAL",H54="Physical Destruction",J54="Yes"),"Yes",IF(G54="PUBLIC","Yes",IF(J54="N/A","Yes","Check"))))

Sheet Evidence Register
A1: EVIDENCE REGISTER
A2: List all evidence files/documents referenced in this assessment (audit traceability).
A4: Evidence ID | B4: Assessment Area | C4: Evidence Type | D4: Description | E4: Location/Path | F4: Date Collected | G4: Collected By | H4: Verification Status
A5: EV-001

Sheet Summary Dashboard
A1: EQUIPMENT DISPOSAL ASSESSMENT — SUMMARY DASHBOARD
A2: ISO/IEC 27001:2022 — Control A.7.14: Secure Disposal or Re-Use of Equipment
A4: TABLE 1: ASSESSMENT AREA COMPLIANCE OVERVIEW
A5: Assessment Area | B5: Total Items | C5: Compliant | D5: Partial | E5: Non-Compliant | F5: N/A | G5: Compliance %
A6: Disposal Requirements | B6: =COUNTA('Disposal Requirements'!A4:A63) | C6: =COUNTIF('Disposal Requirements'!H4:H63,"Implemented") | D6: =COUNTIF('Disposal Requirements'!H4:H63,"Partial") | E6: =COUNTIF('Disposal Requirements'!H4:H63,"Not Implemented") | F6: 0 | G6: =IF((B6-F6)=0,0,C6/(B6-F6))
A7: Service Providers | B7: =COUNTA('Service Providers'!A5:A54) | C7: =COUNTIF('Service Providers'!I5:I54,"✅*") | D7: =COUNTIF('Service Providers'!I5:I54,"⚠*") | E7: =COUNTIF('Service Providers'!I5:I54,"❌*") | F7: 0 | G7: =IF((B7-F7)=0,0,C7/(B7-F7))
A8: TOTAL | B8: =SUM(B6:B7) | C8: =SUM(C6:C7) | D8: =SUM(D6:D7) | E8: =SUM(E6:E7) | F8: =SUM(F6:F7) | G8: =IF((B8-F8)=0,0,C8/(B8-F8))
A10: TABLE 2: KEY METRICS
A11: Metric | B11: Value
A12: Total Equipment Disposed | B12: =COUNTA('Disposal Log'!A5:A54)
A13: CONFIDENTIAL Equipment Disposed | B13: =COUNTIF('Disposal Log'!G5:G54,"CONFIDENTIAL")
A14: Certificates Obtained (All Disposals) | B14: =COUNTIF('Disposal Log'!J5:J54,"Yes")
A15: Approved Disposal Tools Registered | B15: =COUNTA('Disposal Tools'!A4:A59)
A16: Non-Compliant Disposal Tools | B16: =COUNTIF('Disposal Tools'!H4:H59,"No")
A17: Active Service Providers | B17: =COUNTIF('Service Providers'!C5:C54,"Active")
A18: Providers with On-Site Destruction Option | B18: =COUNTIF('Service Providers'!F5:F54,"Yes")
A19: Disposal Requirements: Not Implemented | B19: =COUNTIF('Disposal Requirements'!H4:H63,"Not Implemented")
A23: TABLE 3: CRITICAL FINDINGS REQUIRING IMMEDIATE ATTENTION
A24: Category | B24: Finding | C24: Count | D24: Severity | E24: Action Required
A25: Disposal Log | B25: CONFIDENTIAL Items Without Destruction Certificate | C25: =COUNTIFS('Disposal Log'!G5:G54,"CONFIDENTIAL",'Disposal Log'!J5:J54,"No") | D25: Critical | E25: Immediate
A26: Service Providers | B26: Providers with Expired Contracts | C26: =COUNTIF('Service Providers'!C5:C54,"Expired") | D26: Critical | E26: Immediate
A27: Service Providers | B27: Providers Without Chain of Custody | C27: =COUNTIF('Service Providers'!G5:G54,"Not Documented") | D27: High | E27: Urgent
A28: Service Providers | B28: Providers Not Issuing Certificates | C28: =COUNTIF('Service Providers'!E5:E54,"No") | D28: High | E28: Urgent
A29: Service Providers | B29: Non-Compliant Service Providers | C29: =COUNTIF('Service Providers'!I5:I54,"❌*") | D29: High | E29: Urgent
A33: FINAL DECISION:
A36: NEXT REVIEW DETAILS
A37: Next Review Date:
A38: Review Responsible:
A39: Special Considerations:

Sheet Approval Sign-Off
A1: ASSESSMENT APPROVAL AND SIGN-OFF
A2: ISO/IEC 27001:2022 - Control A.7.14: Secure Disposal or Re-Use of Equipment
A3: ASSESSMENT SUMMARY
A4: Document: | B4: ISMS-IMP-A.7.14.S3 - Equipment Disposal Assessment
A5: Assessment Period:
A6: Overall Compliance Rating: | B6: =IFERROR(AVERAGE('Summary Dashboard'!G6:G7),"")
A7: Assessment Status:
A8: Assessed By:
A11: COMPLETED BY (ASSESSOR)
A12: Name:
A13: Title:
A14: Date:
A15: Signature:
A16: Comments:
A18: REVIEWED BY (INFORMATION SECURITY OFFICER)
A19: Name:
A20: Title:
A21: Date:
... A38: Special Considerations:
