Workbook

Sheet Instructions & Legend
A1: ISMS-IMP-A.8.15.4 - Log Analysis & Review Assessment ISO/IEC 27001:2022 - Control A.8.15: Logging
A4: Document ID: | B4: ISMS-IMP-A.8.15.4
A5: Assessment Area: | B5: Log Analysis, Review, and Continuous Monitoring
A6: Related Policy: | B6: ISMS-POL-A.8.15-S2.4
A7: Version: | B7: 1.0
A8: Assessment Date: | B8: [USER INPUT - DD.MM.YYYY]
A9: Completed By: | B9: [USER INPUT]
A10: Organization: | B10: [USER INPUT]
A11: Review Cycle: | B11: Quarterly
A14: KEY DEFINITIONS
A15: Log Review | B15: Scheduled examination of logs for security events
A16: Alert | B16: Automated notification of potential security event
A17: True Positive | B17: Alert correctly identifying real security event
A18: False Positive | B18: Alert incorrectly identifying normal activity as security event
A19: MTTD | B19: Mean Time to Detect - average time to detect security event
A20: MTTR | B20: Mean Time to Respond - average time to respond to security event
A21: Use Case | B21: Specific detection scenario configured in SIEM
A22: Playbook | B22: Documented procedure for investigating specific alert types

Sheet Log Review Schedule
A1: LOG REVIEW SCHEDULE
A2: Document log review schedule and completion status per ISMS-POL-A.8.15-S2.4.1
A7: Review ID | B7: Review Type | C7: Log Source / Scope | D7: Frequency | E7: Responsible Party | F7: Review Procedure | G7: Last Review Date | H7: Next Review Due | I7: Status | J7: Days Overdue | K7: Completion Rate % | L7: Findings (Last Review) | M7: Actions Taken | N7: Notes
A8: REV-001 | B8: Security Event Review | C8: Firewall logs | D8: Daily | E8: SOC Analyst | F8: Review denied connections, scan attempts | G8: 06.01.2026 | H8: 07.01.2026 | I8: On Schedule | J8: 0 | K8: 100% | L8: 3 port scans detected | M8: Blocked IPs added to blocklist | N8: Daily review completed
A9: =IF(B9<>"","REV-"&TEXT(ROW()-8,"000"),"") | J9: =IF(AND(H9<>"",H9<TODAY(),I9<>"Completed"),TODAY()-H9,0)
A10: =IF(B10<>"","REV-"&TEXT(ROW()-8,"000"),"") | J10: =IF(AND(H10<>"",H10<TODAY(),I10<>"Completed"),TODAY()-H10,0)
A11: =IF(B11<>"","REV-"&TEXT(ROW()-8,"000"),"") | J11: =IF(AND(H11<>"",H11<TODAY(),I11<>"Completed"),TODAY()-H11,0)
A12: =IF(B12<>"","REV-"&TEXT(ROW()-8,"000"),"") | J12: =IF(AND(H12<>"",H12<TODAY(),I12<>"Completed"),TODAY()-H12,0)
A13: =IF(B13<>"","REV-"&TEXT(ROW()-8,"000"),"") | J13: =IF(AND(H13<>"",H13<TODAY(),I13<>"Completed"),TODAY()-H13,0)
A14: =IF(B14<>"","REV-"&TEXT(ROW()-8,"000"),"") | J14: =IF(AND(H14<>"",H14<TODAY(),I14<>"Completed"),TODAY()-H14,0)
A15: =IF(B15<>"","REV-"&TEXT(ROW()-8,"000"),"") | J15: =IF(AND(H15<>"",H15<TODAY(),I15<>"Completed"),TODAY()-H15,0)
A16: =IF(B16<>"","REV-"&TEXT(ROW()-8,"000"),"") | J16: =IF(AND(H16<>"",H16<TODAY(),I16<>"Completed"),TODAY()-H16,0)
A17: =IF(B17<>"","REV-"&TEXT(ROW()-8,"000"),"") | J17: =IF(AND(H17<>"",H17<TODAY(),I17<>"Completed"),TODAY()-H17,0)
A18: =IF(B18<>"","REV-"&TEXT(ROW()-8,"000"),"") | J18: =IF(AND(H18<>"",H18<TODAY(),I18<>"Completed"),TODAY()-H18,0)
A19: =IF(B19<>"","REV-"&TEXT(ROW()-8,"000"),"") | J19: =IF(AND(H19<>"",H19<TODAY(),I19<>"Completed"),TODAY()-H19,0)
A20: =IF(B20<>"","REV-"&TEXT(ROW()-8,"000"),"") | J20: =IF(AND(H20<>"",H20<TODAY(),I20<>"Completed"),TODAY()-H20,0)
... A100: =IF(B100<>"","REV-"&TEXT(ROW()-8,"000"),"") | J100: =IF(AND(H100<>"",H100<TODAY(),I100<>"Completed"),TODAY()-H100,0)

Sheet Alert Management
A1: ALERT MANAGEMENT
A2: Assess alert configuration and effectiveness per ISMS-POL-A.8.15-S2.4.3
A7: Alert ID | B7: Alert Name | C7: Alert Type | D7: Severity | E7: MITRE ATT&CK Tactic | F7: Detection Logic | G7: Threshold | H7: Alerts/Month | I7: True Positives | J7: False Positives | K7: True Positive Rate % | L7: Tuning Required | M7: Playbook Exists | N7: Last Tuned | O7: Status | P7: Notes
A8: ALT-001 | B8: Multiple Failed Logins | C8: Authentication | D8: High | E8: TA0006 - Credential Access | F8: 5+ failed logins in 5 minutes | G8: >= 5 attempts | H8: 45 | I8: 38 | J8: 7 | K8: 84.4% | L8: No | M8: Yes | N8: 15.11.2025 | O8: Active | P8: Well-tuned, low FP rate
A9: =IF(B9<>"","ALT-"&TEXT(ROW()-8,"000"),"") | K9: =IF(AND(I9<>"",J9<>""),I9/(I9+J9),"")
A10: =IF(B10<>"","ALT-"&TEXT(ROW()-8,"000"),"") | K10: =IF(AND(I10<>"",J10<>""),I10/(I10+J10),"")
A11: =IF(B11<>"","ALT-"&TEXT(ROW()-8,"000"),"") | K11: =IF(AND(I11<>"",J11<>""),I11/(I11+J11),"")
A12: =IF(B12<>"","ALT-"&TEXT(ROW()-8,"000"),"") | K12: =IF(AND(I12<>"",J12<>""),I12/(I12+J12),"")
A13: =IF(B13<>"","ALT-"&TEXT(ROW()-8,"000"),"") | K13: =IF(AND(I13<>"",J13<>""),I13/(I13+J13),"")
A14: =IF(B14<>"","ALT-"&TEXT(ROW()-8,"000"),"") | K14: =IF(AND(I14<>"",J14<>""),I14/(I14+J14),"")
A15: =IF(B15<>"","ALT-"&TEXT(ROW()-8,"000"),"") | K15: =IF(AND(I15<>"",J15<>""),I15/(I15+J15),"")
A16: =IF(B16<>"","ALT-"&TEXT(ROW()-8,"000"),"") | K16: =IF(AND(I16<>"",J16<>""),I16/(I16+J16),"")
A17: =IF(B17<>"","ALT-"&TEXT(ROW()-8,"000"),"") | K17: =IF(AND(I17<>"",J17<>""),I17/(I17+J17),"")
A18: =IF(B18<>"","ALT-"&TEXT(ROW()-8,"000"),"") | K18: =IF(AND(I18<>"",J18<>""),I18/(I18+J18),"")
A19: =IF(B19<>"","ALT-"&TEXT(ROW()-8,"000"),"") | K19: =IF(AND(I19<>"",J19<>""),I19/(I19+J19),"")
A20: =IF(B20<>"","ALT-"&TEXT(ROW()-8,"000"),"") | K20: =IF(AND(I20<>"",J20<>""),I20/(I20+J20),"")
... A150: =IF(B150<>"","ALT-"&TEXT(ROW()-8,"000"),"") | K150: =IF(AND(I150<>"",J150<>""),I150/(I150+J150),"")

Sheet Investigation Workflow
A1: INVESTIGATION WORKFLOW
A2: Document investigation procedures and incident handling per ISMS-POL-A.8.15-S2.4.4
A7: Incident ID | B7: Detection Date | C7: Alert Source | D7: Severity | E7: Incident Type | F7: Status | G7: Assigned To | H7: MTTD (hours) | I7: MTTR (hours) | J7: Root Cause | K7: Actions Taken | L7: Lessons Learned | M7: Notes
A8: INC-2026-001 | B8: 05.01.2026 | C8: ALT-001 (Multiple Failed Logins) | D8: High | E8: Brute Force Attack | F8: Resolved | G8: SOC Analyst - Jane Smith | H8: 0.5 | I8: 2.0 | J8: Automated brute force from compromised botnet | K8: Blocked source IPs, forced password reset | L8: Consider rate limiting at firewall | M8: Customer notified, no data breach
A9: =IF(B9<>"","INC-2026-"&TEXT(ROW()-8,"000"),"")
A10: =IF(B10<>"","INC-2026-"&TEXT(ROW()-8,"000"),"")
A11: =IF(B11<>"","INC-2026-"&TEXT(ROW()-8,"000"),"")
A12: =IF(B12<>"","INC-2026-"&TEXT(ROW()-8,"000"),"")
A13: =IF(B13<>"","INC-2026-"&TEXT(ROW()-8,"000"),"")
A14: =IF(B14<>"","INC-2026-"&TEXT(ROW()-8,"000"),"")
A15: =IF(B15<>"","INC-2026-"&TEXT(ROW()-8,"000"),"")
A16: =IF(B16<>"","INC-2026-"&TEXT(ROW()-8,"000"),"")
A17: =IF(B17<>"","INC-2026-"&TEXT(ROW()-8,"000"),"")
A18: =IF(B18<>"","INC-2026-"&TEXT(ROW()-8,"000"),"")
A19: =IF(B19<>"","INC-2026-"&TEXT(ROW()-8,"000"),"")
A20: =IF(B20<>"","INC-2026-"&TEXT(ROW()-8,"000"),"")
... A200: =IF(B200<>"","INC-2026-"&TEXT(ROW()-8,"000"),"")

Sheet Analysis Tools & Capabilities
A1: ANALYSIS TOOLS & CAPABILITIES
A2: Document available analysis tools and capabilities per ISMS-POL-A.8.15-S2.4.2
A7: Tool / Capability | B7: Category | C7: Vendor / Product | D7: Version | E7: Purpose | F7: Users Trained | G7: Usage Frequency | H7: Effectiveness | I7: Integration with SIEM | J7: Last Updated | K7: Status | L7: Notes
A8: Splunk SIEM | B8: SIEM Platform | C8: Splunk Enterprise | D8: 9.1.3 | E8: Centralized log aggregation and analysis | F8: 15 | G8: Daily | H8: High | I8: Native | J8: 01.12.2025 | K8: Production | L8: Primary SIEM

Sheet Review Findings
A1: REVIEW FINDINGS
A2: Document findings from log reviews and analysis
A7: Finding ID | B7: Review Date | C7: Review Type | D7: Log Source | E7: Finding Description | F7: Severity | G7: Category | H7: Action Required | I7: Assigned To | J7: Due Date | K7: Status | L7: Notes
A8: FND-001 | B8: 05.01.2026 | C8: Security Event Review | D8: Firewall logs | E8: Multiple port scan attempts from same source | F8: Medium | G8: Reconnaissance | H8: Block source IP, investigate if internal | I8: SOC Team | J8: 10.01.2026 | K8: In Progress | L8: Source appears to be compromised external host
A9: =IF(B9<>"","FND-"&TEXT(ROW()-8,"000"),"")
A10: =IF(B10<>"","FND-"&TEXT(ROW()-8,"000"),"")
A11: =IF(B11<>"","FND-"&TEXT(ROW()-8,"000"),"")
A12: =IF(B12<>"","FND-"&TEXT(ROW()-8,"000"),"")
A13: =IF(B13<>"","FND-"&TEXT(ROW()-8,"000"),"")
A14: =IF(B14<>"","FND-"&TEXT(ROW()-8,"000"),"")
A15: =IF(B15<>"","FND-"&TEXT(ROW()-8,"000"),"")
A16: =IF(B16<>"","FND-"&TEXT(ROW()-8,"000"),"")
A17: =IF(B17<>"","FND-"&TEXT(ROW()-8,"000"),"")
A18: =IF(B18<>"","FND-"&TEXT(ROW()-8,"000"),"")
A19: =IF(B19<>"","FND-"&TEXT(ROW()-8,"000"),"")
A20: =IF(B20<>"","FND-"&TEXT(ROW()-8,"000"),"")
... A200: =IF(B200<>"","FND-"&TEXT(ROW()-8,"000"),"")

Sheet Continuous Monitoring
A1: CONTINUOUS MONITORING
A2: Document continuous monitoring metrics and health indicators
A7: Metric Date | B7: Total Events/Day | C7: Security Alerts Generated | D7: Alerts Investigated | E7: True Positives | F7: False Positives | G7: True Positive Rate % | H7: Avg MTTD (hours) | I7: Avg MTTR (hours) | J7: Critical Incidents | K7: Review Completion % | L7: Notes
A8: 06.01.2026 | B8: 25000000 | C8: 125 | D8: 125 | E8: 95 | F8: 30 | G8: 76% | H8: 0.8 | I8: 3.2 | J8: 2 | K8: 98% | L8: Normal operations
G9: =IF(AND(E9<>"",F9<>""),E9/(E9+F9),"")
G10: =IF(AND(E10<>"",F10<>""),E10/(E10+F10),"")
G11: =IF(AND(E11<>"",F11<>""),E11/(E11+F11),"")
G12: =IF(AND(E12<>"",F12<>""),E12/(E12+F12),"")
G13: =IF(AND(E13<>"",F13<>""),E13/(E13+F13),"")
G14: =IF(AND(E14<>"",F14<>""),E14/(E14+F14),"")
G15: =IF(AND(E15<>"",F15<>""),E15/(E15+F15),"")
G16: =IF(AND(E16<>"",F16<>""),E16/(E16+F16),"")
G17: =IF(AND(E17<>"",F17<>""),E17/(E17+F17),"")
G18: =IF(AND(E18<>"",F18<>""),E18/(E18+F18),"")
G19: =IF(AND(E19<>"",F19<>""),E19/(E19+F19),"")
G20: =IF(AND(E20<>"",F20<>""),E20/(E20+F20),"")
... G98: =IF(AND(E98<>"",F98<>""),E98/(E98+F98),"")

Sheet Performance Metrics
A1: PERFORMANCE METRICS
A2: Key performance indicators for log analysis and review program
A4: CURRENT PERIOD METRICS
A6: Metric | B6: Value | C6: Target | D6: Status
A7: Avg True Positive Rate | B7: =AVERAGE('Continuous Monitoring'!G9:G98) | C7: >50% | D7: =IF(B{row}>0,"✓","✗")
A8: Avg MTTD (hours) | B8: =AVERAGE('Continuous Monitoring'!H9:H98) | C8: <1 | D8: =IF(B{row}>0,"✓","✗")
A9: Avg MTTR (hours) | B9: =AVERAGE('Continuous Monitoring'!I9:I98) | C9: <4 | D9: =IF(B{row}>0,"✓","✗")
A10: Total Incidents | B10: =COUNTA('Investigation Workflow'!A9:A208) | C10: N/A | D10: =IF(B{row}>0,"✓","✗")
A11: Critical Incidents | B11: =COUNTIF('Investigation Workflow'!D:D,"Critical") | C11: Minimize | D11: =IF(B{row}>0,"✓","✗")
A12: Review Completion Rate | B12: =COUNTIF('Log Review Schedule'!I:I,"On Schedule")/COUNTA('Log Review Schedule'!I9:I100) | C12: >95% | D12: =IF(B{row}>0,"✓","✗")
A13: Alerts Requiring Tuning | B13: =COUNTIF('Alert Management'!L:L,"Yes") | C13: Minimize | D13: =IF(B{row}>0,"✓","✗")
A14: Playbook Coverage | B14: =COUNTIF('Alert Management'!M:M,"Yes")/COUNTA('Alert Management'!M9:M150) | C14: 100% | D14: =IF(B{row}>0,"✓","✗")

Sheet Gap Analysis
A1: GAP ANALYSIS
A2: Identify gaps in log analysis and review capabilities
A7: Gap ID | B7: Gap Category | C7: Description | D7: Impact | E7: Policy Requirement | F7: Priority | G7: Remediation Action | H7: Owner | I7: Target Date | J7: Budget Required | K7: Status | L7: Notes
A8: GAP-001 | B8: Alert Tuning | C8: High false positive rate for network alerts | D8: Analyst fatigue, missed real threats | E8: S2.4.3 | F8: High | G8: Tune network alert thresholds, add context enrichment | H8: SOC Lead | I8: 28.02.2026 | J8: No | K8: In Progress | L8: Working with vendor support
A9: =IF(B9<>"","GAP-"&TEXT(ROW()-8,"000"),"")
A10: =IF(B10<>"","GAP-"&TEXT(ROW()-8,"000"),"")
A11: =IF(B11<>"","GAP-"&TEXT(ROW()-8,"000"),"")
A12: =IF(B12<>"","GAP-"&TEXT(ROW()-8,"000"),"")
A13: =IF(B13<>"","GAP-"&TEXT(ROW()-8,"000"),"")
A14: =IF(B14<>"","GAP-"&TEXT(ROW()-8,"000"),"")
A15: =IF(B15<>"","GAP-"&TEXT(ROW()-8,"000"),"")
A16: =IF(B16<>"","GAP-"&TEXT(ROW()-8,"000"),"")
A17: =IF(B17<>"","GAP-"&TEXT(ROW()-8,"000"),"")
A18: =IF(B18<>"","GAP-"&TEXT(ROW()-8,"000"),"")
A19: =IF(B19<>"","GAP-"&TEXT(ROW()-8,"000"),"")
A20: =IF(B20<>"","GAP-"&TEXT(ROW()-8,"000"),"")
... A100: =IF(B100<>"","GAP-"&TEXT(ROW()-8,"000"),"")

Sheet Summary Dashboard
A1: LOG ANALYSIS & REVIEW DASHBOARD
A2: Executive Summary - Analysis & Review Program Health
A4: 1. PROGRAM HEALTH SUMMARY
A6: Metric | B6: Current Value | C6: Target | D6: Status
A7: Review Completion Rate | B7: =COUNTIF('Log Review Schedule'!I:I,"On Schedule")/COUNTA('Log Review Schedule'!I9:I100) | C7: >95% | D7: =IF(B{row}>0,"✓","✗")
A8: Overdue Reviews | B8: =COUNTIF('Log Review Schedule'!J:J,">0") | C8: 0 | D8: =IF(B{row}>0,"✓","✗")
A9: Avg True Positive Rate | B9: =AVERAGE('Continuous Monitoring'!G9:G98) | C9: >50% | D9: =IF(B{row}>0,"✓","✗")
A10: Avg MTTD (hours) | B10: =AVERAGE('Continuous Monitoring'!H9:H98) | C10: <1 | D10: =IF(B{row}>0,"✓","✗")
A11: Avg MTTR (hours) | B11: =AVERAGE('Continuous Monitoring'!I9:I98) | C11: <4 | D11: =IF(B{row}>0,"✓","✗")
A12: Active Alerts | B12: =COUNTIF('Alert Management'!O:O,"Active") | C12: N/A | D12: =IF(B{row}>0,"✓","✗")
A13: Alerts Needing Tuning | B13: =COUNTIF('Alert Management'!L:L,"Yes") | C13: Minimize | D13: =IF(B{row}>0,"✓","✗")
A14: Playbook Coverage | B14: =COUNTIF('Alert Management'!M:M,"Yes")/COUNTA('Alert Management'!M9:M150) | C14: 100% | D14: =IF(B{row}>0,"✓","✗")
A17: 2. GAP SUMMARY BY PRIORITY
A19: Priority | B19: Open | C19: In Progress | D19: Resolved
A20: Critical | B20: =COUNTIFS('Gap Analysis'!F:F,"Critical",'Gap Analysis'!K:K,"Open") | C20: =COUNTIFS('Gap Analysis'!F:F,"Critical",'Gap Analysis'!K:K,"In Progress") | D20: =COUNTIFS('Gap Analysis'!F:F,"Critical",'Gap Analysis'!K:K,"Resolved")
A21: High | B21: =COUNTIFS('Gap Analysis'!F:F,"High",'Gap Analysis'!K:K,"Open") | C21: =COUNTIFS('Gap Analysis'!F:F,"High",'Gap Analysis'!K:K,"In Progress") | D21: =COUNTIFS('Gap Analysis'!F:F,"High",'Gap Analysis'!K:K,"Resolved")
A22: Medium | B22: =COUNTIFS('Gap Analysis'!F:F,"Medium",'Gap Analysis'!K:K,"Open") | C22: =COUNTIFS('Gap Analysis'!F:F,"Medium",'Gap Analysis'!K:K,"In Progress") | D22: =COUNTIFS('Gap Analysis'!F:F,"Medium",'Gap Analysis'!K:K,"Resolved")
A23: Low | B23: =COUNTIFS('Gap Analysis'!F:F,"Low",'Gap Analysis'!K:K,"Open") | C23: =COUNTIFS('Gap Analysis'!F:F,"Low",'Gap Analysis'!K:K,"In Progress") | D23: =COUNTIFS('Gap Analysis'!F:F,"Low",'Gap Analysis'!K:K,"Resolved")
A26: 3. KEY RECOMMENDATIONS
A28: IMMEDIATE ACTIONS:
A29: • Tune alerts with high false positive rates (>50%)
A30: • Complete overdue log reviews within 48 hours
A31: • Develop playbooks for alerts without documented procedures
A33: SHORT-TERM (30 days):
A34: • Improve MTTD/MTTR metrics through automation
A35: • Train analysts on new analysis tools
A36: • Document lessons learned from recent incidents
A38: LONG-TERM (90 days):
A39: • Achieve >95% review completion rate
A40: • Reach >70% true positive rate for all alert types
A41: • Implement automated alert enrichment and triage

Sheet Approval & Sign-Off
A1: APPROVAL & SIGN-OFF
A2: Multi-level approval workflow for Log Analysis & Review Assessment
A4: APPROVAL WORKFLOW
A6: Role | B6: Name | C6: Date | D6: Signature | E6: Status
A7: SOC Lead | B7: [Name] | D7: _____ | E7: ☐ Reviewed
A8: Security Analyst Team Lead | B8: [Name] | D8: _____ | E8: ☐ Reviewed
A9: IT Operations Manager | B9: [Name] | D9: _____ | E9: ☐ Reviewed
A10: Information Security Manager | B10: [Name] | D10: _____ | E10: ☐ Approved
A13: ACKNOWLEDGMENTS CHECKLIST
A15: ☐ Log review schedule documented and current
A16: ☐ Alert management assessed and tuning prioritized
A17: ☐ Investigation workflows documented
A18: ☐ Analysis tools and capabilities inventoried
A19: ☐ Review findings documented and assigned
A20: ☐ Continuous monitoring metrics tracked
A21: ☐ Performance indicators measured
A22: ☐ Gaps identified and remediation planned
A23: ☐ Next assessment scheduled
