Workbook

Sheet Instructions & Legend
A1: ISMS-IMP-A.7.14.S3 - Equipment Disposal Assessment ISO/IEC 27001:2022 - Control A.7.14: Secure Disposal or Re-Use of Equipment
A3: Document Information
A4: Document ID | B4: ISMS-IMP-A.7.14.S3
A5: Assessment Area | B5: Secure Equipment Disposal and Re-Use
A6: Related Policy | B6: ISMS-POL-A.7.6-7-14
A7: Version | B7: 1.0
A8: Assessment Date
A9: Completed By
A10: Organisation
A11: Review Cycle | B11: Semi-Annual
A13: HOW TO USE THIS WORKBOOK
A14: 1. Document disposal requirements by equipment type in Sheet 2.
A15: 2. List approved sanitisation tools in Sheet 3.
A16: 3. Document disposal service providers in Sheet 4.
A17: 4. Log all equipment disposals in Sheet 5 (Disposal Log).
A18: 5. Review Summary Dashboard (Sheet 6) for compliance metrics.
A19: 6. Document evidence (certificates) in Sheet 7.
A20: 7. Obtain approvals in Sheet 8.

Sheet Disposal Requirements
A1: Disposal Requirements Matrix Disposal methods by equipment type and data classification
A3: Equipment Type | B3: Storage Type | C3: CONFIDENTIAL Method | D3: INTERNAL Method | E3: PUBLIC Method | F3: Verification Required | G3: Certificate Required | H3: Implementation Status | I3: Notes
A4: Hard Drives (HDD) | B4: HDD | C4: Physical Destruction | D4: 3-Pass Overwrite or Destruction | E4: Format
A5: Solid State Drives (SSD) | B5: SSD | C5: Physical Destruction | D5: Crypto Erase or Destruction | E5: Secure Erase
A6: Mobile Devices | B6: Flash | C6: Physical Destruction | D6: Factory Reset + Verification | E6: Factory Reset
A7: USB/Removable Media | B7: Flash | C7: Physical Destruction | D7: Secure Overwrite or Destruction | E7: Format
A8: Printers/Copiers | B8: HDD | C8: HDD Removal + Destruction | D8: HDD Removal + Secure Wipe | E8: Clear Memory
A9: Network Equipment | B9: Config | C9: N/A | D9: Config Wipe + Verification | E9: Config Reset
A10: Servers | B10: HDD/SSD | C10: Physical Destruction | D10: Secure Wipe or Destruction | E10: Format + Reinstall
A11: Laptops | B11: HDD/SSD | C11: Physical Destruction | D11: Secure Wipe or Destruction | E11: Factory Reset
A12: Desktops | B12: HDD/SSD | C12: Physical Destruction | D12: Secure Wipe or Destruction | E12: Factory Reset

Sheet Disposal Tools
A1: Approved Disposal Tools and Methods Data sanitisation tools and physical destruction methods
A3: Tool/Method Name | B3: Tool Type | C3: Applicable Equipment | D3: Standard/Method | E3: Verification Method | F3: Approved Version | G3: Last Tested | H3: Compliant | I3: Notes
A4: DBAN (Darik's Boot and Nuke) | B4: Software - Overwrite | C4: HDD | D4: DoD 5220.22-M (3-pass) | E4: Software verification report
A5: Blancco Drive Eraser | B5: Software - Overwrite | C5: HDD, SSD | D5: NIST 800-88 Rev. 2 Purge | E5: Certificate generation
A6: BitRaser | B6: Software - Crypto Erase | C6: SSD, Flash | D6: NIST 800-88 Rev. 2 Purge | E6: Certificate generation
A7: Physical Shredder | B7: Hardware - Shredder | C7: All Storage Media | D7: Physical Destruction | E7: Visual inspection + certificate
A8: Degausser | B8: Hardware - Degausser | C8: Magnetic Media (HDD, Tape) | D8: Magnetic Erasure | E8: Visual inspection

Sheet Service Providers
A1: Disposal Service Providers Vendor management for equipment destruction services
A3: Provider Name | B3: Service Type | C3: Contract Status | D3: Contract Expiry | E3: Certificate Provided | F3: On-Site Option | G3: Chain of Custody | H3: Last Audit/Review | I3: Status | J3: Notes

Sheet Disposal Log
A1: Equipment Disposal Log Track all equipment disposals with certificates and verification
A3: Disposal ID | B3: Date | C3: Asset Tag | D3: Equipment Type | E3: Make/Model | F3: Serial Number | G3: Data Classification | H3: Disposal Method | I3: Destination | J3: Certificate Obtained | K3: Certificate Ref | L3: Verified By | M3: Asset Updated | N3: Compliant | O3: Notes
N4: =IF(OR(G4="",H4=""),"",IF(AND(G4="CONFIDENTIAL",H4="Physical Destruction",J4="Yes"),"Yes",IF(G4="PUBLIC","Yes",IF(J4="N/A","Yes","Check"))))
N5: =IF(OR(G5="",H5=""),"",IF(AND(G5="CONFIDENTIAL",H5="Physical Destruction",J5="Yes"),"Yes",IF(G5="PUBLIC","Yes",IF(J5="N/A","Yes","Check"))))
N6: =IF(OR(G6="",H6=""),"",IF(AND(G6="CONFIDENTIAL",H6="Physical Destruction",J6="Yes"),"Yes",IF(G6="PUBLIC","Yes",IF(J6="N/A","Yes","Check"))))
N7: =IF(OR(G7="",H7=""),"",IF(AND(G7="CONFIDENTIAL",H7="Physical Destruction",J7="Yes"),"Yes",IF(G7="PUBLIC","Yes",IF(J7="N/A","Yes","Check"))))
N8: =IF(OR(G8="",H8=""),"",IF(AND(G8="CONFIDENTIAL",H8="Physical Destruction",J8="Yes"),"Yes",IF(G8="PUBLIC","Yes",IF(J8="N/A","Yes","Check"))))
N9: =IF(OR(G9="",H9=""),"",IF(AND(G9="CONFIDENTIAL",H9="Physical Destruction",J9="Yes"),"Yes",IF(G9="PUBLIC","Yes",IF(J9="N/A","Yes","Check"))))
N10: =IF(OR(G10="",H10=""),"",IF(AND(G10="CONFIDENTIAL",H10="Physical Destruction",J10="Yes"),"Yes",IF(G10="PUBLIC","Yes",IF(J10="N/A","Yes","Check"))))
N11: =IF(OR(G11="",H11=""),"",IF(AND(G11="CONFIDENTIAL",H11="Physical Destruction",J11="Yes"),"Yes",IF(G11="PUBLIC","Yes",IF(J11="N/A","Yes","Check"))))
N12: =IF(OR(G12="",H12=""),"",IF(AND(G12="CONFIDENTIAL",H12="Physical Destruction",J12="Yes"),"Yes",IF(G12="PUBLIC","Yes",IF(J12="N/A","Yes","Check"))))
N13: =IF(OR(G13="",H13=""),"",IF(AND(G13="CONFIDENTIAL",H13="Physical Destruction",J13="Yes"),"Yes",IF(G13="PUBLIC","Yes",IF(J13="N/A","Yes","Check"))))
N14: =IF(OR(G14="",H14=""),"",IF(AND(G14="CONFIDENTIAL",H14="Physical Destruction",J14="Yes"),"Yes",IF(G14="PUBLIC","Yes",IF(J14="N/A","Yes","Check"))))
N15: =IF(OR(G15="",H15=""),"",IF(AND(G15="CONFIDENTIAL",H15="Physical Destruction",J15="Yes"),"Yes",IF(G15="PUBLIC","Yes",IF(J15="N/A","Yes","Check"))))
... N203: =IF(OR(G203="",H203=""),"",IF(AND(G203="CONFIDENTIAL",H203="Physical Destruction",J203="Yes"),"Yes",IF(G203="PUBLIC","Yes",IF(J203="N/A","Yes","Check"))))

Sheet Summary Dashboard
A1: EQUIPMENT DISPOSAL - SUMMARY DASHBOARD
A3: Assessment Period:
A5: Disposal Metrics
A7: Total Equipment Disposed: | B7: =COUNTA('Disposal Log'!A4:A203)
A8: By Data Classification:
A9: - CONFIDENTIAL: | B9: =COUNTIF('Disposal Log'!G4:G203,"CONFIDENTIAL")
A10: - INTERNAL: | B10: =COUNTIF('Disposal Log'!G4:G203,"INTERNAL")
A11: - PUBLIC: | B11: =COUNTIF('Disposal Log'!G4:G203,"PUBLIC")
A12: - Unknown: | B12: =COUNTIF('Disposal Log'!G4:G203,"Unknown")
A14: Certificate Collection
A15: Certificates Obtained: | B15: =COUNTIF('Disposal Log'!J4:J203,"Yes")
A16: Certificates Required (CONFIDENTIAL): | B16: =COUNTIF('Disposal Log'!G4:G203,"CONFIDENTIAL")
A17: Certificate Collection Rate: | B17: =IF(B16=0,"N/A",ROUND(B15/B16*100,1)&"%")
A19: Service Provider Status
A20: Active Providers: | B20: =COUNTIF('Service Providers'!C4:C53,"Active")
A21: Expired Contracts: | B21: =COUNTIF('Service Providers'!C4:C53,"Expired")

Sheet Evidence Register
A1: EVIDENCE REGISTER
A2: List all evidence including destruction certificates.
A4: Evidence ID | B4: Evidence Type | C4: Description | D4: Related Disposal ID | E4: File Name | F4: File Location | G4: Collection Date | H4: Collected By | I4: Retention Period | J4: Notes
A5: EV-001
A6: EV-002
A7: EV-003
A8: EV-004
A9: EV-005
A10: EV-006
A11: EV-007
A12: EV-008
A13: EV-009
A14: EV-010
A15: EV-011
A16: EV-012
... A204: EV-200

Sheet Approval Sign-Off
A1: ASSESSMENT APPROVAL AND SIGN-OFF
A3: Assessment Summary
A4: Assessment Document | B4: ISMS-IMP-A.7.14.S3 - Equipment Disposal Assessment
A5: Assessment Period
A6: Equipment Disposed | B6: ='Summary Dashboard'!B7
A7: Certificate Collection Rate | B7: ='Summary Dashboard'!B17
A8: Assessment Status
A11: Approval Workflow
A12: Role | B12: Name | C12: Signature | D12: Date
A13: Assessor
A14: IT Operations Manager
A15: CISO
A16: Compliance Officer
