Workbook

Sheet Instructions & Legend
A1: ISMS-IMP-A.8.15.3 - Log Protection & Retention Assessment ISO/IEC 27001:2022 - Control A.8.15: Logging
A4: Document ID: | B4: ISMS-IMP-A.8.15.3
A5: Assessment Area: | B5: Log Protection, Integrity, and Retention Compliance
A6: Related Policy: | B6: ISMS-POL-A.8.15-S2.2, S2.3
A7: Version: | B7: 1.0
A8: Assessment Date: | B8: [USER INPUT - DD.MM.YYYY]
A9: Completed By: | B9: [USER INPUT]
A10: Organization: | B10: [USER INPUT]
A11: Review Cycle: | B11: Semi-annual
A14: KEY DEFINITIONS
A15: WORM | B15: Write-Once-Read-Many (immutable storage)
A16: Cryptographic Hashing | B16: SHA-256/SHA-512 for integrity verification
A17: Digital Signature | B17: Cryptographic proof of authenticity
A18: Hot/Warm/Cold Storage | B18: Tiered retention based on access frequency
A19: Legal Hold | B19: Suspension of normal retention/disposal for litigation
A20: Separation of Duties | B20: System admins cannot modify their own logs
A21: Secure Disposal | B21: Cryptographic erasure or physical destruction

Sheet Access Control Assessment
A1: ACCESS CONTROL ASSESSMENT
A2: Assess log access controls per ISMS-POL-A.8.15-S2.2.2
A7: Log Source / SIEM Component | B7: Access Control Type | C7: Authentication Required | D7: Authorization Model | E7: Read Access Controlled | F7: Write Access Prevented | G7: Delete Access Controlled | H7: Admin Separation | I7: Access Logged (Meta) | J7: MFA Required for Admin | K7: Last Access Review | L7: Review Frequency | M7: Non-Compliance Issues | N7: Compliance Score | O7: Remediation Required | P7: Notes
A8: SIEM Core | B8: RBAC | C8: Yes | D8: Role-Based | E8: Yes | F8: Yes (read-only) | G8: Yes (restricted) | H8: Yes (separated) | I8: Yes | J8: Yes | K8: 15.12.2025 | L8: Quarterly | M8: None | N8: 100% | O8: No | P8: Full compliance
N9: =IF(A9="","",(COUNTIF(C9:J9,"*Yes*")+COUNTIF(C9:J9,"Yes*"))/8)
N10: =IF(A10="","",(COUNTIF(C10:J10,"*Yes*")+COUNTIF(C10:J10,"Yes*"))/8)
N11: =IF(A11="","",(COUNTIF(C11:J11,"*Yes*")+COUNTIF(C11:J11,"Yes*"))/8)
N12: =IF(A12="","",(COUNTIF(C12:J12,"*Yes*")+COUNTIF(C12:J12,"Yes*"))/8)
N13: =IF(A13="","",(COUNTIF(C13:J13,"*Yes*")+COUNTIF(C13:J13,"Yes*"))/8)
N14: =IF(A14="","",(COUNTIF(C14:J14,"*Yes*")+COUNTIF(C14:J14,"Yes*"))/8)
N15: =IF(A15="","",(COUNTIF(C15:J15,"*Yes*")+COUNTIF(C15:J15,"Yes*"))/8)
N16: =IF(A16="","",(COUNTIF(C16:J16,"*Yes*")+COUNTIF(C16:J16,"Yes*"))/8)
N17: =IF(A17="","",(COUNTIF(C17:J17,"*Yes*")+COUNTIF(C17:J17,"Yes*"))/8)
N18: =IF(A18="","",(COUNTIF(C18:J18,"*Yes*")+COUNTIF(C18:J18,"Yes*"))/8)
N19: =IF(A19="","",(COUNTIF(C19:J19,"*Yes*")+COUNTIF(C19:J19,"Yes*"))/8)
N20: =IF(A20="","",(COUNTIF(C20:J20,"*Yes*")+COUNTIF(C20:J20,"Yes*"))/8)
... N100: =IF(A100="","",(COUNTIF(C100:J100,"*Yes*")+COUNTIF(C100:J100,"Yes*"))/8)

Sheet Integrity Protection
A1: INTEGRITY PROTECTION MECHANISMS
A2: Assess integrity protection per ISMS-POL-A.8.15-S2.2.4
A7: Log Source / Storage | B7: Log Criticality | C7: Write-Once Storage (WORM) | D7: WORM Technology | E7: Cryptographic Hashing | F7: Hash Algorithm | G7: Hash Storage Location | H7: Digital Signatures | I7: File Sealing | J7: Integrity Check Frequency | K7: Last Integrity Check | L7: Tampering Detected | M7: Backup Protected | N7: Compliance with Policy | O7: Gap Description | P7: Remediation Plan | Q7: Notes
A8: Security Logs - Hot Storage | B8: Critical | C8: Yes | D8: Cloud Object Lock | E8: Yes | F8: SHA-256 | G8: Separate integrity DB | H8: No | I8: N/A | J8: Daily | K8: 06.01.2026 | L8: Never | M8: Yes | N8: Compliant | Q8: Full protection
N9: =IF(A9="","", IF(B9="Critical", IF(AND(C9="Yes",E9="Yes",J9="Daily"),"Compliant","Non-Compliant"), IF(B9="High", IF(AND(E9="Yes",OR(J9="Daily",J9="Weekly")),"Compliant","Non-Compliant"), IF(B9="Medium", IF(OR(J9="Daily",J9="Weekly",J9="Monthly"),"Compliant","Non-Compliant"), "Compliant"))))
N10: =IF(A10="","", IF(B10="Critical", IF(AND(C10="Yes",E10="Yes",J10="Daily"),"Compliant","Non-Compliant"), IF(B10="High", IF(AND(E10="Yes",OR(J10="Daily",J10="Weekly")),"Compliant","Non-Compliant"), IF(B10="Medium", IF(OR(J10="Daily",J10="Weekly",J10="Monthly"),"Compliant","Non-Compliant"), "Compliant"))))
N11: =IF(A11="","", IF(B11="Critical", IF(AND(C11="Yes",E11="Yes",J11="Daily"),"Compliant","Non-Compliant"), IF(B11="High", IF(AND(E11="Yes",OR(J11="Daily",J11="Weekly")),"Compliant","Non-Compliant"), IF(B11="Medium", IF(OR(J11="Daily",J11="Weekly",J11="Monthly"),"Compliant","Non-Compliant"), "Compliant"))))
N12: =IF(A12="","", IF(B12="Critical", IF(AND(C12="Yes",E12="Yes",J12="Daily"),"Compliant","Non-Compliant"), IF(B12="High", IF(AND(E12="Yes",OR(J12="Daily",J12="Weekly")),"Compliant","Non-Compliant"), IF(B12="Medium", IF(OR(J12="Daily",J12="Weekly",J12="Monthly"),"Compliant","Non-Compliant"), "Compliant"))))
N13: =IF(A13="","", IF(B13="Critical", IF(AND(C13="Yes",E13="Yes",J13="Daily"),"Compliant","Non-Compliant"), IF(B13="High", IF(AND(E13="Yes",OR(J13="Daily",J13="Weekly")),"Compliant","Non-Compliant"), IF(B13="Medium", IF(OR(J13="Daily",J13="Weekly",J13="Monthly"),"Compliant","Non-Compliant"), "Compliant"))))
N14: =IF(A14="","", IF(B14="Critical", IF(AND(C14="Yes",E14="Yes",J14="Daily"),"Compliant","Non-Compliant"), IF(B14="High", IF(AND(E14="Yes",OR(J14="Daily",J14="Weekly")),"Compliant","Non-Compliant"), IF(B14="Medium", IF(OR(J14="Daily",J14="Weekly",J14="Monthly"),"Compliant","Non-Compliant"), "Compliant"))))
N15: =IF(A15="","", IF(B15="Critical", IF(AND(C15="Yes",E15="Yes",J15="Daily"),"Compliant","Non-Compliant"), IF(B15="High", IF(AND(E15="Yes",OR(J15="Daily",J15="Weekly")),"Compliant","Non-Compliant"), IF(B15="Medium", IF(OR(J15="Daily",J15="Weekly",J15="Monthly"),"Compliant","Non-Compliant"), "Compliant"))))
N16: =IF(A16="","", IF(B16="Critical", IF(AND(C16="Yes",E16="Yes",J16="Daily"),"Compliant","Non-Compliant"), IF(B16="High", IF(AND(E16="Yes",OR(J16="Daily",J16="Weekly")),"Compliant","Non-Compliant"), IF(B16="Medium", IF(OR(J16="Daily",J16="Weekly",J16="Monthly"),"Compliant","Non-Compliant"), "Compliant"))))
N17: =IF(A17="","", IF(B17="Critical", IF(AND(C17="Yes",E17="Yes",J17="Daily"),"Compliant","Non-Compliant"), IF(B17="High", IF(AND(E17="Yes",OR(J17="Daily",J17="Weekly")),"Compliant","Non-Compliant"), IF(B17="Medium", IF(OR(J17="Daily",J17="Weekly",J17="Monthly"),"Compliant","Non-Compliant"), "Compliant"))))
N18: =IF(A18="","", IF(B18="Critical", IF(AND(C18="Yes",E18="Yes",J18="Daily"),"Compliant","Non-Compliant"), IF(B18="High", IF(AND(E18="Yes",OR(J18="Daily",J18="Weekly")),"Compliant","Non-Compliant"), IF(B18="Medium", IF(OR(J18="Daily",J18="Weekly",J18="Monthly"),"Compliant","Non-Compliant"), "Compliant"))))
N19: =IF(A19="","", IF(B19="Critical", IF(AND(C19="Yes",E19="Yes",J19="Daily"),"Compliant","Non-Compliant"), IF(B19="High", IF(AND(E19="Yes",OR(J19="Daily",J19="Weekly")),"Compliant","Non-Compliant"), IF(B19="Medium", IF(OR(J19="Daily",J19="Weekly",J19="Monthly"),"Compliant","Non-Compliant"), "Compliant"))))
N20: =IF(A20="","", IF(B20="Critical", IF(AND(C20="Yes",E20="Yes",J20="Daily"),"Compliant","Non-Compliant"), IF(B20="High", IF(AND(E20="Yes",OR(J20="Daily",J20="Weekly")),"Compliant","Non-Compliant"), IF(B20="Medium", IF(OR(J20="Daily",J20="Weekly",J20="Monthly"),"Compliant","Non-Compliant"), "Compliant"))))
... N100: =IF(A100="","", IF(B100="Critical", IF(AND(C100="Yes",E100="Yes",J100="Daily"),"Compliant","Non-Compliant"), IF(B100="High", IF(AND(E100="Yes",OR(J100="Daily",J100="Weekly")),"Compliant","Non-Compliant"), IF(B100="Medium", IF(OR(J100="Daily",J100="Weekly",J100="Monthly"),"Compliant","Non-Compliant"), "Compliant"))))

Sheet Secure Transmission
A1: SECURE TRANSMISSION ASSESSMENT
A2: Assess log transmission security per ISMS-POL-A.8.15-S2.2.3
A7: Source System | B7: Destination (SIEM) | C7: Transport Protocol | D7: Encryption in Transit | E7: TLS Version | F7: Certificate Validation | G7: Network Segment | H7: Firewall Protection | I7: Source Authentication | J7: Vulnerability Risk | K7: Compliance Status | L7: Remediation Required | M7: Target Date | N7: Notes
A8: web-prod-01 | B8: siem-core-01 | C8: TLS | D8: Yes (TLS) | E8: TLS 1.3 | F8: Yes | G8: Internal Network | H8: Yes | I8: Yes (mutual TLS/certs) | J8: None | K8: Compliant | L8: No | N8: Secure configuration
K9: =IF(A9="","", IF(OR(G9="Internet",G9="DMZ"), IF(OR(E9="TLS 1.3",E9="TLS 1.2"),"Compliant","Non-Compliant"), IF(D9="Yes (TLS)","Compliant","Partial")))
K10: =IF(A10="","", IF(OR(G10="Internet",G10="DMZ"), IF(OR(E10="TLS 1.3",E10="TLS 1.2"),"Compliant","Non-Compliant"), IF(D10="Yes (TLS)","Compliant","Partial")))
K11: =IF(A11="","", IF(OR(G11="Internet",G11="DMZ"), IF(OR(E11="TLS 1.3",E11="TLS 1.2"),"Compliant","Non-Compliant"), IF(D11="Yes (TLS)","Compliant","Partial")))
K12: =IF(A12="","", IF(OR(G12="Internet",G12="DMZ"), IF(OR(E12="TLS 1.3",E12="TLS 1.2"),"Compliant","Non-Compliant"), IF(D12="Yes (TLS)","Compliant","Partial")))
K13: =IF(A13="","", IF(OR(G13="Internet",G13="DMZ"), IF(OR(E13="TLS 1.3",E13="TLS 1.2"),"Compliant","Non-Compliant"), IF(D13="Yes (TLS)","Compliant","Partial")))
K14: =IF(A14="","", IF(OR(G14="Internet",G14="DMZ"), IF(OR(E14="TLS 1.3",E14="TLS 1.2"),"Compliant","Non-Compliant"), IF(D14="Yes (TLS)","Compliant","Partial")))
K15: =IF(A15="","", IF(OR(G15="Internet",G15="DMZ"), IF(OR(E15="TLS 1.3",E15="TLS 1.2"),"Compliant","Non-Compliant"), IF(D15="Yes (TLS)","Compliant","Partial")))
K16: =IF(A16="","", IF(OR(G16="Internet",G16="DMZ"), IF(OR(E16="TLS 1.3",E16="TLS 1.2"),"Compliant","Non-Compliant"), IF(D16="Yes (TLS)","Compliant","Partial")))
K17: =IF(A17="","", IF(OR(G17="Internet",G17="DMZ"), IF(OR(E17="TLS 1.3",E17="TLS 1.2"),"Compliant","Non-Compliant"), IF(D17="Yes (TLS)","Compliant","Partial")))
K18: =IF(A18="","", IF(OR(G18="Internet",G18="DMZ"), IF(OR(E18="TLS 1.3",E18="TLS 1.2"),"Compliant","Non-Compliant"), IF(D18="Yes (TLS)","Compliant","Partial")))
K19: =IF(A19="","", IF(OR(G19="Internet",G19="DMZ"), IF(OR(E19="TLS 1.3",E19="TLS 1.2"),"Compliant","Non-Compliant"), IF(D19="Yes (TLS)","Compliant","Partial")))
K20: =IF(A20="","", IF(OR(G20="Internet",G20="DMZ"), IF(OR(E20="TLS 1.3",E20="TLS 1.2"),"Compliant","Non-Compliant"), IF(D20="Yes (TLS)","Compliant","Partial")))
... K200: =IF(A200="","", IF(OR(G200="Internet",G200="DMZ"), IF(OR(E200="TLS 1.3",E200="TLS 1.2"),"Compliant","Non-Compliant"), IF(D200="Yes (TLS)","Compliant","Partial")))

Sheet Retention Period Compliance
A1: RETENTION PERIOD COMPLIANCE
A2: Assess retention period compliance per ISMS-POL-A.8.15-S2.3.2
A7: Log Source / Type | B7: Log Category | C7: Regulatory Requirement | D7: Policy Retention (months) | E7: Hot Storage Period (months) | F7: Warm Storage Period (months) | G7: Cold Storage Period (years) | H7: Total Retention (months) | I7: Meets Policy Requirement | J7: Retention Gap (months) | K7: Over-Retention (months) | L7: Automated Disposal | M7: Last Disposal Date | N7: Legal Hold Capability | O7: Compliance Status | P7: Remediation Action | Q7: Target Date | R7: Notes
A8: Authentication Logs | B8: Authentication | C8: ISO 27001 | D8: 12 | E8: 3 | F8: 9 | G8: 0 | H8: 12 | I8: Yes | J8: 0 | K8: 0 | L8: Yes | M8: 01.01.2026 | N8: Yes | O8: Compliant | R8: Meets minimum retention
H9: =IF(A9="","",E9+F9+(G9*12)) | I9: =IF(A9="","",IF(H9>=D9,"Yes","No")) | J9: =IF(I9="Yes",0,D9-H9) | K9: =IF(H9<=D9*1.5,0,H9-D9) | O9: =IF(A9="","",IF(I9="Yes","Compliant","Non-Compliant"))
H10: =IF(A10="","",E10+F10+(G10*12)) | I10: =IF(A10="","",IF(H10>=D10,"Yes","No")) | J10: =IF(I10="Yes",0,D10-H10) | K10: =IF(H10<=D10*1.5,0,H10-D10) | O10: =IF(A10="","",IF(I10="Yes","Compliant","Non-Compliant"))
H11: =IF(A11="","",E11+F11+(G11*12)) | I11: =IF(A11="","",IF(H11>=D11,"Yes","No")) | J11: =IF(I11="Yes",0,D11-H11) | K11: =IF(H11<=D11*1.5,0,H11-D11) | O11: =IF(A11="","",IF(I11="Yes","Compliant","Non-Compliant"))
H12: =IF(A12="","",E12+F12+(G12*12)) | I12: =IF(A12="","",IF(H12>=D12,"Yes","No")) | J12: =IF(I12="Yes",0,D12-H12) | K12: =IF(H12<=D12*1.5,0,H12-D12) | O12: =IF(A12="","",IF(I12="Yes","Compliant","Non-Compliant"))
H13: =IF(A13="","",E13+F13+(G13*12)) | I13: =IF(A13="","",IF(H13>=D13,"Yes","No")) | J13: =IF(I13="Yes",0,D13-H13) | K13: =IF(H13<=D13*1.5,0,H13-D13) | O13: =IF(A13="","",IF(I13="Yes","Compliant","Non-Compliant"))
H14: =IF(A14="","",E14+F14+(G14*12)) | I14: =IF(A14="","",IF(H14>=D14,"Yes","No")) | J14: =IF(I14="Yes",0,D14-H14) | K14: =IF(H14<=D14*1.5,0,H14-D14) | O14: =IF(A14="","",IF(I14="Yes","Compliant","Non-Compliant"))
H15: =IF(A15="","",E15+F15+(G15*12)) | I15: =IF(A15="","",IF(H15>=D15,"Yes","No")) | J15: =IF(I15="Yes",0,D15-H15) | K15: =IF(H15<=D15*1.5,0,H15-D15) | O15: =IF(A15="","",IF(I15="Yes","Compliant","Non-Compliant"))
H16: =IF(A16="","",E16+F16+(G16*12)) | I16: =IF(A16="","",IF(H16>=D16,"Yes","No")) | J16: =IF(I16="Yes",0,D16-H16) | K16: =IF(H16<=D16*1.5,0,H16-D16) | O16: =IF(A16="","",IF(I16="Yes","Compliant","Non-Compliant"))
H17: =IF(A17="","",E17+F17+(G17*12)) | I17: =IF(A17="","",IF(H17>=D17,"Yes","No")) | J17: =IF(I17="Yes",0,D17-H17) | K17: =IF(H17<=D17*1.5,0,H17-D17) | O17: =IF(A17="","",IF(I17="Yes","Compliant","Non-Compliant"))
H18: =IF(A18="","",E18+F18+(G18*12)) | I18: =IF(A18="","",IF(H18>=D18,"Yes","No")) | J18: =IF(I18="Yes",0,D18-H18) | K18: =IF(H18<=D18*1.5,0,H18-D18) | O18: =IF(A18="","",IF(I18="Yes","Compliant","Non-Compliant"))
H19: =IF(A19="","",E19+F19+(G19*12)) | I19: =IF(A19="","",IF(H19>=D19,"Yes","No")) | J19: =IF(I19="Yes",0,D19-H19) | K19: =IF(H19<=D19*1.5,0,H19-D19) | O19: =IF(A19="","",IF(I19="Yes","Compliant","Non-Compliant"))
H20: =IF(A20="","",E20+F20+(G20*12)) | I20: =IF(A20="","",IF(H20>=D20,"Yes","No")) | J20: =IF(I20="Yes",0,D20-H20) | K20: =IF(H20<=D20*1.5,0,H20-D20) | O20: =IF(A20="","",IF(I20="Yes","Compliant","Non-Compliant"))
... H100: =IF(A100="","",E100+F100+(G100*12)) | I100: =IF(A100="","",IF(H100>=D100,"Yes","No")) | J100: =IF(I100="Yes",0,D100-H100) | K100: =IF(H100<=D100*1.5,0,H100-D100) | O100: =IF(A100="","",IF(I100="Yes","Compliant","Non-Compliant"))
A105: QUICK REFERENCE - STANDARD RETENTION PERIODS
A107: Log Category | B107: Minimum Retention | C107: Regulatory Notes
A108: Security Events | B108: 12 months | C108: ISO 27001, most regulations
A109: Authentication | B109: 12 months | C109: PCI DSS v4.0.1: 12 months minimum
A110: Administrative Actions | B110: 12 months | C110: SOX: audit trail required
A111: Financial Transactions | B111: 7 years | C111: SOX compliance
A112: Healthcare Access | B112: 6 years | C112: HIPAA requirements
A113: Payment Card Data | B113: 12 months | C113: PCI DSS v4.0.1

Sheet Storage Tier Implementation
A1: STORAGE TIER IMPLEMENTATION
A2: Assess tiered storage implementation per ISMS-POL-A.8.15-S2.3.3
A7: Storage Tier | B7: Technology | C7: Capacity (TB) | D7: Used (TB) | E7: % Used | F7: Retention Period | G7: Access Performance | H7: Encryption at Rest | I7: Encryption Method | J7: Geographic Location | K7: Redundancy | L7: Backup Implemented | M7: Meets Policy Requirements | N7: Issues | O7: Notes
A8: Hot | B8: Local SSD | C8: 10 | D8: 6.5 | E8: 65% | F8: 0-90 days | G8: Real-time (<1 min) | H8: Yes | I8: AES-256 | J8: Primary DC | K8: Both | L8: Yes | M8: Yes | N8: None | O8: Production hot storage
E9: =IF(C9=0,0,D9/C9)
E10: =IF(C10=0,0,D10/C10)
E11: =IF(C11=0,0,D11/C11)
E12: =IF(C12=0,0,D12/C12)
E13: =IF(C13=0,0,D13/C13)
E14: =IF(C14=0,0,D14/C14)
E15: =IF(C15=0,0,D15/C15)
E16: =IF(C16=0,0,D16/C16)
E17: =IF(C17=0,0,D17/C17)
E18: =IF(C18=0,0,D18/C18)
E19: =IF(C19=0,0,D19/C19)
E20: =IF(C20=0,0,D20/C20)
... E30: =IF(C30=0,0,D30/C30)
A35: TIERING ASSESSMENT QUESTIONS
A37: ☐ Is 3-tier model implemented (hot/warm/cold)?
A38: ☐ Are transitions between tiers automated?
A39: ☐ Are retention periods matched to storage tiers?
A40: ☐ Is encryption at rest implemented for all tiers?
A41: ☐ Is geographic redundancy implemented for critical logs?
A42: ☐ Are backups taken from all tiers?
A43: ☐ Is performance adequate for each tier's use case?

Sheet Log Backup & Recovery
A1: LOG BACKUP & RECOVERY
A2: Assess backup and recovery capabilities per ISMS-POL-A.8.15-S2.2.7
A7: Backup Scope | B7: Backup Frequency | C7: Backup Technology | D7: Backup Location | E7: Backup Encrypted | F7: Encryption Algorithm | G7: Backup Integrity Verified | H7: Last Backup Date | I7: Last Restore Test Date | J7: Restore Test Frequency | K7: Last Restore Success | L7: RTO (Recovery Time) | M7: RPO (Recovery Point) | N7: Backup Retention Period | O7: Compliance Status | P7: Notes
A8: All Logs | B8: Daily | C8: Veeam | D8: Offsite | E8: Yes | F8: AES-256 | G8: Yes (always) | H8: 06.01.2026 | I8: 15.12.2025 | J8: Quarterly | K8: Yes | L8: 24 hours | M8: 24 hours | N8: 90 days | O8: Compliant | P8: Full backup daily
O9: =IF(A9="","", IF(AND(B9="Daily",OR(D9="Offsite",D9="Cloud",D9="Multiple"), E9="Yes",OR(J9="Quarterly",J9="Monthly")), "Compliant","Partial"))
O10: =IF(A10="","", IF(AND(B10="Daily",OR(D10="Offsite",D10="Cloud",D10="Multiple"), E10="Yes",OR(J10="Quarterly",J10="Monthly")), "Compliant","Partial"))
O11: =IF(A11="","", IF(AND(B11="Daily",OR(D11="Offsite",D11="Cloud",D11="Multiple"), E11="Yes",OR(J11="Quarterly",J11="Monthly")), "Compliant","Partial"))
O12: =IF(A12="","", IF(AND(B12="Daily",OR(D12="Offsite",D12="Cloud",D12="Multiple"), E12="Yes",OR(J12="Quarterly",J12="Monthly")), "Compliant","Partial"))
O13: =IF(A13="","", IF(AND(B13="Daily",OR(D13="Offsite",D13="Cloud",D13="Multiple"), E13="Yes",OR(J13="Quarterly",J13="Monthly")), "Compliant","Partial"))
O14: =IF(A14="","", IF(AND(B14="Daily",OR(D14="Offsite",D14="Cloud",D14="Multiple"), E14="Yes",OR(J14="Quarterly",J14="Monthly")), "Compliant","Partial"))
O15: =IF(A15="","", IF(AND(B15="Daily",OR(D15="Offsite",D15="Cloud",D15="Multiple"), E15="Yes",OR(J15="Quarterly",J15="Monthly")), "Compliant","Partial"))
O16: =IF(A16="","", IF(AND(B16="Daily",OR(D16="Offsite",D16="Cloud",D16="Multiple"), E16="Yes",OR(J16="Quarterly",J16="Monthly")), "Compliant","Partial"))
O17: =IF(A17="","", IF(AND(B17="Daily",OR(D17="Offsite",D17="Cloud",D17="Multiple"), E17="Yes",OR(J17="Quarterly",J17="Monthly")), "Compliant","Partial"))
O18: =IF(A18="","", IF(AND(B18="Daily",OR(D18="Offsite",D18="Cloud",D18="Multiple"), E18="Yes",OR(J18="Quarterly",J18="Monthly")), "Compliant","Partial"))
O19: =IF(A19="","", IF(AND(B19="Daily",OR(D19="Offsite",D19="Cloud",D19="Multiple"), E19="Yes",OR(J19="Quarterly",J19="Monthly")), "Compliant","Partial"))
O20: =IF(A20="","", IF(AND(B20="Daily",OR(D20="Offsite",D20="Cloud",D20="Multiple"), E20="Yes",OR(J20="Quarterly",J20="Monthly")), "Compliant","Partial"))
... O25: =IF(A25="","", IF(AND(B25="Daily",OR(D25="Offsite",D25="Cloud",D25="Multiple"), E25="Yes",OR(J25="Quarterly",J25="Monthly")), "Compliant","Partial"))

Sheet Disposal Procedures
A1: DISPOSAL PROCEDURES
A2: Assess secure disposal practices per ISMS-POL-A.8.15-S2.3.5
A7: Log Type / Source | B7: Retention Period Expired | C7: Automated Disposal | D7: Disposal Method | E7: Disposal Approval Required | F7: Legal Hold Check | G7: Disposal Logged | H7: Last Disposal Date | I7: Volume Disposed (GB) | J7: Disposal Verification | K7: Compliance with Policy | L7: Issues | M7: Remediation | N7: Notes
A8: Web Server Logs (>12 months) | B8: Monthly | C8: Yes | D8: Cryptographic Erasure | E8: No (automated) | F8: Yes (checked) | G8: Yes | H8: 01.01.2026 | I8: 250 | J8: Verified | K8: Compliant | L8: None | N8: Automated monthly cleanup
K9: =IF(A9="","", IF(AND(F9="Yes (checked)",G9="Yes", OR(D9="Cryptographic Erasure",D9="Multi-pass Overwrite",D9="Physical Destruction")), "Compliant","Non-Compliant"))
K10: =IF(A10="","", IF(AND(F10="Yes (checked)",G10="Yes", OR(D10="Cryptographic Erasure",D10="Multi-pass Overwrite",D10="Physical Destruction")), "Compliant","Non-Compliant"))
K11: =IF(A11="","", IF(AND(F11="Yes (checked)",G11="Yes", OR(D11="Cryptographic Erasure",D11="Multi-pass Overwrite",D11="Physical Destruction")), "Compliant","Non-Compliant"))
K12: =IF(A12="","", IF(AND(F12="Yes (checked)",G12="Yes", OR(D12="Cryptographic Erasure",D12="Multi-pass Overwrite",D12="Physical Destruction")), "Compliant","Non-Compliant"))
K13: =IF(A13="","", IF(AND(F13="Yes (checked)",G13="Yes", OR(D13="Cryptographic Erasure",D13="Multi-pass Overwrite",D13="Physical Destruction")), "Compliant","Non-Compliant"))
K14: =IF(A14="","", IF(AND(F14="Yes (checked)",G14="Yes", OR(D14="Cryptographic Erasure",D14="Multi-pass Overwrite",D14="Physical Destruction")), "Compliant","Non-Compliant"))
K15: =IF(A15="","", IF(AND(F15="Yes (checked)",G15="Yes", OR(D15="Cryptographic Erasure",D15="Multi-pass Overwrite",D15="Physical Destruction")), "Compliant","Non-Compliant"))
K16: =IF(A16="","", IF(AND(F16="Yes (checked)",G16="Yes", OR(D16="Cryptographic Erasure",D16="Multi-pass Overwrite",D16="Physical Destruction")), "Compliant","Non-Compliant"))
K17: =IF(A17="","", IF(AND(F17="Yes (checked)",G17="Yes", OR(D17="Cryptographic Erasure",D17="Multi-pass Overwrite",D17="Physical Destruction")), "Compliant","Non-Compliant"))
K18: =IF(A18="","", IF(AND(F18="Yes (checked)",G18="Yes", OR(D18="Cryptographic Erasure",D18="Multi-pass Overwrite",D18="Physical Destruction")), "Compliant","Non-Compliant"))
K19: =IF(A19="","", IF(AND(F19="Yes (checked)",G19="Yes", OR(D19="Cryptographic Erasure",D19="Multi-pass Overwrite",D19="Physical Destruction")), "Compliant","Non-Compliant"))
K20: =IF(A20="","", IF(AND(F20="Yes (checked)",G20="Yes", OR(D20="Cryptographic Erasure",D20="Multi-pass Overwrite",D20="Physical Destruction")), "Compliant","Non-Compliant"))
... K50: =IF(A50="","", IF(AND(F50="Yes (checked)",G50="Yes", OR(D50="Cryptographic Erasure",D50="Multi-pass Overwrite",D50="Physical Destruction")), "Compliant","Non-Compliant"))

Sheet Separation of Duties
A1: SEPARATION OF DUTIES
A2: Assess separation of duties per ISMS-POL-A.8.15-S2.2.6
A7: System / Component | B7: System Administrator(s) | C7: Log Administrator(s) | D7: Roles Separated | E7: Sys Admin Can Modify Logs | F7: Compensating Controls | G7: Break-Glass Procedure | H7: Break-Glass Usage Logged | I7: Independent Review | J7: Last Review Date | K7: Violations Detected | L7: Compliance Status | M7: Remediation Plan | N7: Notes
A8: SIEM Platform | B8: IT Ops Team | C8: Security Team | D8: Yes (different people) | E8: No (compliant) | G8: Yes (documented) | H8: Yes | I8: Yes | J8: 15.12.2025 | K8: None | L8: Compliant | N8: Proper separation implemented
L9: =IF(A9="","", IF(AND(D9="Yes (different people)", OR(E9="No (compliant)",E9="Limited")), "Compliant","Non-Compliant"))
L10: =IF(A10="","", IF(AND(D10="Yes (different people)", OR(E10="No (compliant)",E10="Limited")), "Compliant","Non-Compliant"))
L11: =IF(A11="","", IF(AND(D11="Yes (different people)", OR(E11="No (compliant)",E11="Limited")), "Compliant","Non-Compliant"))
L12: =IF(A12="","", IF(AND(D12="Yes (different people)", OR(E12="No (compliant)",E12="Limited")), "Compliant","Non-Compliant"))
L13: =IF(A13="","", IF(AND(D13="Yes (different people)", OR(E13="No (compliant)",E13="Limited")), "Compliant","Non-Compliant"))
L14: =IF(A14="","", IF(AND(D14="Yes (different people)", OR(E14="No (compliant)",E14="Limited")), "Compliant","Non-Compliant"))
L15: =IF(A15="","", IF(AND(D15="Yes (different people)", OR(E15="No (compliant)",E15="Limited")), "Compliant","Non-Compliant"))
L16: =IF(A16="","", IF(AND(D16="Yes (different people)", OR(E16="No (compliant)",E16="Limited")), "Compliant","Non-Compliant"))
L17: =IF(A17="","", IF(AND(D17="Yes (different people)", OR(E17="No (compliant)",E17="Limited")), "Compliant","Non-Compliant"))
L18: =IF(A18="","", IF(AND(D18="Yes (different people)", OR(E18="No (compliant)",E18="Limited")), "Compliant","Non-Compliant"))
L19: =IF(A19="","", IF(AND(D19="Yes (different people)", OR(E19="No (compliant)",E19="Limited")), "Compliant","Non-Compliant"))
L20: =IF(A20="","", IF(AND(D20="Yes (different people)", OR(E20="No (compliant)",E20="Limited")), "Compliant","Non-Compliant"))
... L50: =IF(A50="","", IF(AND(D50="Yes (different people)", OR(E50="No (compliant)",E50="Limited")), "Compliant","Non-Compliant"))

Sheet Legal Hold Management
A1: LEGAL HOLD MANAGEMENT
A2: Track legal holds per ISMS-POL-A.8.15-S2.3.6
A7: Hold ID | B7: Hold Name / Matter | C7: Initiation Date | D7: Initiated By | E7: Scope Description | F7: Systems/Sources Affected | G7: Date Range | H7: Hold Status | I7: Review Date | J7: Disposal Prevented | K7: Release Date | L7: Release Authorized By | M7: Notes
A8: HOLD-001 | B8: Internal Investigation 2025-Q4 | C8: 15.10.2025 | D8: Legal Counsel - Jane Smith | E8: All authentication and access logs for Finance Dept | F8: ERP System, File Servers | G8: 01.09.2025 - 31.12.2025 | H8: Active | I8: 15.01.2026 | J8: Yes (verified) | M8: Quarterly review scheduled
A9: =IF(B9<>"","HOLD-"&TEXT(ROW()-8,"000"),"")
A10: =IF(B10<>"","HOLD-"&TEXT(ROW()-8,"000"),"")
A11: =IF(B11<>"","HOLD-"&TEXT(ROW()-8,"000"),"")
A12: =IF(B12<>"","HOLD-"&TEXT(ROW()-8,"000"),"")
A13: =IF(B13<>"","HOLD-"&TEXT(ROW()-8,"000"),"")
A14: =IF(B14<>"","HOLD-"&TEXT(ROW()-8,"000"),"")
A15: =IF(B15<>"","HOLD-"&TEXT(ROW()-8,"000"),"")
A16: =IF(B16<>"","HOLD-"&TEXT(ROW()-8,"000"),"")
A17: =IF(B17<>"","HOLD-"&TEXT(ROW()-8,"000"),"")
A18: =IF(B18<>"","HOLD-"&TEXT(ROW()-8,"000"),"")
A19: =IF(B19<>"","HOLD-"&TEXT(ROW()-8,"000"),"")
A20: =IF(B20<>"","HOLD-"&TEXT(ROW()-8,"000"),"")
... A30: =IF(B30<>"","HOLD-"&TEXT(ROW()-8,"000"),"")

Sheet Privacy Impact Assessment
A1: PRIVACY IMPACT ASSESSMENT
A2: Assess privacy implications of log data collection and retention
A4: DATA MINIMIZATION ASSESSMENT
A5: Log Category | B5: PII/Sensitive Data Present | C5: Data Types | D5: Minimization Applied | E5: Justification | F5: Retention Period | G5: GDPR Article | H5: Compliance Status | I5: Review Date | J5: Owner | K5: Notes
A6: Authentication Logs | G6: Art. 6(1)(f)
A7: Access Logs | G7: Art. 6(1)(f)
A8: Application Logs | G8: Art. 6(1)(f)
A9: Network Logs | G9: Art. 6(1)(f)
A10: Database Audit Logs | G10: Art. 6(1)(c)
A11: Email Logs | G11: Art. 6(1)(f)
A12: HR System Logs | G12: Art. 6(1)(b)
A15: PROHIBITED DATA CHECK
A16: Data Type | B16: Logs Checked | C16: Found? | D16: Location | E16: Remediation Action | F16: Completion Date | G16: Verified By
A17: Passwords/Credentials
A18: Credit Card Numbers
A19: Social Security Numbers
A20: Health Information
A21: Biometric Data
A22: Racial/Ethnic Data
A23: Political Opinions
A24: Religious Beliefs
A27: DATA SUBJECT RIGHTS COMPLIANCE
A28: Right | B28: Applicable to Logs? | C28: Process Documented | D28: Can Be Fulfilled | E28: Response Time | F28: Evidence Ref
A29: Right of Access (Art. 15)
A30: Right to Rectification (Art. 16)
A31: Right to Erasure (Art. 17)
A32: Right to Restriction (Art. 18)
A33: Right to Data Portability (Art. 20)

Sheet Gap Analysis
A1: GAP ANALYSIS
A2: Consolidated protection and retention gaps
A7: Gap ID | B7: Gap Category | C7: Description | D7: Affected Systems | E7: Policy Requirement | F7: Risk Level | G7: Remediation Action | H7: Owner | I7: Target Date | J7: Budget Required | K7: Status | L7: Notes
A8: GAP-001 | B8: Integrity Protection | C8: WORM storage not implemented for critical logs | D8: 10 critical systems | E8: ISMS-POL-A.8.15-S2.2.4 | F8: High | G8: Implement cloud object lock for critical log storage | H8: IT Ops | I8: 31.03.2026 | J8: Yes | K8: Open | L8: Budget approval pending
A9: =IF(B9<>"","GAP-"&TEXT(ROW()-8,"000"),"")
A10: =IF(B10<>"","GAP-"&TEXT(ROW()-8,"000"),"")
A11: =IF(B11<>"","GAP-"&TEXT(ROW()-8,"000"),"")
A12: =IF(B12<>"","GAP-"&TEXT(ROW()-8,"000"),"")
A13: =IF(B13<>"","GAP-"&TEXT(ROW()-8,"000"),"")
A14: =IF(B14<>"","GAP-"&TEXT(ROW()-8,"000"),"")
A15: =IF(B15<>"","GAP-"&TEXT(ROW()-8,"000"),"")
A16: =IF(B16<>"","GAP-"&TEXT(ROW()-8,"000"),"")
A17: =IF(B17<>"","GAP-"&TEXT(ROW()-8,"000"),"")
A18: =IF(B18<>"","GAP-"&TEXT(ROW()-8,"000"),"")
A19: =IF(B19<>"","GAP-"&TEXT(ROW()-8,"000"),"")
A20: =IF(B20<>"","GAP-"&TEXT(ROW()-8,"000"),"")
... A100: =IF(B100<>"","GAP-"&TEXT(ROW()-8,"000"),"")

Sheet Evidence Register
A1: EVIDENCE REGISTER
A2: Document all supporting evidence for log protection & retention assessment
A3: Reference evidence by ID in other assessment sheets. Store evidence files in designated secure location.
A5: Evidence ID | B5: Assessment Sheet | C5: Evidence Type | D5: Evidence Title | E5: Description | F5: File Location/Link | G5: Date Collected | H5: Collected By | I5: Retention Period | J5: Review Date | K5: Status | L5: Notes
A6: EVD-001 | B6: Access Control Assessment | C6: Configuration | D6: RBAC Policy Export | I6: 7 years
A7: EVD-002 | B7: Integrity Protection | C7: Configuration | D7: WORM Storage Config | I7: 7 years
A8: EVD-003 | B8: Integrity Protection | C8: Report | D8: Hash Verification Report | I8: 7 years
A9: EVD-004 | B9: Secure Transmission | C9: Certificate | D9: TLS Certificate Details | I9: 7 years
A10: EVD-005 | B10: Retention Period Compliance | C10: Policy | D10: Retention Policy Document | I10: Permanent
A11: EVD-006 | B11: Disposal Procedures | C11: Procedure | D11: Secure Deletion SOP | I11: Permanent
A12: EVD-007 | B12: Legal Hold Management | C12: Log | D12: Active Legal Holds List | I12: Per hold
A13: EVD-008 | B13: Privacy Impact Assessment | C13: Assessment | D13: DPIA Document | I13: 7 years
A14: EVD-009
A15: EVD-010
A16: EVD-011
A17: EVD-012
A18: EVD-013
A19: EVD-014
A20: EVD-015
A21: EVD-016
A22: EVD-017
A23: EVD-018
A24: EVD-019
A25: EVD-020
... A63: EVD-058

Sheet Summary Dashboard
A1: LOG PROTECTION & RETENTION DASHBOARD
A2: Executive Summary - Protection & Compliance Status
A4: 1. PROTECTION COMPLIANCE SUMMARY
A6: Protection Measure | B6: Compliant Count | C6: Target | D6: Status
A7: Access Controls Compliant | B7: =COUNTIF('Access Control Assessment'!N:N,">0.95") | C7: >95% | D7: =IF(B{row}>0,"✓","✗")
A8: Integrity Protection Implemented | B8: =COUNTIF('Integrity Protection'!N:N,"Compliant") | C8: >95% | D8: =IF(B{row}>0,"✓","✗")
A9: Secure Transmission (Critical) | B9: =COUNTIF('Secure Transmission'!K:K,"Compliant") | C9: 100% | D9: =IF(B{row}>0,"✓","✗")
A10: Backup Implemented | B10: =COUNTIF('Log Backup & Recovery'!O:O,"Compliant") | C10: >95% | D10: =IF(B{row}>0,"✓","✗")
A11: Separation of Duties | B11: =COUNTIF('Separation of Duties'!L:L,"Compliant") | C11: >90% | D11: =IF(B{row}>0,"✓","✗")
A12: Secure Disposal Procedures | B12: =COUNTIF('Disposal Procedures'!K:K,"Compliant") | C12: 100% | D12: =IF(B{row}>0,"✓","✗")
A15: 2. RETENTION COMPLIANCE SUMMARY
A17: Log Category | B17: Compliant | C17: Under-Retained | D17: Over-Retained | E17: % Compliant
A18: Security | B18: =COUNTIFS('Retention Period Compliance'!B:B,"Security",'Retention Period Compliance'!O:O,"Compliant") | C18: =COUNTIFS('Retention Period Compliance'!B:B,"Security",'Retention Period Compliance'!J:J,">0") | D18: =COUNTIFS('Retention Period Compliance'!B:B,"Security",'Retention Period Compliance'!K:K,">0") | E18: =IF((B18+C18+D18)=0,0,B18/(B18+C18+D18))
A19: Authentication | B19: =COUNTIFS('Retention Period Compliance'!B:B,"Authentication",'Retention Period Compliance'!O:O,"Compliant") | C19: =COUNTIFS('Retention Period Compliance'!B:B,"Authentication",'Retention Period Compliance'!J:J,">0") | D19: =COUNTIFS('Retention Period Compliance'!B:B,"Authentication",'Retention Period Compliance'!K:K,">0") | E19: =IF((B19+C19+D19)=0,0,B19/(B19+C19+D19))
A20: Administrative | B20: =COUNTIFS('Retention Period Compliance'!B:B,"Administrative",'Retention Period Compliance'!O:O,"Compliant") | C20: =COUNTIFS('Retention Period Compliance'!B:B,"Administrative",'Retention Period Compliance'!J:J,">0") | D20: =COUNTIFS('Retention Period Compliance'!B:B,"Administrative",'Retention Period Compliance'!K:K,">0") | E20: =IF((B20+C20+D20)=0,0,B20/(B20+C20+D20))
A21: Application | B21: =COUNTIFS('Retention Period Compliance'!B:B,"Application",'Retention Period Compliance'!O:O,"Compliant") | C21: =COUNTIFS('Retention Period Compliance'!B:B,"Application",'Retention Period Compliance'!J:J,">0") | D21: =COUNTIFS('Retention Period Compliance'!B:B,"Application",'Retention Period Compliance'!K:K,">0") | E21: =IF((B21+C21+D21)=0,0,B21/(B21+C21+D21))
A22: TOTAL | B22: =SUM(B18:B21) | C22: =SUM(C18:C21) | D22: =SUM(D18:D21) | E22: =IF((B22+C22+D22)=0,0,B22/(B22+C22+D22))
A25: 3. GAP SUMMARY BY RISK LEVEL
A27: Risk Level | B27: Open | C27: In Progress | D27: Resolved | E27: Overdue
A28: Critical | B28: =COUNTIFS('Gap Analysis'!F:F,"Critical",'Gap Analysis'!K:K,"Open") | C28: =COUNTIFS('Gap Analysis'!F:F,"Critical",'Gap Analysis'!K:K,"In Progress") | D28: =COUNTIFS('Gap Analysis'!F:F,"Critical",'Gap Analysis'!K:K,"Resolved") | E28: =SUMPRODUCT(('Gap Analysis'!F:F="Critical")*(('Gap Analysis'!K:K="Open")+('Gap Analysis'!K:K="In Progress"))*('Gap Analysis'!I:I<TODAY())*('Gap Analysis'!I:I<>""))
A29: High | B29: =COUNTIFS('Gap Analysis'!F:F,"High",'Gap Analysis'!K:K,"Open") | C29: =COUNTIFS('Gap Analysis'!F:F,"High",'Gap Analysis'!K:K,"In Progress") | D29: =COUNTIFS('Gap Analysis'!F:F,"High",'Gap Analysis'!K:K,"Resolved") | E29: =SUMPRODUCT(('Gap Analysis'!F:F="High")*(('Gap Analysis'!K:K="Open")+('Gap Analysis'!K:K="In Progress"))*('Gap Analysis'!I:I<TODAY())*('Gap Analysis'!I:I<>""))
A30: Medium | B30: =COUNTIFS('Gap Analysis'!F:F,"Medium",'Gap Analysis'!K:K,"Open") | C30: =COUNTIFS('Gap Analysis'!F:F,"Medium",'Gap Analysis'!K:K,"In Progress") | D30: =COUNTIFS('Gap Analysis'!F:F,"Medium",'Gap Analysis'!K:K,"Resolved") | E30: =SUMPRODUCT(('Gap Analysis'!F:F="Medium")*(('Gap Analysis'!K:K="Open")+('Gap Analysis'!K:K="In Progress"))*('Gap Analysis'!I:I<TODAY())*('Gap Analysis'!I:I<>""))
A31: Low | B31: =COUNTIFS('Gap Analysis'!F:F,"Low",'Gap Analysis'!K:K,"Open") | C31: =COUNTIFS('Gap Analysis'!F:F,"Low",'Gap Analysis'!K:K,"In Progress") | D31: =COUNTIFS('Gap Analysis'!F:F,"Low",'Gap Analysis'!K:K,"Resolved") | E31: =SUMPRODUCT(('Gap Analysis'!F:F="Low")*(('Gap Analysis'!K:K="Open")+('Gap Analysis'!K:K="In Progress"))*('Gap Analysis'!I:I<TODAY())*('Gap Analysis'!I:I<>""))
A34: 4. KEY FINDINGS & RECOMMENDATIONS
A36: CRITICAL ACTIONS:
A37: • Address all Critical risk gaps within 30 days
A38: • Implement WORM storage for critical log sources
A39: • Enable TLS 1.2+ for all log transmission over untrusted networks
A41: HIGH PRIORITY:
A42: • Implement separation of duties where system admins manage logs
A43: • Enable integrity protection (hashing) for high-criticality logs
A44: • Ensure all backups are encrypted and tested quarterly
A46: RETENTION COMPLIANCE:
A47: • Address under-retention issues to meet regulatory requirements
A48: • Implement automated disposal with legal hold checking
... A54: • Annual backup restore testing

Sheet Approval & Sign-Off
A1: APPROVAL & SIGN-OFF
A2: Multi-level approval workflow for Log Protection & Retention Assessment
A4: APPROVAL WORKFLOW
A6: Role | B6: Name | C6: Date | D6: Signature | E6: Status
A7: Log Administrator | B7: [Name] | D7: _____ | E7: ☐ Reviewed
A8: IT Operations Manager | B8: [Name] | D8: _____ | E8: ☐ Reviewed
A9: Information Security Manager | B9: [Name] | D9: _____ | E9: ☐ Approved
A10: Legal/Compliance Officer | B10: [Name] | D10: _____ | E10: ☐ Reviewed
A13: ACKNOWLEDGMENTS CHECKLIST
A15: ☐ Access controls assessed for all log sources
A16: ☐ Integrity protection mechanisms evaluated
A17: ☐ Secure transmission verified
A18: ☐ Retention periods validated against policy
A19: ☐ Storage tiers reviewed
A20: ☐ Backup and recovery capabilities tested
A21: ☐ Disposal procedures assessed
A22: ☐ Separation of duties verified
A23: ☐ Legal holds documented
A24: ☐ Gaps identified and remediation planned
