Workbook

Sheet Instructions & Legend
A1: ISMS-IMP-A.8.15.2 - Log Collection & Centralization Assessment ISO/IEC 27001:2022 - Control A.8.15: Logging
A4: Document ID: | B4: ISMS-IMP-A.8.15.2
A5: Assessment Area: | B5: Log Collection Infrastructure and SIEM Integration
A6: Related Policy: | B6: ISMS-POL-A.8.15-S2.1, S2.2
A7: Version: | B7: 1.0
A8: Assessment Date: | B8: [USER INPUT - DD.MM.YYYY]
A9: Completed By: | B9: [USER INPUT]
A10: Organization: | B10: [USER INPUT]
A11: Review Cycle: | B11: Annual (full assessment), Quarterly (metrics update)
A14: HOW TO USE THIS WORKBOOK
A15: 1. Document SIEM/log management platform details
A16: 2. Catalog all log forwarders and collectors
A17: 3. Assess collection reliability and performance
A18: 4. Document integration architecture
A19: 5. Review capacity and scalability
A20: 6. Identify collection gaps and failures
A21: 7. Review Summary Dashboard for overall health
A22: 8. Document gaps and remediation plans
A23: 9. Obtain approvals in Approval & Sign-Off sheet
A26: LEGEND - CELL COLOR CODING
A27: Yellow (FFFFCC) | B27: User input required
A28: Green (C6EFCE) | B28: Compliant / Healthy
A29: Red (FFC7CE) | B29: Non-compliant / Critical
A30: Gray (E7E6E6) | B30: Auto-calculated / Reference data
A31: Blue (4472C4) | B31: Instructions / Headers
A34: KEY DEFINITIONS
A35: SIEM | B35: Security Information and Event Management platform
A36: Log Forwarder | B36: Agent that collects and forwards logs (Splunk UF, Fluentd, etc.)
A37: Indexer | B37: SIEM component that processes and stores logs
A38: Search Head | B38: SIEM component for querying logs
A39: Collection Reliability | B39: % of expected logs successfully received
A40: Parse Success Rate | B40: % of logs successfully parsed into fields
A41: Indexing Lag | B41: Time delay between log generation and searchability
A42: Hot/Warm/Cold | B42: Tiered storage based on age and access frequency
A43: EPS | B43: Events Per Second - log ingestion rate
A44: Data Quality | B44: Completeness, accuracy, and consistency of log data

Sheet SIEM Platform Details
A1: SIEM PLATFORM DETAILS
A2: Document SIEM/log management platform architecture and components
A7: Platform Component | B7: Product/Vendor | C7: Version | D7: Hostname/FQDN | E7: IP Address | F7: Role | G7: OS/Platform | H7: CPU Cores | I7: Memory (GB) | J7: Storage Capacity (TB) | K7: Storage Used (TB) | L7: Storage % Used | M7: Availability | N7: Notes
A8: SIEM Core | B8: Splunk Enterprise | C8: 9.1.3 | D8: siem-core-01.example.com | E8: 10.10.1.10 | F8: Primary | G8: Red Hat Linux 8 | H8: 32 | I8: 256 | J8: 50 | K8: 32 | L8: 64% | M8: Active | N8: Primary indexer cluster node
L9: =IF(J9=0,0,K9/J9)
L10: =IF(J10=0,0,K10/J10)
L11: =IF(J11=0,0,K11/J11)
L12: =IF(J12=0,0,K12/J12)
L13: =IF(J13=0,0,K13/J13)
L14: =IF(J14=0,0,K14/J14)
L15: =IF(J15=0,0,K15/J15)
L16: =IF(J16=0,0,K16/J16)
L17: =IF(J17=0,0,K17/J17)
L18: =IF(J18=0,0,K18/J18)
L19: =IF(J19=0,0,K19/J19)
L20: =IF(J20=0,0,K20/J20)
... L30: =IF(J30=0,0,K30/J30)

Sheet Log Forwarder Inventory
A1: LOG FORWARDER INVENTORY
A2: Catalog all log forwarders/collectors deployed across infrastructure
A7: Forwarder ID | B7: Forwarder Type | C7: Version | D7: Installed On System | E7: System Hostname | F7: Destination SIEM | G7: Transport Protocol | H7: Port | I7: Encryption | J7: Buffer Enabled | K7: Buffer Size (MB) | L7: Install Date | M7: Last Updated | N7: Status | O7: Events/Day | P7: Data/Day (MB) | Q7: Last Health Check | R7: Notes
A8: FWD-001 | B8: Splunk UF | C8: 9.1.3 | D8: SYS-001 | E8: web-prod-01 | F8: Primary | G8: Syslog/TLS | H8: 9997 | I8: Yes (TLS 1.3) | J8: Yes | K8: 100 | L8: 15.06.2025 | M8: 01.12.2025 | N8: Running | O8: 250000 | P8: 150 | Q8: 06.01.2026 | R8: Forwarding web server logs
A9: =IF(B9<>"","FWD-"&TEXT(ROW()-8,"000"),"")
A10: =IF(B10<>"","FWD-"&TEXT(ROW()-8,"000"),"")
A11: =IF(B11<>"","FWD-"&TEXT(ROW()-8,"000"),"")
A12: =IF(B12<>"","FWD-"&TEXT(ROW()-8,"000"),"")
A13: =IF(B13<>"","FWD-"&TEXT(ROW()-8,"000"),"")
A14: =IF(B14<>"","FWD-"&TEXT(ROW()-8,"000"),"")
A15: =IF(B15<>"","FWD-"&TEXT(ROW()-8,"000"),"")
A16: =IF(B16<>"","FWD-"&TEXT(ROW()-8,"000"),"")
A17: =IF(B17<>"","FWD-"&TEXT(ROW()-8,"000"),"")
A18: =IF(B18<>"","FWD-"&TEXT(ROW()-8,"000"),"")
A19: =IF(B19<>"","FWD-"&TEXT(ROW()-8,"000"),"")
A20: =IF(B20<>"","FWD-"&TEXT(ROW()-8,"000"),"")
... A200: =IF(B200<>"","FWD-"&TEXT(ROW()-8,"000"),"")

Sheet Collection Reliability
A1: COLLECTION RELIABILITY
A2: Track log collection reliability metrics over assessment period (last 30 days)
A7: Source System ID | B7: Source System Name | C7: Expected Events/Day | D7: Actual Events/Day | E7: Collection Rate % | F7: Status | G7: Last Event Received | H7: Gap Detected | I7: Gap Start Time | J7: Gap End Time | K7: Gap Duration (hours) | L7: Gap Reason | M7: Resolution Actions | N7: Resolved By | O7: Resolved Date | P7: Notes
A8: SYS-001 | B8: web-prod-01 | C8: 250000 | D8: 248000 | E8: 99.2% | F8: Compliant | G8: 06.01.2026 23:55 | H8: No | P8: Healthy collection
B9: =IF(A9="","",A9&" (from IMP-1)") | E9: =IF(C9=0,0,D9/C9) | F9: =IF(A9="","",IF(E9>=0.95,"Compliant",IF(E9>=0.8,"Partial","Non-Compliant"))) | K9: =IF(AND(I9<>"",J9<>""),(J9-I9)*24,"")
B10: =IF(A10="","",A10&" (from IMP-1)") | E10: =IF(C10=0,0,D10/C10) | F10: =IF(A10="","",IF(E10>=0.95,"Compliant",IF(E10>=0.8,"Partial","Non-Compliant"))) | K10: =IF(AND(I10<>"",J10<>""),(J10-I10)*24,"")
B11: =IF(A11="","",A11&" (from IMP-1)") | E11: =IF(C11=0,0,D11/C11) | F11: =IF(A11="","",IF(E11>=0.95,"Compliant",IF(E11>=0.8,"Partial","Non-Compliant"))) | K11: =IF(AND(I11<>"",J11<>""),(J11-I11)*24,"")
B12: =IF(A12="","",A12&" (from IMP-1)") | E12: =IF(C12=0,0,D12/C12) | F12: =IF(A12="","",IF(E12>=0.95,"Compliant",IF(E12>=0.8,"Partial","Non-Compliant"))) | K12: =IF(AND(I12<>"",J12<>""),(J12-I12)*24,"")
B13: =IF(A13="","",A13&" (from IMP-1)") | E13: =IF(C13=0,0,D13/C13) | F13: =IF(A13="","",IF(E13>=0.95,"Compliant",IF(E13>=0.8,"Partial","Non-Compliant"))) | K13: =IF(AND(I13<>"",J13<>""),(J13-I13)*24,"")
B14: =IF(A14="","",A14&" (from IMP-1)") | E14: =IF(C14=0,0,D14/C14) | F14: =IF(A14="","",IF(E14>=0.95,"Compliant",IF(E14>=0.8,"Partial","Non-Compliant"))) | K14: =IF(AND(I14<>"",J14<>""),(J14-I14)*24,"")
B15: =IF(A15="","",A15&" (from IMP-1)") | E15: =IF(C15=0,0,D15/C15) | F15: =IF(A15="","",IF(E15>=0.95,"Compliant",IF(E15>=0.8,"Partial","Non-Compliant"))) | K15: =IF(AND(I15<>"",J15<>""),(J15-I15)*24,"")
B16: =IF(A16="","",A16&" (from IMP-1)") | E16: =IF(C16=0,0,D16/C16) | F16: =IF(A16="","",IF(E16>=0.95,"Compliant",IF(E16>=0.8,"Partial","Non-Compliant"))) | K16: =IF(AND(I16<>"",J16<>""),(J16-I16)*24,"")
B17: =IF(A17="","",A17&" (from IMP-1)") | E17: =IF(C17=0,0,D17/C17) | F17: =IF(A17="","",IF(E17>=0.95,"Compliant",IF(E17>=0.8,"Partial","Non-Compliant"))) | K17: =IF(AND(I17<>"",J17<>""),(J17-I17)*24,"")
B18: =IF(A18="","",A18&" (from IMP-1)") | E18: =IF(C18=0,0,D18/C18) | F18: =IF(A18="","",IF(E18>=0.95,"Compliant",IF(E18>=0.8,"Partial","Non-Compliant"))) | K18: =IF(AND(I18<>"",J18<>""),(J18-I18)*24,"")
B19: =IF(A19="","",A19&" (from IMP-1)") | E19: =IF(C19=0,0,D19/C19) | F19: =IF(A19="","",IF(E19>=0.95,"Compliant",IF(E19>=0.8,"Partial","Non-Compliant"))) | K19: =IF(AND(I19<>"",J19<>""),(J19-I19)*24,"")
B20: =IF(A20="","",A20&" (from IMP-1)") | E20: =IF(C20=0,0,D20/C20) | F20: =IF(A20="","",IF(E20>=0.95,"Compliant",IF(E20>=0.8,"Partial","Non-Compliant"))) | K20: =IF(AND(I20<>"",J20<>""),(J20-I20)*24,"")
... B200: =IF(A200="","",A200&" (from IMP-1)") | E200: =IF(C200=0,0,D200/C200) | F200: =IF(A200="","",IF(E200>=0.95,"Compliant",IF(E200>=0.8,"Partial","Non-Compliant"))) | K200: =IF(AND(I200<>"",J200<>""),(J200-I200)*24,"")

Sheet Integration Architecture
A1: INTEGRATION ARCHITECTURE
A2: Document log flow architecture and integration points
A7: Integration Point | B7: Source Type | C7: Source Count | D7: Collection Method | E7: Intermediate Hops | F7: Network Path | G7: Bandwidth Required | H7: Latency Target | I7: Current Latency | J7: Redundancy | K7: Single Point of Failure | L7: DR Capability | M7: Bottleneck Risk | N7: Notes
A8: Web Servers → SIEM | B8: Server | C8: 50 | D8: Agent-based | E8: 1 | F8: Prod VLAN → Log Concentrator → SIEM VLAN | G8: 100 Mbps | H8: <1 min | I8: 30 sec | J8: Active/Active | K8: No | L8: Yes | M8: Low | N8: Direct forwarder deployment
A55: ARCHITECTURE DIAGRAM
A56: Insert or link to architecture diagram showing complete log flow: Sources → Forwarders → SIEM → Storage Include network paths, ports, protocols, and redundancy.

Sheet SIEM Storage & Capacity
A1: SIEM STORAGE & CAPACITY
A2: Assess storage capacity, growth trends, and capacity planning
A7: Storage Component | B7: Technology | C7: Total Capacity (TB) | D7: Used Capacity (TB) | E7: Free Capacity (TB) | F7: % Used | G7: Status | H7: Retention Period | I7: Avg Daily Ingest (GB) | J7: Growth Rate %/Month | K7: Days Until Full | L7: Expansion Plan | M7: Expansion Date | N7: Cost per TB/Month | O7: Notes
A8: Hot Storage | B8: Local SSD | C8: 50 | D8: 32 | E8: 18 | F8: 64% | G8: OK | H8: 90 days | I8: 350 | J8: 5 | K8: 51 | L8: Not Needed | N8: $15 | O8: Primary indexer storage
E9: =IF(C9="","",C9-D9) | F9: =IF(C9=0,0,D9/C9) | G9: =IF(A9="","",IF(F9>0.85,"Critical",IF(F9>0.7,"Warning","OK"))) | K9: =IF(OR(I9=0,E9=""),"N/A",(E9*1024)/I9)
E10: =IF(C10="","",C10-D10) | F10: =IF(C10=0,0,D10/C10) | G10: =IF(A10="","",IF(F10>0.85,"Critical",IF(F10>0.7,"Warning","OK"))) | K10: =IF(OR(I10=0,E10=""),"N/A",(E10*1024)/I10)
E11: =IF(C11="","",C11-D11) | F11: =IF(C11=0,0,D11/C11) | G11: =IF(A11="","",IF(F11>0.85,"Critical",IF(F11>0.7,"Warning","OK"))) | K11: =IF(OR(I11=0,E11=""),"N/A",(E11*1024)/I11)
E12: =IF(C12="","",C12-D12) | F12: =IF(C12=0,0,D12/C12) | G12: =IF(A12="","",IF(F12>0.85,"Critical",IF(F12>0.7,"Warning","OK"))) | K12: =IF(OR(I12=0,E12=""),"N/A",(E12*1024)/I12)
E13: =IF(C13="","",C13-D13) | F13: =IF(C13=0,0,D13/C13) | G13: =IF(A13="","",IF(F13>0.85,"Critical",IF(F13>0.7,"Warning","OK"))) | K13: =IF(OR(I13=0,E13=""),"N/A",(E13*1024)/I13)
E14: =IF(C14="","",C14-D14) | F14: =IF(C14=0,0,D14/C14) | G14: =IF(A14="","",IF(F14>0.85,"Critical",IF(F14>0.7,"Warning","OK"))) | K14: =IF(OR(I14=0,E14=""),"N/A",(E14*1024)/I14)
E15: =IF(C15="","",C15-D15) | F15: =IF(C15=0,0,D15/C15) | G15: =IF(A15="","",IF(F15>0.85,"Critical",IF(F15>0.7,"Warning","OK"))) | K15: =IF(OR(I15=0,E15=""),"N/A",(E15*1024)/I15)
E16: =IF(C16="","",C16-D16) | F16: =IF(C16=0,0,D16/C16) | G16: =IF(A16="","",IF(F16>0.85,"Critical",IF(F16>0.7,"Warning","OK"))) | K16: =IF(OR(I16=0,E16=""),"N/A",(E16*1024)/I16)
E17: =IF(C17="","",C17-D17) | F17: =IF(C17=0,0,D17/C17) | G17: =IF(A17="","",IF(F17>0.85,"Critical",IF(F17>0.7,"Warning","OK"))) | K17: =IF(OR(I17=0,E17=""),"N/A",(E17*1024)/I17)
E18: =IF(C18="","",C18-D18) | F18: =IF(C18=0,0,D18/C18) | G18: =IF(A18="","",IF(F18>0.85,"Critical",IF(F18>0.7,"Warning","OK"))) | K18: =IF(OR(I18=0,E18=""),"N/A",(E18*1024)/I18)
E19: =IF(C19="","",C19-D19) | F19: =IF(C19=0,0,D19/C19) | G19: =IF(A19="","",IF(F19>0.85,"Critical",IF(F19>0.7,"Warning","OK"))) | K19: =IF(OR(I19=0,E19=""),"N/A",(E19*1024)/I19)
E20: =IF(C20="","",C20-D20) | F20: =IF(C20=0,0,D20/C20) | G20: =IF(A20="","",IF(F20>0.85,"Critical",IF(F20>0.7,"Warning","OK"))) | K20: =IF(OR(I20=0,E20=""),"N/A",(E20*1024)/I20)
A25: CAPACITY PLANNING
A27: Timeframe | B27: Projected Ingest (TB) | C27: Capacity Needed (TB) | D27: Gap (TB) | E27: Estimated Cost
A28: Current | B28: =SUM(D9:D20) | C28: =SUM(C9:C20) | D28: N/A | E28: N/A
A29: 6 months | B29: =SUM(I9:I20)*180/1024 | C29: [Formula] | D29: [Formula] | E29: [Input]
A30: 12 months | B30: =SUM(I9:I20)*365/1024 | C30: [Formula] | D30: [Formula] | E30: [Input]
A31: 24 months | B31: =SUM(I9:I20)*730/1024 | C31: [Formula] | D31: [Formula] | E31: [Input]
A34: OPTIMIZATION OPPORTUNITIES
A35: • Enable compression to reduce storage usage by 50-70%
A36: • Implement tiered storage (hot/warm/cold) for cost optimization
A37: • Review retention periods - are all logs kept longer than necessary?
A38: • Archive old data to low-cost object storage (S3 Glacier, Azure Archive)
A39: • Implement data summarization for aged logs

Sheet Log Parsing & Normalization
A1: LOG PARSING & NORMALIZATION
A2: Assess parsing accuracy, field extraction, and data normalization
A7: Log Source Type | B7: Log Format | C7: Parsing Method | D7: Parser Status | E7: Parse Success Rate % | F7: Unparsed Events/Day | G7: Fields Extracted | H7: Required Fields Present | I7: Timestamp Parsing | J7: Timezone Handling | K7: Last Parser Update | L7: Issues Identified | M7: Tuning Required | N7: Owner | O7: Notes
A8: Windows Events | B8: EVTX | C8: Built-in | D8: Working | E8: 98.5 | F8: 3750 | G8: 25 | H8: All | I8: Correct | J8: Correct | K8: 15.11.2025 | L8: None | M8: No | N8: SIEM Team | O8: Standard Windows parser

Sheet SIEM Performance Metrics
A1: SIEM PERFORMANCE METRICS
A2: Track SIEM platform performance over assessment period (daily metrics)
A7: Metric Date | B7: Daily Events Indexed | C7: Peak Events/Second | D7: Indexing Lag (minutes) | E7: Search Performance (sec) | F7: Dashboard Load Time (sec) | G7: CPU Utilization % | H7: Memory Utilization % | I7: Disk I/O % | J7: Network Throughput (Gbps) | K7: Uptime % | L7: Incidents | M7: Performance Status | N7: Notes
A8: 06.01.2026 | B8: 25000000 | C8: 8500 | D8: 3 | E8: 8 | F8: 5 | G8: 65 | H8: 72 | I8: 45 | J8: 2.5 | K8: 100 | L8: 0 | M8: Healthy | N8: Normal operations
M9: =IF(A9="","",IF(AND(D9<=5,E9<=10,G9<80,H9<80,K9>=99.9),"Healthy",IF(OR(D9>15,E9>30,G9>90,H9>90,K9<99),"Critical","Warning")))
M10: =IF(A10="","",IF(AND(D10<=5,E10<=10,G10<80,H10<80,K10>=99.9),"Healthy",IF(OR(D10>15,E10>30,G10>90,H10>90,K10<99),"Critical","Warning")))
M11: =IF(A11="","",IF(AND(D11<=5,E11<=10,G11<80,H11<80,K11>=99.9),"Healthy",IF(OR(D11>15,E11>30,G11>90,H11>90,K11<99),"Critical","Warning")))
M12: =IF(A12="","",IF(AND(D12<=5,E12<=10,G12<80,H12<80,K12>=99.9),"Healthy",IF(OR(D12>15,E12>30,G12>90,H12>90,K12<99),"Critical","Warning")))
M13: =IF(A13="","",IF(AND(D13<=5,E13<=10,G13<80,H13<80,K13>=99.9),"Healthy",IF(OR(D13>15,E13>30,G13>90,H13>90,K13<99),"Critical","Warning")))
M14: =IF(A14="","",IF(AND(D14<=5,E14<=10,G14<80,H14<80,K14>=99.9),"Healthy",IF(OR(D14>15,E14>30,G14>90,H14>90,K14<99),"Critical","Warning")))
M15: =IF(A15="","",IF(AND(D15<=5,E15<=10,G15<80,H15<80,K15>=99.9),"Healthy",IF(OR(D15>15,E15>30,G15>90,H15>90,K15<99),"Critical","Warning")))
M16: =IF(A16="","",IF(AND(D16<=5,E16<=10,G16<80,H16<80,K16>=99.9),"Healthy",IF(OR(D16>15,E16>30,G16>90,H16>90,K16<99),"Critical","Warning")))
M17: =IF(A17="","",IF(AND(D17<=5,E17<=10,G17<80,H17<80,K17>=99.9),"Healthy",IF(OR(D17>15,E17>30,G17>90,H17>90,K17<99),"Critical","Warning")))
M18: =IF(A18="","",IF(AND(D18<=5,E18<=10,G18<80,H18<80,K18>=99.9),"Healthy",IF(OR(D18>15,E18>30,G18>90,H18>90,K18<99),"Critical","Warning")))
M19: =IF(A19="","",IF(AND(D19<=5,E19<=10,G19<80,H19<80,K19>=99.9),"Healthy",IF(OR(D19>15,E19>30,G19>90,H19>90,K19<99),"Critical","Warning")))
M20: =IF(A20="","",IF(AND(D20<=5,E20<=10,G20<80,H20<80,K20>=99.9),"Healthy",IF(OR(D20>15,E20>30,G20>90,H20>90,K20<99),"Critical","Warning")))
... M90: =IF(A90="","",IF(AND(D90<=5,E90<=10,G90<80,H90<80,K90>=99.9),"Healthy",IF(OR(D90>15,E90>30,G90>90,H90>90,K90<99),"Critical","Warning")))
A95: PERFORMANCE SUMMARY (Last 30 Days)
A97: Avg Daily Events Indexed: | B97: =AVERAGE(B9:B38)
A98: Avg Peak EPS: | B98: =AVERAGE(C9:C38)
A99: Avg Indexing Lag (min): | B99: =AVERAGE(D9:D38)
A100: Avg Search Performance (sec): | B100: =AVERAGE(E9:E38)
A101: Avg CPU Utilization %: | B101: =AVERAGE(G9:G38)
A102: Avg Memory Utilization %: | B102: =AVERAGE(H9:H38)
A103: Avg Uptime %: | B103: =AVERAGE(K9:K38)
A104: Total Incidents: | B104: =SUM(L9:L38)
A105: Days with Healthy Status: | B105: =COUNTIF(M9:M38,"Healthy")

Sheet Data Quality Assessment
A1: DATA QUALITY ASSESSMENT
A2: Assess quality of log data in SIEM (completeness, accuracy, consistency, timeliness, validity)
A7: Quality Dimension | B7: Log Source Type | C7: Assessment Method | D7: Sample Size | E7: Pass Count | F7: Fail Count | G7: Quality Score % | H7: Status | I7: Common Issues | J7: Impact | K7: Remediation Action | L7: Responsible Party | M7: Target Date | N7: Notes
A8: Completeness | B8: Web Server Logs | C8: Field presence check on 1000 events | D8: 1000 | E8: 985 | F8: 15 | G8: 98.5% | H8: Good | I8: Missing source_ip in 15 events | J8: Low | K8: Update parser to extract source_ip | L8: SIEM Team | M8: 31.01.2026 | N8: Minor issue, easily fixable
G9: =IF(AND(D9<>"",E9<>""),E9/(E9+F9),"") | H9: =IF(G9="","",IF(G9>=0.95,"Good",IF(G9>=0.8,"Fair","Poor")))
G10: =IF(AND(D10<>"",E10<>""),E10/(E10+F10),"") | H10: =IF(G10="","",IF(G10>=0.95,"Good",IF(G10>=0.8,"Fair","Poor")))
G11: =IF(AND(D11<>"",E11<>""),E11/(E11+F11),"") | H11: =IF(G11="","",IF(G11>=0.95,"Good",IF(G11>=0.8,"Fair","Poor")))
G12: =IF(AND(D12<>"",E12<>""),E12/(E12+F12),"") | H12: =IF(G12="","",IF(G12>=0.95,"Good",IF(G12>=0.8,"Fair","Poor")))
G13: =IF(AND(D13<>"",E13<>""),E13/(E13+F13),"") | H13: =IF(G13="","",IF(G13>=0.95,"Good",IF(G13>=0.8,"Fair","Poor")))
G14: =IF(AND(D14<>"",E14<>""),E14/(E14+F14),"") | H14: =IF(G14="","",IF(G14>=0.95,"Good",IF(G14>=0.8,"Fair","Poor")))
G15: =IF(AND(D15<>"",E15<>""),E15/(E15+F15),"") | H15: =IF(G15="","",IF(G15>=0.95,"Good",IF(G15>=0.8,"Fair","Poor")))
G16: =IF(AND(D16<>"",E16<>""),E16/(E16+F16),"") | H16: =IF(G16="","",IF(G16>=0.95,"Good",IF(G16>=0.8,"Fair","Poor")))
G17: =IF(AND(D17<>"",E17<>""),E17/(E17+F17),"") | H17: =IF(G17="","",IF(G17>=0.95,"Good",IF(G17>=0.8,"Fair","Poor")))
G18: =IF(AND(D18<>"",E18<>""),E18/(E18+F18),"") | H18: =IF(G18="","",IF(G18>=0.95,"Good",IF(G18>=0.8,"Fair","Poor")))
G19: =IF(AND(D19<>"",E19<>""),E19/(E19+F19),"") | H19: =IF(G19="","",IF(G19>=0.95,"Good",IF(G19>=0.8,"Fair","Poor")))
G20: =IF(AND(D20<>"",E20<>""),E20/(E20+F20),"") | H20: =IF(G20="","",IF(G20>=0.95,"Good",IF(G20>=0.8,"Fair","Poor")))
... G50: =IF(AND(D50<>"",E50<>""),E50/(E50+F50),"") | H50: =IF(G50="","",IF(G50>=0.95,"Good",IF(G50>=0.8,"Fair","Poor")))
A55: QUALITY DIMENSIONS EXPLAINED
A57: Completeness: | B57: All required fields present in logs
A58: Accuracy: | B58: Data values correct and meaningful
A59: Consistency: | B59: Same events logged same way across sources
A60: Timeliness: | B60: Logs indexed within target timeframe
A61: Validity: | B61: Data conforms to expected formats

Sheet Encryption & Authentication
A1: ENCRYPTION & AUTHENTICATION
A2: Assess security controls for log transport and collection authentication
A4: LOG TRANSPORT ENCRYPTION
A5: Log Source/Path | B5: Protocol | C5: TLS Version | D5: Cipher Suite | E5: Certificate Valid | F5: Certificate Expiry | G5: Mutual TLS | H5: Compliance Status | I5: Last Verified | J5: Evidence Ref | K5: Notes
A6: Syslog -> SIEM | B6: Syslog/TLS
A7: Windows Event -> SIEM | B7: WEF/HTTPS
A8: Linux Agents -> SIEM | B8: Agent/TLS
A9: Cloud Logs -> SIEM | B9: HTTPS API
A10: Network Devices -> SIEM | B10: Syslog/TLS
A11: Database Audit -> SIEM | B11: JDBC/TLS
A12: Container Logs -> SIEM | B12: Fluentd/TLS
A13: Application Logs -> SIEM | B13: Filebeat/TLS
A16: AUTHENTICATION METHODS
A17: Collection Method | B17: Auth Type | C17: Credential Storage | D17: Rotation Frequency | E17: Last Rotated | F17: Service Account | G17: MFA Enabled | H17: Compliance | I17: Owner | J17: Evidence Ref
A18: SIEM API Access | B18: API Key
A19: Log Forwarder Auth | B19: Certificate
A20: Cloud Platform Auth | B20: OAuth/OIDC
A21: Database Audit Auth | B21: Service Account
A22: Agent Authentication | B22: Certificate
A25: ENCRYPTION & AUTHENTICATION COMPLIANCE CHECKLIST
A26: All log transport uses TLS 1.2 or higher
A27: No plaintext log transmission over network
A28: Certificates are valid and not expired
A29: Certificate expiry monitoring in place
A30: Mutual TLS (mTLS) used where supported
A31: API keys/tokens stored securely (vault/KMS)
A32: Credentials rotated per policy (90 days max)
A33: Service accounts have minimum required permissions
A34: Authentication failures are logged and alerted
A35: Encryption at rest enabled for log storage

Sheet Gap Analysis & Remediation
A1: GAP ANALYSIS & REMEDIATION
A2: Track collection infrastructure gaps and remediation plans
A7: Gap ID | B7: Gap Category | C7: Description | D7: Affected Systems | E7: Impact | F7: Current State | G7: Target State | H7: Remediation Action | I7: Owner | J7: Target Date | K7: Status | L7: Notes
A8: GAP-001 | B8: Reliability Issue | C8: Collection rate below 95% for 15 systems | D8: 15 database servers | E8: High | F8: Avg collection rate: 87% | G8: Collection rate: >95% | H8: Investigate forwarder configuration and network path | I8: DB Admin Team | J8: 31.01.2026 | K8: Open | L8: May require forwarder upgrade
A9: =IF(B9<>"","GAP-"&TEXT(ROW()-8,"000"),"")
A10: =IF(B10<>"","GAP-"&TEXT(ROW()-8,"000"),"")
A11: =IF(B11<>"","GAP-"&TEXT(ROW()-8,"000"),"")
A12: =IF(B12<>"","GAP-"&TEXT(ROW()-8,"000"),"")
A13: =IF(B13<>"","GAP-"&TEXT(ROW()-8,"000"),"")
A14: =IF(B14<>"","GAP-"&TEXT(ROW()-8,"000"),"")
A15: =IF(B15<>"","GAP-"&TEXT(ROW()-8,"000"),"")
A16: =IF(B16<>"","GAP-"&TEXT(ROW()-8,"000"),"")
A17: =IF(B17<>"","GAP-"&TEXT(ROW()-8,"000"),"")
A18: =IF(B18<>"","GAP-"&TEXT(ROW()-8,"000"),"")
A19: =IF(B19<>"","GAP-"&TEXT(ROW()-8,"000"),"")
A20: =IF(B20<>"","GAP-"&TEXT(ROW()-8,"000"),"")
... A100: =IF(B100<>"","GAP-"&TEXT(ROW()-8,"000"),"")

Sheet Evidence Register
A1: EVIDENCE REGISTER
A2: Document all supporting evidence for log collection assessment
A3: Reference evidence by ID in other assessment sheets. Store evidence files in designated secure location.
A5: Evidence ID | B5: Assessment Sheet | C5: Evidence Type | D5: Evidence Title | E5: Description | F5: File Location/Link | G5: Date Collected | H5: Collected By | I5: Retention Period | J5: Review Date | K5: Status | L5: Notes
A6: EVD-001 | B6: SIEM Platform Details | C6: Configuration | D6: SIEM Architecture Diagram | I6: 7 years
A7: EVD-002 | B7: SIEM Platform Details | C7: Screenshot | D7: SIEM License/Version | I7: 7 years
A8: EVD-003 | B8: Log Forwarder Inventory | C8: Export | D8: Agent Inventory Export | I8: 7 years
A9: EVD-004 | B9: Collection Reliability | C9: Report | D9: Collection Success Rate Report | I9: 7 years
A10: EVD-005 | B10: Encryption & Authentication | C10: Certificate | D10: TLS Certificate Details | I10: 7 years
A11: EVD-006 | B11: Encryption & Authentication | C11: Configuration | D11: Authentication Config Export | I11: 7 years
A12: EVD-007 | B12: SIEM Storage & Capacity | C12: Report | D12: Storage Utilization Report | I12: 7 years
A13: EVD-008 | B13: Gap Analysis & Remediation | C13: Document | D13: Gap Remediation Plan | I13: 7 years
A14: EVD-009
A15: EVD-010
A16: EVD-011
A17: EVD-012
A18: EVD-013
A19: EVD-014
A20: EVD-015
A21: EVD-016
A22: EVD-017
A23: EVD-018
A24: EVD-019
A25: EVD-020
... A63: EVD-058

Sheet Summary Dashboard
A1: LOG COLLECTION & CENTRALIZATION DASHBOARD
A2: Executive Summary - SIEM Health & Performance
A4: 1. COLLECTION HEALTH SUMMARY
A6: Metric | B6: Value | C6: Target | D6: Status
A7: Total Systems Monitored | B7: =COUNTA('Collection Reliability'!A9:A200) | C7: N/A | D7: =IF(B{row}>0,"✓","✗")
A8: Systems Collecting >95% | B8: =COUNTIF('Collection Reliability'!E:E,">0.95") | C8: 100% | D8: =IF(B{row}>0,"✓","✗")
A9: Avg Collection Rate % | B9: =AVERAGE('Collection Reliability'!E9:E200) | C9: >98% | D9: =IF(B{row}>0,"✓","✗")
A10: Systems with Gaps >4hr | B10: =COUNTIF('Collection Reliability'!K:K,">4") | C10: 0 | D10: =IF(B{row}>0,"✓","✗")
A11: Parse Success Rate % | B11: =AVERAGE('Log Parsing & Normalization'!E9:E100) | C11: >95% | D11: =IF(B{row}>0,"✓","✗")
A12: SIEM Uptime % | B12: =AVERAGE('SIEM Performance Metrics'!K9:K38) | C12: >99.9% | D12: =IF(B{row}>0,"✓","✗")
A13: Storage Used % | B13: =AVERAGE('SIEM Storage & Capacity'!F9:F20) | C13: <70% | D13: =IF(B{row}>0,"✓","✗")
A14: Days Until Storage Full | B14: =MIN('SIEM Storage & Capacity'!K9:K20) | C14: >90 | D14: =IF(B{row}>0,"✓","✗")
A17: 2. COLLECTION BY SYSTEM TYPE
A19: System Type | B19: Total | C19: Collecting >95% | D19: Avg Collection Rate %
A20: Server | B20: =COUNTIF('Collection Reliability'!B:B,"*Server*") | C20: =COUNTIFS('Collection Reliability'!B:B,"*Server*",'Collection Reliability'!E:E,">0.95") | D20: =AVERAGEIF('Collection Reliability'!B:B,"*Server*",'Collection Reliability'!E:E)
A21: Network Device | B21: =COUNTIF('Collection Reliability'!B:B,"*Network Device*") | C21: =COUNTIFS('Collection Reliability'!B:B,"*Network Device*",'Collection Reliability'!E:E,">0.95") | D21: =AVERAGEIF('Collection Reliability'!B:B,"*Network Device*",'Collection Reliability'!E:E)
A22: Security Appliance | B22: =COUNTIF('Collection Reliability'!B:B,"*Security Appliance*") | C22: =COUNTIFS('Collection Reliability'!B:B,"*Security Appliance*",'Collection Reliability'!E:E,">0.95") | D22: =AVERAGEIF('Collection Reliability'!B:B,"*Security Appliance*",'Collection Reliability'!E:E)
A23: Application | B23: =COUNTIF('Collection Reliability'!B:B,"*Application*") | C23: =COUNTIFS('Collection Reliability'!B:B,"*Application*",'Collection Reliability'!E:E,">0.95") | D23: =AVERAGEIF('Collection Reliability'!B:B,"*Application*",'Collection Reliability'!E:E)
A24: Cloud Service | B24: =COUNTIF('Collection Reliability'!B:B,"*Cloud Service*") | C24: =COUNTIFS('Collection Reliability'!B:B,"*Cloud Service*",'Collection Reliability'!E:E,">0.95") | D24: =AVERAGEIF('Collection Reliability'!B:B,"*Cloud Service*",'Collection Reliability'!E:E)
A27: 3. GAP SUMMARY BY PRIORITY
A29: Priority | B29: Open | C29: In Progress | D29: Resolved | E29: Overdue
A30: Critical | B30: =COUNTIFS('Gap Analysis & Remediation'!E:E,"Critical",'Gap Analysis & Remediation'!K:K,"Open") | C30: =COUNTIFS('Gap Analysis & Remediation'!E:E,"Critical",'Gap Analysis & Remediation'!K:K,"In Progress") | D30: =COUNTIFS('Gap Analysis & Remediation'!E:E,"Critical",'Gap Analysis & Remediation'!K:K,"Resolved") | E30: =SUMPRODUCT(('Gap Analysis & Remediation'!E:E="Critical")*(('Gap Analysis & Remediation'!K:K="Open")+('Gap Analysis & Remediation'!K:K="In Progress"))*('Gap Analysis & Remediation'!J:J<TODAY())*('Gap Analysis & Remediation'!J:J<>""))
A31: High | B31: =COUNTIFS('Gap Analysis & Remediation'!E:E,"High",'Gap Analysis & Remediation'!K:K,"Open") | C31: =COUNTIFS('Gap Analysis & Remediation'!E:E,"High",'Gap Analysis & Remediation'!K:K,"In Progress") | D31: =COUNTIFS('Gap Analysis & Remediation'!E:E,"High",'Gap Analysis & Remediation'!K:K,"Resolved") | E31: =SUMPRODUCT(('Gap Analysis & Remediation'!E:E="High")*(('Gap Analysis & Remediation'!K:K="Open")+('Gap Analysis & Remediation'!K:K="In Progress"))*('Gap Analysis & Remediation'!J:J<TODAY())*('Gap Analysis & Remediation'!J:J<>""))
A32: Medium | B32: =COUNTIFS('Gap Analysis & Remediation'!E:E,"Medium",'Gap Analysis & Remediation'!K:K,"Open") | C32: =COUNTIFS('Gap Analysis & Remediation'!E:E,"Medium",'Gap Analysis & Remediation'!K:K,"In Progress") | D32: =COUNTIFS('Gap Analysis & Remediation'!E:E,"Medium",'Gap Analysis & Remediation'!K:K,"Resolved") | E32: =SUMPRODUCT(('Gap Analysis & Remediation'!E:E="Medium")*(('Gap Analysis & Remediation'!K:K="Open")+('Gap Analysis & Remediation'!K:K="In Progress"))*('Gap Analysis & Remediation'!J:J<TODAY())*('Gap Analysis & Remediation'!J:J<>""))
A33: Low | B33: =COUNTIFS('Gap Analysis & Remediation'!E:E,"Low",'Gap Analysis & Remediation'!K:K,"Open") | C33: =COUNTIFS('Gap Analysis & Remediation'!E:E,"Low",'Gap Analysis & Remediation'!K:K,"In Progress") | D33: =COUNTIFS('Gap Analysis & Remediation'!E:E,"Low",'Gap Analysis & Remediation'!K:K,"Resolved") | E33: =SUMPRODUCT(('Gap Analysis & Remediation'!E:E="Low")*(('Gap Analysis & Remediation'!K:K="Open")+('Gap Analysis & Remediation'!K:K="In Progress"))*('Gap Analysis & Remediation'!J:J<TODAY())*('Gap Analysis & Remediation'!J:J<>""))
A36: 4. RECOMMENDATIONS
A38: 1. If avg collection rate <98%: Investigate and resolve collection gaps
A39: 2. If storage >70%: Plan storage expansion within 90 days
A40: 3. If parse success rate <95%: Tune parsers for improved field extraction
A41: 4. If SIEM uptime <99.9%: Implement redundancy/high availability
A42: 5. If critical gaps exist: Prioritize remediation within 30 days
A43: 6. Review forwarder versions: Ensure all forwarders are up-to-date
A44: 7. Implement automated monitoring: Set up alerts for collection failures
A45: 8. Document runbooks: Create procedures for common issues

Sheet Approval & Sign-Off
A1: APPROVAL & SIGN-OFF
A2: Multi-level approval workflow for Log Collection & Centralization Assessment
A4: APPROVAL WORKFLOW
A6: Role | B6: Name | C6: Date | D6: Signature | E6: Status
A7: Log Administrator | B7: [Name] | D7: _____ | E7: ☐ Reviewed
A8: SOC Lead | B8: [Name] | D8: _____ | E8: ☐ Reviewed
A9: IT Operations Manager | B9: [Name] | D9: _____ | E9: ☐ Reviewed
A10: Information Security Manager | B10: [Name] | D10: _____ | E10: ☐ Approved
A13: ACKNOWLEDGMENTS CHECKLIST
A15: ☐ SIEM platform architecture documented
A16: ☐ Log forwarders inventoried
A17: ☐ Collection reliability assessed
A18: ☐ Performance metrics tracked
A19: ☐ Storage capacity reviewed
A20: ☐ Parsing accuracy assessed
A21: ☐ Data quality evaluated
A22: ☐ Gaps identified and prioritized
A23: ☐ Remediation plan established
A24: ☐ Next review scheduled
