Workbook

Sheet Instructions & Legend
A1: ISMS-IMP-A.8.11.3 - Environment Coverage Assessment ISO/IEC 27001:2022 - Control A.8.11: Data Masking
A3: Document Information
A4: Document ID | B4: ISMS-IMP-A.8.11.3
A5: Assessment Area | B5: Environment Coverage Assessment
A6: Related Policy | B6: ISMS-POL-A.8.11
A7: Version | B7: 1.0
A8: Assessment Date
A9: Completed By
A10: Organisation
A11: Review Cycle | B11: Quarterly
A13: Instructions
A14: 1. Complete each worksheet tab in sequence (Environment Inventory → Production → Non-Production → etc.)
A15: 2. Fill ALL yellow-highlighted cells with your organisation's specific information
A16: 3. Use dropdown menus where provided (do not type free-form text in dropdown cells)
A17: 4. Document ALL environments in your organisation (include cloud, on-premises, hybrid)
A18: 5. For each environment, specify masking requirement (Mandatory/Conditional/Not Required) per policy S2.3
A19: 6. Verify masking deployment status (Yes/No/Partial/Planned)
A20: 7. Calculate coverage percentage (% of sensitive fields masked)
A21: 8. Link all assessments to Evidence Register with unique Evidence IDs
A22: 9. Complete Gap Analysis sheet to identify remediation needs
A23: 10. Review Summary Dashboard for executive-level compliance status
A25: Status Legend
A26: Symbol | B26: Status | C26: Description
A27: ✅ | B27: Compliant | C27: Masking deployed as required — fully compliant
A28: ⚠ | B28: Partial | C28: Some masking gaps identified — partially compliant
A29: ❌ | B29: Non-Compliant | C29: Masking required but not deployed — remediation needed
A30: — | B30: N/A | C30: Not applicable to this organisation
A32: ACCEPTABLE EVIDENCE (examples)
A33: ✓ Environment inventory reports and architecture diagrams
A34: ✓ Data masking configuration screenshots
A35: ✓ Masking tool deployment evidence and audit logs
A36: ✓ Data flow diagrams with masking checkpoints
A37: ✓ Non-production data refresh procedures with masking steps
A38: ✓ Coverage assessment reports and gap analysis
A39: ✓ Exception approvals with business justification
A40: ✓ Vendor/DPA documentation specifying masking requirements
A41: ✓ Cloud provider security assessment results
A42: ✓ Backup encryption and access control documentation
A43: ✓ Compliance audit reports and remediation evidence
A44: ✓ Change management records for masking deployments

Sheet Environment Inventory
A1: ENVIRONMENT INVENTORY
A2: Policy Reference: All information processing environments must be cataloged and classified for masking applicability (ISMS-POL-A.8.11-S2.3 Section 2)
A3: Does your organisation maintain a complete inventory of ALL environments where data is processed, stored, or transmitted?
A6: Environment Name | B6: Environment Type | C6: Classification | D6: Hosting Location | E6: Data Sensitivity | F6: Masking Required? | G6: Masking Deployed? | H6: Masking Technique | I6: Masking Tool/Solution | J6: Coverage % | K6: Last Verified Date | L6: Environment Owner | M6: Data Owner | N6: Exception Approved? | O6: Compliance Status | P6: Notes/Comments | Q6: Evidence ID
A7: ENV-001 | B7: Production | C7: Confidential | D7: AWS EU-West-1 | E7: High | F7: Yes | G7: Yes | H7: DDM (Dynamic) | I7: Role-based masking for CSRs | J7: Data Engineering | K7: 15.01.2026 | L7: Q1 2026 | M7: EV-001 | N7: N/A | O7: ✅ Compliant | P7: Production DDM deployed and validated | Q7: John Doe
A60: ENVIRONMENT CHECKLIST
A61: ☐ | B61: All production environments documented
A62: ☐ | B62: All non-production environments documented (Dev/Test/UAT/Sandbox)
A63: ☐ | B63: All analytics/reporting environments documented
A64: ☐ | B64: All cloud environments documented (AWS/Azure/GCP/Other)
A65: ☐ | B65: All backup/archive systems documented
A66: ☐ | B66: External data sharing destinations documented
A67: ☐ | B67: Each environment classified (Sensitive/Confidential/Internal/Public)
A68: ☐ | B68: Data sensitivity level assigned per environment
A69: ☐ | B69: Masking requirement determined (Mandatory/Conditional/Not Required)
A70: ☐ | B70: Environment owners assigned
A71: ☐ | B71: Data owners assigned
A72: ☐ | B72: Hosting location documented (On-Prem/Cloud)
... A75: ☐ | B75: Decommissioned environments removed from inventory

Sheet Production Environment
A1: PRODUCTION ENVIRONMENT ASSESSMENT
A2: Policy Reference: Production environments may use Dynamic Data Masking (DDM) for role-based access. All access to unmasked data must be logged. (ISMS-POL-A.8.11-S2.3 Section 3.1)
A3: Does your organisation implement role-based masking (DDM) in production environments to restrict access to sensitive data?
A6: Environment Name | B6: Environment Type | C6: Classification | D6: Hosting Location | E6: Data Sensitivity | F6: Masking Required? | G6: Masking Deployed? | H6: Masking Technique | I6: Masking Tool/Solution | J6: Coverage % | K6: Last Verified Date | L6: Environment Owner | M6: Data Owner | N6: Exception Approved? | O6: Compliance Status | P6: Notes/Comments | Q6: Evidence ID | R6: User Role/Group | S6: Masked Fields | T6: Unmasked Access Logged? | U6: Access Control Method | V6: Exception Justification | W6: Risk Level | X6: Remediation Target Date
A7: ENV-001 | B7: Production | C7: Confidential | D7: AWS EU-West-1 | E7: High | F7: Yes | G7: Yes | H7: DDM (Dynamic) | I7: Role-based masking for CSRs | J7: Data Engineering | K7: 15.01.2026 | L7: Q1 2026 | M7: EV-001 | N7: N/A | O7: ✅ Compliant | P7: Production DDM deployed and validated | Q7: John Doe
A60: PRODUCTION CHECKLIST
A61: ☐ | B61: DDM implemented for role-based access in production
A62: ☐ | B62: Customer service representatives see masked customer data
A63: ☐ | B63: Production reports mask data for non-privileged users
A64: ☐ | B64: Audit logs containing sensitive data are masked/encrypted
A65: ☐ | B65: Application outputs (invoices, statements) use partial redaction
A66: ☐ | B66: Production data exports are masked before release
A67: ☐ | B67: All access to unmasked production data is logged
A68: ☐ | B68: Access logs reviewed monthly for anomalies
A69: ☐ | B69: Privileged user access to unmasked data requires justification
A70: ☐ | B70: Masking exceptions documented with business justification
A71: ☐ | B71: Exception approvals obtained from Data Owner and ISO
A72: ☐ | B72: Exceptions reviewed quarterly
... A78: ☐ | B78: Regulatory reporting requirements accommodate masking

Sheet NonProduction Environments
A1: NON-PRODUCTION ENVIRONMENTS ASSESSMENT
A2: Policy Reference: ALL sensitive data SHALL be masked before deployment to non-production. NO production data SHALL be copied without masking. (ISMS-POL-A.8.11-S2.3 Section 3.2)
A3: Are ALL non-production environments (Dev/Test/UAT/Training/Sandbox/Staging) masked before receiving production data?
A6: Environment Name | B6: Environment Type | C6: Classification | D6: Hosting Location | E6: Data Sensitivity | F6: Masking Required? | G6: Masking Deployed? | H6: Masking Technique | I6: Masking Tool/Solution | J6: Coverage % | K6: Last Verified Date | L6: Environment Owner | M6: Data Owner | N6: Exception Approved? | O6: Compliance Status | P6: Notes/Comments | Q6: Evidence ID | R6: Data Refresh Frequency | S6: Masking Applied During Refresh? | T6: Direct Prod Clone Prevented? | U6: Masking Validation Method | V6: Last Data Refresh Date | W6: Next Planned Refresh | X6: Refresh Process Owner
A7: ENV-001 | B7: Production | C7: Confidential | D7: AWS EU-West-1 | E7: High | F7: Yes | G7: Yes | H7: DDM (Dynamic) | I7: Role-based masking for CSRs | J7: Data Engineering | K7: 15.01.2026 | L7: Q1 2026 | M7: EV-001 | N7: N/A | O7: ✅ Compliant | P7: Production DDM deployed and validated | Q7: John Doe
A60: NON-PRODUCTION CHECKLIST
A61: ☐ | B61: Development environments masked
A62: ☐ | B62: Testing/QA environments masked
A63: ☐ | B63: UAT environments masked
A64: ☐ | B64: Training environments masked
A65: ☐ | B65: Sandbox environments masked
A66: ☐ | B66: Staging environments masked (unless prod-identical required)
A67: ☐ | B67: Static Data Masking (SDM) applied during data refresh
A68: ☐ | B68: Masking applied BEFORE data deployment (not 'later')
A69: ☐ | B69: Direct production database cloning prevented
A70: ☐ | B70: Automated masking integrated into data refresh pipeline
A71: ☐ | B71: Manual data copies prohibited without masking
A72: ☐ | B72: Developer NDA reliance eliminated (NDAs not technical controls)
... A80: ☐ | B80: Non-compliance escalated to CISO

Sheet Analytics & Reporting
A1: ANALYTICS & REPORTING ENVIRONMENTS ASSESSMENT
A2: Policy Reference: Individual-level PII SHALL be masked or aggregated. Synthetic data SHALL be used for ML/AI training. Re-identification risk SHALL be assessed. (ISMS-POL-A.8.11-S2.3 Section 3.3)
A3: Are analytics, BI, data warehouse, and ML/AI environments masked to prevent individual-level data exposure?
A6: Environment Name | B6: Environment Type | C6: Classification | D6: Hosting Location | E6: Data Sensitivity | F6: Masking Required? | G6: Masking Deployed? | H6: Masking Technique | I6: Masking Tool/Solution | J6: Coverage % | K6: Last Verified Date | L6: Environment Owner | M6: Data Owner | N6: Exception Approved? | O6: Compliance Status | P6: Notes/Comments | Q6: Evidence ID | R6: Analytics Platform Type | S6: Aggregation Level | T6: Re-ID Risk Assessed? | U6: Re-ID Risk Level | V6: Synthetic Data Used? | W6: Data Export Controls | X6: Self-Service BI Masking
A7: ENV-001 | B7: Production | C7: Confidential | D7: AWS EU-West-1 | E7: High | F7: Yes | G7: Yes | H7: DDM (Dynamic) | I7: Role-based masking for CSRs | J7: Data Engineering | K7: 15.01.2026 | L7: Q1 2026 | M7: EV-001 | N7: N/A | O7: ✅ Compliant | P7: Production DDM deployed and validated | Q7: John Doe
A60: ANALYTICS CHECKLIST
A61: ☐ | B61: BI tool exports contain masked data
A62: ☐ | B62: Data warehouse ETL includes masking steps
A63: ☐ | B63: Individual-level reports use masked data
A64: ☐ | B64: Aggregated reports assessed for re-identification risk
A65: ☐ | B65: ML/AI training datasets use synthetic or masked data
A66: ☐ | B66: PII removed or anonymised in training data
A67: ☐ | B67: Ad-hoc query exports masked
A68: ☐ | B68: Self-service BI tools enforce masking rules
A69: ☐ | B69: CSV/Excel exports contain masked data
A70: ☐ | B70: Analytics platform integrates masking at data ingestion
A71: ☐ | B71: Data minimisation applied (only export necessary fields)
A72: ☐ | B72: Re-identification risk assessed before data release
... A75: ☐ | B75: Analytics environment access logged

Sheet Backup & Archive
A1: BACKUP & ARCHIVE ENVIRONMENTS ASSESSMENT
A2: Policy Reference: Production backups may contain unmasked data if encrypted. Non-production backups SHALL contain only masked data. (ISMS-POL-A.8.11-S2.3 Section 3.4)
A3: Are backup and archive environments encrypted and access-controlled? Are non-production backups masked?
A6: Environment Name | B6: Environment Type | C6: Classification | D6: Hosting Location | E6: Data Sensitivity | F6: Masking Required? | G6: Masking Deployed? | H6: Masking Technique | I6: Masking Tool/Solution | J6: Coverage % | K6: Last Verified Date | L6: Environment Owner | M6: Data Owner | N6: Exception Approved? | O6: Compliance Status | P6: Notes/Comments | Q6: Evidence ID | R6: Backup Type | S6: Encryption Enabled? | T6: Encryption Method | U6: Access Control | V6: Restoration Process | W6: Masking on Restore? | X6: Backup Retention Period
A7: ENV-001 | B7: Production | C7: Confidential | D7: AWS EU-West-1 | E7: High | F7: Yes | G7: Yes | H7: DDM (Dynamic) | I7: Role-based masking for CSRs | J7: Data Engineering | K7: 15.01.2026 | L7: Q1 2026 | M7: EV-001 | N7: N/A | O7: ✅ Compliant | P7: Production DDM deployed and validated | Q7: John Doe
A60: BACKUP CHECKLIST
A61: ☐ | B61: Production backups encrypted at rest
A62: ☐ | B62: Backup encryption uses strong algorithms (AES-256)
A63: ☐ | B63: Backup access restricted to authorised administrators only
A64: ☐ | B64: All backup access logged
A65: ☐ | B65: Non-production backups contain only masked data
A66: ☐ | B66: Backup restoration to non-prod triggers masking process
A67: ☐ | B67: Archive data assessed for masking feasibility
A68: ☐ | B68: If masking compromises compliance, encryption used instead
A69: ☐ | B69: Archive access strictly controlled
A70: ☐ | B70: Backup media stored securely (encrypted, access-controlled)
A71: ☐ | B71: Backup retention policy documented
A72: ☐ | B72: Backup testing includes masking validation

Sheet External Sharing
A1: EXTERNAL DATA SHARING ASSESSMENT
A2: Policy Reference: ALL data shared externally SHALL be masked unless contractually required. Data Processing Agreements SHALL specify masking. (ISMS-POL-A.8.11-S2.3 Section 3.5)
A3: Is data shared with vendors, partners, auditors, or customers masked unless contractually required to be unmasked?
A6: Environment Name | B6: Environment Type | C6: Classification | D6: Hosting Location | E6: Data Sensitivity | F6: Masking Required? | G6: Masking Deployed? | H6: Masking Technique | I6: Masking Tool/Solution | J6: Coverage % | K6: Last Verified Date | L6: Environment Owner | M6: Data Owner | N6: Exception Approved? | O6: Compliance Status | P6: Notes/Comments | Q6: Evidence ID | R6: Recipient Type | S6: Data Sharing Purpose | T6: DPA in Place? | U6: DPA Specifies Masking? | V6: Contractual Exception? | W6: Recipient Security Audit Date | X6: Data Minimization Applied?
A7: ENV-001 | B7: Production | C7: Confidential | D7: AWS EU-West-1 | E7: High | F7: Yes | G7: Yes | H7: DDM (Dynamic) | I7: Role-based masking for CSRs | J7: Data Engineering | K7: 15.01.2026 | L7: Q1 2026 | M7: EV-001 | N7: N/A | O7: ✅ Compliant | P7: Production DDM deployed and validated | Q7: John Doe
A60: EXTERNAL CHECKLIST
A61: ☐ | B61: Vendor data shares masked unless contractually required
A62: ☐ | B62: Data Processing Agreements (DPAs) in place
A63: ☐ | B63: DPAs specify masking requirements
A64: ☐ | B64: Vendor access to unmasked data logged and monitored
A65: ☐ | B65: Vendor environments audited for security controls
A66: ☐ | B66: Customer exports appropriately masked (not their own data)
A67: ☐ | B67: Auditor data samples masked where possible
A68: ☐ | B68: Auditors sign confidentiality agreements
A69: ☐ | B69: Partner data sharing follows minimum necessary principle
A70: ☐ | B70: Data minimisation applied (only share necessary fields)
A71: ☐ | B71: External sharing inventory maintained
A72: ☐ | B72: Re-identification risk assessed before external release
... A75: ☐ | B75: Data deletion verified after contract termination

Sheet Cloud Environments
A1: CLOUD ENVIRONMENTS ASSESSMENT
A2: Policy Reference: Cloud environments SHALL follow same masking requirements as on-premises. Cloud-hosted non-prod SHALL be masked. (ISMS-POL-A.8.11-S2.3 Section 2.6)
A3: Are cloud-hosted environments (AWS/Azure/GCP/Other) masked according to the same requirements as on-premises environments?
A6: Environment Name | B6: Environment Type | C6: Classification | D6: Hosting Location | E6: Data Sensitivity | F6: Masking Required? | G6: Masking Deployed? | H6: Masking Technique | I6: Masking Tool/Solution | J6: Coverage % | K6: Last Verified Date | L6: Environment Owner | M6: Data Owner | N6: Exception Approved? | O6: Compliance Status | P6: Notes/Comments | Q6: Evidence ID | R6: Cloud Provider | S6: Cloud Service Type | T6: Region/Geography | U6: Client-Side Masking? | V6: Cloud-Native Masking Tool | W6: Multi-Tenancy Concerns? | X6: Data Residency Compliance
A7: ENV-001 | B7: Production | C7: Confidential | D7: AWS EU-West-1 | E7: High | F7: Yes | G7: Yes | H7: DDM (Dynamic) | I7: Role-based masking for CSRs | J7: Data Engineering | K7: 15.01.2026 | L7: Q1 2026 | M7: EV-001 | N7: N/A | O7: ✅ Compliant | P7: Production DDM deployed and validated | Q7: John Doe
A60: CLOUD CHECKLIST
A61: ☐ | B61: Cloud environments classified correctly (Prod/Non-Prod/Analytics)
A62: ☐ | B62: Cloud-hosted production follows production masking rules
A63: ☐ | B63: Cloud-hosted non-prod follows non-prod masking rules (mandatory)
A64: ☐ | B64: Cloud analytics follows analytics masking rules
A65: ☐ | B65: Client-side masking applied before cloud upload (where applicable)
A66: ☐ | B66: Cloud provider security controls reviewed
A67: ☐ | B67: Cloud provider SLAs reviewed for data protection
A68: ☐ | B68: Multi-tenancy risks assessed and mitigated
A69: ☐ | B69: Data residency requirements met
A70: ☐ | B70: Cloud encryption enabled (at rest and in transit)
A71: ☐ | B71: Cloud access controls configured (IAM, RBAC)
A72: ☐ | B72: Cloud environment masking tested and validated

Sheet Data Flow Mapping
A1: DATA FLOW MAPPING & MASKING CHECKPOINTS
A2: Policy Reference: Data flows SHALL be documented with masking checkpoints identified at each environment boundary. (ISMS-POL-A.8.11-S2.3 Section 3)
A3: Are data flows documented with masking checkpoints identified at each environment boundary?
A6: Data Flow Name | B6: Source Environment | C6: Destination Environment | D6: Data Type | E6: Masking Checkpoint? | F6: Masking Technique | G6: Flow Frequency | H6: Automated Masking? | I6: Masking Tool/Script | J6: Masking Validation | K6: Last Flow Date | L6: Flow Owner | M6: Approval Required? | N6: Approval Status | O6: Compliance Status | P6: Risk Level | Q6: Notes/Comments | R6: Evidence ID
A7: ENV-001 | B7: Production | C7: Confidential | D7: AWS EU-West-1 | E7: High | F7: Yes | G7: Yes | H7: DDM (Dynamic) | I7: Role-based masking for CSRs | J7: Data Engineering | K7: 15.01.2026 | L7: Q1 2026 | M7: EV-001 | N7: N/A | O7: ✅ Compliant | P7: Production DDM deployed and validated | Q7: John Doe
A60: DATA CHECKLIST
A61: ☐ | B61: All production → non-production flows documented
A62: ☐ | B62: Masking checkpoints identified at environment boundaries
A63: ☐ | B63: Data refresh processes documented
A64: ☐ | B64: Automated masking integrated into data pipelines
A65: ☐ | B65: Manual data transfers prohibited or strictly controlled
A66: ☐ | B66: End-to-end masking verified for each flow
A67: ☐ | B67: Data flow inventory reviewed quarterly
A68: ☐ | B68: New data flows assessed for masking requirements
A69: ☐ | B69: Data flow exceptions approved by ISO
A70: ☐ | B70: High-risk flows (unmasked external sharing) escalated

Sheet Gap Analysis
A1: GAP ANALYSIS & REMEDIATION PLAN
A2: All coverage gaps must be identified, risk-assessed, and remediated per organisational risk tolerance
A3: Gap ID | B3: Environment/System | C3: Gap Description | D3: Current State | E3: Target State | F3: Risk Level | G3: Impact | H3: Remediation Action | I3: Owner | J3: Target Date | K3: Status | L3: Evidence ID
A4: GAP-001 | B4: Test Environment - App Server 03 | C4: Production data cloned directly to test without masking | D4: Real customer emails visible in test database | E4: All PII masked before deployment to test | F4: High | G4: Data breach risk if test environment compromised; GDPR/FADP violation | H4: Implement SDM in data refresh pipeline; automate masking before test deployment | I4: Data Engineering | J4: 31.03.2026 | K4: In Progress | L4: EV-001

Sheet Evidence Register
A1: EVIDENCE REGISTER
A2: List all evidence files/documents referenced in this assessment (audit traceability).
A4: Evidence ID | B4: Category | C4: Description | D4: Source/Location | E4: Date Collected | F4: Collected By | G4: Status | H4: Notes
A5: EV-001 | B5: Architecture diagram | C5: Environment separation diagram showing dev/test/prod isolation | D5: /evidence/environment-architecture-diagram.pdf | E5: 15.01.2026 | F5: Security Team | G5: Verified | H5: Annual architecture review Q1 2026

Sheet Summary Dashboard
A1: Environment Coverage Assessment — SUMMARY DASHBOARD
A2: Summary Dashboard | Environment Coverage Assessment | Generated: 01.03.2026
A4: TABLE 1 – COMPLIANCE ASSESSMENT SUMMARY
A5: Assessment Area | B5: Total Items | C5: Compliant | D5: Partial | E5: Non-Compliant | F5: N/A | G5: Compliance %
A6: Environment Inventory | B6: =C6+D6+E6+F6 | C6: =COUNTIF('Environment Inventory'!O8:O100,"✅ Compliant") | D6: =COUNTIF('Environment Inventory'!O8:O100,"⚠️ Partial") | E6: =COUNTIF('Environment Inventory'!O8:O100,"❌ Non-Compliant") | F6: =COUNTIF('Environment Inventory'!O8:O100,"N/A") | G6: =IF((B6-F6)=0,0,C6/(B6-F6))
A7: Production Environment | B7: =C7+D7+E7+F7 | C7: =COUNTIF('Production Environment'!O8:O100,"✅ Compliant") | D7: =COUNTIF('Production Environment'!O8:O100,"⚠️ Partial") | E7: =COUNTIF('Production Environment'!O8:O100,"❌ Non-Compliant") | F7: =COUNTIF('Production Environment'!O8:O100,"N/A") | G7: =IF((B7-F7)=0,0,C7/(B7-F7))
A8: Non-Production Environments | B8: =C8+D8+E8+F8 | C8: =COUNTIF('NonProduction Environments'!O8:O100,"✅ Compliant") | D8: =COUNTIF('NonProduction Environments'!O8:O100,"⚠️ Partial") | E8: =COUNTIF('NonProduction Environments'!O8:O100,"❌ Non-Compliant") | F8: =COUNTIF('NonProduction Environments'!O8:O100,"N/A") | G8: =IF((B8-F8)=0,0,C8/(B8-F8))
A9: Analytics & Reporting | B9: =C9+D9+E9+F9 | C9: =COUNTIF('Analytics & Reporting'!O8:O100,"✅ Compliant") | D9: =COUNTIF('Analytics & Reporting'!O8:O100,"⚠️ Partial") | E9: =COUNTIF('Analytics & Reporting'!O8:O100,"❌ Non-Compliant") | F9: =COUNTIF('Analytics & Reporting'!O8:O100,"N/A") | G9: =IF((B9-F9)=0,0,C9/(B9-F9))
A10: Backup & Archive | B10: =C10+D10+E10+F10 | C10: =COUNTIF('Backup & Archive'!O8:O100,"✅ Compliant") | D10: =COUNTIF('Backup & Archive'!O8:O100,"⚠️ Partial") | E10: =COUNTIF('Backup & Archive'!O8:O100,"❌ Non-Compliant") | F10: =COUNTIF('Backup & Archive'!O8:O100,"N/A") | G10: =IF((B10-F10)=0,0,C10/(B10-F10))
A11: External Sharing | B11: =C11+D11+E11+F11 | C11: =COUNTIF('External Sharing'!O8:O100,"✅ Compliant") | D11: =COUNTIF('External Sharing'!O8:O100,"⚠️ Partial") | E11: =COUNTIF('External Sharing'!O8:O100,"❌ Non-Compliant") | F11: =COUNTIF('External Sharing'!O8:O100,"N/A") | G11: =IF((B11-F11)=0,0,C11/(B11-F11))
A12: Cloud Environments | B12: =C12+D12+E12+F12 | C12: =COUNTIF('Cloud Environments'!O8:O100,"✅ Compliant") | D12: =COUNTIF('Cloud Environments'!O8:O100,"⚠️ Partial") | E12: =COUNTIF('Cloud Environments'!O8:O100,"❌ Non-Compliant") | F12: =COUNTIF('Cloud Environments'!O8:O100,"N/A") | G12: =IF((B12-F12)=0,0,C12/(B12-F12))
A13: Gap Analysis | B13: =C13+D13+E13+F13 | C13: =COUNTIF('Gap Analysis'!K5:K100,"Completed") | D13: =COUNTIF('Gap Analysis'!K5:K100,"In Progress") | E13: =COUNTIF('Gap Analysis'!K5:K100,"Not Started")+COUNTIF('Gap Analysis'!K5:K100,"Blocked") | F13: =0 | G13: =IF((B13-F13)=0,0,C13/(B13-F13))
A14: TOTAL | B14: =SUM(B6:B13) | C14: =SUM(C6:C13) | D14: =SUM(D6:D13) | E14: =SUM(E6:E13) | F14: =SUM(F6:F13) | G14: =IF((B14-F14)=0,0,C14/(B14-F14))
A16: TABLE 2 – KEY METRICS
A17: Metric | B17: Value | C17: Target
A18: Non-Production Masking Coverage (%) | B18: =IF(COUNTA('NonProduction Environments'!O8:O100)=0,"N/A",TEXT(COUNTIF('NonProduction Environments'!O8:O100,"✅ Compliant")/COUNTA('NonProduction Environments'!O8:O100),"0.0%")) | C18: 100%
A19: Production DDM Coverage (%) | B19: =IF(COUNTA('Production Environment'!O8:O100)=0,"N/A",TEXT(COUNTIF('Production Environment'!O8:O100,"✅ Compliant")/COUNTA('Production Environment'!O8:O100),"0.0%")) | C19: >=90%
A20: Analytics Masking Coverage (%) | B20: =IF(COUNTA('Analytics & Reporting'!O8:O100)=0,"N/A",TEXT(COUNTIF('Analytics & Reporting'!O8:O100,"✅ Compliant")/COUNTA('Analytics & Reporting'!O8:O100),"0.0%")) | C20: 100%
A21: External Sharing Masking Coverage (%) | B21: =IF(COUNTA('External Sharing'!O8:O100)=0,"N/A",TEXT(COUNTIF('External Sharing'!O8:O100,"✅ Compliant")/COUNTA('External Sharing'!O8:O100),"0.0%")) | C21: 100%
A22: Open Critical Gaps (Count) | B22: =COUNTIF('Gap Analysis'!K5:K100,"Not Started")+COUNTIF('Gap Analysis'!K5:K100,"Blocked") | C22: 0
A23: Cloud Environment Compliance (%) | B23: =IF(COUNTA('Cloud Environments'!O8:O100)=0,"N/A",TEXT(COUNTIF('Cloud Environments'!O8:O100,"✅ Compliant")/COUNTA('Cloud Environments'!O8:O100),"0.0%")) | C23: 100%
A25: TABLE 3 – KEY FINDINGS & RECOMMENDATIONS
A26: # | B26: Finding | C26: Impact | D26: Recommendation | E26: Priority | F26: Status | G26: Notes
A27: 1 | B27: Non-production environments not consistently masked before data refresh | C27: Critical — GDPR/FADP violation if production data visible in test/UAT | D27: Integrate Static Data Masking (SDM) into all data refresh pipelines; enforce before environment provisioning | E27: P1 | F27: Open
A28: 2 | B28: Production DDM not fully deployed for all customer-facing roles | C28: High — CSRs and support staff may view unmasked sensitive data | D28: Deploy DDM rules for all non-privileged roles; log all access to unmasked data | E28: P1 | F28: In Progress
A29: 3 | B29: External data sharing lacking DPA masking clauses for some vendors | C29: High — contractual gap means vendors may retain unmasked sensitive data | D29: Audit all DPAs; amend to include explicit masking requirements; verify vendor compliance | E29: P2 | F29: Open
A30: 4 | B30: Cloud environments not all mapped to correct masking classification | C30: Medium — cloud non-prod environments may be provisioned with unmasked data | D30: Apply same classification and masking rules to cloud as on-premises; validate quarterly | E30: P2 | F30: Open

Sheet Approval Sign-Off
A1: ASSESSMENT APPROVAL AND SIGN-OFF
A3: ASSESSMENT SUMMARY
A4: Document: | B4: ISMS-IMP-A.8.11.3 - Environment Coverage Assessment
A5: Assessment Period:
A6: Overall Compliance: | B6: =IFERROR(AVERAGE('Summary Dashboard'!G6:G13),"")
A7: Assessment Status:
A10: PREPARED BY (ASSESSOR)
A11: Name:
A12: Title:
A13: Date:
A14: Signature:
A15: Comments:
A17: REVIEWED BY (ISO)
A18: Name:
A19: Title:
A20: Date:
A21: Signature:
... A37: Special Considerations:
