Workbook

Sheet Instructions & Legend
A1: ISMS-IMP-A.8.11.2 - Masking Technique Selection & Requirements ISO/IEC 27001:2022 - Control A.8.11: Data Masking
A3: Document Information
A4: Document ID | B4: ISMS-IMP-A.8.11.2
A5: Assessment Area | B5: Masking Technique Selection
A6: Related Policy | B6: ISMS-POL-A.8.11-S2.2
A7: Version | B7: 1.0
A8: Assessment Date
A9: Completed By
A10: Organisation
A11: Review Cycle | B11: Semi-Annual
A13: Instructions
A14: 1. Review Approved Techniques sheet for organisation-approved masking methods.
A15: 2. Complete Technique Selection Matrix mapping data types to techniques.
A16: 3. Document SDM/DDM implementations in respective sheets.
A17: 4. If using tokenisation/encryption, complete those sheets.
A18: 5. Document tools in Masking Tool Inventory.
A19: 6. Review Configuration Standards for each masking tool.
A20: 7. Identify gaps in Gap Analysis.
A21: 8. Maintain Evidence Register with all supporting documentation.
A22: 9. Obtain approvals via the Approval Sign-Off sheet.
A23: 10. Review Summary Dashboard for consolidated status.
A25: Status Legend
A26: Symbol | B26: Status | C26: Description
A27: ✅ | B27: Compliant | C27: Requirement fully met with evidence
A28: ⚠ | B28: Partial | C28: Partially implemented, gaps identified
A29: ❌ | B29: Non-Compliant | C29: Requirement not met, remediation needed
A30: — | B30: N/A | C30: Not applicable to this organisation
A32: ACCEPTABLE EVIDENCE (examples)
A33: ✓ Masking tool configuration exports
A34: ✓ Data masking rule documentation
A35: ✓ Technique evaluation reports
A36: ✓ Test/validation results for masked data
A37: ✓ Vendor certification documents
A38: ✓ Implementation project artefacts
A39: ✓ Compliance audit reports
A40: ✓ Performance benchmark results
A41: ✓ Key management procedures (tokenisation/encryption)
A42: ✓ Referential integrity test reports

Sheet Approved Techniques
A1: APPROVED MASKING TECHNIQUES
A2: Organisation-approved techniques from ISMS-POL-A.8.11-S2.2
A6: Technique ID | B6: Technique Name | C6: Description | D6: Reversible? | E6: Format-Preserving? | F6: Primary Use Cases | G6: Approved for Use? | H6: Policy Reference | I6: Implementation Status
A7: TECH-SDM | B7: Static Data Masking | C7: Permanent replacement with realistic fictitious data | D7: No | E7: Yes | F7: Non-production environments | H7: ISMS-POL-A.8.11-S2.2 §2.1
A8: TECH-DDM | B8: Dynamic Data Masking | C8: Real-time masking based on user privileges | D8: N/A | E8: Yes | F8: Production role-based access | H8: ISMS-POL-A.8.11-S2.2 §2.2
A9: TECH-RED | B9: Redaction/Nullification | C9: Complete removal or placeholder replacement | D9: No | E9: No | F9: External reports, screenshots | H9: ISMS-POL-A.8.11-S2.2 §2.3
A10: TECH-TOK | B10: Tokenisation | C10: Replacement with tokens, secure vault mapping | D10: Yes | E10: Optional | F10: Payment processing, PCI-DSS | H10: ISMS-POL-A.8.11-S2.2 §2.4
A11: TECH-SUB | B11: Data Substitution | C11: Realistic but entirely fictional data | D11: No | E11: Yes | F11: AI/ML training, analytics | H11: ISMS-POL-A.8.11-S2.2 §2.5
A12: TECH-ENC | B12: Encryption | C12: Cryptographic transformation | D12: Yes | E12: No | F12: Data at rest, backups | H12: ISMS-POL-A.8.11-S2.2 §2.6
A13: TECH-SHF | B13: Data Shuffling | C13: Rearrangement breaking associations | D13: No | E13: Yes | F13: Analytics preserving statistics | H13: ISMS-POL-A.8.11-S2.2 §2.7
A14: TECH-HSH | B14: Hashing | C14: One-way cryptographic hash | D14: No | E14: No | F14: Password storage, matching | H14: ISMS-POL-A.8.11-S2.2 §2.8

Sheet Technique Selection Matrix
A1: TECHNIQUE SELECTION MATRIX
A2: Select appropriate masking techniques for each data category (51 rows: 1 sample + 50 empty)
A6: Data Category | B6: Data Type Example | C6: Sensitivity Level | D6: Primary Technique | E6: Secondary Technique | F6: Format Must Preserve? | G6: Reversibility Required? | H6: Environment(s) | I6: Selection Rationale | J6: Regulatory Driver | K6: Implementation Status | L6: Notes
A7: CAT-PII-D | B7: Email addresses | C7: High | D7: TECH-SDM | E7: TECH-TOK | F7: Yes | G7: No | H7: Test, QA | I7: Email must preserve format for validation testing; static masking sufficient | J7: GDPR Art.4(1), FADP | K7: ✅ Deployed | L7: Validated Q1 2026

Sheet Static Masking SDM
A1: STATIC DATA MASKING (SDM) IMPLEMENTATION
A2: Implementation tracking template (51 rows: 1 sample + 50 empty)
A3: ID | B3: System/Database | C3: Data Category | D3: Technique/Method | E3: Configuration | F3: Automated? | G3: Frequency/Trigger | H3: Last Update | I3: Format Preserved? | J3: Validated? | K3: Performance Impact | L3: Status | M3: Evidence Ref | N3: Responsible | O3: Notes
A4: MASK-001 | B4: Customer CRM Production | C4: CAT-PII-D | D4: Static Data Masking | E4: Deterministic masking using SHA-256 hash with fixed salt | F4: Yes | G4: Weekly refresh | H4: 15.01.2026 | I4: Yes | J4: Yes | K4: <5% | L4: ✅ Deployed | M4: EV-001 | N4: Data Engineering Team | O4: Production masking verified and validated Q1 2026

Sheet Dynamic Masking DDM
A1: DYNAMIC DATA MASKING (DDM) IMPLEMENTATION
A2: Implementation tracking template (51 rows: 1 sample + 50 empty)
A3: ID | B3: System/Database | C3: Data Category | D3: Technique/Method | E3: Configuration | F3: Automated? | G3: Frequency/Trigger | H3: Last Update | I3: Format Preserved? | J3: Validated? | K3: Performance Impact | L3: Status | M3: Evidence Ref | N3: Responsible | O3: Notes
A4: MASK-001 | B4: Customer CRM Production | C4: CAT-PII-D | D4: Static Data Masking | E4: Deterministic masking using SHA-256 hash with fixed salt | F4: Yes | G4: Weekly refresh | H4: 15.01.2026 | I4: Yes | J4: Yes | K4: <5% | L4: ✅ Deployed | M4: EV-001 | N4: Data Engineering Team | O4: Production masking verified and validated Q1 2026

Sheet Tokenisation Implementation
A1: TOKENISATION IMPLEMENTATION
A2: Implementation tracking template (51 rows: 1 sample + 50 empty)
A3: ID | B3: System/Database | C3: Data Category | D3: Technique/Method | E3: Configuration | F3: Automated? | G3: Frequency/Trigger | H3: Last Update | I3: Format Preserved? | J3: Validated? | K3: Performance Impact | L3: Status | M3: Evidence Ref | N3: Responsible | O3: Notes
A4: MASK-001 | B4: Customer CRM Production | C4: CAT-PII-D | D4: Static Data Masking | E4: Deterministic masking using SHA-256 hash with fixed salt | F4: Yes | G4: Weekly refresh | H4: 15.01.2026 | I4: Yes | J4: Yes | K4: <5% | L4: ✅ Deployed | M4: EV-001 | N4: Data Engineering Team | O4: Production masking verified and validated Q1 2026

Sheet Encryption for Masking
A1: ENCRYPTION FOR MASKING
A2: Implementation tracking template (51 rows: 1 sample + 50 empty)
A3: ID | B3: System/Database | C3: Data Category | D3: Technique/Method | E3: Configuration | F3: Automated? | G3: Frequency/Trigger | H3: Last Update | I3: Format Preserved? | J3: Validated? | K3: Performance Impact | L3: Status | M3: Evidence Ref | N3: Responsible | O3: Notes
A4: MASK-001 | B4: Customer CRM Production | C4: CAT-PII-D | D4: Static Data Masking | E4: Deterministic masking using SHA-256 hash with fixed salt | F4: Yes | G4: Weekly refresh | H4: 15.01.2026 | I4: Yes | J4: Yes | K4: <5% | L4: ✅ Deployed | M4: EV-001 | N4: Data Engineering Team | O4: Production masking verified and validated Q1 2026

Sheet Masking Tool Inventory
A1: MASKING TOOL/SOLUTION INVENTORY
A2: Implementation tracking template (51 rows: 1 sample + 50 empty)
A3: ID | B3: System/Database | C3: Data Category | D3: Technique/Method | E3: Configuration | F3: Automated? | G3: Frequency/Trigger | H3: Last Update | I3: Format Preserved? | J3: Validated? | K3: Performance Impact | L3: Status | M3: Evidence Ref | N3: Responsible | O3: Notes
A4: MASK-001 | B4: Customer CRM Production | C4: CAT-PII-D | D4: Static Data Masking | E4: Deterministic masking using SHA-256 hash with fixed salt | F4: Yes | G4: Weekly refresh | H4: 15.01.2026 | I4: Yes | J4: Yes | K4: <5% | L4: ✅ Deployed | M4: EV-001 | N4: Data Engineering Team | O4: Production masking verified and validated Q1 2026

Sheet Configuration Standards
A1: MASKING CONFIGURATION STANDARDS
A2: Implementation tracking template (51 rows: 1 sample + 50 empty)
A3: ID | B3: System/Database | C3: Data Category | D3: Technique/Method | E3: Configuration | F3: Automated? | G3: Frequency/Trigger | H3: Last Update | I3: Format Preserved? | J3: Validated? | K3: Performance Impact | L3: Status | M3: Evidence Ref | N3: Responsible | O3: Notes
A4: MASK-001 | B4: Customer CRM Production | C4: CAT-PII-D | D4: Static Data Masking | E4: Deterministic masking using SHA-256 hash with fixed salt | F4: Yes | G4: Weekly refresh | H4: 15.01.2026 | I4: Yes | J4: Yes | K4: <5% | L4: ✅ Deployed | M4: EV-001 | N4: Data Engineering Team | O4: Production masking verified and validated Q1 2026

Sheet Gap Analysis
A1: MASKING TECHNIQUE IMPLEMENTATION GAP ANALYSIS
A2: Identify gaps in masking technique implementation (51 rows: 1 sample + 50 empty)
A3: Gap ID | B3: Gap Category | C3: Affected System | D3: Gap Description | E3: Risk Level | F3: Impact | G3: Root Cause | H3: Remediation Action | I3: Owner | J3: Target Date | K3: Status | L3: Completion Date | M3: Verification | N3: Notes
A4: GAP-001 | B4: Missing Masking | C4: HR System - Payroll DB | D4: Bank account numbers in payroll tables not masked in test environments | E4: High | F4: Test data contains real employee bank details - GDPR/FADP violation risk | G4: Masking not configured during initial deployment | H4: Implement static masking for bank_account field using format-preserving encryption | I4: Data Engineering Team | J4: 31.03.2026 | K4: In Progress | M4: Evidence pending | N4: Action plan approved by DPO 15.01.2026

Sheet Evidence Register
A1: EVIDENCE REGISTER
A2: List all evidence files/documents referenced in this assessment (audit traceability).
A4: Evidence ID | B4: Category | C4: Description | D4: Source/Location | E4: Date Collected | F4: Collected By | G4: Status | H4: Notes
A5: EV-001 | B5: Configuration file | C5: Data masking configuration for production database | D5: /evidence/masking-config-prod-db.json | E5: 15.01.2026 | F5: Security Team | G5: Verified | H5: Quarterly review completed

Sheet Summary Dashboard
A1: Masking Technique Selection & Requirements — SUMMARY DASHBOARD
A2: Summary Dashboard | Masking Technique Selection | Generated: 07.03.2026
A4: TABLE 1 – COMPLIANCE ASSESSMENT SUMMARY
A5: Assessment Area | B5: Total Items | C5: Compliant | D5: Partial | E5: Non-Compliant | F5: N/A | G5: Compliance %
A6: Approved Techniques | B6: =C6+D6+E6+F6 | C6: =COUNTIF('Approved Techniques'!I7:I100,"✅ Implemented") | D6: =COUNTIF('Approved Techniques'!I7:I100,"⚠️ Partial") | E6: =COUNTIF('Approved Techniques'!I7:I100,"❌ Not Implemented") | F6: =COUNTIF('Approved Techniques'!I7:I100,"N/A")+COUNTIF('Approved Techniques'!I7:I100,"Planned") | G6: =IF((B6-F6)=0,0,C6/(B6-F6))
A7: Technique Selection Matrix | B7: =C7+D7+E7+F7 | C7: =COUNTIF('Technique Selection Matrix'!K8:K100,"✅ Implemented") | D7: =COUNTIF('Technique Selection Matrix'!K8:K100,"⚠️ Partial") | E7: =COUNTIF('Technique Selection Matrix'!K8:K100,"❌ Not Implemented") | F7: =COUNTIF('Technique Selection Matrix'!K8:K100,"N/A")+COUNTIF('Technique Selection Matrix'!K8:K100,"Planned") | G7: =IF((B7-F7)=0,0,C7/(B7-F7))
A8: Static Masking SDM | B8: =C8+D8+E8+F8 | C8: =COUNTIF('Static Masking SDM'!L5:L100,"✅ Implemented") | D8: =COUNTIF('Static Masking SDM'!L5:L100,"⚠️ Partial") | E8: =COUNTIF('Static Masking SDM'!L5:L100,"❌ Not Implemented") | F8: =COUNTIF('Static Masking SDM'!L5:L100,"N/A")+COUNTIF('Static Masking SDM'!L5:L100,"Planned") | G8: =IF((B8-F8)=0,0,C8/(B8-F8))
A9: Dynamic Masking DDM | B9: =C9+D9+E9+F9 | C9: =COUNTIF('Dynamic Masking DDM'!L5:L100,"✅ Implemented") | D9: =COUNTIF('Dynamic Masking DDM'!L5:L100,"⚠️ Partial") | E9: =COUNTIF('Dynamic Masking DDM'!L5:L100,"❌ Not Implemented") | F9: =COUNTIF('Dynamic Masking DDM'!L5:L100,"N/A")+COUNTIF('Dynamic Masking DDM'!L5:L100,"Planned") | G9: =IF((B9-F9)=0,0,C9/(B9-F9))
A10: Tokenisation / Encryption | B10: =C10+D10+E10+F10 | C10: =COUNTIF('Tokenisation Implementation'!L5:L100,"✅ Implemented")+COUNTIF('Encryption for Masking'!L5:L100,"✅ Implemented") | D10: =COUNTIF('Tokenisation Implementation'!L5:L100,"⚠️ Partial")+COUNTIF('Encryption for Masking'!L5:L100,"⚠️ Partial") | E10: =COUNTIF('Tokenisation Implementation'!L5:L100,"❌ Not Implemented")+COUNTIF('Encryption for Masking'!L5:L100,"❌ Not Implemented") | F10: =COUNTIF('Tokenisation Implementation'!L5:L100,"N/A")+COUNTIF('Encryption for Masking'!L5:L100,"N/A") | G10: =IF((B10-F10)=0,0,C10/(B10-F10))
A11: Gap Analysis | B11: =C11+D11+E11+F11 | C11: =COUNTIF('Gap Analysis'!K5:K100,"Complete")+COUNTIF('Gap Analysis'!K5:K100,"Accepted Risk") | D11: =COUNTIF('Gap Analysis'!K5:K100,"In Progress") | E11: =COUNTIF('Gap Analysis'!K5:K100,"Open") | F11: =0 | G11: =IF((B11-F11)=0,0,C11/(B11-F11))
A12: TOTAL | B12: =SUM(B6:B11) | C12: =SUM(C6:C11) | D12: =SUM(D6:D11) | E12: =SUM(E6:E11) | F12: =SUM(F6:F11) | G12: =IF((B12-F12)=0,0,C12/(B12-F12))
A14: TABLE 2 – KEY METRICS
A15: Metric | B15: Value | C15: Target
A16: Approved Techniques Implemented (%) | B16: =IF(COUNTA('Approved Techniques'!I7:I100)=0,"N/A",TEXT(COUNTIF('Approved Techniques'!I7:I100,"✅ Implemented")/COUNTA('Approved Techniques'!I7:I100),"0.0%")) | C16: 100%
A17: Selection Matrix Entries Completed (%) | B17: =IF(COUNTA('Technique Selection Matrix'!A8:A100)=0,"N/A",TEXT(COUNTIF('Technique Selection Matrix'!K8:K100,"✅ Implemented")/COUNTA('Technique Selection Matrix'!A8:A100),"0.0%")) | C17: 100%
A18: Static Masking (SDM) Deployed (%) | B18: =IF(COUNTA('Static Masking SDM'!A5:A100)=0,"N/A",TEXT(COUNTIF('Static Masking SDM'!L5:L100,"✅ Implemented")/COUNTA('Static Masking SDM'!A5:A100),"0.0%")) | C18: 100%
A19: Dynamic Masking (DDM) Deployed (%) | B19: =IF(COUNTA('Dynamic Masking DDM'!A5:A100)=0,"N/A",TEXT(COUNTIF('Dynamic Masking DDM'!L5:L100,"✅ Implemented")/COUNTA('Dynamic Masking DDM'!A5:A100),"0.0%")) | C19: >=90%
A20: Open Technique Gaps (Count) | B20: =COUNTIF('Gap Analysis'!K5:K100,"Open") | C20: 0
A21: Techniques with Partial Implementation | B21: =COUNTIF('Approved Techniques'!I7:I100,"⚠️ Partial") | C21: 0
A23: TABLE 3 – KEY FINDINGS & RECOMMENDATIONS
A24: # | B24: Finding | C24: Impact | D24: Recommendation | E24: Priority | F24: Status | G24: Notes
A25: 1 | B25: Dynamic Data Masking (DDM) not yet fully deployed in production | C25: High — sensitive data accessible to non-privileged production users | D25: Deploy DDM rules in production CRM and ERP databases for customer-facing roles | E25: P1 | F25: Open
A26: 2 | B26: Static Data Masking not integrated into automated data refresh pipeline | C26: High — manual masking creates risk of non-production environments receiving real data | D26: Integrate SDM tooling into CI/CD data refresh pipelines; automate before environment provisioning | E26: P1 | F26: In Progress
A27: 3 | B27: Technique Selection Matrix incomplete for all data categories | C27: Medium — some data types lack approved masking technique assignment | D27: Complete technique selection for all data categories; review format preservation requirements | E27: P2 | F27: Open
A28: 4 | B28: Tokenisation vault management procedures not documented | C28: Medium — key management gaps create reversibility risk | D28: Document token vault procedures; define key custodians and emergency access controls | E28: P2 | F28: Open

Sheet Approval Sign-Off
A1: ASSESSMENT APPROVAL AND SIGN-OFF
A3: ASSESSMENT SUMMARY
A4: Document: | B4: ISMS-IMP-A.8.11.2 - Masking Technique Selection & Requirements
A5: Assessment Period:
A6: Overall Compliance: | B6: =IFERROR(AVERAGE('Summary Dashboard'!G6:G11),"")
A7: Assessment Status:
A10: PREPARED BY (ASSESSOR)
A11: Name:
A12: Title:
A13: Date:
A14: Signature:
A15: Comments:
A17: REVIEWED BY (ISO)
A18: Name:
A19: Title:
A20: Date:
A21: Signature:
... A37: Special Considerations:
