Workbook

Sheet Instructions & Legend
A1: ISMS-IMP-A.8.15.1 - Log Source Inventory Assessment ISO/IEC 27001:2022 - Control A.8.15: Logging
A3: Document Information
A4: Document ID | B4: ISMS-IMP-A.8.15.1
A5: Workbook Title | B5: Log Source Inventory Assessment
A6: Control Reference | B6: ISO/IEC 27001:2022 - Control A.8.15: Logging
A7: Version | B7: 1.0
A8: Assessment Date
A9: Completed By
A10: Organisation
A12: Instructions
A13: 1. Complete the ‘System Inventory’ sheet for all in-scope systems.
A14: 2. For each system, document log sources and event types logged.
A15: 3. Use dropdowns to ensure consistent data entry.
A16: 4. Yellow cells require user input, grey cells are auto-calculated.
A17: 5. Complete compliance checklist for each log source type.
A18: 6. Review Summary Dashboard for overall compliance status.
A19: 7. Document gaps in Gap Analysis sheet.
A20: 8. Develop remediation plan for identified gaps.
... A23: Status Legend
A24: Symbol | B24: Status | C24: Description
A25: ✓ | B25: Compliant / Complete | C25: Requirement fully met
A26: ⚠ | B26: Partial / In Progress | C26: Partially met or in progress
A27: ✗ | B27: Non-Compliant / Not Started | C27: Requirement not met
A28: — | B28: Not Applicable | C28: Not applicable to this assessment

Sheet System Inventory
A1: SYSTEM INVENTORY
A2: Document all systems in scope for logging. Include servers, network devices, applications, cloud services, and security tools.
A4: System ID | B4: System Name | C4: System Type | D4: Operating System / Platform | E4: Environment | F4: Data Classification | G4: Business Criticality | H4: Regulatory Scope | I4: Logging Priority | J4: System Owner | K4: Owner Email | L4: Hostname / FQDN | M4: Primary IP | N4: Location | O4: Logging Enabled | P4: Forwarding to SIEM | Q4: Compliance Status
A5: SYS-001 | B5: web-prod-01 | C5: Server | D5: Linux | E5: Production | F5: Confidential | G5: Critical (T1) | H5: PCI DSS v4.0.1, GDPR | I5: P1-Critical | J5: John Doe | K5: jdoe@example.ch | L5: web-prod-01.example.com | M5: 10.0.1.50 | N5: DC1 | O5: Yes | P5: Yes | Q5: Compliant
A6: =IF(B6<>"","SYS-"&TEXT(ROW()-5,"000"),"") | Q6: =IF(B6="","",IF(AND(O6="Yes",P6="Yes"),"Compliant",IF(OR(O6="Partial",P6="Planned"),"Partial","Non-Compliant")))
A7: =IF(B7<>"","SYS-"&TEXT(ROW()-5,"000"),"") | Q7: =IF(B7="","",IF(AND(O7="Yes",P7="Yes"),"Compliant",IF(OR(O7="Partial",P7="Planned"),"Partial","Non-Compliant")))
A8: =IF(B8<>"","SYS-"&TEXT(ROW()-5,"000"),"") | Q8: =IF(B8="","",IF(AND(O8="Yes",P8="Yes"),"Compliant",IF(OR(O8="Partial",P8="Planned"),"Partial","Non-Compliant")))
A9: =IF(B9<>"","SYS-"&TEXT(ROW()-5,"000"),"") | Q9: =IF(B9="","",IF(AND(O9="Yes",P9="Yes"),"Compliant",IF(OR(O9="Partial",P9="Planned"),"Partial","Non-Compliant")))
A10: =IF(B10<>"","SYS-"&TEXT(ROW()-5,"000"),"") | Q10: =IF(B10="","",IF(AND(O10="Yes",P10="Yes"),"Compliant",IF(OR(O10="Partial",P10="Planned"),"Partial","Non-Compliant")))
A11: =IF(B11<>"","SYS-"&TEXT(ROW()-5,"000"),"") | Q11: =IF(B11="","",IF(AND(O11="Yes",P11="Yes"),"Compliant",IF(OR(O11="Partial",P11="Planned"),"Partial","Non-Compliant")))
A12: =IF(B12<>"","SYS-"&TEXT(ROW()-5,"000"),"") | Q12: =IF(B12="","",IF(AND(O12="Yes",P12="Yes"),"Compliant",IF(OR(O12="Partial",P12="Planned"),"Partial","Non-Compliant")))
A13: =IF(B13<>"","SYS-"&TEXT(ROW()-5,"000"),"") | Q13: =IF(B13="","",IF(AND(O13="Yes",P13="Yes"),"Compliant",IF(OR(O13="Partial",P13="Planned"),"Partial","Non-Compliant")))
A14: =IF(B14<>"","SYS-"&TEXT(ROW()-5,"000"),"") | Q14: =IF(B14="","",IF(AND(O14="Yes",P14="Yes"),"Compliant",IF(OR(O14="Partial",P14="Planned"),"Partial","Non-Compliant")))
A15: =IF(B15<>"","SYS-"&TEXT(ROW()-5,"000"),"") | Q15: =IF(B15="","",IF(AND(O15="Yes",P15="Yes"),"Compliant",IF(OR(O15="Partial",P15="Planned"),"Partial","Non-Compliant")))
A16: =IF(B16<>"","SYS-"&TEXT(ROW()-5,"000"),"") | Q16: =IF(B16="","",IF(AND(O16="Yes",P16="Yes"),"Compliant",IF(OR(O16="Partial",P16="Planned"),"Partial","Non-Compliant")))
A17: =IF(B17<>"","SYS-"&TEXT(ROW()-5,"000"),"") | Q17: =IF(B17="","",IF(AND(O17="Yes",P17="Yes"),"Compliant",IF(OR(O17="Partial",P17="Planned"),"Partial","Non-Compliant")))
... A55: =IF(B55<>"","SYS-"&TEXT(ROW()-5,"000"),"") | Q55: =IF(B55="","",IF(AND(O55="Yes",P55="Yes"),"Compliant",IF(OR(O55="Partial",P55="Planned"),"Partial","Non-Compliant")))

Sheet Log Event Types by System
A1: LOG EVENT TYPES BY SYSTEM
A2: For each system, document which event types are logged. This assesses logging completeness per ISMS-POL-A.8.15-S2.1
A4: System ID | B4: System Name | C4: Authentication Events | D4: Authorisation Events | E4: Administrative Actions | F4: Security Events | G4: Application Events | H4: System Events | I4: Network Events | J4: Database Events | K4: Log Format | L4: Timestamp Format | M4: Timezone | N4: Est. Daily Volume (MB) | O4: Retention Period (months) | P4: Storage Tier | Q4: Protection Mechanisms | R4: Event Types Completeness | S4: Notes
A5: SYS-001 | B5: web-prod-01 | C5: Yes | D5: Yes | E5: Yes | F5: Yes | G5: Yes | H5: Partial | I5: Partial | J5: N/A | K5: Syslog | L5: ISO 8601 | M5: UTC | N5: 150 | O5: 12 | P5: Hot | Q5: Access Controls, Encryption | R5: 87.5% | S5: Web server logs include app events
B6: =IF(A6="","",IFERROR(VLOOKUP(A6,'System Inventory'!A:B,2,FALSE),"Not Found")) | R6: =IF(A6="","",COUNTIF(C6:J6,"*Yes*")/COUNTA(C6:J6))
B7: =IF(A7="","",IFERROR(VLOOKUP(A7,'System Inventory'!A:B,2,FALSE),"Not Found")) | R7: =IF(A7="","",COUNTIF(C7:J7,"*Yes*")/COUNTA(C7:J7))
B8: =IF(A8="","",IFERROR(VLOOKUP(A8,'System Inventory'!A:B,2,FALSE),"Not Found")) | R8: =IF(A8="","",COUNTIF(C8:J8,"*Yes*")/COUNTA(C8:J8))
B9: =IF(A9="","",IFERROR(VLOOKUP(A9,'System Inventory'!A:B,2,FALSE),"Not Found")) | R9: =IF(A9="","",COUNTIF(C9:J9,"*Yes*")/COUNTA(C9:J9))
B10: =IF(A10="","",IFERROR(VLOOKUP(A10,'System Inventory'!A:B,2,FALSE),"Not Found")) | R10: =IF(A10="","",COUNTIF(C10:J10,"*Yes*")/COUNTA(C10:J10))
B11: =IF(A11="","",IFERROR(VLOOKUP(A11,'System Inventory'!A:B,2,FALSE),"Not Found")) | R11: =IF(A11="","",COUNTIF(C11:J11,"*Yes*")/COUNTA(C11:J11))
B12: =IF(A12="","",IFERROR(VLOOKUP(A12,'System Inventory'!A:B,2,FALSE),"Not Found")) | R12: =IF(A12="","",COUNTIF(C12:J12,"*Yes*")/COUNTA(C12:J12))
B13: =IF(A13="","",IFERROR(VLOOKUP(A13,'System Inventory'!A:B,2,FALSE),"Not Found")) | R13: =IF(A13="","",COUNTIF(C13:J13,"*Yes*")/COUNTA(C13:J13))
B14: =IF(A14="","",IFERROR(VLOOKUP(A14,'System Inventory'!A:B,2,FALSE),"Not Found")) | R14: =IF(A14="","",COUNTIF(C14:J14,"*Yes*")/COUNTA(C14:J14))
B15: =IF(A15="","",IFERROR(VLOOKUP(A15,'System Inventory'!A:B,2,FALSE),"Not Found")) | R15: =IF(A15="","",COUNTIF(C15:J15,"*Yes*")/COUNTA(C15:J15))
B16: =IF(A16="","",IFERROR(VLOOKUP(A16,'System Inventory'!A:B,2,FALSE),"Not Found")) | R16: =IF(A16="","",COUNTIF(C16:J16,"*Yes*")/COUNTA(C16:J16))
B17: =IF(A17="","",IFERROR(VLOOKUP(A17,'System Inventory'!A:B,2,FALSE),"Not Found")) | R17: =IF(A17="","",COUNTIF(C17:J17,"*Yes*")/COUNTA(C17:J17))
... B55: =IF(A55="","",IFERROR(VLOOKUP(A55,'System Inventory'!A:B,2,FALSE),"Not Found")) | R55: =IF(A55="","",COUNTIF(C55:J55,"*Yes*")/COUNTA(C55:J55))

Sheet Authentication Logging
A1: AUTHENTICATION LOGGING ASSESSMENT
A2: Assess authentication event logging completeness per ISMS-POL-A.8.15-S2.1.2
A4: System ID | B4: System Name | C4: Logs Successful Logins | D4: Logs Failed Logins | E4: Logs Account Lockouts | F4: Logs Password Changes | G4: Logs Session Start/End | H4: Includes User ID | I4: Includes Timestamp | J4: Includes Source IP | K4: Includes Auth Method | L4: MFA Events Logged | M4: SSO Events Logged | N4: Service Account Auth | O4: Privileged Auth Logged | P4: Compliance Score | Q4: Gap Description | R4: Remediation Plan
A5: SYS-001 | B5: web-prod-01 | C5: Yes | D5: Yes | E5: Yes | F5: Yes | G5: Yes | H5: Yes | I5: Yes | J5: Yes | K5: Yes | L5: Yes | M5: Yes | N5: N/A | O5: Yes | P5: 100.0%
B6: =IF(A6="","",IFERROR(VLOOKUP(A6,'System Inventory'!A:B,2,FALSE),"Not Found")) | P6: =IF(A6="","",(COUNTIF(C6:M6,"*Yes*")/COUNTIF(C6:M6,"<>N/A"))*100)
B7: =IF(A7="","",IFERROR(VLOOKUP(A7,'System Inventory'!A:B,2,FALSE),"Not Found")) | P7: =IF(A7="","",(COUNTIF(C7:M7,"*Yes*")/COUNTIF(C7:M7,"<>N/A"))*100)
B8: =IF(A8="","",IFERROR(VLOOKUP(A8,'System Inventory'!A:B,2,FALSE),"Not Found")) | P8: =IF(A8="","",(COUNTIF(C8:M8,"*Yes*")/COUNTIF(C8:M8,"<>N/A"))*100)
B9: =IF(A9="","",IFERROR(VLOOKUP(A9,'System Inventory'!A:B,2,FALSE),"Not Found")) | P9: =IF(A9="","",(COUNTIF(C9:M9,"*Yes*")/COUNTIF(C9:M9,"<>N/A"))*100)
B10: =IF(A10="","",IFERROR(VLOOKUP(A10,'System Inventory'!A:B,2,FALSE),"Not Found")) | P10: =IF(A10="","",(COUNTIF(C10:M10,"*Yes*")/COUNTIF(C10:M10,"<>N/A"))*100)
B11: =IF(A11="","",IFERROR(VLOOKUP(A11,'System Inventory'!A:B,2,FALSE),"Not Found")) | P11: =IF(A11="","",(COUNTIF(C11:M11,"*Yes*")/COUNTIF(C11:M11,"<>N/A"))*100)
B12: =IF(A12="","",IFERROR(VLOOKUP(A12,'System Inventory'!A:B,2,FALSE),"Not Found")) | P12: =IF(A12="","",(COUNTIF(C12:M12,"*Yes*")/COUNTIF(C12:M12,"<>N/A"))*100)
B13: =IF(A13="","",IFERROR(VLOOKUP(A13,'System Inventory'!A:B,2,FALSE),"Not Found")) | P13: =IF(A13="","",(COUNTIF(C13:M13,"*Yes*")/COUNTIF(C13:M13,"<>N/A"))*100)
B14: =IF(A14="","",IFERROR(VLOOKUP(A14,'System Inventory'!A:B,2,FALSE),"Not Found")) | P14: =IF(A14="","",(COUNTIF(C14:M14,"*Yes*")/COUNTIF(C14:M14,"<>N/A"))*100)
B15: =IF(A15="","",IFERROR(VLOOKUP(A15,'System Inventory'!A:B,2,FALSE),"Not Found")) | P15: =IF(A15="","",(COUNTIF(C15:M15,"*Yes*")/COUNTIF(C15:M15,"<>N/A"))*100)
B16: =IF(A16="","",IFERROR(VLOOKUP(A16,'System Inventory'!A:B,2,FALSE),"Not Found")) | P16: =IF(A16="","",(COUNTIF(C16:M16,"*Yes*")/COUNTIF(C16:M16,"<>N/A"))*100)
B17: =IF(A17="","",IFERROR(VLOOKUP(A17,'System Inventory'!A:B,2,FALSE),"Not Found")) | P17: =IF(A17="","",(COUNTIF(C17:M17,"*Yes*")/COUNTIF(C17:M17,"<>N/A"))*100)
... B55: =IF(A55="","",IFERROR(VLOOKUP(A55,'System Inventory'!A:B,2,FALSE),"Not Found")) | P55: =IF(A55="","",(COUNTIF(C55:M55,"*Yes*")/COUNTIF(C55:M55,"<>N/A"))*100)

Sheet Authorisation & Access
A1: AUTHORIZATION & ACCESS LOGGING ASSESSMENT
A2: Assess access control event logging per ISMS-POL-A.8.15-S2.1.3
A4: System ID | B4: System Name | C4: Logs Access Grants | D4: Logs Access Denials | E4: Logs Permission Changes | F4: Logs Privilege Escalation | G4: Logs Data Access (Sensitive) | H4: Includes User ID | I4: Includes Resource Accessed | J4: Includes Action Type | K4: Includes Outcome | L4: Includes Reason (denied) | M4: Includes Before/After State | N4: Logs Group Membership | O4: Logs Role Assignment | P4: Compliance Score | Q4: Gap Description | R4: Remediation Plan
A5: SYS-001 | B5: web-prod-01 | C5: Yes | D5: Yes | E5: Yes | F5: Yes | G5: Yes | H5: Yes | I5: Yes | J5: Yes | K5: Yes | L5: Partial | M5: Partial | N5: Yes | O5: Yes | P5: 92.3% | Q5: Before/After state partially logged | R5: Enhance logging
B6: =IF(A6="","",IFERROR(VLOOKUP(A6,'System Inventory'!A:B,2,FALSE),"Not Found")) | P6: =IF(A6="","",(COUNTIF(C6:M6,"*Yes*")/COUNTIF(C6:M6,"<>N/A"))*100)
B7: =IF(A7="","",IFERROR(VLOOKUP(A7,'System Inventory'!A:B,2,FALSE),"Not Found")) | P7: =IF(A7="","",(COUNTIF(C7:M7,"*Yes*")/COUNTIF(C7:M7,"<>N/A"))*100)
B8: =IF(A8="","",IFERROR(VLOOKUP(A8,'System Inventory'!A:B,2,FALSE),"Not Found")) | P8: =IF(A8="","",(COUNTIF(C8:M8,"*Yes*")/COUNTIF(C8:M8,"<>N/A"))*100)
B9: =IF(A9="","",IFERROR(VLOOKUP(A9,'System Inventory'!A:B,2,FALSE),"Not Found")) | P9: =IF(A9="","",(COUNTIF(C9:M9,"*Yes*")/COUNTIF(C9:M9,"<>N/A"))*100)
B10: =IF(A10="","",IFERROR(VLOOKUP(A10,'System Inventory'!A:B,2,FALSE),"Not Found")) | P10: =IF(A10="","",(COUNTIF(C10:M10,"*Yes*")/COUNTIF(C10:M10,"<>N/A"))*100)
B11: =IF(A11="","",IFERROR(VLOOKUP(A11,'System Inventory'!A:B,2,FALSE),"Not Found")) | P11: =IF(A11="","",(COUNTIF(C11:M11,"*Yes*")/COUNTIF(C11:M11,"<>N/A"))*100)
B12: =IF(A12="","",IFERROR(VLOOKUP(A12,'System Inventory'!A:B,2,FALSE),"Not Found")) | P12: =IF(A12="","",(COUNTIF(C12:M12,"*Yes*")/COUNTIF(C12:M12,"<>N/A"))*100)
B13: =IF(A13="","",IFERROR(VLOOKUP(A13,'System Inventory'!A:B,2,FALSE),"Not Found")) | P13: =IF(A13="","",(COUNTIF(C13:M13,"*Yes*")/COUNTIF(C13:M13,"<>N/A"))*100)
B14: =IF(A14="","",IFERROR(VLOOKUP(A14,'System Inventory'!A:B,2,FALSE),"Not Found")) | P14: =IF(A14="","",(COUNTIF(C14:M14,"*Yes*")/COUNTIF(C14:M14,"<>N/A"))*100)
B15: =IF(A15="","",IFERROR(VLOOKUP(A15,'System Inventory'!A:B,2,FALSE),"Not Found")) | P15: =IF(A15="","",(COUNTIF(C15:M15,"*Yes*")/COUNTIF(C15:M15,"<>N/A"))*100)
B16: =IF(A16="","",IFERROR(VLOOKUP(A16,'System Inventory'!A:B,2,FALSE),"Not Found")) | P16: =IF(A16="","",(COUNTIF(C16:M16,"*Yes*")/COUNTIF(C16:M16,"<>N/A"))*100)
B17: =IF(A17="","",IFERROR(VLOOKUP(A17,'System Inventory'!A:B,2,FALSE),"Not Found")) | P17: =IF(A17="","",(COUNTIF(C17:M17,"*Yes*")/COUNTIF(C17:M17,"<>N/A"))*100)
... B55: =IF(A55="","",IFERROR(VLOOKUP(A55,'System Inventory'!A:B,2,FALSE),"Not Found")) | P55: =IF(A55="","",(COUNTIF(C55:M55,"*Yes*")/COUNTIF(C55:M55,"<>N/A"))*100)

Sheet Administrative Activity
A1: ADMINISTRATIVE ACTIVITY LOGGING ASSESSMENT
A2: Assess administrative action logging per ISMS-POL-A.8.15-S2.1.4
A4: System ID | B4: System Name | C4: User Account Management | D4: Group/Role Management | E4: Configuration Changes | F4: Security Policy Changes | G4: Software Install/Uninstall | H4: Service Start/Stop | I4: Patch Application | J4: Bulk Data Operations | K4: Privileged Session Logging | L4: Includes Administrator ID | M4: Includes Before/After Values | N4: Includes Timestamp | O4: Includes Change Reason | P4: Compliance Score | Q4: Gap Description | R4: Remediation Plan
A5: SYS-001 | B5: web-prod-01 | C5: Yes | D5: Yes | E5: Yes | F5: Yes | G5: Partial | H5: Yes | I5: Partial | J5: No | K5: Yes | L5: Yes | M5: Partial | N5: Yes | O5: No | P5: 76.9% | Q5: Change reason not logged, bulk ops not logged | R5: Implement change logging
B6: =IF(A6="","",IFERROR(VLOOKUP(A6,'System Inventory'!A:B,2,FALSE),"Not Found")) | P6: =IF(A6="","",(COUNTIF(C6:M6,"*Yes*")/COUNTIF(C6:M6,"<>N/A"))*100)
B7: =IF(A7="","",IFERROR(VLOOKUP(A7,'System Inventory'!A:B,2,FALSE),"Not Found")) | P7: =IF(A7="","",(COUNTIF(C7:M7,"*Yes*")/COUNTIF(C7:M7,"<>N/A"))*100)
B8: =IF(A8="","",IFERROR(VLOOKUP(A8,'System Inventory'!A:B,2,FALSE),"Not Found")) | P8: =IF(A8="","",(COUNTIF(C8:M8,"*Yes*")/COUNTIF(C8:M8,"<>N/A"))*100)
B9: =IF(A9="","",IFERROR(VLOOKUP(A9,'System Inventory'!A:B,2,FALSE),"Not Found")) | P9: =IF(A9="","",(COUNTIF(C9:M9,"*Yes*")/COUNTIF(C9:M9,"<>N/A"))*100)
B10: =IF(A10="","",IFERROR(VLOOKUP(A10,'System Inventory'!A:B,2,FALSE),"Not Found")) | P10: =IF(A10="","",(COUNTIF(C10:M10,"*Yes*")/COUNTIF(C10:M10,"<>N/A"))*100)
B11: =IF(A11="","",IFERROR(VLOOKUP(A11,'System Inventory'!A:B,2,FALSE),"Not Found")) | P11: =IF(A11="","",(COUNTIF(C11:M11,"*Yes*")/COUNTIF(C11:M11,"<>N/A"))*100)
B12: =IF(A12="","",IFERROR(VLOOKUP(A12,'System Inventory'!A:B,2,FALSE),"Not Found")) | P12: =IF(A12="","",(COUNTIF(C12:M12,"*Yes*")/COUNTIF(C12:M12,"<>N/A"))*100)
B13: =IF(A13="","",IFERROR(VLOOKUP(A13,'System Inventory'!A:B,2,FALSE),"Not Found")) | P13: =IF(A13="","",(COUNTIF(C13:M13,"*Yes*")/COUNTIF(C13:M13,"<>N/A"))*100)
B14: =IF(A14="","",IFERROR(VLOOKUP(A14,'System Inventory'!A:B,2,FALSE),"Not Found")) | P14: =IF(A14="","",(COUNTIF(C14:M14,"*Yes*")/COUNTIF(C14:M14,"<>N/A"))*100)
B15: =IF(A15="","",IFERROR(VLOOKUP(A15,'System Inventory'!A:B,2,FALSE),"Not Found")) | P15: =IF(A15="","",(COUNTIF(C15:M15,"*Yes*")/COUNTIF(C15:M15,"<>N/A"))*100)
B16: =IF(A16="","",IFERROR(VLOOKUP(A16,'System Inventory'!A:B,2,FALSE),"Not Found")) | P16: =IF(A16="","",(COUNTIF(C16:M16,"*Yes*")/COUNTIF(C16:M16,"<>N/A"))*100)
B17: =IF(A17="","",IFERROR(VLOOKUP(A17,'System Inventory'!A:B,2,FALSE),"Not Found")) | P17: =IF(A17="","",(COUNTIF(C17:M17,"*Yes*")/COUNTIF(C17:M17,"<>N/A"))*100)
... B55: =IF(A55="","",IFERROR(VLOOKUP(A55,'System Inventory'!A:B,2,FALSE),"Not Found")) | P55: =IF(A55="","",(COUNTIF(C55:M55,"*Yes*")/COUNTIF(C55:M55,"<>N/A"))*100)

Sheet Security Event Logging
A1: SECURITY EVENT LOGGING ASSESSMENT
A2: Assess security tool and event logging per ISMS-POL-A.8.15-S2.1.5
A4: System ID | B4: System Name | C4: Firewall Events | D4: IDS/IPS Alerts | E4: Anti-malware Events | F4: DLP Events | G4: Web Filtering Events | H4: Email Gateway Events | I4: EDR Events | J4: Vulnerability Scan Results | K4: Security Incident Events | L4: Includes Severity Level | M4: Includes Threat Indicators | N4: Includes Response Actions | O4: Automated Response Logged | P4: Compliance Score | Q4: Gap Description | R4: Remediation Plan
A5: FW-001 | B5: perimeter-fw-01 | C5: Yes | D5: Yes | E5: N/A | F5: N/A | G5: N/A | H5: N/A | I5: N/A | J5: N/A | K5: Yes | L5: Yes | M5: Yes | N5: Partial | O5: No | P5: 100.0% | Q5: Automated response not logged | R5: Enable response logging
B6: =IF(A6="","",IFERROR(VLOOKUP(A6,'System Inventory'!A:B,2,FALSE),"Not Found")) | P6: =IF(A6="","",(COUNTIF(C6:M6,"*Yes*")/COUNTIF(C6:M6,"<>N/A"))*100)
B7: =IF(A7="","",IFERROR(VLOOKUP(A7,'System Inventory'!A:B,2,FALSE),"Not Found")) | P7: =IF(A7="","",(COUNTIF(C7:M7,"*Yes*")/COUNTIF(C7:M7,"<>N/A"))*100)
B8: =IF(A8="","",IFERROR(VLOOKUP(A8,'System Inventory'!A:B,2,FALSE),"Not Found")) | P8: =IF(A8="","",(COUNTIF(C8:M8,"*Yes*")/COUNTIF(C8:M8,"<>N/A"))*100)
B9: =IF(A9="","",IFERROR(VLOOKUP(A9,'System Inventory'!A:B,2,FALSE),"Not Found")) | P9: =IF(A9="","",(COUNTIF(C9:M9,"*Yes*")/COUNTIF(C9:M9,"<>N/A"))*100)
B10: =IF(A10="","",IFERROR(VLOOKUP(A10,'System Inventory'!A:B,2,FALSE),"Not Found")) | P10: =IF(A10="","",(COUNTIF(C10:M10,"*Yes*")/COUNTIF(C10:M10,"<>N/A"))*100)
B11: =IF(A11="","",IFERROR(VLOOKUP(A11,'System Inventory'!A:B,2,FALSE),"Not Found")) | P11: =IF(A11="","",(COUNTIF(C11:M11,"*Yes*")/COUNTIF(C11:M11,"<>N/A"))*100)
B12: =IF(A12="","",IFERROR(VLOOKUP(A12,'System Inventory'!A:B,2,FALSE),"Not Found")) | P12: =IF(A12="","",(COUNTIF(C12:M12,"*Yes*")/COUNTIF(C12:M12,"<>N/A"))*100)
B13: =IF(A13="","",IFERROR(VLOOKUP(A13,'System Inventory'!A:B,2,FALSE),"Not Found")) | P13: =IF(A13="","",(COUNTIF(C13:M13,"*Yes*")/COUNTIF(C13:M13,"<>N/A"))*100)
B14: =IF(A14="","",IFERROR(VLOOKUP(A14,'System Inventory'!A:B,2,FALSE),"Not Found")) | P14: =IF(A14="","",(COUNTIF(C14:M14,"*Yes*")/COUNTIF(C14:M14,"<>N/A"))*100)
B15: =IF(A15="","",IFERROR(VLOOKUP(A15,'System Inventory'!A:B,2,FALSE),"Not Found")) | P15: =IF(A15="","",(COUNTIF(C15:M15,"*Yes*")/COUNTIF(C15:M15,"<>N/A"))*100)
B16: =IF(A16="","",IFERROR(VLOOKUP(A16,'System Inventory'!A:B,2,FALSE),"Not Found")) | P16: =IF(A16="","",(COUNTIF(C16:M16,"*Yes*")/COUNTIF(C16:M16,"<>N/A"))*100)
B17: =IF(A17="","",IFERROR(VLOOKUP(A17,'System Inventory'!A:B,2,FALSE),"Not Found")) | P17: =IF(A17="","",(COUNTIF(C17:M17,"*Yes*")/COUNTIF(C17:M17,"<>N/A"))*100)
... B55: =IF(A55="","",IFERROR(VLOOKUP(A55,'System Inventory'!A:B,2,FALSE),"Not Found")) | P55: =IF(A55="","",(COUNTIF(C55:M55,"*Yes*")/COUNTIF(C55:M55,"<>N/A"))*100)

Sheet Application & Database
A1: APPLICATION & DATABASE LOGGING ASSESSMENT
A2: Assess application and database logging per ISMS-POL-A.8.15-S2.1.7
A4: System ID | B4: System Name | C4: Web App Access Logging | D4: API Call Logging | E4: Transaction Logging | F4: Application Errors | G4: Database Connections | H4: Database Queries (Sensitive) | I4: Schema Changes (DDL) | J4: Permission Grants | K4: Backup/Restore Operations | L4: Includes User/App Identity | M4: Includes Data Modified | N4: Includes Query Text | O4: Includes Row Count | P4: Compliance Score | Q4: Gap Description | R4: Remediation Plan
A5: DB-001 | B5: prod-db-01 | C5: N/A | D5: Yes | E5: Yes | F5: Yes | G5: Yes | H5: Yes | I5: Yes | J5: Yes | K5: Yes | L5: Yes | M5: Partial | N5: Partial | O5: Yes | P5: 91.7% | Q5: Query text truncated, data modified partially logged | R5: Enable full query logging
B6: =IF(A6="","",IFERROR(VLOOKUP(A6,'System Inventory'!A:B,2,FALSE),"Not Found")) | P6: =IF(A6="","",(COUNTIF(C6:M6,"*Yes*")/COUNTIF(C6:M6,"<>N/A"))*100)
B7: =IF(A7="","",IFERROR(VLOOKUP(A7,'System Inventory'!A:B,2,FALSE),"Not Found")) | P7: =IF(A7="","",(COUNTIF(C7:M7,"*Yes*")/COUNTIF(C7:M7,"<>N/A"))*100)
B8: =IF(A8="","",IFERROR(VLOOKUP(A8,'System Inventory'!A:B,2,FALSE),"Not Found")) | P8: =IF(A8="","",(COUNTIF(C8:M8,"*Yes*")/COUNTIF(C8:M8,"<>N/A"))*100)
B9: =IF(A9="","",IFERROR(VLOOKUP(A9,'System Inventory'!A:B,2,FALSE),"Not Found")) | P9: =IF(A9="","",(COUNTIF(C9:M9,"*Yes*")/COUNTIF(C9:M9,"<>N/A"))*100)
B10: =IF(A10="","",IFERROR(VLOOKUP(A10,'System Inventory'!A:B,2,FALSE),"Not Found")) | P10: =IF(A10="","",(COUNTIF(C10:M10,"*Yes*")/COUNTIF(C10:M10,"<>N/A"))*100)
B11: =IF(A11="","",IFERROR(VLOOKUP(A11,'System Inventory'!A:B,2,FALSE),"Not Found")) | P11: =IF(A11="","",(COUNTIF(C11:M11,"*Yes*")/COUNTIF(C11:M11,"<>N/A"))*100)
B12: =IF(A12="","",IFERROR(VLOOKUP(A12,'System Inventory'!A:B,2,FALSE),"Not Found")) | P12: =IF(A12="","",(COUNTIF(C12:M12,"*Yes*")/COUNTIF(C12:M12,"<>N/A"))*100)
B13: =IF(A13="","",IFERROR(VLOOKUP(A13,'System Inventory'!A:B,2,FALSE),"Not Found")) | P13: =IF(A13="","",(COUNTIF(C13:M13,"*Yes*")/COUNTIF(C13:M13,"<>N/A"))*100)
B14: =IF(A14="","",IFERROR(VLOOKUP(A14,'System Inventory'!A:B,2,FALSE),"Not Found")) | P14: =IF(A14="","",(COUNTIF(C14:M14,"*Yes*")/COUNTIF(C14:M14,"<>N/A"))*100)
B15: =IF(A15="","",IFERROR(VLOOKUP(A15,'System Inventory'!A:B,2,FALSE),"Not Found")) | P15: =IF(A15="","",(COUNTIF(C15:M15,"*Yes*")/COUNTIF(C15:M15,"<>N/A"))*100)
B16: =IF(A16="","",IFERROR(VLOOKUP(A16,'System Inventory'!A:B,2,FALSE),"Not Found")) | P16: =IF(A16="","",(COUNTIF(C16:M16,"*Yes*")/COUNTIF(C16:M16,"<>N/A"))*100)
B17: =IF(A17="","",IFERROR(VLOOKUP(A17,'System Inventory'!A:B,2,FALSE),"Not Found")) | P17: =IF(A17="","",(COUNTIF(C17:M17,"*Yes*")/COUNTIF(C17:M17,"<>N/A"))*100)
... B55: =IF(A55="","",IFERROR(VLOOKUP(A55,'System Inventory'!A:B,2,FALSE),"Not Found")) | P55: =IF(A55="","",(COUNTIF(C55:M55,"*Yes*")/COUNTIF(C55:M55,"<>N/A"))*100)

Sheet Network Device Logging
A1: NETWORK DEVICE LOGGING ASSESSMENT
A2: Assess network infrastructure logging per ISMS-POL-A.8.15-S2.1.8
A4: Device ID | B4: Device Name | C4: Connection Logging | D4: Rule Match Logging | E4: Configuration Changes | F4: Interface Up/Down Events | G4: Routing Changes | H4: VPN Session Logging | I4: DHCP/DNS Events | J4: Wireless Events | K4: NAT Translations | L4: Includes Source/Dest IP | M4: Includes Ports/Protocols | N4: Includes Action (allow/deny) | O4: Includes Bytes Transferred | P4: Compliance Score | Q4: Gap Description | R4: Remediation Plan
A5: NET-001 | B5: core-switch-01 | C5: Yes | D5: Yes | E5: Yes | F5: Yes | G5: Yes | H5: N/A | I5: Yes | J5: N/A | K5: N/A | L5: Yes | M5: Yes | N5: Yes | O5: No | P5: 100.0% | Q5: Bytes transferred not logged | R5: Enable traffic volume logging
B6: =IF(A6="","",IFERROR(VLOOKUP(A6,'System Inventory'!A:B,2,FALSE),"Not Found")) | P6: =IF(A6="","",(COUNTIF(C6:M6,"*Yes*")/COUNTIF(C6:M6,"<>N/A"))*100)
B7: =IF(A7="","",IFERROR(VLOOKUP(A7,'System Inventory'!A:B,2,FALSE),"Not Found")) | P7: =IF(A7="","",(COUNTIF(C7:M7,"*Yes*")/COUNTIF(C7:M7,"<>N/A"))*100)
B8: =IF(A8="","",IFERROR(VLOOKUP(A8,'System Inventory'!A:B,2,FALSE),"Not Found")) | P8: =IF(A8="","",(COUNTIF(C8:M8,"*Yes*")/COUNTIF(C8:M8,"<>N/A"))*100)
B9: =IF(A9="","",IFERROR(VLOOKUP(A9,'System Inventory'!A:B,2,FALSE),"Not Found")) | P9: =IF(A9="","",(COUNTIF(C9:M9,"*Yes*")/COUNTIF(C9:M9,"<>N/A"))*100)
B10: =IF(A10="","",IFERROR(VLOOKUP(A10,'System Inventory'!A:B,2,FALSE),"Not Found")) | P10: =IF(A10="","",(COUNTIF(C10:M10,"*Yes*")/COUNTIF(C10:M10,"<>N/A"))*100)
B11: =IF(A11="","",IFERROR(VLOOKUP(A11,'System Inventory'!A:B,2,FALSE),"Not Found")) | P11: =IF(A11="","",(COUNTIF(C11:M11,"*Yes*")/COUNTIF(C11:M11,"<>N/A"))*100)
B12: =IF(A12="","",IFERROR(VLOOKUP(A12,'System Inventory'!A:B,2,FALSE),"Not Found")) | P12: =IF(A12="","",(COUNTIF(C12:M12,"*Yes*")/COUNTIF(C12:M12,"<>N/A"))*100)
B13: =IF(A13="","",IFERROR(VLOOKUP(A13,'System Inventory'!A:B,2,FALSE),"Not Found")) | P13: =IF(A13="","",(COUNTIF(C13:M13,"*Yes*")/COUNTIF(C13:M13,"<>N/A"))*100)
B14: =IF(A14="","",IFERROR(VLOOKUP(A14,'System Inventory'!A:B,2,FALSE),"Not Found")) | P14: =IF(A14="","",(COUNTIF(C14:M14,"*Yes*")/COUNTIF(C14:M14,"<>N/A"))*100)
B15: =IF(A15="","",IFERROR(VLOOKUP(A15,'System Inventory'!A:B,2,FALSE),"Not Found")) | P15: =IF(A15="","",(COUNTIF(C15:M15,"*Yes*")/COUNTIF(C15:M15,"<>N/A"))*100)
B16: =IF(A16="","",IFERROR(VLOOKUP(A16,'System Inventory'!A:B,2,FALSE),"Not Found")) | P16: =IF(A16="","",(COUNTIF(C16:M16,"*Yes*")/COUNTIF(C16:M16,"<>N/A"))*100)
B17: =IF(A17="","",IFERROR(VLOOKUP(A17,'System Inventory'!A:B,2,FALSE),"Not Found")) | P17: =IF(A17="","",(COUNTIF(C17:M17,"*Yes*")/COUNTIF(C17:M17,"<>N/A"))*100)
... B55: =IF(A55="","",IFERROR(VLOOKUP(A55,'System Inventory'!A:B,2,FALSE),"Not Found")) | P55: =IF(A55="","",(COUNTIF(C55:M55,"*Yes*")/COUNTIF(C55:M55,"<>N/A"))*100)

Sheet Gap Analysis
A1: GAP ANALYSIS - CONSOLIDATED FINDINGS
A2: Document all identified gaps from assessment sheets. Prioritise by risk and establish remediation plans with clear ownership and target dates.
A4: Gap ID | B4: System ID | C4: System Name | D4: Gap Category | E4: Gap Description | F4: Policy Requirement | G4: Impact / Risk | H4: Remediation Action | I4: Responsible Party | J4: Target Date | K4: Status | L4: Notes
A5: GAP-001 | B5: SYS-042 | C5: mail-server-01 | D5: Event Type Not Logged | E5: Failed authentication attempts not logged | F5: ISMS-POL-A.8.15-S2.1.2 | G5: High | H5: Configure mail server to log authentication failures | I5: System Admin Team | J5: 31.03.2026 | K5: Open | L5: Vendor support required for config change
A6: =IF(B6<>"","GAP-"&TEXT(ROW()-5,"000"),"") | C6: =IF(B6="","",IFERROR(VLOOKUP(B6,'System Inventory'!A:B,2,FALSE),"Not Found"))
A7: =IF(B7<>"","GAP-"&TEXT(ROW()-5,"000"),"") | C7: =IF(B7="","",IFERROR(VLOOKUP(B7,'System Inventory'!A:B,2,FALSE),"Not Found"))
A8: =IF(B8<>"","GAP-"&TEXT(ROW()-5,"000"),"") | C8: =IF(B8="","",IFERROR(VLOOKUP(B8,'System Inventory'!A:B,2,FALSE),"Not Found"))
A9: =IF(B9<>"","GAP-"&TEXT(ROW()-5,"000"),"") | C9: =IF(B9="","",IFERROR(VLOOKUP(B9,'System Inventory'!A:B,2,FALSE),"Not Found"))
A10: =IF(B10<>"","GAP-"&TEXT(ROW()-5,"000"),"") | C10: =IF(B10="","",IFERROR(VLOOKUP(B10,'System Inventory'!A:B,2,FALSE),"Not Found"))
A11: =IF(B11<>"","GAP-"&TEXT(ROW()-5,"000"),"") | C11: =IF(B11="","",IFERROR(VLOOKUP(B11,'System Inventory'!A:B,2,FALSE),"Not Found"))
A12: =IF(B12<>"","GAP-"&TEXT(ROW()-5,"000"),"") | C12: =IF(B12="","",IFERROR(VLOOKUP(B12,'System Inventory'!A:B,2,FALSE),"Not Found"))
A13: =IF(B13<>"","GAP-"&TEXT(ROW()-5,"000"),"") | C13: =IF(B13="","",IFERROR(VLOOKUP(B13,'System Inventory'!A:B,2,FALSE),"Not Found"))
A14: =IF(B14<>"","GAP-"&TEXT(ROW()-5,"000"),"") | C14: =IF(B14="","",IFERROR(VLOOKUP(B14,'System Inventory'!A:B,2,FALSE),"Not Found"))
A15: =IF(B15<>"","GAP-"&TEXT(ROW()-5,"000"),"") | C15: =IF(B15="","",IFERROR(VLOOKUP(B15,'System Inventory'!A:B,2,FALSE),"Not Found"))
A16: =IF(B16<>"","GAP-"&TEXT(ROW()-5,"000"),"") | C16: =IF(B16="","",IFERROR(VLOOKUP(B16,'System Inventory'!A:B,2,FALSE),"Not Found"))
A17: =IF(B17<>"","GAP-"&TEXT(ROW()-5,"000"),"") | C17: =IF(B17="","",IFERROR(VLOOKUP(B17,'System Inventory'!A:B,2,FALSE),"Not Found"))
... A55: =IF(B55<>"","GAP-"&TEXT(ROW()-5,"000"),"") | C55: =IF(B55="","",IFERROR(VLOOKUP(B55,'System Inventory'!A:B,2,FALSE),"Not Found"))
A60: GAP SUMMARY STATISTICS
A62: Total Gaps Identified: | B62: =COUNTA(A6:A55)
A63: Open Gaps: | B63: =COUNTIF(K6:K55,"*Open*")
A64: In Progress: | B64: =COUNTIF(K6:K55,"*In Progress*")
A65: Resolved: | B65: =COUNTIF(K6:K55,"*Resolved*")
A66: Critical Priority: | B66: =COUNTIF(G6:G55,"*Critical*")
A67: High Priority: | B67: =COUNTIF(G6:G55,"*High*")
A68: Overdue (Past Target Date): | B68: =SUMPRODUCT((K6:K55<>"Resolved")*(J6:J55<TODAY())*(J6:J55<>""))

Sheet Evidence Register
A1: EVIDENCE REGISTER
A2: List all evidence files/documents referenced in this assessment (audit traceability).
A4: Evidence ID | B4: Assessment Area | C4: Evidence Type | D4: Description | E4: Location/Path | F4: Date Collected | G4: Collected By | H4: Verification Status
A5: EV-001 | B5: Log Source Inventory | C5: Configuration file | D5: SIEM log source configuration export showing all registered sources | E5: /evidence/a815.1/siem-sources.pdf | F5: 01.01.2026 | G5: Security Analyst | H5: Verified

Sheet Summary Dashboard
A1: {WORKBOOK_NAME} — SUMMARY DASHBOARD
A2: ISO/IEC 27001:2022 A.8.15 requires event logs recording user activities, exceptions, faults and security events to be produced. This assessment evaluates log source completeness across all in-scope systems.
A4: TABLE 1 — COMPLIANCE OVERVIEW BY ASSESSMENT AREA
A5: Assessment Area | B5: Total Items | C5: Compliant | D5: Partial | E5: Non-Compliant | F5: N/A | G5: Compliance %
A6: System Inventory Completeness | B6: =C6+D6+E6+F6 | C6: =COUNTIF('System Inventory'!Q6:Q55,"Compliant") | D6: =COUNTIF('System Inventory'!Q6:Q55,"Partial") | E6: =COUNTIF('System Inventory'!Q6:Q55,"Non-Compliant") | F6: =0 | G6: =IF((B6-F6)=0,0,C6/(B6-F6))
A7: Authentication Event Logging | B7: =C7+D7+E7+F7 | C7: =COUNTIF('Authentication Logging'!P6:P55,100) | D7: =COUNTIFS('Authentication Logging'!P6:P55,">0",'Authentication Logging'!P6:P55,"<100") | E7: =COUNTIFS('Authentication Logging'!A6:A55,"<>",'Authentication Logging'!P6:P55,0) | F7: =0 | G7: =IF((B7-F7)=0,0,C7/(B7-F7))
A8: Authorisation & Access Logging | B8: =C8+D8+E8+F8 | C8: =COUNTIF('Authorisation & Access'!P6:P55,100) | D8: =COUNTIFS('Authorisation & Access'!P6:P55,">0",'Authorisation & Access'!P6:P55,"<100") | E8: =COUNTIFS('Authorisation & Access'!A6:A55,"<>",'Authorisation & Access'!P6:P55,0) | F8: =0 | G8: =IF((B8-F8)=0,0,C8/(B8-F8))
A9: Administrative Activity Logging | B9: =C9+D9+E9+F9 | C9: =COUNTIF('Administrative Activity'!P6:P55,100) | D9: =COUNTIFS('Administrative Activity'!P6:P55,">0",'Administrative Activity'!P6:P55,"<100") | E9: =COUNTIFS('Administrative Activity'!A6:A55,"<>",'Administrative Activity'!P6:P55,0) | F9: =0 | G9: =IF((B9-F9)=0,0,C9/(B9-F9))
A10: Security Event Logging | B10: =C10+D10+E10+F10 | C10: =COUNTIF('Security Event Logging'!P6:P55,100) | D10: =COUNTIFS('Security Event Logging'!P6:P55,">0",'Security Event Logging'!P6:P55,"<100") | E10: =COUNTIFS('Security Event Logging'!A6:A55,"<>",'Security Event Logging'!P6:P55,0) | F10: =0 | G10: =IF((B10-F10)=0,0,C10/(B10-F10))
A11: Application & Database Logging | B11: =C11+D11+E11+F11 | C11: =COUNTIF('Application & Database'!P6:P55,100) | D11: =COUNTIFS('Application & Database'!P6:P55,">0",'Application & Database'!P6:P55,"<100") | E11: =COUNTIFS('Application & Database'!A6:A55,"<>",'Application & Database'!P6:P55,0) | F11: =0 | G11: =IF((B11-F11)=0,0,C11/(B11-F11))
A12: Network Device Logging | B12: =C12+D12+E12+F12 | C12: =COUNTIF('Network Device Logging'!P6:P55,100) | D12: =COUNTIFS('Network Device Logging'!P6:P55,">0",'Network Device Logging'!P6:P55,"<100") | E12: =COUNTIFS('Network Device Logging'!A6:A55,"<>",'Network Device Logging'!P6:P55,0) | F12: =0 | G12: =IF((B12-F12)=0,0,C12/(B12-F12))
A13: Gap Remediation | B13: =C13+D13+E13+F13 | C13: =COUNTIF('Gap Analysis'!K6:K55,"*Resolved*") | D13: =COUNTIF('Gap Analysis'!K6:K55,"*In Progress*") | E13: =COUNTIF('Gap Analysis'!K6:K55,"*Open*") | F13: =COUNTIF('Gap Analysis'!K6:K55,"*Deferred*") | G13: =IF((B13-F13)=0,0,C13/(B13-F13))
A14: TOTAL | B14: =SUM(B6:B13) | C14: =SUM(C6:C13) | D14: =SUM(D6:D13) | E14: =SUM(E6:E13) | F14: =SUM(F6:F13) | G14: =IF((B14-F14)=0,0,C14/(B14-F14))
A16: TABLE 2 — KEY METRICS
A17: Metric | B17: Value | C17: Target
A18: Total systems in scope | B18: =COUNTA('System Inventory'!B6:B55) | C18: All ISMS-scope systems
A19: Systems with logging enabled | B19: =COUNTIF('System Inventory'!O6:O55,"✅ Yes") | C19: 100%
A20: Systems forwarding to SIEM | B20: =COUNTIF('System Inventory'!P6:P55,"✅ Yes") | C20: 100%
A21: P1-Critical systems compliant | B21: =COUNTIFS('System Inventory'!I6:I55,"P1-Critical",'System Inventory'!Q6:Q55,"Compliant") | C21: 100%
A22: Total gaps identified | B22: =COUNTA('Gap Analysis'!B6:B55) | C22: 0
A23: Open gaps requiring attention | B23: =COUNTIF('Gap Analysis'!K6:K55,"*Open*") | C23: 0
A25: TABLE 3 — CRITICAL FINDINGS REQUIRING ATTENTION
A26: Finding Type | B26: Risk Level | C26: Associated Sheet | D26: Recommended Action | E26: ISO Clause
A27: System not logging required events | B27: Critical | C27: System Inventory / Assessment sheets | D27: Enable logging per system type and configure SIEM forwarding immediately | E27: A.8.15(a-j)
A28: Authentication events not logged (login failures) | B28: Critical | C28: Authentication Logging | D28: Configure authentication event logging for all in-scope systems | E28: A.8.15(a)
A29: Privileged activity not logged | B29: Critical | C29: Administrative Activity | D29: Enable administrative action logging (sudo, admin console, service accounts) | E29: A.8.15(d)(e)
A30: Logs not forwarded to central SIEM | B30: High | C30: System Inventory col P | D30: Configure log forwarders; centralisation is an explicit ISO 27002:2022 requirement | E30: A.8.15
A31: Open gap past target remediation date | B31: High | C31: Gap Analysis | D31: Review overdue gaps and escalate to Information Security Manager | E31: A.8.15

Sheet Approval Sign-Off
A1: ASSESSMENT APPROVAL AND SIGN-OFF
A2: ISMS-IMP-A.8.15.1 - Log Source Inventory Assessment
A3: ASSESSMENT SUMMARY
A4: Document: | B4: ISMS-IMP-A.8.15.1 - Log Source Inventory Assessment
A5: Assessment Period:
A6: Overall Compliance Rating: | B6: ='Summary Dashboard'!G11
A7: Assessment Status:
A10: COMPLETED BY (ASSESSOR)
A11: Name:
A12: Title:
A13: Date:
A14: Signature:
A15: Comments:
A17: REVIEWED BY (INFORMATION SECURITY OFFICER)
A18: Name:
A19: Title:
A20: Date:
A21: Signature:
... A37: Special Considerations:
