Workbook

Sheet Instructions & Legend
A1: ISMS-IMP-A.8.15.2 - Log Collection & Centralisation ISO/IEC 27001:2022 - Control A.8.15: Logging
A3: Document Information
A4: Document ID | B4: ISMS-IMP-A.8.15.2
A5: Workbook Title | B5: Log Collection & Centralisation
A6: Control Reference | B6: ISO/IEC 27001:2022 - Control A.8.15: Logging
A7: Version | B7: 1.0
A8: Assessment Date
A9: Completed By
A10: Organisation
A12: Instructions
A13: 1. Document SIEM/log management platform details.
A14: 2. Catalog all log forwarders and collectors.
A15: 3. Assess collection reliability and performance.
A16: 4. Document integration architecture.
A17: 5. Review capacity and scalability.
A18: 6. Identify collection gaps and failures.
A19: 7. Review Summary Dashboard for overall health.
A20: 8. Document gaps and remediation plans.
... A23: Status Legend
A24: Symbol | B24: Status | C24: Description
A25: ✓ | B25: Compliant / Complete | C25: Requirement fully met
A26: ⚠ | B26: Partial / In Progress | C26: Partially met or in progress
A27: ✗ | B27: Non-Compliant / Not Started | C27: Requirement not met
A28: — | B28: Not Applicable | C28: Not applicable to this assessment

Sheet SIEM Platform Details
A1: SIEM PLATFORM DETAILS
A2: Document SIEM/log management platform architecture and components
A4: Platform Component | B4: Product/Vendor | C4: Version | D4: Hostname/FQDN | E4: IP Address | F4: Role | G4: OS/Platform | H4: CPU Cores | I4: Memory (GB) | J4: Storage Capacity (TB) | K4: Storage Used (TB) | L4: Storage % Used | M4: Availability | N4: Notes
A5: SIEM Core | B5: Splunk Enterprise | C5: 9.1.3 | D5: siem-core-01.example.com | E5: 10.10.1.10 | F5: Primary | G5: Red Hat Linux 8 | H5: 32 | I5: 256 | J5: 50 | K5: 32 | L5: 64% | M5: Active | N5: Primary indexer cluster node
L6: =IF(J6=0,0,K6/J6)
L7: =IF(J7=0,0,K7/J7)
L8: =IF(J8=0,0,K8/J8)
L9: =IF(J9=0,0,K9/J9)
L10: =IF(J10=0,0,K10/J10)
L11: =IF(J11=0,0,K11/J11)
L12: =IF(J12=0,0,K12/J12)
L13: =IF(J13=0,0,K13/J13)
L14: =IF(J14=0,0,K14/J14)
L15: =IF(J15=0,0,K15/J15)
L16: =IF(J16=0,0,K16/J16)
L17: =IF(J17=0,0,K17/J17)
... L55: =IF(J55=0,0,K55/J55)

Sheet Log Forwarder Inventory
A1: LOG FORWARDER INVENTORY
A2: Catalog all log forwarders/collectors deployed across infrastructure
A4: Forwarder ID | B4: Forwarder Type | C4: Version | D4: Installed On System | E4: System Hostname | F4: Destination SIEM | G4: Transport Protocol | H4: Port | I4: Encryption | J4: Buffer Enabled | K4: Buffer Size (MB) | L4: Install Date | M4: Last Updated | N4: Status | O4: Events/Day | P4: Data/Day (MB) | Q4: Last Health Check | R4: Notes
A5: FWD-001 | B5: Splunk UF | C5: 9.1.3 | D5: SYS-001 | E5: web-prod-01 | F5: Primary | G5: Syslog/TLS | H5: 9997 | I5: Yes (TLS 1.3) | J5: Yes | K5: 100 | L5: 15.06.2025 | M5: 01.12.2025 | N5: Running | O5: 250000 | P5: 150 | Q5: 06.01.2026 | R5: Forwarding web server logs
A6: =IF(B6<>"","FWD-"&TEXT(ROW()-5,"000"),"")
A7: =IF(B7<>"","FWD-"&TEXT(ROW()-5,"000"),"")
A8: =IF(B8<>"","FWD-"&TEXT(ROW()-5,"000"),"")
A9: =IF(B9<>"","FWD-"&TEXT(ROW()-5,"000"),"")
A10: =IF(B10<>"","FWD-"&TEXT(ROW()-5,"000"),"")
A11: =IF(B11<>"","FWD-"&TEXT(ROW()-5,"000"),"")
A12: =IF(B12<>"","FWD-"&TEXT(ROW()-5,"000"),"")
A13: =IF(B13<>"","FWD-"&TEXT(ROW()-5,"000"),"")
A14: =IF(B14<>"","FWD-"&TEXT(ROW()-5,"000"),"")
A15: =IF(B15<>"","FWD-"&TEXT(ROW()-5,"000"),"")
A16: =IF(B16<>"","FWD-"&TEXT(ROW()-5,"000"),"")
A17: =IF(B17<>"","FWD-"&TEXT(ROW()-5,"000"),"")
... A55: =IF(B55<>"","FWD-"&TEXT(ROW()-5,"000"),"")

Sheet Collection Reliability
A1: COLLECTION RELIABILITY
A2: Track log collection reliability metrics over assessment period (last 30 days)
A4: Source System ID | B4: Source System Name | C4: Expected Events/Day | D4: Actual Events/Day | E4: Collection Rate % | F4: Status | G4: Last Event Received | H4: Gap Detected | I4: Gap Start Time | J4: Gap End Time | K4: Gap Duration (hours) | L4: Gap Reason | M4: Resolution Actions | N4: Resolved By | O4: Resolved Date | P4: Notes
A5: SYS-001 | B5: web-prod-01 | C5: 250000 | D5: 248000 | E5: 99.2% | F5: Compliant | G5: 06.01.2026 23:55 | H5: No | P5: Healthy collection
B6: =IF(A6="","",A6&" (from IMP-1)") | E6: =IF(C6=0,0,D6/C6) | F6: =IF(A6="","",IF(E6>=0.95,"Compliant",IF(E6>=0.8,"Partial","Non-Compliant"))) | K6: =IF(AND(I6<>"",J6<>""),(J6-I6)*24,"")
B7: =IF(A7="","",A7&" (from IMP-1)") | E7: =IF(C7=0,0,D7/C7) | F7: =IF(A7="","",IF(E7>=0.95,"Compliant",IF(E7>=0.8,"Partial","Non-Compliant"))) | K7: =IF(AND(I7<>"",J7<>""),(J7-I7)*24,"")
B8: =IF(A8="","",A8&" (from IMP-1)") | E8: =IF(C8=0,0,D8/C8) | F8: =IF(A8="","",IF(E8>=0.95,"Compliant",IF(E8>=0.8,"Partial","Non-Compliant"))) | K8: =IF(AND(I8<>"",J8<>""),(J8-I8)*24,"")
B9: =IF(A9="","",A9&" (from IMP-1)") | E9: =IF(C9=0,0,D9/C9) | F9: =IF(A9="","",IF(E9>=0.95,"Compliant",IF(E9>=0.8,"Partial","Non-Compliant"))) | K9: =IF(AND(I9<>"",J9<>""),(J9-I9)*24,"")
B10: =IF(A10="","",A10&" (from IMP-1)") | E10: =IF(C10=0,0,D10/C10) | F10: =IF(A10="","",IF(E10>=0.95,"Compliant",IF(E10>=0.8,"Partial","Non-Compliant"))) | K10: =IF(AND(I10<>"",J10<>""),(J10-I10)*24,"")
B11: =IF(A11="","",A11&" (from IMP-1)") | E11: =IF(C11=0,0,D11/C11) | F11: =IF(A11="","",IF(E11>=0.95,"Compliant",IF(E11>=0.8,"Partial","Non-Compliant"))) | K11: =IF(AND(I11<>"",J11<>""),(J11-I11)*24,"")
B12: =IF(A12="","",A12&" (from IMP-1)") | E12: =IF(C12=0,0,D12/C12) | F12: =IF(A12="","",IF(E12>=0.95,"Compliant",IF(E12>=0.8,"Partial","Non-Compliant"))) | K12: =IF(AND(I12<>"",J12<>""),(J12-I12)*24,"")
B13: =IF(A13="","",A13&" (from IMP-1)") | E13: =IF(C13=0,0,D13/C13) | F13: =IF(A13="","",IF(E13>=0.95,"Compliant",IF(E13>=0.8,"Partial","Non-Compliant"))) | K13: =IF(AND(I13<>"",J13<>""),(J13-I13)*24,"")
B14: =IF(A14="","",A14&" (from IMP-1)") | E14: =IF(C14=0,0,D14/C14) | F14: =IF(A14="","",IF(E14>=0.95,"Compliant",IF(E14>=0.8,"Partial","Non-Compliant"))) | K14: =IF(AND(I14<>"",J14<>""),(J14-I14)*24,"")
B15: =IF(A15="","",A15&" (from IMP-1)") | E15: =IF(C15=0,0,D15/C15) | F15: =IF(A15="","",IF(E15>=0.95,"Compliant",IF(E15>=0.8,"Partial","Non-Compliant"))) | K15: =IF(AND(I15<>"",J15<>""),(J15-I15)*24,"")
B16: =IF(A16="","",A16&" (from IMP-1)") | E16: =IF(C16=0,0,D16/C16) | F16: =IF(A16="","",IF(E16>=0.95,"Compliant",IF(E16>=0.8,"Partial","Non-Compliant"))) | K16: =IF(AND(I16<>"",J16<>""),(J16-I16)*24,"")
B17: =IF(A17="","",A17&" (from IMP-1)") | E17: =IF(C17=0,0,D17/C17) | F17: =IF(A17="","",IF(E17>=0.95,"Compliant",IF(E17>=0.8,"Partial","Non-Compliant"))) | K17: =IF(AND(I17<>"",J17<>""),(J17-I17)*24,"")
... B55: =IF(A55="","",A55&" (from IMP-1)") | E55: =IF(C55=0,0,D55/C55) | F55: =IF(A55="","",IF(E55>=0.95,"Compliant",IF(E55>=0.8,"Partial","Non-Compliant"))) | K55: =IF(AND(I55<>"",J55<>""),(J55-I55)*24,"")

Sheet Integration Architecture
A1: INTEGRATION ARCHITECTURE
A2: Document log flow architecture and integration points
A4: Integration Point | B4: Source Type | C4: Source Count | D4: Collection Method | E4: Intermediate Hops | F4: Network Path | G4: Bandwidth Required | H4: Latency Target | I4: Current Latency | J4: Redundancy | K4: Single Point of Failure | L4: DR Capability | M4: Bottleneck Risk | N4: Notes
A5: Web Servers → SIEM | B5: Server | C5: 50 | D5: Agent-based | E5: 1 | F5: Prod VLAN → Log Concentrator → SIEM VLAN | G5: 100 Mbps | H5: <1 min | I5: 30 sec | J5: Active/Active | K5: No | L5: Yes | M5: Low | N5: Direct forwarder deployment
A60: ARCHITECTURE DIAGRAM
A61: Insert or link to architecture diagram showing complete log flow: Sources → Forwarders → SIEM → Storage Include network paths, ports, protocols, and redundancy.

Sheet SIEM Storage & Capacity
A1: SIEM STORAGE & CAPACITY
A2: Assess storage capacity, growth trends, and capacity planning
A4: Storage Component | B4: Technology | C4: Total Capacity (TB) | D4: Used Capacity (TB) | E4: Free Capacity (TB) | F4: % Used | G4: Status | H4: Retention Period | I4: Avg Daily Ingest (GB) | J4: Growth Rate %/Month | K4: Days Until Full | L4: Expansion Plan | M4: Expansion Date | N4: Cost per TB/Month | O4: Notes
A5: Hot Storage | B5: Local SSD | C5: 50 | D5: 32 | E5: 18 | F5: 64% | G5: OK | H5: 90 days | I5: 350 | J5: 5 | K5: 51 | L5: Not Needed | N5: CHF 15 | O5: Primary indexer storage
E6: =IF(C6="","",C6-D6) | F6: =IF(C6=0,0,D6/C6) | G6: =IF(A6="","",IF(F6>0.85,"Critical",IF(F6>0.7,"Warning","OK"))) | K6: =IF(OR(I6=0,E6=""),"N/A",(E6*1024)/I6)
E7: =IF(C7="","",C7-D7) | F7: =IF(C7=0,0,D7/C7) | G7: =IF(A7="","",IF(F7>0.85,"Critical",IF(F7>0.7,"Warning","OK"))) | K7: =IF(OR(I7=0,E7=""),"N/A",(E7*1024)/I7)
E8: =IF(C8="","",C8-D8) | F8: =IF(C8=0,0,D8/C8) | G8: =IF(A8="","",IF(F8>0.85,"Critical",IF(F8>0.7,"Warning","OK"))) | K8: =IF(OR(I8=0,E8=""),"N/A",(E8*1024)/I8)
E9: =IF(C9="","",C9-D9) | F9: =IF(C9=0,0,D9/C9) | G9: =IF(A9="","",IF(F9>0.85,"Critical",IF(F9>0.7,"Warning","OK"))) | K9: =IF(OR(I9=0,E9=""),"N/A",(E9*1024)/I9)
E10: =IF(C10="","",C10-D10) | F10: =IF(C10=0,0,D10/C10) | G10: =IF(A10="","",IF(F10>0.85,"Critical",IF(F10>0.7,"Warning","OK"))) | K10: =IF(OR(I10=0,E10=""),"N/A",(E10*1024)/I10)
E11: =IF(C11="","",C11-D11) | F11: =IF(C11=0,0,D11/C11) | G11: =IF(A11="","",IF(F11>0.85,"Critical",IF(F11>0.7,"Warning","OK"))) | K11: =IF(OR(I11=0,E11=""),"N/A",(E11*1024)/I11)
E12: =IF(C12="","",C12-D12) | F12: =IF(C12=0,0,D12/C12) | G12: =IF(A12="","",IF(F12>0.85,"Critical",IF(F12>0.7,"Warning","OK"))) | K12: =IF(OR(I12=0,E12=""),"N/A",(E12*1024)/I12)
E13: =IF(C13="","",C13-D13) | F13: =IF(C13=0,0,D13/C13) | G13: =IF(A13="","",IF(F13>0.85,"Critical",IF(F13>0.7,"Warning","OK"))) | K13: =IF(OR(I13=0,E13=""),"N/A",(E13*1024)/I13)
E14: =IF(C14="","",C14-D14) | F14: =IF(C14=0,0,D14/C14) | G14: =IF(A14="","",IF(F14>0.85,"Critical",IF(F14>0.7,"Warning","OK"))) | K14: =IF(OR(I14=0,E14=""),"N/A",(E14*1024)/I14)
E15: =IF(C15="","",C15-D15) | F15: =IF(C15=0,0,D15/C15) | G15: =IF(A15="","",IF(F15>0.85,"Critical",IF(F15>0.7,"Warning","OK"))) | K15: =IF(OR(I15=0,E15=""),"N/A",(E15*1024)/I15)
E16: =IF(C16="","",C16-D16) | F16: =IF(C16=0,0,D16/C16) | G16: =IF(A16="","",IF(F16>0.85,"Critical",IF(F16>0.7,"Warning","OK"))) | K16: =IF(OR(I16=0,E16=""),"N/A",(E16*1024)/I16)
E17: =IF(C17="","",C17-D17) | F17: =IF(C17=0,0,D17/C17) | G17: =IF(A17="","",IF(F17>0.85,"Critical",IF(F17>0.7,"Warning","OK"))) | K17: =IF(OR(I17=0,E17=""),"N/A",(E17*1024)/I17)
... E55: =IF(C55="","",C55-D55) | F55: =IF(C55=0,0,D55/C55) | G55: =IF(A55="","",IF(F55>0.85,"Critical",IF(F55>0.7,"Warning","OK"))) | K55: =IF(OR(I55=0,E55=""),"N/A",(E55*1024)/I55)
A57: CAPACITY PLANNING
A59: Timeframe | B59: Projected Ingest (TB) | C59: Capacity Needed (TB) | D59: Gap (TB) | E59: Estimated Cost
A60: Current | B60: =SUM(D6:D55) | C60: =SUM(C6:C55) | D60: N/A | E60: N/A
A61: 6 months | B61: =SUM(I6:I55)*180/1024 | C61: [Formula] | D61: [Formula] | E61: [Input]
A62: 12 months | B62: =SUM(I6:I55)*365/1024 | C62: [Formula] | D62: [Formula] | E62: [Input]
A63: 24 months | B63: =SUM(I6:I55)*730/1024 | C63: [Formula] | D63: [Formula] | E63: [Input]
A66: OPTIMIZATION OPPORTUNITIES
A67: • Enable compression to reduce storage usage by 50-70%
A68: • Implement tiered storage (hot/warm/cold) for cost optimization
A69: • Review retention periods - are all logs kept longer than necessary?
A70: • Archive old data to low-cost object storage (S3 Glacier, Azure Archive)
A71: • Implement data summarisation for aged logs

Sheet Log Parsing & Normalisation
A1: LOG PARSING & NORMALISATION
A2: Assess parsing accuracy, field extraction, and data normalisation
A4: Log Source Type | B4: Log Format | C4: Parsing Method | D4: Parser Status | E4: Parse Success Rate % | F4: Unparsed Events/Day | G4: Fields Extracted | H4: Required Fields Present | I4: Timestamp Parsing | J4: Timezone Handling | K4: Last Parser Update | L4: Issues Identified | M4: Tuning Required | N4: Owner | O4: Notes
A5: Windows Events | B5: EVTX | C5: Built-in | D5: Working | E5: 98.5 | F5: 3750 | G5: 25 | H5: All | I5: Correct | J5: Correct | K5: 15.11.2025 | L5: None | M5: No | N5: SIEM Team | O5: Standard Windows parser

Sheet SIEM Performance Metrics
A1: SIEM PERFORMANCE METRICS
A2: Track SIEM platform performance over assessment period (daily metrics)
A4: Metric Date | B4: Daily Events Indexed | C4: Peak Events/Second | D4: Indexing Lag (minutes) | E4: Search Performance (sec) | F4: Dashboard Load Time (sec) | G4: CPU Utilization % | H4: Memory Utilization % | I4: Disk I/O % | J4: Network Throughput (Gbps) | K4: Uptime % | L4: Incidents | M4: Performance Status | N4: Notes
A5: 06.01.2026 | B5: 25000000 | C5: 8500 | D5: 3 | E5: 8 | F5: 5 | G5: 65 | H5: 72 | I5: 45 | J5: 2.5 | K5: 100 | L5: 0 | M5: Healthy | N5: Normal operations
M6: =IF(A6="","",IF(AND(D6<=5,E6<=10,G6<80,H6<80,K6>=99.9),"Healthy",IF(OR(D6>15,E6>30,G6>90,H6>90,K6<99),"Critical","Warning")))
M7: =IF(A7="","",IF(AND(D7<=5,E7<=10,G7<80,H7<80,K7>=99.9),"Healthy",IF(OR(D7>15,E7>30,G7>90,H7>90,K7<99),"Critical","Warning")))
M8: =IF(A8="","",IF(AND(D8<=5,E8<=10,G8<80,H8<80,K8>=99.9),"Healthy",IF(OR(D8>15,E8>30,G8>90,H8>90,K8<99),"Critical","Warning")))
M9: =IF(A9="","",IF(AND(D9<=5,E9<=10,G9<80,H9<80,K9>=99.9),"Healthy",IF(OR(D9>15,E9>30,G9>90,H9>90,K9<99),"Critical","Warning")))
M10: =IF(A10="","",IF(AND(D10<=5,E10<=10,G10<80,H10<80,K10>=99.9),"Healthy",IF(OR(D10>15,E10>30,G10>90,H10>90,K10<99),"Critical","Warning")))
M11: =IF(A11="","",IF(AND(D11<=5,E11<=10,G11<80,H11<80,K11>=99.9),"Healthy",IF(OR(D11>15,E11>30,G11>90,H11>90,K11<99),"Critical","Warning")))
M12: =IF(A12="","",IF(AND(D12<=5,E12<=10,G12<80,H12<80,K12>=99.9),"Healthy",IF(OR(D12>15,E12>30,G12>90,H12>90,K12<99),"Critical","Warning")))
M13: =IF(A13="","",IF(AND(D13<=5,E13<=10,G13<80,H13<80,K13>=99.9),"Healthy",IF(OR(D13>15,E13>30,G13>90,H13>90,K13<99),"Critical","Warning")))
M14: =IF(A14="","",IF(AND(D14<=5,E14<=10,G14<80,H14<80,K14>=99.9),"Healthy",IF(OR(D14>15,E14>30,G14>90,H14>90,K14<99),"Critical","Warning")))
M15: =IF(A15="","",IF(AND(D15<=5,E15<=10,G15<80,H15<80,K15>=99.9),"Healthy",IF(OR(D15>15,E15>30,G15>90,H15>90,K15<99),"Critical","Warning")))
M16: =IF(A16="","",IF(AND(D16<=5,E16<=10,G16<80,H16<80,K16>=99.9),"Healthy",IF(OR(D16>15,E16>30,G16>90,H16>90,K16<99),"Critical","Warning")))
M17: =IF(A17="","",IF(AND(D17<=5,E17<=10,G17<80,H17<80,K17>=99.9),"Healthy",IF(OR(D17>15,E17>30,G17>90,H17>90,K17<99),"Critical","Warning")))
... M55: =IF(A55="","",IF(AND(D55<=5,E55<=10,G55<80,H55<80,K55>=99.9),"Healthy",IF(OR(D55>15,E55>30,G55>90,H55>90,K55<99),"Critical","Warning")))
A60: PERFORMANCE SUMMARY (Last 30 Days)
A62: Avg Daily Events Indexed: | B62: =AVERAGE(B6:B35)
A63: Avg Peak EPS: | B63: =AVERAGE(C6:C35)
A64: Avg Indexing Lag (min): | B64: =AVERAGE(D6:D35)
A65: Avg Search Performance (sec): | B65: =AVERAGE(E6:E35)
A66: Avg CPU Utilization %: | B66: =AVERAGE(G6:G35)
A67: Avg Memory Utilization %: | B67: =AVERAGE(H6:H35)
A68: Avg Uptime %: | B68: =AVERAGE(K6:K35)
A69: Total Incidents: | B69: =SUM(L6:L35)
A70: Days with Healthy Status: | B70: =COUNTIF(M6:M35,"Healthy")

Sheet Data Quality Assessment
A1: DATA QUALITY ASSESSMENT
A2: Assess quality of log data in SIEM (completeness, accuracy, consistency, timeliness, validity)
A4: Quality Dimension | B4: Log Source Type | C4: Assessment Method | D4: Sample Size | E4: Pass Count | F4: Fail Count | G4: Quality Score % | H4: Status | I4: Common Issues | J4: Impact | K4: Remediation Action | L4: Responsible Party | M4: Target Date | N4: Notes
A5: Completeness | B5: Web Server Logs | C5: Field presence check on 1000 events | D5: 1000 | E5: 985 | F5: 15 | G5: 98.5% | H5: Good | I5: Missing source_ip in 15 events | J5: Low | K5: Update parser to extract source_ip | L5: SIEM Team | M5: 31.01.2026 | N5: Minor issue, easily fixable
G6: =IF(AND(D6<>"",E6<>""),E6/(E6+F6),"") | H6: =IF(G6="","",IF(G6>=0.95,"Good",IF(G6>=0.8,"Fair","Poor")))
G7: =IF(AND(D7<>"",E7<>""),E7/(E7+F7),"") | H7: =IF(G7="","",IF(G7>=0.95,"Good",IF(G7>=0.8,"Fair","Poor")))
G8: =IF(AND(D8<>"",E8<>""),E8/(E8+F8),"") | H8: =IF(G8="","",IF(G8>=0.95,"Good",IF(G8>=0.8,"Fair","Poor")))
G9: =IF(AND(D9<>"",E9<>""),E9/(E9+F9),"") | H9: =IF(G9="","",IF(G9>=0.95,"Good",IF(G9>=0.8,"Fair","Poor")))
G10: =IF(AND(D10<>"",E10<>""),E10/(E10+F10),"") | H10: =IF(G10="","",IF(G10>=0.95,"Good",IF(G10>=0.8,"Fair","Poor")))
G11: =IF(AND(D11<>"",E11<>""),E11/(E11+F11),"") | H11: =IF(G11="","",IF(G11>=0.95,"Good",IF(G11>=0.8,"Fair","Poor")))
G12: =IF(AND(D12<>"",E12<>""),E12/(E12+F12),"") | H12: =IF(G12="","",IF(G12>=0.95,"Good",IF(G12>=0.8,"Fair","Poor")))
G13: =IF(AND(D13<>"",E13<>""),E13/(E13+F13),"") | H13: =IF(G13="","",IF(G13>=0.95,"Good",IF(G13>=0.8,"Fair","Poor")))
G14: =IF(AND(D14<>"",E14<>""),E14/(E14+F14),"") | H14: =IF(G14="","",IF(G14>=0.95,"Good",IF(G14>=0.8,"Fair","Poor")))
G15: =IF(AND(D15<>"",E15<>""),E15/(E15+F15),"") | H15: =IF(G15="","",IF(G15>=0.95,"Good",IF(G15>=0.8,"Fair","Poor")))
G16: =IF(AND(D16<>"",E16<>""),E16/(E16+F16),"") | H16: =IF(G16="","",IF(G16>=0.95,"Good",IF(G16>=0.8,"Fair","Poor")))
G17: =IF(AND(D17<>"",E17<>""),E17/(E17+F17),"") | H17: =IF(G17="","",IF(G17>=0.95,"Good",IF(G17>=0.8,"Fair","Poor")))
... G55: =IF(AND(D55<>"",E55<>""),E55/(E55+F55),"") | H55: =IF(G55="","",IF(G55>=0.95,"Good",IF(G55>=0.8,"Fair","Poor")))
A60: QUALITY DIMENSIONS EXPLAINED
A62: Completeness: | B62: All required fields present in logs
A63: Accuracy: | B63: Data values correct and meaningful
A64: Consistency: | B64: Same events logged same way across sources
A65: Timeliness: | B65: Logs indexed within target timeframe
A66: Validity: | B66: Data conforms to expected formats

Sheet Encryption & Authentication
A1: ENCRYPTION & AUTHENTICATION
A2: Assess security controls for log transport and collection authentication
A4: LOG TRANSPORT ENCRYPTION
A5: Log Source/Path | B5: Protocol | C5: TLS Version | D5: Cipher Suite | E5: Certificate Valid | F5: Certificate Expiry | G5: Mutual TLS | H5: Compliance Status | I5: Last Verified | J5: Evidence Ref | K5: Notes
A6: Syslog -> SIEM | B6: Syslog/TLS
A7: Windows Event -> SIEM | B7: WEF/HTTPS
A8: Linux Agents -> SIEM | B8: Agent/TLS
A9: Cloud Logs -> SIEM | B9: HTTPS API
A10: Network Devices -> SIEM | B10: Syslog/TLS
A11: Database Audit -> SIEM | B11: JDBC/TLS
A12: Container Logs -> SIEM | B12: Fluentd/TLS
A13: Application Logs -> SIEM | B13: Filebeat/TLS
A16: AUTHENTICATION METHODS
A17: Collection Method | B17: Auth Type | C17: Credential Storage | D17: Rotation Frequency | E17: Last Rotated | F17: Service Account | G17: MFA Enabled | H17: Compliance | I17: Owner | J17: Evidence Ref
A18: SIEM API Access | B18: API Key
A19: Log Forwarder Auth | B19: Certificate
A20: Cloud Platform Auth | B20: OAuth/OIDC
A21: Database Audit Auth | B21: Service Account
A22: Agent Authentication | B22: Certificate
A25: ENCRYPTION & AUTHENTICATION COMPLIANCE CHECKLIST
A26: All log transport uses TLS 1.2 or higher
A27: No plaintext log transmission over network
A28: Certificates are valid and not expired
A29: Certificate expiry monitoring in place
A30: Mutual TLS (mTLS) used where supported
A31: API keys/tokens stored securely (vault/KMS)
A32: Credentials rotated per policy (90 days max)
A33: Service accounts have minimum required permissions
A34: Authentication failures are logged and alerted
A35: Encryption at rest enabled for log storage

Sheet Gap Analysis
A1: GAP ANALYSIS
A2: Track collection infrastructure gaps and remediation plans
A4: Gap ID | B4: Gap Category | C4: Description | D4: Affected Systems | E4: Impact | F4: Current State | G4: Target State | H4: Remediation Action | I4: Owner | J4: Target Date | K4: Status | L4: Notes
A5: GAP-001 | B5: Reliability Issue | C5: Collection rate below 95% for 15 systems | D5: 15 database servers | E5: High | F5: Avg collection rate: 87% | G5: Collection rate: >95% | H5: Investigate forwarder configuration and network path | I5: DB Admin Team | J5: 31.01.2026 | K5: Open | L5: May require forwarder upgrade
A6: =IF(B6<>"","GAP-"&TEXT(ROW()-5,"000"),"")
A7: =IF(B7<>"","GAP-"&TEXT(ROW()-5,"000"),"")
A8: =IF(B8<>"","GAP-"&TEXT(ROW()-5,"000"),"")
A9: =IF(B9<>"","GAP-"&TEXT(ROW()-5,"000"),"")
A10: =IF(B10<>"","GAP-"&TEXT(ROW()-5,"000"),"")
A11: =IF(B11<>"","GAP-"&TEXT(ROW()-5,"000"),"")
A12: =IF(B12<>"","GAP-"&TEXT(ROW()-5,"000"),"")
A13: =IF(B13<>"","GAP-"&TEXT(ROW()-5,"000"),"")
A14: =IF(B14<>"","GAP-"&TEXT(ROW()-5,"000"),"")
A15: =IF(B15<>"","GAP-"&TEXT(ROW()-5,"000"),"")
A16: =IF(B16<>"","GAP-"&TEXT(ROW()-5,"000"),"")
A17: =IF(B17<>"","GAP-"&TEXT(ROW()-5,"000"),"")
... A55: =IF(B55<>"","GAP-"&TEXT(ROW()-5,"000"),"")

Sheet Evidence Register
A1: EVIDENCE REGISTER
A2: List all evidence files/documents referenced in this assessment (audit traceability).
A4: Evidence ID | B4: Assessment Area | C4: Evidence Type | D4: Description | E4: Location/Path | F4: Date Collected | G4: Collected By | H4: Verification Status
A5: EV-001 | B5: Log Collection & Centralization | C5: Configuration file | D5: SIEM forwarder configuration showing all log sources connected | E5: /evidence/a815.2/forwarder-config.pdf | F5: 01.01.2026 | G5: Security Analyst | H5: Verified

Sheet Summary Dashboard
A1: Log Collection & Centralization Assessment — SUMMARY DASHBOARD
A2: ISO/IEC 27001:2022 A.8.15 requires logs to be collected and centralised. This assessment evaluates SIEM collection infrastructure, reliability, and completeness across all log sources.
A4: TABLE 1 — COMPLIANCE OVERVIEW BY ASSESSMENT AREA
A5: Assessment Area | B5: Total Items | C5: Compliant | D5: Partial | E5: Non-Compliant | F5: N/A | G5: Compliance %
A6: Collection Reliability | B6: =C6+D6+E6+F6 | C6: =COUNTIF('Collection Reliability'!F6:F55,"Compliant") | D6: =COUNTIF('Collection Reliability'!F6:F55,"Partial") | E6: =COUNTIF('Collection Reliability'!F6:F55,"Non-Compliant") | F6: =0 | G6: =IF((B6-F6)=0,0,C6/(B6-F6))
A7: SIEM Storage & Capacity | B7: =C7+D7+E7+F7 | C7: =COUNTIF('SIEM Storage & Capacity'!G6:G55,"OK") | D7: =COUNTIF('SIEM Storage & Capacity'!G6:G55,"Warning") | E7: =COUNTIF('SIEM Storage & Capacity'!G6:G55,"Critical") | F7: =0 | G7: =IF((B7-F7)=0,0,C7/(B7-F7))
A8: SIEM Performance | B8: =C8+D8+E8+F8 | C8: =COUNTIF('SIEM Performance Metrics'!M6:M55,"Healthy") | D8: =COUNTIF('SIEM Performance Metrics'!M6:M55,"Warning") | E8: =COUNTIF('SIEM Performance Metrics'!M6:M55,"Critical") | F8: =0 | G8: =IF((B8-F8)=0,0,C8/(B8-F8))
A9: Log Forwarder Coverage | B9: =C9+D9+E9+F9 | C9: =COUNTA('Log Forwarder Inventory'!B6:B55) | D9: =0 | E9: =0 | F9: =0 | G9: =IF((B9-F9)=0,0,C9/(B9-F9))
A10: Integration Architecture | B10: =C10+D10+E10+F10 | C10: =COUNTA('Integration Architecture'!A6:A55) | D10: =0 | E10: =0 | F10: =0 | G10: =IF((B10-F10)=0,0,C10/(B10-F10))
A11: Log Parsing & Normalisation | B11: =C11+D11+E11+F11 | C11: =COUNTA('Log Parsing & Normalisation'!B6:B55) | D11: =0 | E11: =0 | F11: =0 | G11: =IF((B11-F11)=0,0,C11/(B11-F11))
A12: Data Quality Assessment | B12: =C12+D12+E12+F12 | C12: =COUNTA('Data Quality Assessment'!B6:B55) | D12: =0 | E12: =0 | F12: =0 | G12: =IF((B12-F12)=0,0,C12/(B12-F12))
A13: Encryption & Authentication | B13: =C13+D13+E13+F13 | C13: =COUNTA('Encryption & Authentication'!B6:B55) | D13: =0 | E13: =0 | F13: =0 | G13: =IF((B13-F13)=0,0,C13/(B13-F13))
A14: Gap Remediation | B14: =C14+D14+E14+F14 | C14: =COUNTIF('Gap Analysis'!K6:K55,"Resolved") | D14: =COUNTIF('Gap Analysis'!K6:K55,"In Progress") | E14: =COUNTIF('Gap Analysis'!K6:K55,"Open") | F14: =COUNTIF('Gap Analysis'!K6:K55,"Deferred") | G14: =IF((B14-F14)=0,0,C14/(B14-F14))
A15: TOTAL | B15: =SUM(B6:B14) | C15: =SUM(C6:C14) | D15: =SUM(D6:D14) | E15: =SUM(E6:E14) | F15: =SUM(F6:F14) | G15: =IF((B15-F15)=0,0,C15/(B15-F15))
A17: TABLE 2 — KEY METRICS
A18: Metric | B18: Value | C18: Target
A19: Total log forwarders deployed | B19: =COUNTA('Log Forwarder Inventory'!B6:B55) | C19: All sources
A20: Average collection reliability | B20: =IFERROR(AVERAGE('Collection Reliability'!E6:E55),"N/A") | C20: >95%
A21: Sources with reliability <95% | B21: =COUNTIF('Collection Reliability'!E6:E55,"<0.95") | C21: 0
A22: Storage utilisation (avg) | B22: =IFERROR(AVERAGE('SIEM Storage & Capacity'!F6:F55),"N/A") | C22: <70%
A23: Total collection gaps (open) | B23: =COUNTIF('Gap Analysis'!K6:K55,"Open") | C23: 0
A25: TABLE 3 — CRITICAL FINDINGS REQUIRING ATTENTION
A26: Finding Type | B26: Risk Level | C26: Associated Sheet | D26: Recommended Action | E26: ISO Clause
A27: Log collection reliability below 95% | B27: Critical | C27: Collection Reliability | D27: Investigate forwarder configuration, network path and fix collection gaps immediately | E27: A.8.15
A28: SIEM storage above 85% capacity | B28: High | C28: SIEM Storage & Capacity | D28: Expand storage or implement tiered archival to prevent log loss from overflow | E28: A.8.15
A29: Unencrypted log transmission detected | B29: High | C29: Encryption & Authentication | D29: Configure TLS 1.2+ for all log forwarding paths — integrity in transit required | E29: A.8.15
A30: Log source not forwarded to SIEM | B30: High | C30: Log Forwarder Inventory | D30: Deploy log forwarder and configure collection for uncovered sources | E30: A.8.15
A31: Open collection gap past remediation date | B31: High | C31: Gap Analysis | D31: Escalate overdue collection gaps to Information Security Manager | E31: A.8.15

Sheet Approval Sign-Off
A1: ASSESSMENT APPROVAL AND SIGN-OFF
A2: ISMS-IMP-A.8.15.2 - Log Collection & Centralisation Assessment
A3: ASSESSMENT SUMMARY
A4: Document: | B4: ISMS-IMP-A.8.15.2 - Log Collection & Centralisation Assessment
A5: Assessment Period:
A6: Overall Compliance Rating: | B6: ='Summary Dashboard'!G11
A7: Assessment Status:
A10: COMPLETED BY (ASSESSOR)
A11: Name:
A12: Title:
A13: Date:
A14: Signature:
A15: Comments:
A17: REVIEWED BY (INFORMATION SECURITY OFFICER)
A18: Name:
A19: Title:
A20: Date:
A21: Signature:
... A37: Special Considerations:
