Workbook

Sheet Instructions & Legend
A1: ISMS-IMP-A.8.15.3 - Log Protection & Retention ISO/IEC 27001:2022 - Control A.8.15: Logging
A3: Document Information
A4: Document ID | B4: ISMS-IMP-A.8.15.3
A5: Workbook Title | B5: Log Protection & Retention
A6: Control Reference | B6: ISO/IEC 27001:2022 - Control A.8.15: Logging
A7: Version | B7: 1.0
A8: Assessment Date
A9: Completed By
A10: Organisation
A12: Instructions
A13: 1. Complete each worksheet tab in sequence.
A14: 2. Use dropdown menus where provided — do not type directly.
A15: 3. Fill all yellow-highlighted cells with your organisation’s information.
A16: 4. Assess log protection controls for each system and storage tier.
A17: 5. Review access controls, integrity mechanisms, and retention policies.
A18: 6. Identify gaps and document remediation actions with timelines.
A19: 7. Collect evidence and record in the Evidence Register.
A20: 8. Obtain stakeholder approvals in the Approval & Sign-Off sheet.
A22: Status Legend
A23: Symbol | B23: Status | C23: Description
A24: ✓ | B24: Compliant / Complete | C24: Requirement fully met
A25: ⚠ | B25: Partial / In Progress | C25: Partially met or in progress
A26: ✗ | B26: Non-Compliant / Not Started | C26: Requirement not met
A27: — | B27: Not Applicable | C27: Not applicable to this assessment

Sheet Access Control Assessment
A1: ACCESS CONTROL ASSESSMENT
A2: Assess log access controls per ISMS-POL-A.8.15-S2.2.2
A4: Log Source / SIEM Component | B4: Access Control Type | C4: Authentication Required | D4: Authorisation Model | E4: Read Access Controlled | F4: Write Access Prevented | G4: Delete Access Controlled | H4: Admin Separation | I4: Access Logged (Meta) | J4: MFA Required for Admin | K4: Last Access Review | L4: Review Frequency | M4: Non-Compliance Issues | N4: Compliance Score | O4: Remediation Required | P4: Notes
A5: SIEM Core | B5: RBAC | C5: Yes | D5: Role-Based | E5: Yes | F5: Yes (read-only) | G5: Yes (restricted) | H5: Yes (separated) | I5: Yes | J5: Yes | K5: 15.12.2025 | L5: Quarterly | M5: None | N5: 100% | O5: No | P5: Full compliance
N6: =IF(A6="","",(COUNTIF(C6:J6,"*Yes*")+COUNTIF(C6:J6,"Yes*"))/8)
N7: =IF(A7="","",(COUNTIF(C7:J7,"*Yes*")+COUNTIF(C7:J7,"Yes*"))/8)
N8: =IF(A8="","",(COUNTIF(C8:J8,"*Yes*")+COUNTIF(C8:J8,"Yes*"))/8)
N9: =IF(A9="","",(COUNTIF(C9:J9,"*Yes*")+COUNTIF(C9:J9,"Yes*"))/8)
N10: =IF(A10="","",(COUNTIF(C10:J10,"*Yes*")+COUNTIF(C10:J10,"Yes*"))/8)
N11: =IF(A11="","",(COUNTIF(C11:J11,"*Yes*")+COUNTIF(C11:J11,"Yes*"))/8)
N12: =IF(A12="","",(COUNTIF(C12:J12,"*Yes*")+COUNTIF(C12:J12,"Yes*"))/8)
N13: =IF(A13="","",(COUNTIF(C13:J13,"*Yes*")+COUNTIF(C13:J13,"Yes*"))/8)
N14: =IF(A14="","",(COUNTIF(C14:J14,"*Yes*")+COUNTIF(C14:J14,"Yes*"))/8)
N15: =IF(A15="","",(COUNTIF(C15:J15,"*Yes*")+COUNTIF(C15:J15,"Yes*"))/8)
N16: =IF(A16="","",(COUNTIF(C16:J16,"*Yes*")+COUNTIF(C16:J16,"Yes*"))/8)
N17: =IF(A17="","",(COUNTIF(C17:J17,"*Yes*")+COUNTIF(C17:J17,"Yes*"))/8)
... N55: =IF(A55="","",(COUNTIF(C55:J55,"*Yes*")+COUNTIF(C55:J55,"Yes*"))/8)

Sheet Integrity Protection
A1: INTEGRITY PROTECTION MECHANISMS
A2: Assess integrity protection per ISMS-POL-A.8.15-S2.2.4
A4: Log Source / Storage | B4: Log Criticality | C4: Write-Once Storage (WORM) | D4: WORM Technology | E4: Cryptographic Hashing | F4: Hash Algorithm | G4: Hash Storage Location | H4: Digital Signatures | I4: File Sealing | J4: Integrity Check Frequency | K4: Last Integrity Check | L4: Tampering Detected | M4: Backup Protected | N4: Compliance with Policy | O4: Gap Description | P4: Remediation Plan | Q4: Notes
A5: Security Logs - Hot Storage | B5: Critical | C5: Yes | D5: Cloud Object Lock | E5: Yes | F5: SHA-256 | G5: Separate integrity DB | H5: No | I5: N/A | J5: Daily | K5: 06.01.2026 | L5: Never | M5: Yes | N5: Compliant | Q5: Full protection
N6: =IF(A6="","", IF(B6="Critical", IF(AND(C6="Yes",E6="Yes",J6="Daily"),"Compliant","Non-Compliant"), IF(B6="High", IF(AND(E6="Yes",OR(J6="Daily",J6="Weekly")),"Compliant","Non-Compliant"), IF(B6="Medium", IF(OR(J6="Daily",J6="Weekly",J6="Monthly"),"Compliant","Non-Compliant"), "Compliant"))))
N7: =IF(A7="","", IF(B7="Critical", IF(AND(C7="Yes",E7="Yes",J7="Daily"),"Compliant","Non-Compliant"), IF(B7="High", IF(AND(E7="Yes",OR(J7="Daily",J7="Weekly")),"Compliant","Non-Compliant"), IF(B7="Medium", IF(OR(J7="Daily",J7="Weekly",J7="Monthly"),"Compliant","Non-Compliant"), "Compliant"))))
N8: =IF(A8="","", IF(B8="Critical", IF(AND(C8="Yes",E8="Yes",J8="Daily"),"Compliant","Non-Compliant"), IF(B8="High", IF(AND(E8="Yes",OR(J8="Daily",J8="Weekly")),"Compliant","Non-Compliant"), IF(B8="Medium", IF(OR(J8="Daily",J8="Weekly",J8="Monthly"),"Compliant","Non-Compliant"), "Compliant"))))
N9: =IF(A9="","", IF(B9="Critical", IF(AND(C9="Yes",E9="Yes",J9="Daily"),"Compliant","Non-Compliant"), IF(B9="High", IF(AND(E9="Yes",OR(J9="Daily",J9="Weekly")),"Compliant","Non-Compliant"), IF(B9="Medium", IF(OR(J9="Daily",J9="Weekly",J9="Monthly"),"Compliant","Non-Compliant"), "Compliant"))))
N10: =IF(A10="","", IF(B10="Critical", IF(AND(C10="Yes",E10="Yes",J10="Daily"),"Compliant","Non-Compliant"), IF(B10="High", IF(AND(E10="Yes",OR(J10="Daily",J10="Weekly")),"Compliant","Non-Compliant"), IF(B10="Medium", IF(OR(J10="Daily",J10="Weekly",J10="Monthly"),"Compliant","Non-Compliant"), "Compliant"))))
N11: =IF(A11="","", IF(B11="Critical", IF(AND(C11="Yes",E11="Yes",J11="Daily"),"Compliant","Non-Compliant"), IF(B11="High", IF(AND(E11="Yes",OR(J11="Daily",J11="Weekly")),"Compliant","Non-Compliant"), IF(B11="Medium", IF(OR(J11="Daily",J11="Weekly",J11="Monthly"),"Compliant","Non-Compliant"), "Compliant"))))
N12: =IF(A12="","", IF(B12="Critical", IF(AND(C12="Yes",E12="Yes",J12="Daily"),"Compliant","Non-Compliant"), IF(B12="High", IF(AND(E12="Yes",OR(J12="Daily",J12="Weekly")),"Compliant","Non-Compliant"), IF(B12="Medium", IF(OR(J12="Daily",J12="Weekly",J12="Monthly"),"Compliant","Non-Compliant"), "Compliant"))))
N13: =IF(A13="","", IF(B13="Critical", IF(AND(C13="Yes",E13="Yes",J13="Daily"),"Compliant","Non-Compliant"), IF(B13="High", IF(AND(E13="Yes",OR(J13="Daily",J13="Weekly")),"Compliant","Non-Compliant"), IF(B13="Medium", IF(OR(J13="Daily",J13="Weekly",J13="Monthly"),"Compliant","Non-Compliant"), "Compliant"))))
N14: =IF(A14="","", IF(B14="Critical", IF(AND(C14="Yes",E14="Yes",J14="Daily"),"Compliant","Non-Compliant"), IF(B14="High", IF(AND(E14="Yes",OR(J14="Daily",J14="Weekly")),"Compliant","Non-Compliant"), IF(B14="Medium", IF(OR(J14="Daily",J14="Weekly",J14="Monthly"),"Compliant","Non-Compliant"), "Compliant"))))
N15: =IF(A15="","", IF(B15="Critical", IF(AND(C15="Yes",E15="Yes",J15="Daily"),"Compliant","Non-Compliant"), IF(B15="High", IF(AND(E15="Yes",OR(J15="Daily",J15="Weekly")),"Compliant","Non-Compliant"), IF(B15="Medium", IF(OR(J15="Daily",J15="Weekly",J15="Monthly"),"Compliant","Non-Compliant"), "Compliant"))))
N16: =IF(A16="","", IF(B16="Critical", IF(AND(C16="Yes",E16="Yes",J16="Daily"),"Compliant","Non-Compliant"), IF(B16="High", IF(AND(E16="Yes",OR(J16="Daily",J16="Weekly")),"Compliant","Non-Compliant"), IF(B16="Medium", IF(OR(J16="Daily",J16="Weekly",J16="Monthly"),"Compliant","Non-Compliant"), "Compliant"))))
N17: =IF(A17="","", IF(B17="Critical", IF(AND(C17="Yes",E17="Yes",J17="Daily"),"Compliant","Non-Compliant"), IF(B17="High", IF(AND(E17="Yes",OR(J17="Daily",J17="Weekly")),"Compliant","Non-Compliant"), IF(B17="Medium", IF(OR(J17="Daily",J17="Weekly",J17="Monthly"),"Compliant","Non-Compliant"), "Compliant"))))
... N55: =IF(A55="","", IF(B55="Critical", IF(AND(C55="Yes",E55="Yes",J55="Daily"),"Compliant","Non-Compliant"), IF(B55="High", IF(AND(E55="Yes",OR(J55="Daily",J55="Weekly")),"Compliant","Non-Compliant"), IF(B55="Medium", IF(OR(J55="Daily",J55="Weekly",J55="Monthly"),"Compliant","Non-Compliant"), "Compliant"))))

Sheet Secure Transmission
A1: SECURE TRANSMISSION ASSESSMENT
A2: Assess log transmission security per ISMS-POL-A.8.15-S2.2.3
A4: Source System | B4: Destination (SIEM) | C4: Transport Protocol | D4: Encryption in Transit | E4: TLS Version | F4: Certificate Validation | G4: Network Segment | H4: Firewall Protection | I4: Source Authentication | J4: Vulnerability Risk | K4: Compliance Status | L4: Remediation Required | M4: Target Date | N4: Notes
A5: web-prod-01 | B5: siem-core-01 | C5: TLS | D5: Yes (TLS) | E5: TLS 1.3 | F5: Yes | G5: Internal Network | H5: Yes | I5: Yes (mutual TLS/certs) | J5: None | K5: Compliant | L5: No | N5: Secure configuration
K6: =IF(A6="","", IF(OR(G6="Internet",G6="DMZ"), IF(OR(E6="TLS 1.3",E6="TLS 1.2"),"Compliant","Non-Compliant"), IF(D6="Yes (TLS)","Compliant","Partial")))
K7: =IF(A7="","", IF(OR(G7="Internet",G7="DMZ"), IF(OR(E7="TLS 1.3",E7="TLS 1.2"),"Compliant","Non-Compliant"), IF(D7="Yes (TLS)","Compliant","Partial")))
K8: =IF(A8="","", IF(OR(G8="Internet",G8="DMZ"), IF(OR(E8="TLS 1.3",E8="TLS 1.2"),"Compliant","Non-Compliant"), IF(D8="Yes (TLS)","Compliant","Partial")))
K9: =IF(A9="","", IF(OR(G9="Internet",G9="DMZ"), IF(OR(E9="TLS 1.3",E9="TLS 1.2"),"Compliant","Non-Compliant"), IF(D9="Yes (TLS)","Compliant","Partial")))
K10: =IF(A10="","", IF(OR(G10="Internet",G10="DMZ"), IF(OR(E10="TLS 1.3",E10="TLS 1.2"),"Compliant","Non-Compliant"), IF(D10="Yes (TLS)","Compliant","Partial")))
K11: =IF(A11="","", IF(OR(G11="Internet",G11="DMZ"), IF(OR(E11="TLS 1.3",E11="TLS 1.2"),"Compliant","Non-Compliant"), IF(D11="Yes (TLS)","Compliant","Partial")))
K12: =IF(A12="","", IF(OR(G12="Internet",G12="DMZ"), IF(OR(E12="TLS 1.3",E12="TLS 1.2"),"Compliant","Non-Compliant"), IF(D12="Yes (TLS)","Compliant","Partial")))
K13: =IF(A13="","", IF(OR(G13="Internet",G13="DMZ"), IF(OR(E13="TLS 1.3",E13="TLS 1.2"),"Compliant","Non-Compliant"), IF(D13="Yes (TLS)","Compliant","Partial")))
K14: =IF(A14="","", IF(OR(G14="Internet",G14="DMZ"), IF(OR(E14="TLS 1.3",E14="TLS 1.2"),"Compliant","Non-Compliant"), IF(D14="Yes (TLS)","Compliant","Partial")))
K15: =IF(A15="","", IF(OR(G15="Internet",G15="DMZ"), IF(OR(E15="TLS 1.3",E15="TLS 1.2"),"Compliant","Non-Compliant"), IF(D15="Yes (TLS)","Compliant","Partial")))
K16: =IF(A16="","", IF(OR(G16="Internet",G16="DMZ"), IF(OR(E16="TLS 1.3",E16="TLS 1.2"),"Compliant","Non-Compliant"), IF(D16="Yes (TLS)","Compliant","Partial")))
K17: =IF(A17="","", IF(OR(G17="Internet",G17="DMZ"), IF(OR(E17="TLS 1.3",E17="TLS 1.2"),"Compliant","Non-Compliant"), IF(D17="Yes (TLS)","Compliant","Partial")))
... K55: =IF(A55="","", IF(OR(G55="Internet",G55="DMZ"), IF(OR(E55="TLS 1.3",E55="TLS 1.2"),"Compliant","Non-Compliant"), IF(D55="Yes (TLS)","Compliant","Partial")))

Sheet Retention Period Compliance
A1: RETENTION PERIOD COMPLIANCE
A2: Assess retention period compliance per ISMS-POL-A.8.15-S2.3.2
A4: Log Source / Type | B4: Log Category | C4: Regulatory Requirement | D4: Policy Retention (months) | E4: Hot Storage Period (months) | F4: Warm Storage Period (months) | G4: Cold Storage Period (years) | H4: Total Retention (months) | I4: Meets Policy Requirement | J4: Retention Gap (months) | K4: Over-Retention (months) | L4: Automated Disposal | M4: Last Disposal Date | N4: Legal Hold Capability | O4: Compliance Status | P4: Remediation Action | Q4: Target Date | R4: Notes
A5: Authentication Logs | B5: Authentication | C5: ISO 27001 | D5: 12 | E5: 3 | F5: 9 | G5: 0 | H5: 12 | I5: Yes | J5: 0 | K5: 0 | L5: Yes | M5: 01.01.2026 | N5: Yes | O5: Compliant | R5: Meets minimum retention
H6: =IF(A6="","",E6+F6+(G6*12)) | I6: =IF(A6="","",IF(H6>=D6,"Yes","No")) | J6: =IF(I6="Yes",0,D6-H6) | K6: =IF(H6<=D6*1.5,0,H6-D6) | O6: =IF(A6="","",IF(I6="Yes","Compliant","Non-Compliant"))
H7: =IF(A7="","",E7+F7+(G7*12)) | I7: =IF(A7="","",IF(H7>=D7,"Yes","No")) | J7: =IF(I7="Yes",0,D7-H7) | K7: =IF(H7<=D7*1.5,0,H7-D7) | O7: =IF(A7="","",IF(I7="Yes","Compliant","Non-Compliant"))
H8: =IF(A8="","",E8+F8+(G8*12)) | I8: =IF(A8="","",IF(H8>=D8,"Yes","No")) | J8: =IF(I8="Yes",0,D8-H8) | K8: =IF(H8<=D8*1.5,0,H8-D8) | O8: =IF(A8="","",IF(I8="Yes","Compliant","Non-Compliant"))
H9: =IF(A9="","",E9+F9+(G9*12)) | I9: =IF(A9="","",IF(H9>=D9,"Yes","No")) | J9: =IF(I9="Yes",0,D9-H9) | K9: =IF(H9<=D9*1.5,0,H9-D9) | O9: =IF(A9="","",IF(I9="Yes","Compliant","Non-Compliant"))
H10: =IF(A10="","",E10+F10+(G10*12)) | I10: =IF(A10="","",IF(H10>=D10,"Yes","No")) | J10: =IF(I10="Yes",0,D10-H10) | K10: =IF(H10<=D10*1.5,0,H10-D10) | O10: =IF(A10="","",IF(I10="Yes","Compliant","Non-Compliant"))
H11: =IF(A11="","",E11+F11+(G11*12)) | I11: =IF(A11="","",IF(H11>=D11,"Yes","No")) | J11: =IF(I11="Yes",0,D11-H11) | K11: =IF(H11<=D11*1.5,0,H11-D11) | O11: =IF(A11="","",IF(I11="Yes","Compliant","Non-Compliant"))
H12: =IF(A12="","",E12+F12+(G12*12)) | I12: =IF(A12="","",IF(H12>=D12,"Yes","No")) | J12: =IF(I12="Yes",0,D12-H12) | K12: =IF(H12<=D12*1.5,0,H12-D12) | O12: =IF(A12="","",IF(I12="Yes","Compliant","Non-Compliant"))
H13: =IF(A13="","",E13+F13+(G13*12)) | I13: =IF(A13="","",IF(H13>=D13,"Yes","No")) | J13: =IF(I13="Yes",0,D13-H13) | K13: =IF(H13<=D13*1.5,0,H13-D13) | O13: =IF(A13="","",IF(I13="Yes","Compliant","Non-Compliant"))
H14: =IF(A14="","",E14+F14+(G14*12)) | I14: =IF(A14="","",IF(H14>=D14,"Yes","No")) | J14: =IF(I14="Yes",0,D14-H14) | K14: =IF(H14<=D14*1.5,0,H14-D14) | O14: =IF(A14="","",IF(I14="Yes","Compliant","Non-Compliant"))
H15: =IF(A15="","",E15+F15+(G15*12)) | I15: =IF(A15="","",IF(H15>=D15,"Yes","No")) | J15: =IF(I15="Yes",0,D15-H15) | K15: =IF(H15<=D15*1.5,0,H15-D15) | O15: =IF(A15="","",IF(I15="Yes","Compliant","Non-Compliant"))
H16: =IF(A16="","",E16+F16+(G16*12)) | I16: =IF(A16="","",IF(H16>=D16,"Yes","No")) | J16: =IF(I16="Yes",0,D16-H16) | K16: =IF(H16<=D16*1.5,0,H16-D16) | O16: =IF(A16="","",IF(I16="Yes","Compliant","Non-Compliant"))
H17: =IF(A17="","",E17+F17+(G17*12)) | I17: =IF(A17="","",IF(H17>=D17,"Yes","No")) | J17: =IF(I17="Yes",0,D17-H17) | K17: =IF(H17<=D17*1.5,0,H17-D17) | O17: =IF(A17="","",IF(I17="Yes","Compliant","Non-Compliant"))
... H55: =IF(A55="","",E55+F55+(G55*12)) | I55: =IF(A55="","",IF(H55>=D55,"Yes","No")) | J55: =IF(I55="Yes",0,D55-H55) | K55: =IF(H55<=D55*1.5,0,H55-D55) | O55: =IF(A55="","",IF(I55="Yes","Compliant","Non-Compliant"))
A60: QUICK REFERENCE - STANDARD RETENTION PERIODS
A62: Log Category | B62: Minimum Retention | C62: Regulatory Notes
A63: Security Events | B63: 12 months | C63: ISO 27001, most regulations
A64: Authentication | B64: 12 months | C64: PCI DSS v4.0.1: 12 months minimum
A65: Administrative Actions | B65: 12 months | C65: SOX: audit trail required
A66: Financial Transactions | B66: 7 years | C66: SOX compliance
A67: Healthcare Access | B67: 6 years | C67: HIPAA requirements
A68: Payment Card Data | B68: 12 months | C68: PCI DSS v4.0.1

Sheet Storage Tier Implementation
A1: STORAGE TIER IMPLEMENTATION
A2: Assess tiered storage implementation per ISMS-POL-A.8.15-S2.3.3
A4: Storage Tier | B4: Technology | C4: Capacity (TB) | D4: Used (TB) | E4: % Used | F4: Retention Period | G4: Access Performance | H4: Encryption at Rest | I4: Encryption Method | J4: Geographic Location | K4: Redundancy | L4: Backup Implemented | M4: Meets Policy Requirements | N4: Issues | O4: Notes
A5: Hot | B5: Local SSD | C5: 10 | D5: 6.5 | E5: 65% | F5: 0-90 days | G5: Real-time (<1 min) | H5: Yes | I5: AES-256 | J5: Primary DC | K5: Both | L5: Yes | M5: Yes | N5: None | O5: Production hot storage
E6: =IF(C6=0,0,D6/C6)
E7: =IF(C7=0,0,D7/C7)
E8: =IF(C8=0,0,D8/C8)
E9: =IF(C9=0,0,D9/C9)
E10: =IF(C10=0,0,D10/C10)
E11: =IF(C11=0,0,D11/C11)
E12: =IF(C12=0,0,D12/C12)
E13: =IF(C13=0,0,D13/C13)
E14: =IF(C14=0,0,D14/C14)
E15: =IF(C15=0,0,D15/C15)
E16: =IF(C16=0,0,D16/C16)
E17: =IF(C17=0,0,D17/C17)
... E55: =IF(C55=0,0,D55/C55)
A60: TIERING ASSESSMENT QUESTIONS
A62: ☐ Is 3-tier model implemented (hot/warm/cold)?
A63: ☐ Are transitions between tiers automated?
A64: ☐ Are retention periods matched to storage tiers?
A65: ☐ Is encryption at rest implemented for all tiers?
A66: ☐ Is geographic redundancy implemented for critical logs?
A67: ☐ Are backups taken from all tiers?
A68: ☐ Is performance adequate for each tier's use case?

Sheet Log Backup & Recovery
A1: LOG BACKUP & RECOVERY
A2: Assess backup and recovery capabilities per ISMS-POL-A.8.15-S2.2.7
A4: Backup Scope | B4: Backup Frequency | C4: Backup Technology | D4: Backup Location | E4: Backup Encrypted | F4: Encryption Algorithm | G4: Backup Integrity Verified | H4: Last Backup Date | I4: Last Restore Test Date | J4: Restore Test Frequency | K4: Last Restore Success | L4: RTO (Recovery Time) | M4: RPO (Recovery Point) | N4: Backup Retention Period | O4: Compliance Status | P4: Notes
A5: All Logs | B5: Daily | C5: Veeam | D5: Offsite | E5: Yes | F5: AES-256 | G5: Yes (always) | H5: 06.01.2026 | I5: 15.12.2025 | J5: Quarterly | K5: Yes | L5: 24 hours | M5: 24 hours | N5: 90 days | O5: Compliant | P5: Full backup daily
O6: =IF(A6="","", IF(AND(B6="Daily",OR(D6="Offsite",D6="Cloud",D6="Multiple"), E6="Yes",OR(J6="Quarterly",J6="Monthly")), "Compliant","Partial"))
O7: =IF(A7="","", IF(AND(B7="Daily",OR(D7="Offsite",D7="Cloud",D7="Multiple"), E7="Yes",OR(J7="Quarterly",J7="Monthly")), "Compliant","Partial"))
O8: =IF(A8="","", IF(AND(B8="Daily",OR(D8="Offsite",D8="Cloud",D8="Multiple"), E8="Yes",OR(J8="Quarterly",J8="Monthly")), "Compliant","Partial"))
O9: =IF(A9="","", IF(AND(B9="Daily",OR(D9="Offsite",D9="Cloud",D9="Multiple"), E9="Yes",OR(J9="Quarterly",J9="Monthly")), "Compliant","Partial"))
O10: =IF(A10="","", IF(AND(B10="Daily",OR(D10="Offsite",D10="Cloud",D10="Multiple"), E10="Yes",OR(J10="Quarterly",J10="Monthly")), "Compliant","Partial"))
O11: =IF(A11="","", IF(AND(B11="Daily",OR(D11="Offsite",D11="Cloud",D11="Multiple"), E11="Yes",OR(J11="Quarterly",J11="Monthly")), "Compliant","Partial"))
O12: =IF(A12="","", IF(AND(B12="Daily",OR(D12="Offsite",D12="Cloud",D12="Multiple"), E12="Yes",OR(J12="Quarterly",J12="Monthly")), "Compliant","Partial"))
O13: =IF(A13="","", IF(AND(B13="Daily",OR(D13="Offsite",D13="Cloud",D13="Multiple"), E13="Yes",OR(J13="Quarterly",J13="Monthly")), "Compliant","Partial"))
O14: =IF(A14="","", IF(AND(B14="Daily",OR(D14="Offsite",D14="Cloud",D14="Multiple"), E14="Yes",OR(J14="Quarterly",J14="Monthly")), "Compliant","Partial"))
O15: =IF(A15="","", IF(AND(B15="Daily",OR(D15="Offsite",D15="Cloud",D15="Multiple"), E15="Yes",OR(J15="Quarterly",J15="Monthly")), "Compliant","Partial"))
O16: =IF(A16="","", IF(AND(B16="Daily",OR(D16="Offsite",D16="Cloud",D16="Multiple"), E16="Yes",OR(J16="Quarterly",J16="Monthly")), "Compliant","Partial"))
O17: =IF(A17="","", IF(AND(B17="Daily",OR(D17="Offsite",D17="Cloud",D17="Multiple"), E17="Yes",OR(J17="Quarterly",J17="Monthly")), "Compliant","Partial"))
... O55: =IF(A55="","", IF(AND(B55="Daily",OR(D55="Offsite",D55="Cloud",D55="Multiple"), E55="Yes",OR(J55="Quarterly",J55="Monthly")), "Compliant","Partial"))

Sheet Disposal Procedures
A1: DISPOSAL PROCEDURES
A2: Assess secure disposal practices per ISMS-POL-A.8.15-S2.3.5
A4: Log Type / Source | B4: Retention Period Expired | C4: Automated Disposal | D4: Disposal Method | E4: Disposal Approval Required | F4: Legal Hold Check | G4: Disposal Logged | H4: Last Disposal Date | I4: Volume Disposed (GB) | J4: Disposal Verification | K4: Compliance with Policy | L4: Issues | M4: Remediation | N4: Notes
A5: Web Server Logs (>12 months) | B5: Monthly | C5: Yes | D5: Cryptographic Erasure | E5: No (automated) | F5: Yes (checked) | G5: Yes | H5: 01.01.2026 | I5: 250 | J5: Verified | K5: Compliant | L5: None | N5: Automated monthly cleanup
K6: =IF(A6="","", IF(AND(F6="Yes (checked)",G6="Yes", OR(D6="Cryptographic Erasure",D6="Multi-pass Overwrite",D6="Physical Destruction")), "Compliant","Non-Compliant"))
K7: =IF(A7="","", IF(AND(F7="Yes (checked)",G7="Yes", OR(D7="Cryptographic Erasure",D7="Multi-pass Overwrite",D7="Physical Destruction")), "Compliant","Non-Compliant"))
K8: =IF(A8="","", IF(AND(F8="Yes (checked)",G8="Yes", OR(D8="Cryptographic Erasure",D8="Multi-pass Overwrite",D8="Physical Destruction")), "Compliant","Non-Compliant"))
K9: =IF(A9="","", IF(AND(F9="Yes (checked)",G9="Yes", OR(D9="Cryptographic Erasure",D9="Multi-pass Overwrite",D9="Physical Destruction")), "Compliant","Non-Compliant"))
K10: =IF(A10="","", IF(AND(F10="Yes (checked)",G10="Yes", OR(D10="Cryptographic Erasure",D10="Multi-pass Overwrite",D10="Physical Destruction")), "Compliant","Non-Compliant"))
K11: =IF(A11="","", IF(AND(F11="Yes (checked)",G11="Yes", OR(D11="Cryptographic Erasure",D11="Multi-pass Overwrite",D11="Physical Destruction")), "Compliant","Non-Compliant"))
K12: =IF(A12="","", IF(AND(F12="Yes (checked)",G12="Yes", OR(D12="Cryptographic Erasure",D12="Multi-pass Overwrite",D12="Physical Destruction")), "Compliant","Non-Compliant"))
K13: =IF(A13="","", IF(AND(F13="Yes (checked)",G13="Yes", OR(D13="Cryptographic Erasure",D13="Multi-pass Overwrite",D13="Physical Destruction")), "Compliant","Non-Compliant"))
K14: =IF(A14="","", IF(AND(F14="Yes (checked)",G14="Yes", OR(D14="Cryptographic Erasure",D14="Multi-pass Overwrite",D14="Physical Destruction")), "Compliant","Non-Compliant"))
K15: =IF(A15="","", IF(AND(F15="Yes (checked)",G15="Yes", OR(D15="Cryptographic Erasure",D15="Multi-pass Overwrite",D15="Physical Destruction")), "Compliant","Non-Compliant"))
K16: =IF(A16="","", IF(AND(F16="Yes (checked)",G16="Yes", OR(D16="Cryptographic Erasure",D16="Multi-pass Overwrite",D16="Physical Destruction")), "Compliant","Non-Compliant"))
K17: =IF(A17="","", IF(AND(F17="Yes (checked)",G17="Yes", OR(D17="Cryptographic Erasure",D17="Multi-pass Overwrite",D17="Physical Destruction")), "Compliant","Non-Compliant"))
... K55: =IF(A55="","", IF(AND(F55="Yes (checked)",G55="Yes", OR(D55="Cryptographic Erasure",D55="Multi-pass Overwrite",D55="Physical Destruction")), "Compliant","Non-Compliant"))

Sheet Separation of Duties
A1: SEPARATION OF DUTIES
A2: Assess separation of duties per ISMS-POL-A.8.15-S2.2.6
A4: System / Component | B4: System Administrator(s) | C4: Log Administrator(s) | D4: Roles Separated | E4: Sys Admin Can Modify Logs | F4: Compensating Controls | G4: Break-Glass Procedure | H4: Break-Glass Usage Logged | I4: Independent Review | J4: Last Review Date | K4: Violations Detected | L4: Compliance Status | M4: Remediation Plan | N4: Notes
A5: SIEM Platform | B5: IT Ops Team | C5: Security Team | D5: Yes (different people) | E5: No (compliant) | G5: Yes (documented) | H5: Yes | I5: Yes | J5: 15.12.2025 | K5: None | L5: Compliant | N5: Proper separation implemented
L6: =IF(A6="","", IF(AND(D6="Yes (different people)", OR(E6="No (compliant)",E6="Limited")), "Compliant","Non-Compliant"))
L7: =IF(A7="","", IF(AND(D7="Yes (different people)", OR(E7="No (compliant)",E7="Limited")), "Compliant","Non-Compliant"))
L8: =IF(A8="","", IF(AND(D8="Yes (different people)", OR(E8="No (compliant)",E8="Limited")), "Compliant","Non-Compliant"))
L9: =IF(A9="","", IF(AND(D9="Yes (different people)", OR(E9="No (compliant)",E9="Limited")), "Compliant","Non-Compliant"))
L10: =IF(A10="","", IF(AND(D10="Yes (different people)", OR(E10="No (compliant)",E10="Limited")), "Compliant","Non-Compliant"))
L11: =IF(A11="","", IF(AND(D11="Yes (different people)", OR(E11="No (compliant)",E11="Limited")), "Compliant","Non-Compliant"))
L12: =IF(A12="","", IF(AND(D12="Yes (different people)", OR(E12="No (compliant)",E12="Limited")), "Compliant","Non-Compliant"))
L13: =IF(A13="","", IF(AND(D13="Yes (different people)", OR(E13="No (compliant)",E13="Limited")), "Compliant","Non-Compliant"))
L14: =IF(A14="","", IF(AND(D14="Yes (different people)", OR(E14="No (compliant)",E14="Limited")), "Compliant","Non-Compliant"))
L15: =IF(A15="","", IF(AND(D15="Yes (different people)", OR(E15="No (compliant)",E15="Limited")), "Compliant","Non-Compliant"))
L16: =IF(A16="","", IF(AND(D16="Yes (different people)", OR(E16="No (compliant)",E16="Limited")), "Compliant","Non-Compliant"))
L17: =IF(A17="","", IF(AND(D17="Yes (different people)", OR(E17="No (compliant)",E17="Limited")), "Compliant","Non-Compliant"))
... L55: =IF(A55="","", IF(AND(D55="Yes (different people)", OR(E55="No (compliant)",E55="Limited")), "Compliant","Non-Compliant"))

Sheet Legal Hold Management
A1: LEGAL HOLD MANAGEMENT
A2: Track legal holds per ISMS-POL-A.8.15-S2.3.6
A4: Hold ID | B4: Hold Name / Matter | C4: Initiation Date | D4: Initiated By | E4: Scope Description | F4: Systems/Sources Affected | G4: Date Range | H4: Hold Status | I4: Review Date | J4: Disposal Prevented | K4: Release Date | L4: Release Authorised By | M4: Notes
A5: HOLD-001 | B5: Internal Investigation 2025-Q4 | C5: 15.10.2025 | D5: Legal Counsel - Jane Smith | E5: All authentication and access logs for Finance Dept | F5: ERP System, File Servers | G5: 01.09.2025 - 31.12.2025 | H5: Active | I5: 15.01.2026 | J5: Yes (verified) | M5: Quarterly review scheduled
A6: =IF(B6<>"","HOLD-"&TEXT(ROW()-5,"000"),"")
A7: =IF(B7<>"","HOLD-"&TEXT(ROW()-5,"000"),"")
A8: =IF(B8<>"","HOLD-"&TEXT(ROW()-5,"000"),"")
A9: =IF(B9<>"","HOLD-"&TEXT(ROW()-5,"000"),"")
A10: =IF(B10<>"","HOLD-"&TEXT(ROW()-5,"000"),"")
A11: =IF(B11<>"","HOLD-"&TEXT(ROW()-5,"000"),"")
A12: =IF(B12<>"","HOLD-"&TEXT(ROW()-5,"000"),"")
A13: =IF(B13<>"","HOLD-"&TEXT(ROW()-5,"000"),"")
A14: =IF(B14<>"","HOLD-"&TEXT(ROW()-5,"000"),"")
A15: =IF(B15<>"","HOLD-"&TEXT(ROW()-5,"000"),"")
A16: =IF(B16<>"","HOLD-"&TEXT(ROW()-5,"000"),"")
A17: =IF(B17<>"","HOLD-"&TEXT(ROW()-5,"000"),"")
... A55: =IF(B55<>"","HOLD-"&TEXT(ROW()-5,"000"),"")

Sheet Privacy Impact Assessment
A1: PRIVACY IMPACT ASSESSMENT
A2: Assess privacy implications of log data collection and retention
A4: DATA MINIMIZATION ASSESSMENT
A5: Log Category | B5: PII/Sensitive Data Present | C5: Data Types | D5: Minimization Applied | E5: Justification | F5: Retention Period | G5: GDPR Article | H5: Compliance Status | I5: Review Date | J5: Owner | K5: Notes
A6: Authentication Logs | G6: Art. 6(1)(f)
A7: Access Logs | G7: Art. 6(1)(f)
A8: Application Logs | G8: Art. 6(1)(f)
A9: Network Logs | G9: Art. 6(1)(f)
A10: Database Audit Logs | G10: Art. 6(1)(c)
A11: Email Logs | G11: Art. 6(1)(f)
A12: HR System Logs | G12: Art. 6(1)(b)
A15: PROHIBITED DATA CHECK
A16: Data Type | B16: Logs Checked | C16: Found? | D16: Location | E16: Remediation Action | F16: Completion Date | G16: Verified By
A17: Passwords/Credentials
A18: Credit Card Numbers
A19: Social Security Numbers
A20: Health Information
A21: Biometric Data
A22: Racial/Ethnic Data
A23: Political Opinions
A24: Religious Beliefs
A27: DATA SUBJECT RIGHTS COMPLIANCE
A28: Right | B28: Applicable to Logs? | C28: Process Documented | D28: Can Be Fulfilled | E28: Response Time | F28: Evidence Ref
A29: Right of Access (Art. 15)
A30: Right to Rectification (Art. 16)
A31: Right to Erasure (Art. 17)
A32: Right to Restriction (Art. 18)
A33: Right to Data Portability (Art. 20)

Sheet Gap Analysis
A1: GAP ANALYSIS
A2: Consolidated protection and retention gaps
A4: Gap ID | B4: Gap Category | C4: Description | D4: Affected Systems | E4: Policy Requirement | F4: Risk Level | G4: Remediation Action | H4: Owner | I4: Target Date | J4: Budget Required | K4: Status | L4: Notes
A5: GAP-001 | B5: Integrity Protection | C5: WORM storage not implemented for critical logs | D5: 10 critical systems | E5: ISMS-POL-A.8.15-S2.2.4 | F5: High | G5: Implement cloud object lock for critical log storage | H5: IT Ops | I5: 31.03.2026 | J5: Yes | K5: Open | L5: Budget approval pending
A6: =IF(B6<>"","GAP-"&TEXT(ROW()-5,"000"),"")
A7: =IF(B7<>"","GAP-"&TEXT(ROW()-5,"000"),"")
A8: =IF(B8<>"","GAP-"&TEXT(ROW()-5,"000"),"")
A9: =IF(B9<>"","GAP-"&TEXT(ROW()-5,"000"),"")
A10: =IF(B10<>"","GAP-"&TEXT(ROW()-5,"000"),"")
A11: =IF(B11<>"","GAP-"&TEXT(ROW()-5,"000"),"")
A12: =IF(B12<>"","GAP-"&TEXT(ROW()-5,"000"),"")
A13: =IF(B13<>"","GAP-"&TEXT(ROW()-5,"000"),"")
A14: =IF(B14<>"","GAP-"&TEXT(ROW()-5,"000"),"")
A15: =IF(B15<>"","GAP-"&TEXT(ROW()-5,"000"),"")
A16: =IF(B16<>"","GAP-"&TEXT(ROW()-5,"000"),"")
A17: =IF(B17<>"","GAP-"&TEXT(ROW()-5,"000"),"")
... A55: =IF(B55<>"","GAP-"&TEXT(ROW()-5,"000"),"")

Sheet Evidence Register
A1: EVIDENCE REGISTER
A2: Log Protection & Retention Assessment - Audit Evidence Tracking
A4: Evidence ID | B4: Assessment Area | C4: Evidence Type | D4: Description | E4: Location/Path | F4: Date Collected | G4: Collected By | H4: Verification Status
A5: EV-001 | B5: Log Protection & Retention | C5: Configuration file | D5: SIEM log protection settings export confirming WORM storage enabled | E5: /evidence/a815.3/log-protection-config.pdf | F5: 01.01.2026 | G5: Security Analyst | H5: Verified

Sheet Summary Dashboard
A1: Log Protection & Retention Assessment — SUMMARY DASHBOARD
A2: ISO/IEC 27001:2022 A.8.15 requires logs to be protected from unauthorised access and retained for defined periods. This assessment evaluates access controls, integrity protection, retention compliance, and secure disposal.
A4: TABLE 1 — COMPLIANCE OVERVIEW BY ASSESSMENT AREA
A5: Assessment Area | B5: Total Items | C5: Compliant | D5: Partial | E5: Non-Compliant | F5: N/A | G5: Compliance %
A6: Log Access Controls | B6: =C6+D6+E6+F6 | C6: =COUNTIF('Access Control Assessment'!N6:N55,"Compliant") | D6: =COUNTIF('Access Control Assessment'!N6:N55,"Partial") | E6: =COUNTIF('Access Control Assessment'!N6:N55,"Non-Compliant") | F6: =0 | G6: =IF((B6-F6)=0,0,C6/(B6-F6))
A7: Integrity Protection | B7: =C7+D7+E7+F7 | C7: =COUNTIF('Integrity Protection'!N6:N55,"Compliant") | D7: =0 | E7: =COUNTIF('Integrity Protection'!N6:N55,"Non-Compliant") | F7: =0 | G7: =IF((B7-F7)=0,0,C7/(B7-F7))
A8: Secure Transmission | B8: =C8+D8+E8+F8 | C8: =COUNTIF('Secure Transmission'!K6:K55,"Compliant") | D8: =COUNTIF('Secure Transmission'!K6:K55,"Partial") | E8: =COUNTIF('Secure Transmission'!K6:K55,"Non-Compliant") | F8: =0 | G8: =IF((B8-F8)=0,0,C8/(B8-F8))
A9: Retention Period Compliance | B9: =C9+D9+E9+F9 | C9: =COUNTIF('Retention Period Compliance'!O6:O55,"Compliant") | D9: =0 | E9: =COUNTIF('Retention Period Compliance'!O6:O55,"Non-Compliant") | F9: =0 | G9: =IF((B9-F9)=0,0,C9/(B9-F9))
A10: Storage Tier Implementation | B10: =C10+D10+E10+F10 | C10: =COUNTA('Storage Tier Implementation'!B6:B55) | D10: =0 | E10: =0 | F10: =0 | G10: =IF((B10-F10)=0,0,C10/(B10-F10))
A11: Log Backup & Recovery | B11: =C11+D11+E11+F11 | C11: =COUNTIF('Log Backup & Recovery'!O6:O55,"Compliant") | D11: =0 | E11: =COUNTIF('Log Backup & Recovery'!O6:O55,"Non-Compliant") | F11: =0 | G11: =IF((B11-F11)=0,0,C11/(B11-F11))
A12: Disposal Procedures | B12: =C12+D12+E12+F12 | C12: =COUNTA('Disposal Procedures'!A6:A55) | D12: =0 | E12: =0 | F12: =0 | G12: =IF((B12-F12)=0,0,C12/(B12-F12))
A13: Separation of Duties | B13: =C13+D13+E13+F13 | C13: =COUNTA('Separation of Duties'!A6:A55) | D13: =0 | E13: =0 | F13: =0 | G13: =IF((B13-F13)=0,0,C13/(B13-F13))
A14: Privacy Impact Assessment | B14: =C14+D14+E14+F14 | C14: =COUNTA('Privacy Impact Assessment'!A6:A55) | D14: =0 | E14: =0 | F14: =0 | G14: =IF((B14-F14)=0,0,C14/(B14-F14))
A15: Gap Remediation | B15: =C15+D15+E15+F15 | C15: =COUNTIF('Gap Analysis'!K6:K55,"Resolved") | D15: =COUNTIF('Gap Analysis'!K6:K55,"In Progress") | E15: =COUNTIF('Gap Analysis'!K6:K55,"Open") | F15: =COUNTIF('Gap Analysis'!K6:K55,"Deferred") | G15: =IF((B15-F15)=0,0,C15/(B15-F15))
A16: TOTAL | B16: =SUM(B6:B15) | C16: =SUM(C6:C15) | D16: =SUM(D6:D15) | E16: =SUM(E6:E15) | F16: =SUM(F6:F15) | G16: =IF((B16-F16)=0,0,C16/(B16-F16))
A18: TABLE 2 — KEY METRICS
A19: Metric | B19: Value | C19: Target
A20: Total log stores assessed | B20: =COUNTA('Access Control Assessment'!A6:A55) | C20: All stores
A21: Stores with access controls compliant | B21: =COUNTIF('Access Control Assessment'!N6:N55,"Compliant") | C21: 100%
A22: Log types meeting retention requirement | B22: =COUNTIF('Retention Period Compliance'!O6:O55,"Compliant") | C22: 100%
A23: Log types with integrity verification | B23: =COUNTIF('Integrity Protection'!N6:N55,"Compliant") | C23: 100%
A24: Secure transmission paths compliant | B24: =COUNTIF('Secure Transmission'!K6:K55,"Compliant") | C24: 100%
A25: Open protection/retention gaps | B25: =COUNTIF('Gap Analysis'!K6:K55,"Open") | C25: 0
A27: TABLE 3 — CRITICAL FINDINGS REQUIRING ATTENTION
A28: Finding Type | B28: Risk Level | C28: Associated Sheet | D28: Recommended Action | E28: ISO Clause
A29: Log administrator can modify own logs (SoD failure) | B29: Critical | C29: Separation of Duties | D29: Implement strict separation between system administrators and log administrators | E29: A.8.15
A30: Logs transmitted without encryption | B30: High | C30: Secure Transmission | D30: Configure TLS 1.2+ on all log forwarding paths; plaintext transmission violates A.8.15 | E30: A.8.15
A31: No integrity verification (hashing) on security logs | B31: High | C31: Integrity Protection | D31: Implement cryptographic hashing or WORM storage for critical security logs | E31: A.8.15
A32: Retention period below regulatory minimum | B32: High | C32: Retention Period Compliance | D32: Update retention schedule to meet applicable regulatory requirements (nFADP, GDPR, PCI DSS) | E32: A.8.15
A33: Log storage overflow detected (logs lost) | B33: Critical | C33: Storage Tier Implementation | D33: Expand storage capacity immediately; log loss is a direct non-conformity under A.8.15 | E33: A.8.15

Sheet Approval Sign-Off
A1: ASSESSMENT APPROVAL AND SIGN-OFF
A2: ISMS-IMP-A.8.15.3 - Log Protection & Retention Assessment
A3: ASSESSMENT SUMMARY
A4: Document: | B4: ISMS-IMP-A.8.15.3 - Log Protection & Retention Assessment
A5: Assessment Period:
A6: Overall Compliance Rating: | B6: ='Summary Dashboard'!G11
A7: Assessment Status:
A10: COMPLETED BY (ASSESSOR)
A11: Name:
A12: Title:
A13: Date:
A14: Signature:
A15: Comments:
A17: REVIEWED BY (INFORMATION SECURITY OFFICER)
A18: Name:
A19: Title:
A20: Date:
A21: Signature:
... A37: Special Considerations:
