Workbook

Sheet Instructions & Legend
A1: ISMS-IMP-A.8.15.4 - Log Analysis & Review Assessment ISO/IEC 27001:2022 - Control A.8.15: Logging
A3: Document Information
A4: Document ID | B4: ISMS-IMP-A.8.15.4
A5: Workbook Title | B5: Log Analysis & Review Assessment
A6: Control Reference | B6: ISO/IEC 27001:2022 - Control A.8.15: Logging
A7: Version | B7: 1.0
A8: Assessment Date
A9: Completed By
A10: Organisation
A12: Instructions
A13: 1. Complete each worksheet tab in sequence.
A14: 2. Use dropdown menus where provided — do not type directly.
A15: 3. Fill all yellow-highlighted cells with your organisation’s information.
A16: 4. Document log review schedules and alert management procedures.
A17: 5. Track investigation workflows and analysis tool capabilities.
A18: 6. Record findings from reviews and continuous monitoring metrics.
A19: 7. Identify gaps and document remediation plans.
A20: 8. Gather evidence and list in Evidence Register.
... A23: Status Legend
A24: Symbol | B24: Status | C24: Description
A25: ✓ | B25: Compliant / Complete | C25: Requirement fully met
A26: ⚠ | B26: Partial / In Progress | C26: Partially met or in progress
A27: ✗ | B27: Non-Compliant / Not Started | C27: Requirement not met
A28: — | B28: Not Applicable | C28: Not applicable to this assessment

Sheet Log Review Schedule
A1: LOG REVIEW SCHEDULE
A2: Document log review schedule and completion status per ISMS-POL-A.8.15-S2.4.1
A4: Review ID | B4: Review Type | C4: Log Source / Scope | D4: Frequency | E4: Responsible Party | F4: Review Procedure | G4: Last Review Date | H4: Next Review Due | I4: Status | J4: Days Overdue | K4: Completion Rate % | L4: Findings (Last Review) | M4: Actions Taken | N4: Notes
A5: REV-001 | B5: Security Event Review | C5: Firewall logs | D5: Daily | E5: SOC Analyst | F5: Review denied connections, scan attempts | G5: 06.01.2026 | H5: 07.01.2026 | I5: On Schedule | J5: 0 | K5: 100% | L5: 3 port scans detected | M5: Blocked IPs added to blocklist | N5: Daily review completed
A6: =IF(B6<>"","REV-"&TEXT(ROW()-5,"000"),"") | J6: =IF(AND(H6<>"",H6<TODAY(),I6<>"Completed"),TODAY()-H6,0)
A7: =IF(B7<>"","REV-"&TEXT(ROW()-5,"000"),"") | J7: =IF(AND(H7<>"",H7<TODAY(),I7<>"Completed"),TODAY()-H7,0)
A8: =IF(B8<>"","REV-"&TEXT(ROW()-5,"000"),"") | J8: =IF(AND(H8<>"",H8<TODAY(),I8<>"Completed"),TODAY()-H8,0)
A9: =IF(B9<>"","REV-"&TEXT(ROW()-5,"000"),"") | J9: =IF(AND(H9<>"",H9<TODAY(),I9<>"Completed"),TODAY()-H9,0)
A10: =IF(B10<>"","REV-"&TEXT(ROW()-5,"000"),"") | J10: =IF(AND(H10<>"",H10<TODAY(),I10<>"Completed"),TODAY()-H10,0)
A11: =IF(B11<>"","REV-"&TEXT(ROW()-5,"000"),"") | J11: =IF(AND(H11<>"",H11<TODAY(),I11<>"Completed"),TODAY()-H11,0)
A12: =IF(B12<>"","REV-"&TEXT(ROW()-5,"000"),"") | J12: =IF(AND(H12<>"",H12<TODAY(),I12<>"Completed"),TODAY()-H12,0)
A13: =IF(B13<>"","REV-"&TEXT(ROW()-5,"000"),"") | J13: =IF(AND(H13<>"",H13<TODAY(),I13<>"Completed"),TODAY()-H13,0)
A14: =IF(B14<>"","REV-"&TEXT(ROW()-5,"000"),"") | J14: =IF(AND(H14<>"",H14<TODAY(),I14<>"Completed"),TODAY()-H14,0)
A15: =IF(B15<>"","REV-"&TEXT(ROW()-5,"000"),"") | J15: =IF(AND(H15<>"",H15<TODAY(),I15<>"Completed"),TODAY()-H15,0)
A16: =IF(B16<>"","REV-"&TEXT(ROW()-5,"000"),"") | J16: =IF(AND(H16<>"",H16<TODAY(),I16<>"Completed"),TODAY()-H16,0)
A17: =IF(B17<>"","REV-"&TEXT(ROW()-5,"000"),"") | J17: =IF(AND(H17<>"",H17<TODAY(),I17<>"Completed"),TODAY()-H17,0)
... A55: =IF(B55<>"","REV-"&TEXT(ROW()-5,"000"),"") | J55: =IF(AND(H55<>"",H55<TODAY(),I55<>"Completed"),TODAY()-H55,0)

Sheet Alert Management
A1: ALERT MANAGEMENT
A2: Assess alert configuration and effectiveness per ISMS-POL-A.8.15-S2.4.3
A4: Alert ID | B4: Alert Name | C4: Alert Type | D4: Severity | E4: MITRE ATT&CK Tactic | F4: Detection Logic | G4: Threshold | H4: Alerts/Month | I4: True Positives | J4: False Positives | K4: True Positive Rate % | L4: Tuning Required | M4: Playbook Exists | N4: Last Tuned | O4: Status | P4: Notes
A5: ALT-001 | B5: Multiple Failed Logins | C5: Authentication | D5: High | E5: TA0006 - Credential Access | F5: 5+ failed logins in 5 minutes | G5: >= 5 attempts | H5: 45 | I5: 38 | J5: 7 | K5: 84.4% | L5: No | M5: Yes | N5: 15.11.2025 | O5: Active | P5: Well-tuned, low FP rate
A6: =IF(B6<>"","ALT-"&TEXT(ROW()-5,"000"),"") | K6: =IF(AND(I6<>"",J6<>""),I6/(I6+J6),"")
A7: =IF(B7<>"","ALT-"&TEXT(ROW()-5,"000"),"") | K7: =IF(AND(I7<>"",J7<>""),I7/(I7+J7),"")
A8: =IF(B8<>"","ALT-"&TEXT(ROW()-5,"000"),"") | K8: =IF(AND(I8<>"",J8<>""),I8/(I8+J8),"")
A9: =IF(B9<>"","ALT-"&TEXT(ROW()-5,"000"),"") | K9: =IF(AND(I9<>"",J9<>""),I9/(I9+J9),"")
A10: =IF(B10<>"","ALT-"&TEXT(ROW()-5,"000"),"") | K10: =IF(AND(I10<>"",J10<>""),I10/(I10+J10),"")
A11: =IF(B11<>"","ALT-"&TEXT(ROW()-5,"000"),"") | K11: =IF(AND(I11<>"",J11<>""),I11/(I11+J11),"")
A12: =IF(B12<>"","ALT-"&TEXT(ROW()-5,"000"),"") | K12: =IF(AND(I12<>"",J12<>""),I12/(I12+J12),"")
A13: =IF(B13<>"","ALT-"&TEXT(ROW()-5,"000"),"") | K13: =IF(AND(I13<>"",J13<>""),I13/(I13+J13),"")
A14: =IF(B14<>"","ALT-"&TEXT(ROW()-5,"000"),"") | K14: =IF(AND(I14<>"",J14<>""),I14/(I14+J14),"")
A15: =IF(B15<>"","ALT-"&TEXT(ROW()-5,"000"),"") | K15: =IF(AND(I15<>"",J15<>""),I15/(I15+J15),"")
A16: =IF(B16<>"","ALT-"&TEXT(ROW()-5,"000"),"") | K16: =IF(AND(I16<>"",J16<>""),I16/(I16+J16),"")
A17: =IF(B17<>"","ALT-"&TEXT(ROW()-5,"000"),"") | K17: =IF(AND(I17<>"",J17<>""),I17/(I17+J17),"")
... A55: =IF(B55<>"","ALT-"&TEXT(ROW()-5,"000"),"") | K55: =IF(AND(I55<>"",J55<>""),I55/(I55+J55),"")

Sheet Investigation Workflow
A1: INVESTIGATION WORKFLOW
A2: Document investigation procedures and incident handling per ISMS-POL-A.8.15-S2.4.4
A4: Incident ID | B4: Detection Date | C4: Alert Source | D4: Severity | E4: Incident Type | F4: Status | G4: Assigned To | H4: MTTD (hours) | I4: MTTR (hours) | J4: Root Cause | K4: Actions Taken | L4: Lessons Learned | M4: Notes
A5: INC-2026-001 | B5: 05.01.2026 | C5: ALT-001 (Multiple Failed Logins) | D5: High | E5: Brute Force Attack | F5: Resolved | G5: SOC Analyst - Jane Smith | H5: 0.5 | I5: 2.0 | J5: Automated brute force from compromised botnet | K5: Blocked source IPs, forced password reset | L5: Consider rate limiting at firewall | M5: Customer notified, no data breach
A6: =IF(B6<>"","INC-2026-"&TEXT(ROW()-5,"000"),"")
A7: =IF(B7<>"","INC-2026-"&TEXT(ROW()-5,"000"),"")
A8: =IF(B8<>"","INC-2026-"&TEXT(ROW()-5,"000"),"")
A9: =IF(B9<>"","INC-2026-"&TEXT(ROW()-5,"000"),"")
A10: =IF(B10<>"","INC-2026-"&TEXT(ROW()-5,"000"),"")
A11: =IF(B11<>"","INC-2026-"&TEXT(ROW()-5,"000"),"")
A12: =IF(B12<>"","INC-2026-"&TEXT(ROW()-5,"000"),"")
A13: =IF(B13<>"","INC-2026-"&TEXT(ROW()-5,"000"),"")
A14: =IF(B14<>"","INC-2026-"&TEXT(ROW()-5,"000"),"")
A15: =IF(B15<>"","INC-2026-"&TEXT(ROW()-5,"000"),"")
A16: =IF(B16<>"","INC-2026-"&TEXT(ROW()-5,"000"),"")
A17: =IF(B17<>"","INC-2026-"&TEXT(ROW()-5,"000"),"")
... A55: =IF(B55<>"","INC-2026-"&TEXT(ROW()-5,"000"),"")

Sheet Analysis Tools & Capabilities
A1: ANALYSIS TOOLS & CAPABILITIES
A2: Document available analysis tools and capabilities per ISMS-POL-A.8.15-S2.4.2
A4: Tool / Capability | B4: Category | C4: Vendor / Product | D4: Version | E4: Purpose | F4: Users Trained | G4: Usage Frequency | H4: Effectiveness | I4: Integration with SIEM | J4: Last Updated | K4: Status | L4: Notes
A5: Splunk SIEM | B5: SIEM Platform | C5: Splunk Enterprise | D5: 9.1.3 | E5: Centralised log aggregation and analysis | F5: 15 | G5: Daily | H5: High | I5: Native | J5: 01.12.2025 | K5: Production | L5: Primary SIEM

Sheet Review Findings
A1: REVIEW FINDINGS
A2: Document findings from log reviews and analysis
A4: Finding ID | B4: Review Date | C4: Review Type | D4: Log Source | E4: Finding Description | F4: Severity | G4: Category | H4: Action Required | I4: Assigned To | J4: Due Date | K4: Status | L4: Notes
A5: FND-001 | B5: 05.01.2026 | C5: Security Event Review | D5: Firewall logs | E5: Multiple port scan attempts from same source | F5: Medium | G5: Reconnaissance | H5: Block source IP, investigate if internal | I5: SOC Team | J5: 10.01.2026 | K5: In Progress | L5: Source appears to be compromised external host
A6: =IF(B6<>"","FND-"&TEXT(ROW()-5,"000"),"")
A7: =IF(B7<>"","FND-"&TEXT(ROW()-5,"000"),"")
A8: =IF(B8<>"","FND-"&TEXT(ROW()-5,"000"),"")
A9: =IF(B9<>"","FND-"&TEXT(ROW()-5,"000"),"")
A10: =IF(B10<>"","FND-"&TEXT(ROW()-5,"000"),"")
A11: =IF(B11<>"","FND-"&TEXT(ROW()-5,"000"),"")
A12: =IF(B12<>"","FND-"&TEXT(ROW()-5,"000"),"")
A13: =IF(B13<>"","FND-"&TEXT(ROW()-5,"000"),"")
A14: =IF(B14<>"","FND-"&TEXT(ROW()-5,"000"),"")
A15: =IF(B15<>"","FND-"&TEXT(ROW()-5,"000"),"")
A16: =IF(B16<>"","FND-"&TEXT(ROW()-5,"000"),"")
A17: =IF(B17<>"","FND-"&TEXT(ROW()-5,"000"),"")
... A55: =IF(B55<>"","FND-"&TEXT(ROW()-5,"000"),"")

Sheet Continuous Monitoring
A1: CONTINUOUS MONITORING
A2: Document continuous monitoring metrics and health indicators
A4: Metric Date | B4: Total Events/Day | C4: Security Alerts Generated | D4: Alerts Investigated | E4: True Positives | F4: False Positives | G4: True Positive Rate % | H4: Avg MTTD (hours) | I4: Avg MTTR (hours) | J4: Critical Incidents | K4: Review Completion % | L4: Notes
A5: 06.01.2026 | B5: 25000000 | C5: 125 | D5: 125 | E5: 95 | F5: 30 | G5: 76% | H5: 0.8 | I5: 3.2 | J5: 2 | K5: 98% | L5: Normal operations
G6: =IF(AND(E6<>"",F6<>""),E6/(E6+F6),"")
G7: =IF(AND(E7<>"",F7<>""),E7/(E7+F7),"")
G8: =IF(AND(E8<>"",F8<>""),E8/(E8+F8),"")
G9: =IF(AND(E9<>"",F9<>""),E9/(E9+F9),"")
G10: =IF(AND(E10<>"",F10<>""),E10/(E10+F10),"")
G11: =IF(AND(E11<>"",F11<>""),E11/(E11+F11),"")
G12: =IF(AND(E12<>"",F12<>""),E12/(E12+F12),"")
G13: =IF(AND(E13<>"",F13<>""),E13/(E13+F13),"")
G14: =IF(AND(E14<>"",F14<>""),E14/(E14+F14),"")
G15: =IF(AND(E15<>"",F15<>""),E15/(E15+F15),"")
G16: =IF(AND(E16<>"",F16<>""),E16/(E16+F16),"")
G17: =IF(AND(E17<>"",F17<>""),E17/(E17+F17),"")
... G55: =IF(AND(E55<>"",F55<>""),E55/(E55+F55),"")

Sheet Performance Metrics
A1: PERFORMANCE METRICS
A2: Key performance indicators for log analysis and review programme
A4: CURRENT PERIOD METRICS
A6: Metric | B6: Value | C6: Target | D6: Status
A7: Avg True Positive Rate | B7: =AVERAGE('Continuous Monitoring'!G9:G98) | C7: >50% | D7: =IF(B7>0,"✓","✗")
A8: Avg MTTD (hours) | B8: =AVERAGE('Continuous Monitoring'!H9:H98) | C8: <1 | D8: =IF(B8>0,"✓","✗")
A9: Avg MTTR (hours) | B9: =AVERAGE('Continuous Monitoring'!I9:I98) | C9: <4 | D9: =IF(B9>0,"✓","✗")
A10: Total Incidents | B10: =COUNTA('Investigation Workflow'!A9:A208) | C10: N/A | D10: =IF(B10>0,"✓","✗")
A11: Critical Incidents | B11: =COUNTIF('Investigation Workflow'!D:D,"Critical") | C11: Minimise | D11: =IF(B11>0,"✓","✗")
A12: Review Completion Rate | B12: =COUNTIF('Log Review Schedule'!I:I,"On Schedule")/COUNTA('Log Review Schedule'!I9:I100) | C12: >95% | D12: =IF(B12>0,"✓","✗")
A13: Alerts Requiring Tuning | B13: =COUNTIF('Alert Management'!L:L,"Yes") | C13: Minimise | D13: =IF(B13>0,"✓","✗")
A14: Playbook Coverage | B14: =COUNTIF('Alert Management'!M:M,"Yes")/COUNTA('Alert Management'!M9:M150) | C14: 100% | D14: =IF(B14>0,"✓","✗")

Sheet Gap Analysis
A1: GAP ANALYSIS
A2: Identify gaps in log analysis and review capabilities
A4: Gap ID | B4: Gap Category | C4: Description | D4: Impact | E4: Policy Requirement | F4: Priority | G4: Remediation Action | H4: Owner | I4: Target Date | J4: Budget Required | K4: Status | L4: Notes
A5: GAP-001 | B5: Alert Tuning | C5: High false positive rate for network alerts | D5: Analyst fatigue, missed real threats | E5: S2.4.3 | F5: High | G5: Tune network alert thresholds, add context enrichment | H5: SOC Lead | I5: 28.02.2026 | J5: No | K5: In Progress | L5: Working with vendor support
A6: =IF(B6<>"","GAP-"&TEXT(ROW()-5,"000"),"")
A7: =IF(B7<>"","GAP-"&TEXT(ROW()-5,"000"),"")
A8: =IF(B8<>"","GAP-"&TEXT(ROW()-5,"000"),"")
A9: =IF(B9<>"","GAP-"&TEXT(ROW()-5,"000"),"")
A10: =IF(B10<>"","GAP-"&TEXT(ROW()-5,"000"),"")
A11: =IF(B11<>"","GAP-"&TEXT(ROW()-5,"000"),"")
A12: =IF(B12<>"","GAP-"&TEXT(ROW()-5,"000"),"")
A13: =IF(B13<>"","GAP-"&TEXT(ROW()-5,"000"),"")
A14: =IF(B14<>"","GAP-"&TEXT(ROW()-5,"000"),"")
A15: =IF(B15<>"","GAP-"&TEXT(ROW()-5,"000"),"")
A16: =IF(B16<>"","GAP-"&TEXT(ROW()-5,"000"),"")
A17: =IF(B17<>"","GAP-"&TEXT(ROW()-5,"000"),"")
... A55: =IF(B55<>"","GAP-"&TEXT(ROW()-5,"000"),"")

Sheet Evidence Register
A1: EVIDENCE REGISTER
A2: Evidence tracking for ISMS-IMP-A.8.15.4 — Log Analysis & Review Assessment
A4: Evidence ID | B4: Assessment Area | C4: Evidence Type | D4: Description | E4: Location/Path | F4: Date Collected | G4: Collected By | H4: Verification Status
A5: EV-001 | B5: Log Analysis & Review | C5: Screenshot | D5: SIEM dashboard screenshot showing daily log review completion for all sources | E5: /evidence/a815.4/siem-review-dashboard.png | F5: 01.01.2026 | G5: SOC Analyst | H5: Verified

Sheet Summary Dashboard
A1: {WORKBOOK_NAME} — SUMMARY DASHBOARD
A2: ISO/IEC 27001:2022 A.8.15 requires logs to be regularly reviewed and analysed. Storing logs without review is a direct non-conformity. This assessment evaluates review schedules, alert management, investigation procedures, and analysis tool capabilities.
A4: TABLE 1 — COMPLIANCE OVERVIEW BY ASSESSMENT AREA
A5: Assessment Area | B5: Total Items | C5: Compliant | D5: Partial | E5: Non-Compliant | F5: N/A | G5: Compliance %
A6: Log Review Schedule | B6: =C6+D6+E6+F6 | C6: =COUNTIF('Log Review Schedule'!I6:I55,"On Schedule")+COUNTIF('Log Review Schedule'!I6:I55,"Completed") | D6: =0 | E6: =COUNTIF('Log Review Schedule'!I6:I55,"Overdue") | F6: =COUNTIF('Log Review Schedule'!I6:I55,"Deferred") | G6: =IF((B6-F6)=0,0,C6/(B6-F6))
A7: Alert Management | B7: =C7+D7+E7+F7 | C7: =COUNTIF('Alert Management'!O6:O55,"Active") | D7: =COUNTIF('Alert Management'!O6:O55,"Testing") | E7: =COUNTIF('Alert Management'!O6:O55,"Disabled")+COUNTIF('Alert Management'!O6:O55,"Deprecated") | F7: =0 | G7: =IF((B7-F7)=0,0,C7/(B7-F7))
A8: Investigation Workflow | B8: =C8+D8+E8+F8 | C8: =COUNTA('Investigation Workflow'!B6:B55) | D8: =0 | E8: =0 | F8: =0 | G8: =IF((B8-F8)=0,0,C8/(B8-F8))
A9: Analysis Tools & Capabilities | B9: =C9+D9+E9+F9 | C9: =COUNTA('Analysis Tools & Capabilities'!A6:A55) | D9: =0 | E9: =0 | F9: =0 | G9: =IF((B9-F9)=0,0,C9/(B9-F9))
A10: Review Findings | B10: =C10+D10+E10+F10 | C10: =COUNTIF('Review Findings'!K6:K55,"Resolved") | D10: =COUNTIF('Review Findings'!K6:K55,"In Progress") | E10: =COUNTIF('Review Findings'!K6:K55,"New") | F10: =COUNTIF('Review Findings'!K6:K55,"Deferred") | G10: =IF((B10-F10)=0,0,C10/(B10-F10))
A11: Continuous Monitoring | B11: =C11+D11+E11+F11 | C11: =COUNTA('Continuous Monitoring'!A6:A55) | D11: =0 | E11: =0 | F11: =0 | G11: =IF((B11-F11)=0,0,C11/(B11-F11))
A12: Gap Remediation | B12: =C12+D12+E12+F12 | C12: =COUNTIF('Gap Analysis'!K6:K55,"Resolved") | D12: =COUNTIF('Gap Analysis'!K6:K55,"In Progress") | E12: =COUNTIF('Gap Analysis'!K6:K55,"Open") | F12: =COUNTIF('Gap Analysis'!K6:K55,"Deferred") | G12: =IF((B12-F12)=0,0,C12/(B12-F12))
A13: TOTAL | B13: =SUM(B6:B12) | C13: =SUM(C6:C12) | D13: =SUM(D6:D12) | E13: =SUM(E6:E12) | F13: =SUM(F6:F12) | G13: =IF((B13-F13)=0,0,C13/(B13-F13))
A15: TABLE 2 — KEY METRICS
A16: Metric | B16: Value | C16: Target
A17: Log reviews with active schedule | B17: =COUNTA('Log Review Schedule'!B6:B55) | C17: All log sources
A18: Overdue log reviews | B18: =COUNTIF('Log Review Schedule'!I6:I55,"Overdue") | C18: 0
A19: Active SIEM correlation rules | B19: =COUNTIF('Alert Management'!O6:O55,"Active") | C19: All configured
A20: Open review findings | B20: =COUNTIF('Review Findings'!K6:K55,"New")+COUNTIF('Review Findings'!K6:K55,"In Progress") | C20: 0
A21: Open analysis capability gaps | B21: =COUNTIF('Gap Analysis'!K6:K55,"Open") | C21: 0
A23: TABLE 3 — CRITICAL FINDINGS REQUIRING ATTENTION
A24: Finding Type | B24: Risk Level | C24: Associated Sheet | D24: Recommended Action | E24: ISO Clause
A25: No log review schedule in place (digital graveyard) | B25: Critical | C25: Log Review Schedule | D25: Establish review schedule per ISMS-POL-A.8.15 — storing without reviewing is non-compliant | E25: A.8.15
A26: Overdue log reviews | B26: High | C26: Log Review Schedule | D26: Immediately conduct overdue reviews; escalate to Information Security Manager within 24 hours | E26: A.8.15
A27: SIEM alert queue not being triaged (unreviewed alerts) | B27: Critical | C27: Alert Management | D27: Institute daily SOC triage process; unreviewed alerts indicate monitoring in name only | E27: A.8.15
A28: No investigation workflow for security anomalies | B28: High | C28: Investigation Workflow | D28: Document and implement escalation procedures for security log anomalies | E28: A.8.15
A29: Authentication failure anomalies not reviewed | B29: High | C29: Log Review Schedule / Alert Management | D29: Configure automated alerting for repeated authentication failures per A.8.15(a) | E29: A.8.15(a)

Sheet Approval Sign-Off
A1: ASSESSMENT APPROVAL AND SIGN-OFF
A2: ISMS-IMP-A.8.15.4 - Log Analysis & Review Assessment Approval Workflow
A3: ASSESSMENT SUMMARY
A4: Document: | B4: ISMS-IMP-A.8.15.4 - Log Analysis & Review Assessment
A5: Assessment Period:
A6: Overall Compliance Rating: | B6: ='Summary Dashboard'!G11
A7: Assessment Status:
A10: COMPLETED BY (ASSESSOR)
A11: Name:
A12: Title:
A13: Date:
A14: Signature:
A15: Comments:
A17: REVIEWED BY (INFORMATION SECURITY OFFICER)
A18: Name:
A19: Title:
A20: Date:
A21: Signature:
... A37: Special Considerations:
