Workbook

Sheet Instructions_Legend
A1: ISMS-IMP-A.8.2-3-5.S2 - Multi-Factor Authentication (MFA) Coverage Assessment ISO/IEC 27001:2022 - Controls A.8.2, A.8.3, A.8.5: Authentication & Privileged Access
A3: Document ID: | B3: ISMS-IMP-A.8.2-3-5.S2
A4: Assessment: | B4: MFA Coverage Assessment
A5: Version: | B5: 1.0
A6: Generated: | B6: 08.02.2026 11:49
A8: ⚠ NIS2 COMPLIANCE REQUIREMENT
A9: NIS2 Article 21(2)(e) EXPLICITLY REQUIRES multi-factor authentication for essential and important entities. This is NOT OPTIONAL. Organizations subject to NIS2 must deploy MFA for all users accessing critical systems.
A11: MFA COVERAGE TARGETS
A12: User Category | B12: Target Coverage | C12: Requirement Level | D12: Priority
A13: Privileged Users (All Tiers) | B13: 100% | C13: MANDATORY - No exceptions | D13: 🔴 Critical
A14: Remote Access Users (VPN, External) | B14: 100% | C14: MANDATORY - Security requirement | D14: 🔴 Critical
A15: Standard Internal Users | B15: 90%+ | C15: RECOMMENDED - Best practice | D15: 🟡 High
A16: MFA METHOD SECURITY RANKING | B16: 85%+ | C16: Target for mature security posture | D16: 🟢 Good
A18: MFA Method | B18: Security Level | C18: Usage Guidance | D18: Security Notes
A19: 🟢 Hardware Token (FIDO2/YubiKey) | B19: Highest Security | C19: REQUIRED for Tier 0 admins | D19: Phishing-resistant
A20: 🟢 Authenticator App (TOTP) | B20: High Security | C20: Recommended for all privileged users | D20: Offline codes, no SMS risk
A21: 🟡 Push Notification | B21: Medium-High Security | C21: Acceptable for standard users | D21: MFA fatigue risk
A22: 🟡 Biometric (Fingerprint/Face) | B22: Medium Security | C22: Device-dependent security | D22: Liveness detection critical
A23: 🟠 SMS (Discouraged) | B23: LOW Security | C23: AVOID - SIM swapping attacks | D23: Use only as backup
A24: 🟠 Voice Call | B24: LOW Security | C24: Legacy method | D24: Deprecate if possible
A25: 🟠 Email OTP | B25: LOW Security | C25: Not recommended | D25: Email compromise = MFA bypass
A27: ASSESSMENT APPROACH
A28: 1. USER MFA ENROLLMENT: Track MFA enrollment status for all users (Worksheet 2)
A29: 2. COVERAGE BY TYPE: Calculate MFA coverage metrics by user type (Worksheet 3)
A30: 3. METHOD ANALYSIS: Assess quality of MFA methods in use (Worksheet 4)
A31: 4. ENROLLMENT TIMELINE: Monitor enrollment progress over time (Worksheet 5)
A32: 5. GAP IDENTIFICATION: Identify users without MFA and prioritize remediation (Worksheet 6)
A33: 6. ENROLLMENT CAMPAIGN: Track MFA rollout campaigns and milestones (Worksheet 7)
A34: 7. BACKUP METHODS: Verify backup MFA method registration (Worksheet 8)
A35: 8. EVIDENCE COLLECTION: Document evidence supporting MFA deployment (Worksheet 9)
A36: 9. APPROVAL: Obtain required approvals from stakeholders (Worksheet 10)
A38: 🎯 REMEMBER: 81% of data breaches involve weak or stolen credentials. MFA reduces account compromise risk by 99.9%.

Sheet User_MFA_Enrollment
A1: User MFA Enrollment Status
A2: Complete tracking of MFA enrollment for all organizational users
A4: User ID / Email | B4: User Name | C4: User Type | D4: Department | E4: MFA Status | F4: MFA Method | G4: Backup Method | H4: Enrollment Date | I4: Last Verified | J4: Enrollment Deadline | K4: Days Overdue | L4: Compliance Status | M4: Notes
K5: =IF(AND(J5<>"",E5="❌ Not Enrolled - Overdue"),TODAY()-J5,"")
K6: =IF(AND(J6<>"",E6="❌ Not Enrolled - Overdue"),TODAY()-J6,"")
K7: =IF(AND(J7<>"",E7="❌ Not Enrolled - Overdue"),TODAY()-J7,"")
K8: =IF(AND(J8<>"",E8="❌ Not Enrolled - Overdue"),TODAY()-J8,"")
K9: =IF(AND(J9<>"",E9="❌ Not Enrolled - Overdue"),TODAY()-J9,"")
K10: =IF(AND(J10<>"",E10="❌ Not Enrolled - Overdue"),TODAY()-J10,"")
K11: =IF(AND(J11<>"",E11="❌ Not Enrolled - Overdue"),TODAY()-J11,"")
K12: =IF(AND(J12<>"",E12="❌ Not Enrolled - Overdue"),TODAY()-J12,"")
K13: =IF(AND(J13<>"",E13="❌ Not Enrolled - Overdue"),TODAY()-J13,"")
K14: =IF(AND(J14<>"",E14="❌ Not Enrolled - Overdue"),TODAY()-J14,"")
K15: =IF(AND(J15<>"",E15="❌ Not Enrolled - Overdue"),TODAY()-J15,"")
K16: =IF(AND(J16<>"",E16="❌ Not Enrolled - Overdue"),TODAY()-J16,"")
... K204: =IF(AND(J204<>"",E204="❌ Not Enrolled - Overdue"),TODAY()-J204,"")

Sheet MFA_Coverage_By_Type
A1: MFA Coverage Metrics by User Type
A2: Calculate MFA coverage percentages by user category and compare to targets
A4: OVERALL MFA COVERAGE DASHBOARD
A5: Privileged Users: | B5: =COUNTIFS(User_MFA_Enrollment!C:C,"Privileged*") | C5: with MFA: | D5: =COUNTIFS(User_MFA_Enrollment!C:C,"Privileged*",User_MFA_Enrollment!E:E,"✅ Enrolled*") | E5: =D5/B5
A6: Remote Access Users: | B6: =COUNTIFS(User_MFA_Enrollment!C:C,"Remote Access*") | D6: =COUNTIFS(User_MFA_Enrollment!C:C,"Remote Access*",User_MFA_Enrollment!E:E,"✅ Enrolled*") | E6: =D6/B6
A7: Standard Users: | B7: =COUNTIFS(User_MFA_Enrollment!C:C,"Standard*") | D7: =COUNTIFS(User_MFA_Enrollment!C:C,"Standard*",User_MFA_Enrollment!E:E,"✅ Enrolled*") | E7: =D7/B7
A8: OVERALL TOTAL: | B8: =SUM(B5:B7) | D8: =SUM(D5:D7) | E8: =D8/B8
A10: DETAILED USER TYPE BREAKDOWN
A11: User Type Category | B11: Total Users | C11: MFA Enrolled | D11: Not Enrolled | E11: Coverage % | F11: Target % | G11: Gap | H11: Compliance | I11: Priority | J11: Notes

Sheet MFA_Method_Analysis
A1: MFA Method Security Analysis
A2: Assess security quality of MFA methods deployed
A4: MFA Method | B4: Users Using | C4: Security Rating | D4: Deployment Date | E4: Replacement Plan | F4: Target | G4: Status

Sheet Enrollment_Timeline
A1: MFA Enrollment Timeline (Monthly Tracking)
A4: Month | B4: Privileged Enrolled | C4: Remote Enrolled | D4: Standard Enrolled | E4: Total Enrolled | F4: Cumulative %
A5: 2025-03
A6: 2025-04
A7: 2025-05
A8: 2025-06
A9: 2025-07
A10: 2025-08
A11: 2025-09
A12: 2025-10
A13: 2025-11
A14: 2025-12
A15: 2026-01
A16: 2026-02

Sheet MFA_Gaps_Priority
A1: MFA Enrollment Gaps - Prioritized Remediation
A4: User ID | B4: User Name | C4: User Type | D4: Department | E4: Risk Level | F4: Days Overdue | G4: Remediation Plan | H4: Owner | I4: Target Date | J4: Status

Sheet Enrollment_Campaign
A1: MFA Enrollment Campaign Tracking
A4: Campaign Phase | B4: Target Group | C4: Start Date | D4: End Date | E4: Users Targeted | F4: Users Enrolled | G4: Completion % | H4: Status

Sheet Backup_Method_Status
A1: Backup MFA Method Verification
A2: Users should register backup MFA method (in case primary device lost)
A4: User ID | B4: Primary MFA | C4: Backup Method Registered | D4: Backup Method Type | E4: Last Tested | F4: Status

Sheet Evidence_Register
A1: MFA Evidence Register
A4: Evidence ID | B4: Evidence Type | C4: Description | D4: Source | E4: Date Collected | F4: Collected By | G4: Verification

Sheet Approval_Sign_Off
A1: MFA Assessment Approval & Sign-Of
A3: Assessment Completion
A4: Assessment Date:
A5: Assessed By:
A6: MFA Coverage Status:
A8: Approval Workflow
A9: Level | B9: Role | C9: Name | D9: Date | E9: Signature
A10: Level 1 | B10: IAM Lead
A11: Level 2 | B11: Security Architect
A12: Level 3 | B12: CISO
