Workbook

Sheet Instructions & Legend
A1: ISMS-IMP-A.5.35-36.S1 - Independent Review Planning and Tracking ISO/IEC 27001:2022 - Control A.5.35: Independent Review of Information Security
A3: Document Information
A4: Document ID | B4: ISMS-IMP-A.5.35-36.S1
A5: Workbook Title | B5: Independent Review Planning and Tracking
A6: Control Reference | B6: ISO/IEC 27001:2022 - Control A.5.35: Independent Review of Information Security
A7: Version | B7: 1.0
A8: Assessment Date
A9: Completed By
A10: Organisation
A12: Instructions
A13: 1. Complete Review Schedule — plan all independent ISMS reviews for the assessment period.
A14: 2. Complete Reviewer Registry — document qualified independent reviewers (internal audit, external).
A15: 3. Complete Review Scope — define the scope, objectives, and criteria for each review.
A16: 4. Complete Review Execution — record review activities, interviews, and evidence collected.
A17: 5. Complete Findings Summary — consolidate all findings with risk ratings and recommendations.
A18: 6. Maintain Evidence Records with review reports and management responses.
A19: 7. Obtain final approval and sign-off in the Approval Sign-Off sheet.
A21: Status Legend
A22: Symbol | B22: Status | C22: Description
A23: ✓ | B23: Compliant / Complete | C23: Requirement fully met
A24: ⚠ | B24: Partial / In Progress | C24: Partially met or in progress
A25: ✗ | B25: Non-Compliant / Not Started | C25: Requirement not met
A26: — | B26: Not Applicable | C26: Not applicable to this assessment

Sheet Review Schedule
A1: INDEPENDENT REVIEW SCHEDULE
A2: Record all independent reviews of the ISMS at planned intervals — include type, scope, reviewer, dates, and status.
A3: Review ID | B3: Review Type | C3: Review Scope | D3: Planned Start | E3: Planned End | F3: Actual Start | G3: Actual End | H3: Lead Reviewer | I3: Review Status | J3: Findings Count | K3: Report Date | L3: Notes
A4: REV-2026-001 | B4: Annual Comprehensive | C4: Full ISMS scope including A.5-A.8 | D4: 01.03.2026 | E4: 15.03.2026 | F4: 01.03.2026 | G4: 14.03.2026 | H4: J. Smith (External) | I4: Completed | J4: 3 | K4: 20.03.2026 | L4: Annual review — ISO 27001:2022 certification audit

Sheet Reviewer Registry
A1: QUALIFIED REVIEWER REGISTRY
A2: Register all approved independent reviewers — record qualifications, independence status, and approval for use in ISMS reviews.
A3: Reviewer ID | B3: Reviewer Name | C3: Organisation | D3: Reviewer Type | E3: Qualifications | F3: Certification Expiry | G3: Areas of Expertise | H3: Independence Status | I3: Last Review Date | J3: Approval Status | K3: Notes
A4: RVR-001 | B4: Jane Smith | C4: ISO Auditors Ltd | D4: External Auditor | E4: ISO 27001 Lead Auditor (IRCA), CISA | F4: 31.12.2027 | G4: ISMS Governance, Access Control, Risk Management | H4: Fully Independent | I4: 15.03.2026 | J4: Approved | K4: Approved for annual ISMS certification audit

Sheet Review Scope
A1: REVIEW SCOPE DEFINITION
A2: Define the scope for each independent review — specify controls covered, departments, systems, sampling approach, and approver.
A3: Review Ref | B3: Scope Area | C3: ISO Controls | D3: Departments Included | E3: Systems Included | F3: Exclusions | G3: Sampling Approach | H3: Sample Size | I3: Scope Approved By | J3: Notes
A4: REV-2026-001 | B4: ISMS Governance | C4: A.5.1-A.5.4 | D4: Executive, IS Team | E4: ISMS platform, SharePoint | F4: Operational systems | G4: Risk-Based | H4: 25 | I4: CISO | J4: Scope agreed and approved 15.02.2026

Sheet Review Execution
A1: REVIEW EXECUTION TRACKING
A2: Track individual review activities — log assigned reviewer, planned/actual dates, status, evidence collected, and any issues found.
A3: Activity ID | B3: Review Ref | C3: Activity Description | D3: Assigned To | E3: Planned Date | F3: Actual Date | G3: Status | H3: Evidence Collected | I3: Interviews Conducted | J3: Issues Found | K3: Follow Up Required | L3: Notes
A4: ACT-001 | B4: REV-2026-001 | C4: Review access control policy and implementation | D4: J. Smith | E4: 02.03.2026 | F4: 02.03.2026 | G4: Completed | H4: Yes | I4: Yes | J4: 2 | K4: No | L4: Policy v2.1 reviewed; 2 gaps identified in MFA enforcement

Sheet Findings Summary
A1: REVIEW FINDINGS SUMMARY
A2: Record all findings identified during independent reviews — classify by type and severity, assign owners, and track to closure.
A3: Finding ID | B3: Review Ref | C3: Finding Type | D3: Finding Description | E3: Control Reference | F3: Severity | G3: Root Cause | H3: Recommendation | I3: Management Response | J3: Remediation Owner | K3: Target Date | L3: Status
A4: FND-001 | B4: REV-2026-001 | C4: Non-Conformity | D4: MFA not enforced for privileged accounts in cloud environment | E4: A.5.15, A.8.5 | F4: Major | G4: Policy gap — MFA policy not updated post-cloud migration | H4: Enforce MFA for all privileged accounts within 30 days | I4: Accepted — remediation plan in progress | J4: IT Operations Manager | K4: 31.03.2026 | L4: In Progress

Sheet Evidence Register
A1: EVIDENCE REGISTER
A2: Record all evidence collected during independent reviews — link each item to a review, specify type, location, and retention period.
A4: Evidence ID | B4: Evidence Type | C4: Description | D4: Related Review | E4: Collection Date | F4: Location | G4: Collected By | H4: Retention Until
A5: EV-001 | B5: Audit Report | C5: Annual ISMS independent review report 2026 | D5: REV-2026-001 | E5: 20.03.2026 | F5: //fileserver/isms/evidence/reviews/2026/rev-2026-001-report.pdf | G5: J. Smith | H5: 31.03.2031

Sheet Summary Dashboard
A1: INDEPENDENT REVIEW PLANNING AND TRACKING — SUMMARY DASHBOARD
A2: ISO/IEC 27001:2022 | Control A.5.35: Independent Review of Information Security
A4: TABLE 1: ASSESSMENT AREA COMPLIANCE OVERVIEW
A5: Assessment Area | B5: Total Items | C5: Compliant | D5: Partial | E5: Non-Compliant | F5: N/A | G5: Compliance %
A6: Review Planning | B6: =COUNTA('Review Schedule'!B5:B54) | C6: =COUNTIF('Review Schedule'!I5:I54,"Completed") | D6: =COUNTIF('Review Schedule'!I5:I54,"In Progress") | E6: =COUNTIF('Review Schedule'!I5:I54,"Postponed")+COUNTIF('Review Schedule'!I5:I54,"Cancelled") | F6: =COUNTIF('Review Schedule'!I5:I54,"Planned") | G6: =IFERROR(IF((B6-F6)=0,0,C6/(B6-F6)),"")
A7: Reviewer Registry | B7: =COUNTA('Reviewer Registry'!B5:B54) | C7: =COUNTIF('Reviewer Registry'!J5:J54,"Approved") | D7: =COUNTIF('Reviewer Registry'!J5:J54,"Pending Approval") | E7: =COUNTIF('Reviewer Registry'!J5:J54,"Revoked") | F7: =COUNTIF('Reviewer Registry'!J5:J54,"Expired") | G7: =IFERROR(IF((B7-F7)=0,0,C7/(B7-F7)),"")
A8: Review Execution | B8: =COUNTA('Review Execution'!B5:B54) | C8: =COUNTIF('Review Execution'!G5:G54,"Completed") | D8: =COUNTIF('Review Execution'!G5:G54,"In Progress") | E8: =COUNTIF('Review Execution'!G5:G54,"Blocked") | F8: =COUNTIF('Review Execution'!G5:G54,"Not Started") | G8: =IFERROR(IF((B8-F8)=0,0,C8/(B8-F8)),"")
A9: Findings Summary | B9: =COUNTA('Findings Summary'!B5:B54) | C9: =COUNTIF('Findings Summary'!L5:L54,"Closed") | D9: =COUNTIF('Findings Summary'!L5:L54,"In Progress") | E9: =COUNTIF('Findings Summary'!L5:L54,"Open") | F9: =COUNTIF('Findings Summary'!L5:L54,"Accepted") | G9: =IFERROR(IF((B9-F9)=0,0,C9/(B9-F9)),"")
A10: TOTAL | B10: =SUM(B6:B9) | C10: =SUM(C6:C9) | D10: =SUM(D6:D9) | E10: =SUM(E6:E9) | F10: =SUM(F6:F9) | G10: =IFERROR(IF((B10-F10)=0,0,C10/(B10-F10)),"")
A12: TABLE 2: KEY METRICS
A13: Metric | B13: Value
A14: Total Reviews Scheduled | B14: =COUNTA('Review Schedule'!B5:B54)
A15: Reviews Completed | B15: =COUNTIF('Review Schedule'!I5:I54,"Completed")
A16: Reviews In Progress | B16: =COUNTIF('Review Schedule'!I5:I54,"In Progress")
A17: Reviews Postponed or Cancelled | B17: =COUNTIF('Review Schedule'!I5:I54,"Postponed")+COUNTIF('Review Schedule'!I5:I54,"Cancelled")
A18: Annual Comprehensive Reviews | B18: =COUNTIF('Review Schedule'!B5:B54,"Annual Comprehensive")
A19: Surveillance Reviews | B19: =COUNTIF('Review Schedule'!B5:B54,"Surveillance")
A20: Ad-Hoc / Post-Incident Reviews | B20: =COUNTIF('Review Schedule'!B5:B54,"Ad-Hoc")+COUNTIF('Review Schedule'!B5:B54,"Post-Incident")
A21: Total Registered Reviewers | B21: =COUNTA('Reviewer Registry'!B5:B54)
A22: Approved Reviewers | B22: =COUNTIF('Reviewer Registry'!J5:J54,"Approved")
A23: Fully Independent Reviewers | B23: =COUNTIF('Reviewer Registry'!H5:H54,"Fully Independent")
A24: External Reviewers | B24: =COUNTIF('Reviewer Registry'!D5:D54,"External Auditor")+COUNTIF('Reviewer Registry'!D5:D54,"External Consultant")
A25: Total Execution Activities | B25: =COUNTA('Review Execution'!B5:B54)
A26: Activities Completed | B26: =COUNTIF('Review Execution'!G5:G54,"Completed")
A27: Activities with Evidence Collected | B27: =COUNTIF('Review Execution'!H5:H54,"Yes")
A28: Blocked Activities | B28: =COUNTIF('Review Execution'!G5:G54,"Blocked")
A29: Total Findings Identified | B29: =COUNTA('Findings Summary'!B5:B54)
A30: Major Non-Conformities | B30: =COUNTIF('Findings Summary'!F5:F54,"Major")
A31: Minor Observations | B31: =COUNTIF('Findings Summary'!C5:C54,"Observation")
A32: Open Findings | B32: =COUNTIF('Findings Summary'!L5:L54,"Open")
A33: Closed Findings | B33: =COUNTIF('Findings Summary'!L5:L54,"Closed")
A37: TABLE 3: CRITICAL FINDINGS REQUIRING IMMEDIATE ATTENTION
A38: Category | B38: Finding | C38: Count | D38: Severity | E38: Action Required
A39: Review Planning | B39: Reviews postponed or cancelled | C39: =COUNTIF('Review Schedule'!I5:I54,"Postponed")+COUNTIF('Review Schedule'!I5:I54,"Cancelled") | D39: High | E39: Reschedule immediately
A40: Reviewer Qualification | B40: Reviewers with expired credentials | C40: =COUNTIF('Reviewer Registry'!J5:J54,"Expired") | D40: High | E40: Renew or replace reviewer
A41: Reviewer Independence | B41: Reviewers flagged not independent | C41: =COUNTIF('Reviewer Registry'!H5:H54,"Not Independent") | D41: Critical | E41: Escalate to CISO
A42: Review Execution | B42: Execution activities blocked | C42: =COUNTIF('Review Execution'!G5:G54,"Blocked") | D42: High | E42: Investigate and unblock
A43: Findings Management | B43: Major non-conformities open | C43: =COUNTIFS('Findings Summary'!C5:C54,"Non-Conformity",'Findings Summary'!F5:F54,"Major",'Findings Summary'!L5:L54,"Open") | D43: Critical | E43: Immediate remediation
A44: Findings Management | B44: All open non-conformities | C44: =COUNTIFS('Findings Summary'!C5:C54,"Non-Conformity",'Findings Summary'!L5:L54,"Open") | D44: High | E44: Assign owner and date
A45: Evidence | B45: Completed activities with no evidence | C45: =COUNTIFS('Review Execution'!G5:G54,"Completed",'Review Execution'!H5:H54,"No") | D45: Medium | E45: Collect evidence

Sheet Approval Sign-Off
A1: ASSESSMENT APPROVAL AND SIGN-OFF
A2: ISO/IEC 27001:2022 - Control A.5.35: Independent Review of Information Security
A3: ASSESSMENT SUMMARY
A4: Document: | B4: ISMS-IMP-A.5.35-36.S1 - Independent Review Planning and Tracking
A5: Assessment Period:
A6: Overall Compliance Rating: | B6: =IFERROR(AVERAGE('Summary Dashboard'!G6:G9),"")
A7: Assessment Status:
A8: Assessed By:
A11: COMPLETED BY (ASSESSOR)
A12: Name:
A13: Title:
A14: Date:
A15: Signature:
A16: Comments:
A18: REVIEWED BY (INFORMATION SECURITY OFFICER)
A19: Name:
A20: Title:
A21: Date:
... A38: Special Considerations:
