Workbook

Sheet Instructions & Legend
A1: ISMS-IMP-A.5.5-6.S1 - Authority Contacts Register ISO/IEC 27001:2022 - Control A.5.5-6: Contact with Authorities & Special Interest Groups
A3: Document Information
A4: Document ID | B4: ISMS-IMP-A.5.5-6.S1
A5: Workbook Title | B5: Authority Contacts Register
A6: Control Reference | B6: ISO/IEC 27001:2022 - Control A.5.5-6: Contact with Authorities & Special Interest Groups
A7: Version | B7: 1.0
A8: Assessment Date
A9: Completed By
A10: Organisation
A12: Instructions
A13: 1. Complete Authority Registry — list all regulatory bodies, CERTs, and law enforcement contacts.
A14: 2. Complete Contact Types — classify each contact (Regulatory, Incident Response, Advisory).
A15: 3. Log all contacts in Communication Log with date, method, and outcome.
A16: 4. Complete Verification Register — confirm contact details are current and tested.
A17: 5. Maintain the Evidence Register with correspondence and contact verification records.
A18: 6. Obtain final approval and sign-off in the Approval Sign-Off sheet.
A20: Status Legend
A21: Symbol | B21: Status | C21: Description
A22: ✓ | B22: Compliant / Complete | C22: Requirement fully met
A23: ⚠ | B23: Partial / In Progress | C23: Partially met or in progress
A24: ✗ | B24: Non-Compliant / Not Started | C24: Requirement not met
A25: — | B25: Not Applicable | C25: Not applicable to this assessment

Sheet Authority Registry
A1: AUTHORITY REGISTRY
A2: ISO 27001:2022 | Control A.5.5-6 | Authority Contacts Register
A3: Contact ID | B3: Authority Name | C3: Authority Type | D3: Jurisdiction | E3: Primary Contact Name | F3: Primary Contact Title | G3: Primary Phone | H3: Primary Email | I3: Secondary Contact Name | J3: Secondary Phone | K3: Website | L3: Physical Address | M3: Internal Owner | N3: Owner Department | O3: Relationship Status | P3: Last Contact Date | Q3: Next Review Date | R3: Escalation Trigger | S3: Notes
A4: AUTH-001 | B4: FDPIC | C4: Data Protection Authority | D4: Switzerland | E4: Office of the Commissioner | F4: Commissioner | G4: +41 31 323 27 07 | H4: info@edoeb.admin.ch | K4: www.edoeb.admin.ch | L4: Feldeggweg 1, 3003 Bern | M4: J. Smith | N4: Compliance | O4: Active | P4: 01.01.2026 | Q4: 01.01.2027 | R4: Data breach notification | S4: Key DPA contact

Sheet Contact Types
A1: CONTACT TYPES
A2: ISO 27001:2022 | Control A.5.5-6 | Authority Type Reference
A3: Type Code | B3: Authority Type | C3: Description | D3: Typical Scenarios | E3: Mandatory Contact | F3: Response SLA | G3: Escalation Path | H3: Required Information | I3: Example Authorities
A4: LE | B4: Law Enforcement | C4: Police and cybercrime investigation units | D4: Security incidents, theft, criminal activity | E4: Yes (for crimes) | F4: Immediate | G4: CISO > Legal > CEO | H4: Incident details, evidence preservation | I4: Cantonal Police, Fedpol, Europol
A5: DPA | B5: Data Protection Authority | C5: Personal data protection regulators | D5: Data breaches affecting individuals | E5: Yes (72h breach notification) | F5: 72 hours | G5: DPO > Legal > CISO | H5: Breach scope, affected individuals, mitigation | I5: FDPIC (CH), ICO (UK), CNIL (FR)
A6: FIN | B6: Financial Regulator | C6: Financial services regulators | D6: Financial system impacts, regulatory reporting | E6: Conditional | F6: Per regulation | G6: CFO > Legal > CEO | H6: Financial impact, regulatory requirements | I6: FINMA (CH), BaFin (DE), SEC (US)
A7: SEC | B7: Sector Regulator | C7: Industry-specific regulatory bodies | D7: Industry compliance, sector-specific incidents | E7: Conditional | F7: Per regulation | G7: Compliance > Legal | H7: Sector-specific details | I7: OFCOM, BAFU, Swissmedic
A8: EME | B8: Emergency Services | C8: Fire, ambulance, utilities | D8: Physical emergencies, facility incidents | E8: Yes (emergencies) | F8: Immediate | G8: Facility Mgr > HR > CEO | H8: Location, nature of emergency | I8: Fire Brigade, Ambulance, Police
A9: CYB | B9: Government Cybersecurity | C9: National cybersecurity centers | D9: Cyber threats, national security concerns | E9: Recommended | F9: 24-48 hours | G9: CISO > Legal | H9: Threat details, IOCs, impact | I9: NCSC (CH), BSI (DE), CISA (US)
A10: STD | B10: Standards Body | C10: Certification and standards organisations | D10: Certification matters, standard interpretations | E10: No | F10: Per agreement | G10: Quality > Compliance | H10: Certification scope, queries | I10: SNV, ISO National Members

Sheet Communication Log
A1: COMMUNICATION LOG
A2: ISO 27001:2022 | Control A.5.5-6 | External Communications Log
A3: Log ID | B3: Contact ID | C3: Authority Name | D3: Communication Date | E3: Communication Type | F3: Direction | G3: Subject | H3: Summary | I3: Our Representative | J3: Authority Representative | K3: Outcome | L3: Follow Up Required | M3: Follow Up Date | N3: Evidence Reference | O3: Notes
A4: LOG-001 | B4: AUTH-001 | C4: FDPIC | D4: 01.01.2026 | E4: Email | F4: Outbound | G4: Annual Article 12 Notification | H4: Submitted annual notification per nDSG Art. 12 | I4: J. Smith | J4: Commissioner Office | K4: Notification accepted | L4: No | N4: EVID-001 | O4: Annual notification submitted

Sheet Verification Register
A1: VERIFICATION REGISTER
A2: ISO 27001:2022 | Control A.5.5-6 | Contact Verification Register
A3: Verification ID | B3: Contact ID | C3: Authority Name | D3: Verification Date | E3: Verified By | F3: Verification Method | G3: Contact Details Correct | H3: Escalation Path Tested | I3: Website Accessible | J3: Relationship Active | K3: Issues Found | L3: Actions Required | M3: Next Verification | N3: Notes
A4: VER-001 | B4: AUTH-001 | C4: FDPIC | D4: 01.01.2026 | E4: J. Smith | F4: Website Check | G4: Yes | H4: N/A | I4: Yes | J4: Yes | K4: None | L4: None | M4: 01.01.2027 | N4: Annual verification completed

Sheet Evidence Register
A1: EVIDENCE REGISTER
A2: ISO/IEC 27001:2022 | Controls A.5.5 & A.5.6 | Evidence Register
A4: Evidence ID | B4: Assessment Area | C4: Evidence Type | D4: Description | E4: Location / Path | F4: Date Collected | G4: Collected By | H4: Verification Status
A5: EV-001 | B5: Authority Registry | C5: Policy Document | D5: ISMS policy document evidence reference | E5: /evidence/A.5.5-6/ | F5: 01.01.2026 | G5: ISMS Manager | H5: Verified

Sheet Summary Dashboard
A1: Authority Contacts Register — SUMMARY DASHBOARD
A2: ISO/IEC 27001:2022 — Controls A.5.5 & A.5.6: Authority contact health, relationship status and communication compliance
A4: TABLE 1: ASSESSMENT AREA COMPLIANCE OVERVIEW
A5: Assessment Area | B5: Total | C5: Compliant | D5: Partial | E5: Non-Compliant | F5: Compliance %
A6: Authority Registry — Contact Health | B6: =COUNTA('Authority Registry'!A5:A54) | C6: =COUNTIF('Authority Registry'!O5:O54,"Active") | D6: =COUNTIF('Authority Registry'!O5:O54,"Under Review") | E6: =COUNTIF('Authority Registry'!O5:O54,"Inactive")+COUNTIF('Authority Registry'!O5:O54,"Pending") | F6: =IFERROR(IF((B6-0)=0,0,C6/(B6-0)),"")
A7: TOTAL | B7: =SUM(B6:B6) | C7: =SUM(C6:C6) | D7: =SUM(D6:D6) | E7: =SUM(E6:E6) | F7: =IFERROR(IF((B7-0)=0,0,C7/(B7-0)),"")
A9: TABLE 2: KEY PERFORMANCE INDICATORS
A10: KPI Metric | B10: Value | C10: Notes / Subtitle
A11: Total Authorities Registered | B11: =COUNTA('Authority Registry'!A5:A54) | C11: All authorities, regulators and government bodies registered
A12: Active Relationships | B12: =COUNTIF('Authority Registry'!O5:O54,"Active") | C12: Authorities with confirmed active relationship status
A13: Data Protection Authorities Registered | B13: =COUNTIF('Authority Registry'!C5:C54,"Data Protection Authority") | C13: DPAs registered — required for breach notification compliance
A14: Law Enforcement Contacts Registered | B14: =COUNTIF('Authority Registry'!C5:C54,"Law Enforcement") | C14: Law enforcement contacts — required for cybercrime response
A15: Communication Events Logged | B15: =COUNTA('Communication Log'!A5:A54) | C15: Total external communications with authorities logged
A16: Pending Follow-Up Actions | B16: =COUNTIF('Communication Log'!L5:L54,"Yes") | C16: Outstanding follow-up actions from authority communications
A17: Verification Records Logged | B17: =COUNTA('Verification Register'!A5:A54) | C17: Total contact verification activities recorded
A18: Contacts Verified as Correct | B18: =COUNTIF('Verification Register'!G5:G54,"Yes") | C18: Authority contacts confirmed accurate in last verification
A20: TABLE 3: CRITICAL FINDINGS REQUIRING IMMEDIATE ATTENTION
A21: Finding | B21: Count | C21: Action Required
A22: Inactive Authorities | B22: =COUNTIF('Authority Registry'!O5:O54,"Inactive") | C22: Review inactive authorities — confirm intentional or reactivate contact
A23: Relationships Under Review | B23: =COUNTIF('Authority Registry'!O5:O54,"Under Review") | C23: Complete review of flagged authorities and update status to Active or Inactive
A24: Pending Follow-Up Actions | B24: =COUNTIF('Communication Log'!L5:L54,"Yes") | C24: Outstanding follow-up actions from authority communications — resolve and log outcomes

Sheet Approval Sign-Off
A1: ASSESSMENT APPROVAL AND SIGN-OFF
A2: ISMS-IMP-A.5.5-6.S1 | ISO/IEC 27001:2022 - Control A.5.5-6: Contact with Authorities & Special Interest Groups
A3: ASSESSMENT SUMMARY
A4: Document: | B4: ISMS-IMP-A.5.5-6.S1 - Authority Contacts Register
A5: Assessment Period:
A6: Overall Compliance Rate: | B6: =IFERROR('Summary Dashboard'!F7,)
A7: Assessment Status:
A8: Assessed By:
A11: COMPLETED BY (ASSESSOR)
A12: Name:
A13: Title:
A14: Date:
A15: Signature:
A16: Comments:
A18: REVIEWED BY (INFORMATION SECURITY OFFICER)
A19: Name:
A20: Title:
A21: Date:
... A38: Special Considerations:
