Workbook

Sheet Instructions & Legend
A1: ISMS-IMP-A.5.5-6.S2 - Special Interest Groups Register ISO/IEC 27001:2022 - Control A.5.5-6: Contact with Authorities & Special Interest Groups
A3: Document Information
A4: Document ID | B4: ISMS-IMP-A.5.5-6.S2
A5: Workbook Title | B5: Special Interest Groups Register
A6: Control Reference | B6: ISO/IEC 27001:2022 - Control A.5.5-6: Contact with Authorities & Special Interest Groups
A7: Version | B7: 1.0
A8: Assessment Date
A9: Completed By
A10: Organisation
A12: Instructions
A13: 1. Complete Groups Registry — list all information security forums, ISACs, and professional bodies.
A14: 2. Complete Membership Details — document membership type, renewal dates, and representatives.
A15: 3. Log engagement activities in Engagement Log with dates and outcomes.
A16: 4. Record Intelligence Received — document actionable threat intelligence from groups.
A17: 5. Track contributions in Contribution Log — record organisation inputs to groups.
A18: 6. Maintain the Evidence Register with membership confirmations and intelligence records.
A19: 7. Obtain final approval and sign-off in the Approval Sign-Off sheet.
A21: Status Legend
A22: Symbol | B22: Status | C22: Description
A23: ✓ | B23: Compliant / Complete | C23: Requirement fully met
A24: ⚠ | B24: Partial / In Progress | C24: Partially met or in progress
A25: ✗ | B25: Non-Compliant / Not Started | C25: Requirement not met
A26: — | B26: Not Applicable | C26: Not applicable to this assessment

Sheet Groups Registry
A1: GROUPS REGISTRY
A2: ISO 27001:2022 | Control A.5.5-6 | Special Interest Groups Register
A3: Group ID | B3: Group Name | C3: Group Type | D3: Focus Area | E3: Geographic Scope | F3: Website | G3: Primary Contact | H3: Contact Email | I3: Internal Owner | J3: Owner Department | K3: Membership Status | L3: Member Since | M3: Membership Level | N3: Annual Cost | O3: Value Rating | P3: Last Engagement | Q3: Next Review | R3: Strategic Priority | S3: Notes
A4: SIG-001 | B4: FS-ISAC | C4: ISAC | D4: Financial Services | E4: Global | F4: www.fsisac.com | G4: ISAC Operations | H4: info@fsisac.com | I4: J. Smith | J4: IT Security | K4: Active Member | L4: 01.01.2025 | M4: Full | N4: 2500 | O4: High | P4: 01.01.2026 | Q4: 01.07.2026 | R4: Critical | S4: Primary threat intelligence source

Sheet Membership Details
A1: MEMBERSHIP DETAILS
A2: ISO 27001:2022 | Control A.5.5-6 | Membership Details
A3: Group ID | B3: Group Name | C3: Membership Start | D3: Membership End | E3: Membership Type | F3: Access Level | G3: Portal Credentials | H3: Mailing Lists Subscribed | I3: Events Access | J3: Intel Feed Access | K3: Publication Access | L3: Voting Rights | M3: Annual Fee | N3: Billing Contact | O3: Contract Reference | P3: Benefits Summary
A4: SIG-001 | B4: FS-ISAC | C4: 01.01.2025 | D4: 31.12.2026 | E4: Corporate | F4: Full | G4: Stored in password vault | H4: All relevant lists | I4: Yes | J4: Yes | K4: Yes | L4: Yes | M4: 2500 | N4: J. Finance | O4: CONTRACT-001 | P4: Full access to intel feeds and working groups

Sheet Engagement Log
A1: ENGAGEMENT LOG
A2: ISO 27001:2022 | Control A.5.5-6 | Engagement Log
A3: Engagement ID | B3: Group ID | C3: Group Name | D3: Date | E3: Engagement Type | F3: Description | G3: Our Representative | H3: Key Topics | I3: Outcomes | J3: Action Items | K3: Follow Up Date | L3: Evidence Reference | M3: Notes
A4: ENG-001 | B4: SIG-001 | C4: FS-ISAC | D4: 01.01.2026 | E4: Webinar | F4: Annual threat landscape briefing | G4: J. Smith | H4: 2026 financial sector threats | I4: IOCs distributed to SOC | J4: Review and update threat model | K4: 15.01.2026 | L4: EVID-001 | M4: Attended annual ISAC threat briefing

Sheet Intelligence Received
A1: INTELLIGENCE RECEIVED
A2: ISO 27001:2022 | Control A.5.5-6 | Intelligence Received
A3: Intel ID | B3: Group ID | C3: Group Name | D3: Date Received | E3: Intel Type | F3: Classification | G3: Title | H3: Summary | I3: Relevance To Org | J3: Action Taken | K3: Distributed To | L3: Distribution Date | M3: Evidence Location | N3: Notes
A4: INTEL-001 | B4: SIG-001 | C4: FS-ISAC | D4: 01.01.2026 | E4: Threat Advisory | F4: TLP:AMBER | G4: Q1 2026 Ransomware Alert — Financial Sector | H4: Increase in Akira ransomware targeting Swiss banks | I4: High | J4: IOCs reviewed and applied in SIEM | K4: SOC Team | L4: 02.01.2026 | M4: SharePoint/ISMS/Intel/2026 | N4: Mitigations applied

Sheet Contribution Log
A1: CONTRIBUTION LOG
A2: ISO 27001:2022 | Control A.5.5-6 | Contribution Log
A3: Contribution ID | B3: Group ID | C3: Group Name | D3: Date | E3: Contribution Type | F3: Title | G3: Description | H3: Contributor | I3: Approval Status | J3: Approved By | K3: Classification Check | L3: Publication Status | M3: Notes
A4: CONT-001 | B4: SIG-001 | C4: FS-ISAC | D4: 01.01.2026 | E4: IOC Sharing | F4: Q1 Phishing IOC Contribution | G4: Shared phishing indicators observed in our environment | H4: J. Smith | I4: Approved | J4: CISO | K4: Passed | L4: Published | M4: Shared with TLP:AMBER classification

Sheet Evidence Register
A1: EVIDENCE REGISTER
A2: ISO/IEC 27001:2022 | Controls A.5.5 & A.5.6 | Evidence Register
A4: Evidence ID | B4: Assessment Area | C4: Evidence Type | D4: Description | E4: Location / Path | F4: Date Collected | G4: Collected By | H4: Verification Status
A5: EV-001 | B5: Groups Registry | C5: Policy Document | D5: ISMS policy document evidence reference | E5: /evidence/A.5.5-6/ | F5: 01.01.2026 | G5: ISMS Manager | H5: Verified

Sheet Summary Dashboard
A1: Special Interest Groups Register — SUMMARY DASHBOARD
A2: ISO/IEC 27001:2022 — Controls A.5.5 & A.5.6: SIG membership health, engagement activity and intelligence sharing performance
A4: TABLE 1: ASSESSMENT AREA COMPLIANCE OVERVIEW
A5: Assessment Area | B5: Total | C5: Compliant | D5: Partial | E5: Non-Compliant | F5: Compliance %
A6: Groups Registry — Membership Health | B6: =COUNTA('Groups Registry'!A5:A54) | C6: =COUNTIF('Groups Registry'!K5:K54,"Active Member") | D6: =COUNTIF('Groups Registry'!K5:K54,"Pending")+COUNTIF('Groups Registry'!K5:K54,"Under Evaluation") | E6: =COUNTIF('Groups Registry'!K5:K54,"Suspended")+COUNTIF('Groups Registry'!K5:K54,"Former Member") | F6: =IFERROR(IF((B6-0)=0,0,C6/(B6-0)),"")
A7: TOTAL | B7: =SUM(B6:B6) | C7: =SUM(C6:C6) | D7: =SUM(D6:D6) | E7: =SUM(E6:E6) | F7: =IFERROR(IF((B7-0)=0,0,C7/(B7-0)),"")
A9: TABLE 2: KEY PERFORMANCE INDICATORS
A10: KPI Metric | B10: Value | C10: Notes / Subtitle
A11: Total SIGs Registered | B11: =COUNTA('Groups Registry'!A5:A54) | C11: All special interest groups and professional bodies tracked
A12: Active Memberships | B12: =COUNTIF('Groups Registry'!K5:K54,"Active Member") | C12: Groups with confirmed active membership
A13: ISAC Memberships | B13: =COUNTIF('Groups Registry'!C5:C54,"ISAC") | C13: Information Sharing and Analysis Centre memberships — primary threat intelligence source
A14: High-Value Memberships | B14: =COUNTIF('Groups Registry'!O5:O54,"High") | C14: Groups rated High value to the organisation
A15: Engagement Events Logged | B15: =COUNTA('Engagement Log'!A5:A54) | C15: Total SIG engagement activities recorded
A16: Intelligence Items Received | B16: =COUNTA('Intelligence Received'!A5:A54) | C16: Threat intelligence items received from SIGs
A17: Critical or High Relevance Intel | B17: =COUNTIF('Intelligence Received'!I5:I54,"Critical")+COUNTIF('Intelligence Received'!I5:I54,"High") | C17: Intel items rated Critical or High relevance to the organisation
A18: Contributions Made to SIGs | B18: =COUNTA('Contribution Log'!A5:A54) | C18: Intelligence and knowledge contributions made to special interest groups
A20: TABLE 3: CRITICAL FINDINGS REQUIRING IMMEDIATE ATTENTION
A21: Finding | B21: Count | C21: Action Required
A22: Suspended Memberships | B22: =COUNTIF('Groups Registry'!K5:K54,"Suspended") | C22: Investigate reason for suspension — reinstate or formally terminate membership
A23: Former Members (not yet archived) | B23: =COUNTIF('Groups Registry'!K5:K54,"Former Member") | C23: Confirm former memberships are intentional; archive records or pursue reactivation
A24: Memberships Under Evaluation (not progressed) | B24: =COUNTIF('Groups Registry'!K5:K54,"Under Evaluation") | C24: Progress membership evaluations to Active or decline within agreed timeframe

Sheet Approval Sign-Off
A1: ASSESSMENT APPROVAL AND SIGN-OFF
A2: ISMS-IMP-A.5.5-6.S2 | ISO/IEC 27001:2022 - Control A.5.5-6: Contact with Authorities & Special Interest Groups
A3: ASSESSMENT SUMMARY
A4: Document: | B4: ISMS-IMP-A.5.5-6.S2 - Special Interest Groups Register
A5: Assessment Period:
A6: Overall Compliance Rate: | B6: =IFERROR('Summary Dashboard'!F7,)
A7: Assessment Status:
A8: Assessed By:
A11: COMPLETED BY (ASSESSOR)
A12: Name:
A13: Title:
A14: Date:
A15: Signature:
A16: Comments:
A18: REVIEWED BY (INFORMATION SECURITY OFFICER)
A19: Name:
A20: Title:
A21: Date:
... A38: Special Considerations:
