Workbook

Sheet Instructions & Legend
A1: ISMS-IMP-A.5.5-6.S3 - External Communication Procedures ISO/IEC 27001:2022 - Control A.5.5-6: Contact with Authorities & Special Interest Groups
A3: Document Information
A4: Document ID | B4: ISMS-IMP-A.5.5-6.S3
A5: Workbook Title | B5: External Communication Procedures
A6: Control Reference | B6: ISO/IEC 27001:2022 - Control A.5.5-6: Contact with Authorities & Special Interest Groups
A7: Version | B7: 1.0
A8: Assessment Date
A9: Completed By
A10: Organisation
A12: Instructions
A13: 1. Complete Communication Scenarios — document all scenarios requiring external communication.
A14: 2. Complete Notification Requirements — map each scenario to notification obligations and timelines.
A15: 3. Build Escalation Matrix — define escalation paths for each communication type.
A16: 4. Document Approval Workflow — confirm who authorises external communications.
A17: 5. Review Communication Templates — verify templates exist for all required scenarios.
A18: 6. Maintain the Evidence Register with procedure documentation and test records.
A19: 7. Obtain final approval and sign-off in the Approval Sign-Off sheet.
A21: Status Legend
A22: Symbol | B22: Status | C22: Description
A23: ✓ | B23: Compliant / Complete | C23: Requirement fully met
A24: ⚠ | B24: Partial / In Progress | C24: Partially met or in progress
A25: ✗ | B25: Non-Compliant / Not Started | C25: Requirement not met
A26: — | B26: Not Applicable | C26: Not applicable to this assessment

Sheet Communication Scenarios
A1: COMMUNICATION SCENARIOS
A2: ISO 27001:2022 | Control A.5.5-6 | Communication Scenarios
A3: Scenario ID | B3: Scenario Name | C3: Scenario Category | D3: Trigger Event | E3: Primary Authority | F3: Secondary Authority | G3: SIG Contact | H3: Response Time | I3: Approval Level | J3: Internal Escalation First | K3: Documentation Required | L3: Template Reference | M3: Procedure Steps
A4: SCEN-001 | B4: Personal Data Breach | C4: Regulatory | D4: Data breach affecting individuals | E4: Data Protection Authority | F4: Sector Regulator (if applicable) | G4: None | H4: 72 hours | I4: DPO + Legal + CISO | J4: Yes | K4: Breach report, impact assessment, remediation plan | L4: TPL-DPA-001 | M4: 1. Contain breach 2. Assess impact 3. Prepare notification 4. Get approvals 5. Notify DPA
A5: SCEN-002 | B5: Cyber Crime Incident | C5: Law Enforcement | D5: Criminal activity detected | E5: Cantonal Police / Fedpol | F5: NCSC | G5: FS-ISAC (if applicable) | H5: Immediate | I5: CEO + Legal | J5: Yes | K5: Incident report, evidence preservation log | L5: TPL-LE-001 | M5: 1. Preserve evidence 2. Document incident 3. CEO approval 4. Contact police
A6: SCEN-003 | B6: Critical Vulnerability | C6: Threat Intel | D6: Zero-day or critical CVE | E6: NCSC | F6: None | G6: Relevant ISACs | H6: 24 hours | I6: CISO | J6: Yes | K6: Vulnerability details, impact assessment | L6: TPL-VULN-001 | M6: 1. Assess impact 2. Implement mitigations 3. Report to NCSC if requested
A7: SCEN-004 | B7: Regulatory Inquiry | C7: Regulatory | D7: Formal inquiry received | E7: Requesting Regulator | F7: None | G7: None | H7: Per inquiry deadline | I7: Legal + CEO | J7: Yes | K7: Inquiry response, supporting evidence | L7: TPL-REG-001 | M7: 1. Acknowledge receipt 2. Legal review 3. Prepare response 4. CEO approval
A8: SCEN-005 | B8: Physical Security Incident | C8: Emergency | D8: Fire, break-in, or physical threat | E8: Emergency Services | F8: Cantonal Police | G8: None | H8: Immediate | I8: Facility Manager / CEO | J8: No | K8: Incident report, insurance claim | L8: TPL-PHYS-001 | M8: 1. Ensure safety 2. Call emergency services 3. Secure premises 4. Document

Sheet Notification Requirements
A1: NOTIFICATION REQUIREMENTS
A2: ISO 27001:2022 | Control A.5.5-6 | Notification Requirements
A3: Requirement ID | B3: Regulation | C3: Notification Type | D3: Authority | E3: Trigger Condition | F3: Time Limit | G3: Required Information | H3: Format | I3: Penalty for Non Compliance | J3: Internal Owner | K3: Procedure Reference | L3: Last Review Date | M3: Notes
A4: NOT-001 | B4: GDPR Art. 33 | C4: Data Breach Notification | D4: Lead Supervisory Authority | E4: Personal data breach likely to result in risk | F4: 72 hours from awareness | G4: Nature of breach, categories affected, likely consequences, measures taken | H4: Online portal or prescribed form | I4: Up to EUR 10M or 2% global turnover | J4: DPO | K4: SCEN-001 | M4: Applies to all personal data processing
A5: NOT-002 | B5: Swiss nDSG Art. 24 | C5: Data Breach Notification | D5: FDPIC | E5: Personal data breach with high risk to individuals | F5: As soon as possible | G5: Type of breach, effects, measures taken or planned | H5: Written notification | I5: Administrative fines up to CHF 250'000 | J5: DPO | K5: SCEN-001 | M5: Swiss Federal data protection law
A6: NOT-003 | B6: NIS2 Art. 23 | C6: Significant Incident | D6: CSIRT/Competent Authority | E6: Significant impact on service provision | F6: 24h early warning, 72h notification | G6: Incident details, impact assessment, mitigation measures | H6: As specified by MS | I6: Up to EUR 10M or 2% global turnover | J6: CISO | K6: SCEN-003 | M6: If in-scope for NIS2
A7: NOT-004 | B7: FINMA Circular 2023/1 | C7: Cyber Incident | D7: FINMA | E7: Critical cyber incident affecting operations | F7: 24 hours | G7: Nature, scope, timeline, measures taken | H7: As per FINMA guidance | I7: Regulatory sanctions | J7: CISO | K7: SCEN-002 | M7: Swiss financial institutions only

Sheet Escalation Matrix
A1: ESCALATION MATRIX
A2: ISO 27001:2022 | Control A.5.5-6 | Escalation Matrix
A3: Level | B3: Scenario Type | C3: First Contact | D3: Escalation 1 | E3: Escalation 2 | F3: Escalation 3 | G3: Time to Escalate | H3: External Contact Approval | I3: Notes
A4: L1 | B4: Security Incident (Low) | C4: Security Analyst | D4: Security Manager | E4: CISO | F4: CEO | G4: 2 hours | H4: CISO
A5: L2 | B5: Security Incident (Medium) | C5: Security Manager | D5: CISO | E5: CEO | F5: Board | G5: 1 hour | H5: CEO
A6: L3 | B6: Security Incident (High/Critical) | C6: CISO | D6: CEO | E6: Board | F6: N/A | G6: 30 minutes | H6: CEO | I6: Immediate board notification
A7: L4 | B7: Data Breach | C7: DPO | D7: CISO + Legal | E7: CEO | F7: Board | G7: 1 hour | H7: DPO + Legal + CEO | I7: 72h regulatory clock
A8: L5 | B8: Criminal Activity | C8: Security Manager | D8: CISO | E8: Legal | F8: CEO | G8: Immediate | H8: CEO + Legal | I8: Preserve evidence
A9: L6 | B9: Regulatory Inquiry | C9: Compliance Officer | D9: Legal | E9: CEO | F9: Board | G9: Per deadline | H9: Legal + CEO
A10: L7 | B10: Physical Emergency | C10: Facility Manager | D10: HR Director | E10: CEO | F10: N/A | G10: Immediate | H10: Facility Manager | I10: Safety first

Sheet Approval Workflow
A1: APPROVAL WORKFLOW
A2: ISO 27001:2022 | Control A.5.5-6 | Approval Workflow
A3: Workflow ID | B3: Communication Type | C3: Recipient Type | D3: Required Approvers | E3: Approval Sequence | F3: Max Approval Time | G3: Delegate When Absent | H3: Documentation Required | I3: Post Communication Actions
A4: WF-001 | B4: Routine Information Sharing | C4: Special Interest Group | D4: Department Head | E4: Single | F4: 24 hours | G4: Deputy Head | H4: Email approval | I4: Log in engagement register
A5: WF-002 | B5: Threat Intelligence Sharing | C5: ISAC / NCSC | D5: CISO | E5: Single | F5: 4 hours | G5: Security Manager | H5: Classification review, CISO approval | I5: Log in contribution register
A6: WF-003 | B6: Data Breach Notification | C6: Data Protection Authority | D6: DPO + Legal Counsel + CISO | E6: Parallel then CEO | F6: 24 hours (within 72h window) | G6: Deputies for each role | H6: Breach report, impact assessment, approval chain | I6: Track response, log evidence
A7: WF-004 | B7: Law Enforcement Contact | C7: Police / Fedpol | D7: CEO + Legal Counsel | E7: Sequential (Legal then CEO) | F7: 2 hours | G7: CFO + External Counsel | H7: Incident report, evidence log, legal review | I7: Track investigation, update board
A8: WF-005 | B8: Regulatory Response | C8: Any Regulator | D8: Legal Counsel + CEO | E8: Sequential | F8: Per deadline | G8: External Counsel + CFO | H8: Response document, supporting evidence | I8: Track outcome, update compliance
A9: WF-006 | B9: Media/Public Statement | C9: Media / Public | D9: CEO + Communications | E9: Parallel | F9: As needed | G9: CFO + External PR | H9: Statement draft, legal review | I9: Monitor coverage, track response

Sheet Communication Templates
A1: COMMUNICATION TEMPLATES
A2: ISO 27001:2022 | Control A.5.5-6 | Communication Templates
A3: Template ID | B3: Template Name | C3: Purpose | D3: Recipient Type | E3: Required Sections | F3: Classification | G3: Review Date | H3: Owner | I3: Storage Location | J3: Notes
A4: TPL-DPA-001 | B4: Data Breach Notification (DPA) | C4: Notify data protection authority of breach | D4: Data Protection Authority | E4: Nature of breach, categories affected, approx numbers, consequences, measures taken | F4: Confidential | H4: DPO | I4: [SharePoint path] | J4: Use within 72 hours of awareness
A5: TPL-LE-001 | B5: Law Enforcement Report | C5: Report criminal activity to police | D5: Law Enforcement | E5: Incident description, timeline, evidence preserved, point of contact | F5: Confidential | H5: Legal | I5: [SharePoint path] | J5: Preserve chain of custody
A6: TPL-VULN-001 | B6: Vulnerability Disclosure | C6: Share vulnerability details with NCSC | D6: Government Cybersecurity | E6: Vulnerability details, affected systems, mitigation status, IOCs | F6: TLP:AMBER | H6: CISO | I6: [SharePoint path] | J6: Anonymize as appropriate
A7: TPL-REG-001 | B7: Regulatory Response | C7: Respond to regulatory inquiries | D7: Any Regulator | E7: Reference to inquiry, response summary, supporting evidence list | F7: Confidential | H7: Legal | I7: [SharePoint path] | J7: Track all submissions
A8: TPL-ISAC-001 | B8: ISAC Threat Report | C8: Share threat intelligence with ISAC | D8: ISAC | E8: Threat summary, IOCs, TTPs, recommendations | F8: TLP:AMBER | H8: CISO | I8: [SharePoint path] | J8: Classification review required

Sheet Evidence Register
A1: EVIDENCE REGISTER
A2: ISO/IEC 27001:2022 | Controls A.5.5 & A.5.6 | Evidence Register
A4: Evidence ID | B4: Assessment Area | C4: Evidence Type | D4: Description | E4: Location / Path | F4: Date Collected | G4: Collected By | H4: Verification Status
A5: EV-001 | B5: Communication Scenarios | C5: Policy Document | D5: ISMS policy document evidence reference | E5: /evidence/A.5.5-6/ | F5: 01.01.2026 | G5: ISMS Manager | H5: Verified

Sheet Summary Dashboard
A1: External Communication Procedures — SUMMARY DASHBOARD
A2: ISO/IEC 27001:2022 — Controls A.5.5 & A.5.6: Scenario coverage, notification obligations and procedure completeness
A4: TABLE 1: ASSESSMENT AREA COMPLIANCE OVERVIEW
A5: Assessment Area | B5: Total | C5: Compliant | D5: Partial | E5: Non-Compliant | F5: Compliance %
A6: Scenario Coverage — Regulatory | B6: =COUNTIF('Communication Scenarios'!C5:C58,"Regulatory") | C6: =IF(B6>0,B6,0) | D6: 0 | E6: =IF(B6=0,1,0) | F6: =IFERROR(IF((B6-0)=0,0,C6/(B6-0)),"")
A7: Scenario Coverage — Law Enforcement | B7: =COUNTIF('Communication Scenarios'!C5:C58,"Law Enforcement") | C7: =IF(B7>0,B7,0) | D7: 0 | E7: =IF(B7=0,1,0) | F7: =IFERROR(IF((B7-0)=0,0,C7/(B7-0)),"")
A8: Scenario Coverage — Emergency | B8: =COUNTIF('Communication Scenarios'!C5:C58,"Emergency") | C8: =IF(B8>0,B8,0) | D8: 0 | E8: =IF(B8=0,1,0) | F8: =IFERROR(IF((B8-0)=0,0,C8/(B8-0)),"")
A9: Scenario Coverage — Threat Intel | B9: =COUNTIF('Communication Scenarios'!C5:C58,"Threat Intel") | C9: =IF(B9>0,B9,0) | D9: 0 | E9: =IF(B9=0,1,0) | F9: =IFERROR(IF((B9-0)=0,0,C9/(B9-0)),"")
A10: Scenario Coverage — Standards | B10: =COUNTIF('Communication Scenarios'!C5:C58,"Standards") | C10: =IF(B10>0,B10,0) | D10: 0 | E10: =IF(B10=0,1,0) | F10: =IFERROR(IF((B10-0)=0,0,C10/(B10-0)),"")
A11: Scenario Coverage — Other | B11: =COUNTIF('Communication Scenarios'!C5:C58,"Other") | C11: =IF(B11>0,B11,0) | D11: 0 | E11: =IF(B11=0,1,0) | F11: =IFERROR(IF((B11-0)=0,0,C11/(B11-0)),"")
A12: TOTAL | B12: =SUM(B6:B11) | C12: =SUM(C6:C11) | D12: =SUM(D6:D11) | E12: =SUM(E6:E11) | F12: =IFERROR(IF((B12-0)=0,0,C12/(B12-0)),"")
A14: TABLE 2: KEY PERFORMANCE INDICATORS
A15: KPI Metric | B15: Value | C15: Notes / Subtitle
A16: Total Communication Scenarios Defined | B16: =COUNTA('Communication Scenarios'!A5:A58) | C16: All external communication scenarios documented (including pre-populated)
A17: Emergency Scenarios Defined | B17: =COUNTIF('Communication Scenarios'!C5:C58,"Emergency") | C17: Scenarios covering emergency and crisis communications
A18: Regulatory Scenarios Defined | B18: =COUNTIF('Communication Scenarios'!C5:C58,"Regulatory") | C18: Scenarios covering regulatory notifications and legal obligations
A19: Notification Requirements Documented | B19: =COUNTA('Notification Requirements'!A5:A57) | C19: Formal notification obligations documented (including pre-populated)
A20: Communication Templates Available | B20: =COUNTA('Communication Templates'!A5:A58) | C20: Pre-approved communication templates available for use
A21: Approval Workflows Defined | B21: =COUNTA('Approval Workflow'!A5:A59) | C21: Formal approval sequences for external communications
A23: TABLE 3: CRITICAL FINDINGS REQUIRING IMMEDIATE ATTENTION
A24: Finding | B24: Count | C24: Action Required
A25: Missing Emergency Scenarios | B25: =IF(COUNTIF('Communication Scenarios'!C5:C58,"Emergency")=0,1,0) | C25: Define at least one emergency communication scenario — mandatory for ISO 27001 incident response
A26: Missing Regulatory Scenarios | B26: =IF(COUNTIF('Communication Scenarios'!C5:C58,"Regulatory")=0,1,0) | C26: Define at least one regulatory notification scenario (e.g. data breach reporting to DPA)
A27: Missing Law Enforcement Scenarios | B27: =IF(COUNTIF('Communication Scenarios'!C5:C58,"Law Enforcement")=0,1,0) | C27: Define at least one law enforcement communication scenario for cybercrime response
A28: Missing Threat Intel Scenarios | B28: =IF(COUNTIF('Communication Scenarios'!C5:C58,"Threat Intel")=0,1,0) | C28: Define threat intelligence sharing scenarios to cover NCSC and ISAC coordination

Sheet Approval Sign-Off
A1: ASSESSMENT APPROVAL AND SIGN-OFF
A2: ISMS-IMP-A.5.5-6.S3 | ISO/IEC 27001:2022 - Control A.5.5-6: Contact with Authorities & Special Interest Groups
A3: ASSESSMENT SUMMARY
A4: Document: | B4: ISMS-IMP-A.5.5-6.S3 - External Communication Procedures
A5: Assessment Period:
A6: Overall Compliance Rate: | B6: =IFERROR('Summary Dashboard'!F12,)
A7: Assessment Status:
A8: Assessed By:
A11: COMPLETED BY (ASSESSOR)
A12: Name:
A13: Title:
A14: Date:
A15: Signature:
A16: Comments:
A18: REVIEWED BY (INFORMATION SECURITY OFFICER)
A19: Name:
A20: Title:
A21: Date:
... A38: Special Considerations:
