Workbook

Sheet Instructions & Legend
A1: ISMS-IMP-A.5.14.2 - Channel Security Assessment ISO/IEC 27001:2022 - Control A.5.14: Information Transfer
A3: Document Information
A4: Document ID | B4: ISMS-IMP-A.5.14.2
A5: Workbook Title | B5: Channel Security Assessment
A6: Control Reference | B6: ISO/IEC 27001:2022 - Control A.5.14: Information Transfer
A7: Version | B7: 1.0
A8: Assessment Date
A9: Completed By
A10: Organisation
A12: Instructions
A13: 1. Complete Email Assessment — evaluate encryption, DLP controls, and acceptable use for email.
A14: 2. Complete Cloud Services — assess approved cloud storage and collaboration tool controls.
A15: 3. Complete File Transfer — evaluate SFTP, FTPS, and managed file transfer (MFT) controls.
A16: 4. Complete Physical Channels — assess physical media, courier, and postal transfer controls.
A17: 5. Complete Risk Assessment — identify and score uncontrolled or high-risk transfer channels.
A18: 6. Maintain the Evidence Register with channel security assessments and test results.
A19: 7. Obtain final approval and sign-off in the Approval Sign-Off sheet.
A21: Status Legend
A22: Symbol | B22: Status | C22: Description
A23: ✓ | B23: Compliant / Complete | C23: Requirement fully met
A24: ⚠ | B24: Partial / In Progress | C24: Partially met or in progress
A25: ✗ | B25: Non-Compliant / Not Started | C25: Requirement not met
A26: — | B26: Not Applicable | C26: Not applicable to this assessment

Sheet Email Assessment
A1: EMAIL SECURITY ASSESSMENT
A2: Assess email security controls covering transport encryption, message authentication (SPF/DKIM/DMARC), DLP, anti-malware, and access control.
A3: Control Area | B3: Security Requirement | C3: Expected Configuration | D3: Actual Configuration | E3: Status | F3: Evidence | G3: Gap Description | H3: Remediation | I3: Priority
A4: Transport Encryption | B4: TLS enforcement for all email | C4: TLS 1.2+ required, opportunistic TLS for external
A5: Transport Encryption | B5: DANE/MTA-STS configured | C5: MTA-STS policy published, DANE if supported
A6: Message Encryption | B6: S/MIME or PGP available | C6: S/MIME certificates issued to all users
A7: Message Encryption | B7: Automatic encryption for sensitive | C7: DLP rules trigger encryption for CONFIDENTIAL
A8: Authentication | B8: SPF record configured | C8: SPF -all or ~all published
A9: Authentication | B9: DKIM signing enabled | C9: DKIM 2048-bit keys, selector rotation
A10: Authentication | B10: DMARC policy enforced | C10: DMARC p=reject for primary domain
A11: Anti-Malware | B11: Attachment scanning | C11: All attachments scanned, macros blocked
A12: Anti-Malware | B12: URL rewriting/sandboxing | C12: Malicious URLs blocked, sandboxing enabled
A13: Data Loss Prevention | B13: DLP policies active | C13: Classification-based rules enforced
A14: Data Loss Prevention | B14: External forwarding controls | C14: Auto-forward to external blocked
A15: Logging & Monitoring | B15: Message tracking enabled | C15: 90-day retention for message traces
... A18: Access Control | B18: Conditional Access policies | C18: Location/device-based restrictions

Sheet Cloud Services
A1: CLOUD SERVICES SECURITY ASSESSMENT
A2: Assess security controls for cloud storage and collaboration services including encryption, access control, DLP, and external sharing restrictions.
A3: Service | B3: Control Area | C3: Requirement | D3: Configuration | E3: Status | F3: Evidence | G3: Gap | H3: Remediation | I3: Priority
A4: SharePoint/OneDrive | B4: Encryption at Rest | C4: AES-256 encryption
A5: SharePoint/OneDrive | B5: Encryption in Transit | C5: TLS 1.2+ enforced
A6: SharePoint/OneDrive | B6: Access Control | C6: Sensitivity labels applied
A7: SharePoint/OneDrive | B7: External Sharing | C7: Restricted to approved domains
A8: SharePoint/OneDrive | B8: Audit Logging | C8: Unified audit log enabled
A9: Teams | B9: Guest Access | C9: Guest access policy defined
A10: Teams | B10: File Sharing | C10: External file sharing restricted
A11: Teams | B11: Data Retention | C11: Retention policies applied
A12: Box/Dropbox | B12: SSO Integration | C12: SAML SSO configured
A13: Box/Dropbox | B13: DLP Integration | C13: CASB or native DLP active
A14: Box/Dropbox | B14: Device Trust | C14: Only managed devices allowed
A15: AWS S3 | B15: Bucket Encryption | C15: Server-side encryption (SSE-S3/KMS)
... A21: Google Drive | B21: DLP | C21: Google Workspace DLP rules active

Sheet File Transfer
A1: FILE TRANSFER SYSTEMS SECURITY ASSESSMENT
A2: Assess security of SFTP servers, managed file transfer platforms, API gateways, and legacy FTP systems for encryption, authentication, and audit trail controls.
A3: System Type | B3: Control | C3: Requirement | D3: Current State | E3: Status | F3: Evidence | G3: Gap | H3: Remediation | I3: Priority
A4: SFTP Server | B4: Protocol Version | C4: SSH 2.0 only, deprecated algorithms disabled
A5: SFTP Server | B5: Authentication | C5: Key-based auth required, password disabled
A6: SFTP Server | B6: Access Control | C6: Chroot jails per user/group
A7: SFTP Server | B7: Logging | C7: All transfers logged with user/file/timestamp
A8: SFTP Server | B8: Encryption | C8: AES-256-CTR or AES-256-GCM ciphers
A9: MFT Platform | B9: Encryption at Rest | C9: Files encrypted with AES-256
A10: MFT Platform | B10: Encryption in Transit | C10: TLS 1.2+ or SSH
A11: MFT Platform | B11: Workflow Automation | C11: Automated routing based on classification
A12: MFT Platform | B12: Non-Repudiation | C12: Digital signatures for transfers
A13: MFT Platform | B13: Audit Trail | C13: Complete audit trail with retention
A14: API Gateway | B14: Authentication | C14: OAuth 2.0 / mTLS configured
A15: API Gateway | B15: Rate Limiting | C15: Rate limits per client enforced
... A20: Legacy FTP | B20: Deprecation Plan | C20: Migration timeline to secure alternatives

Sheet Physical Channels
A1: PHYSICAL TRANSFER CHANNELS SECURITY ASSESSMENT
A2: Assess security of physical transfer channels including USB/removable media, courier services, internal mail, backup media, and print/fax systems.
A3: Channel | B3: Control Area | C3: Requirement | D3: Current Practice | E3: Status | F3: Evidence | G3: Gap | H3: Remediation | I3: Priority
A4: USB/Removable Media | B4: Device Encryption | C4: Hardware encrypted USB only (FIPS 140-2)
A5: USB/Removable Media | B5: Device Management | C5: Approved device list enforced via DLP
A6: USB/Removable Media | B6: Malware Scanning | C6: Auto-scan on insertion
A7: USB/Removable Media | B7: Logging | C7: All USB connections logged
A8: Courier Services | B8: Approved Vendors | C8: Vetted courier list maintained
A9: Courier Services | B9: Tracking | C9: Real-time shipment tracking required
A10: Courier Services | B10: Packaging Standards | C10: Tamper-evident packaging for CONFIDENTIAL+
A11: Courier Services | B11: Chain of Custody | C11: Documented handoff procedures
A12: Internal Mail | B12: Envelope Security | C12: Sealed envelopes for INTERNAL+
A13: Internal Mail | B13: Delivery Confirmation | C13: Signature required for CONFIDENTIAL+
A14: Backup Media | B14: Encryption | C14: All backup tapes encrypted
A15: Backup Media | B15: Inventory Tracking | C15: Barcode tracking system active
... A20: Print/Fax | B20: Shredding | C20: Cross-cut shredding for INTERNAL+

Sheet Risk Assessment
A1: TRANSFER CHANNEL RISK ASSESSMENT
A2: Assess risk scenarios for each transfer channel including likelihood, impact, inherent risk, control effectiveness, residual risk, and treatment decisions.
A3: Channel | B3: Threat Scenario | C3: Likelihood | D3: Impact | E3: Inherent Risk | F3: Current Controls | G3: Control Effectiveness | H3: Residual Risk | I3: Treatment | J3: Owner
A4: Corporate Email | B4: Data interception in transit | F4: TLS, S/MIME available
A5: Corporate Email | B5: Malware distribution via attachment | F5: ATP scanning, sandbox
A6: Corporate Email | B6: Accidental disclosure to wrong recipient | F6: DLP, address book
A7: Cloud Storage | B7: Unauthorised external sharing | F7: Sharing policies, DLP
A8: Cloud Storage | B8: Data breach at provider | F8: Encryption at rest
A9: SFTP Server | B9: Brute force attack on credentials | F9: Key-based auth, lockout
A10: SFTP Server | B10: Data exfiltration by insider | F10: Logging, access reviews
A11: USB/Removable Media | B11: Loss or theft of media | F11: Device encryption
A12: USB/Removable Media | B12: Malware introduction | F12: Endpoint protection
A13: Courier Services | B13: Package interception | F13: Tamper-evident packaging
A14: Courier Services | B14: Delivery to wrong recipient | F14: Signature verification
A15: API Gateway | B15: API key compromise | F15: Key rotation, mTLS
... A17: Fax | B17: Transmission interception | F17: Encrypted fax

Sheet Evidence Register
A1: EVIDENCE REGISTER
A2: Document all supporting evidence for audit traceability and compliance verification.
A4: Evidence ID | B4: Evidence Type | C4: Description | D4: Related Assessment | E4: File Location | F4: Collection Date | G4: Collected By | H4: Status
A5: EV-514-CSA-001 | B5: Configuration Export | C5: Email transport rules and encryption settings | D5: Email Assessment | H5: Collected

Sheet Summary Dashboard
A1: CHANNEL SECURITY ASSESSMENT — SUMMARY DASHBOARD
A2: ISO/IEC 27001:2022 — Control A.5.14: Information Transfer | Email, Cloud, File Transfer, Physical and Risk Assessment
A4: TABLE 1: ASSESSMENT AREA COMPLIANCE OVERVIEW
A5: Assessment Area | B5: Total Items | C5: Compliant | D5: Partial | E5: Non-Compliant | F5: N/A | G5: Compliance %
A6: Email Assessment | B6: =COUNTA('Email Assessment'!D4:D50) | C6: =COUNTIF('Email Assessment'!E4:E50,"Compliant") | D6: =COUNTIF('Email Assessment'!E4:E50,"Partial") | E6: =COUNTIF('Email Assessment'!E4:E50,"Non-Compliant") | F6: =COUNTIF('Email Assessment'!E4:E50,"N/A") | G6: =IFERROR(IF((B6-F6)=0,0,C6/(B6-F6)),"")
A7: Cloud Services | B7: =COUNTA('Cloud Services'!D4:D50) | C7: =COUNTIF('Cloud Services'!E4:E50,"Compliant") | D7: =COUNTIF('Cloud Services'!E4:E50,"Partial") | E7: =COUNTIF('Cloud Services'!E4:E50,"Non-Compliant") | F7: =COUNTIF('Cloud Services'!E4:E50,"N/A") | G7: =IFERROR(IF((B7-F7)=0,0,C7/(B7-F7)),"")
A8: File Transfer | B8: =COUNTA('File Transfer'!D4:D50) | C8: =COUNTIF('File Transfer'!E4:E50,"Compliant") | D8: =COUNTIF('File Transfer'!E4:E50,"Partial") | E8: =COUNTIF('File Transfer'!E4:E50,"Non-Compliant") | F8: =COUNTIF('File Transfer'!E4:E50,"N/A") | G8: =IFERROR(IF((B8-F8)=0,0,C8/(B8-F8)),"")
A9: Physical Channels | B9: =COUNTA('Physical Channels'!D4:D50) | C9: =COUNTIF('Physical Channels'!E4:E50,"Compliant") | D9: =COUNTIF('Physical Channels'!E4:E50,"Partial") | E9: =COUNTIF('Physical Channels'!E4:E50,"Non-Compliant") | F9: =COUNTIF('Physical Channels'!E4:E50,"N/A") | G9: =IFERROR(IF((B9-F9)=0,0,C9/(B9-F9)),"")
A10: Risk Assessment | B10: =COUNTA('Risk Assessment'!B4:B50) | C10: =COUNTIF('Risk Assessment'!E4:E50,"Low") | D10: =COUNTIF('Risk Assessment'!E4:E50,"Medium")+COUNTIF('Risk Assessment'!E4:E50,"High") | E10: =COUNTIF('Risk Assessment'!E4:E50,"Critical") | F10: 0 | G10: =IFERROR(IF((B10-F10)=0,0,C10/(B10-F10)),"")
A11: TOTAL | B11: =SUM(B6:B10) | C11: =SUM(C6:C10) | D11: =SUM(D6:D10) | E11: =SUM(E6:E10) | F11: =SUM(F6:F10) | G11: =IFERROR(IF((B11-F11)=0,0,C11/(B11-F11)),"")
A13: TABLE 2: KEY METRICS
A14: Metric | B14: Value
A15: Email Controls Assessed | B15: =COUNTA('Email Assessment'!D4:D50)
A16: Email Controls Compliant | B16: =COUNTIF('Email Assessment'!E4:E50,"Compliant")
A17: Email Critical Priority Gaps | B17: =COUNTIF('Email Assessment'!I4:I50,"Critical")
A18: Cloud Services Controls Compliant | B18: =COUNTIF('Cloud Services'!E4:E50,"Compliant")
A19: Cloud Services Non-Compliant Controls | B19: =COUNTIF('Cloud Services'!E4:E50,"Non-Compliant")
A20: File Transfer Controls Compliant | B20: =COUNTIF('File Transfer'!E4:E50,"Compliant")
A21: Physical Channels Compliant | B21: =COUNTIF('Physical Channels'!E4:E50,"Compliant")
A22: Risk Scenarios Assessed | B22: =COUNTA('Risk Assessment'!B4:B50)
A23: Critical Inherent Risks | B23: =COUNTIF('Risk Assessment'!E4:E50,"Critical")
A24: High/Critical Residual Risks | B24: =COUNTIF('Risk Assessment'!H4:H50,"High")+COUNTIF('Risk Assessment'!H4:H50,"Critical")
A25: Ineffective Controls Identified | B25: =COUNTIF('Risk Assessment'!G4:G50,"Ineffective")
A26: Risks with Accept Treatment | B26: =COUNTIF('Risk Assessment'!I4:I50,"Accept")
A27: Total High/Critical Priority Gaps (All Channels) | B27: =COUNTIF('Email Assessment'!I4:I50,"Critical")+COUNTIF('Email Assessment'!I4:I50,"High")+COUNTIF('Cloud Services'!I4:I50,"Critical")+COUNTIF('Cloud Services'!I4:I50,"High")+COUNTIF('File Transfer'!I4:I50,"Critical")+COUNTIF('File Transfer'!I4:I50,"High")+COUNTIF('Physical Channels'!I4:I50,"Critical")+COUNTIF('Physical Channels'!I4:I50,"High")
A28: Evidence Items Collected | B28: =COUNTA('Evidence Register'!A6:A105)
A32: TABLE 3: CRITICAL FINDINGS REQUIRING IMMEDIATE ATTENTION
A33: Category | B33: Finding | C33: Count | D33: Severity | E33: Action Required
A34: Email Security | B34: Email controls Non-Compliant | C34: =COUNTIF('Email Assessment'!E4:E50,"Non-Compliant") | D34: Critical | E34: Immediate
A35: Email Security | B35: Email critical priority gaps | C35: =COUNTIF('Email Assessment'!I4:I50,"Critical") | D35: Critical | E35: Immediate
A36: Cloud Services | B36: Cloud controls Non-Compliant | C36: =COUNTIF('Cloud Services'!E4:E50,"Non-Compliant") | D36: Critical | E36: Immediate
A37: Cloud Services | B37: Cloud critical priority gaps | C37: =COUNTIF('Cloud Services'!I4:I50,"Critical") | D37: Critical | E37: Immediate
A38: File Transfer | B38: File transfer controls Non-Compliant | C38: =COUNTIF('File Transfer'!E4:E50,"Non-Compliant") | D38: High | E38: Urgent
A39: Physical Channels | B39: Physical channel controls Non-Compliant | C39: =COUNTIF('Physical Channels'!E4:E50,"Non-Compliant") | D39: High | E39: Urgent
A40: Risk Assessment | B40: Critical inherent risks identified | C40: =COUNTIF('Risk Assessment'!E4:E50,"Critical") | D40: Critical | E40: Immediate
A41: Risk Assessment | B41: High/Critical residual risks | C41: =COUNTIF('Risk Assessment'!H4:H50,"High")+COUNTIF('Risk Assessment'!H4:H50,"Critical") | D41: High | E41: Urgent
A42: Risk Assessment | B42: Ineffective controls in risk register | C42: =COUNTIF('Risk Assessment'!G4:G50,"Ineffective") | D42: High | E42: Urgent
A43: All Channels | B43: Total critical priority gaps across all channels | C43: =COUNTIF('Email Assessment'!I4:I50,"Critical")+COUNTIF('Cloud Services'!I4:I50,"Critical")+COUNTIF('File Transfer'!I4:I50,"Critical")+COUNTIF('Physical Channels'!I4:I50,"Critical") | D43: Critical | E43: Immediate

Sheet Approval Sign-Off
A1: ASSESSMENT APPROVAL AND SIGN-OFF
A2: ISO/IEC 27001:2022 - Control A.5.14: Information Transfer
A3: ASSESSMENT SUMMARY
A4: Document: | B4: ISMS-IMP-A.5.14.2 - Channel Security Assessment
A5: Assessment Period:
A6: Overall Compliance Rating: | B6: =IFERROR(AVERAGE('Summary Dashboard'!G6:G10),"")
A7: Assessment Status:
A8: Assessed By:
A11: COMPLETED BY (ASSESSOR)
A12: Name:
A13: Title:
A14: Date:
A15: Signature:
A16: Comments:
A18: REVIEWED BY (INFORMATION SECURITY OFFICER)
A19: Name:
A20: Title:
A21: Date:
... A38: Special Considerations:
