Workbook

Sheet Instructions & Legend
A1: ISMS-IMP-A.5.14.3 - Transfer Agreements Register ISO/IEC 27001:2022 - Control A.5.14: Information Transfer
A3: Document Information
A4: Document ID | B4: ISMS-IMP-A.5.14.3
A5: Workbook Title | B5: Transfer Agreements Register
A6: Control Reference | B6: ISO/IEC 27001:2022 - Control A.5.14: Information Transfer
A7: Version | B7: 1.0
A8: Assessment Date
A9: Completed By
A10: Organisation
A12: Instructions
A13: 1. Complete Agreement Register — list all information transfer agreements (NDAs, DPAs, data sharing agreements).
A14: 2. Complete Agreement Requirements — verify each agreement contains required ISO 27001:2022 clauses.
A15: 3. Complete Third Party Assessment — assess third parties’ information transfer security posture.
A16: 4. Complete Review Schedule — document agreement review dates and assign review owners.
A17: 5. Maintain the Evidence Register with signed agreements and review records.
A18: 6. Obtain final approval and sign-off in the Approval Sign-Off sheet.
A20: Status Legend
A21: Symbol | B21: Status | C21: Description
A22: ✓ | B22: Compliant / Complete | C22: Requirement fully met
A23: ⚠ | B23: Partial / In Progress | C23: Partially met or in progress
A24: ✗ | B24: Non-Compliant / Not Started | C24: Requirement not met
A25: — | B25: Not Applicable | C25: Not applicable to this assessment

Sheet Agreement Register
A1: INFORMATION TRANSFER AGREEMENTS REGISTER
A2: Register all information transfer agreements with third parties including DSAs, DPAs, ISAs, and MOUs. Track status, classification, and review dates.
A3: Agreement ID | B3: Agreement Type | C3: Third Party | D3: Purpose/Scope | E3: Data Classification | F3: Transfer Direction | G3: Effective Date | H3: Expiry Date | I3: Review Date | J3: Owner | K3: Status | L3: Notes
A4: AGR-001 | B4: DSA | C4: Example Partner Ltd | D4: Customer analytics data sharing | E4: CONFIDENTIAL | F4: Bi-directional | G4: 2024-01-01 | H4: 2025-12-31 | I4: 2025-06-30 | J4: Information Security Manager | K4: Active | L4: Annual review required

Sheet Agreement Requirements
A1: STANDARD AGREEMENT REQUIREMENTS AND CLAUSES
A2: Standard clauses and requirements that must be included in transfer agreements based on ISO 27001:2022 A.5.14 and applicable data protection law.
A3: Requirement Category | B3: Clause/Requirement | C3: Mandatory For | D3: Rationale | E3: Template Reference | F3: Applicability | G3: Notes
A4: Data Protection | B4: Data classification handling requirements | C4: All agreements | D4: Ensure appropriate protection levels | E4: ISMS-TEMP-001 §4.1 | F4: CONFIDENTIAL+
A5: Data Protection | B5: Encryption requirements (at rest and in transit) | C5: DSA, ISA, DPA | D5: Protect data confidentiality | E5: ISMS-TEMP-001 §4.2 | F5: INTERNAL+
A6: Data Protection | B6: Data retention and deletion obligations | C6: DSA, DPA | D6: Minimize data exposure | E6: ISMS-TEMP-001 §4.3 | F6: All
A7: Access Control | B7: Authorised user/system identification | C7: ISA, DSA | D7: Limit access to authorised parties | E7: ISMS-TEMP-001 §5.1 | F7: All
A8: Access Control | B8: Authentication requirements | C8: ISA | D8: Verify identity of connecting systems | E8: ISMS-TEMP-001 §5.2 | F8: All
A9: Access Control | B9: Access logging and audit trail | C9: All agreements | D9: Enable incident investigation | E9: ISMS-TEMP-001 §5.3 | F9: INTERNAL+
A10: Incident Response | B10: Security incident notification requirements | C10: All agreements | D10: Timely breach notification | E10: ISMS-TEMP-001 §6.1 | F10: All
A11: Incident Response | B11: Incident response coordination procedures | C11: ISA, DSA | D11: Coordinated response | E11: ISMS-TEMP-001 §6.2 | F11: CONFIDENTIAL+
A12: Compliance | B12: Right to audit clause | C12: DPA, DSA | D12: Verify compliance | E12: ISMS-TEMP-001 §7.1 | F12: CONFIDENTIAL+
A13: Compliance | B13: Certification requirements (ISO 27001, SOC 2) | C13: DPA, ISA | D13: Baseline security assurance | E13: ISMS-TEMP-001 §7.2 | F13: INTERNAL+
A14: Compliance | B14: Regulatory compliance obligations | C14: DPA, SCC | D14: Legal compliance | E14: ISMS-TEMP-001 §7.3 | F14: All
A15: Liability | B15: Liability and indemnification clauses | C15: All agreements | D15: Risk allocation | E15: ISMS-TEMP-001 §8.1 | F15: All
... A21: Transfer Mechanisms | B21: Legal basis for international transfers | C21: SCC, DSA | D21: Cross-border compliance | E21: ISMS-TEMP-001 §11.1 | F21: All

Sheet Third Party Assessment
A1: THIRD PARTY SECURITY ASSESSMENT
A2: Assess the security posture of third parties with active transfer agreements including certifications, assessments, and risk ratings.
A3: Third Party | B3: Agreement ID | C3: Assessment Date | D3: ISO 27001 Certified | E3: SOC 2 Report | F3: Security Questionnaire | G3: Penetration Test | H3: Risk Rating | I3: Next Assessment | J3: Notes
A4: Example Partner Ltd | B4: AGR-001 | C4: 2024-06-01 | D4: Yes | E4: Type II | F4: Completed | G4: Current (<12mo) | H4: Low | I4: 2025-06-01 | J4: Annual review completed

Sheet Review Schedule
A1: AGREEMENT REVIEW AND RENEWAL SCHEDULE
A2: Track review and renewal schedule for all transfer agreements including review status, assigned reviewer, and action required on completion.
A3: Agreement ID | B3: Third Party | C3: Last Review Date | D3: Next Review Date | E3: Review Type | F3: Reviewer | G3: Review Status | H3: Action Required | I3: Notes
A4: AGR-001 | B4: Example Partner Ltd | C4: 2024-01-15 | D4: 2025-01-15 | E4: Annual | F4: Information Security Manager | G4: Completed | H4: None | I4: Reviewed; no changes required

Sheet Evidence Register
A1: EVIDENCE REGISTER
A2: Document all supporting evidence for audit traceability and compliance verification.
A4: Evidence ID | B4: Evidence Type | C4: Description | D4: Related Agreement | E4: File Location | F4: Collection Date | G4: Collected By | H4: Status
A5: EV-514-AGR-001 | B5: Signed Agreement | C5: Executed DSA with Example Partner | D5: AGR-001 | H5: Collected

Sheet Summary Dashboard
A1: TRANSFER AGREEMENTS REGISTER — SUMMARY DASHBOARD
A2: ISO/IEC 27001:2022 — Control A.5.14: Information Transfer | Third Party Transfer Agreements Portfolio
A4: TABLE 1: ASSESSMENT AREA COMPLIANCE OVERVIEW
A5: Assessment Area | B5: Total Items | C5: Compliant | D5: Partial | E5: Non-Compliant | F5: N/A | G5: Compliance %
A6: Agreement Inventory | B6: =COUNTA('Agreement Register'!C5:C54) | C6: =COUNTIF('Agreement Register'!K5:K54,"Active") | D6: =COUNTIF('Agreement Register'!K5:K54,"Expiring Soon")+COUNTIF('Agreement Register'!K5:K54,"Under Review") | E6: =COUNTIF('Agreement Register'!K5:K54,"Draft")+COUNTIF('Agreement Register'!K5:K54,"Expired")+COUNTIF('Agreement Register'!K5:K54,"Terminated") | F6: 0 | G6: =IFERROR(IF((B6-F6)=0,0,C6/(B6-F6)),"")
A7: Third Party Security | B7: =COUNTA('Third Party Assessment'!A5:A54) | C7: =COUNTIF('Third Party Assessment'!H5:H54,"Low") | D7: =COUNTIF('Third Party Assessment'!H5:H54,"Medium") | E7: =COUNTIF('Third Party Assessment'!H5:H54,"High")+COUNTIF('Third Party Assessment'!H5:H54,"Critical") | F7: 0 | G7: =IFERROR(IF((B7-F7)=0,0,C7/(B7-F7)),"")
A8: Review Schedule | B8: =COUNTA('Review Schedule'!A5:A54) | C8: =COUNTIF('Review Schedule'!G5:G54,"Completed") | D8: =COUNTIF('Review Schedule'!G5:G54,"Scheduled")+COUNTIF('Review Schedule'!G5:G54,"In Progress") | E8: =COUNTIF('Review Schedule'!G5:G54,"Overdue") | F8: 0 | G8: =IFERROR(IF((B8-F8)=0,0,C8/(B8-F8)),"")
A9: TOTAL | B9: =SUM(B6:B8) | C9: =SUM(C6:C8) | D9: =SUM(D6:D8) | E9: =SUM(E6:E8) | F9: =SUM(F6:F8) | G9: =IFERROR(IF((B9-F9)=0,0,C9/(B9-F9)),"")
A11: TABLE 2: KEY METRICS
A12: Metric | B12: Value
A13: Total Agreements Registered | B13: =COUNTA('Agreement Register'!C5:C54)
A14: Active Agreements | B14: =COUNTIF('Agreement Register'!K5:K54,"Active")
A15: Agreements Expiring Soon | B15: =COUNTIF('Agreement Register'!K5:K54,"Expiring Soon")
A16: Expired or Terminated Agreements | B16: =COUNTIF('Agreement Register'!K5:K54,"Expired")+COUNTIF('Agreement Register'!K5:K54,"Terminated")
A17: DSA / DPA Agreements | B17: =COUNTIF('Agreement Register'!B5:B54,"DSA")+COUNTIF('Agreement Register'!B5:B54,"DPA")
A18: CONFIDENTIAL/RESTRICTED Transfer Agreements | B18: =COUNTIF('Agreement Register'!E5:E54,"CONFIDENTIAL")+COUNTIF('Agreement Register'!E5:E54,"RESTRICTED")
A19: Partners with ISO 27001 Certification | B19: =COUNTIF('Third Party Assessment'!D5:D54,"Yes")
A20: Partners with SOC 2 Report | B20: =COUNTIF('Third Party Assessment'!E5:E54,"Type I")+COUNTIF('Third Party Assessment'!E5:E54,"Type II")
A21: High/Critical Risk Partners | B21: =COUNTIF('Third Party Assessment'!H5:H54,"High")+COUNTIF('Third Party Assessment'!H5:H54,"Critical")
A22: Reviews Overdue | B22: =COUNTIF('Review Schedule'!G5:G54,"Overdue")
A23: Reviews Completed | B23: =COUNTIF('Review Schedule'!G5:G54,"Completed")
A24: Agreements Requiring Renegotiation/Termination | B24: =COUNTIF('Review Schedule'!H5:H54,"Renegotiate")+COUNTIF('Review Schedule'!H5:H54,"Terminate")
A25: Evidence Items Collected | B25: =COUNTA('Evidence Register'!A6:A105)
A29: TABLE 3: CRITICAL FINDINGS REQUIRING IMMEDIATE ATTENTION
A30: Category | B30: Finding | C30: Count | D30: Severity | E30: Action Required
A31: Agreement Inventory | B31: Expired agreements still on register | C31: =COUNTIF('Agreement Register'!K5:K54,"Expired") | D31: Critical | E31: Immediate
A32: Agreement Inventory | B32: Agreements expiring soon without renewal action | C32: =COUNTIF('Agreement Register'!K5:K54,"Expiring Soon") | D32: High | E32: Urgent
A33: Third Party Security | B33: High/Critical risk transfer partners | C33: =COUNTIF('Third Party Assessment'!H5:H54,"High")+COUNTIF('Third Party Assessment'!H5:H54,"Critical") | D33: Critical | E33: Immediate
A34: Third Party Security | B34: Partners without ISO 27001 or SOC 2 assurance | C34: =COUNTA('Third Party Assessment'!A5:A54)-COUNTIF('Third Party Assessment'!D5:D54,"Yes")-COUNTIF('Third Party Assessment'!E5:E54,"Type I")-COUNTIF('Third Party Assessment'!E5:E54,"Type II") | D34: High | E34: Urgent
A35: Review Schedule | B35: Overdue agreement reviews | C35: =COUNTIF('Review Schedule'!G5:G54,"Overdue") | D35: Critical | E35: Immediate
A36: Review Schedule | B36: Agreements requiring renegotiation | C36: =COUNTIF('Review Schedule'!H5:H54,"Renegotiate") | D36: High | E36: Urgent
A37: Review Schedule | B37: Agreements requiring termination | C37: =COUNTIF('Review Schedule'!H5:H54,"Terminate") | D37: High | E37: Urgent
A38: Agreement Inventory | B38: Terminated agreements still registered | C38: =COUNTIF('Agreement Register'!K5:K54,"Terminated") | D38: Medium | E38: Plan

Sheet Approval Sign-Off
A1: ASSESSMENT APPROVAL AND SIGN-OFF
A2: ISO/IEC 27001:2022 - Control A.5.14: Information Transfer
A3: ASSESSMENT SUMMARY
A4: Document: | B4: ISMS-IMP-A.5.14.3 - Transfer Agreements Register
A5: Assessment Period:
A6: Overall Compliance Rating: | B6: =IFERROR(AVERAGE('Summary Dashboard'!G6:G8),"")
A7: Assessment Status:
A8: Assessed By:
A11: COMPLETED BY (ASSESSOR)
A12: Name:
A13: Title:
A14: Date:
A15: Signature:
A16: Comments:
A18: REVIEWED BY (INFORMATION SECURITY OFFICER)
A19: Name:
A20: Title:
A21: Date:
... A38: Special Considerations:
