Workbook

Sheet Instructions & Legend
A1: ISMS-IMP-A.5.14.1 - Transfer Rules and Procedures ISO/IEC 27001:2022 - Control A.5.14: Information Transfer
A3: Document Information
A4: Document ID | B4: ISMS-IMP-A.5.14.1
A5: Workbook Title | B5: Transfer Rules and Procedures
A6: Control Reference | B6: ISO/IEC 27001:2022 - Control A.5.14: Information Transfer
A7: Version | B7: 1.0
A8: Assessment Date
A9: Completed By
A10: Organisation
A12: Instructions
A13: 1. Complete Transfer Policy — assess the information transfer policy against ISO 27001:2022 A.5.14 requirements.
A14: 2. Complete Transfer Methods — document all approved transfer channels and their security requirements.
A15: 3. Complete Electronic Transfer — assess controls for email, file sharing, and API transfers.
A16: 4. Complete Physical Transfer — assess controls for courier, removable media, and postal transfers.
A17: 5. Complete Verbal Transfer — assess controls for verbal and telephone information disclosure.
A18: 6. Maintain the Evidence Register with policy documentation and control evidence.
A19: 7. Obtain final approval and sign-off in the Approval Sign-Off sheet.
A21: Status Legend
A22: Symbol | B22: Status | C22: Description
A23: ✓ | B23: Compliant / Complete | C23: Requirement fully met
A24: ⚠ | B24: Partial / In Progress | C24: Partially met or in progress
A25: ✗ | B25: Non-Compliant / Not Started | C25: Requirement not met
A26: — | B26: Not Applicable | C26: Not applicable to this assessment

Sheet Transfer Policy
A1: INFORMATION TRANSFER POLICY ELEMENTS
A2: Define overarching policy elements governing information transfer across all channels and classification levels.
A3: Policy Element | B3: Description | C3: Requirement | D3: Owner | E3: Review Frequency | F3: Status
A4: Scope Definition | B4: Define what information transfer means in organisational context | C4: MANDATORY | E4: Annual
A5: Classification Alignment | B5: Transfer methods must align with information classification | C5: MANDATORY | E5: Annual
A6: Encryption Standards | B6: Minimum encryption requirements for transfer by classification | C6: MANDATORY | E6: Annual
A7: Authentication Requirements | B7: Recipient verification before transfer | C7: MANDATORY | E7: Annual
A8: Authorisation Process | B8: Approval workflow for transfers above certain thresholds | C8: MANDATORY | E8: Annual
A9: Chain of Custody | B9: Tracking requirements for information in transit | C9: RECOMMENDED | E9: Annual
A10: Third-Party Requirements | B10: Standards for transfers to/from external parties | C10: MANDATORY | E10: Annual
A11: Incident Reporting | B11: Process for reporting transfer security incidents | C11: MANDATORY | E11: Annual
A12: Retention of Transfer Records | B12: How long transfer logs must be retained | C12: MANDATORY | E12: Annual
A13: User Awareness | B13: Training requirements for secure transfer practices | C13: MANDATORY | E13: Annual

Sheet Transfer Methods
A1: ACCEPTABLE TRANSFER METHODS BY CLASSIFICATION LEVEL
A3: Transfer Method | B3: PUBLIC | C3: INTERNAL | D3: CONFIDENTIAL | E3: RESTRICTED | F3: Conditions | G3: Approval Required | H3: Notes
A4: Corporate Email (encrypted) | B4: Allowed | C4: Allowed | D4: Allowed | E4: Not Allowed | F4: TLS required | G4: No
A5: Corporate Email (unencrypted) | B5: Allowed | C5: Conditional | D5: Not Allowed | E5: Not Allowed | F5: Internal only | G5: No
A6: Personal Email | B6: Conditional | C6: Not Allowed | D6: Not Allowed | E6: Not Allowed | F6: Emergency only | G6: Yes
A7: Approved Cloud Storage | B7: Allowed | C7: Allowed | D7: Allowed | E7: Conditional | F7: Encrypted, access controlled | G7: Varies
A8: Public Cloud Storage | B8: Allowed | C8: Not Allowed | D8: Not Allowed | E8: Not Allowed | F8: Non-sensitive only | G8: No
A9: SFTP/SCP | B9: Allowed | C9: Allowed | D9: Allowed | E9: Allowed | F9: Key-based auth | G9: No
A10: FTP (unencrypted) | B10: Conditional | C10: Not Allowed | D10: Not Allowed | E10: Not Allowed | F10: Isolated networks | G10: Yes
A11: USB/Removable Media | B11: Conditional | C11: Conditional | D11: Conditional | E11: Not Allowed | F11: Encrypted media only | G11: Yes
A12: Physical Courier | B12: Allowed | C12: Allowed | D12: Allowed | E12: Allowed | F12: Tamper-evident packaging | G12: Varies
A13: Internal Mail | B13: Allowed | C13: Allowed | D13: Conditional | E13: Not Allowed | F13: Sealed envelopes | G13: No
A14: Video Conference | B14: Allowed | C14: Allowed | D14: Conditional | E14: Conditional | F14: Approved platforms | G14: No
A15: Telephone | B15: Allowed | C15: Allowed | D15: Conditional | E15: Not Allowed | F15: Verify recipient | G15: No
... A18: API/Web Services | B18: Allowed | C18: Allowed | D18: Allowed | E18: Conditional | F18: mTLS, OAuth2 | G18: Technical Review

Sheet Electronic Transfer
A1: ELECTRONIC TRANSFER RULES AND CONTROLS
A2: Document approved electronic transfer channels with encryption requirements, authentication controls, and DLP integration status.
A3: Channel | B3: Security Controls | C3: Encryption Requirement | D3: Authentication | E3: Logging | F3: Max Classification | G3: DLP Integration | H3: Notes
A4: Corporate Email - Internal | B4: Exchange Online, Microsoft 365 | C4: TLS 1.2+ in transit | D4: Microsoft Entra ID (formerly Azure AD) SSO | E4: Exchange Audit Logs | F4: CONFIDENTIAL | G4: Yes
A5: Corporate Email - External | B5: Exchange Online + S/MIME | C5: S/MIME or TLS 1.2+ | D5: Microsoft Entra ID (formerly Azure AD) + MFA | E5: Exchange Audit Logs | F5: CONFIDENTIAL | G5: Yes
A6: SharePoint/OneDrive | B6: Microsoft 365, Sensitivity Labels | C6: AES-256 at rest, TLS in transit | D6: Microsoft Entra ID (formerly Azure AD) + MFA | E6: Unified Audit Log | F6: CONFIDENTIAL | G6: Yes
A7: Teams File Sharing | B7: Microsoft Teams | C7: AES-256, TLS 1.2+ | D7: Microsoft Entra ID (formerly Azure AD) + MFA | E7: Teams Audit | F7: INTERNAL | G7: Yes
A8: SFTP Server | B8: OpenSSH, key-based auth | C8: AES-256-CTR | D8: SSH Keys + IP allowlist | E8: SFTP Logs | F8: RESTRICTED | G8: Manual
A9: Approved API Gateway | B9: Kong/Apigee with mTLS | C9: TLS 1.3, mTLS | D9: OAuth 2.0 + API Keys | E9: API Gateway Logs | F9: RESTRICTED | G9: Custom
A10: Managed File Transfer (MFT) | B10: GoAnywhere/Axway | C10: AES-256, TLS 1.2+ | D10: SSO + MFA | E10: MFT Audit Trail | F10: RESTRICTED | G10: Yes
A11: VPN Site-to-Site | B11: IPSec/IKEv2 | C11: AES-256-GCM | D11: Certificate + PSK | E11: VPN Logs | F11: RESTRICTED | G11: N/A

Sheet Physical Transfer
A1: PHYSICAL TRANSFER PROCEDURES AND CONTROLS
A2: Document procedures and controls for physical transfer of information assets including packaging, custody chain, and recipient verification requirements.
A3: Transfer Type | B3: Packaging Requirements | C3: Courier/Transport | D3: Chain of Custody | E3: Recipient Verification | F3: Max Classification | G3: Environmental Protection | H3: Notes
A4: Encrypted USB Drive | B4: Tamper-evident bag | C4: Hand delivery or approved courier | D4: Transfer log required | E4: ID verification + signature | F4: CONFIDENTIAL | G4: Static protection
A5: External Hard Drive | B5: Padded, tamper-evident case | C5: Approved courier with tracking | D5: Full chain of custody log | E5: ID verification + signature | F5: CONFIDENTIAL | G5: Static + shock protection
A6: Printed Documents | B6: Sealed envelope/package | C6: Internal mail or courier | D6: Receipt confirmation | E6: Addressee verification | F6: INTERNAL | G6: Waterproof packaging
A7: Classified Documents | B7: Double-sealed, opaque packaging | C7: Approved secure courier | D7: Continuous chain of custody | E7: Photo ID + signature + witness | F7: RESTRICTED | G7: Full environmental protection
A8: Backup Tapes | B8: Protective case, sealed | C8: Secure transport service | D8: Barcode tracking | E8: Authorised recipient list | F8: RESTRICTED | G8: Temperature controlled
A9: Mobile Devices | B9: Original or protective packaging | C9: Hand delivery preferred | D9: Asset tracking log | E9: Employee ID verification | F9: CONFIDENTIAL | G9: Impact protection
A10: Hardware for Disposal | B10: Secure container | C10: Certified disposal vendor | D10: Destruction certificate | E10: Vendor certification | F10: RESTRICTED | G10: Secure transport

Sheet Verbal Transfer
A1: VERBAL TRANSFER PROTOCOLS
A2: Define protocols for verbal transfer of information including security precautions, participant verification, and classification limits for each communication type.
A3: Communication Type | B3: Security Precautions | C3: Participant Verification | D3: Recording Policy | E3: Max Classification | F3: Follow-up Documentation | G3: Notes
A4: In-Person Meeting (internal) | B4: Secure meeting room, no unauthorised persons | C4: Badge/employee verification | D4: No recording without consent | E4: CONFIDENTIAL | F4: Meeting minutes if needed
A5: In-Person Meeting (external) | B5: Visitor registration, escort required | C5: ID verification, NDA check | D5: Recording requires approval | E5: INTERNAL | F5: Summary + attendee list
A6: Video Conference (internal) | B6: Approved platform (Teams/Zoom) | C6: Microsoft Entra ID (formerly Azure AD) authentication | D6: Recording notification required | E6: CONFIDENTIAL | F6: Auto-transcription available
A7: Video Conference (external) | B7: Lobby/waiting room enabled | C7: Host verification of attendees | D7: Explicit consent required | E7: INTERNAL | F7: Host controls recording
A8: Phone Call (internal) | B8: Corporate phone system | C8: Caller ID verification | D8: Generally not recorded | E8: INTERNAL | F8: Notes if sensitive
A9: Phone Call (external) | B9: Verify callback number if sensitive | C9: Ask security questions | D9: Inform if recorded | E9: PUBLIC | F9: Document key points
A10: Voicemail | B10: PIN-protected access | C10: N/A | D10: Limited retention period | E10: PUBLIC | F10: Transcription if available
A11: Presentation/Training | B11: Room access control | C11: Attendee list required | D11: Prior approval needed | E11: INTERNAL | F11: Presentation materials archived

Sheet Evidence Register
A1: EVIDENCE REGISTER
A2: Document all supporting evidence for audit traceability and compliance verification.
A4: Evidence ID | B4: Evidence Type | C4: Description | D4: Related Sheet / Item | E4: File Location | F4: Collection Date | G4: Collected By | H4: Status
A5: EV-514-001 | B5: Policy Document | C5: Information Transfer Policy reviewed and approved | D5: Transfer Policy | H5: Collected

Sheet Summary Dashboard
A1: TRANSFER RULES AND PROCEDURES — SUMMARY DASHBOARD
A2: ISO/IEC 27001:2022 — Control A.5.14: Information Transfer | Transfer Rules, Procedures and Channel Controls
A4: TABLE 1: ASSESSMENT AREA COMPLIANCE OVERVIEW
A5: Assessment Area | B5: Total Items | C5: Compliant | D5: Partial | E5: Non-Compliant | F5: N/A | G5: Compliance %
A6: Transfer Policy | B6: =COUNTA('Transfer Policy'!A4:A13) | C6: =COUNTIF('Transfer Policy'!F4:F13,"Approved") | D6: =COUNTIF('Transfer Policy'!F4:F13,"Under Review") | E6: =COUNTIF('Transfer Policy'!F4:F13,"Draft")+COUNTIF('Transfer Policy'!F4:F13,"Needs Update") | F6: =COUNTIF('Transfer Policy'!F4:F13,"") | G6: =IFERROR(IF((B6-F6)=0,0,C6/(B6-F6)),"")
A7: TOTAL | B7: =SUM(B6:B6) | C7: =SUM(C6:C6) | D7: =SUM(D6:D6) | E7: =SUM(E6:E6) | F7: =SUM(F6:F6) | G7: =IFERROR(IF((B7-F7)=0,0,C7/(B7-F7)),"")
A9: TABLE 2: KEY METRICS
A10: Metric | B10: Value
A11: Transfer Policy Elements Approved | B11: =COUNTIF('Transfer Policy'!F4:F13,"Approved")
A12: Policy Elements Needing Update | B12: =COUNTIF('Transfer Policy'!F4:F13,"Needs Update")+COUNTIF('Transfer Policy'!F4:F13,"Draft")
A13: Transfer Methods — RESTRICTED Channels Allowed/Conditional | B13: =COUNTIF('Transfer Methods'!E4:E18,"Allowed")+COUNTIF('Transfer Methods'!E4:E18,"Conditional")
A14: Transfer Methods Requiring Approval | B14: =COUNTIF('Transfer Methods'!G4:G18,"Yes")
A15: Methods Not Allowed for RESTRICTED Data | B15: =COUNTIF('Transfer Methods'!E4:E18,"Not Allowed")
A16: Electronic Channels Supporting RESTRICTED Data | B16: =COUNTIF('Electronic Transfer'!F4:F11,"RESTRICTED")
A17: Electronic Channels with DLP Integration | B17: =COUNTIF('Electronic Transfer'!G4:G11,"Yes")+COUNTIF('Electronic Transfer'!G4:G11,"Custom")
A18: Physical Transfer Types Documented | B18: =COUNTA('Physical Transfer'!A4:A10)
A19: Verbal Protocols Documented | B19: =COUNTA('Verbal Transfer'!A4:A11)
A20: Evidence Items Collected | B20: =COUNTA('Evidence Register'!A6:A105)
A24: TABLE 3: CRITICAL FINDINGS REQUIRING IMMEDIATE ATTENTION
A25: Category | B25: Finding | C25: Count | D25: Severity | E25: Action Required
A26: Transfer Policy | B26: Policy elements not approved (Draft or Needs Update) | C26: =COUNTIF('Transfer Policy'!F4:F13,"Draft")+COUNTIF('Transfer Policy'!F4:F13,"Needs Update") | D26: High | E26: Urgent
A27: Transfer Policy | B27: Policy elements still under review | C27: =COUNTIF('Transfer Policy'!F4:F13,"Under Review") | D27: Medium | E27: Plan
A28: Transfer Methods | B28: RESTRICTED data — conditional transfer methods (unapproved risk) | C28: =COUNTIF('Transfer Methods'!E4:E18,"Conditional") | D28: High | E28: Urgent
A29: Transfer Methods | B29: Transfer methods requiring approval not yet tracked | C29: =COUNTIF('Transfer Methods'!G4:G18,"Yes") | D29: Medium | E29: Plan
A30: Electronic Transfer | B30: Electronic channels without DLP integration | C30: =COUNTIF('Electronic Transfer'!G4:G11,"No") | D30: High | E30: Urgent
A31: Physical Transfer | B31: Physical transfer types without documented notes/controls | C31: =COUNTBLANK('Physical Transfer'!H4:H10) | D31: Medium | E31: Plan
A32: Verbal Transfer | B32: Verbal protocols without documented notes | C32: =COUNTBLANK('Verbal Transfer'!G4:G11) | D32: Low | E32: Monitor
A33: Evidence Register | B33: No evidence collected (evidence register empty) | C33: =IF(COUNTA('Evidence Register'!A6:A105)=0,1,0) | D33: Low | E33: Monitor

Sheet Approval Sign-Off
A1: ASSESSMENT APPROVAL AND SIGN-OFF
A2: ISO/IEC 27001:2022 - Control A.5.14: Information Transfer
A3: ASSESSMENT SUMMARY
A4: Document: | B4: ISMS-IMP-A.5.14.1 - Transfer Rules and Procedures
A5: Assessment Period:
A6: Overall Compliance Rating: | B6: =IFERROR(AVERAGE('Summary Dashboard'!G6:G6),"")
A7: Assessment Status:
A8: Assessed By:
A11: COMPLETED BY (ASSESSOR)
A12: Name:
A13: Title:
A14: Date:
A15: Signature:
A16: Comments:
A18: REVIEWED BY (INFORMATION SECURITY OFFICER)
A19: Name:
A20: Title:
A21: Date:
... A38: Special Considerations:
