Workbook

Sheet Instructions
A1: ISMS Control A.8.28.4 - Third-Party & OSS Assessment Instructions
A3: 1. ASSESSMENT OVERVIEW
A4: This assessment evaluates your organization's management of third-party dependencies, open source software (OSS), vendor-provided components, and external code integrations. Supply chain security is critical - major breaches like SolarWinds, Log4Shell, and Codecov exploited weaknesses in third-party software management. This assessment ensures you have proper controls to prevent similar incidents. PHILOSOPHY (Richard Feynman): "The first principle is that you must not fool yourself—and you are the easiest person to fool." This assessment focuses on ACTUAL PRACTICES, not just documented policies. Having a vendor questionnaire ≠ vendors are secure. Having an SCA tool ≠ vulnerabilities are fixed. We verify what actually works, not what's written down. ANTI-CARGO-CULT REMINDER: Don't just go through the motions. If you mark something "Implemented," you should be able to demonstrate it working right now. If you can't, it's "Partially Implemented" or "Not Implemented." Honesty in assessment leads to real security improvements.
A6: 2. ASSESSMENT DOMAINS (90 Requirements Total)
A7: This assessment covers 5 domains with 18 requirements each: DOMAIN 1: VENDOR SECURITY ASSESSMENT (Sheet: Vendor_Security_Assessment) - Focus: Vendor due diligence, contracts, access controls, risk management - Key Question: Do we know which vendors have access to our systems/data and are they secure? - Common Pitfall: Vendor onboarding without security review (blind trust) DOMAIN 2: OPEN SOURCE SOFTWARE MANAGEMENT (Sheet: OSS_Management) - Focus: OSS approval, inventory (SBOM), license tracking, abandoned dependencies - Key Question: Do we maintain an accurate inventory of all open source dependencies? - Common Pitfall: "npm install" without review, no SBOM, stale dependencies ignored DOMAIN 3: DEPENDENCY VULNERABILITY MANAGEMENT (Sheet: Dependency_Vulnerability_Mgmt) - Focus: SCA tools, vulnerability detection, remediation SLAs, lockfiles - Key Question: Are dependencies scanned for vulnerabilities and patched within SLAs? - Common Pitfall: Ignoring SCA tool alerts, no SLA for patching (Log4Shell scenarios) DOMAIN 4: THIRD-PARTY CODE REVIEW & INTEGRATION (Sheet: Third_Party_Code_Review) - Focus: Integration security, API assessment, package integrity, supply chain attacks - Key Question: Are third-party integrations security reviewed before production? - Common Pitfall: Vendor code deployed without review, no package verification (typosquatting risk) DOMAIN 5: LICENSE COMPLIANCE & LEGAL RISK (Sheet: License_Compliance) - Focus: License identification, GPL/copyleft management, legal compliance - Key Question: Are all dependency licenses identified and compatible with our code? - Common Pitfall: GPL contamination (mixing GPL code with proprietary), missing attribution files
A9: 3. HOW TO COMPLETE THIS ASSESSMENT
A10: STEP 1: Review Each Domain Sheet - Navigate to each domain sheet (Vendor_Security_Assessment, OSS_Management, etc.) - Read each requirement carefully - Consider the evidence examples provided STEP 2: Assess Implementation Status For each requirement, select the appropriate status from the dropdown in Column C: - "Implemented" = Requirement fully met, evidence available, working as intended - "Partially Implemented" = Requirement partially met, some gaps exist - "Not Implemented" = Requirement not met, significant gaps - "N/A" = Requirement not applicable to your environment (use sparingly) STEP 3: Document Evidence (Column D) Provide specific evidence references: - Good: "Vendor security policy v2.1 approved 15.03.2024, SharePoint link: [URL]" - Good: "Snyk SCA scans in CI/CD, see Jenkins pipeline config line 45" - Bad: "We have this" - Bad: "Compliant" STEP 4: Add Comments/Context (Column E) Use this for: - Clarifying partial implementations - Noting planned improvements - Explaining N/A selections - Documenting compensating controls STEP 5: Track Evidence (Evidence_Register Sheet) - Log all evidence in the centralized Evidence Register - Include evidence location, owner, verification status - This creates an audit trail STEP 6: Identify Gaps (Gap_Analysis Sheet) - For "Not Implemented" or "Partially Implemented" items, create a gap entry - Assign owner, target date, remediation plan - Track gap closure STEP 7: Review Summary (Summary_Dashboard Sheet) - Check overall compliance percentage - Review domain-specific compliance - Identify highest-risk gaps STEP 8: Obtain Approval (Approval_Sign_Off Sheet) - Submit completed assessment for review - Obtain signatures from required approvers - Archive completed workbook
A12: 4. EVIDENCE REQUIREMENTS & EXAMPLES
A13: WHAT MAKES GOOD EVIDENCE? GOOD Evidence Characteristics: ✓ Specific: References exact documents, systems, or configurations ✓ Verifiable: Can be independently validated by an auditor ✓ Current: Recent evidence (within last 12 months for most items) ✓ Traceable: Clear location/link/reference provided EVIDENCE TYPE EXAMPLES: Policy Documents: "Vendor Security Assessment Policy v1.2, approved 10.01.2025, stored at: SharePoint/Policies/Vendor_Security.pdf" Tool Configurations: "Snyk SCA integration, see GitHub Actions workflow: .github/workflows/security-scan.yml, lines 25-40" Scan Reports: "Dependency scan report dated 05.01.2025, 147 dependencies scanned, 3 high vulnerabilities found, see Jenkins build #1234" Process Evidence: "OSS approval workflow in JIRA, project key: SEC, approval workflow screenshot dated 03.01.2025" Contracts: "Vendor contract with Acme Corp, executed 12.11.2024, security clauses Section 8.1-8.5, contract ID: VC-2024-045" Logs/Records: "Vendor access review completed 20.12.2024, 12 vendors reviewed, access log export attached" Metrics/Dashboards: "SCA vulnerability remediation dashboard, MTTR = 4.2 days for critical vulns, dashboard URL: [internal]" BAD Evidence (Avoid These): ✗ "We do this" - Not specific, not verifiable ✗ "Compliant" - Meaningless without details ✗ "Yes" - Provides no evidence reference ✗ "See attached" - Without clear file reference ✗ "It's in the system" - Which system? Where?
A15: 5. ANTI-CARGO-CULT: COMMON FALSE POSITIVES
A16: These look like "Implemented" but often aren't (be honest!): ❌ "We have a vendor questionnaire" ≠ Vendors are secure Reality Check: Do you validate questionnaire answers? Are they tailored to risk level? Do you follow up on concerning responses? If you just file them away, mark "Partially Implemented." ❌ "We scan for vulnerabilities" ≠ Vulnerabilities are fixed Reality Check: What's your mean time to remediate critical vulns? Are SLAs actually met? Or do you have 500 unaddressed findings? Scanning without remediation is theater. ❌ "We track licenses" ≠ License compliance Reality Check: Do you remediate violations? Is legal involved in GPL decisions? Are attribution files actually maintained? Or is it just a report nobody reads? ❌ "We have an OSS policy" ≠ OSS is managed Reality Check: Is the approval process enforced? Do teams bypass it? Is your SBOM accurate and complete? Or is the policy a dusty PDF? ❌ "We use lockfiles" ≠ Dependencies are pinned Reality Check: Are lockfiles checked into version control? Are they generated automatically? Or do developers delete them when they cause conflicts? ❌ "We review vendor contracts" ≠ Contracts have security requirements Reality Check: Do contracts actually include security clauses? Or is it just boilerplate with no enforcement? Can you show me the security sections? ❌ "Developers know about security" ≠ Security is practiced Reality Check: Do developers actually follow secure coding practices? Or did they attend one training and forget it? Evidence speaks louder than assumptions. FEYNMAN'S CHALLENGE: "What I cannot create, I do not understand." If you can't demonstrate the control working RIGHT NOW, you don't have the control. Be honest with yourself.
A18: 6. SCORING GUIDANCE & SUCCESS CRITERIA
... A24: END OF INSTRUCTIONS - Proceed to Domain Assessment Sheets

Sheet Vendor_Security_Assessment
A1: Domain 1: Vendor Security Assessment
A2: Assessment Date: | C2: 08.02.2026 | E2: Assessor:
A3: ID | B3: Requirement | C3: Implementation Status | D3: Evidence Reference | E3: Comments | F3: ✓
A4: V-01 | B4: Vendor security assessment policy exists and is approved Evidence Examples: Policy document, approval signatures, policy publication records | F4: =IF(C4="Implemented","✓",IF(C4="Partially Implemented","◐",IF(C4="Not Implemented","✗",IF(C4="N/A","—",""))))
A5: V-02 | B5: Security questionnaire sent to all vendors before onboarding Evidence Examples: Questionnaire templates, completed questionnaires, vendor onboarding records | F5: =IF(C5="Implemented","✓",IF(C5="Partially Implemented","◐",IF(C5="Not Implemented","✗",IF(C5="N/A","—",""))))
A6: V-03 | B6: Vendor risk classification framework implemented (High/Medium/Low tiers) Evidence Examples: Risk classification matrix, vendor tier assignments, risk scoring methodology | F6: =IF(C6="Implemented","✓",IF(C6="Partially Implemented","◐",IF(C6="Not Implemented","✗",IF(C6="N/A","—",""))))
A7: V-04 | B7: Contract security requirements defined for all vendors Evidence Examples: Contract templates with security clauses, executed vendor contracts | F7: =IF(C7="Implemented","✓",IF(C7="Partially Implemented","◐",IF(C7="Not Implemented","✗",IF(C7="N/A","—",""))))
A8: V-05 | B8: Data protection requirements specified in vendor contracts (DPAs, data handling) Evidence Examples: Contract sections on data handling, Data Processing Agreements (DPAs), privacy clauses | F8: =IF(C8="Implemented","✓",IF(C8="Partially Implemented","◐",IF(C8="Not Implemented","✗",IF(C8="N/A","—",""))))
A9: V-06 | B9: Incident response coordination requirements included in vendor contracts Evidence Examples: Incident notification SLAs, contact procedures, escalation paths in contracts | F9: =IF(C9="Implemented","✓",IF(C9="Partially Implemented","◐",IF(C9="Not Implemented","✗",IF(C9="N/A","—",""))))
A10: V-07 | B10: Vendor access controls documented and enforced (least privilege) Evidence Examples: Access logs, permission matrices, SSO configurations, access request records | F10: =IF(C10="Implemented","✓",IF(C10="Partially Implemented","◐",IF(C10="Not Implemented","✗",IF(C10="N/A","—",""))))
A11: V-08 | B11: Vendor accounts follow least privilege principle (minimal necessary permissions) Evidence Examples: Access reviews, role definitions, permission audits, access justifications | F11: =IF(C11="Implemented","✓",IF(C11="Partially Implemented","◐",IF(C11="Not Implemented","✗",IF(C11="N/A","—",""))))
A12: V-09 | B12: Vendor access reviewed regularly (quarterly for high-risk vendors) Evidence Examples: Access review reports, approval records, review meeting notes, access certification logs | F12: =IF(C12="Implemented","✓",IF(C12="Partially Implemented","◐",IF(C12="Not Implemented","✗",IF(C12="N/A","—",""))))
A13: V-10 | B13: High-risk vendors undergo annual comprehensive security reviews Evidence Examples: Review meeting notes, security assessment reports, vendor scorecards, review schedules | F13: =IF(C13="Implemented","✓",IF(C13="Partially Implemented","◐",IF(C13="Not Implemented","✗",IF(C13="N/A","—",""))))
A14: V-11 | B14: Vendor security incidents tracked and reviewed (lessons learned) Evidence Examples: Incident logs, post-mortem reports, lessons learned documents, remediation plans | F14: =IF(C14="Implemented","✓",IF(C14="Partially Implemented","◐",IF(C14="Not Implemented","✗",IF(C14="N/A","—",""))))
A15: V-12 | B15: Vendor security posture monitored (security ratings, breach notifications) Evidence Examples: Security rating subscriptions (BitSight, SecurityScorecard), monitoring reports, breach alerts | F15: =IF(C15="Implemented","✓",IF(C15="Partially Implemented","◐",IF(C15="Not Implemented","✗",IF(C15="N/A","—",""))))
... A21: V-18 | B21: Vendor security metrics tracked (% compliant vendors, review completion rates) Evidence Examples: Vendor compliance dashboard, metrics reports, KPI tracking, trend analysis | F21: =IF(C21="Implemented","✓",IF(C21="Partially Implemented","◐",IF(C21="Not Implemented","✗",IF(C21="N/A","—",""))))

Sheet OSS_Management
A1: Domain 2: Open Source Software Management
A2: Assessment Date: | C2: 08.02.2026 | E2: Assessor:
A3: ID | B3: Requirement | C3: Implementation Status | D3: Evidence Reference | E3: Comments | F3: ✓
A4: O-01 | B4: OSS usage policy exists and is approved (defines acceptable OSS practices) Evidence Examples: OSS policy document, approval signatures, policy distribution records | F4: =IF(C4="Implemented","✓",IF(C4="Partially Implemented","◐",IF(C4="Not Implemented","✗",IF(C4="N/A","—",""))))
A5: O-02 | B5: OSS approval workflow defined (request → review → approve process) Evidence Examples: Workflow documentation, JIRA/ServiceNow workflow configs, process diagrams | F5: =IF(C5="Implemented","✓",IF(C5="Partially Implemented","◐",IF(C5="Not Implemented","✗",IF(C5="N/A","—",""))))
A6: O-03 | B6: OSS approval process enforced before production use (not bypassed) Evidence Examples: Approval tickets, process audit logs, enforcement metrics, compliance reports | F6: =IF(C6="Implemented","✓",IF(C6="Partially Implemented","◐",IF(C6="Not Implemented","✗",IF(C6="N/A","—",""))))
A7: O-04 | B7: OSS inventory maintained (SBOM) for all applications and services Evidence Examples: SBOM exports (CycloneDX, SPDX format), inventory databases, dependency manifests | F7: =IF(C7="Implemented","✓",IF(C7="Partially Implemented","◐",IF(C7="Not Implemented","✗",IF(C7="N/A","—",""))))
A8: O-05 | B8: SBOM generated automatically in CI/CD pipeline (not manual) Evidence Examples: CI/CD pipeline configs, build logs showing SBOM generation, automation scripts | F8: =IF(C8="Implemented","✓",IF(C8="Partially Implemented","◐",IF(C8="Not Implemented","✗",IF(C8="N/A","—",""))))
A9: O-06 | B9: OSS components tracked with specific version numbers (not version ranges) Evidence Examples: Dependency manifests (package.json, requirements.txt, pom.xml), lockfiles | F9: =IF(C9="Implemented","✓",IF(C9="Partially Implemented","◐",IF(C9="Not Implemented","✗",IF(C9="N/A","—",""))))
A10: O-07 | B10: Transitive dependencies identified and tracked (dependencies of dependencies) Evidence Examples: Dependency tree reports, SCA tool outputs showing full dependency graph | F10: =IF(C10="Implemented","✓",IF(C10="Partially Implemented","◐",IF(C10="Not Implemented","✗",IF(C10="N/A","—",""))))
A11: O-08 | B11: OSS license information captured in inventory for all dependencies Evidence Examples: License scan reports, SBOM license fields, license identification logs | F11: =IF(C11="Implemented","✓",IF(C11="Partially Implemented","◐",IF(C11="Not Implemented","✗",IF(C11="N/A","—",""))))
A12: O-09 | B12: Abandoned/unmaintained OSS detected and tracked (staleness monitoring) Evidence Examples: Dependency staleness reports, EOL (end-of-life) tracking, maintainer activity checks | F12: =IF(C12="Implemented","✓",IF(C12="Partially Implemented","◐",IF(C12="Not Implemented","✗",IF(C12="N/A","—",""))))
A13: O-10 | B13: OSS update policy defines acceptable staleness thresholds (e.g., <6 months since last update) Evidence Examples: Policy document with staleness thresholds, update frequency requirements | F13: =IF(C13="Implemented","✓",IF(C13="Partially Implemented","◐",IF(C13="Not Implemented","✗",IF(C13="N/A","—",""))))
A14: O-11 | B14: OSS components reviewed for security before approval (not rubber-stamped) Evidence Examples: Security review checklists, approval criteria, security assessment notes | F14: =IF(C14="Implemented","✓",IF(C14="Partially Implemented","◐",IF(C14="Not Implemented","✗",IF(C14="N/A","—",""))))
A15: O-12 | B15: Restricted licenses flagged during approval process (GPL, AGPL, SSPL) Evidence Examples: License allowlist/blocklist, flagging rules in approval workflow, legal review triggers | F15: =IF(C15="Implemented","✓",IF(C15="Partially Implemented","◐",IF(C15="Not Implemented","✗",IF(C15="N/A","—",""))))
... A21: O-18 | B21: OSS metrics tracked (% approved components, inventory coverage, SBOM completeness) Evidence Examples: OSS compliance dashboard, metrics reports, KPI tracking | F21: =IF(C21="Implemented","✓",IF(C21="Partially Implemented","◐",IF(C21="Not Implemented","✗",IF(C21="N/A","—",""))))

Sheet Dependency_Vulnerability_Mgmt
A1: Domain 3: Dependency Vulnerability Management
A2: Assessment Date: | C2: 08.02.2026 | E2: Assessor:
A3: ID | B3: Requirement | C3: Implementation Status | D3: Evidence Reference | E3: Comments | F3: ✓
A4: D-01 | B4: SCA (Software Composition Analysis) tool deployed and scanning dependencies Evidence Examples: SCA tool configurations (Snyk, Dependabot, WhiteSource, Sonatype), deployment records | F4: =IF(C4="Implemented","✓",IF(C4="Partially Implemented","◐",IF(C4="Not Implemented","✗",IF(C4="N/A","—",""))))
A5: D-02 | B5: SCA scans run automatically on every build/commit (not manual) Evidence Examples: CI/CD pipeline configs, scan logs, automation evidence, build failure logs | F5: =IF(C5="Implemented","✓",IF(C5="Partially Implemented","◐",IF(C5="Not Implemented","✗",IF(C5="N/A","—",""))))
A6: D-03 | B6: SCA tool integrated with developer workflow (IDE plugins, PR checks) Evidence Examples: IDE plugin configurations, PR check results, developer tool screenshots | F6: =IF(C6="Implemented","✓",IF(C6="Partially Implemented","◐",IF(C6="Not Implemented","✗",IF(C6="N/A","—",""))))
A7: D-04 | B7: Vulnerability alerts delivered to responsible teams (not ignored) Evidence Examples: Alert routing configurations, notification logs, Slack/email integrations | F7: =IF(C7="Implemented","✓",IF(C7="Partially Implemented","◐",IF(C7="Not Implemented","✗",IF(C7="N/A","—",""))))
A8: D-05 | B8: Vulnerability remediation SLAs defined by severity (Critical/High/Medium/Low) Evidence Examples: SLA policy document, severity definitions, remediation timelines | F8: =IF(C8="Implemented","✓",IF(C8="Partially Implemented","◐",IF(C8="Not Implemented","✗",IF(C8="N/A","—",""))))
A9: D-06 | B9: Critical vulnerabilities have <7 day remediation SLA (e.g., Log4Shell scenarios) Evidence Examples: SLA policy with critical timelines, compliance tracking, escalation procedures | F9: =IF(C9="Implemented","✓",IF(C9="Partially Implemented","◐",IF(C9="Not Implemented","✗",IF(C9="N/A","—",""))))
A10: D-07 | B10: High vulnerabilities have <30 day remediation SLA Evidence Examples: SLA policy with high severity timelines, tracking metrics, compliance reports | F10: =IF(C10="Implemented","✓",IF(C10="Partially Implemented","◐",IF(C10="Not Implemented","✗",IF(C10="N/A","—",""))))
A11: D-08 | B11: Vulnerability triage process documented (risk assessment, prioritization) Evidence Examples: Triage workflow documentation, decision criteria, risk scoring methodology | F11: =IF(C11="Implemented","✓",IF(C11="Partially Implemented","◐",IF(C11="Not Implemented","✗",IF(C11="N/A","—",""))))
A12: D-09 | B12: False positives documented with suppression justification (not silently ignored) Evidence Examples: Suppression records, justification notes, approval logs, suppression review process | F12: =IF(C12="Implemented","✓",IF(C12="Partially Implemented","◐",IF(C12="Not Implemented","✗",IF(C12="N/A","—",""))))
A13: D-10 | B13: Dependency update process documented (testing requirements, rollback plans) Evidence Examples: Update procedures, testing requirements, rollback documentation, change management | F13: =IF(C13="Implemented","✓",IF(C13="Partially Implemented","◐",IF(C13="Not Implemented","✗",IF(C13="N/A","—",""))))
A14: D-11 | B14: Dependency updates tested before production deployment (not YOLO updates) Evidence Examples: Test results, staging environment logs, regression test evidence, QA sign-offs | F14: =IF(C14="Implemented","✓",IF(C14="Partially Implemented","◐",IF(C14="Not Implemented","✗",IF(C14="N/A","—",""))))
A15: D-12 | B15: Transitive dependency vulnerabilities addressed (not just direct dependencies) Evidence Examples: Transitive vulnerability remediation records, dependency tree analysis, patch logs | F15: =IF(C15="Implemented","✓",IF(C15="Partially Implemented","◐",IF(C15="Not Implemented","✗",IF(C15="N/A","—",""))))
... A21: D-18 | B21: SCA tool effectiveness reviewed regularly (false negative testing, coverage checks) Evidence Examples: Tool effectiveness reports, benchmark tests, false negative rate analysis | F21: =IF(C21="Implemented","✓",IF(C21="Partially Implemented","◐",IF(C21="Not Implemented","✗",IF(C21="N/A","—",""))))

Sheet Third_Party_Code_Review
A1: Domain 4: Third-Party Code Review & Integration
A2: Assessment Date: | C2: 08.02.2026 | E2: Assessor:
A3: ID | B3: Requirement | C3: Implementation Status | D3: Evidence Reference | E3: Comments | F3: ✓
A4: T-01 | B4: Third-party code integration policy exists (defines security review requirements) Evidence Examples: Integration policy document, approval records, security review requirements | F4: =IF(C4="Implemented","✓",IF(C4="Partially Implemented","◐",IF(C4="Not Implemented","✗",IF(C4="N/A","—",""))))
A5: T-02 | B5: Security review required for all third-party integrations before production Evidence Examples: Review checklists, approval workflow, integration assessment records | F5: =IF(C5="Implemented","✓",IF(C5="Partially Implemented","◐",IF(C5="Not Implemented","✗",IF(C5="N/A","—",""))))
A6: T-03 | B6: Third-party APIs assessed for security risks (authentication, authorization, data exposure) Evidence Examples: API security assessments, risk ratings, vulnerability scan results | F6: =IF(C6="Implemented","✓",IF(C6="Partially Implemented","◐",IF(C6="Not Implemented","✗",IF(C6="N/A","—",""))))
A7: T-04 | B7: API authentication mechanisms reviewed (OAuth, API keys, mutual TLS) Evidence Examples: Authentication config reviews, security assessment notes, credential management | F7: =IF(C7="Implemented","✓",IF(C7="Partially Implemented","◐",IF(C7="Not Implemented","✗",IF(C7="N/A","—",""))))
A8: T-05 | B8: API authorization controls verified (least privilege, scope limitations) Evidence Examples: Authorization testing results, access reviews, scope definitions, permission audits | F8: =IF(C8="Implemented","✓",IF(C8="Partially Implemented","◐",IF(C8="Not Implemented","✗",IF(C8="N/A","—",""))))
A9: T-06 | B9: Third-party API rate limiting and abuse prevention assessed Evidence Examples: Rate limiting configurations, abuse detection logs, throttling evidence | F9: =IF(C9="Implemented","✓",IF(C9="Partially Implemented","◐",IF(C9="Not Implemented","✗",IF(C9="N/A","—",""))))
A10: T-07 | B10: SDK/library source code reviewed where feasible (especially for critical dependencies) Evidence Examples: Code review reports, static analysis results, security findings | F10: =IF(C10="Implemented","✓",IF(C10="Partially Implemented","◐",IF(C10="Not Implemented","✗",IF(C10="N/A","—",""))))
A11: T-08 | B11: Third-party container images scanned for vulnerabilities (Trivy, Clair, etc.) Evidence Examples: Container scan reports, vulnerability findings, remediation evidence | F11: =IF(C11="Implemented","✓",IF(C11="Partially Implemented","◐",IF(C11="Not Implemented","✗",IF(C11="N/A","—",""))))
A12: T-09 | B12: Container base images from trusted sources only (official registries, verified publishers) Evidence Examples: Image provenance records, registry configurations, trusted source lists | F12: =IF(C12="Implemented","✓",IF(C12="Partially Implemented","◐",IF(C12="Not Implemented","✗",IF(C12="N/A","—",""))))
A13: T-10 | B13: Package integrity verified before installation (checksums, GPG signatures) Evidence Examples: Package verification configurations (GPG setup, SHA256 checks), verification logs | F13: =IF(C13="Implemented","✓",IF(C13="Partially Implemented","◐",IF(C13="Not Implemented","✗",IF(C13="N/A","—",""))))
A14: T-11 | B14: Package manager security features enabled (npm audit, pip-audit, bundler-audit) Evidence Examples: Package manager configurations, audit command integration, CI/CD security checks | F14: =IF(C14="Implemented","✓",IF(C14="Partially Implemented","◐",IF(C14="Not Implemented","✗",IF(C14="N/A","—",""))))
A15: T-12 | B15: Typosquatting protection implemented (package name validation, allowlists) Evidence Examples: Package allowlists, validation rules, namespace protection, monitoring alerts | F15: =IF(C15="Implemented","✓",IF(C15="Partially Implemented","◐",IF(C15="Not Implemented","✗",IF(C15="N/A","—",""))))
... A21: T-18 | B21: Third-party integration security reviewed regularly (annual reviews minimum) Evidence Examples: Integration review reports, approval records, security reassessments, audit logs | F21: =IF(C21="Implemented","✓",IF(C21="Partially Implemented","◐",IF(C21="Not Implemented","✗",IF(C21="N/A","—",""))))

Sheet License_Compliance
A1: Domain 5: License Compliance & Legal Risk
A2: Assessment Date: | C2: 08.02.2026 | E2: Assessor:
A3: ID | B3: Requirement | C3: Implementation Status | D3: Evidence Reference | E3: Comments | F3: ✓
A4: L-01 | B4: License compliance policy exists and is approved by legal counsel Evidence Examples: Policy document, legal approval signatures, policy distribution records | F4: =IF(C4="Implemented","✓",IF(C4="Partially Implemented","◐",IF(C4="Not Implemented","✗",IF(C4="N/A","—",""))))
A5: L-02 | B5: License scanning tool deployed (FOSSA, Black Duck, WhiteSource, etc.) Evidence Examples: License scan tool configurations, deployment records, integration evidence | F5: =IF(C5="Implemented","✓",IF(C5="Partially Implemented","◐",IF(C5="Not Implemented","✗",IF(C5="N/A","—",""))))
A6: L-03 | B6: License scans run automatically on every build (not manual/ad-hoc) Evidence Examples: CI/CD configurations, scan logs, build pipeline evidence, automation scripts | F6: =IF(C6="Implemented","✓",IF(C6="Partially Implemented","◐",IF(C6="Not Implemented","✗",IF(C6="N/A","—",""))))
A7: L-04 | B7: All dependency licenses identified and tracked (no unknown licenses) Evidence Examples: License scan reports, SBOM license data, license inventory, unknown license alerts | F7: =IF(C7="Implemented","✓",IF(C7="Partially Implemented","◐",IF(C7="Not Implemented","✗",IF(C7="N/A","—",""))))
A8: L-05 | B8: License allowlist and blocklist defined (approved vs. restricted licenses) Evidence Examples: Allowlist/blocklist documents, approval criteria, legal guidance, license policies | F8: =IF(C8="Implemented","✓",IF(C8="Partially Implemented","◐",IF(C8="Not Implemented","✗",IF(C8="N/A","—",""))))
A9: L-06 | B9: Copyleft licenses flagged for legal review (GPL, AGPL, MPL, EPL) Evidence Examples: Flagging rules in scan tools, legal review records, copyleft license alerts | F9: =IF(C9="Implemented","✓",IF(C9="Partially Implemented","◐",IF(C9="Not Implemented","✗",IF(C9="N/A","—",""))))
A10: L-07 | B10: License compatibility assessed (GPL + proprietary conflicts detected) Evidence Examples: Compatibility matrix, conflict reports, license interaction analysis, legal opinions | F10: =IF(C10="Implemented","✓",IF(C10="Partially Implemented","◐",IF(C10="Not Implemented","✗",IF(C10="N/A","—",""))))
A11: L-08 | B11: Viral license contamination prevented (GPL/AGPL code isolated from proprietary code) Evidence Examples: Isolation strategies, architecture reviews, code segregation, legal firewalls | F11: =IF(C11="Implemented","✓",IF(C11="Partially Implemented","◐",IF(C11="Not Implemented","✗",IF(C11="N/A","—",""))))
A12: L-09 | B12: Commercial licenses tracked with usage limits (seat counts, deployment restrictions) Evidence Examples: License tracking system, usage reports, compliance monitoring, license renewals | F12: =IF(C12="Implemented","✓",IF(C12="Partially Implemented","◐",IF(C12="Not Implemented","✗",IF(C12="N/A","—",""))))
A13: L-10 | B13: License violation detection automated (blocklist enforcement, conflict detection) Evidence Examples: Violation detection rules, alert configurations, automated blocking, CI/CD gates | F13: =IF(C13="Implemented","✓",IF(C13="Partially Implemented","◐",IF(C13="Not Implemented","✗",IF(C13="N/A","—",""))))
A14: L-11 | B14: License violations remediated with documented plan (not ignored) Evidence Examples: Remediation plans, resolution records, alternative selection, legal consultation | F14: =IF(C14="Implemented","✓",IF(C14="Partially Implemented","◐",IF(C14="Not Implemented","✗",IF(C14="N/A","—",""))))
A15: L-12 | B15: Legal review required for restrictive licenses (AGPL, SSPL, Business Source License) Evidence Examples: Legal review requests, approval records, risk assessments, legal opinions | F15: =IF(C15="Implemented","✓",IF(C15="Partially Implemented","◐",IF(C15="Not Implemented","✗",IF(C15="N/A","—",""))))
... A21: L-18 | B21: License compliance metrics tracked (% compliant, violations, legal reviews) Evidence Examples: Compliance dashboards, metrics reports, KPI tracking, trend analysis | F21: =IF(C21="Implemented","✓",IF(C21="Partially Implemented","◐",IF(C21="Not Implemented","✗",IF(C21="N/A","—",""))))

Sheet Summary_Dashboard
A1: Assessment Summary Dashboard
A3: Assessment Date: | B3: 08.02.2026 | D3: Assessor:
A5: Domain Compliance Overview
A6: Domain | B6: Total | C6: Impl. | D6: Partial | E6: Not Impl. | F6: N/A | G6: Compliance % | H6: Status
A7: Vendor Security Assessment | B7: 18 | C7: =COUNTIF(Vendor_Security_Assessment!C4:C21,"Implemented") | D7: =COUNTIF(Vendor_Security_Assessment!C4:C21,"Partially Implemented") | E7: =COUNTIF(Vendor_Security_Assessment!C4:C21,"Not Implemented") | F7: =COUNTIF(Vendor_Security_Assessment!C4:C21,"N/A") | G7: =IF((B7-F7)=0,0,(C7+D7*0.5)/(B7-F7)) | H7: =IF(G7>=0.8,"🟢 Green",IF(G7>=0.5,"🟡 Yellow","🔴 Red"))
A8: OSS Management | B8: 18 | C8: =COUNTIF(OSS_Management!C4:C21,"Implemented") | D8: =COUNTIF(OSS_Management!C4:C21,"Partially Implemented") | E8: =COUNTIF(OSS_Management!C4:C21,"Not Implemented") | F8: =COUNTIF(OSS_Management!C4:C21,"N/A") | G8: =IF((B8-F8)=0,0,(C8+D8*0.5)/(B8-F8)) | H8: =IF(G8>=0.8,"🟢 Green",IF(G8>=0.5,"🟡 Yellow","🔴 Red"))
A9: Dependency Vulnerability Mgmt | B9: 18 | C9: =COUNTIF(Dependency_Vulnerability_Mgmt!C4:C21,"Implemented") | D9: =COUNTIF(Dependency_Vulnerability_Mgmt!C4:C21,"Partially Implemented") | E9: =COUNTIF(Dependency_Vulnerability_Mgmt!C4:C21,"Not Implemented") | F9: =COUNTIF(Dependency_Vulnerability_Mgmt!C4:C21,"N/A") | G9: =IF((B9-F9)=0,0,(C9+D9*0.5)/(B9-F9)) | H9: =IF(G9>=0.8,"🟢 Green",IF(G9>=0.5,"🟡 Yellow","🔴 Red"))
A10: Third-Party Code Review | B10: 18 | C10: =COUNTIF(Third_Party_Code_Review!C4:C21,"Implemented") | D10: =COUNTIF(Third_Party_Code_Review!C4:C21,"Partially Implemented") | E10: =COUNTIF(Third_Party_Code_Review!C4:C21,"Not Implemented") | F10: =COUNTIF(Third_Party_Code_Review!C4:C21,"N/A") | G10: =IF((B10-F10)=0,0,(C10+D10*0.5)/(B10-F10)) | H10: =IF(G10>=0.8,"🟢 Green",IF(G10>=0.5,"🟡 Yellow","🔴 Red"))
A11: License Compliance | B11: 18 | C11: =COUNTIF(License_Compliance!C4:C21,"Implemented") | D11: =COUNTIF(License_Compliance!C4:C21,"Partially Implemented") | E11: =COUNTIF(License_Compliance!C4:C21,"Not Implemented") | F11: =COUNTIF(License_Compliance!C4:C21,"N/A") | G11: =IF((B11-F11)=0,0,(C11+D11*0.5)/(B11-F11)) | H11: =IF(G11>=0.8,"🟢 Green",IF(G11>=0.5,"🟡 Yellow","🔴 Red"))
A12: OVERALL TOTAL | B12: =SUM(B7:B11) | C12: =SUM(C7:C11) | D12: =SUM(D7:D11) | E12: =SUM(E7:E11) | F12: =SUM(F7:F11) | G12: =IF((B12-F12)=0,0,(C12+D12*0.5)/(B12-F12)) | H12: =IF(G12>=0.7,"🟢 Pass","🔴 Fail")
A14: Key Statistics
A15: Total Requirements: | B15: =B12
A16: Overall Compliance %: | B16: =G12
A17: Critical Gaps (Not Impl.): | B17: =E12
A18: Evidence Completeness: | B18: =COUNTA(Evidence_Register!D2:D200)/COUNTA(Evidence_Register!A2:A200)

Sheet Evidence_Register
A1: Evidence Register
A2: Req ID | B2: Requirement Description | C2: Evidence Type | D2: Evidence Location | E2: Evidence Date | F2: Evidence Owner | G2: Verification Status | H2: Verifier Name | I2: Verification Date | J2: Notes

Sheet Gap_Analysis
A1: Gap Analysis & Remediation Tracking
A2: Gap ID | B2: Domain | C2: Req ID | D2: Gap Description | E2: Current State | F2: Target State | G2: Risk Level | H2: Remediation Plan | I2: Owner | J2: Target Date | K2: Status | L2: Closure Date | M2: Notes
A3: GAP-001
A4: ="GAP-"&TEXT(ROW()-2,"000")
A5: ="GAP-"&TEXT(ROW()-2,"000")
A6: ="GAP-"&TEXT(ROW()-2,"000")
A7: ="GAP-"&TEXT(ROW()-2,"000")
A8: ="GAP-"&TEXT(ROW()-2,"000")
A9: ="GAP-"&TEXT(ROW()-2,"000")
A10: ="GAP-"&TEXT(ROW()-2,"000")
A11: ="GAP-"&TEXT(ROW()-2,"000")
A12: ="GAP-"&TEXT(ROW()-2,"000")
A13: ="GAP-"&TEXT(ROW()-2,"000")
A14: ="GAP-"&TEXT(ROW()-2,"000")
A15: ="GAP-"&TEXT(ROW()-2,"000")
... A102: ="GAP-"&TEXT(ROW()-2,"000")

Sheet Approval_Sign_Off
A1: Assessment Approval & Sign-Off
A3: Assessment Summary
A4: Assessment Date: | B4: 08.02.2026
A5: Overall Compliance %: | B5: =Summary_Dashboard!G11
A6: Total Requirements: | B6: =Summary_Dashboard!B11
A7: Critical Gaps: | B7: =Summary_Dashboard!E11
A9: Required Approvals
A10: Role | B10: Details
A11: Application Security Lead (Technical Review)
A12: Name:
A13: Signature:
A14: Date:
A15: Decision:
A16: Comments:
A18: Chief Information Security Officer (CISO Approval)
A19: Name:
A20: Signature:
A21: Date:
A22: Decision:
A23: Comments:
... A37: Comments:
