Workbook

Sheet Instructions_Legend
A1: ISMS Control ISMS-IMP-A.8.12.3 - Channel Coverage Assessment
A2: ISO/IEC 27001:2022 Control A.8.12 - Data Leakage Prevention
A4: Document ID: | B4: ISMS-IMP-A.8.12.3
A5: Assessment Area: | B5: Channel Coverage Assessment
A6: Related Policy: | B6: ISMS-POL-A.8.12-S2.2
A7: Version: | B7: 1.0
A8: Assessment Date: | B8: [USER INPUT]
A9: Completed By: | B9: [USER INPUT]
A10: Organization: | B10: [USER INPUT]
A11: Review Cycle: | B11: Quarterly
A14: HOW TO USE THIS WORKBOOK
A15: 1. Complete Channel_Overview first for high-level assessment of all 6 channels
A16: 2. Complete each channel-specific sheet (Email, Web, Endpoint, Network, Application, Mobile)
A17: 3. Fill ALL yellow-highlighted cells with your organization's information
A18: 4. Use dropdown menus where provided (do not type free-form text in dropdown cells)
A19: 5. Document DLP deployment status, coverage %, and policy actions per channel
A20: 6. Review Coverage_Metrics sheet for channel coverage calculations
A21: 7. Identify gaps in Gap_Analysis sheet and create remediation plans
A22: 8. Provide evidence IDs for all assessments (Evidence ID format: A812-3-[CHANNEL]-[###])
A23: 9. Review Summary Dashboard for overall compliance score
A24: 10. Obtain CISO/DPO approval before finalizing
A27: LEGEND - RESPONSE VALUES
A28: Yes | B28: Fully implemented and documented
A29: No | B29: Not implemented
A30: Partial | B30: Partially implemented (explain in notes)
A31: Planned | B31: Scheduled for implementation (provide target date)
A32: N/A | B32: Not applicable (provide justification)
A35: CHANNEL PROTECTION TIERS (from ISMS-POL-A.8.12-S2.2)
A36: Tier | B36: Channels | C36: Timeline | D36: Rationale
A37: Tier 1 (Critical) | B37: Email, Web, USB | C37: Months 1-3 | D37: Highest exfiltration risk
A38: Tier 2 (High) | B38: Cloud, Mobile | C38: Months 4-6 | D38: Growing attack surface
A39: Tier 3 (Medium) | B39: Network shares, Print | C39: Months 7-9 | D39: Lower volume
A40: Tier 4 (Low) | B40: Bluetooth, Optical drives | C40: Months 10-12 | D40: Niche vectors

Sheet Channel_Overview
A1: CHANNEL COVERAGE OVERVIEW
A2: Summary of DLP protection across all data egress channels
A3: Assessment Date: | D3: Completed By:
A5: Channel Name | B5: Priority Tier | C5: DLP Deployed? | D5: Coverage % | E5: Users Protected | F5: Total Users | G5: Policy Action | H5: Gap Status | I5: Evidence ID
A6: Email | B6: Tier 1 | C6: [Input] | D6: =Email_Channel!B25 | E6: [Input] | F6: [Input] | G6: [Input] | H6: =IF(D6>=90,"✅ Compliant",IF(D6>=70,"⚠️ Partial","❌ Gap")) | I6: [Input]
A7: Web/Cloud | B7: Tier 1 | C7: [Input] | D7: =Web_Cloud_Channel!B25 | E7: [Input] | F7: [Input] | G7: [Input] | H7: =IF(D7>=90,"✅ Compliant",IF(D7>=70,"⚠️ Partial","❌ Gap")) | I7: [Input]
A8: Endpoint | B8: Tier 1 | C8: [Input] | D8: =Endpoint_Channel!L30 | E8: [Input] | F8: [Input] | G8: [Input] | H8: =IF(D8>=90,"✅ Compliant",IF(D8>=70,"⚠️ Partial","❌ Gap")) | I8: [Input]
A9: Network | B9: Tier 3 | C9: [Input] | D9: =Network_Channel!E20 | E9: [Input] | F9: [Input] | G9: [Input] | H9: =IF(D9>=75,"✅ Compliant",IF(D9>=60,"⚠️ Partial","❌ Gap")) | I9: [Input]
A10: Application | B10: Tier 2 | C10: [Input] | D10: =Application_Channel!E20 | E10: [Input] | F10: [Input] | G10: [Input] | H10: =IF(D10>=80,"✅ Compliant",IF(D10>=65,"⚠️ Partial","❌ Gap")) | I10: [Input]
A11: Mobile | B11: Tier 2 | C11: [Input] | D11: =Mobile_Channel!L20 | E11: [Input] | F11: [Input] | G11: [Input] | H11: =IF(D11>=90,"✅ Compliant",IF(D11>=70,"⚠️ Partial","❌ Gap")) | I11: [Input]

Sheet Email_Channel
A1: EMAIL CHANNEL PROTECTION ASSESSMENT
A2: Evaluate DLP coverage for SMTP, M365, Gmail, Webmail
A3: Does your organization have DLP protection for all email systems?
A5: Email System | B5: System Type | C5: DLP Solution | D5: Deployment Mode | E5: Content Inspection | F5: Attachment Scanning | G5: Encrypted Email Handling | H5: Policy Action | I5: External Email Protected | J5: Users Covered | K5: SIEM Integration | L5: Evidence ID
A6: Exchange Online | B6: M365 | C6: Microsoft Purview | D6: Cloud-Native | E6: Yes | F6: Yes | G6: Decrypt | H6: Block | I6: Yes | J6: 850 | K6: Yes | L6: A812-3-EMAIL-001
A7: Gmail | B7: Gmail | C7: Google Workspace DLP | D7: Cloud-Native | E7: Yes | F7: Yes | G7: Quarantine | H7: Alert | I7: Yes | J7: 120 | K7: Yes | L7: A812-3-EMAIL-002
A8: SMTP Gateway | B8: SMTP | C8: Forcepoint DLP | D8: Inline | E8: Yes | F8: Yes | G8: Decrypt | H8: Block | I8: Yes | J8: 900 | K8: Yes | L8: A812-3-EMAIL-003
A25: Email Channel Coverage % | B25: =(COUNTIF(E6:E24,"Yes")/COUNTA(A6:A24))*100

Sheet Web_Cloud_Channel
A1: WEB/CLOUD CHANNEL PROTECTION ASSESSMENT
A2: Evaluate DLP coverage for web uploads, cloud storage, SaaS applications
A3: Does your organization protect against data exfiltration via web and cloud services?
A5: Service/Application | B5: Service Type | C5: DLP Solution | D5: Protection Method | E5: SSL/TLS Inspection | F5: Upload Blocking | G5: Download Monitoring | H5: Policy Action | I5: Users Covered | J5: SIEM Integration | K5: Evidence ID
A6: OneDrive | B6: Cloud Storage | C6: Microsoft Purview | D6: Cloud-Native | E6: Yes | F6: Yes | G6: Yes | H6: Block | I6: 850 | J6: Yes | K6: A812-3-WEB-001
A7: Dropbox | B7: Cloud Storage | C7: Netskope CASB | D7: CASB | E7: Yes | F7: Yes | G7: Yes | H7: Alert | I7: 900 | J7: Yes | K7: A812-3-WEB-002
A8: GitHub | B8: Code Repo | C8: Forcepoint Web DLP | D8: Proxy | E8: Yes | F8: Yes | G8: Partial | H8: Block | I8: 200 | J8: Yes | K8: A812-3-WEB-003
A9: Personal Webmail | B9: Web Upload | C9: Zscaler DLP | D9: Proxy | E9: Yes | F9: Yes | G9: No | H9: Block | I9: 900 | J9: Yes | K9: A812-3-WEB-004
A25: Web/Cloud Channel Coverage % | B25: =(COUNTIF(E6:E24,"Yes")/COUNTA(A6:A24))*100

Sheet Endpoint_Channel
A1: ENDPOINT CHANNEL PROTECTION ASSESSMENT
A2: Evaluate endpoint DLP agent coverage and controls
A3: Does your organization have endpoint DLP agents protecting USB, print, and other local channels?
A5: Endpoint Type | B5: OS Version | C5: DLP Agent Installed | D5: USB Control | E5: Print Control | F5: Clipboard Control | G5: Screen Capture Control | H5: Bluetooth Control | I5: Application Control | J5: Devices Covered | K5: Total Devices | L5: Coverage % | M5: Evidence ID
A6: Windows Desktop | B6: Win 11 | C6: Yes | D6: Allow Approved | E6: Watermark | F6: Block | G6: Block | H6: Monitor | I6: Whitelist | J6: 850 | K6: 900 | L6: =J6/K6*100 | M6: A812-3-EPT-001
A7: macOS | B7: Sonoma 14 | C7: Yes | D7: Block All | E7: Watermark | F7: Monitor | G7: Monitor | H7: Monitor | I7: Whitelist | J7: 120 | K7: 150 | L7: =J7/K7*100 | M7: A812-3-EPT-002
A8: Linux | B8: Ubuntu 22.04 | C8: No | D8: None | E8: None | F8: None | G8: None | H8: None | I8: None | J8: 0 | K8: 50 | L8: =J8/K8*100 | M8: A812-3-EPT-003
A9: VDI | B9: Win 11 | C9: Yes | D9: Block All | E9: Block | F9: Block | G9: Block | H9: Block | I9: Whitelist | J9: 200 | K9: 200 | L9: =J9/K9*100 | M9: A812-3-EPT-004
L10: =J10/K10*100
L11: =J11/K11*100
L12: =J12/K12*100
L13: =J13/K13*100
L14: =J14/K14*100
L15: =J15/K15*100
L16: =J16/K16*100
L17: =J17/K17*100
L18: =J18/K18*100
L19: =J19/K19*100
L20: =J20/K20*100
L21: =J21/K21*100
... L29: =J29/K29*100
A30: Endpoint Channel Coverage % | L30: =AVERAGE(L6:L29)

Sheet Network_Channel
A1: NETWORK CHANNEL PROTECTION ASSESSMENT
A2: Evaluate network DLP coverage for SMB, FTP, NFS, SCP
A3: Does your organization monitor/block file transfers via network protocols?
A5: Protocol | B5: Business Use Case | C5: DLP Solution | D5: Detection Method | E5: Content Inspection | F5: Policy Action | G5: Encryption Handling | H5: SIEM Integration | I5: Evidence ID
A6: SMB/CIFS | B6: Internal file shares | C6: Forcepoint DLP | D6: Inline | E6: Yes | F6: Alert | G6: Allow | H6: Yes | I6: A812-3-NET-001
A7: FTP | B7: External file transfer | C7: Network DLP | D7: TAP | E7: Yes | F7: Block | G7: Decrypt | H7: Yes | I7: A812-3-NET-002
A8: SFTP | B8: Secure file transfer | C8: Endpoint DLP | D8: Endpoint | E8: Partial | F8: Alert | G8: Allow | H8: Partial | I8: A812-3-NET-003
A20: Network Channel Coverage % | E20: =(COUNTIF(E6:E19,"Yes")/COUNTA(A6:A19))*100

Sheet Application_Channel
A1: APPLICATION CHANNEL PROTECTION ASSESSMENT
A2: Evaluate DLP controls in databases, APIs, reporting tools, CRM, ERP
A3: Does your organization have DLP controls for application-level data exports?
A5: Application Name | B5: Application Type | C5: Data Export Capability | D5: DLP Control Method | E5: Bulk Export Detection | F5: Export Policy Action | G5: Audit Logging | H5: SIEM Integration | I5: Evidence ID
A6: Oracle DB | B6: Database | C6: Yes | D6: DAM (Imperva) | E6: Yes | F6: Alert | G6: Yes | H6: Yes | I6: A812-3-APP-001
A7: Salesforce | B7: CRM | C7: Yes | D7: CASB | E7: Yes | F7: Block | G7: Yes | H7: Yes | I7: A812-3-APP-002
A8: Power BI | B8: BI | C8: Yes | D8: App Control | E8: Partial | F8: Approval Required | G8: Partial | H8: Partial | I8: A812-3-APP-003
A20: Application Channel Coverage % | E20: =(COUNTIF(E6:E19,"Yes")/COUNTA(A6:A19))*100

Sheet Mobile_Channel
A1: MOBILE CHANNEL PROTECTION ASSESSMENT
A2: Evaluate MDM/MAM DLP controls for corporate and BYOD devices
A3: Does your organization have DLP controls for mobile devices with corporate data access?
A5: Device Ownership | B5: Mobile Platform | C5: MDM/MAM Solution | D5: Work Profile Enabled | E5: Copy-Paste Control | F5: Screenshot Control | G5: Camera Access Control | H5: Personal Cloud Block | I5: AirDrop/NFC Control | J5: Devices Enrolled | K5: Total Mobile Devices | L5: Coverage % | M5: Evidence ID
A6: Corporate | B6: iOS | C6: Microsoft Intune | D6: Yes | E6: Block | F6: Block | G6: Block | H6: Yes | I6: Block | J6: 200 | K6: 200 | L6: =J6/K6*100 | M6: A812-3-MOB-001
A7: BYOD | B7: Android | C7: Workspace ONE | D7: Yes | E7: Block | F7: Monitor | G7: Monitor | H7: Partial | I7: Monitor | J7: 150 | K7: 300 | L7: =J7/K7*100 | M7: A812-3-MOB-002
A8: Corporate | B8: iOS | C8: Jamf Pro | D8: Yes | E8: Block | F8: Watermark | G8: Block | H8: Yes | I8: Block | J8: 50 | K8: 50 | L8: =J8/K8*100 | M8: A812-3-MOB-003
L9: =J9/K9*100
L10: =J10/K10*100
L11: =J11/K11*100
L12: =J12/K12*100
L13: =J13/K13*100
L14: =J14/K14*100
L15: =J15/K15*100
L16: =J16/K16*100
L17: =J17/K17*100
L18: =J18/K18*100
L19: =J19/K19*100
A20: Mobile Channel Coverage % | L20: =AVERAGE(L6:L19)

Sheet Coverage_Metrics
A1: CHANNEL COVERAGE METRICS
A2: Weighted coverage analysis across all channels
A4: SECTION 1: CHANNEL COVERAGE SUMMARY
A5: Channel | B5: Target % | C5: Actual % | D5: Gap | E5: Status
A6: Email | B6: 95% | C6: =Email_Channel!B25 | D6: =B6-C6 | E6: =IF(C6>=B6,"✅ Compliant","❌ Gap")
A7: Web/Cloud | B7: 90% | C7: =Web_Cloud_Channel!B25 | D7: =B7-C7 | E7: =IF(C7>=B7,"✅ Compliant","❌ Gap")
A8: Endpoint | B8: 95% | C8: =Endpoint_Channel!L30 | D8: =B8-C8 | E8: =IF(C8>=B8,"✅ Compliant","❌ Gap")
A9: Network | B9: 75% | C9: =Network_Channel!E20 | D9: =B9-C9 | E9: =IF(C9>=B9,"✅ Compliant","❌ Gap")
A10: Application | B10: 80% | C10: =Application_Channel!E20 | D10: =B10-C10 | E10: =IF(C10>=B10,"✅ Compliant","❌ Gap")
A11: Mobile | B11: 90% | C11: =Mobile_Channel!L20 | D11: =B11-C11 | E11: =IF(C11>=B11,"✅ Compliant","❌ Gap")
A13: SECTION 2: WEIGHTED AVERAGE COVERAGE
A14: Metric | B14: Formula | C14: Target
A15: Overall Channel Coverage % | B15: =AVERAGE(C6:C11) | C15: ≥85%
A16: Tier 1 Channels Avg (Critical) | B16: =AVERAGE(C6:C8) | C16: ≥90%
A17: Tier 2 Channels Avg (High) | B17: =AVERAGE(C10:C11) | C17: ≥80%
A18: Tier 3-4 Channels Avg (Med-Low) | B18: =C9 | C18: ≥70%

Sheet Gap_Analysis
A1: CHANNEL PROTECTION GAP ANALYSIS
A2: Document all unprotected channels and remediation plans
A3: Identify and prioritize gaps in channel protection coverage
A5: Gap ID | B5: Channel | C5: Gap Description | D5: Risk Level | E5: Exfiltration Risk | F5: Current Coverage % | G5: Target Coverage % | H5: Remediation Plan | I5: Owner | J5: Target Date | K5: Status | L5: Evidence ID
A6: GAP-A812-3-001 | B6: Endpoint | C6: Linux endpoints not protected by DLP agent | D6: High | E6: High | F6: 0 | G6: 80 | H6: Deploy endpoint DLP with Linux support or implement compensating controls | I6: IT Security Lead | J6: 2025-06-30 | K6: Not Started | L6: A812-3-GAP-001
A7: GAP-A812-3-002 | B7: Mobile | C7: BYOD enrollment rate below target (<50%) | D7: Medium | E7: Medium | F7: 50 | G7: 90 | H7: Launch BYOD enrollment campaign with user training | I7: Mobile Admin | J7: 2025-04-30 | K7: In Progress | L7: A812-3-GAP-002
A8: GAP-A812-3-003 | B8: Web | C8: Personal webmail access not blocked for high-risk users | D8: Critical | E8: Very High | F8: 0 | G8: 100 | H8: Deploy web filtering policy to block Gmail/Outlook.com for Confidential data users | I8: Network Security | J8: 2025-03-31 | K8: Planned | L8: A812-3-GAP-003
A9: GAP-A812-3-004
A10: GAP-A812-3-005
A11: GAP-A812-3-006
A12: GAP-A812-3-007
A13: GAP-A812-3-008
A14: GAP-A812-3-009
A15: GAP-A812-3-010
A16: GAP-A812-3-011
A17: GAP-A812-3-012
A18: GAP-A812-3-013
A19: GAP-A812-3-014
A20: GAP-A812-3-015
... A45: GAP-A812-3-040

Sheet Evidence_Register
A1: EVIDENCE REGISTER
A2: Track all evidence collected for channel protection assessment
A3: Document all evidence supporting channel coverage assessments
A5: Evidence ID | B5: Evidence Type | C5: Channel | D5: Description | E5: Collection Date | F5: Collected By | G5: Storage Location | H5: Verification Status | I5: Verified By | J5: Verification Date | K5: Notes

Sheet Summary_Dashboard
A1: CHANNEL COVERAGE ASSESSMENT - EXECUTIVE SUMMARY
A2: ISO/IEC 27001:2022 - Control A.8.12: Data Leakage Prevention
A4: SECTION 1: DOCUMENT INFORMATION
A5: Assessment Date: | B5: [Input]
A6: Completed By: | B6: [Input]
A7: CISO Approval Status: | B7: [Dropdown]
A8: Last Review Date: | B8: [Input]
A11: SECTION 2: KEY PERFORMANCE INDICATORS
A12: KPI | B12: Formula/Value | C12: Target | D12: Status
A13: Overall Channel Coverage % | B13: =Coverage_Metrics!B15 | C13: ≥85% | D13: =IF(B13>=85%,"✅",IF(B13>=70%,"⚠️","❌"))
A14: Tier 1 Channels (Email/Web/Endpoint) | B14: =Coverage_Metrics!B16 | C14: ≥90% | D14: =IF(B14>=90%,"✅",IF(B14>=80%,"⚠️","❌"))
A15: Email Channel Coverage | B15: =Email_Channel!B25 | C15: ≥95% | D15: =IF(B15>=95%,"✅",IF(B15>=85%,"⚠️","❌"))
A16: Web/Cloud Channel Coverage | B16: =Web_Cloud_Channel!B25 | C16: ≥90% | D16: =IF(B16>=90%,"✅",IF(B16>=80%,"⚠️","❌"))
A17: Endpoint Channel Coverage | B17: =Endpoint_Channel!L30 | C17: ≥95% | D17: =IF(B17>=95%,"✅",IF(B17>=85%,"⚠️","❌"))
A18: Network Channel Coverage | B18: =Network_Channel!E20 | C18: ≥75% | D18: =IF(B18>=75%,"✅",IF(B18>=60%,"⚠️","❌"))
A19: Application Channel Coverage | B19: =Application_Channel!E20 | C19: ≥80% | D19: =IF(B19>=80%,"✅",IF(B19>=65%,"⚠️","❌"))
A20: Mobile Channel Coverage | B20: =Mobile_Channel!L20 | C20: ≥90% | D20: =IF(B20>=90%,"✅",IF(B20>=75%,"⚠️","❌"))
A21: Total Gaps Identified | B21: =COUNTA(Gap_Analysis!A6:A45)-3 | C21: ≤10 | D21: =IF(B21<=10,"✅",IF(B21<=15,"⚠️","❌"))
A22: Critical/High Gaps | B22: =COUNTIFS(Gap_Analysis!D6:D45,"Critical")+COUNTIFS(Gap_Analysis!D6:D45,"High") | C22: 0 | D22: =IF(B22=0,"✅",IF(B22<=3,"⚠️","❌"))
A23: Domain 3 Compliance Score | B23: =B13 | C23: ≥85% | D23: =IF(B23>=85%,"✅",IF(B23>=70%,"⚠️","❌"))
A26: SECTION 3: GAP SUMMARY BY CHANNEL
A27: Channel | B27: Total Gaps | C27: Critical Gaps
A28: Email | B28: =COUNTIF(Gap_Analysis!B6:B45,"Email") | C28: =COUNTIFS(Gap_Analysis!B6:B45,"Email",Gap_Analysis!D6:D45,"Critical")
A29: Web/Cloud | B29: =COUNTIF(Gap_Analysis!B6:B45,"Web") | C29: =COUNTIFS(Gap_Analysis!B6:B45,"Web",Gap_Analysis!D6:D45,"Critical")
A30: Endpoint | B30: =COUNTIF(Gap_Analysis!B6:B45,"Endpoint") | C30: =COUNTIFS(Gap_Analysis!B6:B45,"Endpoint",Gap_Analysis!D6:D45,"Critical")
A31: Network | B31: =COUNTIF(Gap_Analysis!B6:B45,"Network") | C31: =COUNTIFS(Gap_Analysis!B6:B45,"Network",Gap_Analysis!D6:D45,"Critical")
A32: Application | B32: =COUNTIF(Gap_Analysis!B6:B45,"App") | C32: =COUNTIFS(Gap_Analysis!B6:B45,"App",Gap_Analysis!D6:D45,"Critical")
A33: Mobile | B33: =COUNTIF(Gap_Analysis!B6:B45,"Mobile") | C33: =COUNTIFS(Gap_Analysis!B6:B45,"Mobile",Gap_Analysis!D6:D45,"Critical")
A36: SECTION 4: EVIDENCE COMPLETENESS
A37: Evidence Items Collected | B37: =COUNTA(Evidence_Register!A6:A105)
A38: Evidence Items Verified | B38: =COUNTIF(Evidence_Register!H6:H105,"Verified")
A39: Evidence Completeness % | B39: =(B38/B37)*100
A42: SECTION 5: OVERALL COMPLIANCE STATUS
A43: Overall Status: | B43: =IF(B23>=85,"✅ Compliant",IF(B23>=70,"⚠️ Partial Compliance","❌ Non-Compliant"))
A46: SECTION 6: APPROVAL SIGN-OFF
A47: Approver | B47: Name | C47: Signature | D47: Date | E47: Status
A48: DLP Administrator | B48: [Input] | C48: [Input] | D48: =TODAY() | E48: [Dropdown]
A49: CISO | B49: [Input] | C49: [Input] | D49: =TODAY() | E49: [Dropdown]
A50: DPO | B50: [Input] | C50: [Input] | D50: =TODAY() | E50: [Dropdown]
