Workbook

Sheet Instructions_Legend
A1: ISMS-IMP-A.8.12.5 - Compliance Dashboard - Master Consolidation
A3: ⚙️ DASHBOARD SETUP INSTRUCTIONS ⚙️ This workbook consolidates data from Domains 1-4 using external formulas. REQUIRED SETUP STEPS: Step 1: Complete all 4 assessment workbooks (Domains 1-4) Step 2: Run the normalization script: python3 normalize_assessment_files_a812.py This creates standardized filenames in Dashboard_Sources folder: - ISMS-IMP-A.8.12.1.xlsx (DLP Infrastructure) - ISMS-IMP-A.8.12.2.xlsx (Data Classification) - ISMS-IMP-A.8.12.3.xlsx (Channel Coverage) - ISMS-IMP-A.8.12.4.xlsx (Monitoring & Response) Step 3: Place THIS dashboard file in the Dashboard_Sources folder (same folder as normalized assessment workbooks) Step 4: Open this dashboard Step 5: Click "Update Links" when prompted Step 6: Dashboard auto-populates with compliance data! ✅ External formulas automatically reference normalized workbooks ✅ No manual Find & Replace required!
A21: DOCUMENT METADATA
A22: Document ID: | B22: ISMS-IMP-A.8.12.5
A23: Assessment Area: | B23: Compliance Dashboard - Master Consolidation
A24: Related Domains: | B24: 1, 2, 3, 4
A25: Version: | B25: 1.0
A26: ISO Control: | B26: A.8.12
A28: ORGANIZATION METADATA (Complete the yellow fields)
A29: Assessment Date:
A30: Completed By (Name):
A31: Completed By (Role):
A32: Organization Name:
A33: Review Cycle: | B33: Quarterly
A35: HOW TO USE THIS WORKBOOK
A36: 1. Review Executive_Summary (CISO one-page dashboard)
A37: 2. Check Domain_Rollup_Summary (individual domain scores)
A38: 3. Review Consolidated_Gap_Analysis (auto-populated from domains)
A39: 4. Review Risk_Register (DLP-specific risks)
A40: 5. Create Remediation_Roadmap (prioritized actions)
A41: 6. Track trends in Trend_Analysis (quarterly progress)
A42: 7. Review Budget_Planning (costs and staffing)
A43: 8. Obtain final sign-off in CISO_DPO_Approval sheet
A44: 9. Review Summary_Dashboard for master compliance score
A46: LEGEND - COMPLIANCE SCORING
A47: ✅ Pass | B47: Overall DLP Compliance ≥ 85%
A48: ⚠️ Conditional Pass | B48: 70-84% (gaps must be remediated within 90 days)
A49: ❌ Fail | B49: <70% (significant remediation required)

Sheet Executive_Summary
A1: EXECUTIVE SUMMARY - DLP Program Compliance Dashboard
A3: Report Date: | B3: =TODAY()
A4: Reporting Period:
A5: Prepared By:
A7: OVERALL DLP COMPLIANCE SUMMARY
A8: Domain | B8: Compliance Score | C8: Target | D8: Status
A9: Domain 1 - Infrastructure | B9: ='[ISMS-IMP-A.8.12.1.xlsx]Summary_Dashboard'!$B$19 | C9: 85% | D9: =IF(B9>=85,"✅ Pass",IF(B9>=70,"⚠️ Conditional","❌ Fail"))
A10: Domain 2 - Classification | B10: ='[ISMS-IMP-A.8.12.2.xlsx]Summary_Dashboard'!$B$18 | C10: 85% | D10: =IF(B10>=85,"✅ Pass",IF(B10>=70,"⚠️ Conditional","❌ Fail"))
A11: Domain 3 - Channels | B11: ='[ISMS-IMP-A.8.12.3.xlsx]Summary_Dashboard'!$B$23 | C11: 85% | D11: =IF(B11>=85,"✅ Pass",IF(B11>=70,"⚠️ Conditional","❌ Fail"))
A12: Domain 4 - Monitoring | B12: ='[ISMS-IMP-A.8.12.4.xlsx]Summary_Dashboard'!$B$17 | C12: 85% | D12: =IF(B12>=85,"✅ Pass",IF(B12>=70,"⚠️ Conditional","❌ Fail"))
A13: OVERALL DLP COMPLIANCE | B13: =(B9*0.25+B10*0.20+B11*0.30+B12*0.25) | C13: >85% | D13: =IF(B13>=85,"✅ Pass",IF(B13>=70,"⚠️ Conditional","❌ Fail"))
A15: KEY METRICS BY DOMAIN
A16: DOMAIN 1 - DLP INFRASTRUCTURE
A17: Total DLP technologies deployed | B17: ='[ISMS-IMP-A.8.12.1.xlsx]Summary_Dashboard'!$B$5
A18: Endpoint coverage % | B18: ='[ISMS-IMP-A.8.12.1.xlsx]Summary_Dashboard'!$B$6
A19: Email DLP coverage % | B19: ='[ISMS-IMP-A.8.12.1.xlsx]Summary_Dashboard'!$B$7
A21: DOMAIN 2 - DATA CLASSIFICATION
A22: Data classification completeness % | B22: ='[ISMS-IMP-A.8.12.2.xlsx]Summary_Dashboard'!$B$5
A23: Sensitive data categories inventoried | B23: ='[ISMS-IMP-A.8.12.2.xlsx]Summary_Dashboard'!$B$6
A24: Data owners assigned % | B24: ='[ISMS-IMP-A.8.12.2.xlsx]Summary_Dashboard'!$B$7
A26: DOMAIN 3 - CHANNEL COVERAGE
A27: Overall channel coverage % | B27: ='[ISMS-IMP-A.8.12.3.xlsx]Summary_Dashboard'!$B$5
A28: Email channel coverage % | B28: ='[ISMS-IMP-A.8.12.3.xlsx]Summary_Dashboard'!$B$8
A29: Unprotected channels count | B29: ='[ISMS-IMP-A.8.12.3.xlsx]Summary_Dashboard'!$B$17
A31: DOMAIN 4 - MONITORING & RESPONSE
A32: False positive rate % | B32: ='[ISMS-IMP-A.8.12.4.xlsx]Summary_Dashboard'!$B$11
A33: SLA compliance % | B33: ='[ISMS-IMP-A.8.12.4.xlsx]Summary_Dashboard'!$B$12
A34: Alert triage rate % | B34: ='[ISMS-IMP-A.8.12.4.xlsx]Summary_Dashboard'!$B$13

Sheet Domain_Rollup_Summary
A1: Domain Rollup Summary - Detailed Compliance View
A3: Domain | B3: Compliance Score | C3: Critical Gaps | D3: High Gaps | E3: Status
A4: Domain 1 - DLP Infrastructure | B4: ='[ISMS-IMP-A.8.12.1.xlsx]Summary_Dashboard'!$B$19 | C4: ='[ISMS-IMP-A.8.12.1.xlsx]Gap_Analysis'!$B$3 | D4: ='[ISMS-IMP-A.8.12.1.xlsx]Gap_Analysis'!$B$4 | E4: =IF(B4>=85,"✅",IF(B4>=70,"⚠️","❌"))
A5: Domain 2 - Data Classification | B5: ='[ISMS-IMP-A.8.12.2.xlsx]Summary_Dashboard'!$B$18 | C5: ='[ISMS-IMP-A.8.12.2.xlsx]Gap_Analysis'!$B$3 | D5: ='[ISMS-IMP-A.8.12.2.xlsx]Gap_Analysis'!$B$4 | E5: =IF(B5>=85,"✅",IF(B5>=70,"⚠️","❌"))
A6: Domain 3 - Channel Coverage | B6: ='[ISMS-IMP-A.8.12.3.xlsx]Summary_Dashboard'!$B$23 | C6: ='[ISMS-IMP-A.8.12.3.xlsx]Gap_Analysis'!$B$3 | D6: ='[ISMS-IMP-A.8.12.3.xlsx]Gap_Analysis'!$B$4 | E6: =IF(B6>=85,"✅",IF(B6>=70,"⚠️","❌"))
A7: Domain 4 - Monitoring & Response | B7: ='[ISMS-IMP-A.8.12.4.xlsx]Summary_Dashboard'!$B$17 | C7: ='[ISMS-IMP-A.8.12.4.xlsx]Gap_Analysis'!$B$3 | D7: ='[ISMS-IMP-A.8.12.4.xlsx]Gap_Analysis'!$B$4 | E7: =IF(B7>=85,"✅",IF(B7>=70,"⚠️","❌"))
A9: DOMAIN DETAILS
A10: Domain 1: DLP Infrastructure | B10: Assesses DLP technology deployment and coverage
A11: Domain 2: Data Classification | B11: Evaluates data classification and ownership
A12: Domain 3: Channel Coverage | B12: Measures DLP protection across communication channels
A13: Domain 4: Monitoring & Response | B13: Reviews incident detection and response capabilities

Sheet Consolidated_Gap_Analysis
A1: Consolidated Gap Analysis - All Domains
A3: ὌB Copy gaps from individual domain workbooks to consolidate here for enterprise-wide visibility
A5: Domain | B5: Gap ID | C5: Gap Description | D5: Severity | E5: Current State | F5: Target State | G5: Owner | H5: Status

Sheet Risk_Register
A1: DLP Risk Register
A3: Risk ID | B3: Domain | C3: Risk Description | D3: Category | E3: Likelihood | F3: Impact | G3: Risk Score | H3: Inherent Risk | I3: Residual Risk | J3: Status
A4: R-001 | B4: Domain 1 | C4: Insufficient endpoint DLP coverage | D4: Technical | E4: High | F4: High | G4: =E4&"-"&F4 | H4: High | I4: Medium | J4: Active
A5: R-002 | B5: Domain 2 | C5: Incomplete data classification | D5: Compliance | E5: Medium | F5: High | G5: =E5&"-"&F5 | H5: High | I5: Low | J5: Mitigated
A6: R-003 | B6: Domain 3 | C6: Email channel unprotected | D6: Technical | E6: High | F6: Critical | G6: =E6&"-"&F6 | H6: Critical | I6: High | J6: Active
A7: R-004 | B7: Domain 4 | C7: High false positive rate | D7: Operational | E7: Medium | F7: Medium | G7: =E7&"-"&F7 | H7: Medium | I7: Low | J7: In Progress
A8: R-005 | B8: Cross-Domain | C8: Lack of DLP policy awareness | D8: Compliance | E8: High | F8: Medium | G8: =E8&"-"&F8 | H8: High | I8: Medium | J8: Active
G9: =E9&"-"&F9
G10: =E10&"-"&F10
G11: =E11&"-"&F11
G12: =E12&"-"&F12
G13: =E13&"-"&F13
G14: =E14&"-"&F14
G15: =E15&"-"&F15
G16: =E16&"-"&F16
G17: =E17&"-"&F17
G18: =E18&"-"&F18
G19: =E19&"-"&F19
G20: =E20&"-"&F20
... G43: =E43&"-"&F43

Sheet Remediation_Roadmap
A1: Remediation Roadmap
A3: Action ID | B3: Domain | C3: Action Description | D3: Priority | E3: Owner | F3: Start Date | G3: Target Date | H3: Actual Date | I3: Budget | J3: Status

Sheet Evidence_Master_Index
A1: Evidence Master Index
A3: Evidence ID | B3: Domain | C3: Control/Requirement | D3: Evidence Type | E3: File Location | F3: Collected Date | G3: Verified By | H3: Status

Sheet Trend_Analysis
A1: Trend Analysis - Quarterly Progress Tracking
A3: 📊 Track compliance scores quarterly to monitor improvement trends
A5: Quarter | B5: Domain 1 | C5: Domain 2 | D5: Domain 3 | E5: Domain 4 | F5: Overall
A6: Q1 2025
A7: Q2 2025
A8: Q3 2025
A9: Q4 2025

Sheet KPI_Dashboard
A1: KPI Dashboard - Key Performance Indicators
A3: KPI Category | B3: Metric | C3: Current Value | D3: Target | E3: Status
A4: Coverage | B4: Endpoint DLP coverage % | D4: 95%
A5: Coverage | B5: Email DLP coverage % | D5: 98%
A6: Coverage | B6: Cloud DLP coverage % | D6: 90%
A8: Effectiveness | B8: Data loss incidents prevented | D8: >50/month
A9: Effectiveness | B9: False positive rate % | D9: <10%
A10: Effectiveness | B10: Policy violation detection rate | D10: >95%
A12: Response | B12: Mean time to detect (MTTD) | D12: <4 hours
A13: Response | B13: Mean time to respond (MTTR) | D13: <24 hours
A14: Response | B14: Incident resolution rate % | D14: >90%
A16: Compliance | B16: Policy compliance rate % | D16: >95%
A17: Compliance | B17: Audit findings (open) | D17: <5
A18: Compliance | B18: Training completion % | D18: 100%

Sheet Budget_Planning
A1: Budget Planning - DLP Program Costs
A3: Cost Category | B3: Description | C3: Annual Cost (CHF) | D3: One-Time Cost (CHF) | E3: FTE Required | F3: Notes
A4: Software Licenses | B4: DLP solution licenses
A5: Hardware | B5: Appliances and servers
A6: Professional Services | B6: Implementation and consulting
A7: Training | B7: Staff training and awareness
A8: Personnel | B8: DLP administrators
A9: Personnel | B9: DLP analysts
A10: Maintenance | B10: Annual support and updates
A11: Cloud Services | B11: Cloud DLP/CASB subscription
A13: TOTAL | C13: =SUM(C4:C11) | D13: =SUM(D4:D11) | E13: =SUM(E4:E11)

Sheet CISO_DPO_Approval
A1: CISO & DPO Approval Sign-Off
A3: APPROVAL SIGNATURES
A4: Role | B4: Name | C4: Signature | D4: Date | E4: Comments
A5: DLP Administrator
A6: Information Security Manager
A7: CISO
A8: DPO
A9: CIO
A10: Executive Management

Sheet Summary_Dashboard
A1: Domain 5 - Master Compliance Dashboard
A3: Assessment Date:
A4: Completed By:
A5: Approved By:
A6: Next Review: | B6: =B3+90
A8: OVERALL DLP PROGRAM COMPLIANCE
A9: Metric | B9: Value | C9: Target | D9: Status
A10: Domain 1 - Infrastructure | B10: ='[ISMS-IMP-A.8.12.1.xlsx]Summary_Dashboard'!$B$19 | C10: 85% | D10: =IF(B10>=85,"✅ Pass",IF(B10>=70,"⚠️ Conditional","❌ Fail"))
A11: Domain 2 - Classification | B11: ='[ISMS-IMP-A.8.12.2.xlsx]Summary_Dashboard'!$B$18 | C11: 85% | D11: =IF(B11>=85,"✅ Pass",IF(B11>=70,"⚠️ Conditional","❌ Fail"))
A12: Domain 3 - Channels | B12: ='[ISMS-IMP-A.8.12.3.xlsx]Summary_Dashboard'!$B$23 | C12: 85% | D12: =IF(B12>=85,"✅ Pass",IF(B12>=70,"⚠️ Conditional","❌ Fail"))
A13: Domain 4 - Monitoring | B13: ='[ISMS-IMP-A.8.12.4.xlsx]Summary_Dashboard'!$B$17 | C13: 85% | D13: =IF(B13>=85,"✅ Pass",IF(B13>=70,"⚠️ Conditional","❌ Fail"))
A14: OVERALL DLP COMPLIANCE | B14: =(B10*0.25+B11*0.20+B12*0.30+B13*0.25) | C14: >85% | D14: =IF(B14>=85,"✅ Pass",IF(B14>=70,"⚠️ Conditional","❌ Fail"))
A16: KEY FINDINGS
A17: Total Gaps Identified: | B17: =COUNTA(Consolidated_Gap_Analysis!B:B)-1
A18: Critical Gaps: | B18: =COUNTIF(Consolidated_Gap_Analysis!D:D,"Critical")
A19: High-Risk Issues: | B19: =COUNTIF(Risk_Register!H:H,"Critical")+COUNTIF(Risk_Register!H:H,"High")
A20: Remediation Progress %: | B20: =COUNTIF(Remediation_Roadmap!J:J,"Complete")/COUNTA(Remediation_Roadmap!J:J)*100
A21: Evidence Completeness %: | B21: =COUNTA(Evidence_Master_Index!B:B)/100*100
