Workbook

Sheet Instructions & Legend
A1: ISMS-IMP-A.6.7-8.S3 - Endpoint and Physical Security Assessment ISO/IEC 27001:2022 - Control A.6.7-8: Remote Working and Security Event Reporting
A3: Document Information
A4: Document ID | B4: ISMS-IMP-A.6.7-8.S3
A5: Workbook Title | B5: Endpoint and Physical Security Assessment
A6: Control Reference | B6: ISO/IEC 27001:2022 - Control A.6.7-8: Remote Working and Security Event Reporting
A7: Version | B7: 1.0
A8: Assessment Date
A9: Completed By
A10: Organisation
A12: Instructions
A13: 1. Complete Device Inventory — list all devices used for remote working.
A14: 2. Complete Encryption Status — verify full-disk encryption is enabled on all remote devices.
A15: 3. Complete Endpoint Protection — assess EDR, anti-malware, and HIPS deployment on remote devices.
A16: 4. Complete Patch Compliance — verify OS and application patching on remote devices.
A17: 5. Complete BYOD Assessment — evaluate Bring Your Own Device controls and policies.
A18: 6. Complete Physical Security — assess screen privacy, clean desk, and locking requirements.
A19: 7. Complete Lost/Stolen Procedures — verify remote wipe capability and reporting procedures.
A20: 8. Complete Gap Analysis — identify endpoint security gaps requiring remediation.
... A24: Status Legend
A25: Symbol | B25: Status | C25: Description
A26: ✓ | B26: Compliant / Complete | C26: Requirement fully met
A27: ⚠ | B27: Partial / In Progress | C27: Partially met or in progress
A28: ✗ | B28: Non-Compliant / Not Started | C28: Requirement not met
A29: — | B29: Not Applicable | C29: Not applicable to this assessment

Sheet Device Inventory
A1: REMOTE DEVICE INVENTORY
A2: ISO/IEC 27001:2022 - Control A.6.7-8: Remote Working and Security Event Reporting
A3: Device ID | B3: Device Type | C3: Ownership | D3: OS | E3: OS Version | F3: Assigned User | G3: Department | H3: Remote Enabled | I3: MDM Enrolled | J3: Last Check-in | K3: Status
A4: DEV-0001
A5: DEV-0002
A6: DEV-0003
A7: DEV-0004
A8: DEV-0005
A9: DEV-0006
A10: DEV-0007
A11: DEV-0008
A12: DEV-0009
A13: DEV-0010
A14: DEV-0011
A15: DEV-0012
... A54: DEV-0051

Sheet Encryption Status
A1: DEVICE ENCRYPTION STATUS
A2: ISO/IEC 27001:2022 - Control A.6.7-8: Remote Working and Security Event Reporting
A3: Device ID | B3: Encryption Type | C3: Full-Disk | D3: Status | E3: Key Escrowed | F3: Last Verified | G3: Compliant | H3: Notes
A4: DEV-0001 | B4: BitLocker | C4: Yes | D4: Active | E4: Yes | F4: 15.01.2026 | G4: Yes | H4: AES-256 full disk

Sheet Endpoint Protection
A1: ENDPOINT PROTECTION STATUS
A2: ISO/IEC 27001:2022 - Control A.6.7-8: Remote Working and Security Event Reporting
A3: Device ID | B3: Protection Solution | C3: Agent Installed | D3: Agent Version | E3: Status | F3: Definitions Date | G3: Last Scan | H3: Threats (90d) | I3: Compliant | J3: Notes
A4: DEV-0001 | B4: Windows Defender | C4: Yes | D4: 4.18.2401.4 | E4: Active | F4: 15.01.2026 | G4: 15.01.2026 | H4: 0 | I4: Yes | J4: No threats detected

Sheet Patch Compliance
A1: PATCH COMPLIANCE STATUS
A2: ISO/IEC 27001:2022 - Control A.6.7-8: Remote Working and Security Event Reporting
A3: Device ID | B3: OS Patch Level | C3: Critical Missing | D3: High Missing | E3: Medium Missing | F3: Last Scan | G3: Days Since Patch | H3: Compliant | I3: Notes
A4: DEV-0001 | B4: Windows 11 23H2 (KB5034123) | C4: 0 | D4: 0 | E4: 1 | F4: 15.01.2026 | G4: 8 | H4: Yes | I4: 1 medium patch pending

Sheet BYOD Assessment
A1: BYOD SECURITY ASSESSMENT
A2: ISO/IEC 27001:2022 - Control A.6.7-8: Remote Working and Security Event Reporting
A3: Device ID | B3: Device Type | C3: Owner | D3: OS/Version | E3: Min OS Met | F3: MDM Enrolled | G3: Container | H3: Encrypted | I3: Remote Wipe | J3: Agreement Signed | K3: Compliant | L3: Notes
A4: BYOD-001 | B4: Laptop | C4: Alice Brown | D4: macOS 14.3 | E4: Yes | F4: Yes | G4: Yes | H4: Yes | I4: Yes | J4: Yes | K4: Compliant | L4: MDM enrolled via Jamf

Sheet Physical Security
A1: PHYSICAL SECURITY REQUIREMENTS ASSESSMENT
A2: ISO/IEC 27001:2022 - Control A.6.7-8: Remote Working and Security Event Reporting
A3: Category | B3: Requirement | C3: Level | D3: Documented | E3: Communicated | F3: Ack Required | G3: Ack Captured | H3: Verification | I3: Notes
A4: Screen Privacy | B4: Position screen away from windows and common areas | C4: Mandatory
A5: Privacy Screen | B5: Use privacy screen filter in public spaces | C5: Conditional
A6: Secure Storage | B6: Lockable cabinet or drawer for sensitive documents | C6: Mandatory
A7: Device Security | B7: Cable lock or secure storage for portable devices | C7: Recommended
A8: Unattended Devices | B8: Never leave devices unattended in public | C8: Mandatory
A9: Document Handling | B9: Shred sensitive documents (cross-cut shredder) | C9: Mandatory
A10: Clear Desk | B10: Clear desk when leaving workspace | C10: Mandatory
A11: Access Control | B11: Prevent family/visitor access to work devices | C11: Mandatory
A12: Travel - Hand Luggage | B12: Carry devices in hand luggage | C12: Mandatory
A13: Travel - Vehicle | B13: Never leave devices in vehicles | C13: Mandatory

Sheet Lost Stolen Procedures
A1: LOST/STOLEN DEVICE PROCEDURES ASSESSMENT
A2: ISO/IEC 27001:2022 - Control A.6.7-8: Remote Working and Security Event Reporting
A3: Procedure Element | B3: Requirement | C3: SLA | D3: Implemented | E3: Documentation | F3: Last Tested | G3: Responsible | H3: Evidence | I3: Compliant
A4: Reporting Channel | B4: 24/7 hotline or email for reporting | C4: 1 hour
A5: Account Disable | B5: Ability to disable account within 1 hour | C5: 1 hour
A6: Remote Lock | B6: Ability to lock device remotely within 1 hour | C6: 1 hour
A7: Remote Wipe | B7: Ability to wipe device remotely within 4 hours | C7: 4 hours
A8: Recovery Key Access | B8: Access to recovery keys for encrypted devices | C8: As needed
A9: Replacement Process | B9: Process to issue replacement device | C9: 24-48 hours
A10: Incident Documentation | B10: Record of incident details | C10: Immediate
A11: Investigation | B11: Follow-up investigation procedure | C11: 72 hours

Sheet Gap Analysis
A1: ENDPOINT AND PHYSICAL SECURITY GAP ANALYSIS
A2: ISO/IEC 27001:2022 - Control A.6.7-8: Remote Working and Security Event Reporting
A3: Gap ID | B3: Source | C3: Description | D3: Scope | E3: Risk | F3: Remediation | G3: Owner | H3: Target | I3: Status
A4: GAP-EPS-001 | B4: Endpoint Audit | C4: Unencrypted storage on remote workstations identified | D4: All remote laptops | E4: High | F4: Deploy full disk encryption via MDM policy | G4: IT Security | H4: 2026-04-30 | I4: Open
A5: GAP-EPS-001
A6: GAP-EPS-002
A7: GAP-EPS-003
A8: GAP-EPS-004
A9: GAP-EPS-005
A10: GAP-EPS-006
A11: GAP-EPS-007
A12: GAP-EPS-008
A13: GAP-EPS-009
A14: GAP-EPS-010
A15: GAP-EPS-011
A16: GAP-EPS-012
... A54: GAP-EPS-050

Sheet Evidence Register
A1: EVIDENCE REGISTER
A2: ISO/IEC 27001:2022 - Control A.6.7-8: Remote Working and Security Event Reporting
A4: Evidence ID | B4: Evidence Type | C4: Description | D4: Source / Owner | E4: Date Collected | F4: Retention Period | G4: Storage Location | H4: Status
A5: EV-001 | B5: [Evidence Type] | C5: [Description of evidence item collected] | D5: [System / Team] | E5: [DD.MM.YYYY] | F5: [1 year] | G5: [ISMS/Controls/...] | H5: [Collected]

Sheet Summary Dashboard
A1: ENDPOINT AND PHYSICAL SECURITY — SUMMARY DASHBOARD
A2: ISO/IEC 27001:2022 - Control A.6.7-8: Remote Working and Security Event Reporting
A4: TABLE 1: ASSESSMENT AREA COMPLIANCE OVERVIEW
A5: Assessment Area | B5: Total Items | C5: Compliant | D5: Partial | E5: Non-Compliant | F5: N/A | G5: Compliance %
A6: Device Inventory | B6: =COUNTA('Device Inventory'!B5:B54) | C6: =COUNTIF('Device Inventory'!K5:K54,"Active") | D6: =COUNTIF('Device Inventory'!K5:K54,"Inactive") | E6: =COUNTIF('Device Inventory'!K5:K54,"Lost") | F6: =B6-(C6+D6+E6) | G6: =IF((B6-F6)=0,0,C6/(B6-F6))
A7: Encryption Status | B7: =COUNTA('Encryption Status'!A5:A54) | C7: =COUNTIF('Encryption Status'!G5:G54,"Yes") | D7: 0 | E7: =COUNTIF('Encryption Status'!G5:G54,"No") | F7: =B7-(C7+D7+E7) | G7: =IF((B7-F7)=0,0,C7/(B7-F7))
A8: Endpoint Protection | B8: =COUNTA('Endpoint Protection'!A5:A54) | C8: 0 | D8: 0 | E8: 0 | F8: =B8-(C8+D8+E8) | G8: =IF((B8-F8)=0,0,C8/(B8-F8))
A9: Patch Compliance | B9: =COUNTA('Patch Compliance'!A5:A54) | C9: 0 | D9: 0 | E9: 0 | F9: =B9-(C9+D9+E9) | G9: =IF((B9-F9)=0,0,C9/(B9-F9))
A10: TOTAL | B10: =SUM(B6:B9) | C10: =SUM(C6:C9) | D10: =SUM(D6:D9) | E10: =SUM(E6:E9) | F10: =SUM(F6:F9) | G10: =IF((B10-F10)=0,0,C10/(B10-F10))
A12: TABLE 2: KEY METRICS
A13: A.6.7 Endpoint and Physical Security Metrics
A14: Total Remote Devices | B14: =COUNTA('Device Inventory'!B5:B54)
A15: Active Remote Devices | B15: =COUNTIF('Device Inventory'!K5:K54,"Active")
A16: Lost or Stolen Devices | B16: =COUNTIF('Device Inventory'!K5:K54,"Lost")
A17: Corporate-Owned Devices | B17: =COUNTIF('Device Inventory'!C5:C54,"Corporate")
A18: BYOD Devices | B18: =COUNTIF('Device Inventory'!C5:C54,"BYOD")
A19: MDM Enrolled Devices | B19: =COUNTIF('Device Inventory'!I5:I54,"Yes")
A20: Devices with Full-Disk Encryption | B20: =COUNTIF('Encryption Status'!G5:G54,"Yes")
A21: Devices Without Encryption | B21: =COUNTIF('Encryption Status'!G5:G54,"No")
A22: Encryption Keys Escrowed | B22: =COUNTIF('Encryption Status'!E5:E54,"Yes")
A23: Total Endpoint Protection Records | B23: =COUNTA('Endpoint Protection'!A5:A54)
A24: Total Patch Compliance Records | B24: =COUNTA('Patch Compliance'!A5:A54)
A25: Open Endpoint Gaps | B25: =COUNTIF('Gap Analysis'!I4:I54,"Open")
A29: TABLE 3: CRITICAL FINDINGS REQUIRING IMMEDIATE ATTENTION
A30: Category | B30: Finding | C30: Count | D30: Severity | E30: Action Required
A31: Device Inventory | B31: Lost or stolen remote devices | C31: =COUNTIF('Device Inventory'!K5:K54,"Lost") | D31: Critical | E31: Immediate
A32: Encryption Status | B32: Remote devices without encryption | C32: =COUNTIF('Encryption Status'!G5:G54,"No") | D32: Critical | E32: Immediate
A33: Encryption Status | B33: Encryption keys not escrowed | C33: =COUNTIF('Encryption Status'!E5:E54,"No") | D33: High | E33: Urgent
A34: Device Inventory | B34: Devices not enrolled in MDM | C34: =COUNTIF('Device Inventory'!I5:I54,"No") | D34: High | E34: Urgent
A35: Gap Analysis | B35: Open endpoint and physical gaps | C35: =COUNTIF('Gap Analysis'!I4:I54,"Open") | D35: Medium | E35: Plan

Sheet Approval Sign-Off
A1: ASSESSMENT APPROVAL AND SIGN-OFF
A2: ISO/IEC 27001:2022 - Control A.6.7-8: Remote Working and Security Event Reporting
A3: ASSESSMENT SUMMARY
A4: Document: | B4: ISMS-IMP-A.6.7-8.S3 - Endpoint and Physical Security Assessment
A5: Assessment Period:
A6: Overall Compliance Rating: | B6: =IFERROR(AVERAGE('Summary Dashboard'!G6:G10),"")
A7: Assessment Status:
A8: Assessed By:
A11: COMPLETED BY (ASSESSOR)
A12: Name:
A13: Title:
A14: Date:
A15: Signature:
A16: Comments:
A18: REVIEWED BY (INFORMATION SECURITY OFFICER)
A19: Name:
A20: Title:
A21: Date:
... A38: Special Considerations:
