Workbook

Sheet Instructions & Legend
A1: ISMS-IMP-A.6.7-8.S2 - Technical Controls Assessment ISO/IEC 27001:2022 - Control A.6.7-8: Remote Working and Security Event Reporting
A3: Document Information
A4: Document ID | B4: ISMS-IMP-A.6.7-8.S2
A5: Workbook Title | B5: Technical Controls Assessment
A6: Control Reference | B6: ISO/IEC 27001:2022 - Control A.6.7-8: Remote Working and Security Event Reporting
A7: Version | B7: 1.0
A8: Assessment Date
A9: Completed By
A10: Organisation
A12: Instructions
A13: 1. Complete VPN Assessment — evaluate VPN deployment, enforcement, and coverage for remote workers.
A14: 2. Complete MFA Assessment — verify MFA is enforced for all remote access connections.
A15: 3. Complete Encryption Assessment — assess end-to-end encryption for remote sessions and data in transit.
A16: 4. Complete Logging Assessment — verify remote access sessions are logged and monitored.
A17: 5. Complete Compliance Summary — calculate overall technical control compliance for remote working.
A18: 6. Complete Gap Analysis — identify technical control gaps and create remediation plans.
A19: 7. Maintain the Evidence Register with technical control configurations and test results.
A20: 8. Obtain final approval and sign-off in the Approval Sign-Off sheet.
A22: Status Legend
A23: Symbol | B23: Status | C23: Description
A24: ✓ | B24: Compliant / Complete | C24: Requirement fully met
A25: ⚠ | B25: Partial / In Progress | C25: Partially met or in progress
A26: ✗ | B26: Non-Compliant / Not Started | C26: Requirement not met
A27: — | B27: Not Applicable | C27: Not applicable to this assessment

Sheet VPN Assessment
A1: VPN SECURITY ASSESSMENT
A2: ISO/IEC 27001:2022 - Control A.6.7-8: Remote Working and Security Event Reporting
A3: Requirement | B3: Description | C3: Level | D3: Implemented | E3: Evidence | F3: Compliance | G3: Notes
A4: VPN Solution | B4: Enterprise VPN solution deployed for remote access | C4: Mandatory
A5: Split Tunneling | B5: Split tunneling disabled or controlled | C5: Mandatory
A6: Protocol Security | B6: Strong encryption protocols (IKEv2, OpenVPN, WireGuard) | C6: Mandatory
A7: Certificate Auth | B7: Certificate-based authentication where feasible | C7: Recommended
A8: Connection Logging | B8: VPN connection logging enabled | C8: Mandatory
A9: Timeout Settings | B9: Idle session timeout configured | C9: Mandatory

Sheet MFA Assessment
A1: MFA SECURITY ASSESSMENT
A2: ISO/IEC 27001:2022 - Control A.6.7-8: Remote Working and Security Event Reporting
A3: Requirement | B3: Description | C3: Level | D3: Implemented | E3: Evidence | F3: Compliance | G3: Notes
A4: MFA Deployed | B4: Multi-factor authentication required for all remote access | C4: Mandatory
A5: MFA Methods | B5: Approved MFA methods defined (authenticator app, hardware token) | C5: Mandatory
A6: Backup Methods | B6: Backup authentication methods available | C6: Recommended
A7: MFA for VPN | B7: MFA required for VPN connection | C7: Mandatory
A8: MFA for Apps | B8: MFA required for cloud/SaaS applications | C8: Mandatory
A9: Phishing-Resistant | B9: Phishing-resistant MFA considered for high-risk access | C9: Recommended

Sheet Encryption Assessment
A1: ENCRYPTION ASSESSMENT
A2: ISO/IEC 27001:2022 - Control A.6.7-8: Remote Working and Security Event Reporting
A3: Requirement | B3: Description | C3: Level | D3: Implemented | E3: Evidence | F3: Compliance | G3: Notes
A4: Data in Transit | B4: All remote connections use TLS 1.2+ minimum | C4: Mandatory
A5: Data at Rest | B5: Full-disk encryption on all remote devices | C5: Mandatory
A6: Key Management | B6: Encryption keys managed centrally | C6: Mandatory
A7: Recovery Keys | B7: Recovery keys escrowed for organisation access | C7: Mandatory
A8: Email Encryption | B8: Email encryption available for sensitive communications | C8: Recommended

Sheet Logging Assessment
A1: LOGGING ASSESSMENT
A2: ISO/IEC 27001:2022 - Control A.6.7-8: Remote Working and Security Event Reporting
A3: Requirement | B3: Description | C3: Level | D3: Implemented | E3: Evidence | F3: Compliance | G3: Notes
A4: Authentication Logs | B4: All remote authentication attempts logged | C4: Mandatory
A5: VPN Logs | B5: VPN connection/disconnection events captured | C5: Mandatory
A6: Access Logs | B6: Remote access to sensitive resources logged | C6: Mandatory
A7: Log Retention | B7: Logs retained per policy requirements | C7: Mandatory
A8: Log Monitoring | B8: Remote access logs included in security monitoring | C8: Mandatory
A9: Anomaly Detection | B9: Anomalous remote access patterns detected | C9: Recommended

Sheet Compliance Summary
A1: TECHNICAL CONTROLS COMPLIANCE SUMMARY
A2: ISO/IEC 27001:2022 - Control A.6.7-8: Remote Working and Security Event Reporting
A3: Control Area | B3: Total Requirements | C3: Compliant | D3: Non-Compliant | E3: Compliance %
A4: VPN Controls | B4: 6
A5: MFA Controls | B5: 6
A6: Encryption Controls | B6: 5
A7: Logging Controls | B7: 6

Sheet Gap Analysis
A1: TECHNICAL CONTROLS GAP ANALYSIS
A2: ISO/IEC 27001:2022 - Control A.6.7-8: Remote Working and Security Event Reporting
A3: Gap ID | B3: Control Area | C3: Gap Description | D3: Impact | E3: Risk Level | F3: Remediation | G3: Owner | H3: Target Date | I3: Status
A4: GAP-TC-001 | B4: VPN | C4: Split tunnelling enabled on remote endpoints allowing unmonitored traffic | D4: Data exfiltration risk | E4: High | F4: Disable split tunnelling in VPN policy configuration | G4: Network Engineer | H4: 2026-05-31 | I4: Open
A5: GAP-TC-001
A6: GAP-TC-002
A7: GAP-TC-003
A8: GAP-TC-004
A9: GAP-TC-005
A10: GAP-TC-006
A11: GAP-TC-007
A12: GAP-TC-008
A13: GAP-TC-009
A14: GAP-TC-010
A15: GAP-TC-011
A16: GAP-TC-012
... A54: GAP-TC-050

Sheet Evidence Register
A1: EVIDENCE REGISTER
A2: ISO/IEC 27001:2022 - Control A.6.7-8: Remote Working and Security Event Reporting
A4: Evidence ID | B4: Evidence Type | C4: Description | D4: Source / Owner | E4: Date Collected | F4: Retention Period | G4: Storage Location | H4: Status
A5: EV-001 | B5: [Evidence Type] | C5: [Description of evidence item collected] | D5: [System / Team] | E5: [DD.MM.YYYY] | F5: [1 year] | G5: [ISMS/Controls/...] | H5: [Collected]

Sheet Summary Dashboard
A1: TECHNICAL CONTROLS ASSESSMENT — SUMMARY DASHBOARD
A2: ISO/IEC 27001:2022 - Control A.6.7-8: Remote Working and Security Event Reporting
A4: TABLE 1: ASSESSMENT AREA COMPLIANCE OVERVIEW
A5: Assessment Area | B5: Total Items | C5: Compliant | D5: Partial | E5: Non-Compliant | F5: N/A | G5: Compliance %
A6: VPN Controls | B6: =COUNTA('VPN Assessment'!A4:A9) | C6: =COUNTIF('VPN Assessment'!F4:F9,"Compliant") | D6: =COUNTIF('VPN Assessment'!F4:F9,"Partial") | E6: =COUNTIF('VPN Assessment'!F4:F9,"Non-Compliant") | F6: =B6-(C6+D6+E6) | G6: =IF((B6-F6)=0,0,C6/(B6-F6))
A7: MFA Controls | B7: =COUNTA('MFA Assessment'!A4:A9) | C7: =COUNTIF('MFA Assessment'!F4:F9,"Compliant") | D7: =COUNTIF('MFA Assessment'!F4:F9,"Partial") | E7: =COUNTIF('MFA Assessment'!F4:F9,"Non-Compliant") | F7: =B7-(C7+D7+E7) | G7: =IF((B7-F7)=0,0,C7/(B7-F7))
A8: Encryption Controls | B8: =COUNTA('Encryption Assessment'!A4:A8) | C8: =COUNTIF('Encryption Assessment'!F4:F8,"Compliant") | D8: =COUNTIF('Encryption Assessment'!F4:F8,"Partial") | E8: =COUNTIF('Encryption Assessment'!F4:F8,"Non-Compliant") | F8: =B8-(C8+D8+E8) | G8: =IF((B8-F8)=0,0,C8/(B8-F8))
A9: Logging Controls | B9: =COUNTA('Logging Assessment'!A4:A9) | C9: =COUNTIF('Logging Assessment'!F4:F9,"Compliant") | D9: =COUNTIF('Logging Assessment'!F4:F9,"Partial") | E9: =COUNTIF('Logging Assessment'!F4:F9,"Non-Compliant") | F9: =B9-(C9+D9+E9) | G9: =IF((B9-F9)=0,0,C9/(B9-F9))
A10: TOTAL | B10: =SUM(B6:B9) | C10: =SUM(C6:C9) | D10: =SUM(D6:D9) | E10: =SUM(E6:E9) | F10: =SUM(F6:F9) | G10: =IF((B10-F10)=0,0,C10/(B10-F10))
A12: TABLE 2: KEY METRICS
A13: A.6.7 Technical Controls Compliance Metrics
A14: Total VPN Requirements | B14: =COUNTA('VPN Assessment'!A4:A9)
A15: VPN Requirements Compliant | B15: =COUNTIF('VPN Assessment'!F4:F9,"Compliant")
A16: VPN Requirements Non-Compliant | B16: =COUNTIF('VPN Assessment'!F4:F9,"Non-Compliant")
A17: Total MFA Requirements | B17: =COUNTA('MFA Assessment'!A4:A9)
A18: MFA Requirements Compliant | B18: =COUNTIF('MFA Assessment'!F4:F9,"Compliant")
A19: MFA Requirements Non-Compliant | B19: =COUNTIF('MFA Assessment'!F4:F9,"Non-Compliant")
A20: Total Encryption Requirements | B20: =COUNTA('Encryption Assessment'!A4:A8)
A21: Encryption Requirements Compliant | B21: =COUNTIF('Encryption Assessment'!F4:F8,"Compliant")
A22: Total Logging Requirements | B22: =COUNTA('Logging Assessment'!A4:A9)
A23: Logging Requirements Compliant | B23: =COUNTIF('Logging Assessment'!F4:F9,"Compliant")
A24: Open Technical Gaps | B24: =COUNTIF('Gap Analysis'!I4:I54,"Open")
A25: Technical Gaps Resolved | B25: =COUNTIF('Gap Analysis'!I4:I54,"Resolved")
A29: TABLE 3: CRITICAL FINDINGS REQUIRING IMMEDIATE ATTENTION
A30: Category | B30: Finding | C30: Count | D30: Severity | E30: Action Required
A31: VPN Controls | B31: VPN requirements not compliant | C31: =COUNTIF('VPN Assessment'!F4:F9,"Non-Compliant") | D31: Critical | E31: Immediate
A32: MFA Controls | B32: MFA requirements not compliant | C32: =COUNTIF('MFA Assessment'!F4:F9,"Non-Compliant") | D32: Critical | E32: Immediate
A33: Encryption Controls | B33: Encryption requirements not compliant | C33: =COUNTIF('Encryption Assessment'!F4:F8,"Non-Compliant") | D33: Critical | E33: Immediate
A34: Logging Controls | B34: Logging requirements not compliant | C34: =COUNTIF('Logging Assessment'!F4:F9,"Non-Compliant") | D34: High | E34: Urgent
A35: Gap Analysis | B35: Open technical control gaps | C35: =COUNTIF('Gap Analysis'!I4:I54,"Open") | D35: Medium | E35: Plan

Sheet Approval Sign-Off
A1: ASSESSMENT APPROVAL AND SIGN-OFF
A2: ISO/IEC 27001:2022 - Control A.6.7-8: Remote Working and Security Event Reporting
A3: ASSESSMENT SUMMARY
A4: Document: | B4: ISMS-IMP-A.6.7-8.S2 - Technical Controls Assessment
A5: Assessment Period:
A6: Overall Compliance Rating: | B6: =IFERROR(AVERAGE('Summary Dashboard'!G6:G10),"")
A7: Assessment Status:
A8: Assessed By:
A11: COMPLETED BY (ASSESSOR)
A12: Name:
A13: Title:
A14: Date:
A15: Signature:
A16: Comments:
A18: REVIEWED BY (INFORMATION SECURITY OFFICER)
A19: Name:
A20: Title:
A21: Date:
... A38: Special Considerations:
