Workbook

Sheet Instructions & Legend
A1: ISMS-IMP-A.5.24-28.S4 — Forensic Evidence Assessment ISO/IEC 27001:2022 - Control A.5.28: Incident Evidence Preservation
A3: DOCUMENT INFORMATION
A4: Document ID: | B4: ISMS-IMP-A.5.24-28.S4
A5: Assessment Area: | B5: Forensic Evidence Management (Domain 4)
A6: Related Policy: | B6: ISMS-POL-A.5.24-28, Section 2.4
A7: Related Reference: | B7: ISMS-REF-A.5.24-28, Section 3
A8: Standards: | B8: ISO/IEC 27037:2012, NIST SP 800-86
A9: Version: | B9: 1.0
A10: Assessment Date:
A11: Completed By:
A12: Organisation:
A15: FORENSIC EVIDENCE CORE PRINCIPLES (ISO/IEC 27037:2012)
A16: 1. IDENTIFICATION: Locate and recognise relevant digital evidence 2. COLLECTION: Gather evidence using validated, documented methods 3. ACQUISITION: Create forensic copies preserving original integrity 4. PRESERVATION: Maintain evidence integrity and chain of custody Key Rules: Never analyse originals. Always hash. Document everything. Preserve chain of custody.
A22: COLOR LEGEND
A23: Yellow (FFFFCC) | B23: Input cell — Enter your response
A24: Green (C8F0C8) | B24: Calculated cell — Auto-populated formula
A25: Light Blue (D8E4F8) | B25: Section header

Sheet Evidence Collection
A1: Sheet 2: Evidence Collection
A2: Collection Procedures, Evidence Sources, Collection Quality (25 Questions)
A4: Question_ID | B4: Section | C4: Question | D4: Answer | E4: Evidence_Ref | F4: Comments | G4: Gap_Flag
A5: Collection Procedures
A6: Q1 | B6: Collection Procedures | C6: Are forensic evidence collection procedures documented? | G6: =IF(OR(D6="No", D6="Never", D6="None", D6="No Capability"), "Yes", "No")
A7: Q2 | B7: Collection Procedures | C7: Is evidence collection integrated into IR playbooks? | G7: =IF(OR(D7="No", D7="Never", D7="None", D7="No Capability"), "Yes", "No")
A8: Q3 | B8: Collection Procedures | C8: Which evidence types have collection procedures? (Disk/Memory/Network/Logs/Email/Cloud/Mobile/Physical/App/IoT) | G8: =IF(OR(D8="No", D8="Never", D8="None", D8="No Capability"), "Yes", "No")
A9: Q4 | B9: Collection Procedures | C9: Is evidence collection prioritised (volatile first)? | G9: =IF(OR(D9="No", D9="Never", D9="None", D9="No Capability"), "Yes", "No")
A10: Q5 | B10: Collection Procedures | C10: Is there a pre-collection checklist? | G10: =IF(OR(D10="No", D10="Never", D10="None", D10="No Capability"), "Yes", "No")
A11: Q6 | B11: Collection Procedures | C11: Are standard forensic collection tools defined and approved? | G11: =IF(OR(D11="No", D11="Never", D11="None", D11="No Capability"), "Yes", "No")
A12: Q7 | B12: Collection Procedures | C12: Collection training frequency? | G12: =IF(OR(D12="No", D12="Never", D12="None", D12="No Capability"), "Yes", "No")
A13: Q8 | B13: Collection Procedures | C13: Are common collection mistakes addressed in training? | G13: =IF(OR(D13="No", D13="Never", D13="None", D13="No Capability"), "Yes", "No")
A14: Evidence Sources
A15: Q9 | B15: Evidence Sources | C15: Endpoint Disk — Collection capability? | G15: =IF(OR(D15="No", D15="Never", D15="None", D15="No Capability"), "Yes", "No")
A16: Q10 | B16: Evidence Sources | C16: Endpoint Memory (RAM) — Collection capability? | G16: =IF(OR(D16="No", D16="Never", D16="None", D16="No Capability"), "Yes", "No")
A17: Q11 | B17: Evidence Sources | C17: Network Traffic (PCAP) — Collection capability? | G17: =IF(OR(D17="No", D17="Never", D17="None", D17="No Capability"), "Yes", "No")
A18: Q12 | B18: Evidence Sources | C18: System/Application Logs — Collection capability? | G18: =IF(OR(D18="No", D18="Never", D18="None", D18="No Capability"), "Yes", "No")
A19: Q13 | B19: Evidence Sources | C19: Email Evidence — Collection capability? | G19: =IF(OR(D19="No", D19="Never", D19="None", D19="No Capability"), "Yes", "No")
A20: Q14 | B20: Evidence Sources | C20: Cloud Audit Logs — Collection capability? | G20: =IF(OR(D20="No", D20="Never", D20="None", D20="No Capability"), "Yes", "No")
A21: Q15 | B21: Evidence Sources | C21: Mobile Device — Collection capability? | G21: =IF(OR(D21="No", D21="Never", D21="None", D21="No Capability"), "Yes", "No")
A22: Q16 | B22: Evidence Sources | C22: Physical Evidence — Collection capability? | G22: =IF(OR(D22="No", D22="Never", D22="None", D22="No Capability"), "Yes", "No")
A23: Q17 | B23: Evidence Sources | C23: Application-Level Evidence — Collection capability? | G23: =IF(OR(D23="No", D23="Never", D23="None", D23="No Capability"), "Yes", "No")
A24: Q18 | B24: Evidence Sources | C24: IoT / OT Device Evidence — Collection capability? | G24: =IF(OR(D24="No", D24="Never", D24="None", D24="No Capability"), "Yes", "No")
A25: Collection Quality
A26: Q19 | B26: Collection Quality | C26: Was evidence collection complete? (Last 10 incidents) | G26: =IF(OR(D26="No", D26="Never", D26="None", D26="No Capability"), "Yes", "No")
A27: Q20 | B27: Collection Quality | C27: Was volatile evidence captured before containment? (Last 10 incidents) | G27: =IF(OR(D27="No", D27="Never", D27="None", D27="No Capability"), "Yes", "No")
A28: Q21 | B28: Collection Quality | C28: Average time to begin evidence collection after incident declaration? | G28: =IF(OR(D28="No", D28="Never", D28="None", D28="No Capability"), "Yes", "No")
A29: Q22 | B29: Collection Quality | C29: Is evidence collection documented in real-time? | G29: =IF(OR(D29="No", D29="Never", D29="None", D29="No Capability"), "Yes", "No")
A30: Q23 | B30: Collection Quality | C30: % incidents with adequate evidence collection? (Last 10) | G30: =IF(OR(D30="No", D30="Never", D30="None", D30="No Capability"), "Yes", "No")
A31: Q24 | B31: Collection Quality | C31: If external forensics engaged, is collection coordinated? | G31: =IF(OR(D31="No", D31="Never", D31="None", D31="No Capability"), "Yes", "No")
A32: Q25 | B32: Collection Quality | C32: Are collection lessons learned captured and applied? | G32: =IF(OR(D32="No", D32="Never", D32="None", D32="No Capability"), "Yes", "No")

Sheet Chain of Custody
A1: Sheet 3: Chain of Custody
A2: CoC Documentation, Integrity Verification, Access Control (20 Questions)
A4: Question_ID | B4: Section | C4: Question | D4: Answer | E4: Evidence_Ref | F4: Comments | G4: Gap_Flag
A5: CoC Documentation
A6: Q26 | B6: CoC Documentation | C6: Is chain of custody procedure documented? | G6: =IF(OR(D6="No", D6="Never", D6="None", D6="No Capability"), "Yes", "No")
A7: Q27 | B7: CoC Documentation | C7: Are CoC forms completed for all evidence? | G7: =IF(OR(D7="No", D7="Never", D7="None", D7="No Capability"), "Yes", "No")
A8: Q28 | B8: CoC Documentation | C8: How is CoC documented? | G8: =IF(OR(D8="No", D8="Never", D8="None", D8="No Capability"), "Yes", "No")
A9: Q29 | B9: CoC Documentation | C9: Is every evidence transfer documented? | G9: =IF(OR(D9="No", D9="Never", D9="None", D9="No Capability"), "Yes", "No")
A10: Q30 | B10: CoC Documentation | C10: Is access to stored evidence logged? | G10: =IF(OR(D10="No", D10="Never", D10="None", D10="No Capability"), "Yes", "No")
A11: Q31 | B11: CoC Documentation | C11: Was CoC complete in recent investigations? (Last 10) | G11: =IF(OR(D11="No", D11="Never", D11="None", D11="No Capability"), "Yes", "No")
A12: Q32 | B12: CoC Documentation | C12: Do all evidence-handling personnel receive CoC training? | G12: =IF(OR(D12="No", D12="Never", D12="None", D12="No Capability"), "Yes", "No")
A13: Integrity Verification
A14: Q33 | B14: Integrity Verification | C14: Are hash values calculated for all collected evidence? | G14: =IF(OR(D14="No", D14="Never", D14="None", D14="No Capability"), "Yes", "No")
A15: Q34 | B15: Integrity Verification | C15: What hash algorithm is used? | G15: =IF(OR(D15="No", D15="Never", D15="None", D15="No Capability"), "Yes", "No")
A16: Q35 | B16: Integrity Verification | C16: Is dual hashing used (two independent algorithms)? | G16: =IF(OR(D16="No", D16="Never", D16="None", D16="No Capability"), "Yes", "No")
A17: Q36 | B17: Integrity Verification | C17: Are hash values verified when copies are made? | G17: =IF(OR(D17="No", D17="Never", D17="None", D17="No Capability"), "Yes", "No")
A18: Q37 | B18: Integrity Verification | C18: Are hash values stored separately from evidence? | G18: =IF(OR(D18="No", D18="Never", D18="None", D18="No Capability"), "Yes", "No")
A19: Q38 | B19: Integrity Verification | C19: How often is stored evidence integrity verified? | G19: =IF(OR(D19="No", D19="Never", D19="None", D19="No Capability"), "Yes", "No")
A20: Access Control
A21: Q39 | B21: Access Control | C21: Is access to forensic evidence restricted? | G21: =IF(OR(D21="No", D21="Never", D21="None", D21="No Capability"), "Yes", "No")
A22: Q40 | B22: Access Control | C22: Is an authorised access list maintained per evidence item? | G22: =IF(OR(D22="No", D22="Never", D22="None", D22="No Capability"), "Yes", "No")
A23: Q41 | B23: Access Control | C23: Is evidence accessible in read-only mode? | G23: =IF(OR(D23="No", D23="Never", D23="None", D23="No Capability"), "Yes", "No")
A24: Q42 | B24: Access Control | C24: Is physical evidence in a secure, access-controlled location? | G24: =IF(OR(D24="No", D24="Never", D24="None", D24="No Capability"), "Yes", "No")
A25: Q43 | B25: Access Control | C25: Can unauthorised access to evidence be detected? | G25: =IF(OR(D25="No", D25="Never", D25="None", D25="No Capability"), "Yes", "No")
A26: Q44 | B26: Access Control | C26: Are controls in place for sharing evidence externally? | G26: =IF(OR(D26="No", D26="Never", D26="None", D26="No Capability"), "Yes", "No")
A27: Q45 | B27: Access Control | C27: For physical evidence, are handling precautions followed (gloves, packaging)? | G27: =IF(OR(D27="No", D27="Never", D27="None", D27="No Capability"), "Yes", "No")

Sheet Forensic Analysis
A1: Sheet 4: Forensic Analysis
A2: Analysis Tools, Analyst Capabilities, Analysis Outcomes (20 Questions)
A4: Question_ID | B4: Section | C4: Question | D4: Answer | E4: Evidence_Ref | F4: Comments | G4: Gap_Flag
A5: Analysis Tools
A6: Q46 | B6: Analysis Tools | C6: What forensic tools are available? (Disk/Memory/Network/Malware/Mobile/Cloud/Log/Other) | G6: =IF(OR(D6="No", D6="Never", D6="None", D6="No Capability"), "Yes", "No")
A7: Q47 | B7: Analysis Tools | C7: Tool type: Commercial / Open-Source / Both / None? | G7: =IF(OR(D7="No", D7="Never", D7="None", D7="No Capability"), "Yes", "No")
A8: Q48 | B8: Analysis Tools | C8: Are forensic tools properly licensed and maintained? | G8: =IF(OR(D8="No", D8="Never", D8="None", D8="No Capability"), "Yes", "No")
A9: Q49 | B9: Analysis Tools | C9: Are forensic tools validated before use? | G9: =IF(OR(D9="No", D9="Never", D9="None", D9="No Capability"), "Yes", "No")
A10: Q50 | B10: Analysis Tools | C10: Are forensic tools kept up-to-date? | G10: =IF(OR(D10="No", D10="Never", D10="None", D10="No Capability"), "Yes", "No")
A11: Q51 | B11: Analysis Tools | C11: Are dedicated forensic workstations available (isolated)? | G11: =IF(OR(D11="No", D11="Never", D11="None", D11="No Capability"), "Yes", "No")
A12: Q52 | B12: Analysis Tools | C12: Is a malware analysis sandbox available? | G12: =IF(OR(D12="No", D12="Never", D12="None", D12="No Capability"), "Yes", "No")
A13: Analyst Capabilities
A14: Q53 | B14: Analyst Capabilities | C14: How many qualified forensic analysts? | G14: =IF(OR(D14="No", D14="Never", D14="None", D14="No Capability"), "Yes", "No")
A15: Q54 | B15: Analyst Capabilities | C15: Do forensic analysts hold recognised certifications? | G15: =IF(OR(D15="No", D15="Never", D15="None", D15="No Capability"), "Yes", "No")
A16: Q55 | B16: Analyst Capabilities | C16: Forensic analyst training frequency? | G16: =IF(OR(D16="No", D16="Never", D16="None", D16="No Capability"), "Yes", "No")
A17: Q56 | B17: Analyst Capabilities | C17: Is analysis methodology documented? | G17: =IF(OR(D17="No", D17="Never", D17="None", D17="No Capability"), "Yes", "No")
A18: Q57 | B18: Analyst Capabilities | C18: Is analysis always performed on copies only? | G18: =IF(OR(D18="No", D18="Never", D18="None", D18="No Capability"), "Yes", "No")
A19: Q58 | B19: Analyst Capabilities | C19: Are findings reproducible (documented for verification)? | G19: =IF(OR(D19="No", D19="Never", D19="None", D19="No Capability"), "Yes", "No")
A20: Q59 | B20: Analyst Capabilities | C20: Are forensic reports reviewed by a second analyst? | G20: =IF(OR(D20="No", D20="Never", D20="None", D20="No Capability"), "Yes", "No")
A21: Q60 | B21: Analyst Capabilities | C21: Can external forensic services be engaged? | G21: =IF(OR(D21="No", D21="Never", D21="None", D21="No Capability"), "Yes", "No")
A22: Analysis Outcomes
A23: Q61 | B23: Analysis Outcomes | C23: % incidents with root cause identified? (Last 10 requiring forensics) | G23: =IF(OR(D23="No", D23="Never", D23="None", D23="No Capability"), "Yes", "No")
A24: Q62 | B24: Analysis Outcomes | C24: % breach incidents with full attacker scope determined? | G24: =IF(OR(D24="No", D24="Never", D24="None", D24="No Capability"), "Yes", "No")
A25: Q63 | B25: Analysis Outcomes | C25: Are IOCs generated from forensic analysis? | G25: =IF(OR(D25="No", D25="Never", D25="None", D25="No Capability"), "Yes", "No")
A26: Q64 | B26: Analysis Outcomes | C26: Are incident timelines reconstructed accurately? | G26: =IF(OR(D26="No", D26="Never", D26="None", D26="No Capability"), "Yes", "No")
A27: Q65 | B27: Analysis Outcomes | C27: Were forensic findings actionable? | G27: =IF(OR(D27="No", D27="Never", D27="None", D27="No Capability"), "Yes", "No")

Sheet Storage & Retention
A1: Sheet 5: Storage & Retention
A2: Evidence Storage, Retention & Disposal (15 Questions)
A4: Question_ID | B4: Section | C4: Question | D4: Answer | E4: Evidence_Ref | F4: Comments | G4: Gap_Flag
A5: Evidence Storage
A6: Q66 | B6: Evidence Storage | C6: Where is forensic evidence stored? | G6: =IF(OR(D6="No", D6="Never", D6="None", D6="No Capability"), "Yes", "No")
A7: Q67 | B7: Evidence Storage | C7: Is storage access-controlled? | G7: =IF(OR(D7="No", D7="Never", D7="None", D7="No Capability"), "Yes", "No")
A8: Q68 | B8: Evidence Storage | C8: Is stored evidence encrypted? | G8: =IF(OR(D8="No", D8="Never", D8="None", D8="No Capability"), "Yes", "No")
A9: Q69 | B9: Evidence Storage | C9: Are backup copies of critical evidence maintained? | G9: =IF(OR(D9="No", D9="Never", D9="None", D9="No Capability"), "Yes", "No")
A10: Q70 | B10: Evidence Storage | C10: Is evidence storage monitored? | G10: =IF(OR(D10="No", D10="Never", D10="None", D10="No Capability"), "Yes", "No")
A11: Q71 | B11: Evidence Storage | C11: Is an evidence catalog maintained? | G11: =IF(OR(D11="No", D11="Never", D11="None", D11="No Capability"), "Yes", "No")
A12: Q72 | B12: Evidence Storage | C12: Is storage capacity sufficient? | G12: =IF(OR(D12="No", D12="Never", D12="None", D12="No Capability"), "Yes", "No")
A13: Retention & Disposal
A14: Q73 | B14: Retention & Disposal | C14: Are retention periods defined for forensic evidence? | G14: =IF(OR(D14="No", D14="Never", D14="None", D14="No Capability"), "Yes", "No")
A15: Q74 | B15: Retention & Disposal | C15: Do retention periods meet regulatory requirements? | G15: =IF(OR(D15="No", D15="Never", D15="None", D15="No Capability"), "Yes", "No")
A16: Q75 | B16: Retention & Disposal | C16: Can retention be extended via legal hold? | G16: =IF(OR(D16="No", D16="Never", D16="None", D16="No Capability"), "Yes", "No")
A17: Q76 | B17: Retention & Disposal | C17: Are evidence disposal procedures documented? | G17: =IF(OR(D17="No", D17="Never", D17="None", D17="No Capability"), "Yes", "No")
A18: Q77 | B18: Retention & Disposal | C18: Is disposal authorised before execution? | G18: =IF(OR(D18="No", D18="Never", D18="None", D18="No Capability"), "Yes", "No")
A19: Q78 | B19: Retention & Disposal | C19: Is disposal verified after execution? | G19: =IF(OR(D19="No", D19="Never", D19="None", D19="No Capability"), "Yes", "No")
A20: Q79 | B20: Retention & Disposal | C20: Are disposal records maintained? | G20: =IF(OR(D20="No", D20="Never", D20="None", D20="No Capability"), "Yes", "No")
A21: Q80 | B21: Retention & Disposal | C21: Is disposal automated when retention expires? | G21: =IF(OR(D21="No", D21="Never", D21="None", D21="No Capability"), "Yes", "No")

Sheet Legal & Regulatory
A1: Sheet 6: Legal & Regulatory Readiness
A2: Legal Admissibility, Regulatory Compliance (15 Questions)
A4: Question_ID | B4: Section | C4: Question | D4: Answer | E4: Evidence_Ref | F4: Comments | G4: Gap_Flag
A5: Legal Admissibility
A6: Q81 | B6: Legal Admissibility | C6: Have forensic procedures been reviewed by Legal? | G6: =IF(OR(D6="No", D6="Never", D6="None", D6="No Capability"), "Yes", "No")
A7: Q82 | B7: Legal Admissibility | C7: Are legal admissibility requirements documented? | G7: =IF(OR(D7="No", D7="Never", D7="None", D7="No Capability"), "Yes", "No")
A8: Q83 | B8: Legal Admissibility | C8: Can [Organisation] provide expert witnesses? | G8: =IF(OR(D8="No", D8="Never", D8="None", D8="No Capability"), "Yes", "No")
A9: Q84 | B9: Legal Admissibility | C9: Is forensic report format suitable for legal proceedings? | G9: =IF(OR(D9="No", D9="Never", D9="None", D9="No Capability"), "Yes", "No")
A10: Q85 | B10: Legal Admissibility | C10: Are forensic analysts prepared for cross-examination? | G10: =IF(OR(D10="No", D10="Never", D10="None", D10="No Capability"), "Yes", "No")
A11: Q86 | B11: Legal Admissibility | C11: Is evidence integrity fully documented (end-to-end)? | G11: =IF(OR(D11="No", D11="Never", D11="None", D11="No Capability"), "Yes", "No")
A12: Q87 | B12: Legal Admissibility | C12: Is physical evidence photographed in situ? | G12: =IF(OR(D12="No", D12="Never", D12="None", D12="No Capability"), "Yes", "No")
A13: Q88 | B13: Legal Admissibility | C13: Are witness statements collected during incidents? | G13: =IF(OR(D13="No", D13="Never", D13="None", D13="No Capability"), "Yes", "No")
A14: Regulatory Compliance
A15: Q89 | B15: Regulatory Compliance | C15: GDPR forensic evidence compliance? | G15: =IF(OR(D15="No", D15="Never", D15="None", D15="No Capability"), "Yes", "No")
A16: Q90 | B16: Regulatory Compliance | C16: PCI DSS forensic evidence compliance? | G16: =IF(OR(D16="No", D16="Never", D16="None", D16="No Capability"), "Yes", "No")
A17: Q91 | B17: Regulatory Compliance | C17: Industry-specific forensic requirements met? | G17: =IF(OR(D17="No", D17="Never", D17="None", D17="No Capability"), "Yes", "No")
A18: Q92 | B18: Regulatory Compliance | C18: Can evidence be submitted to regulators in required format? | G18: =IF(OR(D18="No", D18="Never", D18="None", D18="No Capability"), "Yes", "No")
A19: Q93 | B19: Regulatory Compliance | C19: Law enforcement evidence cooperation procedures? | G19: =IF(OR(D19="No", D19="Never", D19="None", D19="No Capability"), "Yes", "No")
A20: Q94 | B20: Regulatory Compliance | C20: International evidence requirements considered? | G20: =IF(OR(D20="No", D20="Never", D20="None", D20="No Capability"), "Yes", "No")
A21: Q95 | B21: Regulatory Compliance | C21: Forensic evidence available for regulatory audits? | G21: =IF(OR(D21="No", D21="Never", D21="None", D21="No Capability"), "Yes", "No")

Sheet Gap Analysis
A1: Sheet 7: Gap Analysis
A3: GAP SUMMARY
A4: Total Gaps: | B4: =COUNTA(C6:C45)-COUNTBLANK(C6:C45) | C4: Critical: | D4: =COUNTIF(E6:E45,"Critical") | E4: High: | F4: =COUNTIF(E6:E45,"High") | G4: Medium: | H4: =COUNTIF(E6:E45,"Medium")
A6: Gap_ID | B6: Domain | C6: Gap_Description | D6: Risk_Level | E6: Current_State | F6: Target_State | G6: Remediation_Action | H6: Owner | I6: Target_Date | J6: Status
A7: GAP-001
A8: GAP-002
A9: GAP-003
A10: GAP-004
A11: GAP-005
A12: GAP-006
A13: GAP-007
A14: GAP-008
A15: GAP-009
A16: GAP-010
A17: GAP-011
A18: GAP-012
... A46: GAP-040

Sheet Evidence Register
A1: Sheet 8: Evidence Register
A4: Evidence_ID | B4: Evidence_Type | C4: Description | D4: Related_Question | E4: Storage_Location | F4: Date_Collected | G4: Collected_By | H4: Verification_Status
A5: EV-001
A6: EV-002
A7: EV-003
A8: EV-004
A9: EV-005
A10: EV-006
A11: EV-007
A12: EV-008
A13: EV-009
A14: EV-010
A15: EV-011
A16: EV-012
... A64: EV-060

Sheet Dashboard
A1: Sheet 9: Dashboard — Forensic Evidence Summary
A3: KEY FORENSIC METRICS
A4: Evidence Collection Completeness (%) | B4: ='Evidence Collection'!D23
A5: Root Cause Identification Rate (%) | B5: ='Forensic Analysis'!D61
A6: Attacker Scope Determination Rate (%) | B6: ='Forensic Analysis'!D62
A7: Time to Begin Collection | B7: ='Evidence Collection'!D21
A8: Forensic Analysts (FTE) | B8: ='Forensic Analysis'!D53
A10: EVIDENCE SOURCE COVERAGE
A11: Endpoint Disk | B11: ='Evidence Collection'!D9
A12: Memory (RAM) | B12: ='Evidence Collection'!D10
A13: Network Traffic | B13: ='Evidence Collection'!D11
A14: System Logs | B14: ='Evidence Collection'!D12
A15: Email | B15: ='Evidence Collection'!D13
A16: Cloud Audit Logs | B16: ='Evidence Collection'!D14
A17: Mobile Device | B17: ='Evidence Collection'!D15
A18: Physical Evidence | B18: ='Evidence Collection'!D16
A19: Application Data | B19: ='Evidence Collection'!D17
A20: IoT / OT | B20: ='Evidence Collection'!D18
A22: GAP SUMMARY
A23: Total Gaps | B23: ='Gap Analysis'!B4
A24: Critical Gaps | B24: ='Gap Analysis'!D4
A25: High Gaps | B25: ='Gap Analysis'!F4
A26: Medium Gaps | B26: ='Gap Analysis'!H4

Sheet Approval Sign-Off
A1: Sheet 10: Approval & Sign-Off
A3: ASSESSMENT SUMMARY
A4: Assessment Document | B4: ISMS-IMP-A.5.24-28.S4 — Forensic Evidence Assessment
A5: Assessment Period
A6: Evidence Collection Completeness | B6: =Dashboard!B4
A7: Root Cause ID Rate | B7: =Dashboard!B5
A8: Total Gaps Identified | B8: =Dashboard!B25
A9: Critical Gaps | B9: =Dashboard!B26
A12: COMPLETED BY (Digital Forensics Lead)
A13: Name:
A14: Date:
A15: Signature:
A17: APPROVED BY (CISO)
A18: Name:
A19: Date:
A20: Approval Decision:
A21: Signature:
A23: Next Review Date:
