Workbook

Sheet Instructions & Legend
A1: ISMS-IMP-A.5.24-28.S1 — Incident Management Framework Assessment ISO/IEC 27001:2022 - Control A.5.24: Planning and Preparation
A3: DOCUMENT INFORMATION
A4: Document ID: | B4: ISMS-IMP-A.5.24-28.S1
A5: Assessment Area: | B5: Incident Management Framework & Governance (Domain 1)
A6: Related Policy: | B6: ISMS-POL-A.5.24-28, Section 2.1
A7: Version: | B7: 1.0
A8: Assessment Date:
A9: Completed By:
A10: Organization:
A11: Review Cycle: | B11: Annual
A12: Next Review Date:
A15: ASSESSMENT SCOPE
A16: This assessment evaluates the incident management framework and governance structure (A.5.24 focus). INCLUDED: ✅ Incident management governance (policy, procedures, authority) ✅ CSIRT/SOC organizational structure and staffing ✅ Role definitions, responsibilities, RACI matrix ✅ Training and competency programs ✅ Tools and technology capabilities ✅ Integration with logging, monitoring, BC/DR EXCLUDED: ❌ Incident detection and classification procedures (see S2) ❌ Response execution and effectiveness (see S3) ❌ Forensic evidence procedures (see S4) ❌ Post-incident learning processes (see S5)
A30: COLOR LEGEND
A31: Color | B31: Meaning | C31: Usage
A32: Yellow | B32: User Input Required | C32: Input cells
A33: Light Green | B33: Calculated/Auto-filled | C33: Formula cells
A34: White | B34: Read-Only Information | C34: Instructions, labels
A35: Light Blue | B35: Section Header | C35: Section titles
A36: Light Red | B36: Gap Identified | C36: Risk highlighting
A39: ASSESSMENT WORKFLOW
A40: 1. Information Gathering (3-4 hours) • Review incident management policy and procedures • Collect organizational charts, job descriptions, RACI matrices • Gather training records and exercise logs • Inventory incident response tools and integrations 2. Assessment Completion (3-4 hours) • Complete Governance Assessment (25 questions) • Document Organizational Structure (30 questions) • Assess Training & Competency (25 questions) • Evaluate Tools & Technology (30 questions) • Complete Integration Assessment (25 questions) 3. Gap Analysis (1 hour) • Identify missing or incomplete elements • Prioritize gaps by risk level • Develop remediation recommendations 4. Evidence Collection (1-2 hours) • Screenshots and document exports • Training records and certificates • Tool configuration evidence 5. Quality Review (1-2 hours) • Self-assessment against policy requirements • Peer review with CSIRT team • Management review 6. Approval Workflow (1 week) • CSIRT Manager approval • CISO review and approval

Sheet Governance Assessment
A1: Sheet 2: Governance Assessment
A2: Policy, Procedures, Authority, and Regulatory Compliance (25 Questions)
A4: Question_ID | B4: Section | C4: Question | D4: Answer | E4: Evidence_Reference | F4: Comments | G4: Gap_Identified
A5: Q1 | B5: Policy Documentation | C5: Does [Organization] have a documented incident management policy? | G5: =IF(OR(D5="No", D5="Partial", D5="Informal"), "Yes", "No")
A6: Q2 | B6: Policy Documentation | C6: When was the current incident management policy approved? (DD.MM.YYYY) | G6: =IF(OR(D6="No", D6="Partial", D6="Informal"), "Yes", "No")
A7: Q3 | B7: Policy Documentation | C7: Who is the designated owner of the incident management policy? (Name, Title) | G7: =IF(OR(D7="No", D7="Partial", D7="Informal"), "Yes", "No")
A8: Q4 | B8: Policy Documentation | C8: How often is the incident management policy reviewed? | G8: =IF(OR(D8="No", D8="Partial", D8="Informal"), "Yes", "No")
A9: Q5 | B9: Policy Documentation | C9: When was the policy last reviewed? (DD.MM.YYYY) | G9: =IF(OR(D9="No", D9="Partial", D9="Informal"), "Yes", "No")
A10: Q6 | B10: Procedure Documentation | C10: Are incident response procedures documented? | G10: =IF(OR(D10="No", D10="Partial", D10="Informal"), "Yes", "No")
A11: Q7 | B11: Procedure Documentation | C11: In what format are incident response procedures documented? (Select all: Written/Flowcharts/Automated/Scenarios/Other) | G11: =IF(OR(D11="No", D11="Partial", D11="Informal"), "Yes", "No")
A12: Q8 | B12: Procedure Documentation | C12: Where are incident response procedures stored and how are they accessed? | G12: =IF(OR(D12="No", D12="Partial", D12="Informal"), "Yes", "No")
A13: Q9 | B13: Procedure Documentation | C13: Do procedures include up-to-date contact information (CSIRT, management, legal, external partners)? | G13: =IF(OR(D13="No", D13="Partial", D13="Informal"), "Yes", "No")
A14: Q10 | B14: Procedure Documentation | C14: When were incident response procedures last updated? (DD.MM.YYYY) | G14: =IF(OR(D14="No", D14="Partial", D14="Informal"), "Yes", "No")
A15: Q11 | B15: Authority & Escalation | C15: Who has authority to declare a security incident? (Role/title) | G15: =IF(OR(D15="No", D15="Partial", D15="Informal"), "Yes", "No")
A16: Q12 | B16: Authority & Escalation | C16: Is there a documented escalation matrix defining when and to whom incidents are escalated? | G16: =IF(OR(D16="No", D16="Partial", D16="Informal"), "Yes", "No")
... A29: Q25 | B29: Policy Governance | C29: When is the next scheduled policy review? (DD.MM.YYYY) | G29: =IF(OR(D29="No", D29="Partial", D29="Informal"), "Yes", "No")

Sheet Organizational Structure
A1: Sheet 3: Organizational Structure
A2: CSIRT/SOC Model, Roles, Staffing, and RACI (30 Questions)
A4: Question_ID | B4: Section | C4: Question | D4: Answer | E4: Evidence_Reference | F4: Comments | G4: Gap_Identified
A5: Q26 | B5: CSIRT/SOC Model | C5: What incident response organizational model does [Organization] use? | G5: =IF(OR(D5="No", D5="Vacant", D5="Barely Adequate"), "Yes", "No")
A6: Q27 | B6: CSIRT/SOC Model | C6: When was the CSIRT/SOC team established? (MM.YYYY) | G6: =IF(OR(D6="No", D6="Vacant", D6="Barely Adequate"), "Yes", "No")
A7: Q28 | B7: CSIRT/SOC Model | C7: What coverage does the CSIRT/SOC provide? | G7: =IF(OR(D7="No", D7="Vacant", D7="Barely Adequate"), "Yes", "No")
A8: Q29 | B8: CSIRT/SOC Model | C8: How many full-time equivalent (FTE) staff are dedicated to incident response? | G8: =IF(OR(D8="No", D8="Vacant", D8="Barely Adequate"), "Yes", "No")
A9: Q30 | B9: CSIRT/SOC Model | C9: To whom does the CSIRT/SOC team report? (Title/Department) | G9: =IF(OR(D9="No", D9="Vacant", D9="Barely Adequate"), "Yes", "No")
A10: Q31 | B10: Role Definitions | C10: Incident Manager - Does role exist? (Yes/No), Assigned to: | G10: =IF(OR(D10="No", D10="Vacant", D10="Barely Adequate"), "Yes", "No")
A11: Q32 | B11: Role Definitions | C11: SOC Analyst Tier 1 - Does role exist? (Yes/No), Assigned to: | G11: =IF(OR(D11="No", D11="Vacant", D11="Barely Adequate"), "Yes", "No")
A12: Q33 | B12: Role Definitions | C12: SOC Analyst Tier 2 - Does role exist? (Yes/No), Assigned to: | G12: =IF(OR(D12="No", D12="Vacant", D12="Barely Adequate"), "Yes", "No")
A13: Q34 | B13: Role Definitions | C13: Forensic Specialist - Does role exist? (Yes/No), Assigned to: | G13: =IF(OR(D13="No", D13="Vacant", D13="Barely Adequate"), "Yes", "No")
A14: Q35 | B14: Role Definitions | C14: Malware Analyst - Does role exist? (Yes/No), Assigned to: | G14: =IF(OR(D14="No", D14="Vacant", D14="Barely Adequate"), "Yes", "No")
A15: Q36 | B15: Role Definitions | C15: Threat Intelligence Analyst - Does role exist? (Yes/No), Assigned to: | G15: =IF(OR(D15="No", D15="Vacant", D15="Barely Adequate"), "Yes", "No")
A16: Q37 | B16: Role Definitions | C16: Communication Coordinator - Does role exist? (Yes/No), Assigned to: | G16: =IF(OR(D16="No", D16="Vacant", D16="Barely Adequate"), "Yes", "No")
... A34: Q55 | B34: Management Visibility | C34: Is there a protocol for briefing the Board of Directors on material incidents? | G34: =IF(OR(D34="No", D34="Vacant", D34="Barely Adequate"), "Yes", "No")

Sheet Training & Competency
A1: Sheet 4: Training & Competency
A2: Training Programs, Exercises, and Certifications (25 Questions)
A4: Question_ID | B4: Section | C4: Question | D4: Answer | E4: Evidence_Reference | F4: Comments | G4: Gap_Identified
A5: Q56 | B5: Training Program | C5: Does [Organization] have a documented incident response training program? | G5: =IF(OR(D5="No", D5<95, D5="Never"), "Yes", "No")
A6: Q57 | B6: Training Program | C6: Do all staff receive annual security awareness training including incident reporting? | G6: =IF(OR(D6="No", D6<95, D6="Never"), "Yes", "No")
A7: Q58 | B7: Training Program | C7: What percentage of staff completed incident reporting awareness training in the last 12 months? (%) | G7: =IF(OR(D7="No", D7<95, D7="Never"), "Yes", "No")
A8: Q59 | B8: Training Program | C8: Do CSIRT members receive specialized incident response training? | G8: =IF(OR(D8="No", D8<95, D8="Never"), "Yes", "No")
A9: Q60 | B9: Training Program | C9: Is there a dedicated budget for incident response training (courses, certifications, conferences)? | G9: =IF(OR(D9="No", D9<95, D9="Never"), "Yes", "No")
A10: Q61 | B10: Tabletop Exercises | C10: How often does [Organization] conduct incident response tabletop exercises? | G10: =IF(OR(D10="No", D10<95, D10="Never"), "Yes", "No")
A11: Q62 | B11: Tabletop Exercises | C11: When was the most recent tabletop exercise conducted? (DD.MM.YYYY) | G11: =IF(OR(D11="No", D11<95, D11="Never"), "Yes", "No")
A12: Q63 | B12: Tabletop Exercises | C12: Do tabletop exercises cover a variety of incident types? | G12: =IF(OR(D12="No", D12<95, D12="Never"), "Yes", "No")
A13: Q64 | B13: Tabletop Exercises | C13: Who typically participates in tabletop exercises? (Select all: CSIRT/IT Ops/Legal/HR/Management/Executive/Board/External) | G13: =IF(OR(D13="No", D13<95, D13="Never"), "Yes", "No")
A14: Q65 | B14: Tabletop Exercises | C14: Are lessons learned from tabletop exercises documented and acted upon? | G14: =IF(OR(D14="No", D14<95, D14="Never"), "Yes", "No")
A15: Q66 | B15: Simulation & Testing | C15: Does [Organization] conduct full-scale incident response exercises (beyond tabletop)? | G15: =IF(OR(D15="No", D15<95, D15="Never"), "Yes", "No")
A16: Q67 | B16: Simulation & Testing | C16: Does [Organization] use breach simulation or attack simulation tools? | G16: =IF(OR(D16="No", D16<95, D16="Never"), "Yes", "No")
... A29: Q80 | B29: Training Budget | C29: What percentage of security budget is allocated to incident response training? (%) | G29: =IF(OR(D29="No", D29<95, D29="Never"), "Yes", "No")

Sheet Tools & Technology
A1: Sheet 5: Tools & Technology
A2: Ticketing, SIEM, Forensics, Communication, and Automation (30 Questions)
A4: Question_ID | B4: Section | C4: Question | D4: Answer | E4: Evidence_Reference | F4: Comments | G4: Gap_Identified
A5: Q81 | B5: Ticketing | C5: Does [Organization] have a dedicated incident ticketing/tracking system? | G5: =IF(OR(D5="No", D5="None", D5="N/A"), "Yes", "No")
A6: Q82 | B6: Ticketing | C6: What features does the incident ticketing system provide? (Select all: Creation/Severity/Timeline/Evidence/Tasks/Collaboration/Escalation/Integration/Reporting/Playbooks) | G6: =IF(OR(D6="No", D6="None", D6="N/A"), "Yes", "No")
A7: Q83 | B7: Ticketing | C7: How long are incident tickets retained? (Years) | G7: =IF(OR(D7="No", D7="None", D7="N/A"), "Yes", "No")
A8: Q84 | B8: Ticketing | C8: Are access controls implemented for incident tickets (need-to-know basis)? | G8: =IF(OR(D8="No", D8="None", D8="N/A"), "Yes", "No")
A9: Q85 | B9: SIEM | C9: Does [Organization] have a Security Information and Event Management (SIEM) system? | G9: =IF(OR(D9="No", D9="None", D9="N/A"), "Yes", "No")
A10: Q86 | B10: SIEM | C10: How many log sources feed into the SIEM? (Number) | G10: =IF(OR(D10="No", D10="None", D10="N/A"), "Yes", "No")
A11: Q87 | B11: SIEM | C11: Is the SIEM integrated with the incident ticketing system (automatic ticket creation)? | G11: =IF(OR(D11="No", D11="None", D11="N/A"), "Yes", "No")
A12: Q88 | B12: SIEM | C12: Does the SIEM/SOAR platform support automated playbooks for common incident types? | G12: =IF(OR(D12="No", D12="None", D12="N/A"), "Yes", "No")
A13: Q89 | B13: Forensics | C13: What digital forensic tools are available? (Select all: Disk imaging/Memory acquisition/Memory analysis/Network forensics/Log analysis/Malware analysis/Mobile/Cloud/Commercial suites/None) | G13: =IF(OR(D13="No", D13="None", D13="N/A"), "Yes", "No")
A14: Q90 | B14: Forensics | C14: Are CSIRT members trained in the use of forensic tools? | G14: =IF(OR(D14="No", D14="None", D14="N/A"), "Yes", "No")
A15: Q91 | B15: Forensics | C15: Does [Organization] have a dedicated forensic workstation or lab? | G15: =IF(OR(D15="No", D15="None", D15="N/A"), "Yes", "No")
A16: Q92 | B16: Forensics | C16: Is there secure storage for forensic evidence? | G16: =IF(OR(D16="No", D16="None", D16="N/A"), "Yes", "No")
... A34: Q110 | B34: Tool Testing | C34: Are incident response tools tested regularly? | G34: =IF(OR(D34="No", D34="None", D34="N/A"), "Yes", "No")

Sheet Integration Assessment
A1: Sheet 6: Integration Assessment
A2: Integration with Logging, Monitoring, BC/DR, and Other Controls (25 Questions)
A4: Question_ID | B4: Section | C4: Question | D4: Answer | E4: Evidence_Reference | F4: Comments | G4: Gap_Identified
A5: Q111 | B5: Logging Integration | C5: Is incident management integrated with logging infrastructure (A.8.15)? | G5: =IF(OR(D5="No", D5="Informal"), "Yes", "No")
A6: Q112 | B6: Logging Integration | C6: Are logs readily available to CSIRT during incidents? | G6: =IF(OR(D6="No", D6="Informal"), "Yes", "No")
A7: Q113 | B7: Logging Integration | C7: Is log retention adequate for incident investigation? | G7: =IF(OR(D7="No", D7="Informal"), "Yes", "No")
A8: Q114 | B8: Monitoring Integration | C8: Is incident management integrated with security monitoring (A.8.16)? | G8: =IF(OR(D8="No", D8="Informal"), "Yes", "No")
A9: Q115 | B9: Monitoring Integration | C9: Is there a defined workflow from security alert to incident declaration? | G9: =IF(OR(D9="No", D9="Informal"), "Yes", "No")
A10: Q116 | B10: Monitoring Integration | C10: Is the false positive rate from monitoring tracked? | G10: =IF(OR(D10="No", D10="Informal"), "Yes", "No")
A11: Q117 | B11: User Reporting | C11: Is there a mechanism for users to report security events (A.6.8 integration)? | G11: =IF(OR(D11="No", D11="Informal"), "Yes", "No")
A12: Q118 | B12: User Reporting | C12: Are user-reported events integrated into incident ticketing system? | G12: =IF(OR(D12="No", D12="Informal"), "Yes", "No")
A13: Q119 | B13: User Reporting | C13: Do users know how to report security incidents? | G13: =IF(OR(D13="No", D13="Informal"), "Yes", "No")
A14: Q120 | B14: BC/DR Integration | C14: Is incident management integrated with Business Continuity / Disaster Recovery (A.5.29-30)? | G14: =IF(OR(D14="No", D14="Informal"), "Yes", "No")
A15: Q121 | B15: BC/DR Integration | C15: Are criteria defined for when an incident triggers BC/DR activation? | G15: =IF(OR(D15="No", D15="Informal"), "Yes", "No")
A16: Q122 | B16: BC/DR Integration | C16: Is CSIRT's role defined in BC/DR plans? | G16: =IF(OR(D16="No", D16="Informal"), "Yes", "No")
... A29: Q135 | B29: Audit & Compliance | C29: Are incident records available for audit and compliance reviews? | G29: =IF(OR(D29="No", D29="Informal"), "Yes", "No")

Sheet Gap Analysis
A1: Sheet 7: Gap Analysis
A2: Gap Prioritization and Remediation Planning (60 Gap Capacity)
A4: Gap_ID | B4: Assessment_Section | C4: Gap_Description | D4: Risk_Level | E4: Current_State | F4: Target_State | G4: Remediation_Action | H4: Owner | I4: Target_Date | J4: Status
A5: GAP-001 | B5: Governance | C5: No RACI matrix documented | D5: High | E5: Roles informally understood | F5: RACI matrix created and approved | G5: Document RACI matrix, review with CSIRT, approve | H5: CSIRT Manager | J5: Open
A6: GAP-002 | B6: Training | C6: Tabletop exercise overdue (>12 months) | D6: Medium | E6: Last exercise 18 months ago | F6: Quarterly exercises | G6: Schedule Q1 exercise, appoint facilitator | H6: CSIRT Manager | J6: Open
A7: GAP-003 | B7: Tools | C7: No dedicated forensic workstation | D7: High | E7: No forensic lab | F7: Dedicated forensic workstation with write blockers | G7: Procure forensic workstation and tools | H7: IT Manager | J7: Open
A8: GAP-004 | B8: Integration | C8: No BC/DR integration documented | D8: Medium | E8: Informal integration | F8: Formal integration in BC/DR plan | G8: Update BC/DR plan with CSIRT roles | H8: CISO | J8: Open
A9: GAP-005 | B9: Staffing | C9: CSIRT understaffed for 24/7 coverage | D9: Critical | E9: 2 FTE for 24/7 | F9: 5 FTE for proper shift coverage | G9: Hire 3 additional CSIRT analysts | H9: CISO | J9: Open
A10: GAP-006
A11: GAP-007
A12: GAP-008
A13: GAP-009
A14: GAP-010
A15: GAP-011
A16: GAP-012
A17: GAP-013
A18: GAP-014
A19: GAP-015
A20: GAP-016
A21: GAP-017
... A67: GAP SUMMARY
A68: Total Gaps: | B68: =COUNTA(A5:A64)
A69: Critical: | B69: =COUNTIF(D5:D64, "Critical")
A70: High: | B70: =COUNTIF(D5:D64, "High")
A71: Medium: | B71: =COUNTIF(D5:D64, "Medium")
A72: Low: | B72: =COUNTIF(D5:D64, "Low")
A74: Open: | B74: =COUNTIF(J5:J64, "Open")
A75: In Progress: | B75: =COUNTIF(J5:J64, "In Progress")
A76: Resolved: | B76: =COUNTIF(J5:J64, "Resolved")
A77: Accepted: | B77: =COUNTIF(J5:J64, "Accepted")

Sheet Evidence Register
A1: Sheet 8: Evidence Register
A2: Audit Evidence Tracking (100 Items Capacity)
A4: Evidence_ID | B4: Evidence_Type | C4: Description | D4: Related_Section | E4: Storage_Location | F4: Date_Collected | G4: Collected_By | H4: Verification_Status
A5: EV-001 | B5: Policy Document | C5: ISMS-POL-A.5.24-28 | D5: Governance | E5: SharePoint:/Policies/ | F5: 08.02.2026 | G5: CSIRT Manager | H5: Verified
A6: EV-002 | B6: Org Chart | C6: CSIRT Organizational Chart | D6: Structure | E6: /Evidence/S1/org_chart.pdf | F6: 08.02.2026 | G6: HR | H6: Verified
A7: EV-003 | B7: Training Records | C7: 2025 Security Awareness Training Completion | D7: Training | E7: HR System Report | F7: 08.02.2026 | G7: HR | H7: Verified
A8: EV-004 | B8: Tool Screenshot | C8: Incident Ticketing System Dashboard | D8: Tools | E8: /Evidence/S1/ticketing_system.png | F8: 08.02.2026 | G8: SOC Manager | H8: Pending
A9: EV-005 | B9: RACI Matrix | C9: Incident Response RACI Matrix v1.0 | D9: Structure | E9: SharePoint:/CSIRT/RACI.xlsx | F9: 08.02.2026 | G9: CSIRT Manager | H9: Verified
A10: EV-006
A11: EV-007
A12: EV-008
A13: EV-009
A14: EV-010
A15: EV-011
A16: EV-012
A17: EV-013
A18: EV-014
A19: EV-015
A20: EV-016
A21: EV-017
... A104: EV-100

Sheet Dashboard
A1: Sheet 9: Dashboard
A2: Executive Summary - Framework Maturity Assessment
A4: OVERALL FRAMEWORK MATURITY
A5: Overall Maturity Score (%) | B5: =100 - ((COUNTIF('Governance Assessment'!G:G,"Yes") + COUNTIF('Organizational Structure'!G:G,"Yes") + COUNTIF('Training & Competency'!G:G,"Yes") + COUNTIF('Tools & Technology'!G:G,"Yes") + COUNTIF('Integration Assessment'!G:G,"Yes")) / 135 * 100)
A6: Maturity Level | B6: =IF(B5<40,"Level 1 (Initial)",IF(B5<60,"Level 2 (Developing)",IF(B5<75,"Level 3 (Defined)",IF(B5<90,"Level 4 (Managed)","Level 5 (Optimizing)"))))
A9: DOMAIN SCORES
A10: Domain | B10: Score (%) | C10: Target | D10: Status
A11: Governance | B11: =100 - (COUNTIF('Governance Assessment'!G:G,"Yes") / 25 * 100) | C11: 90% | D11: =IF(B11>=VALUE(LEFT(C11,LEN(C11)-1)),"On Track","Needs Improvement")
A12: Organizational Structure | B12: =100 - (COUNTIF('Organizational Structure'!G:G,"Yes") / 30 * 100) | C12: 85% | D12: =IF(B12>=VALUE(LEFT(C12,LEN(C12)-1)),"On Track","Needs Improvement")
A13: Training & Competency | B13: =100 - (COUNTIF('Training & Competency'!G:G,"Yes") / 25 * 100) | C13: 90% | D13: =IF(B13>=VALUE(LEFT(C13,LEN(C13)-1)),"On Track","Needs Improvement")
A14: Tools & Technology | B14: =100 - (COUNTIF('Tools & Technology'!G:G,"Yes") / 30 * 100) | C14: 80% | D14: =IF(B14>=VALUE(LEFT(C14,LEN(C14)-1)),"On Track","Needs Improvement")
A15: Integration | B15: =100 - (COUNTIF('Integration Assessment'!G:G,"Yes") / 25 * 100) | C15: 85% | D15: =IF(B15>=VALUE(LEFT(C15,LEN(C15)-1)),"On Track","Needs Improvement")
A18: KEY METRICS
A19: CSIRT Staffing (FTE) | B19: ='Organizational Structure'!D29
A20: Coverage Model | B20: ='Organizational Structure'!D28
A21: Training Completion Rate | B21: ='Training & Competency'!D58
A22: Tabletop Exercise Frequency | B22: ='Training & Competency'!D61
A23: Critical Gaps | B23: ='Gap Analysis'!B72
A24: High Gaps | B24: ='Gap Analysis'!B73

Sheet Approval Sign-Off
A1: Sheet 10: Approval & Sign-Off
A3: ASSESSMENT SUMMARY
A4: Assessment Document | B4: ISMS-IMP-A.5.24-28.S1 - Framework Assessment
A5: Assessment Period
A6: Overall Maturity Level | B6: =Dashboard!B6
A7: Overall Maturity Score | B7: =Dashboard!B5
A8: Assessment Status
A11: ASSESSMENT COMPLETED BY
A12: Name:
A13: Role/Title:
A14: Department:
A15: Email:
A16: Date:
A19: REVIEWED BY (CISO)
A20: Name:
A21: Date:
A22: Approval Decision:
A23: Signature:
A26: Next Review Date:
