Workbook

Sheet Instructions & Legend
A1: ISMS-IMP-A.5.24-28.S5 - Learning & Continuous Improvement Assessment
A2: ISO/IEC 27001:2022 - Control A.5.27: Learning from Information Security Incidents
A4: Document Information
A5: Organisation | B5: [Enter organisation name]
A6: Assessment Date | B6: [DD.MM.YYYY]
A7: Assessor Name | B7: [Enter assessor name]
A8: Assessment Period | B8: [Start date] to [End date]
A9: Document Version | B9: 1.0
A10: Related Policy | B10: ISMS-POL-A.5.24-28
A12: Status Legend
A13: Compliant | B13: Fully meets policy requirements, no gaps identified
A14: Partial | B14: Some requirements met, minor gaps exist
A15: Non-Compliant | B15: Does not meet policy requirements, significant gaps
A16: N/A | B16: Not applicable to this organisation
A18: Assessment Scope - 5 Learning Domains
A19: 1. PIR Process | B19: Timeliness, completeness, quality of post-incident reviews
A20: 2. Root Cause Analysis | B20: Depth, methodology, accuracy of RCA
A21: 3. Lessons Learned | B21: Documentation, dissemination, knowledge base
A22: 4. Control Improvements | B22: Remediation tracking, ownership, closure
A23: 5. Trend Analysis | B23: KPIs, trend identification, reporting
A25: Completion Instructions
A26: 1. Complete PIR Process sheet - review all PIRs from last 12 months
A27: 2. Complete Root Cause Analysis sheet - assess RCA quality for Critical/High incidents
A28: 3. Complete Lessons Learned sheet - verify documentation and distribution
A29: 4. Complete Control Improvements sheet - track remediation actions
A30: 5. Complete Trend Analysis sheet - verify KPIs and reporting
A31: 6. Review Gap Analysis - auto-populated from above sheets
A32: 7. Link evidence in Evidence Register
A33: 8. Review Summary Dashboard for overall compliance
A34: 9. Complete Approval Sign-Off workflow
A36: Time Estimates
A37: Information Gathering | B37: 2-3 hours
A38: Historical Sampling | B38: 2-3 hours
A39: Assessment Completion | B39: 2-3 hours
A40: Evidence Collection | B40: 1-1.5 hours
A41: Quality Review | B41: 30-60 minutes
A42: Total | B42: 6-10 hours

Sheet PIR Process
A1: Sheet 2: PIR Process Assessment
A3: Section A: PIR Inventory (Last 12 Months)
A5: Incident_ID | B5: Incident_Date | C5: Severity | D5: Resolution_Date | E5: PIR_Status | F5: PIR_Completion_Date | G5: SLA_Days | H5: Actual_Days | I5: SLA_Met | J5: Participants_Met | K5: Quality_Score | L5: Evidence_Ref
A58: Section B: PIR Quality Scoring Criteria (Reference)
A59: 5 - Excellent | B59: Complete timeline, full impact assessment, all action items with owners/dates, root cause referenced, distributed
A60: 4 - Good | B60: Timeline and impact documented, most action items defined, minor gaps in distribution
A61: 3 - Adequate | B61: Basic incident summary, some action items defined, distribution incomplete
A62: 2 - Poor | B62: Minimal documentation, few action items, no distribution
A63: 1 - Non-existent | B63: PIR marked complete but no substantive report exists
A65: Section C: PIR Process Summary
A66: Total incidents in period | D66: =COUNTA(A6:A55)
A67: PIRs completed | D67: =COUNTIF(E6:E55,"Completed")
A68: PIRs overdue | D68: =COUNTIF(E6:E55,"Overdue")
A69: SLA compliance rate (%) | D69: =IF(B67>0,COUNTIF(I6:I55,"Yes")/B67*100,0)
A70: Average quality score | D70: =AVERAGE(K6:K55)
A71: Participant requirement met (%) | D71: =IF(B67>0,COUNTIF(J6:J55,"Yes")/B67*100,0)

Sheet Root Cause Analysis
A1: Sheet 3: Root Cause Analysis Assessment
A3: Section A: RCA Inventory (Critical and High Incidents)
A5: Incident_ID | B5: Severity | C5: RCA_Status | D5: RCA_Date | E5: Methodology | F5: Root_Cause_Summary | G5: Depth_Score | H5: Recurring | I5: Evidence_Ref
A40: Section B: RCA Quality Questions
A41: Does RCA go beyond immediate technical cause to identify process/governance gaps?
A42: Was the RCA methodology appropriate for the incident complexity?
A43: Are preventive recommendations specific and actionable?
A44: Has the RCA been reviewed by someone other than the incident owner?
A47: Section C: RCA Summary
A48: Critical/High incidents in period | D48: =COUNTA(A6:A35)
A49: RCAs completed | D49: =COUNTIF(C6:C35,"Completed")
A50: RCAs not performed | D50: =COUNTIF(C6:C35,"Not_Performed")
A51: Systemic depth RCAs | D51: =COUNTIF(G6:G35,"3 - Systemic")
A52: Recurring root causes | D52: =COUNTIF(H6:H35,"Yes")

Sheet Lessons Learned
A1: Sheet 4: Lessons Learned Assessment
A3: Section A: Lessons Learned Log (Per PIR)
A5: PIR_ID | B5: LL_Entry_Date | C5: Lesson_Summary | D5: Distribution_Date | E5: SLA_Met | F5: Playbook_Update | G5: Playbook_Date | H5: Evidence_Ref
A58: Section B: Knowledge Base Inventory
A60: KB_ID | B60: Title | C60: Type | D60: Last_Updated | E60: Status | F60: Owner | G60: Evidence_Ref
A78: Section C: Lessons Learned Summary
A79: Total lessons learned entries | D79: =COUNTA(A6:A55)
A80: Distribution SLA met (%) | D80: =IF(COUNTA(A6:A55)>0,COUNTIF(E6:E55,"Yes")/COUNTA(A6:A55)*100,0)
A81: Playbook updates completed | D81: =COUNTIF(F6:F55,"Yes")
A82: KB items current | D82: =COUNTIF(E60:E74,"Current")
A83: KB items outdated/missing | D83: =COUNTIFS(E60:E74,"<>Current",E60:E74,"<>")

Sheet Control Improvements
A1: Sheet 5: Control Improvements Assessment
A3: Section A: Remediation Action Register
A5: Action_ID | B5: Source_Incident | C5: Action_Description | D5: Priority | E5: Owner | F5: Target_Date | G5: Status | H5: Completion_Date | I5: Verified_By | J5: Escalated | K5: Evidence_Ref
A80: Section B: Action Summary Metrics
A81: Total actions | D81: =COUNTA(A6:A75)
A82: Actions completed | D82: =COUNTIF(G6:G75,"Completed")
A83: Actions open | D83: =COUNTIF(G6:G75,"Open")
A84: Actions blocked | D84: =COUNTIF(G6:G75,"Blocked")
A85: Closure rate (%) | D85: =IF(COUNTA(A6:A75)>0,COUNTIF(G6:G75,"Completed")/COUNTA(A6:A75)*100,0)
A86: Critical actions open | D86: =COUNTIFS(D6:D75,"Critical",G6:G75,"<>Completed")
A87: Overdue actions | D87: =COUNTIFS(F6:F75,"<"&TODAY(),G6:G75,"<>Completed")

Sheet Trend Analysis
A1: Sheet 6: Trend Analysis Assessment
A3: Section A: KPI Definitions and Current Values
A5: KPI | B5: Metric_Type | C5: Target | D5: Current | E5: Status | F5: Trend | G5: Period | H5: Evidence_Ref
A6: Incident Recurrence Rate | B6: Percentage | C6: <=15%
A7: PIR SLA Compliance Rate | B7: Percentage | C7: >=95%
A8: Lessons Learned Distribution SLA | B8: Percentage | C8: >=90%
A9: Remediation Closure Rate | B9: Percentage | C9: >=85%
A10: Average PIR Quality Score | B10: Score (1-5) | C10: >=4.0
A11: RCA Completion Rate (Crit/High) | B11: Percentage | C11: 100%
A12: MTTD (Critical Incidents) | B12: Hours | C12: <=1
A13: MTTR (Critical Incidents) | B13: Hours | C13: <=4
A16: Section B: Reporting Cadence Verification
A18: Report_Type | B18: Frequency | C18: Last_Produced | D18: On_Schedule | E18: Recipients_Documented | F18: Evidence_Ref
A19: Weekly CSIRT Status | B19: Weekly
A20: Monthly Incident Summary | B20: Monthly
A21: Quarterly Trend Report | B21: Quarterly
A22: Annual Executive Report | B22: Annual

Sheet Gap Analysis
A1: Sheet 7: Gap Analysis
A3: Consolidated Gap Register
A5: Gap_ID | B5: Source_Sheet | C5: Gap_Description | D5: Severity | E5: Owner | F5: Target_Date | G5: Remediation_Plan | H5: Status
A38: Total Gaps: | B38: =COUNTA(A6:A35) | C38: Critical: | D38: =COUNTIF(D6:D35,"Critical") | E38: High: | F38: =COUNTIF(D6:D35,"High")

Sheet Evidence Register
A1: Sheet 8: Evidence Register
A3: Evidence Tracking Log
A5: Evidence_ID | B5: Related_Sheet | C5: Evidence_Type | D5: Description | E5: File_Location | F5: Collection_Date | G5: Collected_By
A6: =IF(B6<>"","EVD-"&TEXT(ROW()-5,"000"),"")
A7: =IF(B7<>"","EVD-"&TEXT(ROW()-5,"000"),"")
A8: =IF(B8<>"","EVD-"&TEXT(ROW()-5,"000"),"")
A9: =IF(B9<>"","EVD-"&TEXT(ROW()-5,"000"),"")
A10: =IF(B10<>"","EVD-"&TEXT(ROW()-5,"000"),"")
A11: =IF(B11<>"","EVD-"&TEXT(ROW()-5,"000"),"")
A12: =IF(B12<>"","EVD-"&TEXT(ROW()-5,"000"),"")
A13: =IF(B13<>"","EVD-"&TEXT(ROW()-5,"000"),"")
A14: =IF(B14<>"","EVD-"&TEXT(ROW()-5,"000"),"")
A15: =IF(B15<>"","EVD-"&TEXT(ROW()-5,"000"),"")
A16: =IF(B16<>"","EVD-"&TEXT(ROW()-5,"000"),"")
A17: =IF(B17<>"","EVD-"&TEXT(ROW()-5,"000"),"")
... A55: =IF(B55<>"","EVD-"&TEXT(ROW()-5,"000"),"")

Sheet Summary Dashboard
A1: ISMS-IMP-A.5.24-28.S5 - Summary Dashboard
A3: Panel 1: Overall Compliance
A5: Assessment Period | B5: [From Instructions sheet]
A6: Overall Compliance Score | B6: =AVERAGE(B10:B14)
A8: Panel 2: Domain Compliance Scores
A10: PIR Process | B10: ='PIR Process'!D72 | C10: >=90%
A11: Root Cause Analysis | B11: ='Root Cause Analysis'!D52 | C11: >=90%
A12: Lessons Learned | B12: ='Lessons Learned'!D82 | C12: >=90%
A13: Control Improvements | B13: ='Control Improvements'!D85 | C13: >=85%
A14: Trend Analysis | B14: Based on KPI status | C14: >=80%
A17: Panel 3: Critical Flags
A18: PIR Overdue (Critical/High) | B18: Check PIR Process sheet
A19: RCA Not Performed (Critical) | B19: Check Root Cause Analysis sheet
A20: Overdue Critical Remediation | B20: Check Control Improvements sheet
A21: Missing Escalation for Overdue | B21: Check Control Improvements sheet
A22: Recurring Root Causes | B22: Check Root Cause Analysis sheet

Sheet Approval Sign-Off
A1: Sheet 10: Approval Sign-Off
A3: Assessment Summary
A5: Assessment Period | B5: [From Instructions]
A6: Overall Compliance | B6: ='Summary Dashboard'!B6
A7: Critical Gaps | B7: ='Gap Analysis'!D38
A10: Completed By
A11: Name
A12: Role
A13: Department
A14: Email
A15: Date
A16: Signature
A18: Reviewed By (CSIRT Manager)
A19: Name
A20: Date
A21: Signature
A22: Comments
... A29: Decision
