Workbook

Sheet Instructions & Legend
A1: ISMS-IMP-A.5.24-28.S3 — Response Capabilities Assessment ISO/IEC 27001:2022 - Control A.5.26: Incident Response
A3: DOCUMENT INFORMATION
A4: Document ID: | B4: ISMS-IMP-A.5.24-28.S3
A5: Assessment Area: | B5: Incident Response Capabilities (Domain 3)
A6: Related Policy: | B6: ISMS-POL-A.5.24-28, Section 2.3
A7: Version: | B7: 1.0
A8: Assessment Date:
A9: Completed By:
A10: Organization:

Sheet Containment Capabilities
A1: Sheet 2: Containment Capabilities
A2: Network, Endpoint, Account, Application Containment (30 Questions)
A4: Question_ID | B4: Section | C4: Question | D4: Answer | E4: Evidence_Reference | F4: Comments | G4: Gap_Identified
A5: Q1 | B5: Network | C5: Can [Organization] isolate network segments? | G5: =IF(OR(D5="No", D5="Limited", D5<80), "Yes", "No")
A6: Q2 | B6: Network | C6: Emergency firewall rule changes capability? | G6: =IF(OR(D6="No", D6="Limited", D6<80), "Yes", "No")
A7: Q3 | B7: Network | C7: Can internet egress be blocked for infected systems? | G7: =IF(OR(D7="No", D7="Limited", D7<80), "Yes", "No")
A8: Q4 | B8: Network | C8: Is there a quarantine VLAN? | G8: =IF(OR(D8="No", D8="Limited", D8<80), "Yes", "No")
A9: Q5 | B9: Network | C9: Average time to execute network containment? | G9: =IF(OR(D9="No", D9="Limited", D9<80), "Yes", "No")
A10: Q6 | B10: Network | C10: Who has authority to order network containment? | G10: =IF(OR(D10="No", D10="Limited", D10<80), "Yes", "No")
A11: Q7 | B11: Network | C11: Network containment procedures documented? | G11: =IF(OR(D11="No", D11="Limited", D11<80), "Yes", "No")
A12: Q8 | B12: Network | C12: Network team available 24/7? | G12: =IF(OR(D12="No", D12="Limited", D12<80), "Yes", "No")
A13: Q9 | B13: Endpoint | C13: Can endpoints be isolated remotely via EDR? | G13: =IF(OR(D13="No", D13="Limited", D13<80), "Yes", "No")
A14: Q10 | B14: Endpoint | C14: Endpoint isolation speed? | G14: =IF(OR(D14="No", D14="Limited", D14<80), "Yes", "No")
A15: Q11 | B15: Endpoint | C15: Non-EDR endpoint isolation capability? | G15: =IF(OR(D15="No", D15="Limited", D15<80), "Yes", "No")
A16: Q12 | B16: Endpoint | C16: % endpoints remotely isolatable? | G16: =IF(OR(D16="No", D16="Limited", D16<80), "Yes", "No")
... A34: Q30 | B34: Metrics | C34: % incidents meeting containment SLA? (6 months) | G34: =IF(OR(D34="No", D34="Limited", D34<80), "Yes", "No")

Sheet Eradication & Remediation
A1: Sheet 3: Eradication & Remediation
A2: Malware, Vulnerability, Credential, Threat Actor Expulsion (20 Questions)
A4: Question_ID | B4: Section | C4: Question | D4: Answer | E4: Evidence_Reference | F4: Comments | G4: Gap_Identified
A5: Q31 | B5: Malware | C5: Malware removal procedures documented? | G5: =IF(OR(D5="No", D5="Limited", D5<80), "Yes", "No")
A6: Q32 | B6: Malware | C6: EDR automated malware removal? | G6: =IF(OR(D6="No", D6="Limited", D6<80), "Yes", "No")
A7: Q33 | B7: Malware | C7: Reimaging capability? | G7: =IF(OR(D7="No", D7="Limited", D7<80), "Yes", "No")
A8: Q34 | B8: Malware | C8: Persistence mechanism checks? | G8: =IF(OR(D8="No", D8="Limited", D8<80), "Yes", "No")
A9: Q35 | B9: Malware | C9: Network share malware scanning? | G9: =IF(OR(D9="No", D9="Limited", D9<80), "Yes", "No")
A10: Q36 | B10: Malware | C10: Malware sample collection before removal? | G10: =IF(OR(D10="No", D10="Limited", D10<80), "Yes", "No")
A11: Q37 | B11: Vulnerability | C11: Emergency patching capability? | G11: =IF(OR(D11="No", D11="Limited", D11<80), "Yes", "No")
A12: Q38 | B12: Vulnerability | C12: Average vulnerability remediation time? | G12: =IF(OR(D12="No", D12="Limited", D12<80), "Yes", "No")
A13: Q39 | B13: Vulnerability | C13: Can patch testing be waived? | G13: =IF(OR(D13="No", D13="Limited", D13<80), "Yes", "No")
A14: Q40 | B14: Vulnerability | C14: Configuration hardening after incidents? | G14: =IF(OR(D14="No", D14="Limited", D14<80), "Yes", "No")
A15: Q41 | B15: Vulnerability | C15: Emergency code fix deployment? | G15: =IF(OR(D15="No", D15="Limited", D15<80), "Yes", "No")
A16: Q42 | B16: Vulnerability | C16: Workaround implementation capability? | G16: =IF(OR(D16="No", D16="Limited", D16<80), "Yes", "No")
... A24: Q50 | B24: Expulsion | C24: Re-infection prevention measures? | G24: =IF(OR(D24="No", D24="Limited", D24<80), "Yes", "No")

Sheet Recovery & Restoration
A1: Sheet 4: Recovery & Restoration
A2: System Restoration, Service Resumption, Post-Recovery Monitoring (20 Questions)
A4: Question_ID | B4: Section | C4: Question | D4: Answer | E4: Evidence_Reference | F4: Comments | G4: Gap_Identified
A5: Q51 | B5: Restoration | C5: System restoration procedures documented? | G5: =IF(OR(D5="No", D5="Limited", D5<80), "Yes", "No")
A6: Q52 | B6: Restoration | C6: Backup availability for critical systems? | G6: =IF(OR(D6="No", D6="Limited", D6<80), "Yes", "No")
A7: Q53 | B7: Restoration | C7: Average backup restoration time? | G7: =IF(OR(D7="No", D7="Limited", D7<80), "Yes", "No")
A8: Q54 | B8: Restoration | C8: Backup integrity verification before restoration? | G8: =IF(OR(D8="No", D8="Limited", D8<80), "Yes", "No")
A9: Q55 | B9: Restoration | C9: Clean rebuild capability? | G9: =IF(OR(D9="No", D9="Limited", D9<80), "Yes", "No")
A10: Q56 | B10: Restoration | C10: Configuration restoration capability? | G10: =IF(OR(D10="No", D10="Limited", D10<80), "Yes", "No")
A11: Q57 | B11: Restoration | C11: Data recovery testing frequency? | G11: =IF(OR(D11="No", D11="Limited", D11<80), "Yes", "No")
A12: Q58 | B12: Resumption | C12: Service resumption procedures documented? | G12: =IF(OR(D12="No", D12="Limited", D12<80), "Yes", "No")
A13: Q59 | B13: Resumption | C13: Post-recovery validation? | G13: =IF(OR(D13="No", D13="Limited", D13<80), "Yes", "No")
A14: Q60 | B14: Resumption | C14: Staged recovery capability? | G14: =IF(OR(D14="No", D14="Limited", D14<80), "Yes", "No")
A15: Q61 | B15: Resumption | C15: User communication during recovery? | G15: =IF(OR(D15="No", D15="Limited", D15<80), "Yes", "No")
A16: Q62 | B16: Resumption | C16: Service degradation mode capability? | G16: =IF(OR(D16="No", D16="Limited", D16<80), "Yes", "No")
... A24: Q70 | B24: Monitoring | C24: Recovery success rate (no recurrence)? (6 months) | G24: =IF(OR(D24="No", D24="Limited", D24<80), "Yes", "No")

Sheet Communication
A1: Sheet 5: Communication
A2: Internal, External, Crisis Communication (20 Questions)
A4: Question_ID | B4: Section | C4: Question | D4: Answer | E4: Evidence_Reference | F4: Comments | G4: Gap_Identified
A5: Q71 | B5: Internal | C5: Internal communication protocol documented? | G5: =IF(OR(D5="No", D5="Limited", D5<80), "Yes", "No")
A6: Q72 | B6: Internal | C6: Management notifications within SLA? | G6: =IF(OR(D6="No", D6="Limited", D6<80), "Yes", "No")
A7: Q73 | B7: Internal | C7: Affected user notification? | G7: =IF(OR(D7="No", D7="Limited", D7<80), "Yes", "No")
A8: Q74 | B8: Internal | C8: IT Ops coordination method? | G8: =IF(OR(D8="No", D8="Limited", D8<80), "Yes", "No")
A9: Q75 | B9: Internal | C9: Communication templates available? | G9: =IF(OR(D9="No", D9="Limited", D9<80), "Yes", "No")
A10: Q76 | B10: Internal | C10: Communication approval process? | G10: =IF(OR(D10="No", D10="Limited", D10<80), "Yes", "No")
A11: Q77 | B11: Internal | C11: All incident communication logged? | G11: =IF(OR(D11="No", D11="Limited", D11<80), "Yes", "No")
A12: Q78 | B12: External | C12: External communication procedures documented? | G12: =IF(OR(D12="No", D12="Limited", D12<80), "Yes", "No")
A13: Q79 | B13: External | C13: Customer notification capability? | G13: =IF(OR(D13="No", D13="Limited", D13<80), "Yes", "No")
A14: Q80 | B14: External | C14: Regulatory notification templates ready? | G14: =IF(OR(D14="No", D14="Limited", D14<80), "Yes", "No")
A15: Q81 | B15: External | C15: Media inquiry handling process? | G15: =IF(OR(D15="No", D15="Limited", D15<80), "Yes", "No")
A16: Q82 | B16: External | C16: Third-party notification when affected? | G16: =IF(OR(D16="No", D16="Limited", D16<80), "Yes", "No")
... A24: Q90 | B24: Crisis | C24: CSIRT communication training? | G24: =IF(OR(D24="No", D24="Limited", D24<80), "Yes", "No")

Sheet Resources & Authority
A1: Sheet 6: Resources & Authority
A2: CSIRT Availability, Tool Access, Decision Authority, Budget (20 Questions)
A4: Question_ID | B4: Section | C4: Question | D4: Answer | E4: Evidence_Reference | F4: Comments | G4: Gap_Identified
A5: Q91 | B5: CSIRT Availability | C5: CSIRT 24/7 coverage? | G5: =IF(OR(D5="No", D5="Limited", D5<80), "Yes", "No")
A6: Q92 | B6: CSIRT Availability | C6: On-call response SLA? | G6: =IF(OR(D6="No", D6="Limited", D6<80), "Yes", "No")
A7: Q93 | B7: CSIRT Availability | C7: On-call escalation process? | G7: =IF(OR(D7="No", D7="Limited", D7<80), "Yes", "No")
A8: Q94 | B8: CSIRT Availability | C8: Weekend/holiday coverage? | G8: =IF(OR(D8="No", D8="Limited", D8<80), "Yes", "No")
A9: Q95 | B9: CSIRT Availability | C9: Surge capacity for multiple incidents? | G9: =IF(OR(D9="No", D9="Limited", D9<80), "Yes", "No")
A10: Q96 | B10: Tool Access | C10: After-hours tool access? | G10: =IF(OR(D10="No", D10="Limited", D10<80), "Yes", "No")
A11: Q97 | B11: Tool Access | C11: Remote response capability? | G11: =IF(OR(D11="No", D11="Limited", D11<80), "Yes", "No")
A12: Q98 | B12: Tool Access | C12: Emergency system access? | G12: =IF(OR(D12="No", D12="Limited", D12<80), "Yes", "No")
A13: Q99 | B13: Tool Access | C13: External partner tool access? | G13: =IF(OR(D13="No", D13="Limited", D13<80), "Yes", "No")
A14: Q100 | B14: Tool Access | C14: VPN capacity for mass remote work? | G14: =IF(OR(D14="No", D14="Limited", D14<80), "Yes", "No")
A15: Q101 | B15: Authority | C15: Emergency decision authority documented? | G15: =IF(OR(D15="No", D15="Limited", D15<80), "Yes", "No")
A16: Q102 | B16: Authority | C16: CSIRT business impact decision authority? | G16: =IF(OR(D16="No", D16="Limited", D16<80), "Yes", "No")
... A24: Q110 | B24: Budget | C24: Cyber insurance coverage? | G24: =IF(OR(D24="No", D24="Limited", D24<80), "Yes", "No")

Sheet Playbook Effectiveness
A1: Sheet 7: Playbook Effectiveness
A2: Usage, Quality, Training, Testing, Automation, Improvement (15 Questions)
A4: Question_ID | B4: Section | C4: Question | D4: Answer | E4: Evidence_Reference | F4: Comments | G4: Gap_Identified
A5: Q111 | B5: Usage | C5: Playbook usage rate? | G5: =IF(OR(D5="No", D5="Limited", D5<80), "Yes", "No")
A6: Q112 | B6: Quality | C6: Playbooks comprehensive? | G6: =IF(OR(D6="No", D6="Limited", D6<80), "Yes", "No")
A7: Q113 | B7: Quality | C7: Playbooks accurate? | G7: =IF(OR(D7="No", D7="Limited", D7<80), "Yes", "No")
A8: Q114 | B8: Quality | C8: Playbooks updated after incidents? | G8: =IF(OR(D8="No", D8="Limited", D8<80), "Yes", "No")
A9: Q115 | B9: Quality | C9: Playbook accessibility during incidents? | G9: =IF(OR(D9="No", D9="Limited", D9<80), "Yes", "No")
A10: Q116 | B10: By Category | C10: Playbook: Ransomware - Quality? | G10: =IF(OR(D10="No", D10="Limited", D10<80), "Yes", "No")
A11: Q117 | B11: By Category | C11: Playbook: Phishing - Quality? | G11: =IF(OR(D11="No", D11="Limited", D11<80), "Yes", "No")
A12: Q118 | B12: By Category | C12: Playbook: Data Breach - Quality? | G12: =IF(OR(D12="No", D12="Limited", D12<80), "Yes", "No")
A13: Q119 | B13: By Category | C13: Playbook: Unauthorized Access - Quality? | G13: =IF(OR(D13="No", D13="Limited", D13<80), "Yes", "No")
A14: Q120 | B14: By Category | C14: Playbook: DDoS - Quality? | G14: =IF(OR(D14="No", D14="Limited", D14<80), "Yes", "No")
A15: Q121 | B15: Training | C15: Responders trained on playbooks? | G15: =IF(OR(D15="No", D15="Limited", D15<80), "Yes", "No")
A16: Q122 | B16: Testing | C16: Playbooks tested during exercises? | G16: =IF(OR(D16="No", D16="Limited", D16<80), "Yes", "No")
... A19: Q125 | B19: Improvement | C19: Playbook improvement process? | G19: =IF(OR(D19="No", D19="Limited", D19<80), "Yes", "No")

Sheet Gap Analysis
A1: Sheet 8: Gap Analysis
A4: Gap_ID | B4: Section | C4: Gap_Description | D4: Risk_Level | E4: Current_State | F4: Target_State | G4: Remediation | H4: Owner | I4: Target_Date | J4: Status
A5: GAP-001
A6: GAP-002
A7: GAP-003
A8: GAP-004
A9: GAP-005
A10: GAP-006
A11: GAP-007
A12: GAP-008
A13: GAP-009
A14: GAP-010
A15: GAP-011
A16: GAP-012
... A44: GAP-040

Sheet Evidence Register
A1: Sheet 9: Evidence Register
A4: Evidence_ID | B4: Evidence_Type | C4: Description | D4: Related_Section | E4: Storage_Location | F4: Date_Collected | G4: Collected_By | H4: Verification
A5: EV-001
A6: EV-002
A7: EV-003
A8: EV-004
A9: EV-005
A10: EV-006
A11: EV-007
A12: EV-008
A13: EV-009
A14: EV-010
A15: EV-011
A16: EV-012
... A64: EV-060

Sheet Dashboard
A1: Sheet 10: Dashboard
A4: RESPONSE EFFECTIVENESS SUMMARY
A5: Mean Time to Contain (MTTC) | B5: ='Containment Capabilities'!D28
A6: MTTC Critical Incidents | B6: ='Containment Capabilities'!D29
A7: Containment SLA Compliance | B7: ='Containment Capabilities'!D30
A8: Mean Time to Recover (MTTR) | B8: ='Recovery & Restoration'!D68
A9: MTTR Critical Incidents | B9: ='Recovery & Restoration'!D69
A10: Recovery Success Rate | B10: ='Recovery & Restoration'!D70
A11: Playbook Usage Rate | B11: ='Playbook Effectiveness'!D111
A12: Playbook Automation Rate | B12: ='Playbook Effectiveness'!D123

Sheet Approval Sign-Off
A1: Sheet 11: Approval & Sign-Off
A3: ASSESSMENT SUMMARY
A4: Assessment Document | B4: ISMS-IMP-A.5.24-28.S3 - Response Capabilities
A5: Assessment Period
A6: MTTC | B6: =Dashboard!B5
A7: MTTR | B7: =Dashboard!B8
A10: COMPLETED BY (CSIRT Manager)
A11: Name:
A12: Date:
A13: Signature:
A15: APPROVED BY (CISO)
A16: Name:
A17: Date:
A18: Approval Decision:
A19: Signature:
