Workbook

Sheet Instructions & Legend
A1: ISMS-IMP-A.8.12.4 - Monitoring & Response Assessment ISO/IEC 27001:2022 - Control A.8.12: Data Leakage Prevention
A3: Document Information
A4: Document ID | B4: ISMS-IMP-A.8.12.4
A5: Workbook Title | B5: Monitoring & Response Assessment
A6: Control Reference | B6: ISO/IEC 27001:2022 - Control A.8.12: Data Leakage Prevention
A7: Version | B7: 1.0
A8: Assessment Date
A9: Completed By
A10: Organisation
A12: Instructions
A13: 1. Complete Logging Configuration first — this is the foundational data layer.
A14: 2. Document all Alert Rules in the Inventory (what alerts exist, thresholds, actions).
A15: 3. Track Alert Volume Metrics (daily/weekly/monthly statistics by severity and channel).
A16: 4. Verify SIEM Integration (log forwarding, correlation rules, use cases).
A17: 5. Measure False Positive rates and document tuning procedures.
A18: 6. Document the Incident Response Workflow (triage, containment, SLA compliance).
A19: 7. Assess SOC Integration (alert workflow, escalation, staffing adequacy).
A20: 8. Verify Dashboards and Reporting capabilities (executive, operational, compliance).
... A23: Status Legend
A24: Symbol | B24: Status | C24: Description
A25: ✓ | B25: Compliant / Complete | C25: Requirement fully met
A26: ⚠ | B26: Partial / In Progress | C26: Partially met or in progress
A27: ✗ | B27: Non-Compliant / Not Started | C27: Requirement not met
A28: — | B28: Not Applicable | C28: Not applicable to this assessment

Sheet Logging Configuration
A1: DLP LOGGING CONFIGURATION ASSESSMENT
A2: Assess DLP logging requirements per channel (25 criteria)
A4: # | B4: Requirement | C4: Compliance | D4: Evidence ID | E4: Notes
A5: 1 | B5: Are all DLP channels configured to log events? | C5: Yes | D5: A812-4-LOG-001 | E5: All channels logging to Splunk

Sheet Alert Rules Inventory
A1: DLP ALERT RULES INVENTORY
A2: Complete inventory of all configured DLP alert rules (30 rows)
A4: Alert Rule ID | B4: Rule Name | C4: Channel | D4: Severity | E4: Detection Method | F4: Policy Action | G4: Alert Destination | H4: Response SLA | I4: Last Tuned Date | J4: FP Rate % | K4: Alert Volume (30d) | L4: Rule Status | M4: Evidence ID
A5: ALT-001 | B5: Credentials Detected - Email | C5: Email | D5: Critical | E5: Pattern | F5: Block | G5: SIEM | H5: 15min | I5: 2025-01-01 | J5: 2.1 | K5: 45 | L5: Active | M5: A812-4-ALT-001

Sheet Alert Volume Metrics
A1: DLP ALERT VOLUME METRICS
A2: Track alert volume by severity and channel (Last 30 Days)
A4: ALERT VOLUME BY SEVERITY (Last 30 Days)
A5: Severity | B5: Total Alerts | C5: Avg per Day | D5: Blocked | E5: Alerted | F5: False Positives | G5: FP Rate %
A6: Critical | G6: =IF(B6>0,F6/B6*100,0)
A7: High | G7: =IF(B7>0,F7/B7*100,0)
A8: Medium | G8: =IF(B8>0,F8/B8*100,0)
A9: Low | G9: =IF(B9>0,F9/B9*100,0)
A10: Informational | G10: =IF(B10>0,F10/B10*100,0)
A11: TOTAL | B11: =SUM(B6:B10) | C11: =B11/30 | D11: =SUM(D6:D10) | E11: =SUM(E6:E10) | F11: =SUM(F6:F10) | G11: =IF(B11>0,F11/B11*100,0)
A13: ALERT VOLUME BY CHANNEL (Last 30 Days)
A14: Channel | B14: Total Alerts | C14: Blocked | D14: Alerted | E14: FP Rate % | F14: Top Rule Name
A15: Email
A16: Web
A17: Endpoint
A18: Network
A19: Application
A20: Mobile
A22: ALERT TREND ANALYSIS (Weekly)
A23: Week | B23: Critical | C23: High | D23: Medium | E23: Low | F23: Total | G23: FP Rate % | H23: Notes
A24: Week 1 (Dec 2-8) | F24: =SUM(B24:E24)
A25: Week 2 (Dec 9-15) | F25: =SUM(B25:E25)
A26: Week 3 (Dec 16-22) | F26: =SUM(B26:E26)
A27: Week 4 (Dec 23-29) | F27: =SUM(B27:E27)

Sheet SIEM Integration
A1: SIEM INTEGRATION ASSESSMENT
A2: Assess SIEM integration, log forwarding, and correlation rules (25 criteria)
A4: # | B4: Requirement | C4: Compliance | D4: Evidence ID | E4: Notes
A5: 1 | B5: Are DLP logs forwarded to organisational SIEM? | C5: Yes | D5: A812-4-SIEM-001 | E5: Forwarding to Splunk via TLS

Sheet False Positive Management
A1: FALSE POSITIVE MANAGEMENT ASSESSMENT
A2: Assess false positive tracking, tuning, and management (20 criteria + FP rate table)
A4: # | B4: Requirement | C4: Compliance | D4: Evidence ID | E4: Notes
A5: 1 | B5: Is false positive rate measured per alert rule? | C5: Yes | D5: A812-4-FP-001 | E5: FP rate tracked per rule in dashboard
A57: FALSE POSITIVE RATE BY ALERT RULE (Top 10 Rules)
A58: Alert Rule ID | B58: Rule Name | C58: Total Alerts (30d) | D58: False Positives | E58: FP Rate % | F58: Target FP % | G58: Status
A59: ALT-001 | B59: Credentials - Email | C59: 45 | D59: 1 | E59: =D59/C59 | F59: 5% | G59: ✅ On Target
A60: ALT-002 | B60: PII to External | C60: 230 | D60: 20 | E60: =D60/C60 | F60: 10% | G60: ✅ On Target
A61: ALT-003 | B61: Source Code GitHub | C61: 12 | D61: 0 | E61: =D61/C61 | F61: 5% | G61: ✅ On Target
E62: =IF(C62>0,D62/C62*100,0)
E63: =IF(C63>0,D63/C63*100,0)
E64: =IF(C64>0,D64/C64*100,0)
E65: =IF(C65>0,D65/C65*100,0)
E66: =IF(C66>0,D66/C66*100,0)
E67: =IF(C67>0,D67/C67*100,0)
E68: =IF(C68>0,D68/C68*100,0)

Sheet Incident Response Workflow
A1: INCIDENT RESPONSE WORKFLOW ASSESSMENT
A2: Assess incident response procedures and SLA compliance (25 criteria + SLA tracking)
A4: # | B4: Requirement | C4: Compliance | D4: Evidence ID | E4: Notes
A5: 1 | B5: Are DLP alerts integrated with incident response workflow? | C5: Yes | D5: A812-4-IR-001 | E5: ServiceNow integration complete
A57: SLA COMPLIANCE TRACKING (Last 30 Days)
A58: Severity | B58: SLA Target | C58: Incidents (30d) | D58: Within SLA | E58: SLA Compliance %
A59: Critical | B59: 15 minutes | C59: 8 | D59: 7 | E59: =D59/C59*100
A60: High | B60: 1 hour | C60: 35 | D60: 32 | E60: =D60/C60*100
A61: Medium | B61: 4 hours | C61: 120 | D61: 115 | E61: =D61/C61*100
A62: Low | B62: 24 hours | C62: 450 | D62: 448 | E62: =D62/C62*100

Sheet SOC Integration
A1: SOC INTEGRATION ASSESSMENT
A2: Assess SOC alert workflow, escalation, and staffing (20 criteria)
A4: # | B4: Requirement | C4: Compliance | D4: Evidence ID | E4: Notes
A5: 1 | B5: Are DLP alerts integrated with SOC workflow? | C5: Yes | D5: A812-4-SOC-001 | E5: ServiceNow integration complete

Sheet Dashboards Reporting
A1: DASHBOARDS & REPORTING ASSESSMENT
A2: Assess dashboard and reporting capabilities (20 criteria)
A4: # | B4: Requirement | C4: Compliance | D4: Evidence ID | E4: Notes
A5: 1 | B5: Is real-time SOC dashboard configured (alert queue)? | C5: Yes | D5: A812-4-DASH-001 | E5: Splunk SOC dashboard live

Sheet Gap Analysis
A1: GAP ANALYSIS - MONITORING & RESPONSE DEFICIENCIES
A2: Identify and track monitoring/response gaps and remediation plans (40 rows)
A4: Gap ID | B4: Gap Description | C4: Affected Area | D4: Risk Level | E4: Business Impact | F4: Remediation Plan | G4: Owner | H4: Target Date | I4: Status | J4: Evidence ID
A5: GAP-A812-4-001 | B5: Critical alerts not reaching SOC SMS (delivery failures) | C5: Alerting | D5: High | E5: Delayed response to data exfiltration | F5: Configure PagerDuty integration | G5: SOC Lead | H5: 2025-02-15 | I5: In Progress | J5: A812-4-GAP-001

Sheet Evidence Register
A1: EVIDENCE REGISTER
A2: List all evidence files/documents referenced in this assessment (audit traceability).
A4: Evidence ID | B4: Assessment Area | C4: Evidence Type | D4: Description | E4: Location/Path | F4: Date Collected | G4: Collected By | H4: Verification Status
A5: EV-001 | B5: Logging Configuration | C5: Audit log | D5: SIEM log forwarding configuration — syslog rules export | E5: \\fileserver\isms\evidence\dlp\siem-log-config.pdf | F5: 22.02.2026 | G5: IT Security Team | H5: Verified

Sheet Summary Dashboard
A1: MONITORING & RESPONSE ASSESSMENT — SUMMARY DASHBOARD
A2: ISO/IEC 27001:2022 — Control A.8.12: Data Leakage Prevention
A4: TABLE 1 — COMPLIANCE ASSESSMENT SUMMARY
A5: Assessment Area | B5: Total Items | C5: Compliant | D5: Partial | E5: Non-Compliant | F5: N/A | G5: Compliance %
A6: Logging Configuration | B6: =C6+D6+E6+F6 | C6: =COUNTIF('Logging Configuration'!C6:C55,"Yes") | D6: =COUNTIF('Logging Configuration'!C6:C55,"Partial")+COUNTIF('Logging Configuration'!C6:C55,"Planned") | E6: =COUNTIF('Logging Configuration'!C6:C55,"No") | F6: =COUNTIF('Logging Configuration'!C6:C55,"N/A") | G6: =IF((B6-F6)=0,0,C6/(B6-F6))
A7: Alert Rules Inventory | B7: =C7+D7+E7+F7 | C7: =COUNTIF('Alert Rules Inventory'!L6:L55,"Active") | D7: =COUNTIF('Alert Rules Inventory'!L6:L55,"Testing") | E7: =COUNTIF('Alert Rules Inventory'!L6:L55,"Disabled")+COUNTIF('Alert Rules Inventory'!L6:L55,"Deprecated") | F7: 0 | G7: =IF((B7-F7)=0,0,C7/(B7-F7))
A8: SIEM Integration | B8: =C8+D8+E8+F8 | C8: =COUNTIF('SIEM Integration'!C6:C55,"Yes") | D8: =COUNTIF('SIEM Integration'!C6:C55,"Partial")+COUNTIF('SIEM Integration'!C6:C55,"Planned") | E8: =COUNTIF('SIEM Integration'!C6:C55,"No") | F8: =COUNTIF('SIEM Integration'!C6:C55,"N/A") | G8: =IF((B8-F8)=0,0,C8/(B8-F8))
A9: False Positive Management | B9: =C9+D9+E9+F9 | C9: =COUNTIF('False Positive Management'!C6:C55,"Yes") | D9: =COUNTIF('False Positive Management'!C6:C55,"Partial")+COUNTIF('False Positive Management'!C6:C55,"Planned") | E9: =COUNTIF('False Positive Management'!C6:C55,"No") | F9: =COUNTIF('False Positive Management'!C6:C55,"N/A") | G9: =IF((B9-F9)=0,0,C9/(B9-F9))
A10: Incident Response Workflow | B10: =C10+D10+E10+F10 | C10: =COUNTIF('Incident Response Workflow'!C6:C55,"Yes") | D10: =COUNTIF('Incident Response Workflow'!C6:C55,"Partial")+COUNTIF('Incident Response Workflow'!C6:C55,"Planned") | E10: =COUNTIF('Incident Response Workflow'!C6:C55,"No") | F10: =COUNTIF('Incident Response Workflow'!C6:C55,"N/A") | G10: =IF((B10-F10)=0,0,C10/(B10-F10))
A11: SOC Integration | B11: =C11+D11+E11+F11 | C11: =COUNTIF('SOC Integration'!C6:C55,"Yes") | D11: =COUNTIF('SOC Integration'!C6:C55,"Partial")+COUNTIF('SOC Integration'!C6:C55,"Planned") | E11: =COUNTIF('SOC Integration'!C6:C55,"No") | F11: =COUNTIF('SOC Integration'!C6:C55,"N/A") | G11: =IF((B11-F11)=0,0,C11/(B11-F11))
A12: Dashboards & Reporting | B12: =C12+D12+E12+F12 | C12: =COUNTIF('Dashboards Reporting'!C6:C55,"Yes") | D12: =COUNTIF('Dashboards Reporting'!C6:C55,"Partial")+COUNTIF('Dashboards Reporting'!C6:C55,"Planned") | E12: =COUNTIF('Dashboards Reporting'!C6:C55,"No") | F12: =COUNTIF('Dashboards Reporting'!C6:C55,"N/A") | G12: =IF((B12-F12)=0,0,C12/(B12-F12))
A13: Gap Analysis | B13: =C13+D13+E13+F13 | C13: =COUNTIF('Gap Analysis'!I6:I55,"Complete") | D13: =COUNTIF('Gap Analysis'!I6:I55,"In Progress") | E13: =COUNTIF('Gap Analysis'!I6:I55,"Not Started")+COUNTIF('Gap Analysis'!I6:I55,"Blocked") | F13: 0 | G13: =IF((B13-F13)=0,0,C13/(B13-F13))
A14: TOTAL | B14: =SUM(B6:B13) | C14: =SUM(C6:C13) | D14: =SUM(D6:D13) | E14: =SUM(E6:E13) | F14: =SUM(F6:F13) | G14: =IF((B14-F14)=0,0,C14/(B14-F14))
A16: TABLE 2 — KEY METRICS
A17: Metric | B17: Value | C17: Notes
A18: Overall Compliance Score | B18: =G14 | C18: Compliant items / (Total - N/A items)
A19: Critical Gaps (Risk = High/Critical) | B19: =COUNTIF('Gap Analysis'!D6:D55,"High")+COUNTIF('Gap Analysis'!D6:D55,"Critical") | C19: Open high-risk monitoring/response gaps
A20: Logging Coverage (all channels) | B20: =IF((B6-F6)=0,0,C6/(B6-F6)) | C20: Logging Configuration compliance rate
A21: SIEM Integration Coverage | B21: =IF((B8-F8)=0,0,C8/(B8-F8)) | C21: SIEM Integration compliance rate
A22: Incident Response Readiness | B22: =IF((B10-F10)=0,0,C10/(B10-F10)) | C22: IR Workflow compliance rate
A23: Gaps Resolved | B23: =COUNTIF('Gap Analysis'!I6:I55,"Complete") | C23: Monitoring/response gaps fully closed
A26: TABLE 3 — KEY FINDINGS
A27: # | B27: Finding
A28: 1
A29: 2
A30: 3
A31: 4
A32: 5

Sheet Approval Sign-Off
A1: ASSESSMENT APPROVAL AND SIGN-OFF
A2: ISO/IEC 27001:2022 — Control A.8.12: Monitoring & Response Assessment
A3: ASSESSMENT SUMMARY
A4: Document: | B4: ISMS-IMP-A.8.12.4 - Monitoring & Response Assessment
A5: Assessment Period:
A6: Overall Compliance: | B6: =IFERROR(AVERAGE('Summary Dashboard'!G6:G13),"")
A7: Assessment Status:
A8: Assessed By:
A11: COMPLETED BY (ASSESSOR)
A12: Name:
A13: Title:
A14: Date:
A15: Signature:
A16: Comments:
A18: REVIEWED BY (ISO)
A19: Name:
A20: Title:
A21: Date:
... A38: Special Considerations:
