Workbook

Sheet Instructions & Legend
A1: ISMS-IMP-A.8.12.3 - Channel Coverage Assessment ISO/IEC 27001:2022 - Control A.8.12: Data Leakage Prevention
A3: Document Information
A4: Document ID | B4: ISMS-IMP-A.8.12.3
A5: Workbook Title | B5: Channel Coverage Assessment
A6: Control Reference | B6: ISO/IEC 27001:2022 - Control A.8.12: Data Leakage Prevention
A7: Version | B7: 1.0
A8: Assessment Date
A9: Completed By
A10: Organisation
A12: Instructions
A13: 1. Complete the Channel Overview sheet first for a high-level assessment of all data egress channels.
A14: 2. Complete each channel-specific sheet (Email, Web/Cloud, Endpoint, Network, Application, Mobile).
A15: 3. Fill ALL yellow-highlighted cells with your organisation's specific information.
A16: 4. Use dropdown menus where provided — do not type free-form text in dropdown cells.
A17: 5. Document DLP deployment status, coverage percentages, and policy actions per channel.
A18: 6. Review the Coverage Metrics sheet for weighted channel coverage calculations.
A19: 7. Identify gaps in the Gap Analysis sheet and create remediation plans with owners and target dates.
A20: 8. Maintain the Evidence Register with all supporting documentation for audit traceability.
... A24: Status Legend
A25: Symbol | B25: Status | C25: Description
A26: ✓ | B26: Compliant / Complete | C26: Requirement fully met
A27: ⚠ | B27: Partial / In Progress | C27: Partially met or in progress
A28: ✗ | B28: Non-Compliant / Not Started | C28: Requirement not met
A29: — | B29: Not Applicable | C29: Not applicable to this assessment

Sheet Channel Overview
A1: CHANNEL COVERAGE OVERVIEW
A2: Summary of DLP protection across all data egress channels
A3: Assessment Date: | D3: Completed By:
A5: Channel Name | B5: Priority Tier | C5: DLP Deployed? | D5: Coverage % | E5: Users Protected | F5: Total Users | G5: Policy Action | H5: Gap Status | I5: Evidence ID
A6: Email | B6: Tier 1 | C6: [Input] | D6: ='Email Channel'!B57 | E6: [Input] | F6: [Input] | G6: [Input] | H6: =IF(D6>=90,"✅ Compliant",IF(D6>=70,"⚠️ Partial","❌ Gap")) | I6: [Input]
A7: Web/Cloud | B7: Tier 1 | C7: [Input] | D7: ='Web Cloud Channel'!B57 | E7: [Input] | F7: [Input] | G7: [Input] | H7: =IF(D7>=90,"✅ Compliant",IF(D7>=70,"⚠️ Partial","❌ Gap")) | I7: [Input]
A8: Endpoint | B8: Tier 1 | C8: [Input] | D8: ='Endpoint Channel'!L57 | E8: [Input] | F8: [Input] | G8: [Input] | H8: =IF(D8>=90,"✅ Compliant",IF(D8>=70,"⚠️ Partial","❌ Gap")) | I8: [Input]
A9: Network | B9: Tier 3 | C9: [Input] | D9: ='Network Channel'!E57 | E9: [Input] | F9: [Input] | G9: [Input] | H9: =IF(D9>=75,"✅ Compliant",IF(D9>=60,"⚠️ Partial","❌ Gap")) | I9: [Input]
A10: Application | B10: Tier 2 | C10: [Input] | D10: ='Application Channel'!E57 | E10: [Input] | F10: [Input] | G10: [Input] | H10: =IF(D10>=80,"✅ Compliant",IF(D10>=65,"⚠️ Partial","❌ Gap")) | I10: [Input]
A11: Mobile | B11: Tier 2 | C11: [Input] | D11: ='Mobile Channel'!L57 | E11: [Input] | F11: [Input] | G11: [Input] | H11: =IF(D11>=90,"✅ Compliant",IF(D11>=70,"⚠️ Partial","❌ Gap")) | I11: [Input]

Sheet Email Channel
A1: EMAIL CHANNEL PROTECTION ASSESSMENT
A2: Evaluate DLP coverage for SMTP, M365, Gmail, Webmail
A3: Does your organisation have DLP protection for all email systems?
A5: Email System | B5: System Type | C5: DLP Solution | D5: Deployment Mode | E5: Content Inspection | F5: Attachment Scanning | G5: Encrypted Email Handling | H5: Policy Action | I5: External Email Protected | J5: Users Covered | K5: SIEM Integration | L5: Evidence ID
A6: Exchange Online | B6: M365 | C6: Microsoft Purview | D6: Cloud-Native | E6: Yes | F6: Yes | G6: Decrypt | H6: Block | I6: Yes | J6: 850 | K6: Yes | L6: A812-3-EMAIL-001
A57: Email Channel Coverage % | B57: =(COUNTIF(E7:E56,"Yes")/COUNTA(A7:A56))*100

Sheet Web Cloud Channel
A1: WEB/CLOUD CHANNEL PROTECTION ASSESSMENT
A2: Evaluate DLP coverage for web uploads, cloud storage, SaaS applications
A3: Does your organisation protect against data exfiltration via web and cloud services?
A5: Service/Application | B5: Service Type | C5: DLP Solution | D5: Protection Method | E5: SSL/TLS Inspection | F5: Upload Blocking | G5: Download Monitoring | H5: Policy Action | I5: Users Covered | J5: SIEM Integration | K5: Evidence ID
A6: OneDrive | B6: Cloud Storage | C6: Microsoft Purview | D6: Cloud-Native | E6: Yes | F6: Yes | G6: Yes | H6: Block | I6: 850 | J6: Yes | K6: A812-3-WEB-001
A57: Web/Cloud Channel Coverage % | B57: =(COUNTIF(E7:E56,"Yes")/COUNTA(A7:A56))*100

Sheet Endpoint Channel
A1: ENDPOINT CHANNEL PROTECTION ASSESSMENT
A2: Evaluate endpoint DLP agent coverage and controls
A3: Does your organisation have endpoint DLP agents protecting USB, print, and other local channels?
A5: Endpoint Type | B5: OS Version | C5: DLP Agent Installed | D5: USB Control | E5: Print Control | F5: Clipboard Control | G5: Screen Capture Control | H5: Bluetooth Control | I5: Application Control | J5: Devices Covered | K5: Total Devices | L5: Coverage % | M5: Evidence ID
A6: Windows Desktop | B6: Win 11 | C6: Yes | D6: Allow Approved | E6: Watermark | F6: Block | G6: Block | H6: Monitor | I6: Whitelist | J6: 850 | K6: 900 | L6: =J6/K6*100 | M6: A812-3-EPT-001
L7: =J7/K7*100
L8: =J8/K8*100
L9: =J9/K9*100
L10: =J10/K10*100
L11: =J11/K11*100
L12: =J12/K12*100
L13: =J13/K13*100
L14: =J14/K14*100
L15: =J15/K15*100
L16: =J16/K16*100
L17: =J17/K17*100
L18: =J18/K18*100
... L56: =J56/K56*100
A57: Endpoint Channel Coverage % | L57: =AVERAGE(L7:L56)

Sheet Network Channel
A1: NETWORK CHANNEL PROTECTION ASSESSMENT
A2: Evaluate network DLP coverage for SMB, FTP, NFS, SCP
A3: Does your organisation monitor/block file transfers via network protocols?
A5: Protocol | B5: Business Use Case | C5: DLP Solution | D5: Detection Method | E5: Content Inspection | F5: Policy Action | G5: Encryption Handling | H5: SIEM Integration | I5: Evidence ID
A6: SMB/CIFS | B6: Internal file shares | C6: Forcepoint DLP | D6: Inline | E6: Yes | F6: Alert | G6: Allow | H6: Yes | I6: A812-3-NET-001
A57: Network Channel Coverage % | E57: =(COUNTIF(E7:E56,"Yes")/COUNTA(A7:A56))*100

Sheet Application Channel
A1: APPLICATION CHANNEL PROTECTION ASSESSMENT
A2: Evaluate DLP controls in databases, APIs, reporting tools, CRM, ERP
A3: Does your organisation have DLP controls for application-level data exports?
A5: Application Name | B5: Application Type | C5: Data Export Capability | D5: DLP Control Method | E5: Bulk Export Detection | F5: Export Policy Action | G5: Audit Logging | H5: SIEM Integration | I5: Evidence ID
A6: Oracle DB | B6: Database | C6: Yes | D6: DAM (Imperva) | E6: Yes | F6: Alert | G6: Yes | H6: Yes | I6: A812-3-APP-001
A57: Application Channel Coverage % | E57: =(COUNTIF(E7:E56,"Yes")/COUNTA(A7:A56))*100

Sheet Mobile Channel
A1: MOBILE CHANNEL PROTECTION ASSESSMENT
A2: Evaluate MDM/MAM DLP controls for corporate and BYOD devices
A3: Does your organisation have DLP controls for mobile devices with corporate data access?
A5: Device Ownership | B5: Mobile Platform | C5: MDM/MAM Solution | D5: Work Profile Enabled | E5: Copy-Paste Control | F5: Screenshot Control | G5: Camera Access Control | H5: Personal Cloud Block | I5: AirDrop/NFC Control | J5: Devices Enrolled | K5: Total Mobile Devices | L5: Coverage % | M5: Evidence ID
A6: Corporate | B6: iOS | C6: Microsoft Intune | D6: Yes | E6: Block | F6: Block | G6: Block | H6: Yes | I6: Block | J6: 200 | K6: 200 | L6: =J6/K6*100 | M6: A812-3-MOB-001
L7: =J7/K7*100
L8: =J8/K8*100
L9: =J9/K9*100
L10: =J10/K10*100
L11: =J11/K11*100
L12: =J12/K12*100
L13: =J13/K13*100
L14: =J14/K14*100
L15: =J15/K15*100
L16: =J16/K16*100
L17: =J17/K17*100
L18: =J18/K18*100
... L56: =J56/K56*100
A57: Mobile Channel Coverage % | L57: =AVERAGE(L7:L56)

Sheet Coverage Metrics
A1: CHANNEL COVERAGE METRICS
A2: Weighted coverage analysis across all channels
A4: SECTION 1: CHANNEL COVERAGE SUMMARY
A5: Channel | B5: Target % | C5: Actual % | D5: Gap | E5: Status
A6: Email | B6: 95% | C6: ='Email Channel'!B57 | D6: =B6-C6 | E6: =IF(C6>=B6,"✅ Compliant","❌ Gap")
A7: Web/Cloud | B7: 90% | C7: ='Web Cloud Channel'!B57 | D7: =B7-C7 | E7: =IF(C7>=B7,"✅ Compliant","❌ Gap")
A8: Endpoint | B8: 95% | C8: ='Endpoint Channel'!L57 | D8: =B8-C8 | E8: =IF(C8>=B8,"✅ Compliant","❌ Gap")
A9: Network | B9: 75% | C9: ='Network Channel'!E57 | D9: =B9-C9 | E9: =IF(C9>=B9,"✅ Compliant","❌ Gap")
A10: Application | B10: 80% | C10: ='Application Channel'!E57 | D10: =B10-C10 | E10: =IF(C10>=B10,"✅ Compliant","❌ Gap")
A11: Mobile | B11: 90% | C11: ='Mobile Channel'!L57 | D11: =B11-C11 | E11: =IF(C11>=B11,"✅ Compliant","❌ Gap")
A13: SECTION 2: WEIGHTED AVERAGE COVERAGE
A14: Metric | B14: Formula | C14: Target
A15: Overall Channel Coverage % | B15: =AVERAGE(C6:C11) | C15: ≥85%
A16: Tier 1 Channels Avg (Critical) | B16: =AVERAGE(C6:C8) | C16: ≥90%
A17: Tier 2 Channels Avg (High) | B17: =AVERAGE(C10:C11) | C17: ≥80%
A18: Tier 3-4 Channels Avg (Med-Low) | B18: =C9 | C18: ≥70%

Sheet Gap Analysis
A1: CHANNEL PROTECTION GAP ANALYSIS
A2: Document all unprotected channels and remediation plans
A3: Identify and prioritize gaps in channel protection coverage
A5: Gap ID | B5: Channel | C5: Gap Description | D5: Risk Level | E5: Exfiltration Risk | F5: Current Coverage % | G5: Target Coverage % | H5: Remediation Plan | I5: Owner | J5: Target Date | K5: Status | L5: Evidence ID
A6: GAP-A812-3-001 | B6: Endpoint | C6: Linux endpoints not protected by DLP agent | D6: High | E6: High | F6: 0 | G6: 80 | H6: Deploy endpoint DLP with Linux support or implement compensating controls | I6: IT Security Lead | J6: 2025-06-30 | K6: Not Started | L6: A812-3-GAP-001

Sheet Evidence Register
A1: EVIDENCE REGISTER
A2: List all evidence files/documents referenced in this assessment (audit traceability).
A4: Evidence ID | B4: Assessment Area | C4: Evidence Type | D4: Description | E4: Location/Path | F4: Date Collected | G4: Collected By | H4: Verification Status
A5: EV-001 | B5: Email Channel Assessment | C5: Configuration file | D5: Email DLP policy configuration — Microsoft 365 DLP rules export | E5: \\fileserver\isms\evidence\dlp\email-dlp-rules.pdf | F5: 22.02.2026 | G5: IT Security Team | H5: Verified

Sheet Summary Dashboard
A1: CHANNEL COVERAGE ASSESSMENT — SUMMARY DASHBOARD
A2: ISO/IEC 27001:2022 — Control A.8.12: Data Leakage Prevention
A4: TABLE 1 – COMPLIANCE ASSESSMENT SUMMARY
A5: Assessment Area | B5: Total Items | C5: Compliant | D5: Partial | E5: Non-Compliant | F5: N/A | G5: Compliance %
A6: Email Channel | B6: =C6+D6+E6+F6 | C6: =COUNTIF('Email Channel'!E7:E56,"Yes") | D6: =COUNTIF('Email Channel'!E7:E56,"Partial") | E6: =COUNTIF('Email Channel'!E7:E56,"No") | F6: =COUNTIF('Email Channel'!E7:E56,"N/A") | G6: =IF((B6-F6)=0,0,C6/(B6-F6))
A7: Web / Cloud Channel | B7: =C7+D7+E7+F7 | C7: =COUNTIF('Web Cloud Channel'!E7:E56,"Yes") | D7: =COUNTIF('Web Cloud Channel'!E7:E56,"Partial") | E7: =COUNTIF('Web Cloud Channel'!E7:E56,"No") | F7: =COUNTIF('Web Cloud Channel'!E7:E56,"N/A") | G7: =IF((B7-F7)=0,0,C7/(B7-F7))
A8: Endpoint Channel | B8: =C8+D8+E8+F8 | C8: =COUNTIF('Endpoint Channel'!C7:C56,"Yes") | D8: =COUNTIF('Endpoint Channel'!C7:C56,"Partial") | E8: =COUNTIF('Endpoint Channel'!C7:C56,"No") | F8: =COUNTIF('Endpoint Channel'!C7:C56,"N/A") | G8: =IF((B8-F8)=0,0,C8/(B8-F8))
A9: Network Channel | B9: =C9+D9+E9+F9 | C9: =COUNTIF('Network Channel'!E7:E56,"Yes") | D9: =COUNTIF('Network Channel'!E7:E56,"Partial") | E9: =COUNTIF('Network Channel'!E7:E56,"No") | F9: =COUNTIF('Network Channel'!E7:E56,"N/A") | G9: =IF((B9-F9)=0,0,C9/(B9-F9))
A10: Application Channel | B10: =C10+D10+E10+F10 | C10: =COUNTIF('Application Channel'!E7:E56,"Yes") | D10: =COUNTIF('Application Channel'!E7:E56,"Partial") | E10: =COUNTIF('Application Channel'!E7:E56,"No") | F10: =COUNTIF('Application Channel'!E7:E56,"N/A") | G10: =IF((B10-F10)=0,0,C10/(B10-F10))
A11: Mobile Channel | B11: =C11+D11+E11+F11 | C11: =COUNTIF('Mobile Channel'!D7:D56,"Yes") | D11: =COUNTIF('Mobile Channel'!D7:D56,"Partial") | E11: =COUNTIF('Mobile Channel'!D7:D56,"No") | F11: =COUNTIF('Mobile Channel'!D7:D56,"N/A") | G11: =IF((B11-F11)=0,0,C11/(B11-F11))
A12: Gap Analysis | B12: =C12+D12+E12+F12 | C12: =COUNTIF('Gap Analysis'!K7:K56,"Complete") | D12: =COUNTIF('Gap Analysis'!K7:K56,"In Progress") | E12: =COUNTIF('Gap Analysis'!K7:K56,"Not Started")+COUNTIF('Gap Analysis'!K7:K56,"Blocked") | F12: =0 | G12: =IF((B12-F12)=0,0,C12/(B12-F12))
A13: TOTAL | B13: =SUM(B6:B12) | C13: =SUM(C6:C12) | D13: =SUM(D6:D12) | E13: =SUM(E6:E12) | F13: =SUM(F6:F12) | G13: =IF((B13-F13)=0,0,C13/(B13-F13))
A15: TABLE 2 – KEY METRICS
A16: Metric | B16: Value | C16: Target
A17: Email Channel Coverage % | B17: ='Email Channel'!B57 | C17: ≥95%
A18: Web / Cloud Channel Coverage % | B18: ='Web Cloud Channel'!B57 | C18: ≥90%
A19: Endpoint Channel Coverage % | B19: ='Endpoint Channel'!L57 | C19: ≥95%
A20: Network Channel Coverage % | B20: ='Network Channel'!E57 | C20: ≥75%
A21: Mobile Channel Coverage % | B21: ='Mobile Channel'!L57 | C21: ≥90%
A22: Open Critical/High Gaps | B22: =COUNTIFS('Gap Analysis'!D7:D56,"Critical",'Gap Analysis'!K7:K56,"Not Started")+COUNTIFS('Gap Analysis'!D7:D56,"High",'Gap Analysis'!K7:K56,"Not Started") | C22: 0
A24: TABLE 3 – KEY FINDINGS & RECOMMENDATIONS
A25: # | B25: Finding | C25: Impact | D25: Recommendation | E25: Priority | F25: Status
A26: 1
A27: 2
A28: 3
A29: 4
A30: 5

Sheet Approval Sign-Off
A1: ASSESSMENT APPROVAL AND SIGN-OFF
A2: ISO/IEC 27001:2022 — Control A.8.12: Channel Coverage Assessment
A3: ASSESSMENT SUMMARY
A4: Document: | B4: ISMS-IMP-A.8.12.3 - Channel Coverage Assessment
A5: Assessment Period:
A6: Overall Compliance: | B6: =IFERROR(AVERAGE('Summary Dashboard'!G6:G12),"")
A7: Assessment Status:
A8: Assessed By:
A11: COMPLETED BY (ASSESSOR)
A12: Name:
A13: Title:
A14: Date:
A15: Signature:
A16: Comments:
A18: REVIEWED BY (ISO)
A19: Name:
A20: Title:
A21: Date:
... A38: Special Considerations:
