Workbook

Sheet Instructions & Legend
A1: ISMS-IMP-A.8.12.1 - DLP Infrastructure Assessment ISO/IEC 27001:2022 - Control A.8.12: Data Leakage Prevention
A3: Document Information
A4: Document ID | B4: ISMS-IMP-A.8.12.1
A5: Workbook Title | B5: DLP Infrastructure Assessment
A6: Control Reference | B6: ISO/IEC 27001:2022 - Control A.8.12: Data Leakage Prevention
A7: Version | B7: 1.0
A8: Assessment Date
A9: Completed By
A10: Organisation
A12: Instructions
A13: 1. Complete each worksheet tab in sequence.
A14: 2. Fill all yellow-highlighted cells with your organisation's information.
A15: 3. Use dropdown menus where provided.
A16: 4. Document all DLP technologies across network, endpoint, cloud, email, web, and database layers.
A17: 5. Provide evidence references for all assessments.
A18: 6. Review Summary Dashboard for overall compliance score.
A19: 7. Identify gaps in Gap Analysis sheet and create remediation plans.
A20: 8. Maintain the Evidence Register for audit traceability.
... A23: Status Legend
A24: Symbol | B24: Status | C24: Description
A25: ✓ | B25: Compliant / Complete | C25: Requirement fully met
A26: ⚠ | B26: Partial / In Progress | C26: Partially met or in progress
A27: ✗ | B27: Non-Compliant / Not Started | C27: Requirement not met
A28: — | B28: Not Applicable | C28: Not applicable to this assessment

Sheet DLP Technology Inventory
A1: DLP TECHNOLOGY INVENTORY - ALL DLP SOLUTIONS
A2: Document ALL DLP technologies deployed (network, endpoint, cloud, email, web, database)
A4: Technology ID | B4: Technology Name | C4: Deployment Type | D4: Vendor | E4: Version | F4: Deployment Architecture | G4: Deployment Status | H4: License Type | I4: License Expiry | J4: Support Contract | K4: EOL Date | L4: Primary Use Case | M4: Integration Status | N4: SIEM Integration | O4: SOC Integration | P4: Evidence ID
A5: DLP-001 | B5: Forcepoint DLP | C5: Network | D5: Forcepoint | E5: 8.9 | F5: Inline | G5: Production | H5: Subscription | I5: 2025-12-31 | J5: Active | K5: 2027-06-30 | L5: Network traffic inspection | M5: Integrated | N5: Yes | O5: Yes | P5: A812-1-INF-001

Sheet Network DLP
A1: NETWORK DLP ASSESSMENT
A2: Assess network-based DLP appliances (inline, TAP, SPAN configurations)
A4: Appliance Name | B4: Deployment Mode | C4: Network Segments Covered | D4: Protocols Inspected | E4: SSL/TLS Inspection | F4: Throughput Capacity | G4: Current Utilization % | H4: Content Inspection | I4: Pattern Matching (Regex) | J4: Fingerprinting | K4: Machine Learning/AI | L4: Blocking Capability | M4: High Availability | N4: Evidence ID
A5: Forcepoint DLP Gateway | B5: Inline | C5: DMZ, Internal | D5: HTTP, HTTPS, SMTP, FTP | E5: Yes | F5: 10 Gbps | G5: 45 | H5: Yes | I5: Yes | J5: Yes | K5: Partial | L5: Yes | M5: Yes | N5: A812-1-NET-001

Sheet Endpoint DLP
A1: ENDPOINT DLP ASSESSMENT
A2: Assess endpoint DLP agent deployment across Windows, macOS, Linux, VDI
A4: Operating System | B4: OS Version | C4: Agent Name | D4: Agent Version | E4: Deployment Method | F4: Total Endpoints | G4: Agents Deployed | H4: Deployment Coverage % | I4: USB Blocking | J4: Clipboard Monitoring | K4: Print Blocking | L4: Screen Capture Detection | M4: Bluetooth Blocking | N4: Cloud Sync App Monitoring | O4: Evidence ID
A5: Windows | B5: 10/11 Enterprise | C5: Forcepoint Endpoint | D5: 8.9 | E5: GPO | F5: 2000 | G5: 1950 | H5: =IF(F5=0,0,G5/F5*100) | I5: Yes | J5: Yes | K5: Yes | L5: Yes | M5: Yes | N5: Yes | O5: A812-1-EPT-001
H6: =IF(F6=0,0,G6/F6*100)
H7: =IF(F7=0,0,G7/F7*100)
H8: =IF(F8=0,0,G8/F8*100)
H9: =IF(F9=0,0,G9/F9*100)
H10: =IF(F10=0,0,G10/F10*100)
H11: =IF(F11=0,0,G11/F11*100)
H12: =IF(F12=0,0,G12/F12*100)
H13: =IF(F13=0,0,G13/F13*100)
H14: =IF(F14=0,0,G14/F14*100)
H15: =IF(F15=0,0,G15/F15*100)
H16: =IF(F16=0,0,G16/F16*100)
H17: =IF(F17=0,0,G17/F17*100)
... H55: =IF(F55=0,0,G55/F55*100)

Sheet Email DLP
A1: EMAIL DLP ASSESSMENT
A2: Assess email gateway DLP solutions (Exchange, M365, Gmail)
A4: Email System | B4: DLP Solution | C4: Deployment Type | D4: SMTP Gateway Protection | E4: Webmail Protection | F4: Attachment Scanning | G4: Encrypted Email Handling | H4: Internal Email Monitoring | I4: External Email Monitoring | J4: Quarantine Capability | K4: Auto-Encryption | L4: Evidence ID
A5: Microsoft 365 | B5: Microsoft Purview DLP | C5: Cloud | D5: Yes | E5: Yes | F5: Yes | G5: Partial | H5: Yes | I5: Yes | J5: Yes | K5: Yes | L5: A812-1-EML-001

Sheet Cloud CASB DLP
A1: CLOUD / CASB DLP ASSESSMENT
A2: Assess Cloud Access Security Broker and cloud-native DLP
A4: Cloud Service | B4: CASB Solution | C4: Integration Type | D4: Upload Monitoring | E4: Download Monitoring | F4: Sharing Controls | G4: Content Inspection | H4: Real-Time Blocking | I4: Shadow IT Discovery | J4: Evidence ID
A5: Microsoft OneDrive | B5: Netskope | C5: API | D5: Yes | E5: Yes | F5: Yes | G5: Yes | H5: Yes | I5: Yes | J5: A812-1-CLD-001

Sheet Web DLP
A1: WEB PROXY DLP ASSESSMENT
A2: Assess web proxy DLP configurations (forward/reverse proxy, SSL inspection)
A4: Proxy Solution | B4: Proxy Type | C4: SSL Inspection | D4: HTTP/HTTPS Coverage | E4: Upload Monitoring | F4: Download Monitoring | G4: Cloud Storage Detection | H4: Webmail Monitoring | I4: URL Filtering Integration | J4: Evidence ID
A5: Zscaler | B5: Cloud | C5: Yes | D5: Yes | E5: Yes | F5: Yes | G5: Yes | H5: Yes | I5: Yes | J5: A812-1-WEB-001

Sheet Database DAM
A1: DATABASE ACTIVITY MONITORING (DAM)
A2: Assess Database Activity Monitoring for DLP use cases
A4: Database System | B4: DAM Solution | C4: Monitoring Scope | D4: SELECT Query Monitoring | E4: Bulk Export Detection | F4: Privileged User Monitoring | G4: DLP Policy Integration | H4: Alert Triggering | I4: Evidence ID
A5: Oracle xxx | B5: Imperva DAM | C5: Production | D5: Yes | E5: Yes | F5: Yes | G5: Yes | H5: Yes | I5: A812-1-DAM-001

Sheet Gap Analysis
A1: GAP ANALYSIS - IDENTIFIED DEFICIENCIES
A2: Document all infrastructure gaps and remediation plans
A4: Gap ID | B4: Gap Description | C4: Affected Technology | D4: Risk Level | E4: Business Impact | F4: Root Cause | G4: Remediation Plan | H4: Owner | I4: Target Date | J4: Status | K4: Evidence ID
A5: GAP-A812-1-001 | B5: Endpoint DLP not deployed to Linux servers | C5: Endpoint DLP | D5: High | E5: Unmonitored data exfiltration from Linux systems | F5: Budget constraints, vendor compatibility | G5: Deploy compatible endpoint agent or implement compensating controls | H5: [Owner] | I5: [Date] | J5: Open | K5: A812-1-GAP-001

Sheet Evidence Register
A1: EVIDENCE REGISTER
A2: List all evidence files/documents referenced in this assessment (audit traceability).
A4: Evidence ID | B4: Assessment Area | C4: Evidence Type | D4: Description | E4: Location/Path | F4: Date Collected | G4: Collected By | H4: Verification Status
A5: EV-001 | B5: DLP Technology Inventory | C5: Configuration file | D5: DLP policy rule set configuration export | E5: \\fileserver\isms\evidence\dlp\policy-rules.pdf | F5: 22.02.2026 | G5: IT Security Team | H5: Verified

Sheet Summary Dashboard
A1: DLP INFRASTRUCTURE ASSESSMENT — SUMMARY DASHBOARD
A2: ISO/IEC 27001:2022 — Control A.8.12: Data Leakage Prevention
A4: TABLE 1 – COMPLIANCE ASSESSMENT SUMMARY
A5: Assessment Area | B5: Total Items | C5: Compliant | D5: Partial | E5: Non-Compliant | F5: N/A | G5: Compliance %
A6: DLP Technology Inventory | B6: =C6+D6+E6+F6 | C6: =COUNTIF('DLP Technology Inventory'!M6:M55,"Integrated") | D6: =COUNTIF('DLP Technology Inventory'!M6:M55,"Partial") | E6: =COUNTIF('DLP Technology Inventory'!M6:M55,"Standalone") | F6: =0 | G6: =IF((B6-F6)=0,0,C6/(B6-F6))
A7: Network DLP Assessment | B7: =C7+D7+E7+F7 | C7: =COUNTIF('Network DLP'!H6:H55,"Yes") | D7: =COUNTIF('Network DLP'!H6:H55,"Partial") | E7: =COUNTIF('Network DLP'!H6:H55,"No") | F7: =COUNTIF('Network DLP'!H6:H55,"N/A") | G7: =IF((B7-F7)=0,0,C7/(B7-F7))
A8: Endpoint DLP Assessment | B8: =C8+D8+E8+F8 | C8: =COUNTIF('Endpoint DLP'!I6:I55,"Yes") | D8: =COUNTIF('Endpoint DLP'!I6:I55,"Partial") | E8: =COUNTIF('Endpoint DLP'!I6:I55,"No") | F8: =COUNTIF('Endpoint DLP'!I6:I55,"N/A") | G8: =IF((B8-F8)=0,0,C8/(B8-F8))
A9: Email DLP Assessment | B9: =C9+D9+E9+F9 | C9: =COUNTIF('Email DLP'!D6:D55,"Yes") | D9: =COUNTIF('Email DLP'!D6:D55,"Partial") | E9: =COUNTIF('Email DLP'!D6:D55,"No") | F9: =COUNTIF('Email DLP'!D6:D55,"N/A") | G9: =IF((B9-F9)=0,0,C9/(B9-F9))
A10: Cloud / CASB DLP Assessment | B10: =C10+D10+E10+F10 | C10: =COUNTIF('Cloud CASB DLP'!G6:G55,"Yes") | D10: =COUNTIF('Cloud CASB DLP'!G6:G55,"Partial") | E10: =COUNTIF('Cloud CASB DLP'!G6:G55,"No") | F10: =COUNTIF('Cloud CASB DLP'!G6:G55,"N/A") | G10: =IF((B10-F10)=0,0,C10/(B10-F10))
A11: Web DLP Assessment | B11: =C11+D11+E11+F11 | C11: =COUNTIF('Web DLP'!C6:C55,"Yes") | D11: =COUNTIF('Web DLP'!C6:C55,"Partial") | E11: =COUNTIF('Web DLP'!C6:C55,"No") | F11: =COUNTIF('Web DLP'!C6:C55,"N/A") | G11: =IF((B11-F11)=0,0,C11/(B11-F11))
A12: Database Activity Monitoring | B12: =C12+D12+E12+F12 | C12: =COUNTIF('Database DAM'!D6:D55,"Yes") | D12: =COUNTIF('Database DAM'!D6:D55,"Partial") | E12: =COUNTIF('Database DAM'!D6:D55,"No") | F12: =COUNTIF('Database DAM'!D6:D55,"N/A") | G12: =IF((B12-F12)=0,0,C12/(B12-F12))
A13: Gap Analysis | B13: =C13+D13+E13+F13 | C13: =COUNTIF('Gap Analysis'!J6:J55,"Resolved")+COUNTIF('Gap Analysis'!J6:J55,"Closed")+COUNTIF('Gap Analysis'!J6:J55,"Accepted") | D13: =COUNTIF('Gap Analysis'!J6:J55,"In Progress") | E13: =COUNTIF('Gap Analysis'!J6:J55,"Open") | F13: =0 | G13: =IF((B13-F13)=0,0,C13/(B13-F13))
A14: TOTAL | B14: =SUM(B6:B13) | C14: =SUM(C6:C13) | D14: =SUM(D6:D13) | E14: =SUM(E6:E13) | F14: =SUM(F6:F13) | G14: =IF((B14-F14)=0,0,C14/(B14-F14))
A16: TABLE 2 – KEY METRICS
A17: Metric | B17: Value | C17: Target
A18: DLP Technologies in Production | B18: =COUNTIF('DLP Technology Inventory'!G6:G55,"Production") | C18: ≥4
A19: SIEM Integration Rate | B19: =IF(COUNTA('DLP Technology Inventory'!B6:B55)=0,0,COUNTIF('DLP Technology Inventory'!N6:N55,"Yes")/COUNTA('DLP Technology Inventory'!B6:B55)) | C19: ≥90%
A20: Endpoint DLP Coverage (avg %) | B20: =IFERROR(AVERAGE('Endpoint DLP'!H6:H55),0) | C20: ≥95%
A21: Open Critical/High Gaps | B21: =COUNTIFS('Gap Analysis'!D6:D55,"Critical",'Gap Analysis'!J6:J55,"Open")+COUNTIFS('Gap Analysis'!D6:D55,"High",'Gap Analysis'!J6:J55,"Open") | C21: 0
A22: Gap Remediation Rate | B22: =IF(COUNTA('Gap Analysis'!A6:A55)=0,0,(COUNTIF('Gap Analysis'!J6:J55,"Resolved")+COUNTIF('Gap Analysis'!J6:J55,"Closed"))/COUNTA('Gap Analysis'!A6:A55)) | C22: ≥80%
A23: Evidence Items Verified | B23: =COUNTIF('Evidence Register'!H5:H104,"Verified") | C23: ≥80%
A25: TABLE 3 – KEY FINDINGS & RECOMMENDATIONS
A26: # | B26: Finding | C26: Impact | D26: Recommendation | E26: Priority | F26: Status
A27: 1
A28: 2
A29: 3
A30: 4
A31: 5

Sheet Approval Sign-Off
A1: ASSESSMENT APPROVAL AND SIGN-OFF
A2: ISO/IEC 27001:2022 — Control A.8.12: DLP Infrastructure Assessment
A3: ASSESSMENT SUMMARY
A4: Document: | B4: ISMS-IMP-A.8.12.1 - DLP Infrastructure
A5: Assessment Period:
A6: Overall Compliance: | B6: ='Summary Dashboard'!G14
A7: Assessment Status:
A8: Assessed By:
A11: COMPLETED BY (ASSESSOR)
A12: Name:
A13: Title:
A14: Date:
A15: Signature:
A16: Comments:
A18: REVIEWED BY (INFORMATION SECURITY OFFICER)
A19: Name:
A20: Title:
A21: Date:
... A38: Special Considerations:
