Workbook

Sheet Instructions & Legend
A1: ISMS-IMP-A.8.12.2 - Data Classification Assessment ISO/IEC 27001:2022 - Control A.8.12: Data Leakage Prevention
A3: Document Information
A4: Document ID | B4: ISMS-IMP-A.8.12.2
A5: Workbook Title | B5: Data Classification Assessment
A6: Control Reference | B6: ISO/IEC 27001:2022 - Control A.8.12: Data Leakage Prevention
A7: Version | B7: 1.0
A8: Assessment Date
A9: Completed By
A10: Organisation
A12: Instructions
A13: 1. Complete each worksheet tab in sequence.
A14: 2. Fill all yellow-highlighted cells with your organisation's information.
A15: 3. Use dropdown menus where provided.
A16: 4. Document your data classification schema (minimum 4 levels).
A17: 5. Inventory all sensitive data categories.
A18: 6. Map data to storage locations and assign data owners.
A19: 7. Map data categories to regulatory requirements.
A20: 8. Maintain the Evidence Register for audit traceability.
... A23: Status Legend
A24: Symbol | B24: Status | C24: Description
A25: ✓ | B25: Compliant / Complete | C25: Requirement fully met
A26: ⚠ | B26: Partial / In Progress | C26: Partially met or in progress
A27: ✗ | B27: Non-Compliant / Not Started | C27: Requirement not met
A28: — | B28: Not Applicable | C28: Not applicable to this assessment

Sheet Classification Schema
A1: DATA CLASSIFICATION SCHEMA
A2: Document your organisational data classification levels and handling requirements
A4: Classification Level | B4: Definition | C4: Examples | D4: Handling Requirements | E4: Access Controls | F4: Encryption Required | G4: DLP Monitoring | H4: Retention Period | I4: Disposal Method | J4: Evidence ID
A5: Public | B5: [Define what Public means for your organisation] | C5: [Examples: Press releases, marketing materials, public website] | D5: [Handling: Can be shared externally] | E5: [Access: No restrictions]

Sheet Sensitive Data Inventory
A1: SENSITIVE DATA INVENTORY
A2: Inventory ALL sensitive data categories requiring DLP protection
A4: Data Category | B4: Data Type | C4: Classification Level | D4: Regulatory Requirement | E4: Data Examples | F4: Business Owner | G4: Data Steward | H4: Estimated Volume | I4: Discovery Status | J4: DLP Protection | K4: Evidence ID
A5: Personal Names | B5: PII | C5: Confidential | D5: FADP/GDPR | E5: First name, last name, full name | F5: [Owner] | G5: [Steward] | H5: [Volume] | I5: Discovered | J5: Yes | K5: A812-2-INV-001

Sheet Data Location Mapping
A1: DATA LOCATION MAPPING
A2: Map sensitive data categories to storage locations (file servers, databases, cloud, endpoints)
A4: Data Category | B4: Storage Location Type | C4: Specific Location | D4: Path/Schema | E4: Estimated Records/Files | F4: Last Discovery Scan | G4: DLP Coverage | H4: Encryption at Rest | I4: Access Controls | J4: Data Owner Notified | K4: Evidence ID
A5: Credit Card Numbers | B5: Database | C5: SQL-PROD-01 | D5: dbo.Payments.CCNumber | E5: 250000 | F5: 2024-12-10 | G5: Yes | H5: Yes | I5: Yes | J5: Yes | K5: A812-2-LOC-001

Sheet Data Owner Assignment
A1: DATA OWNER ASSIGNMENT
A2: Assign data owners and stewards for each data category - accountability is key!
A4: Data Category | B4: Business Owner Name | C4: Business Owner Department | D4: Business Owner Email | E4: Data Steward Name | F4: Data Steward Department | G4: Data Steward Email | H4: Ownership Documented | I4: Owner Training Complete | J4: Last Review Date | K4: Evidence ID
A5: Customer PII | B5: Jane Smith | C5: Sales | D5: jane.smith@example.ch | E5: John Security | F5: IT Security | G5: john.sec@example.ch | H5: Yes | I5: Yes | J5: 2024-12-01 | K5: A812-2-OWN-001

Sheet Regulatory Mapping
A1: REGULATORY COMPLIANCE MAPPING
A2: Map data categories to regulatory requirements (FADP, GDPR, PCI-DSS, etc.)
A4: Data Category | B4: Regulation | C4: Specific Article/Section | D4: Requirement Summary | E4: Compliance Status | F4: DLP Controls Required | G4: Breach Notification Required | H4: Data Subject Rights | I4: Evidence ID
A5: Personal Names | B5: FADP | C5: Article 4(1) | D5: Defined as personal data, requires appropriate protection measures | E5: Compliant | F5: Yes | G5: Yes | H5: Access, deletion, portability | I5: A812-2-REG-001

Sheet Labelling Methods
A1: DATA LABELING METHODS
A2: Assess data labeling and classification marking methods across systems
A4: System/Application | B4: Labeling Method | C4: Classification Tool | D4: Supported Labels | E4: User Training Provided | F4: Enforcement Capability | G4: DLP Integration | H4: Adoption Rate % | I4: Evidence ID
A5: Microsoft 365 | B5: Automated | C5: Microsoft Purview (AIP) | D5: Public, Internal, Confidential, Restricted | E5: Yes | F5: Yes | G5: Yes | H5: 85 | I5: A812-2-LBL-001

Sheet Discovery Results
A1: DATA DISCOVERY RESULTS
A2: Document data discovery and scanning results (Spirion, BigID, manual audits)
A4: Discovery Tool | B4: Scan Target | C4: Scan Date | D4: Data Categories Found | E4: Total Findings | F4: Critical Findings | G4: False Positive Rate % | H4: Remediation Status | I4: Data Owner Notified | J4: Evidence ID
A5: Spirion | B5: FS-HR-01 | C5: 2024-12-15 | D5: PII, SSN, AHV | E5: 5243 | F5: 1200 | G5: 15 | H5: In Progress | I5: Yes | J5: A812-2-DSC-001

Sheet Gap Analysis
A1: GAP ANALYSIS - IDENTIFIED DEFICIENCIES
A2: Document all data classification gaps and remediation plans
A4: Gap ID | B4: Gap Description | C4: Affected Data Category | D4: Risk Level | E4: Business Impact | F4: Root Cause | G4: Remediation Plan | H4: Owner | I4: Target Date | J4: Status | K4: Evidence ID
A5: GAP-A812-2-001 | B5: No data classification schema documented | C5: All data | D5: Critical | E5: Uncontrolled data handling, no DLP baseline | F5: Schema never formally defined | G5: Create and approve 4-tier classification schema | H5: [Owner] | I5: [Date] | J5: Open | K5: A812-2-GAP-001

Sheet Evidence Register
A1: EVIDENCE REGISTER
A2: List all evidence files/documents referenced in this assessment (audit traceability).
A4: Evidence ID | B4: Assessment Area | C4: Evidence Type | D4: Description | E4: Location/Path | F4: Date Collected | G4: Collected By | H4: Verification Status
A5: EV-001 | B5: Classification Schema | C5: Configuration file | D5: Data classification policy configuration export | E5: \\fileserver\isms\evidence\dlp\classification-policy.pdf | F5: 22.02.2026 | G5: IT Security Team | H5: Verified

Sheet Summary Dashboard
A1: DATA CLASSIFICATION ASSESSMENT — SUMMARY DASHBOARD
A2: ISO/IEC 27001:2022 — Control A.8.12: Data Leakage Prevention
A4: TABLE 1 – COMPLIANCE ASSESSMENT SUMMARY
A5: Assessment Area | B5: Total Items | C5: Compliant | D5: Partial | E5: Non-Compliant | F5: N/A | G5: Compliance %
A6: Classification Schema | B6: =C6+D6+E6+F6 | C6: =COUNTIF('Classification Schema'!G6:G55,"Yes") | D6: =COUNTIF('Classification Schema'!G6:G55,"Partial")+COUNTIF('Classification Schema'!G6:G55,"Planned") | E6: =COUNTIF('Classification Schema'!G6:G55,"No") | F6: =COUNTIF('Classification Schema'!G6:G55,"N/A") | G6: =IF((B6-F6)=0,0,C6/(B6-F6))
A7: Sensitive Data Inventory | B7: =C7+D7+E7+F7 | C7: =COUNTIF('Sensitive Data Inventory'!J6:J55,"Yes") | D7: =COUNTIF('Sensitive Data Inventory'!J6:J55,"Partial") | E7: =COUNTIF('Sensitive Data Inventory'!J6:J55,"No") | F7: =COUNTIF('Sensitive Data Inventory'!J6:J55,"N/A") | G7: =IF((B7-F7)=0,0,C7/(B7-F7))
A8: Data Location Mapping | B8: =C8+D8+E8+F8 | C8: =COUNTIF('Data Location Mapping'!G6:G55,"Yes") | D8: =COUNTIF('Data Location Mapping'!G6:G55,"Partial") | E8: =COUNTIF('Data Location Mapping'!G6:G55,"No") | F8: =COUNTIF('Data Location Mapping'!G6:G55,"N/A") | G8: =IF((B8-F8)=0,0,C8/(B8-F8))
A9: Data Owner Assignment | B9: =C9+D9+E9+F9 | C9: =COUNTIF('Data Owner Assignment'!H6:H55,"Yes") | D9: =COUNTIF('Data Owner Assignment'!H6:H55,"Pending") | E9: =COUNTIF('Data Owner Assignment'!H6:H55,"No") | F9: =0 | G9: =IF((B9-F9)=0,0,C9/(B9-F9))
A10: Regulatory Mapping | B10: =C10+D10+E10+F10 | C10: =COUNTIF('Regulatory Mapping'!E6:E55,"Compliant") | D10: =COUNTIF('Regulatory Mapping'!E6:E55,"Partial")+COUNTIF('Regulatory Mapping'!E6:E55,"Planned") | E10: =COUNTIF('Regulatory Mapping'!E6:E55,"Non-Compliant") | F10: =COUNTIF('Regulatory Mapping'!E6:E55,"N/A") | G10: =IF((B10-F10)=0,0,C10/(B10-F10))
A11: Labelling Methods | B11: =C11+D11+E11+F11 | C11: =COUNTIF('Labelling Methods'!G6:G55,"Yes") | D11: =COUNTIF('Labelling Methods'!G6:G55,"Partial") | E11: =COUNTIF('Labelling Methods'!G6:G55,"No") | F11: =COUNTIF('Labelling Methods'!G6:G55,"N/A") | G11: =IF((B11-F11)=0,0,C11/(B11-F11))
A12: Discovery Results | B12: =C12+D12+E12+F12 | C12: =COUNTIF('Discovery Results'!H6:H55,"Complete") | D12: =COUNTIF('Discovery Results'!H6:H55,"In Progress")+COUNTIF('Discovery Results'!H6:H55,"Planned") | E12: =COUNTIF('Discovery Results'!H6:H55,"Not Started") | F12: =0 | G12: =IF((B12-F12)=0,0,C12/(B12-F12))
A13: Gap Analysis | B13: =C13+D13+E13+F13 | C13: =COUNTIF('Gap Analysis'!J6:J55,"Resolved")+COUNTIF('Gap Analysis'!J6:J55,"Closed")+COUNTIF('Gap Analysis'!J6:J55,"Accepted") | D13: =COUNTIF('Gap Analysis'!J6:J55,"In Progress") | E13: =COUNTIF('Gap Analysis'!J6:J55,"Open") | F13: =0 | G13: =IF((B13-F13)=0,0,C13/(B13-F13))
A14: TOTAL | B14: =SUM(B6:B13) | C14: =SUM(C6:C13) | D14: =SUM(D6:D13) | E14: =SUM(E6:E13) | F14: =SUM(F6:F13) | G14: =IF((B14-F14)=0,0,C14/(B14-F14))
A16: TABLE 2 – KEY METRICS
A17: Metric | B17: Value | C17: Target
A18: Data Classification Levels with DLP Monitoring | B18: =COUNTIF('Classification Schema'!G6:G55,"Yes") | C18: ≥4
A19: Sensitive Data Categories with DLP Protection | B19: =COUNTIF('Sensitive Data Inventory'!J6:J55,"Yes") | C19: ≥80%
A20: Data Locations with DLP Coverage | B20: =COUNTIF('Data Location Mapping'!G6:G55,"Yes") | C20: ≥75%
A21: Regulatory Requirements Compliant | B21: =COUNTIF('Regulatory Mapping'!E6:E55,"Compliant") | C21: ≥90%
A22: Open Critical/High Data Gaps | B22: =COUNTIFS('Gap Analysis'!D6:D55,"Critical",'Gap Analysis'!J6:J55,"Open")+COUNTIFS('Gap Analysis'!D6:D55,"High",'Gap Analysis'!J6:J55,"Open") | C22: 0
A23: Evidence Items Verified | B23: =COUNTIF('Evidence Register'!H6:H105,"Verified") | C23: ≥80%
A25: TABLE 3 – KEY FINDINGS & RECOMMENDATIONS
A26: # | B26: Finding | C26: Impact | D26: Recommendation | E26: Priority | F26: Status
A27: 1
A28: 2
A29: 3
A30: 4
A31: 5

Sheet Approval Sign-Off
A1: ASSESSMENT APPROVAL AND SIGN-OFF
A2: ISO/IEC 27001:2022 — Control A.8.12: Data Classification Assessment
A3: ASSESSMENT SUMMARY
A4: Document | B4: ISMS-IMP-A.8.12.2
A5: Assessment Period
A6: Overall Compliance | B6: ='Summary Dashboard'!G14
A7: Assessment Status
A8: Assessed By:
A9: COMPLETED BY (ASSESSOR)
A10: Name
A11: Title
A12: Date
A13: Signature
A14: Comments
A16: REVIEWED BY (ISO)
A17: Name
A18: Title
A19: Date
... A35: Review Notes
