Workbook

Sheet Instructions & Legend
A1: ISMS-IMP-A.7.10.2 - Media Handling Procedures ISO/IEC 27001:2022 - Control A.7.10: Storage Media
A3: Document Information
A4: Document ID | B4: ISMS-IMP-A.7.10.2
A5: Workbook Title | B5: Media Handling Procedures
A6: Control Reference | B6: ISO/IEC 27001:2022 - Control A.7.10: Storage Media
A7: Version | B7: 1.0
A8: Assessment Date
A9: Completed By
A10: Organisation
A12: Instructions
A13: 1. Complete Sheet 2 (Media Access Controls) — document access control requirements.
A14: 2. Complete Sheet 3 (Transportation Security) — document secure transport procedures.
A15: 3. Complete Sheet 4 (Physical Storage Controls) — assess physical storage security.
A16: 4. Complete Sheet 5 (Media Use Procedures) — document data transfer and use.
A17: 5. Complete Sheet 6 (Incident Response) — document lost/stolen media procedures.
A18: 6. Document evidence in the Evidence Register (Sheet 8).
A19: 7. Review the Summary Dashboard (Sheet 7) for overall compliance status.
A20: 8. Obtain approvals in the Approval Sign-Off sheet (Sheet 9).
A22: Status Legend
A23: Symbol | B23: Status | C23: Description
A24: ✓ | B24: Compliant / Complete | C24: Requirement fully met
A25: ⚠ | B25: Partial / In Progress | C25: Partially met or in progress
A26: ✗ | B26: Non-Compliant / Not Started | C26: Requirement not met
A27: — | B27: Not Applicable | C27: Not applicable to this assessment

Sheet 2. Media Access Controls
A1: 2. MEDIA ACCESS CONTROLS
A2: Policy Reference: ISMS-POL-A.7.10 - Storage Media
A4: ASSESSMENT OBJECTIVE: Document access control requirements by media classification level including physical access, personnel authorisation, and review frequency.
A7: Complete the yellow-highlighted cells below. Use dropdowns where provided.
A9: Control Area / Location | B9: Classification Level | C9: Control Owner | D9: Procedure Reference | E9: Last Review Date | F9: Status | G9: Implementation Date | H9: Last Audit Date | I9: Next Review Date | J9: Gap Identified | K9: Remediation Plan | L9: Target Completion | M9: Risk Level | N9: Evidence Reference | O9: Notes / Comments | P9: Remediation Owner | Q9: Budget Required | R9: Access Control Type | S9: Authorised Personnel | T9: Review Frequency

Sheet 3. Transportation Security
A1: 3. TRANSPORTATION SECURITY
A2: Policy Reference: ISMS-POL-A.7.10 - Storage Media
A4: ASSESSMENT OBJECTIVE: Assess security controls for media in transit including courier requirements, chain of custody documentation, and packaging standards.
A7: Complete the yellow-highlighted cells below. Use dropdowns where provided.
A9: Control Area / Location | B9: Classification Level | C9: Control Owner | D9: Procedure Reference | E9: Last Review Date | F9: Status | G9: Implementation Date | H9: Last Audit Date | I9: Next Review Date | J9: Gap Identified | K9: Remediation Plan | L9: Target Completion | M9: Risk Level | N9: Evidence Reference | O9: Notes / Comments | P9: Remediation Owner | Q9: Budget Required | R9: Transport Method | S9: Chain of Custody Required | T9: Packaging Requirement

Sheet 4. Physical Storage Controls
A1: 4. PHYSICAL STORAGE CONTROLS
A2: Policy Reference: ISMS-POL-A.7.10 - Storage Media
A4: ASSESSMENT OBJECTIVE: Assess physical storage security and environmental controls for media storage locations including temperature, humidity, and fire protection.
A7: Complete the yellow-highlighted cells below. Use dropdowns where provided.
A9: Control Area / Location | B9: Classification Level | C9: Control Owner | D9: Procedure Reference | E9: Last Review Date | F9: Status | G9: Implementation Date | H9: Last Audit Date | I9: Next Review Date | J9: Gap Identified | K9: Remediation Plan | L9: Target Completion | M9: Risk Level | N9: Evidence Reference | O9: Notes / Comments | P9: Remediation Owner | Q9: Budget Required | R9: Storage Type | S9: Environmental Monitoring | T9: Fire Suppression

Sheet 5. Media Use Procedures
A1: 5. MEDIA USE PROCEDURES
A2: Policy Reference: ISMS-POL-A.7.10 - Storage Media
A4: ASSESSMENT OBJECTIVE: Assess operational procedures for media use including data transfer, malware scanning, and return/disposal processes.
A7: Complete the yellow-highlighted cells below. Use dropdowns where provided.
A9: Control Area / Location | B9: Classification Level | C9: Control Owner | D9: Procedure Reference | E9: Last Review Date | F9: Status | G9: Implementation Date | H9: Last Audit Date | I9: Next Review Date | J9: Gap Identified | K9: Remediation Plan | L9: Target Completion | M9: Risk Level | N9: Evidence Reference | O9: Notes / Comments | P9: Remediation Owner | Q9: Budget Required | R9: Applicable Media Type | S9: Procedure Owner | T9: Training Required

Sheet 6. Incident Response
A1: 6. INCIDENT RESPONSE
A2: Policy Reference: ISMS-POL-A.7.10 - Storage Media
A4: ASSESSMENT OBJECTIVE: Assess lost/stolen media procedures and incident response capabilities including escalation paths and notification requirements.
A7: Complete the yellow-highlighted cells below. Use dropdowns where provided.
A9: Control Area / Location | B9: Classification Level | C9: Control Owner | D9: Procedure Reference | E9: Last Review Date | F9: Status | G9: Implementation Date | H9: Last Audit Date | I9: Next Review Date | J9: Gap Identified | K9: Remediation Plan | L9: Target Completion | M9: Risk Level | N9: Evidence Reference | O9: Notes / Comments | P9: Remediation Owner | Q9: Budget Required | R9: Response Procedure | S9: Escalation Path | T9: Notification Required

Sheet Evidence Register
A1: EVIDENCE REGISTER
A2: Document all evidence collected during this assessment
A4: Evidence ID | B4: Evidence Type | C4: Description | D4: Related Sheet/Item | E4: Collection Date | F4: Collected By | G4: Retention Period | H4: Notes
A5: EV-001 | B5: Screenshot | C5: Sample — delete before use

Sheet Summary Dashboard
A1: MEDIA HANDLING PROCEDURES — SUMMARY DASHBOARD
A2: ISO/IEC 27001:2022 — Control A.7.10: Storage Media | Handling Procedures Assessment
A4: TABLE 1: ASSESSMENT AREA COMPLIANCE OVERVIEW
A5: Assessment Area | B5: Total Items | C5: Compliant | D5: Partial | E5: Non-Compliant | F5: N/A | G5: Compliance %
A6: Media Access Controls | B6: =COUNTA('2. Media Access Controls'!A11:A60) | C6: =COUNTIF('2. Media Access Controls'!F11:F60,"Compliant") | D6: =COUNTIF('2. Media Access Controls'!F11:F60,"Partial") | E6: =COUNTIF('2. Media Access Controls'!F11:F60,"Non-Compliant") | F6: =COUNTIF('2. Media Access Controls'!F11:F60,"N/A") | G6: =IF((B6-F6)=0,0,C6/(B6-F6))
A7: Transportation Security | B7: =COUNTA('3. Transportation Security'!A11:A60) | C7: =COUNTIF('3. Transportation Security'!F11:F60,"Compliant") | D7: =COUNTIF('3. Transportation Security'!F11:F60,"Partial") | E7: =COUNTIF('3. Transportation Security'!F11:F60,"Non-Compliant") | F7: =COUNTIF('3. Transportation Security'!F11:F60,"N/A") | G7: =IF((B7-F7)=0,0,C7/(B7-F7))
A8: Physical Storage Controls | B8: =COUNTA('4. Physical Storage Controls'!A11:A60) | C8: =COUNTIF('4. Physical Storage Controls'!F11:F60,"Compliant") | D8: =COUNTIF('4. Physical Storage Controls'!F11:F60,"Partial") | E8: =COUNTIF('4. Physical Storage Controls'!F11:F60,"Non-Compliant") | F8: =COUNTIF('4. Physical Storage Controls'!F11:F60,"N/A") | G8: =IF((B8-F8)=0,0,C8/(B8-F8))
A9: Media Use Procedures | B9: =COUNTA('5. Media Use Procedures'!A11:A60) | C9: =COUNTIF('5. Media Use Procedures'!F11:F60,"Compliant") | D9: =COUNTIF('5. Media Use Procedures'!F11:F60,"Partial") | E9: =COUNTIF('5. Media Use Procedures'!F11:F60,"Non-Compliant") | F9: =COUNTIF('5. Media Use Procedures'!F11:F60,"N/A") | G9: =IF((B9-F9)=0,0,C9/(B9-F9))
A10: Incident Response | B10: =COUNTA('6. Incident Response'!A11:A60) | C10: =COUNTIF('6. Incident Response'!F11:F60,"Compliant") | D10: =COUNTIF('6. Incident Response'!F11:F60,"Partial") | E10: =COUNTIF('6. Incident Response'!F11:F60,"Non-Compliant") | F10: =COUNTIF('6. Incident Response'!F11:F60,"N/A") | G10: =IF((B10-F10)=0,0,C10/(B10-F10))
A11: TOTAL | B11: =SUM(B6:B10) | C11: =SUM(C6:C10) | D11: =SUM(D6:D10) | E11: =SUM(E6:E10) | F11: =SUM(F6:F10) | G11: =IF((B11-F11)=0,0,C11/(B11-F11))
A13: TABLE 2: KEY METRICS
A14: Metric | B14: Value
A15: Total Procedures / Controls Assessed | B15: =COUNTA('2. Media Access Controls'!A11:A60)+COUNTA('3. Transportation Security'!A11:A60)+COUNTA('4. Physical Storage Controls'!A11:A60)+COUNTA('5. Media Use Procedures'!A11:A60)+COUNTA('6. Incident Response'!A11:A60)
A16: Non-Compliant Access Controls | B16: =COUNTIF('2. Media Access Controls'!F11:F60,"Non-Compliant")
A17: Non-Compliant Transport Procedures | B17: =COUNTIF('3. Transportation Security'!F11:F60,"Non-Compliant")
A18: Non-Compliant Storage Controls | B18: =COUNTIF('4. Physical Storage Controls'!F11:F60,"Non-Compliant")
A19: Secure Courier Usage | B19: =COUNTIF('3. Transportation Security'!R11:R60,"Secure Courier")
A20: Chain of Custody — Full Documentation | B20: =COUNTIF('3. Transportation Security'!S11:S60,"Yes - Full Documentation")
A21: Chain of Custody — Missing Records | B21: =COUNTIF('3. Transportation Security'!S11:S60,"No")
A22: Physical Storage — Secure Facility | B22: =COUNTIF('4. Physical Storage Controls'!R11:R60,"Locked Cabinet")+COUNTIF('4. Physical Storage Controls'!R11:R60,"Fire-Rated Safe")+COUNTIF('4. Physical Storage Controls'!R11:R60,"Secure Vault")
A23: Staff Training Provided | B23: =COUNTIF('5. Media Use Procedures'!S11:S60,"Yes - Initial Only")+COUNTIF('5. Media Use Procedures'!S11:S60,"Yes - Annual Refresh")+COUNTIF('5. Media Use Procedures'!S11:S60,"Yes - Quarterly")
A24: High / Critical Risk Procedures | B24: =COUNTIF('2. Media Access Controls'!M11:M60,"Critical")+COUNTIF('2. Media Access Controls'!M11:M60,"High")+COUNTIF('3. Transportation Security'!M11:M60,"Critical")+COUNTIF('3. Transportation Security'!M11:M60,"High")+COUNTIF('4. Physical Storage Controls'!M11:M60,"Critical")+COUNTIF('4. Physical Storage Controls'!M11:M60,"High")
A28: TABLE 3: CRITICAL FINDINGS REQUIRING IMMEDIATE ATTENTION
A29: Category | B29: Finding | C29: Count | D29: Severity | E29: Action Required
A30: Access Controls | B30: Non-compliant access controls | C30: =COUNTIF('2. Media Access Controls'!F11:F60,"Non-Compliant") | D30: Critical | E30: Immediate
A31: Transportation | B31: Non-compliant transport security | C31: =COUNTIF('3. Transportation Security'!F11:F60,"Non-Compliant") | D31: Critical | E31: Immediate
A32: Transportation | B32: Missing chain of custody records | C32: =COUNTIF('3. Transportation Security'!S11:S60,"No") | D32: Critical | E32: Immediate
A33: Physical Storage | B33: Non-compliant storage controls | C33: =COUNTIF('4. Physical Storage Controls'!F11:F60,"Non-Compliant") | D33: High | E33: Urgent
A34: Use Procedures | B34: Non-compliant media use procedures | C34: =COUNTIF('5. Media Use Procedures'!F11:F60,"Non-Compliant") | D34: High | E34: Urgent

Sheet Approval Sign-Off
A1: ASSESSMENT APPROVAL AND SIGN-OFF
A2: ISO/IEC 27001:2022 - Control A.7.10: Storage Media
A3: ASSESSMENT SUMMARY
A4: Document: | B4: ISMS-IMP-A.7.10.2 - Media Handling Procedures
A5: Assessment Period:
A6: Overall Compliance Rating: | B6: =IFERROR(AVERAGE('Summary Dashboard'!G6:G10),"")
A7: Assessment Status:
A8: Assessed By:
A11: COMPLETED BY (ASSESSOR)
A12: Name:
A13: Title:
A14: Date:
A15: Signature:
A16: Comments:
A18: REVIEWED BY (INFORMATION SECURITY OFFICER)
A19: Name:
A20: Title:
A21: Date:
... A38: Special Considerations:
