Workbook

Sheet Instructions & Legend
A1: ISMS-IMP-A.7.10.3 - Media Lifecycle Tracking ISO/IEC 27001:2022 - Control A.7.10: Storage Media
A3: Document Information
A4: Document ID | B4: ISMS-IMP-A.7.10.3
A5: Workbook Title | B5: Media Lifecycle Tracking
A6: Control Reference | B6: ISO/IEC 27001:2022 - Control A.7.10: Storage Media
A7: Version | B7: 1.0
A8: Assessment Date
A9: Completed By
A10: Organisation
A12: Instructions
A13: 1. Complete Sheet 2 (Acquisition & Procurement) — document media procurement controls.
A14: 2. Complete Sheet 3 (Internal Re-use) — assess internal re-use and sanitisation.
A15: 3. Complete Sheet 4 (Disposal Methods) — document disposal procedures and controls.
A16: 4. Complete Sheet 5 (Third-Party Disposal) — assess third-party disposal providers.
A17: 5. Complete Sheet 6 (Paper Document Lifecycle) — document paper handling procedures.
A18: 6. Document evidence in the Evidence Register (Sheet 8).
A19: 7. Review the Summary Dashboard (Sheet 7) for overall lifecycle status.
A20: 8. Obtain approvals in the Approval Sign-Off sheet (Sheet 9).
A22: Status Legend
A23: Symbol | B23: Status | C23: Description
A24: ✓ | B24: Compliant / Complete | C24: Requirement fully met
A25: ⚠ | B25: Partial / In Progress | C25: Partially met or in progress
A26: ✗ | B26: Non-Compliant / Not Started | C26: Requirement not met
A27: — | B27: Not Applicable | C27: Not applicable to this assessment

Sheet 2. Acquisition & Procurement
A1: 2. ACQUISITION & PROCUREMENT
A2: Policy Reference: ISMS-POL-A.7.10 - Storage Media
A4: ASSESSMENT OBJECTIVE: Assess media procurement and registration controls including approved suppliers, encryption requirements, and asset registration processes.
A7: Complete the yellow-highlighted cells below. Use dropdowns where provided.
A9: Process / Category | B9: Classification Level | C9: Process Owner | D9: Procedure Reference | E9: Last Review Date | F9: Status | G9: Implementation Date | H9: Last Audit Date | I9: Next Review Date | J9: Gap Identified | K9: Remediation Plan | L9: Target Completion | M9: Risk Level | N9: Evidence Reference | O9: Notes / Comments | P9: Remediation Owner | Q9: Budget Required | R9: Approved Suppliers | S9: Registration Required | T9: Quality Standards

Sheet 3. Internal Re-use
A1: 3. INTERNAL RE-USE PROCEDURES
A2: Policy Reference: ISMS-POL-A.7.10 - Storage Media
A4: ASSESSMENT OBJECTIVE: Assess procedures for media re-assignment within the organisation including erasure methods, verification requirements, and documentation.
A7: Complete the yellow-highlighted cells below. Use dropdowns where provided.
A9: Process / Category | B9: Classification Level | C9: Process Owner | D9: Procedure Reference | E9: Last Review Date | F9: Status | G9: Implementation Date | H9: Last Audit Date | I9: Next Review Date | J9: Gap Identified | K9: Remediation Plan | L9: Target Completion | M9: Risk Level | N9: Evidence Reference | O9: Notes / Comments | P9: Remediation Owner | Q9: Budget Required | R9: Erasure Method | S9: Verification Required | T9: Documentation

Sheet 4. Disposal Methods
A1: 4. DISPOSAL METHODS
A2: Policy Reference: ISMS-POL-A.7.10 - Storage Media
A4: ASSESSMENT OBJECTIVE: Assess disposal methods by classification level including destruction techniques, witness requirements, and certificate of destruction processes.
A7: Complete the yellow-highlighted cells below. Use dropdowns where provided.
A9: Process / Category | B9: Classification Level | C9: Process Owner | D9: Procedure Reference | E9: Last Review Date | F9: Status | G9: Implementation Date | H9: Last Audit Date | I9: Next Review Date | J9: Gap Identified | K9: Remediation Plan | L9: Target Completion | M9: Risk Level | N9: Evidence Reference | O9: Notes / Comments | P9: Remediation Owner | Q9: Budget Required | R9: Destruction Method | S9: Witness Required | T9: Certificate Required

Sheet 5. Third-Party Disposal
A1: 5. THIRD-PARTY DISPOSAL
A2: Policy Reference: ISMS-POL-A.7.10 - Storage Media
A4: ASSESSMENT OBJECTIVE: Assess third-party disposal vendor management including contract status, certifications (ISO 27001, NAID, R2, e-Stewards), and certificate delivery SLAs.
A7: Complete the yellow-highlighted cells below. Use dropdowns where provided.
A9: Process / Category | B9: Classification Level | C9: Process Owner | D9: Procedure Reference | E9: Last Review Date | F9: Status | G9: Implementation Date | H9: Last Audit Date | I9: Next Review Date | J9: Gap Identified | K9: Remediation Plan | L9: Target Completion | M9: Risk Level | N9: Evidence Reference | O9: Notes / Comments | P9: Remediation Owner | Q9: Budget Required | R9: Contract Status | S9: Certifications | T9: Certificate SLA

Sheet 6. Paper Document Lifecycle
A1: 6. PAPER DOCUMENT LIFECYCLE
A2: Policy Reference: ISMS-POL-A.7.10 - Storage Media
A4: ASSESSMENT OBJECTIVE: Assess physical document handling and destruction including shredding standards (DIN 66399), collection processes, and destruction frequency.
A7: Complete the yellow-highlighted cells below. Use dropdowns where provided.
A9: Process / Category | B9: Classification Level | C9: Process Owner | D9: Procedure Reference | E9: Last Review Date | F9: Status | G9: Implementation Date | H9: Last Audit Date | I9: Next Review Date | J9: Gap Identified | K9: Remediation Plan | L9: Target Completion | M9: Risk Level | N9: Evidence Reference | O9: Notes / Comments | P9: Remediation Owner | Q9: Budget Required | R9: Shredding Standard | S9: Collection Process | T9: Destruction Frequency

Sheet Evidence Register
A1: EVIDENCE REGISTER
A2: Document all evidence collected during this assessment
A4: Evidence ID | B4: Evidence Type | C4: Description | D4: Related Sheet/Item | E4: Collection Date | F4: Collected By | G4: Retention Period | H4: Notes
A5: EV-001 | B5: Screenshot | C5: Sample — delete before use

Sheet Summary Dashboard
A1: MEDIA LIFECYCLE TRACKING — SUMMARY DASHBOARD
A2: ISO/IEC 27001:2022 — Control A.7.10: Storage Media | Lifecycle Tracking Assessment
A4: TABLE 1: ASSESSMENT AREA COMPLIANCE OVERVIEW
A5: Assessment Area | B5: Total Items | C5: Compliant | D5: Partial | E5: Non-Compliant | F5: N/A | G5: Compliance %
A6: Acquisition & Procurement | B6: =COUNTA('2. Acquisition & Procurement'!A11:A60) | C6: =COUNTIF('2. Acquisition & Procurement'!F11:F60,"Compliant") | D6: =COUNTIF('2. Acquisition & Procurement'!F11:F60,"Partial") | E6: =COUNTIF('2. Acquisition & Procurement'!F11:F60,"Non-Compliant") | F6: =COUNTIF('2. Acquisition & Procurement'!F11:F60,"N/A") | G6: =IF((B6-F6)=0,0,C6/(B6-F6))
A7: Internal Re-use | B7: =COUNTA('3. Internal Re-use'!A11:A60) | C7: =COUNTIF('3. Internal Re-use'!F11:F60,"Compliant") | D7: =COUNTIF('3. Internal Re-use'!F11:F60,"Partial") | E7: =COUNTIF('3. Internal Re-use'!F11:F60,"Non-Compliant") | F7: =COUNTIF('3. Internal Re-use'!F11:F60,"N/A") | G7: =IF((B7-F7)=0,0,C7/(B7-F7))
A8: Disposal Methods | B8: =COUNTA('4. Disposal Methods'!A11:A60) | C8: =COUNTIF('4. Disposal Methods'!F11:F60,"Compliant") | D8: =COUNTIF('4. Disposal Methods'!F11:F60,"Partial") | E8: =COUNTIF('4. Disposal Methods'!F11:F60,"Non-Compliant") | F8: =COUNTIF('4. Disposal Methods'!F11:F60,"N/A") | G8: =IF((B8-F8)=0,0,C8/(B8-F8))
A9: Third-Party Disposal | B9: =COUNTA('5. Third-Party Disposal'!A11:A60) | C9: =COUNTIF('5. Third-Party Disposal'!F11:F60,"Compliant") | D9: =COUNTIF('5. Third-Party Disposal'!F11:F60,"Partial") | E9: =COUNTIF('5. Third-Party Disposal'!F11:F60,"Non-Compliant") | F9: =COUNTIF('5. Third-Party Disposal'!F11:F60,"N/A") | G9: =IF((B9-F9)=0,0,C9/(B9-F9))
A10: Paper Document Lifecycle | B10: =COUNTA('6. Paper Document Lifecycle'!A11:A60) | C10: =COUNTIF('6. Paper Document Lifecycle'!F11:F60,"Compliant") | D10: =COUNTIF('6. Paper Document Lifecycle'!F11:F60,"Partial") | E10: =COUNTIF('6. Paper Document Lifecycle'!F11:F60,"Non-Compliant") | F10: =COUNTIF('6. Paper Document Lifecycle'!F11:F60,"N/A") | G10: =IF((B10-F10)=0,0,C10/(B10-F10))
A11: TOTAL | B11: =SUM(B6:B10) | C11: =SUM(C6:C10) | D11: =SUM(D6:D10) | E11: =SUM(E6:E10) | F11: =SUM(F6:F10) | G11: =IF((B11-F11)=0,0,C11/(B11-F11))
A13: TABLE 2: KEY METRICS
A14: Metric | B14: Value
A15: Total Lifecycle Records Assessed | B15: =COUNTA('2. Acquisition & Procurement'!A11:A60)+COUNTA('3. Internal Re-use'!A11:A60)+COUNTA('4. Disposal Methods'!A11:A60)+COUNTA('5. Third-Party Disposal'!A11:A60)+COUNTA('6. Paper Document Lifecycle'!A11:A60)
A16: Media Acquisitions — Auto-Registered | B16: =COUNTIF('2. Acquisition & Procurement'!R11:R60,"Yes - Automatic (PO)")
A17: Media Acquisitions — Not Tracked | B17: =COUNTIF('2. Acquisition & Procurement'!R11:R60,"No - Track Only")
A18: Internal Re-use — NIST 800-88 Erasure (Secure) | B18: =COUNTIF('3. Internal Re-use'!R11:R60,"NIST 800-88 Rev. 2 Clear")+COUNTIF('3. Internal Re-use'!R11:R60,"NIST 800-88 Rev. 2 Purge")+COUNTIF('3. Internal Re-use'!R11:R60,"Cryptographic Erasure")
A19: Re-use with Erasure Certificate | B19: =COUNTIF('3. Internal Re-use'!T11:T60,"Erasure Certificate")
A20: Disposal with Destruction Certificate | B20: =COUNTIF('4. Disposal Methods'!T11:T60,"Yes - Individual Certificate")+COUNTIF('4. Disposal Methods'!T11:T60,"Yes - Batch Certificate")
A21: Disposal Without Certificate | B21: =COUNTIF('4. Disposal Methods'!T11:T60,"No Certificate")
A22: Witnessed Disposal Events | B22: =COUNTIF('4. Disposal Methods'!S11:S60,"Yes - Internal Witness")+COUNTIF('4. Disposal Methods'!S11:S60,"Yes - External Auditor")+COUNTIF('4. Disposal Methods'!S11:S60,"Yes - Both")
A23: Third-Party Vendors — Active Contract | B23: =COUNTIF('5. Third-Party Disposal'!R11:R60,"Active Contract")
A24: Third-Party Vendors — Expired / No Contract | B24: =COUNTIF('5. Third-Party Disposal'!R11:R60,"Contract Expired")+COUNTIF('5. Third-Party Disposal'!R11:R60,"No Contract (Spot Purchase)")
A25: Paper — High-Security Shredding (DIN P-5+) | B25: =COUNTIF('6. Paper Document Lifecycle'!R11:R60,"DIN 66399 P-5 (Fine Cross-cut)")+COUNTIF('6. Paper Document Lifecycle'!R11:R60,"DIN 66399 P-6 (High Security)")+COUNTIF('6. Paper Document Lifecycle'!R11:R60,"DIN 66399 P-7 (Super High Security)")
A26: Non-Compliant Lifecycle Procedures | B26: =COUNTIF('2. Acquisition & Procurement'!F11:F60,"Non-Compliant")+COUNTIF('3. Internal Re-use'!F11:F60,"Non-Compliant")+COUNTIF('4. Disposal Methods'!F11:F60,"Non-Compliant")+COUNTIF('5. Third-Party Disposal'!F11:F60,"Non-Compliant")+COUNTIF('6. Paper Document Lifecycle'!F11:F60,"Non-Compliant")
A30: TABLE 3: CRITICAL FINDINGS REQUIRING IMMEDIATE ATTENTION
A31: Category | B31: Finding | C31: Count | D31: Severity | E31: Action Required
A32: Disposal | B32: Disposal without destruction certificate | C32: =COUNTIF('4. Disposal Methods'!T11:T60,"No Certificate") | D32: Critical | E32: Immediate
A33: Third-Party | B33: Third-party vendor — expired / no contract | C33: =COUNTIF('5. Third-Party Disposal'!R11:R60,"Contract Expired")+COUNTIF('5. Third-Party Disposal'!R11:R60,"No Contract (Spot Purchase)") | D33: Critical | E33: Immediate
A34: Re-use | B34: Internal re-use without documentation | C34: =COUNTIF('3. Internal Re-use'!T11:T60,"None Required") | D34: High | E34: Urgent
A35: Lifecycle | B35: Non-compliant lifecycle procedures | C35: =COUNTIF('2. Acquisition & Procurement'!F11:F60,"Non-Compliant")+COUNTIF('3. Internal Re-use'!F11:F60,"Non-Compliant")+COUNTIF('4. Disposal Methods'!F11:F60,"Non-Compliant")+COUNTIF('5. Third-Party Disposal'!F11:F60,"Non-Compliant")+COUNTIF('6. Paper Document Lifecycle'!F11:F60,"Non-Compliant") | D35: High | E35: Urgent
A36: Disposal | B36: Unwitnessed disposal events | C36: =COUNTIF('4. Disposal Methods'!S11:S60,"No") | D36: Medium | E36: Plan

Sheet Approval Sign-Off
A1: ASSESSMENT APPROVAL AND SIGN-OFF
A2: ISO/IEC 27001:2022 - Control A.7.10: Storage Media
A3: ASSESSMENT SUMMARY
A4: Document: | B4: ISMS-IMP-A.7.10.3 - Media Lifecycle Tracking
A5: Assessment Period:
A6: Overall Compliance Rating: | B6: =IFERROR(AVERAGE('Summary Dashboard'!G6:G10),"")
A7: Assessment Status:
A8: Assessed By:
A11: COMPLETED BY (ASSESSOR)
A12: Name:
A13: Title:
A14: Date:
A15: Signature:
A16: Comments:
A18: REVIEWED BY (INFORMATION SECURITY OFFICER)
A19: Name:
A20: Title:
A21: Date:
... A38: Special Considerations:
