Workbook

Sheet Instructions & Legend
A1: ISMS-IMP-A.7.10.1 - Storage Media Inventory ISO/IEC 27001:2022 - Control A.7.10: Storage Media
A3: Document Information
A4: Document ID | B4: ISMS-IMP-A.7.10.1
A5: Workbook Title | B5: Storage Media Inventory
A6: Control Reference | B6: ISO/IEC 27001:2022 - Control A.7.10: Storage Media
A7: Version | B7: 1.0
A8: Assessment Date
A9: Completed By
A10: Organisation
A12: Instructions
A13: 1. Complete Sheet 2 (Digital Storage Media) — inventory all digital storage devices.
A14: 2. Complete Sheet 3 (Removable Media Registry) — register all authorised removable media.
A15: 3. Complete Sheet 4 (Fixed Storage Assets) — inventory servers, NAS, SAN systems.
A16: 4. Complete Sheet 5 (Cloud Storage Mapping) — map all cloud storage services.
A17: 5. Complete Sheet 6 (Physical Documents) — inventory physical document storage.
A18: 6. Document evidence in the Evidence Register (Sheet 8).
A19: 7. Review the Summary Dashboard (Sheet 7) for overall inventory status.
A20: 8. Obtain approvals in the Approval Sign-Off sheet (Sheet 9).
A22: Status Legend
A23: Symbol | B23: Status | C23: Description
A24: ✓ | B24: Compliant / Complete | C24: Requirement fully met
A25: ⚠ | B25: Partial / In Progress | C25: Partially met or in progress
A26: ✗ | B26: Non-Compliant / Not Started | C26: Requirement not met
A27: — | B27: Not Applicable | C27: Not applicable to this assessment

Sheet 2. Digital Storage Media
A1: 2. DIGITAL STORAGE MEDIA INVENTORY
A2: Policy Reference: ISMS-POL-A.7.10 - Storage Media
A4: ASSESSMENT OBJECTIVE: Document every digital storage device managed by [Organisation] including HDDs, SSDs, USB drives, SD cards, backup tapes, and optical media.
A7: Complete the yellow-highlighted cells below. Use dropdowns where provided. Link evidence in Column N to Evidence Register sheet.
A9: Media ID / Asset Tag | B9: Media Type | C9: Data Classification | D9: Serial Number | E9: Assigned Custodian | F9: Status | G9: Acquisition Date | H9: Last Audit Date | I9: Next Audit Date | J9: Gap Identified | K9: Remediation Plan | L9: Target Completion | M9: Risk Level | N9: Evidence Reference | O9: Notes / Comments | P9: Remediation Owner | Q9: Budget Required | R9: Physical Location | S9: Encryption Status | T9: Capacity (GB)

Sheet 3. Removable Media Registry
A1: 3. REMOVABLE MEDIA REGISTRY
A2: Policy Reference: ISMS-POL-A.7.10 - Storage Media
A4: ASSESSMENT OBJECTIVE: Register all authorised removable media with management approval documentation, assigned users, and permitted use cases.
A7: Complete the yellow-highlighted cells below. Use dropdowns where provided. Link evidence in Column N to Evidence Register sheet.
A9: Media ID / Asset Tag | B9: Media Type | C9: Data Classification | D9: Serial Number | E9: Assigned Custodian | F9: Status | G9: Acquisition Date | H9: Last Audit Date | I9: Next Audit Date | J9: Gap Identified | K9: Remediation Plan | L9: Target Completion | M9: Risk Level | N9: Evidence Reference | O9: Notes / Comments | P9: Remediation Owner | Q9: Budget Required | R9: Authorisation Reference | S9: Authorised User(s) | T9: Permitted Use Cases

Sheet 4. Fixed Storage Assets
A1: 4. FIXED STORAGE ASSETS
A2: Policy Reference: ISMS-POL-A.7.10 - Storage Media
A4: ASSESSMENT OBJECTIVE: Inventory all fixed storage systems including servers, NAS, SAN, and archive systems with capacity and encryption status.
A7: Complete the yellow-highlighted cells below. Use dropdowns where provided. Link evidence in Column N to Evidence Register sheet.
A9: Media ID / Asset Tag | B9: Media Type | C9: Data Classification | D9: Serial Number | E9: Assigned Custodian | F9: Status | G9: Acquisition Date | H9: Last Audit Date | I9: Next Audit Date | J9: Gap Identified | K9: Remediation Plan | L9: Target Completion | M9: Risk Level | N9: Evidence Reference | O9: Notes / Comments | P9: Remediation Owner | Q9: Budget Required | R9: System Type | S9: Total Capacity (TB) | T9: Utilisation (%)

Sheet 5. Cloud Storage Mapping
A1: 5. CLOUD STORAGE MAPPING
A2: Policy Reference: ISMS-POL-A.7.10 - Storage Media
A4: ASSESSMENT OBJECTIVE: Document all cloud storage locations including IaaS, PaaS, SaaS, and backup services with provider and data residency information.
A7: Complete the yellow-highlighted cells below. Use dropdowns where provided. Link evidence in Column N to Evidence Register sheet.
A9: Media ID / Asset Tag | B9: Media Type | C9: Data Classification | D9: Serial Number | E9: Assigned Custodian | F9: Status | G9: Acquisition Date | H9: Last Audit Date | I9: Next Audit Date | J9: Gap Identified | K9: Remediation Plan | L9: Target Completion | M9: Risk Level | N9: Evidence Reference | O9: Notes / Comments | P9: Remediation Owner | Q9: Budget Required | R9: Cloud Type | S9: Provider Name | T9: Data Residency

Sheet 6. Physical Documents
A1: 6. PHYSICAL DOCUMENTS & ARCHIVES
A2: Policy Reference: ISMS-POL-A.7.10 - Storage Media
A4: ASSESSMENT OBJECTIVE: Inventory physical document storage containing sensitive information including paper documents, microfilm, and archive boxes.
A7: Complete the yellow-highlighted cells below. Use dropdowns where provided. Link evidence in Column N to Evidence Register sheet.
A9: Media ID / Asset Tag | B9: Media Type | C9: Data Classification | D9: Serial Number | E9: Assigned Custodian | F9: Status | G9: Acquisition Date | H9: Last Audit Date | I9: Next Audit Date | J9: Gap Identified | K9: Remediation Plan | L9: Target Completion | M9: Risk Level | N9: Evidence Reference | O9: Notes / Comments | P9: Remediation Owner | Q9: Budget Required | R9: Document Type | S9: Storage Location | T9: Access Control

Sheet Evidence Register
A1: EVIDENCE REGISTER
A2: Document all evidence collected during this assessment
A4: Evidence ID | B4: Evidence Type | C4: Description | D4: Related Sheet/Item | E4: Collection Date | F4: Collected By | G4: Retention Period | H4: Notes
A5: EV-001 | B5: Screenshot | C5: Sample — delete before use

Sheet Summary Dashboard
A1: STORAGE MEDIA INVENTORY — SUMMARY DASHBOARD
A2: ISO/IEC 27001:2022 — Control A.7.10: Storage Media | Inventory & Classification Assessment
A4: TABLE 1: ASSESSMENT AREA COMPLIANCE OVERVIEW
A5: Assessment Area | B5: Total Items | C5: Registered | D5: Transitional | E5: Unregistered/Lost | F5: N/A | G5: Compliance %
A6: Digital Storage Media | B6: =COUNTA('2. Digital Storage Media'!A11:A60) | C6: =COUNTIF('2. Digital Storage Media'!F11:F60,"Registered") | D6: =COUNTIF('2. Digital Storage Media'!F11:F60,"Pending Disposal")+COUNTIF('2. Digital Storage Media'!F11:F60,"In Transit") | E6: =COUNTIF('2. Digital Storage Media'!F11:F60,"Unregistered")+COUNTIF('2. Digital Storage Media'!F11:F60,"Lost/Stolen") | F6: =COUNTIF('2. Digital Storage Media'!F11:F60,"N/A") | G6: =IF((B6-F6)=0,0,C6/(B6-F6))
A7: Removable Media Registry | B7: =COUNTA('3. Removable Media Registry'!A11:A60) | C7: =COUNTIF('3. Removable Media Registry'!F11:F60,"Registered") | D7: =COUNTIF('3. Removable Media Registry'!F11:F60,"Pending Disposal")+COUNTIF('3. Removable Media Registry'!F11:F60,"In Transit") | E7: =COUNTIF('3. Removable Media Registry'!F11:F60,"Unregistered")+COUNTIF('3. Removable Media Registry'!F11:F60,"Lost/Stolen") | F7: =COUNTIF('3. Removable Media Registry'!F11:F60,"N/A") | G7: =IF((B7-F7)=0,0,C7/(B7-F7))
A8: Fixed Storage Assets | B8: =COUNTA('4. Fixed Storage Assets'!A11:A60) | C8: =COUNTIF('4. Fixed Storage Assets'!F11:F60,"Registered") | D8: =COUNTIF('4. Fixed Storage Assets'!F11:F60,"Pending Disposal")+COUNTIF('4. Fixed Storage Assets'!F11:F60,"In Transit") | E8: =COUNTIF('4. Fixed Storage Assets'!F11:F60,"Unregistered")+COUNTIF('4. Fixed Storage Assets'!F11:F60,"Lost/Stolen") | F8: =COUNTIF('4. Fixed Storage Assets'!F11:F60,"N/A") | G8: =IF((B8-F8)=0,0,C8/(B8-F8))
A9: Cloud Storage Mapping | B9: =COUNTA('5. Cloud Storage Mapping'!A11:A60) | C9: =COUNTIF('5. Cloud Storage Mapping'!F11:F60,"Registered") | D9: =COUNTIF('5. Cloud Storage Mapping'!F11:F60,"Pending Disposal")+COUNTIF('5. Cloud Storage Mapping'!F11:F60,"In Transit") | E9: =COUNTIF('5. Cloud Storage Mapping'!F11:F60,"Unregistered")+COUNTIF('5. Cloud Storage Mapping'!F11:F60,"Lost/Stolen") | F9: =COUNTIF('5. Cloud Storage Mapping'!F11:F60,"N/A") | G9: =IF((B9-F9)=0,0,C9/(B9-F9))
A10: Physical Documents | B10: =COUNTA('6. Physical Documents'!A11:A60) | C10: =COUNTIF('6. Physical Documents'!F11:F60,"Registered") | D10: =COUNTIF('6. Physical Documents'!F11:F60,"Pending Disposal")+COUNTIF('6. Physical Documents'!F11:F60,"In Transit") | E10: =COUNTIF('6. Physical Documents'!F11:F60,"Unregistered")+COUNTIF('6. Physical Documents'!F11:F60,"Lost/Stolen") | F10: =COUNTIF('6. Physical Documents'!F11:F60,"N/A") | G10: =IF((B10-F10)=0,0,C10/(B10-F10))
A11: TOTAL | B11: =SUM(B6:B10) | C11: =SUM(C6:C10) | D11: =SUM(D6:D10) | E11: =SUM(E6:E10) | F11: =SUM(F6:F10) | G11: =IF((B11-F11)=0,0,C11/(B11-F11))
A13: TABLE 2: KEY METRICS
A14: Metric | B14: Value
A15: Total Digital Media Items | B15: =COUNTA('2. Digital Storage Media'!A11:A60)
A16: Total Removable Media Items | B16: =COUNTA('3. Removable Media Registry'!A11:A60)
A17: Total Fixed Storage Systems | B17: =COUNTA('4. Fixed Storage Assets'!A11:A60)
A18: Total Cloud Storage Services | B18: =COUNTA('5. Cloud Storage Mapping'!A11:A60)
A19: Total Physical Document Locations | B19: =COUNTA('6. Physical Documents'!A11:A60)
A20: Unregistered Media Items | B20: =COUNTIF('2. Digital Storage Media'!F11:F60,"Unregistered")+COUNTIF('3. Removable Media Registry'!F11:F60,"Unregistered")+COUNTIF('4. Fixed Storage Assets'!F11:F60,"Unregistered")+COUNTIF('5. Cloud Storage Mapping'!F11:F60,"Unregistered")+COUNTIF('6. Physical Documents'!F11:F60,"Unregistered")
A21: Lost / Stolen Media Items | B21: =COUNTIF('2. Digital Storage Media'!F11:F60,"Lost/Stolen")+COUNTIF('3. Removable Media Registry'!F11:F60,"Lost/Stolen")+COUNTIF('4. Fixed Storage Assets'!F11:F60,"Lost/Stolen")+COUNTIF('5. Cloud Storage Mapping'!F11:F60,"Lost/Stolen")+COUNTIF('6. Physical Documents'!F11:F60,"Lost/Stolen")
A22: Media Pending Disposal | B22: =COUNTIF('2. Digital Storage Media'!F11:F60,"Pending Disposal")+COUNTIF('3. Removable Media Registry'!F11:F60,"Pending Disposal")+COUNTIF('4. Fixed Storage Assets'!F11:F60,"Pending Disposal")+COUNTIF('5. Cloud Storage Mapping'!F11:F60,"Pending Disposal")+COUNTIF('6. Physical Documents'!F11:F60,"Pending Disposal")
A23: Confidential Classification Media | B23: =COUNTIF('2. Digital Storage Media'!C11:C60,"Confidential")+COUNTIF('3. Removable Media Registry'!C11:C60,"Confidential")+COUNTIF('4. Fixed Storage Assets'!C11:C60,"Confidential")+COUNTIF('5. Cloud Storage Mapping'!C11:C60,"Confidential")+COUNTIF('6. Physical Documents'!C11:C60,"Confidential")
A24: Restricted Classification Media | B24: =COUNTIF('2. Digital Storage Media'!C11:C60,"Restricted")+COUNTIF('3. Removable Media Registry'!C11:C60,"Restricted")+COUNTIF('4. Fixed Storage Assets'!C11:C60,"Restricted")+COUNTIF('5. Cloud Storage Mapping'!C11:C60,"Restricted")+COUNTIF('6. Physical Documents'!C11:C60,"Restricted")
A25: High / Critical Risk Media Items | B25: =COUNTIF('2. Digital Storage Media'!M11:M60,"Critical")+COUNTIF('2. Digital Storage Media'!M11:M60,"High")+COUNTIF('3. Removable Media Registry'!M11:M60,"Critical")+COUNTIF('3. Removable Media Registry'!M11:M60,"High")
A26: Unencrypted Digital Media Items | B26: =COUNTIF('2. Digital Storage Media'!S11:S60,"Not Encrypted")
A27: Media Requiring Remediation Budget | B27: =COUNTIF('2. Digital Storage Media'!Q11:Q60,"Yes")+COUNTIF('3. Removable Media Registry'!Q11:Q60,"Yes")+COUNTIF('4. Fixed Storage Assets'!Q11:Q60,"Yes")+COUNTIF('5. Cloud Storage Mapping'!Q11:Q60,"Yes")+COUNTIF('6. Physical Documents'!Q11:Q60,"Yes")
A31: TABLE 3: CRITICAL FINDINGS REQUIRING IMMEDIATE ATTENTION
A32: Category | B32: Finding | C32: Count | D32: Severity | E32: Action Required
A33: Media Status | B33: Lost / Stolen media items | C33: =COUNTIF('2. Digital Storage Media'!F11:F60,"Lost/Stolen")+COUNTIF('3. Removable Media Registry'!F11:F60,"Lost/Stolen")+COUNTIF('4. Fixed Storage Assets'!F11:F60,"Lost/Stolen")+COUNTIF('5. Cloud Storage Mapping'!F11:F60,"Lost/Stolen")+COUNTIF('6. Physical Documents'!F11:F60,"Lost/Stolen") | D33: Critical | E33: Immediate
A34: Media Status | B34: Unregistered media items | C34: =COUNTIF('2. Digital Storage Media'!F11:F60,"Unregistered")+COUNTIF('3. Removable Media Registry'!F11:F60,"Unregistered")+COUNTIF('4. Fixed Storage Assets'!F11:F60,"Unregistered")+COUNTIF('5. Cloud Storage Mapping'!F11:F60,"Unregistered")+COUNTIF('6. Physical Documents'!F11:F60,"Unregistered") | D34: Critical | E34: Immediate
A35: Encryption | B35: Unencrypted digital media items | C35: =COUNTIF('2. Digital Storage Media'!S11:S60,"Not Encrypted") | D35: Critical | E35: Immediate
A36: Risk Assessment | B36: Critical risk media items | C36: =COUNTIF('2. Digital Storage Media'!M11:M60,"Critical")+COUNTIF('3. Removable Media Registry'!M11:M60,"Critical")+COUNTIF('4. Fixed Storage Assets'!M11:M60,"Critical")+COUNTIF('5. Cloud Storage Mapping'!M11:M60,"Critical")+COUNTIF('6. Physical Documents'!M11:M60,"Critical") | D36: High | E36: Urgent
A37: Media Status | B37: Media In Transit (custody tracking required) | C37: =COUNTIF('2. Digital Storage Media'!F11:F60,"In Transit")+COUNTIF('3. Removable Media Registry'!F11:F60,"In Transit")+COUNTIF('4. Fixed Storage Assets'!F11:F60,"In Transit")+COUNTIF('5. Cloud Storage Mapping'!F11:F60,"In Transit")+COUNTIF('6. Physical Documents'!F11:F60,"In Transit") | D37: Medium | E37: Monitor

Sheet Approval Sign-Off
A1: ASSESSMENT APPROVAL AND SIGN-OFF
A2: ISO/IEC 27001:2022 - Control A.7.10: Storage Media
A3: ASSESSMENT SUMMARY
A4: Document: | B4: ISMS-IMP-A.7.10.1 - Storage Media Inventory
A5: Assessment Period:
A6: Overall Compliance Rating: | B6: =IFERROR(AVERAGE('Summary Dashboard'!G6:G10),"")
A7: Assessment Status:
A8: Assessed By:
A11: COMPLETED BY (ASSESSOR)
A12: Name:
A13: Title:
A14: Date:
A15: Signature:
A16: Comments:
A18: REVIEWED BY (INFORMATION SECURITY OFFICER)
A19: Name:
A20: Title:
A21: Date:
... A38: Special Considerations:
