Workbook

Sheet Instructions & Legend
A1: ISMS-IMP-A.5.8.3 - Project Portfolio ISO/IEC 27001:2022 - Control A.5.8: Information Security in Project Management
A3: Document Information
A4: Document ID | B4: ISMS-IMP-A.5.8.3
A5: Workbook Title | B5: Project Portfolio
A6: Control Reference | B6: ISO/IEC 27001:2022 - Control A.5.8: Information Security in Project Management
A7: Version | B7: 1.0
A8: Assessment Date
A9: Completed By
A10: Organisation
A12: Instructions
A13: 1. Extract data from A.5.8.1 workbooks — populate Project Data sheet.
A14: 2. OR: Use consolidate_a58_dashboard.py for automated extraction.
A15: 3. Review Executive Summary for portfolio health status.
A16: 4. Review Gap Analysis for common security gaps.
A17: 5. Track trends quarter-over-quarter in Trend Analysis sheet.
A18: 6. Update quarterly or after major project milestones.
A20: Status Legend
A21: Symbol | B21: Status | C21: Description
A22: ✓ | B22: Compliant / Complete | C22: Requirement fully met
A23: ⚠ | B23: Partial / In Progress | C23: Partially met or in progress
A24: ✗ | B24: Non-Compliant / Not Started | C24: Requirement not met
A25: — | B25: Not Applicable | C25: Not applicable to this assessment

Sheet Project Data
A1: PROJECT DATA TABLE
A2: ISO/IEC 27001:2022 - Control A.5.8: Information Security in Project Management — Consolidated project security data from A.5.8.1 lifecycle assessments
A3: Project Name | B3: Classification | C3: PM | D3: Business Owner | E3: Phase | F3: Compliance % | G3: Initiation % | H3: Planning % | I3: Execution % | J3: Monitoring % | K3: Closure % | L3: Critical Gaps | M3: High Findings | N3: Deploy Date | O3: Last Assessment | P3: Notes
A4: Customer Portal v2.0 | B4: High | C4: Jane Smith | D4: Commercial Director | E4: Execution | F4: 0.72 | G4: 1 | H4: 0.88 | I4: 0.72 | L4: 2 | M4: 5 | P4: On track — security testing in progress

Sheet Summary Dashboard
A1: Project Portfolio — SUMMARY DASHBOARD
A2: ISO/IEC 27001:2022 - Control A.5.8: Information Security in Project Management
A3: COMPLIANCE ASSESSMENT SUMMARY
A4: Assessment Area | B4: Questions Answered | C4: No Gap | D4: Gap Identified | E4: N/A | F4: Target | G4: Compliance %
A5: Portfolio Compliance | B5: =COUNTA('Project Data'!A5:A54) | C5: =COUNTIF('Project Data'!F5:F54,">=0.7") | D5: =COUNTIF('Project Data'!F5:F54,"<0.7") | E5: 0 | F5: 80% | G5: =IFERROR(C5/(C5+D5)*100,0)
A6: Regulatory Compliance | B6: =COUNTA('Regulatory Compliance'!A4:A9) | C6: =COUNTIF('Regulatory Compliance'!E4:E9,"Compliant") | D6: =COUNTIF('Regulatory Compliance'!E4:E9,"Non-Compliant")+COUNTIF('Regulatory Compliance'!E4:E9,"Partial") | E6: 0 | F6: 90% | G6: =IFERROR(C6/(C6+D6)*100,0)
A7: TOTAL | B7: =SUM(B5:B6) | C7: =SUM(C5:C6) | D7: =SUM(D5:D6) | E7: =SUM(E5:E6) | F7: — | G7: =IFERROR(AVERAGE(G5:G6),0)
A9: PORTFOLIO ANALYTICS
A10: Metric | B10: Value | C10: Target
A11: Total Projects | B11: =COUNTA('Project Data'!A5:A54) | C11: ≥1
A12: High Risk Projects | B12: =COUNTIF('Project Data'!B5:B54,"High") | C12: —
A13: Portfolio Avg Compliance (%) | B13: =IFERROR(AVERAGE('Project Data'!F5:F54)*100,0) | C13: ≥70%
A14: Projects ≥85% Compliant | B14: =COUNTIF('Project Data'!F5:F54,">=0.85") | C14: —
A15: Projects <70% At Risk | B15: =COUNTIF('Project Data'!F5:F54,"<0.7") | C15: 0
A16: Total Critical Gaps | B16: =SUM('Project Data'!L5:L54) | C16: 0
A18: CRITICAL FINDINGS
A19: Critical Finding | B19: Status | C19: Severity
A20: Portfolio Compliance <70% | B20: =IF(G5<70,"[!] Below Target","[OK]") | C20: Critical
A21: Regulatory Compliance <80% | B21: =IF(G6<80,"[!] Below Target","[OK]") | C21: Critical
A22: Overall compliance <70% | B22: =IF(G7<70,"[!] Below Target","[OK]") | C22: Critical
A23: High-risk projects >5 | B23: =IF(COUNTIF('Project Data'!B5:B54,"High")>5,"[!] Review Required","[OK]") | C23: High
A24: Projects at-risk >3 (<70%) | B24: =IF(COUNTIF('Project Data'!F5:F54,"<0.7")>3,"[!] Review Required","[OK]") | C24: Critical

Sheet Project Status
A1: PROJECT STATUS
A2: ISO/IEC 27001:2022 - Control A.5.8: Information Security in Project Management — Per-project security compliance status linked from Project Data
A3: Project | B3: Classification | C3: Phase | D3: Compliance % | E3: Critical Gaps | F3: Status | G3: Owner | H3: Notes
A4: ='Project Data'!A5 | B4: ='Project Data'!B5 | C4: ='Project Data'!E5 | D4: ='Project Data'!F5 | E4: ='Project Data'!L5 | F4: =IF(D4>=0.85,">=85%",IF(D4<0.7,"<70%","70-84%")) | G4: ='Project Data'!C5 | H4: ='Project Data'!P5
A5: ='Project Data'!A6 | B5: ='Project Data'!B6 | C5: ='Project Data'!E6 | D5: ='Project Data'!F6 | E5: ='Project Data'!L6 | F5: =IF(D5>=0.85,">=85%",IF(D5<0.7,"<70%","70-84%")) | G5: ='Project Data'!C6 | H5: ='Project Data'!P6
A6: ='Project Data'!A7 | B6: ='Project Data'!B7 | C6: ='Project Data'!E7 | D6: ='Project Data'!F7 | E6: ='Project Data'!L7 | F6: =IF(D6>=0.85,">=85%",IF(D6<0.7,"<70%","70-84%")) | G6: ='Project Data'!C7 | H6: ='Project Data'!P7
A7: ='Project Data'!A8 | B7: ='Project Data'!B8 | C7: ='Project Data'!E8 | D7: ='Project Data'!F8 | E7: ='Project Data'!L8 | F7: =IF(D7>=0.85,">=85%",IF(D7<0.7,"<70%","70-84%")) | G7: ='Project Data'!C8 | H7: ='Project Data'!P8
A8: ='Project Data'!A9 | B8: ='Project Data'!B9 | C8: ='Project Data'!E9 | D8: ='Project Data'!F9 | E8: ='Project Data'!L9 | F8: =IF(D8>=0.85,">=85%",IF(D8<0.7,"<70%","70-84%")) | G8: ='Project Data'!C9 | H8: ='Project Data'!P9
A9: ='Project Data'!A10 | B9: ='Project Data'!B10 | C9: ='Project Data'!E10 | D9: ='Project Data'!F10 | E9: ='Project Data'!L10 | F9: =IF(D9>=0.85,">=85%",IF(D9<0.7,"<70%","70-84%")) | G9: ='Project Data'!C10 | H9: ='Project Data'!P10
A10: ='Project Data'!A11 | B10: ='Project Data'!B11 | C10: ='Project Data'!E11 | D10: ='Project Data'!F11 | E10: ='Project Data'!L11 | F10: =IF(D10>=0.85,">=85%",IF(D10<0.7,"<70%","70-84%")) | G10: ='Project Data'!C11 | H10: ='Project Data'!P11
A11: ='Project Data'!A12 | B11: ='Project Data'!B12 | C11: ='Project Data'!E12 | D11: ='Project Data'!F12 | E11: ='Project Data'!L12 | F11: =IF(D11>=0.85,">=85%",IF(D11<0.7,"<70%","70-84%")) | G11: ='Project Data'!C12 | H11: ='Project Data'!P12
A12: ='Project Data'!A13 | B12: ='Project Data'!B13 | C12: ='Project Data'!E13 | D12: ='Project Data'!F13 | E12: ='Project Data'!L13 | F12: =IF(D12>=0.85,">=85%",IF(D12<0.7,"<70%","70-84%")) | G12: ='Project Data'!C13 | H12: ='Project Data'!P13
A13: ='Project Data'!A14 | B13: ='Project Data'!B14 | C13: ='Project Data'!E14 | D13: ='Project Data'!F14 | E13: ='Project Data'!L14 | F13: =IF(D13>=0.85,">=85%",IF(D13<0.7,"<70%","70-84%")) | G13: ='Project Data'!C14 | H13: ='Project Data'!P14
A14: ='Project Data'!A15 | B14: ='Project Data'!B15 | C14: ='Project Data'!E15 | D14: ='Project Data'!F15 | E14: ='Project Data'!L15 | F14: =IF(D14>=0.85,">=85%",IF(D14<0.7,"<70%","70-84%")) | G14: ='Project Data'!C15 | H14: ='Project Data'!P15
A15: ='Project Data'!A16 | B15: ='Project Data'!B16 | C15: ='Project Data'!E16 | D15: ='Project Data'!F16 | E15: ='Project Data'!L16 | F15: =IF(D15>=0.85,">=85%",IF(D15<0.7,"<70%","70-84%")) | G15: ='Project Data'!C16 | H15: ='Project Data'!P16
... A54: ='Project Data'!A55 | B54: ='Project Data'!B55 | C54: ='Project Data'!E55 | D54: ='Project Data'!F55 | E54: ='Project Data'!L55 | F54: =IF(D54>=0.85,">=85%",IF(D54<0.7,"<70%","70-84%")) | G54: ='Project Data'!C55 | H54: ='Project Data'!P55

Sheet Gap Analysis
A1: GAP ANALYSIS
A2: ISO/IEC 27001:2022 - Control A.5.8: Information Security in Project Management — Common security gaps identified across the project portfolio
A3: Gap Category | B3: Description | C3: Frequency | D3: Impact | E3: Recommended Action
A4: Access Control | B4: MFA not consistently implemented across high-risk projects | C4: 8 | D4: High | E4: Mandate MFA for all Tier 1/2 system projects via updated security gate criteria

Sheet Trend Analysis
A1: TREND ANALYSIS
A2: ISO/IEC 27001:2022 - Control A.5.8: Information Security in Project Management — Quarter-over-quarter security compliance trends across the portfolio
A3: Quarter | B3: Total Projects | C3: Avg Compliance % | D3: High Risk Avg | E3: Medium Risk Avg | F3: Low Risk Avg
A4: Q1-2026 | B4: 8 | C4: 0.71 | D4: 0.65 | E4: 0.74 | F4: 0.82

Sheet Risk Prioritisation
A1: RISK PRIORITISATION MATRIX
A2: ISO/IEC 27001:2022 - Control A.5.8: Information Security in Project Management — Priority ranking of projects requiring security remediation action
A3: Priority | B3: Project Name | C3: Classification | D3: Compliance % | E3: Critical Gaps | F3: Action Required
A4: P1 | B4: Customer Portal v2.0 | C4: High | D4: 0.52 | E4: 3 | F4: Immediate: Schedule security gate review — 3 critical gaps open

Sheet Lessons Learned
A1: LESSONS LEARNED SYNTHESIS
A2: ISO/IEC 27001:2022 - Control A.5.8: Information Security in Project Management — Cross-project insights and recommendations for future projects
A3: Project | B3: Lesson Learned | C3: Category | D3: Recommendation
A4: Customer Portal v2.0 | B4: Security requirements defined late — caused 3-week delay during execution phase | C4: Requirements Definition | D4: Mandate security gate at project initiation: complete requirements register before planning phase begins

Sheet Regulatory Compliance
A1: REGULATORY COMPLIANCE VIEW
A2: ISO/IEC 27001:2022 - Control A.5.8: Information Security in Project Management — Compliance status by regulation across the portfolio
A3: Regulation | B3: Applicable Projects | C3: Compliance Rate | D3: Gaps | E3: Status
A4: GDPR
A5: nDSG (Swiss DPA)
A6: PCI DSS v4.0.1
A7: HIPAA
A8: ISO 27001
A9: SOC 2

Sheet Resources & Budget
A1: RESOURCES & BUDGET ANALYSIS
A2: ISO/IEC 27001:2022 - Control A.5.8: Information Security in Project Management — Security budget allocation and resource utilisation per project
A3: Project | B3: Security Budget (CHF) | C3: Actual Spend (CHF) | D3: % of Total Budget | E3: Resource FTE
A4: Customer Portal v2.0 | B4: 45000 | C4: 32500 | D4: 0.08 | E4: 1.5

Sheet Charts
A1: VISUALISATION PLACEHOLDERS
A3: CHART PLACEHOLDERS
A5: Create charts in Excel based on data from other sheets:
A6: 1. Portfolio Compliance Score - Gauge chart
A7: 2. Projects by Risk Classification - Pie chart
A8: 3. Compliance Distribution - Bar chart
A9: 4. Trend Analysis - Line chart (QoQ)
A10: 5. Gap Analysis - Pareto chart
A11: 6. Budget Allocation - Stacked bar chart

Sheet Approval Sign-Off
A1: ASSESSMENT APPROVAL AND SIGN-OFF
A2: ISO/IEC 27001:2022 - Control A.5.8: Information Security in Project Management
A3: ASSESSMENT REVIEW AND APPROVAL
A4: Role / Function | B4: Name | C4: Signature / Initials | D4: Date (DD.MM.YYYY) | E4: Comments
A5: Lead Assessor / Author
A6: IT Security Manager | B6: =IFERROR('Summary Dashboard'!G7,"")
A7: Reviewer (Technical / Compliance)
A8: CISO / Final Approver
A10: FINAL DECISION:
A13: NEXT REVIEW
A14: Next Review Date (DD.MM.YYYY)
A15: Review Owner
