Workbook

Sheet Instructions & Legend
A1: ISMS-IMP-A.5.8.2 - Security Requirements Register ISO/IEC 27001:2022 - Control A.5.8: Information Security in Project Management
A3: Document Information
A4: Document ID | B4: ISMS-IMP-A.5.8.2
A5: Workbook Title | B5: Security Requirements Register
A6: Control Reference | B6: ISO/IEC 27001:2022 - Control A.5.8: Information Security in Project Management
A7: Version | B7: 1.0
A8: Assessment Date
A9: Completed By
A10: Organisation
A12: Instructions
A13: 1. Review example requirements in Category sheets (Sheets 3–8).
A14: 2. Document all requirements in Requirements Register (Sheet 2).
A15: 3. Assign priorities: Must Have / Should Have / Nice to Have.
A16: 4. Track implementation status through lifecycle.
A17: 5. Update Traceability Matrix linking requirements to tests.
A18: 6. Complete Verification Checklist for testing tracking.
A19: 7. Conduct Gap Analysis for unimplemented requirements.
A21: Status Legend
A22: Symbol | B22: Status | C22: Description
A23: ✓ | B23: Compliant / Complete | C23: Requirement fully met
A24: ⚠ | B24: Partial / In Progress | C24: Partially met or in progress
A25: ✗ | B25: Non-Compliant / Not Started | C25: Requirement not met
A26: — | B26: Not Applicable | C26: Not applicable to this assessment

Sheet Requirements Register
A1: SECURITY REQUIREMENTS REGISTER
A2: ISO/IEC 27001:2022 - Control A.5.8: Information Security in Project Management — Track security requirements from identification through to verified implementation
A3: ID | B3: Category | C3: Requirement Statement | D3: Source | E3: Priority | F3: Acceptance Criteria | G3: Impl Status | H3: Assigned To | I3: Target Date | J3: Verification | K3: Test Status | L3: Evidence | M3: Notes
A4: REQ-001 | B4: Application Security | C4: System shall implement input validation for all user inputs using allowlist approach | D4: ISO 27001 A.8.24 | E4: Must Have | F4: All inputs validated; SQL injection test passes | G4: Not Started | H4: Development Team | J4: SAST | K4: Not Tested

Sheet App Security Examples
A1: EXAMPLE REQUIREMENTS: APPLICATION SECURITY
A3: Example Requirement | B3: Acceptance Criteria | C3: Verification Method
A4: System shall implement input validation for all user inputs using allowlist approach | B4: All inputs validated; SQL injection test passes; XSS test passes | C4: SAST + Penetration Test
A5: System shall enforce password complexity: minimum 12 characters, uppercase, lowercase, number, special | B5: Password policy configured; Weak password rejected | C5: Configuration Review
A6: System shall implement session timeout after 15 minutes of inactivity | B6: Session expires after 15 min; User redirected to login | C6: Functional Test
A7: System shall implement Role-Based Access Control (RBAC) with principle of least privilege | B7: All functions require role; Privilege escalation test fails | C7: Penetration Test
A8: System shall encrypt all sensitive data in transit using TLS 1.2 or higher | B8: All endpoints use HTTPS; TLS 1.0/1.1 disabled | C8: Vulnerability Scan
A9: System shall hash passwords using bcrypt with work factor >=12 | B9: Passwords hashed; bcrypt confirmed; Work factor >=12 | C9: Code Review
A10: System shall implement proper error handling without exposing sensitive information | B10: Generic error messages; Stack traces not exposed | C10: SAST
A11: System shall log all authentication attempts with timestamp and source IP | B11: Login events logged; Source IP recorded | C11: Configuration Review
A12: System shall implement API rate limiting: 100 requests per minute per API key | B12: Rate limit enforced; 101st request rejected | C12: Automated Test
A13: System shall validate and sanitise all file uploads: type check, size limit 10MB, malware scan | B13: File type validated; Malware scan performed | C13: Functional Test

Sheet Data Protection Examples
A1: EXAMPLE REQUIREMENTS: DATA PROTECTION
A3: Example Requirement | B3: Acceptance Criteria | C3: Verification Method
A4: System shall encrypt all PII at rest using AES-256 | B4: PII fields encrypted; AES-256 verified | C4: Configuration Review
A5: System shall encrypt Restricted data in transit using TLS 1.3 | B5: TLS 1.3 enabled; SSL Labs A+ rating | C5: Vulnerability Scan
A6: System shall implement data classification labelling | B6: All datasets classified; Labels visible | C6: Data Inspection
A7: System shall implement automated backup daily with 30-day retention | B7: Daily backups configured; 30-day retention verified | C7: Configuration Review
A8: System shall encrypt all backups using AES-256 | B8: Backup encryption enabled; AES-256 verified | C8: Configuration Review
A9: System shall implement point-in-time recovery with 7-day window | B9: PITR configured; 7-day window available | C9: Functional Test
A10: System shall implement data retention: Restricted 7 years, Confidential 3 years | B10: Retention policy documented; Automated deletion configured | C10: Document Review
A11: System shall implement secure data deletion using crypto-erasure or overwriting | B11: Deletion method documented; Deleted data unrecoverable | C11: Functional Test
A12: System shall implement data minimisation: collect only necessary data | B12: Data collection justified; Unnecessary fields not collected | C12: Document Review
A13: System shall implement DLP controls preventing unauthorised data exfiltration | B13: DLP solution deployed; Restricted data egress blocked | C13: Configuration Review

Sheet Access Control Examples
A1: EXAMPLE REQUIREMENTS: ACCESS CONTROL & AUTHENTICATION
A3: Example Requirement | B3: Acceptance Criteria | C3: Verification Method
A4: System shall implement least privilege access control | B4: Users have minimum required permissions | C4: Penetration Test
A5: System shall implement multi-factor authentication for privileged accounts | B5: Admin accounts require MFA; Password-only blocked | C5: Configuration Review
A6: System shall implement account lifecycle management | B6: Account creation/modification/deletion documented | C6: Document Review
A7: System shall implement privileged access management | B7: Privileged access logged and monitored | C7: Configuration Review
A8: System shall implement password rotation policy: 90 days maximum | B8: Password rotation enforced; 90-day max verified | C8: Configuration Review

Sheet Infrastructure Examples
A1: EXAMPLE REQUIREMENTS: INFRASTRUCTURE SECURITY
A3: Example Requirement | B3: Acceptance Criteria | C3: Verification Method
A4: System shall implement network segmentation separating prod from dev | B4: Network zones documented; Firewall enforcing segmentation | C4: Configuration Review
A5: System shall implement firewall rules following deny-by-default | B5: Default deny configured; Only required ports open | C5: Configuration Review
A6: System shall implement server hardening per CIS benchmarks | B6: CIS benchmark applied; Hardening verified | C6: Vulnerability Scan
A7: System shall implement patch management: critical patches within 30 days | B7: Patch management process documented; Critical patches applied | C7: Configuration Review
A8: System shall implement security monitoring and SIEM integration | B8: SIEM configured; Security events forwarded | C8: Configuration Review

Sheet Third-Party Examples
A1: EXAMPLE REQUIREMENTS: THIRD-PARTY SECURITY
A3: Example Requirement | B3: Acceptance Criteria | C3: Verification Method
A4: System shall conduct security assessment of vendors handling Restricted data | B4: Vendor security questionnaire completed; Assessment documented | C4: Document Review
A5: System shall implement vendor contracts with security requirements | B5: Contracts include security clauses; NDA executed | C5: Document Review
A6: System shall conduct API security assessment for third-party integrations | B6: API security review completed; Vulnerabilities remediated | C6: Penetration Test

Sheet Compliance Examples
A1: EXAMPLE REQUIREMENTS: COMPLIANCE & REGULATORY
A3: Example Requirement | B3: Acceptance Criteria | C3: Verification Method
A4: System shall comply with GDPR Article 32 security requirements | B4: TOMs documented; Risk assessment completed | C4: Document Review
A5: System shall comply with nDSG data protection requirements | B5: Swiss data residency verified; DPA executed | C5: Document Review
A6: System shall implement audit logging per ISO 27001 requirements | B6: Audit logs configured; 6-month retention | C6: Configuration Review

Sheet Traceability Matrix
A1: TRACEABILITY MATRIX
A2: ISO/IEC 27001:2022 - Control A.5.8: Information Security in Project Management — Link security requirements to design, implementation and test cases
A3: Req ID | B3: Design Artifact | C3: Implementation Reference | D3: Test Case ID | E3: Test Result | F3: Verified
A4: REQ-001 | B4: Security Architecture Doc v1.0 | C4: Auth module — src/auth/login.py | D4: TC-AUTH-001 | E4: Pass | F4: Yes

Sheet Verification Checklist
A1: VERIFICATION CHECKLIST
A2: ISO/IEC 27001:2022 - Control A.5.8: Information Security in Project Management — Track testing and verification status for each security requirement
A3: Requirement ID | B3: Verification Method | C3: Test Status | D3: Notes
A4: REQ-001 | B4: SAST + Penetration Test | C4: Pass | D4: Input validation verified — no SQL injection

Sheet Gap Analysis
A1: GAP ANALYSIS
A2: ISO/IEC 27001:2022 - Control A.5.8: Information Security in Project Management — Document and track security requirement gaps identified during assessment
A3: Req ID | B3: Gap Description | C3: Impact | D3: Remediation Action | E3: Owner | F3: Target Date
A4: REQ-005 | B4: MFA not implemented for admin accounts — current: password only | C4: High | D4: Implement MFA using TOTP/FIDO2 for all privileged accounts | E4: IT Security Team

Sheet Evidence Register
A1: EVIDENCE REGISTER
A2: ISO/IEC 27001:2022 - Control A.5.8: Information Security in Project Management
A4: Evidence ID | B4: Evidence Type | C4: Description | D4: Related Control / Section | E4: Collection Date (DD.MM.YYYY) | F4: Storage Location / Reference | G4: Collected By | H4: Status
A5: EV-001 | B5: Document | C5: Sample evidence entry — replace with actual evidence | D5: All Controls | E5: 01.01.2026 | F5: SharePoint/ISMS/Evidence/ | G5: ISMS Team | H5: Active

Sheet Summary Dashboard
A1: Security Requirements Register — SUMMARY DASHBOARD
A2: ISO/IEC 27001:2022 - Control A.5.8: Information Security in Project Management
A3: COMPLIANCE ASSESSMENT SUMMARY
A4: Assessment Area | B4: Questions Answered | C4: No Gap | D4: Gap Identified | E4: N/A | F4: Target | G4: Compliance %
A5: Requirements Register | B5: =COUNTA('Requirements Register'!G5:G54) | C5: =COUNTIF('Requirements Register'!G5:G54,"Implemented")+COUNTIF('Requirements Register'!G5:G54,"Verified") | D5: =COUNTIF('Requirements Register'!G5:G54,"Not Started")+COUNTIF('Requirements Register'!G5:G54,"In Progress") | E5: 0 | F5: 90% | G5: =IFERROR(C5/(C5+D5)*100,0)
A6: Traceability Matrix | B6: =COUNTA('Traceability Matrix'!F5:F54) | C6: =COUNTIF('Traceability Matrix'!F5:F54,"Yes") | D6: =COUNTIF('Traceability Matrix'!F5:F54,"No") | E6: 0 | F6: 85% | G6: =IFERROR(C6/(C6+D6)*100,0)
A7: Verification Checklist | B7: =COUNTA('Verification Checklist'!C5:C54) | C7: =COUNTIF('Verification Checklist'!C5:C54,"Pass") | D7: =COUNTIF('Verification Checklist'!C5:C54,"Fail")+COUNTIF('Verification Checklist'!C5:C54,"Not Tested")+COUNTIF('Verification Checklist'!C5:C54,"Blocked") | E7: 0 | F7: 90% | G7: =IFERROR(C7/(C7+D7)*100,0)
A8: TOTAL | B8: =SUM(B5:B7) | C8: =SUM(C5:C7) | D8: =SUM(D5:D7) | E8: =SUM(E5:E7) | F8: — | G8: =IFERROR(AVERAGE(G5:G7),0)
A10: REQUIREMENTS HEALTH METRICS
A11: Metric | B11: Value | C11: Target
A12: Total Requirements | B12: =COUNTA('Requirements Register'!A5:A54) | C12: ≥5
A13: Implemented/Verified | B13: =COUNTIF('Requirements Register'!G5:G54,"Implemented")+COUNTIF('Requirements Register'!G5:G54,"Verified") | C13: ≥1
A14: Must Have Requirements | B14: =COUNTIF('Requirements Register'!E5:E54,"Must Have") | C14: ≥1
A15: Traceability Coverage (%) | B15: =IFERROR(COUNTIF('Traceability Matrix'!F5:F54,"Yes")/COUNTA('Traceability Matrix'!A5:A54)*100,0) | C15: ≥85%
A16: Verification Pass Rate (%) | B16: =G7 | C16: ≥90%
A17: Open Gaps | B17: =COUNTA('Gap Analysis'!A5:A54) | C17: 0
A19: CRITICAL FINDINGS
A20: Critical Finding | B20: Status | C20: Severity
A21: Requirements Register <70% | B21: =IF(G5<70,"[!] Below Target","[OK]") | C21: Critical
A22: Traceability Matrix <70% | B22: =IF(G6<70,"[!] Below Target","[OK]") | C22: High
A23: Verification Checklist <70% | B23: =IF(G7<70,"[!] Below Target","[OK]") | C23: Critical
A24: Overall compliance <70% | B24: =IF(G8<70,"[!] Below Target","[OK]") | C24: Critical
A25: Open Gaps >10 | B25: =IF(COUNTA('Gap Analysis'!A5:A54)>10,"[!] Review Required","[OK]") | C25: High

Sheet Approval Sign-Off
A1: ASSESSMENT APPROVAL AND SIGN-OFF
A2: ISO/IEC 27001:2022 - Control A.5.8: Information Security in Project Management
A3: ASSESSMENT REVIEW AND APPROVAL
A4: Role / Function | B4: Name | C4: Signature / Initials | D4: Date (DD.MM.YYYY) | E4: Comments
A5: Lead Assessor / Author
A6: IT Security Manager | B6: =IFERROR(AVERAGE('Summary Dashboard'!G5:G7),"")
A7: Reviewer (Technical / Compliance)
A8: CISO / Final Approver
A10: FINAL DECISION:
A13: NEXT REVIEW
A14: Next Review Date (DD.MM.YYYY)
A15: Review Owner
