Workbook

Sheet Instructions & Legend
A1: ISMS-IMP-A.5.8.1 - Project Lifecycle Assessment ISO/IEC 27001:2022 - Control A.5.8: Information Security in Project Management
A3: Document Information
A4: Document ID | B4: ISMS-IMP-A.5.8.1
A5: Workbook Title | B5: Project Lifecycle Assessment
A6: Control Reference | B6: ISO/IEC 27001:2022 - Control A.5.8: Information Security in Project Management
A7: Version | B7: 1.0
A8: Assessment Date
A9: Completed By
A10: Organisation
A12: Instructions
A13: 1. Complete Sheet 2 (Project Classification) — determine risk level before starting.
A14: 2. Complete Sheets 3–7 (Phase sheets) — work through each phase sequentially.
A15: 3. Review Summary Dashboard — automated phase completion scores.
A16: 4. Complete Sheet 9 (Evidence Register) — document supporting evidence.
A17: 5. Obtain approvals in Sheet 10 (Approval Sign-Off).
A19: Status Legend
A20: Symbol | B20: Status | C20: Description
A21: ✓ | B21: Compliant / Complete | C21: Requirement fully met
A22: ⚠ | B22: Partial / In Progress | C22: Partially met or in progress
A23: ✗ | B23: Non-Compliant / Not Started | C23: Requirement not met
A24: — | B24: Not Applicable | C24: Not applicable to this assessment

Sheet 2. Project Classification
A1: PHASE 0: PROJECT CLASSIFICATION
A2: ISO/IEC 27001:2022 - Control A.5.8: Information Security in Project Management — Risk-based classification using 6-factor scoring matrix
A3: Project Name:
A4: Project Manager:
A6: CLASSIFICATION WORKSHOP (30-60 minutes)
A7: 1. Gather stakeholders: PM, Security, Business Owner, Technical Lead (5 min)
A8: 2. Review each factor below and score High/Medium/Low (20-30 min)
A9: 3. Discuss edge cases and document rationale (10-15 min)
A10: 4. Confirm final classification and next steps (5 min)
A12: CLASSIFICATION DECISION MATRIX (6 Factors):
A13: Factor | B13: High (3 pts) | C13: Medium (2 pts) | D13: Low (1 pt) | E13: Score | F13: Rationale
A14: Data Sensitivity | B14: Restricted/Special Category PII | C14: Confidential/Internal PII | D14: Public/Non-sensitive
A15: System Criticality | B15: Tier 1 (RTO <4hr) | C15: Tier 2 (RTO 4-24hr) | D15: Tier 3+ (RTO >24hr)
A16: Regulatory Scope | B16: Multiple regulations (GDPR+PCI+etc) | C16: Single major regulation | D16: General compliance only
A17: External Exposure | B17: Internet-facing, customer data | C17: Partner/B2B access | D17: Internal only
A18: Technical Complexity | B18: New technology, high integration | C18: Moderate complexity | D18: Standard/proven stack
A19: Third-Party Involvement | B19: Critical outsourced development | C19: Vendor components | D19: Internal development
A21: TOTAL SCORE: | E21: =SUM(E14:E19)
A22: CALCULATED RISK LEVEL: | B22: =IF(E21>=15,"High",IF(E21>=10,"Medium","Low"))
A23: (High: 15-18 pts | Medium: 10-14 pts | Low: 6-9 pts)
A26: COMMON CLASSIFICATION SCENARIOS (Reference Examples):
A27: Scenario Description | B27: Typical Classification | C27: Key Factors
A28: Customer-facing web portal with payment processing | B28: High | C28: External exposure + PCI DSS v4.0.1 + customer PII
A29: Internal HR system with employee data | B29: Medium | C29: Internal PII but limited exposure
A30: Marketing website refresh (static content) | B30: Low | C30: Public data, no integration
A31: Cloud migration of core ERP system | B31: High | C31: Critical system + complexity + third-party
A32: Mobile app for field service technicians | B32: Medium | C32: Internal users but external network
A33: Data analytics dashboard (aggregated metrics) | B33: Low | C33: No PII, internal only
A34: Third-party SaaS integration (CRM) | B34: Medium | C34: Vendor involvement + customer data subset
A35: Legacy system decommissioning | B35: Medium | C35: Data retention + secure disposal needs

Sheet 3. Initiation Phase
A1: PHASE 1: INITIATION
A2: ISO/IEC 27001:2022 - Control A.5.8: Information Security in Project Management — Security activities and gate reviews for this project phase
A3: Activity | B3: Status | C3: Completion Date | D3: Evidence Link | E3: Notes
A4: Identify security stakeholders and establish communication plan | B4: Not Done

Sheet 4. Planning Phase
A1: PHASE 2: PLANNING
A2: ISO/IEC 27001:2022 - Control A.5.8: Information Security in Project Management — Security activities and gate reviews for this project phase
A3: Activity | B3: Status | C3: Completion Date | D3: Evidence Link | E3: Notes
A4: Document detailed security requirements (link to A.5.8.2 Register) | B4: Not Done

Sheet 5. Execution Phase
A1: PHASE 3: EXECUTION
A2: ISO/IEC 27001:2022 - Control A.5.8: Information Security in Project Management — Security activities and gate reviews for this project phase
A3: Activity | B3: Status | C3: Completion Date | D3: Evidence Link | E3: Notes
A4: Execute security testing per test plan (SAST, DAST, etc.) | B4: Not Done

Sheet 6. Monitoring Phase
A1: PHASE 4: MONITORING
A2: ISO/IEC 27001:2022 - Control A.5.8: Information Security in Project Management — Security activities and gate reviews for this project phase
A3: Activity | B3: Status | C3: Completion Date | D3: Evidence Link | E3: Notes
A4: Monitor ongoing compliance with security requirements | B4: Not Done

Sheet 7. Closure Phase
A1: PHASE 5: CLOSURE
A2: ISO/IEC 27001:2022 - Control A.5.8: Information Security in Project Management — Security activities and gate reviews for this project phase
A3: Activity | B3: Status | C3: Completion Date | D3: Evidence Link | E3: Notes
A4: Complete security handover documentation | B4: Not Done

Sheet Evidence Register
A1: EVIDENCE REGISTER
A2: ISO/IEC 27001:2022 - Control A.5.8: Information Security in Project Management
A4: Evidence ID | B4: Evidence Type | C4: Description | D4: Related Control / Section | E4: Collection Date (DD.MM.YYYY) | F4: Storage Location / Reference | G4: Collected By | H4: Status
A5: EV-001 | B5: Document | C5: Sample evidence entry — replace with actual evidence | D5: All Controls | E5: 01.01.2026 | F5: SharePoint/ISMS/Evidence/ | G5: ISMS Team | H5: Active

Sheet Summary Dashboard
A1: Project Lifecycle Assessment — SUMMARY DASHBOARD
A2: ISO/IEC 27001:2022 - Control A.5.8: Information Security in Project Management
A3: COMPLIANCE ASSESSMENT SUMMARY
A4: Assessment Area | B4: Questions Answered | C4: No Gap | D4: Gap Identified | E4: N/A | F4: Target | G4: Compliance %
A5: Initiation Phase | B5: =COUNTA('3. Initiation Phase'!B5:B54) | C5: =COUNTIF('3. Initiation Phase'!B5:B54,"Complete") | D5: =COUNTIF('3. Initiation Phase'!B5:B54,"In Progress")+COUNTIF('3. Initiation Phase'!B5:B54,"Incomplete")+COUNTIF('3. Initiation Phase'!B5:B54,"Not Done") | E5: =COUNTIF('3. Initiation Phase'!B5:B54,"N/A") | F5: 85% | G5: =IFERROR(C5/(C5+D5)*100,0)
A6: Planning Phase | B6: =COUNTA('4. Planning Phase'!B5:B54) | C6: =COUNTIF('4. Planning Phase'!B5:B54,"Complete") | D6: =COUNTIF('4. Planning Phase'!B5:B54,"In Progress")+COUNTIF('4. Planning Phase'!B5:B54,"Incomplete")+COUNTIF('4. Planning Phase'!B5:B54,"Not Done") | E6: =COUNTIF('4. Planning Phase'!B5:B54,"N/A") | F6: 85% | G6: =IFERROR(C6/(C6+D6)*100,0)
A7: Execution Phase | B7: =COUNTA('5. Execution Phase'!B5:B54) | C7: =COUNTIF('5. Execution Phase'!B5:B54,"Complete") | D7: =COUNTIF('5. Execution Phase'!B5:B54,"In Progress")+COUNTIF('5. Execution Phase'!B5:B54,"Incomplete")+COUNTIF('5. Execution Phase'!B5:B54,"Not Done") | E7: =COUNTIF('5. Execution Phase'!B5:B54,"N/A") | F7: 85% | G7: =IFERROR(C7/(C7+D7)*100,0)
A8: Monitoring Phase | B8: =COUNTA('6. Monitoring Phase'!B5:B54) | C8: =COUNTIF('6. Monitoring Phase'!B5:B54,"Complete") | D8: =COUNTIF('6. Monitoring Phase'!B5:B54,"In Progress")+COUNTIF('6. Monitoring Phase'!B5:B54,"Incomplete")+COUNTIF('6. Monitoring Phase'!B5:B54,"Not Done") | E8: =COUNTIF('6. Monitoring Phase'!B5:B54,"N/A") | F8: 85% | G8: =IFERROR(C8/(C8+D8)*100,0)
A9: Closure Phase | B9: =COUNTA('7. Closure Phase'!B5:B54) | C9: =COUNTIF('7. Closure Phase'!B5:B54,"Complete") | D9: =COUNTIF('7. Closure Phase'!B5:B54,"In Progress")+COUNTIF('7. Closure Phase'!B5:B54,"Incomplete")+COUNTIF('7. Closure Phase'!B5:B54,"Not Done") | E9: =COUNTIF('7. Closure Phase'!B5:B54,"N/A") | F9: 85% | G9: =IFERROR(C9/(C9+D9)*100,0)
A10: TOTAL | B10: =SUM(B5:B9) | C10: =SUM(C5:C9) | D10: =SUM(D5:D9) | E10: =SUM(E5:E9) | F10: — | G10: =IFERROR(AVERAGE(G5:G9),0)
A12: PHASE PERFORMANCE METRICS
A13: Metric | B13: Value | C13: Target
A14: Risk Classification | B14: ='2. Project Classification'!B18 | C14: —
A15: Total Activities Tracked | B15: =COUNTA('3. Initiation Phase'!B5:B54)+COUNTA('4. Planning Phase'!B5:B54)+COUNTA('5. Execution Phase'!B5:B54)+COUNTA('6. Monitoring Phase'!B5:B54)+COUNTA('7. Closure Phase'!B5:B54) | C15: ≥5
A16: Activities Complete | B16: =COUNTIF('3. Initiation Phase'!B5:B54,"Complete")+COUNTIF('4. Planning Phase'!B5:B54,"Complete")+COUNTIF('5. Execution Phase'!B5:B54,"Complete")+COUNTIF('6. Monitoring Phase'!B5:B54,"Complete")+COUNTIF('7. Closure Phase'!B5:B54,"Complete") | C16: ≥1
A17: Phases at Target (≥85%) | B17: =COUNTIF(G5:G9,">=85") | C17: 5
A18: Phases Below Critical (<70%) | B18: =COUNTIF(G5:G9,"<70") | C18: 0
A20: CRITICAL FINDINGS
A21: Critical Finding | B21: Status | C21: Severity
A22: Initiation Phase <70% | B22: =IF(G5<70,"[!] Below Target","[OK]") | C22: Critical
A23: Planning Phase <70% | B23: =IF(G6<70,"[!] Below Target","[OK]") | C23: Critical
A24: Execution Phase <70% | B24: =IF(G7<70,"[!] Below Target","[OK]") | C24: Critical
A25: Monitoring Phase <70% | B25: =IF(G8<70,"[!] Below Target","[OK]") | C25: High
A26: Closure Phase <70% | B26: =IF(G9<70,"[!] Below Target","[OK]") | C26: High
A27: Overall compliance <70% | B27: =IF(G10<70,"[!] Below Target","[OK]") | C27: Critical

Sheet Approval Sign-Off
A1: ASSESSMENT APPROVAL AND SIGN-OFF
A2: ISO/IEC 27001:2022 - Control A.5.8: Information Security in Project Management
A3: ASSESSMENT REVIEW AND APPROVAL
A4: Role / Function | B4: Name | C4: Signature / Initials | D4: Date (DD.MM.YYYY) | E4: Comments
A5: Lead Assessor / Author
A6: IT Security Manager | B6: =IFERROR(AVERAGE('Summary Dashboard'!G5:G9),"")
A7: Reviewer (Technical / Compliance)
A8: CISO / Final Approver
A10: FINAL DECISION:
A13: NEXT REVIEW
A14: Next Review Date (DD.MM.YYYY)
A15: Review Owner
