Workbook

Sheet Instructions & Legend
A1: ISMS-IMP-A.8.32.2 - Change Types & Categories Assessment ISO/IEC 27001:2022 - Control A.8.32: Change Management
A3: Document Information
A4: Document ID | B4: ISMS-IMP-A.8.32.2
A5: Workbook Title | B5: Change Types & Categories Assessment
A6: Control Reference | B6: ISO/IEC 27001:2022 - Control A.8.32: Change Management
A7: Version | B7: 1.0
A8: Assessment Date
A9: Completed By
A10: Organisation
A12: Instructions
A13: 1. Complete the Standard Changes Catalog with YOUR pre-approved changes.
A14: 2. Document YOUR normal change assessment criteria.
A15: 3. Define YOUR emergency change triggers and procedures.
A16: 4. Configure YOUR change risk classification matrix.
A17: 5. Document YOUR change calendar management approach.
A18: 6. Review the Summary Dashboard for compliance metrics.
A19: 7. Maintain the Evidence Register for audit traceability.
A20: 8. Obtain final approval and sign-off.
A22: Status Legend
A23: Symbol | B23: Status | C23: Description
A24: ✓ | B24: Compliant / Complete | C24: Requirement fully met
A25: ⚠ | B25: Partial / In Progress | C25: Partially met or in progress
A26: ✗ | B26: Non-Compliant / Not Started | C26: Requirement not met
A27: — | B27: Not Applicable | C27: Not applicable to this assessment

Sheet Standard Changes Catalog
A1: STANDARD CHANGES CATALOG
A2: Pre-approved, low-risk changes with documented procedures
A4: Change ID | B4: Change Title | C4: Description | D4: Category | E4: Frequency | F4: Pre-requisites | G4: Procedure Location | H4: Owner | I4: Approval Date | J4: Review Date | K4: Risk Level | L4: Status | M4: Evidence
A5: STD-001 | B5: Restart Application Server | C5: Standard procedure to restart application server after configuration changes | D5: Application | E5: Weekly | F5: Business approval, maintenance window scheduled | G5: \\procedures\app_server_restart.pdf | H5: Application Support Team | I5: 15.01.2025 | J5: 15.01.2026 | K5: Low | L5: Active | M5: EV-APP-001
A58: STANDARD CHANGE SUMMARY METRICS
A59: Metric | B59: Value | C59: Notes
A60: Total Standard Changes Defined | B60: [FORMULA]
A61: Active Standard Changes | B61: [FORMULA]
A62: Standard Changes Under Review | B62: [FORMULA]
A63: Standard Changes Requiring Annual Review | B63: [FORMULA]
A64: Most Common Category | B64: [FORMULA]
A65: Average Age of Standard Changes | B65: [FORMULA]

Sheet Normal Change Classification
A1: NORMAL CHANGES ASSESSMENT
A2: Changes requiring risk assessment, approval, and CAB review
A4: NORMAL CHANGE CRITERIA
A5: Criterion | B5: Defined | C5: Documentation Reference | D5: Assessment Method | E5: Responsible Role | F5: Compliance | G5: Evidence
A6: Change does not meet Standard criteria
A7: Change is not an emergency
A8: Risk assessment required
A9: Impact assessment required
A10: CAB review required (based on risk)
A11: Business justification required
A12: Implementation plan required
A13: Test plan required
A14: Rollback plan required
A15: Communication plan required
A16: PIR (Post-Implementation Review) required
A17: Change window scheduling required
A20: RISK-BASED APPROVAL PATHS
A21: Risk Category | B21: Impact Category | C21: Approval Authority | D21: CAB Review | E21: Typical Timeline | F21: Success Rate | G21: Documented | H21: Evidence
A22: Low | B22: Low
A23: Low | B23: Medium
A24: Low | B24: High
A25: Medium | B25: Low
A26: Medium | B26: Medium
A27: Medium | B27: High
A28: High | B28: Low
A29: High | B29: Medium
A30: High | B30: High
A31: Critical | B31: Any

Sheet Emergency Change Procedures
A1: EMERGENCY CHANGES
A2: Urgent changes meeting specific emergency criteria with E-CAB approval
A4: EMERGENCY CRITERIA DEFINITION
A5: Emergency Criterion | B5: Defined | C5: Specific Triggers | D5: Escalation Path | E5: Response Time SLA | F5: Documented | G5: Evidence
A6: System Outage (Critical Services)
A7: Security Incident Response
A8: Data Loss Prevention
A9: Regulatory Compliance Deadline
A10: Health & Safety Risk
A11: Business Continuity Threat
A12: [Custom Criterion 1]
A13: [Custom Criterion 2]
A16: EMERGENCY CHANGE PROCESS REQUIREMENTS
A17: Requirement | B17: Implemented | C17: Process Description | D17: Responsible Role | E17: Exceptions Allowed | F17: Compliance | G17: Evidence
A18: Emergency criteria must be met
A19: E-CAB convened
A20: Minimum E-CAB members defined
A21: Emergency approval documented
A22: Risk acceptance explicit
A23: Communication immediate
A24: Implementation window immediate
A25: Rollback plan prepared (where feasible)
A26: Incident ticket linked
A27: Mandatory PIR within 2 business days
A28: Retrospective CAB review
A29: Emergency change metrics tracked
A32: EMERGENCY CHANGE METRICS
A33: Metric | B33: Target | C33: Current (Last Quarter) | D33: Status | E33: Notes
A34: Emergency changes as % of total changes | B34: <5%
A35: Average E-CAB response time | B35: <4 hours
A36: Emergency changes with PIR completed | B36: 100%
A37: Emergency changes leading to incidents | B37: 0%
A38: Retrospective CAB review completion | B38: 100%
A39: False emergency declarations | B39: <5%
A40: Emergency change success rate | B40: >95%

Sheet Risk Assessment Matrix
A1: CHANGE RISK CLASSIFICATION MATRIX
A2: Risk = Impact × Likelihood methodology
A4: IMPACT LEVEL DEFINITIONS
A5: Impact Level | B5: User Count Affected | C5: Service Downtime Potential | D5: Recovery Time | E5: Data Loss Risk | F5: Financial Impact | G5: Documented | H5: Evidence
A6: Low
A7: Medium
A8: High
A9: Critical
A12: LIKELIHOOD LEVEL DEFINITIONS
A13: Likelihood Level | B13: Failure Probability | C13: Complexity | D13: Dependencies | E13: Testing Maturity | F13: Historical Success Rate | G13: Documented | H13: Evidence
A14: Low
A15: Medium
A16: High
A19: RISK MATRIX (Impact × Likelihood)
B20: Low Impact | C20: Medium Impact | D20: High Impact | E20: Critical Impact
A21: Low Likelihood | B21: LOW RISK | C21: LOW RISK | D21: MEDIUM RISK | E21: HIGH RISK
A22: Medium Likelihood | B22: LOW RISK | C22: MEDIUM RISK | D22: HIGH RISK | E22: CRITICAL RISK
A23: High Likelihood | B23: MEDIUM RISK | C23: HIGH RISK | D23: CRITICAL RISK | E23: CRITICAL RISK

Sheet Change Calendar Management
A1: CHANGE CALENDAR MANAGEMENT
A2: Scheduling, blackout windows, and conflict detection
A4: CHANGE WINDOW DEFINITIONS
A5: Change Window | B5: Days/Times | C5: Applicable Change Types | D5: Approval Required | E5: Advance Notice | F5: Documented | G5: Evidence
A6: Standard Maintenance Window
A7: Business Hours (Restricted)
A8: After-Hours Window
A9: Emergency Window
A10: [Custom Window 1]
A11: [Custom Window 2]
A14: BLACKOUT PERIODS
A15: Blackout Period | B15: Start Date | C15: End Date | D15: Reason | E15: Affected Systems/Services | F15: Exceptions Allowed | G15: Exception Approver | H15: Documented | I15: Evidence
A16: Year-End Freeze | B16: 20.12.2025 | C16: 05.01.2026 | D16: Financial Close | E16: All production systems | F16: Critical only | G16: CTO | H16: Documented | I16: EV-BL-001

Sheet Classification Metrics
A1: CHANGE CLASSIFICATION METRICS
A2: Track metrics related to change type distribution and classification accuracy
A4: CHANGE TYPE DISTRIBUTION METRICS
A5: Metric | B5: Target | C5: Current | D5: Period | E5: Trend | F5: Status | G5: Owner | H5: Notes
A6: Standard Changes % | B6: >60% | D6: Monthly
A7: Normal Changes % | B7: 25-35% | D7: Monthly
A8: Emergency Changes % | B8: <5% | D8: Monthly
A9: Classification Accuracy | B9: >95% | D9: Monthly
A10: Re-Classification Rate | B10: <2% | D10: Monthly
A11: Standard Catalog Utilization | B11: >80% | D11: Monthly
A14: CLASSIFICATION ACCURACY TRACKING
A15: Period | B15: Total Changes | C15: Correctly Classified | D15: Misclassified | E15: Accuracy % | F15: Review Date | G15: Reviewer
A16: 2025 Q4 | B16: 142 | C16: 139 | D16: 3 | E16: 97.9% | F16: 15.01.2026 | G16: Change Manager

Sheet Evidence Register
A1: EVIDENCE REGISTER
A2: Document all evidence collected during this assessment
A4: Evidence ID | B4: Assessment Area | C4: Evidence Type | D4: Description | E4: Location / Path | F4: Date Collected | G4: Collected By | H4: Verification Status
A5: EV-001 | B5: Change Types Assessment | C5: System Screenshot | D5: Standard change catalog export from ITSM tool | E5: \\fileserver\evidence\std_change_catalog_20260115.xlsx | F5: 15.01.2026 | G5: Change Administrator | H5: ✅ Verified

Sheet Summary Dashboard
A1: CHANGE TYPES ASSESSMENT — SUMMARY DASHBOARD
A2: ISO/IEC 27001:2022 — Control A.8.32: Change Management
A4: TABLE 1: ASSESSMENT AREA COMPLIANCE OVERVIEW
A5: Assessment Area | B5: Total Items | C5: Compliant | D5: Partial | E5: Non-Compliant | F5: N/A | G5: Compliance %
A6: Standard Changes Catalog | B6: =COUNTA('Standard Changes Catalog'!A6:A65) | C6: =COUNTIF('Standard Changes Catalog'!L6:L65,"✅ Active") | D6: =COUNTIF('Standard Changes Catalog'!L6:L65,"⚠ Under Review") | E6: =COUNTIF('Standard Changes Catalog'!L6:L65,"❌ Retired")+COUNTIF('Standard Changes Catalog'!L6:L65,"Proposed") | F6: 0 | G6: =IF((B6-F6)=0,0,C6/(B6-F6))
A7: Normal Change Classification | B7: =COUNTA('Normal Change Classification'!A6:A55) | C7: =COUNTIF('Normal Change Classification'!F6:F55,"✅ Yes") | D7: =COUNTIF('Normal Change Classification'!F6:F55,"⚠ Partial") | E7: =COUNTIF('Normal Change Classification'!F6:F55,"❌ No") | F7: 0 | G7: =IF((B7-F7)=0,0,C7/(B7-F7))
A8: Emergency Change Procedures | B8: =COUNTA('Emergency Change Procedures'!A17:A40) | C8: =COUNTIF('Emergency Change Procedures'!B17:B40,"✅ Always") | D8: =COUNTIF('Emergency Change Procedures'!B17:B40,"⚠ Sometimes") | E8: =COUNTIF('Emergency Change Procedures'!B17:B40,"❌ Never")+COUNTIF('Emergency Change Procedures'!B17:B40,"Planned") | F8: 0 | G8: =IF((B8-F8)=0,0,C8/(B8-F8))
A9: Risk Assessment Matrix - Impact Levels | B9: =COUNTA('Risk Assessment Matrix'!A6:A16) | C9: =COUNTIF('Risk Assessment Matrix'!G6:G16,"✅ Defined") | D9: =COUNTIF('Risk Assessment Matrix'!G6:G16,"⚠ Partial") | E9: =COUNTIF('Risk Assessment Matrix'!G6:G16,"❌ Not Defined")+COUNTIF('Risk Assessment Matrix'!G6:G16,"Planned") | F9: 0 | G9: =IF((B9-F9)=0,0,C9/(B9-F9))
A10: Risk Assessment Matrix - Likelihood Levels | B10: =COUNTA('Risk Assessment Matrix'!A14:A16) | C10: =COUNTIF('Risk Assessment Matrix'!G14:G16,"✅ Defined") | D10: =COUNTIF('Risk Assessment Matrix'!G14:G16,"⚠ Partial") | E10: =COUNTIF('Risk Assessment Matrix'!G14:G16,"❌ Not Defined")+COUNTIF('Risk Assessment Matrix'!G14:G16,"Planned") | F10: 0 | G10: =IF((B10-F10)=0,0,C10/(B10-F10))
A11: Change Calendar Management - Change Windows | B11: =COUNTA('Change Calendar Management'!A6:A66) | C11: =COUNTIF('Change Calendar Management'!F6:F66,"✅ Defined") | D11: =COUNTIF('Change Calendar Management'!F6:F66,"⚠ Partial") | E11: =COUNTIF('Change Calendar Management'!F6:F66,"❌ Not Defined")+COUNTIF('Change Calendar Management'!F6:F66,"Planned") | F11: 0 | G11: =IF((B11-F11)=0,0,C11/(B11-F11))
A12: Change Calendar Management - Blackout Periods | B12: =COUNTA('Change Calendar Management'!A16:A66) | C12: =COUNTIF('Change Calendar Management'!H16:H66,"✅ Defined") | D12: =COUNTIF('Change Calendar Management'!H16:H66,"⚠ Partial") | E12: =COUNTIF('Change Calendar Management'!H16:H66,"❌ Not Defined")+COUNTIF('Change Calendar Management'!H16:H66,"Planned") | F12: 0 | G12: =IF((B12-F12)=0,0,C12/(B12-F12))
A13: TOTAL | B13: =SUM(B6:B12) | C13: =SUM(C6:C12) | D13: =SUM(D6:D12) | E13: =SUM(E6:E12) | F13: =SUM(F6:F12) | G13: =IF((B13-F13)=0,0,C13/(B13-F13))
A15: TABLE 2: KEY METRICS
A16: Metric | B16: Value
A17: Standard Change Utilisation Rate | B17: ='Classification Metrics'!C6
A18: Emergency Change Rate | B18: ='Classification Metrics'!C8
A19: Classification Accuracy | B19: ='Classification Metrics'!C9
A20: Risk Matrix Coverage | B20: [enter %]
A24: TABLE 3: CRITICAL FINDINGS
A25: Category | B25: Finding | C25: Count | D25: Severity | E25: Action Required
A26: Standard Changes | B26: Standard changes without pre-authorisation | C26: =COUNTIF('Standard Changes Catalog'!L6:L65,"❌ Retired") | D26: Critical | E26: Immediate
A27: Normal Changes | B27: Normal changes without CAB approval | C27: =COUNTIF('Normal Change Classification'!F6:F55,"❌ No") | D27: Critical | E27: Immediate
A28: Emergency Changes | B28: Emergency changes without justification | C28: =COUNTIF('Emergency Change Procedures'!I6:I55,"❌ Not Implemented") | D28: Critical | E28: Immediate
A29: Emergency Changes | B29: Emergency changes exceeding threshold | C29: =COUNTIF('Emergency Change Procedures'!O6:O55,"Above Threshold") | D29: Critical | E29: Immediate
A30: Normal Changes | B30: High-risk changes without risk assessment | C30: =COUNTIF('Normal Change Classification'!J6:J55,"❌ No") | D30: Critical | E30: Immediate
A31: Standard Changes | B31: Standard changes with partial authorisation | C31: =COUNTIF('Standard Changes Catalog'!F6:F65,"⚠ Partial") | D31: High | E31: Urgent
A32: Normal Changes | B32: Normal changes with incomplete approval | C32: =COUNTIF('Normal Change Classification'!F6:F55,"⚠ Partial") | D32: High | E32: Urgent
A33: Emergency Changes | B33: Emergency changes with partial retrospective approval | C33: =COUNTIF('Emergency Change Procedures'!I6:I55,"⚠ Partial") | D33: High | E33: Urgent
A34: Standard Changes | B34: Standard changes requiring review | C34: =COUNTIF('Standard Changes Catalog'!O6:O65,"Review Required") | D34: Medium | E34: Plan
A35: Normal Changes | B35: Normal changes with minor gaps | C35: =COUNTIF('Normal Change Classification'!O6:O55,"Minor Gap") | D35: Medium | E35: Plan

Sheet Approval Sign-Off
A1: ASSESSMENT APPROVAL AND SIGN-OFF
A2: ISO/IEC 27001:2022 - Control A.8.32: Change Management
A3: ASSESSMENT SUMMARY
A4: Document: | B4: ISMS-IMP-A.8.32.2 — Change Types & Categories Assessment
A5: Assessment Period:
A6: Overall Compliance Rating: | B6: ='Summary Dashboard'!G13
A7: Assessed By:
A8: Assessment Status:
A10: COMPLETED BY (ASSESSOR)
A11: Name:
A12: Title:
A13: Date:
A14: Signature:
A15: Comments:
A17: REVIEWED BY (INFORMATION SECURITY OFFICER)
A18: Name:
A19: Title:
A20: Date:
... A36: Special Considerations:
