Workbook

Sheet Instructions & Legend
A1: ISMS-IMP-A.5.29.2 - Degraded Mode Security Requirements ISO/IEC 27001:2022 - Control A.5.29: Information Security During Disruption
A3: Document Information
A4: Document ID | B4: ISMS-IMP-A.5.29.2
A5: Workbook Title | B5: Degraded Mode Security Requirements
A6: Control Reference | B6: ISO/IEC 27001:2022 - Control A.5.29: Information Security During Disruption
A7: Version | B7: 1.0
A8: Assessment Date
A9: Completed By
A10: Organisation
A12: Instructions
A13: 1. Review this Instructions & Legend sheet before starting the assessment.
A14: 2. Complete all yellow (FFFFCC) input cells with your assessment data.
A15: 3. Grey (F2F2F2) rows are sample rows — do not edit them.
A16: 4. Complete the Evidence Register with supporting documentation references.
A17: 5. Obtain sign-off in the Approval Sign-Off sheet when the assessment is complete.
A19: Status Legend
A20: Symbol | B20: Status | C20: Description
A21: ✓ | B21: Compliant / Complete | C21: Requirement fully met
A22: ⚠ | B22: Partial / In Progress | C22: Partially met or in progress
A23: ✗ | B23: Non-Compliant / Not Started | C23: Requirement not met
A24: — | B24: Not Applicable | C24: Not applicable to this assessment

Sheet Degradation Scenarios
A1: DEGRADATION SCENARIOS
A2: Documented acceptable security degradations for each disruption type, with duration limits and authorisation requirements
A3: Scenario_ID | B3: Scenario_Name | C3: Trigger_Condition | D3: Control_Affected | E3: Degradation_Type | F3: Compensating_Control | G3: Max_Duration | H3: Renewal_Process | I3: Authorisation_Required | J3: Posture_Level | K3: Never_Acceptable
A4: DS-001 | B4: MFA Infrastructure Unavailable | C4: MFA platform failure or inaccessible | D4: Multi-Factor Authentication | E4: Temporary Bypass | F4: Enhanced logging, IP restrictions, session limits, 4-hour max sessions | G4: 72 hours | H4: CISO approval required for each 24h extension | I4: CISO | J4: Degraded | K4: Allowing permanent single-factor access
A5: DS-002 | B5: SIEM Platform Unavailable | C5: SIEM system failure or maintenance | D5: Security Monitoring | E5: Reduced Capability | F5: Manual log review every 4 hours for critical systems | G5: 48 hours | H5: Security Manager approval for extension | I5: Security Manager | J5: Degraded | K5: No logging of security events
A6: DS-003 | B6: Network Segmentation Bypass | C6: Emergency connectivity requirement | D6: Network Segmentation | E6: Temporary Bypass | F6: Enhanced monitoring, specific ports only, time-limited | G6: 24 hours | H6: CIO + CISO approval for extension | I6: CIO + CISO | J6: Emergency | K6: Permanent network flattening
A7: DS-004 | B7: Patch Management Delayed | C7: System stability during disruption | D7: Patch Management | E7: Postponed | F7: Critical patches only, manual review process | G7: 30 days non-critical | H7: CISO approval for extension | I7: CISO | J7: Degraded | K7: Ignoring critical security patches
A8: DS-005 | B8: Access Review Postponed | C8: Resource constraints during disruption | D8: Access Reviews | E8: Postponed | F8: Stricter approval for new access, no new privileged access | G8: 30 days | H8: Security Manager approval for extension | I8: Security Manager | J8: Elevated | K8: Granting new privileged access without review
A9: DS-006 | B9: EDR Platform Unavailable | C9: EDR/antimalware platform failure | D9: Endpoint Detection & Response | E9: Reduced Capability | F9: Increased manual scans twice daily, log review hourly | G9: 48 hours | H9: CISO approval required for each 24h extension | I9: CISO | J9: Degraded | K9: No endpoint security monitoring on critical servers

Sheet BreakGlass Accounts
A1: BREAK-GLASS ACCOUNTS
A2: Inventory of emergency access accounts — all accounts must be Disabled when not in use
A3: Account_ID | B3: Account_Name | C3: Account_Type | D3: Target_Systems | E3: Scope_Permissions | F3: Credential_Location | G3: Activation_Authority | H3: Two_Person_Required | I3: Default_Duration | J3: Logging_Enabled | K3: Last_Rotation_Date | L3: Last_Test_Date | M3: Status
A4: BGA-001 | B4: breakglass-admin-01 | C4: Domain Admin | D4: All domain controllers | E4: Full domain admin rights | F4: CyberArk vault — Tier 0 Safe | G4: CISO + CIO dual approval | H4: Yes | I4: 4 hours | J4: Verified | K4: 15.01.2026 | L4: 01.02.2026 | M4: Disabled

Sheet BreakGlass Activation
A1: BREAK-GLASS ACTIVATION LOG
A2: Log of all emergency access account activations — each activation must be authorised, reviewed, and deactivated
A3: Activation_ID | B3: Account_ID | C3: Emergency_Type | D3: Activation_DateTime | E3: Authorised_By | F3: Activated_By | G3: Second_Person | H3: CISO_Notified | I3: Expiry_DateTime | J3: Renewed | K3: Deactivation_DateTime | L3: Post_Review_Completed | M3: Issues_Found
A4: ACT-001 | B4: BGA-001 | C4: Active Directory failure | D4: 20.01.2026 14:30 | E4: CISO — J. Smith | F4: IT Admin — K. Jones | G4: Security Lead — P. Brown | H4: Yes | I4: 20.01.2026 18:30 | J4: No | K4: 20.01.2026 17:45 | L4: Yes | M4: None

Sheet Elevated Monitoring
A1: ELEVATED MONITORING
A2: Enhanced monitoring requirements by security posture level — defines frequency increases and alert threshold changes
A3: Posture_Level | B3: Monitoring_Area | C3: Normal_Frequency | D3: Enhanced_Frequency | E3: Alert_Threshold_Change | F3: Manual_Review_Required | G3: Review_Frequency | H3: Responsible_Party | I3: Implementation_Notes
A4: Elevated | B4: Authentication Logs | C4: Hourly | D4: 15 minutes | E4: Lower failed attempt threshold from 5 to 3 | F4: No | H4: SOC
A5: Elevated | B5: Privileged Access | C5: Daily | D5: Hourly | E5: Alert on any privileged access | F5: Yes | G5: Every 4 hours | H5: Security Team
A6: Degraded | B6: Authentication Logs | C6: 15 minutes | D6: Real-time | E6: Alert on any anomaly | F6: Yes | G6: Every 2 hours | H6: SOC | I6: 24/7 coverage required
A7: Degraded | B7: Network Traffic | C7: Hourly | D7: 15 minutes | E7: Alert on unusual destinations | F7: Yes | G7: Every 4 hours | H7: Network Team | I7: Focus on egress
A8: Emergency | B8: All Critical Systems | C8: Real-time | D8: Real-time | E8: Maximum sensitivity | F8: Yes | G8: Continuous | H8: SOC + Security Team | I8: Threat hunting focus
A9: Emergency | B9: Break-Glass Usage | C9: N/A | D9: Real-time | E9: Immediate alert on any activation | F9: Yes | G9: Continuous | H9: CISO | I9: Direct notification
A10: Elevated | B10: File Integrity Monitoring | C10: 6 hours | D10: 1 hour | E10: Alert on any unexpected change to critical files | F10: Yes | G10: Every 2 hours | H10: Security Analyst | I10: Focus on /etc, system32

Sheet Personnel Availability
A1: PERSONNEL AVAILABILITY
A2: Security team succession plan — primary and backup contacts for each critical security role
A3: Role_ID | B3: Role_Name | C3: Primary_Name | D3: Primary_Phone | E3: Primary_Email | F3: Backup1_Name | G3: Backup1_Phone | H3: Backup1_Email | I3: Backup2_Name | J3: Backup2_Phone | K3: Backup2_Email | L3: Cross_Training_Status | M3: Last_Contact_Test | N3: Last_Drill_Date
A4: R-001 | B4: CISO
A5: R-002 | B5: Security Manager
A6: R-003 | B6: Security Analyst (Lead)
A7: R-004 | B7: SOC Lead
A8: R-005 | B8: Incident Response Lead
A9: R-006 | B9: IAM Administrator
A10: R-007 | B10: Network Security Lead
A11: R-008 | B11: Security Architect
A12: R-009 | B12: Vulnerability Management Lead | C12: A. Example | D12: +41 79 000 0001 | E12: a.example@organisation.ch | F12: B. Backup | G12: +41 79 000 0002 | H12: b.backup@organisation.ch | I12: C. Second | J12: +41 79 000 0003 | K12: c.second@organisation.ch | L12: Complete | M12: 01.02.2026 | N12: 15.01.2026

Sheet Security Debt Register
A1: SECURITY DEBT REGISTER
A2: Tracks all security controls deferred or degraded during disruption — must be resolved within agreed timescales
A3: Debt_ID | B3: Debt_Type | C3: Description | D3: Disruption_Reference | E3: Created_Date | F3: Owner | G3: Remediation_Plan | H3: Target_Date | I3: Status | J3: Age_Days | K3: Escalation_Required | L3: Escalated_To | M3: Escalation_Date | N3: Closure_Date | O3: Closure_Evidence
A4: SD-001 | B4: Deferred Patch | C4: Critical patches deferred during datacenter failover | D4: DS-003 | E4: 20.01.2026 | F4: IT Security Manager | G4: Apply all deferred patches within 5 days of recovery | H4: 25.01.2026 | I4: Open | J4: =IF(E4<>"",TODAY()-E4,"") | K4: =IF(J4>30,"Yes","No") | L4: CISO
J5: =IF(E5<>"",TODAY()-E5,"") | K5: =IF(J5>30,"Yes","No")
J6: =IF(E6<>"",TODAY()-E6,"") | K6: =IF(J6>30,"Yes","No")
J7: =IF(E7<>"",TODAY()-E7,"") | K7: =IF(J7>30,"Yes","No")
J8: =IF(E8<>"",TODAY()-E8,"") | K8: =IF(J8>30,"Yes","No")
J9: =IF(E9<>"",TODAY()-E9,"") | K9: =IF(J9>30,"Yes","No")
J10: =IF(E10<>"",TODAY()-E10,"") | K10: =IF(J10>30,"Yes","No")
J11: =IF(E11<>"",TODAY()-E11,"") | K11: =IF(J11>30,"Yes","No")
J12: =IF(E12<>"",TODAY()-E12,"") | K12: =IF(J12>30,"Yes","No")
J13: =IF(E13<>"",TODAY()-E13,"") | K13: =IF(J13>30,"Yes","No")
J14: =IF(E14<>"",TODAY()-E14,"") | K14: =IF(J14>30,"Yes","No")
J15: =IF(E15<>"",TODAY()-E15,"") | K15: =IF(J15>30,"Yes","No")
J16: =IF(E16<>"",TODAY()-E16,"") | K16: =IF(J16>30,"Yes","No")
... J54: =IF(E54<>"",TODAY()-E54,"") | K54: =IF(J54>30,"Yes","No")

Sheet Evidence Register
A1: EVIDENCE REGISTER
A2: Document all evidence collected during this assessment
A4: Evidence ID | B4: Assessment Area | C4: Evidence Type | D4: Description | E4: Location / Path | F4: Date Collected | G4: Collected By | H4: Verification Status
A5: EV-001 | B5: Assessment Area | C5: Policy Document | D5: Example evidence description | E5: \\fileserver\policies\document.pdf | F5: 15.01.2026 | G5: Assessor Name | H5: ✅ Verified

Sheet Summary Dashboard
A1: DEGRADED MODE SECURITY REQUIREMENTS — SUMMARY DASHBOARD
A2: Compliance summary for degraded mode operations, break-glass procedures, and security debt management
A3: TABLE 1: COMPLIANCE OVERVIEW
A4: Assessment Area | B4: Total | C4: Compliant | D4: Partial | E4: Non-Compliant | F4: N/A | G4: Compliance %
A5: BreakGlass Accounts | B5: =COUNTA('BreakGlass Accounts'!B5:B54) | C5: =COUNTIF('BreakGlass Accounts'!M5:M54,"Disabled") | D5: =COUNTIF('BreakGlass Accounts'!M5:M54,"Unknown") | E5: =COUNTIF('BreakGlass Accounts'!M5:M54,"Enabled") | F5: 0 | G5: =IFERROR(IF((B5-F5)=0,0,C5/(B5-F5)),"")
A6: Elevated Monitoring | B6: =COUNTA('Elevated Monitoring'!B11:B60) | C6: =COUNTIF('Elevated Monitoring'!F11:F60,"Yes") | D6: 0 | E6: =COUNTIF('Elevated Monitoring'!F11:F60,"No") | F6: 0 | G6: =IFERROR(IF((B6-F6)=0,0,C6/(B6-F6)),"")
A7: Personnel Availability | B7: =COUNTA('Personnel Availability'!B13:B62) | C7: =COUNTIF('Personnel Availability'!L13:L62,"Complete") | D7: =COUNTIF('Personnel Availability'!L13:L62,"Partial") | E7: =COUNTIF('Personnel Availability'!L13:L62,"None") | F7: 0 | G7: =IFERROR(IF((B7-F7)=0,0,C7/(B7-F7)),"")
A8: Security Debt Register | B8: =COUNTA('Security Debt Register'!B5:B54) | C8: =COUNTIF('Security Debt Register'!I5:I54,"Closed") | D8: =COUNTIF('Security Debt Register'!I5:I54,"In Progress") | E8: =COUNTIF('Security Debt Register'!I5:I54,"Open") | F8: 0 | G8: =IFERROR(IF((B8-F8)=0,0,C8/(B8-F8)),"")
A9: TOTAL | B9: =SUM(B5:B8) | C9: =SUM(C5:C8) | D9: =SUM(D5:D8) | E9: =SUM(E5:E8) | F9: =SUM(F5:F8) | G9: =IFERROR(IF((B9-F9)=0,0,C9/(B9-F9)),"")
A10: TABLE 2: KEY METRICS
A11: Metric | B11: Value
A12: Degradation Scenarios Documented | B12: =COUNTA('Degradation Scenarios'!B10:B59)
A13: Temporary Bypass Scenarios | B13: =COUNTIF('Degradation Scenarios'!E10:E59,"Temporary Bypass")
A14: Emergency-Level Scenarios | B14: =COUNTIF('Degradation Scenarios'!J10:J59,"Emergency")
A15: Break-Glass Accounts Inventoried | B15: =COUNTA('BreakGlass Accounts'!B5:B54)
A16: Break-Glass Accounts Disabled (Safe) | B16: =COUNTIF('BreakGlass Accounts'!M5:M54,"Disabled")
A17: Break-Glass Accounts Enabled | B17: =COUNTIF('BreakGlass Accounts'!M5:M54,"Enabled")
A18: Accounts with Logging Verified | B18: =COUNTIF('BreakGlass Accounts'!J5:J54,"Verified")
A19: Accounts Requiring 2-Person Activation | B19: =COUNTIF('BreakGlass Accounts'!H5:H54,"Yes")
A20: Break-Glass Activations Recorded | B20: =COUNTA('BreakGlass Activation'!B5:B54)
A21: Activations with Post-Review Complete | B21: =COUNTIF('BreakGlass Activation'!L5:L54,"Yes")
A22: Personnel Roles with Full Cross-Training | B22: =COUNTIF('Personnel Availability'!L13:L62,"Complete")
A23: Personnel Roles with No Cross-Training | B23: =COUNTIF('Personnel Availability'!L13:L62,"None")
A24: Open Security Debt Items | B24: =COUNTIF('Security Debt Register'!I5:I54,"Open")
A25: In-Progress Debt Items | B25: =COUNTIF('Security Debt Register'!I5:I54,"In Progress")
A26: Closed Security Debt Items | B26: =COUNTIF('Security Debt Register'!I5:I54,"Closed")
A29: TABLE 3: CRITICAL FINDINGS REQUIRING IMMEDIATE ATTENTION
A30: Category | B30: Finding | C30: Count | D30: Severity | E30: Action Required
A31: Break-Glass Accounts | B31: Emergency accounts currently Enabled (active) | C31: =COUNTIF('BreakGlass Accounts'!M5:M54,"Enabled") | D31: Critical | E31: Immediate
A32: Break-Glass Accounts | B32: Accounts without logging verified | C32: =COUNTIF('BreakGlass Accounts'!J5:J54,"No") | D32: Critical | E32: Immediate
A33: BreakGlass Activation | B33: Activations without post-review completed | C33: =COUNTIF('BreakGlass Activation'!L5:L54,"No") | D33: High | E33: Urgent
A34: Personnel Availability | B34: Security roles with no cross-training | C34: =COUNTIF('Personnel Availability'!L13:L62,"None") | D34: High | E34: Urgent
A35: Security Debt Register | B35: Open security debt items (not yet remediated) | C35: =COUNTIF('Security Debt Register'!I5:I54,"Open") | D35: High | E35: Urgent
A36: Degradation Scenarios | B36: Emergency-level degradation scenarios documented | C36: =COUNTIF('Degradation Scenarios'!J10:J59,"Emergency") | D36: Medium | E36: Review

Sheet Approval Sign-Off
A1: DEGRADED MODE SECURITY REQUIREMENTS — ASSESSMENT APPROVAL AND SIGN-OFF
A2: ISO/IEC 27001:2022 - Control A.5.29: Information Security During Disruption
A3: ASSESSMENT SUMMARY
A4: Document: | B4: ISMS-IMP-A.5.29.2 — Degraded Mode Security Requirements
A5: Assessment Period:
A6: Overall Compliance Rating: | B6: =IFERROR(AVERAGE('Summary Dashboard'!G6:G8),"")
A7: Assessment Status:
A8: Assessed By:
A10: ASSESSMENT REVIEW AND APPROVAL
A11: Role / Function | B11: Name | C11: Signature / Initials | D11: Date (DD.MM.YYYY) | E11: Comments
A12: Lead Assessor / Author
A13: IT Security Manager
A14: Reviewer (Technical / Compliance)
A15: CISO / Final Approver
A17: FINAL DECISION: | B17: ☐ Approved ☐ Approved with Conditions ☐ Rejected ☐ Deferred
A19: NEXT REVIEW DETAILS
A20: Next Review Date (DD.MM.YYYY)
A21: Review Owner
