Workbook

Sheet Instructions & Legend
A1: ISMS-IMP-A.5.29.3 - Recovery Security Verification ISO/IEC 27001:2022 - Control A.5.29: Information Security During Disruption
A3: Document Information
A4: Document ID | B4: ISMS-IMP-A.5.29.3
A5: Workbook Title | B5: Recovery Security Verification
A6: Control Reference | B6: ISO/IEC 27001:2022 - Control A.5.29: Information Security During Disruption
A7: Version | B7: 1.0
A8: Assessment Date
A9: Completed By
A10: Organisation
A12: Instructions
A13: 1. Complete Recovery Checklist — verify all security controls are restored after a disruption event.
A14: 2. Complete Emergency Access Closure — confirm all breakglass accounts are deactivated post-recovery.
A15: 3. Complete Control Validation — test that restored controls function correctly.
A16: 4. Complete Anomaly Detection — review logs for suspicious activity during the disruption window.
A17: 5. Complete Security Debt Closure — remediate all security compromises accepted during degraded mode.
A18: 6. Document findings in Lessons Learned and update BCP/DR security procedures.
A19: 7. Maintain the Evidence Register with recovery test results and sign-off records.
A20: 8. Obtain final approval and sign-off in the Approval Sign-Off sheet.
A22: Status Legend
A23: Symbol | B23: Status | C23: Description
A24: ✓ | B24: Compliant / Complete | C24: Requirement fully met
A25: ⚠ | B25: Partial / In Progress | C25: Partially met or in progress
A26: ✗ | B26: Non-Compliant / Not Started | C26: Requirement not met
A27: — | B27: Not Applicable | C27: Not applicable to this assessment

Sheet Recovery Checklist
A1: RECOVERY CHECKLIST
A2: Phase-based recovery validation activities — track completion of all security checks before declaring full recovery
A3: Checklist_ID | B3: Phase | C3: Activity | D3: Responsible_Party | E3: Target_Completion | F3: Status | G3: Completion_Date | H3: Completed_By | I3: Evidence_Reference | J3: Notes
A4: RC-001 | B4: Immediate | C4: Verify critical security controls operational | D4: Security Team | E4: Within 4 hours
A5: RC-002 | B5: Immediate | C5: Disable all emergency access accounts | D5: Security Team | E5: Within 8 hours
A6: RC-003 | B6: Immediate | C6: Rotate credentials for activated break-glass accounts | D6: IAM Team | E6: Within 12 hours
A7: RC-004 | B7: Immediate | C7: Initial log review for anomalies during disruption | D7: SOC | E7: Within 24 hours
A8: RC-005 | B8: Immediate | C8: Notify CISO of emergency access deactivation | D8: Security Team | E8: Within 24 hours
A9: RC-006 | B9: Short-term | C9: Complete security control validation checklist | D9: Security Team | E9: Within 3 days
A10: RC-007 | B10: Short-term | C10: Execute vulnerability scan on recovered systems | D10: Security Team | E10: Within 5 days
A11: RC-008 | B11: Short-term | C11: Review access changes during disruption period | D11: Security Team | E11: Within 5 days
A12: RC-009 | B12: Short-term | C12: Complete detailed log analysis for disruption period | D12: SOC | E12: Within 7 days
A13: RC-010 | B13: Medium-term | C13: Conduct lessons learned review for security team | D13: CISO | E13: Within 14 days | F13: Not Started | J13: Include all responders

Sheet Emergency Access Closure
A1: EMERGENCY ACCESS CLOSURE
A2: Verification of emergency access deactivation — all activated accounts must be closed, credentials rotated, and usage reviewed
A3: Account_ID | B3: Account_Name | C3: Activation_Date | D3: Deactivation_Date | E3: Deactivated_By | F3: Credential_Rotated | G3: Rotation_Date | H3: Usage_Reviewed | I3: Review_Date | J3: Anomalies_Found | K3: Anomaly_Details | L3: CISO_Notified | M3: Verification_Status
A4: BGA-001 | B4: breakglass-admin-01 | C4: 20.01.2026 | D4: 20.01.2026 | E4: IT Admin — K. Jones | F4: Yes | G4: 21.01.2026 | H4: Yes | I4: 22.01.2026 | J4: No | K4: None identified | L4: Yes | M4: Verified

Sheet Control Validation
A1: CONTROL VALIDATION
A2: Validates that security controls are fully restored to pre-disruption operational status
A3: Control_ID | B3: Control_Name | C3: Category | D3: Pre_Disruption_Status | E3: Current_Status | F3: Validation_Method | G3: Validation_Date | H3: Validated_By | I3: Gaps_Identified | J3: Remediation_Required | K3: Remediation_Date | L3: Remediation_Status
A4: SC-001 | B4: Multi-Factor Authentication | C4: Identity & Access | D4: Operational | E4: Operational | F4: Live test with 3 user accounts | G4: 22.01.2026 | H4: Security Analyst — J. Brown | I4: None | J4: No

Sheet Anomaly Detection
A1: ANOMALY DETECTION
A2: Post-disruption anomaly log — all suspicious activity detected during or after the disruption period must be investigated
A3: Anomaly_ID | B3: Detection_Source | C3: Detection_Date | D3: Anomaly_Type | E3: Description | F3: Severity | G3: Related_Timeframe | H3: Investigation_Status | I3: Investigator | J3: Findings | K3: Actions_Taken | L3: Escalated | M3: Escalated_To
A4: AN-001 | B4: SIEM | C4: 21.01.2026 | D4: Authentication | E4: Multiple failed login attempts to domain admin account during recovery window | F4: High | G4: During disruption (20-21 Jan) | H4: Closed - False Positive | I4: SOC Analyst — M. Green | J4: Attributed to automated backup process — confirmed benign | K4: Backup schedule adjusted; no further action | L4: No

Sheet Security Debt Closure
A1: SECURITY DEBT CLOSURE
A2: Resolution tracking for all security debt items deferred during disruption — confirms formal closure with evidence
A3: Debt_ID | B3: Debt_Type | C3: Description | D3: Created_Date | E3: Original_Target | F3: Remediation_Action | G3: Action_Date | H3: Action_By | I3: Verification_Method | J3: Verification_Date | K3: Verified_By | L3: Closure_Status | M3: Evidence_Reference
A4: SD-001 | B4: Deferred Patch | C4: Critical patches deferred during datacenter failover — now applied | D4: 20.01.2026 | E4: 25.01.2026 | F4: Applied all 5 deferred critical patches; rebooted servers in maintenance window | G4: 26.01.2026 | H4: IT Security Manager | I4: Patch verification via WSUS compliance report | J4: 26.01.2026 | K4: Security Analyst — J. Smith | L4: Closed | M4: EV-012 — WSUS report 26.01.2026

Sheet Lessons Learned
A1: LESSONS LEARNED
A2: Post-disruption review findings and improvement actions — drives continuous improvement in security resilience
A3: Finding_ID | B3: Category | C3: Finding_Description | D3: Impact | E3: Root_Cause | F3: Recommendation | G3: Action_Type | H3: Action_Owner | I3: Target_Date | J3: Status | K3: Completion_Date | L3: Evidence_Reference
A4: LL-001 | B4: Controls | C4: MFA bypass scenario was not pre-approved with compensating controls documented | D4: Potential uncontrolled access during MFA outage | E4: No pre-approved degradation scenario existed for MFA failure | F4: Create and CISO-approve MFA failure degradation scenario with compensating controls | G4: Policy Update | H4: CISO | I4: 28.02.2026 | J4: Open

Sheet Evidence Register
A1: EVIDENCE REGISTER
A2: Document all evidence collected during this assessment
A4: Evidence ID | B4: Assessment Area | C4: Evidence Type | D4: Description | E4: Location / Path | F4: Date Collected | G4: Collected By | H4: Verification Status
A5: EV-001 | B5: Assessment Area | C5: Policy Document | D5: Example evidence description | E5: \\fileserver\policies\document.pdf | F5: 15.01.2026 | G5: Assessor Name | H5: ✅ Verified

Sheet Summary Dashboard
A1: RECOVERY SECURITY VERIFICATION — SUMMARY DASHBOARD
A2: Compliance summary for security control restoration, emergency access closure, and post-disruption verification
A3: TABLE 1: COMPLIANCE OVERVIEW
A4: Assessment Area | B4: Total | C4: Compliant | D4: Partial | E4: Non-Compliant | F4: N/A | G4: Compliance %
A5: Recovery Checklist | B5: =COUNTA('Recovery Checklist'!A4:A63) | C5: =COUNTIF('Recovery Checklist'!F4:F63,"Complete") | D5: =COUNTIF('Recovery Checklist'!F4:F63,"In Progress") | E5: =COUNTIF('Recovery Checklist'!F4:F63,"Not Started") | F5: =COUNTIF('Recovery Checklist'!F4:F63,"N/A") | G5: =IFERROR(IF((B5-F5)=0,0,C5/(B5-F5)),"")
A6: Emergency Access Closure | B6: =COUNTA('Emergency Access Closure'!B5:B54) | C6: =COUNTIF('Emergency Access Closure'!M5:M54,"Verified") | D6: 0 | E6: =COUNTIF('Emergency Access Closure'!M5:M54,"Pending") | F6: 0 | G6: =IFERROR(IF((B6-F6)=0,0,C6/(B6-F6)),"")
A7: Control Validation | B7: =COUNTA('Control Validation'!B5:B54) | C7: =COUNTIF('Control Validation'!E5:E54,"Operational") | D7: =COUNTIF('Control Validation'!E5:E54,"Partial") | E7: =COUNTIF('Control Validation'!E5:E54,"Not Operational") | F7: 0 | G7: =IFERROR(IF((B7-F7)=0,0,C7/(B7-F7)),"")
A8: Anomaly Detection | B8: =COUNTA('Anomaly Detection'!B5:B54) | C8: =COUNTIF('Anomaly Detection'!H5:H54,"Closed - False Positive")+COUNTIF('Anomaly Detection'!H5:H54,"Closed - Confirmed") | D8: =COUNTIF('Anomaly Detection'!H5:H54,"Investigating") | E8: =COUNTIF('Anomaly Detection'!H5:H54,"Open") | F8: 0 | G8: =IFERROR(IF((B8-F8)=0,0,C8/(B8-F8)),"")
A9: TOTAL | B9: =SUM(B5:B8) | C9: =SUM(C5:C8) | D9: =SUM(D5:D8) | E9: =SUM(E5:E8) | F9: =SUM(F5:F8) | G9: =IFERROR(IF((B9-F9)=0,0,C9/(B9-F9)),"")
A10: TABLE 2: KEY METRICS
A11: Metric | B11: Value
A12: Total Recovery Tasks | B12: =COUNTA('Recovery Checklist'!A4:A63)
A13: Tasks Complete | B13: =COUNTIF('Recovery Checklist'!F4:F63,"Complete")
A14: Immediate Tasks Complete | B14: =COUNTIFS('Recovery Checklist'!B4:B63,"Immediate",'Recovery Checklist'!F4:F63,"Complete")
A15: Emergency Accounts Closed | B15: =COUNTIF('Emergency Access Closure'!M5:M54,"Verified")
A16: Accounts Pending Closure Verification | B16: =COUNTIF('Emergency Access Closure'!M5:M54,"Pending")
A17: Credentials Rotated Post-Recovery | B17: =COUNTIF('Emergency Access Closure'!F5:F54,"Yes")
A18: Controls Fully Restored (Operational) | B18: =COUNTIF('Control Validation'!E5:E54,"Operational")
A19: Controls Still Degraded (Partial) | B19: =COUNTIF('Control Validation'!E5:E54,"Partial")
A20: Controls Not Yet Restored | B20: =COUNTIF('Control Validation'!E5:E54,"Not Operational")
A21: Total Anomalies Detected | B21: =COUNTA('Anomaly Detection'!B5:B54)
A22: Critical/High Severity Anomalies | B22: =COUNTIF('Anomaly Detection'!F5:F54,"Critical")+COUNTIF('Anomaly Detection'!F5:F54,"High")
A23: Confirmed Anomalies (Real Incidents) | B23: =COUNTIF('Anomaly Detection'!H5:H54,"Closed - Confirmed")
A24: Open Anomaly Investigations | B24: =COUNTIF('Anomaly Detection'!H5:H54,"Open")+COUNTIF('Anomaly Detection'!H5:H54,"Investigating")
A25: Security Debt Fully Closed | B25: =COUNTIF('Security Debt Closure'!L5:L54,"Closed")
A26: Lessons Learned Open Actions | B26: =COUNTIF('Lessons Learned'!J5:J54,"Open")
A27: Lessons Learned Closed Actions | B27: =COUNTIF('Lessons Learned'!J5:J54,"Closed")
A30: TABLE 3: CRITICAL FINDINGS REQUIRING IMMEDIATE ATTENTION
A31: Category | B31: Finding | C31: Count | D31: Severity | E31: Action Required
A32: Emergency Access Closure | B32: Emergency accounts pending closure verification | C32: =COUNTIF('Emergency Access Closure'!M5:M54,"Pending") | D32: Critical | E32: Immediate
A33: Emergency Access Closure | B33: Credentials not rotated post-activation | C33: =COUNTIF('Emergency Access Closure'!F5:F54,"No") | D33: Critical | E33: Immediate
A34: Control Validation | B34: Security controls still not restored post-recovery | C34: =COUNTIF('Control Validation'!E5:E54,"Not Operational") | D34: Critical | E34: Immediate
A35: Control Validation | B35: Controls still in partial restoration state | C35: =COUNTIF('Control Validation'!E5:E54,"Partial") | D35: High | E35: Urgent
A36: Anomaly Detection | B36: Critical severity anomalies requiring investigation | C36: =COUNTIF('Anomaly Detection'!F5:F54,"Critical") | D36: Critical | E36: Immediate
A37: Anomaly Detection | B37: High severity anomalies requiring investigation | C37: =COUNTIF('Anomaly Detection'!F5:F54,"High") | D37: High | E37: Urgent
A38: Anomaly Detection | B38: Open anomaly investigations (unresolved) | C38: =COUNTIF('Anomaly Detection'!H5:H54,"Open")+COUNTIF('Anomaly Detection'!H5:H54,"Investigating") | D38: High | E38: Urgent
A39: Security Debt Closure | B39: Security debt items still pending closure | C39: =COUNTIF('Security Debt Closure'!L5:L54,"Pending") | D39: Medium | E39: Plan
A40: Lessons Learned | B40: Open improvement actions not yet addressed | C40: =COUNTIF('Lessons Learned'!J5:J54,"Open") | D40: Medium | E40: Plan

Sheet Approval Sign-Off
A1: RECOVERY SECURITY VERIFICATION — ASSESSMENT APPROVAL AND SIGN-OFF
A2: ISO/IEC 27001:2022 - Control A.5.29: Information Security During Disruption
A3: ASSESSMENT SUMMARY
A4: Document: | B4: ISMS-IMP-A.5.29.3 — Recovery Security Verification
A5: Assessment Period:
A6: Overall Compliance Rating: | B6: =IFERROR(AVERAGE('Summary Dashboard'!G6:G8),"")
A7: Assessment Status:
A8: Assessed By:
A10: ASSESSMENT REVIEW AND APPROVAL
A11: Role / Function | B11: Name | C11: Signature / Initials | D11: Date (DD.MM.YYYY) | E11: Comments
A12: Lead Assessor / Author
A13: IT Security Manager
A14: Reviewer (Technical / Compliance)
A15: CISO / Final Approver
A17: FINAL DECISION: | B17: ☐ Approved ☐ Approved with Conditions ☐ Rejected ☐ Deferred
A19: NEXT REVIEW DETAILS
A20: Next Review Date (DD.MM.YYYY)
A21: Review Owner
