Workbook

Sheet Instructions & Legend
A1: ISMS-IMP-A.5.29.1 - Security Controls During Disruption ISO/IEC 27001:2022 - Control A.5.29: Information Security During Disruption
A3: Document Information
A4: Document ID | B4: ISMS-IMP-A.5.29.1
A5: Workbook Title | B5: Security Controls During Disruption
A6: Control Reference | B6: ISO/IEC 27001:2022 - Control A.5.29: Information Security During Disruption
A7: Version | B7: 1.0
A8: Assessment Date
A9: Completed By
A10: Organisation
A12: Instructions
A13: 1. Complete Security Control Inventory — list all security controls and their disruption resilience status.
A14: 2. Complete Minimum Baseline — define the minimum acceptable security posture during disruption.
A15: 3. Complete Security Posture Levels — document security controls available at each degradation level.
A16: 4. Complete Compensating Controls — identify alternative controls when primary controls are unavailable.
A17: 5. Complete BCDR Security Review — assess how the BCP/DR plan addresses security continuity.
A18: 6. Maintain the Evidence Register with BCP/DR documentation and test results.
A19: 7. Obtain final approval and sign-off in the Approval Sign-Off sheet.
A21: Status Legend
A22: Symbol | B22: Status | C22: Description
A23: ✓ | B23: Compliant / Complete | C23: Requirement fully met
A24: ⚠ | B24: Partial / In Progress | C24: Partially met or in progress
A25: ✗ | B25: Non-Compliant / Not Started | C25: Requirement not met
A26: — | B26: Not Applicable | C26: Not applicable to this assessment

Sheet Security Control Inventory
A1: SECURITY CONTROL INVENTORY
A2: Inventory of all security controls with their disruption classification and recovery priority
A3: Control_ID | B3: Control_Name | C3: Control_Category | D3: ISO_Reference | E3: Normal_Status | F3: Disruption_Classification | G3: Recovery_Priority | H3: Compensating_Control_ID | I3: Owner | J3: Last_Review_Date | K3: Notes
A4: SC-001 | B4: Multi-Factor Authentication | C4: Access Control | D4: A.8.5 | E4: Operational | F4: Degradable | G4: Critical
A5: SC-002 | B5: Role-Based Access Control | C5: Access Control | D5: A.5.15 | E5: Operational | F5: Non-Negotiable | G5: Critical
A6: SC-003 | B6: Privileged Access Management | C6: Access Control | D6: A.8.2 | E6: Operational | F6: Non-Negotiable | G6: Critical
A7: SC-004 | B7: Data Encryption at Rest | C7: Data Encryption | D7: A.8.24 | E7: Operational | F7: Non-Negotiable | G7: Critical
A8: SC-005 | B8: TLS for Data in Transit | C8: Data Encryption | D8: A.8.24 | E8: Operational | F8: Non-Negotiable | G8: Critical
A9: SC-006 | B9: Security Event Logging | C9: Logging | D9: A.8.15 | E9: Operational | F9: Non-Negotiable | G9: Critical
A10: SC-007 | B10: SIEM Correlation | C10: Logging | D10: A.8.16 | E10: Operational | F10: Degradable | G10: High
A11: SC-008 | B11: Firewall Protection | C11: Network Security | D11: A.8.20 | E11: Operational | F11: Non-Negotiable | G11: Critical
A12: SC-009 | B12: Network Segmentation | C12: Network Security | D12: A.8.22 | E12: Operational | F12: Non-Negotiable | G12: Critical
A13: SC-010 | B13: Endpoint Detection & Response | C13: Endpoint Security | D13: A.8.7 | E13: Operational | F13: Degradable | G13: High | H13: CC-004 | I13: IT Security Manager | J13: 23.02.2026 | K13: Monitor for anomalies during recovery

Sheet Minimum Baseline
A1: MINIMUM SECURITY BASELINE
A2: Non-negotiable security controls that must be maintained at all times during any disruption
A3: Control_ID | B3: Control_Name | C3: Category | D3: Minimum_Requirement | E3: Rationale | F3: Never_Acceptable_Actions | G3: Approval_Status | H3: Approved_By | I3: Approval_Date
A4: SC-002 | B4: Role-Based Access Control | C4: Access Control | D4: Authentication required for all system access | E4: Prevents unauthorised access during chaos | F4: Removal of authentication requirements
A5: SC-004 | B5: Data Encryption at Rest | C5: Data Encryption | D5: Encryption at rest for confidential+ data | E5: Data remains protected if media lost | F5: Decryption of data without re-encryption
A6: SC-006 | B6: Security Event Logging | C6: Logging | D6: Critical system logging continues | E6: Audit trail for post-incident investigation | F6: Disabled logging on critical systems
A7: SC-008 | B7: Firewall Protection | C7: Network Security | D7: Critical network boundaries maintained | E7: Prevents lateral movement during recovery | F7: Disabling of network security controls
A8: SC-011 | B8: Backup Encryption | C8: Backup Protection | D8: Backups remain encrypted and access-controlled | E8: Prevents backup compromise for data theft | F8: Sharing of privileged credentials without accountability
A9: SC-012 | B9: Endpoint Detection & Response | C9: Endpoint Security | D9: EDR must remain active on all critical servers | E9: Enables detection of threats exploiting disruption window | F9: Disabling EDR without written CISO approval | G9: Pending | H9: CISO | I9: 23.02.2026

Sheet Security Posture Levels
A1: SECURITY POSTURE LEVELS
A3: Posture_Level | B3: Description | C3: Trigger_Conditions | D3: Control_Status | E3: Monitoring_Enhancement | F3: Transition_To | G3: Transition_Authority | H3: Documentation_Required | I3: Example_Scenario
A4: Normal | B4: Full security controls operational | C4: No disruption | D4: All controls at 100% | E4: Standard monitoring | F4: Elevated | G4: N/A (default state) | H4: None | I4: Day-to-day operations
A5: Elevated | B5: Enhanced monitoring, accelerated patching | C5: Minor disruption detected | D5: All controls operational, enhanced vigilance | E5: Increased log review frequency, lowered alert thresholds | F5: Normal, Degraded | G5: CISO or Security Team Lead | H5: Incident ticket | I5: Single system failure, minor security incident
A6: Degraded | B6: Core controls maintained, non-critical deferred | C6: Moderate disruption | D6: Essential controls only, some relaxations | E6: 24/7 security monitoring, external threat intel | F6: Elevated, Emergency | G6: CISO + CIO | H6: Formal notification to Executive Management | I6: Data centre failover, regional outage
A7: Emergency | B7: Minimum baseline only, survival mode | C7: Severe disruption | D7: Minimum baseline controls only | E7: Real-time monitoring of critical systems, threat hunting | F7: Degraded, Recovery | G7: Executive Management (CEO or delegate) | H7: Emergency declaration document | I7: Multiple site disaster, major cyber attack
A8: Recovery | B8: Gradual restoration with security validation | C8: Returning to normal | D8: Phased control restoration | E8: Validation monitoring, anomaly detection | F8: Degraded, Normal | G8: CISO approval for each phase | H8: Phase completion checklist | I8: Post-disaster recovery phase

Sheet Compensating Controls
A1: COMPENSATING CONTROLS
A2: Alternative security measures to apply when primary controls cannot be maintained during disruption
A3: Compensating_ID | B3: Primary_Control_ID | C3: Primary_Control_Name | D3: Compensating_Measure | E3: Effectiveness | F3: Implementation_Requirements | G3: Activation_Trigger | H3: Duration_Limit | I3: Test_Status | J3: Last_Test_Date | K3: Test_Results
A4: CC-001 | B4: SC-001 | C4: Multi-Factor Authentication | D4: Enhanced logging, session limits, IP restrictions | E4: Partial | F4: SOC to enable enhanced monitoring, IT to apply session limits | G4: MFA infrastructure unavailable | H4: 72 hours | I4: Tested | K4: Effective during Q3 drill
A5: CC-002 | B5: SC-007 | C5: SIEM Correlation | D5: Manual log review for critical systems | E5: Partial | F5: Security team manual review every 4 hours | G5: SIEM platform unavailable | H5: 48 hours | I5: Tested | K5: Functional but resource-intensive
A6: CC-003 | B6: SC-010 | C6: IDS/IPS | D6: Enhanced firewall logging, manual traffic analysis | E6: Partial | F6: Network team to review firewall logs hourly | G6: IDS/IPS system failure | H6: 24 hours | I6: Tested | K6: Acceptable for short duration
A7: CC-004 | B7: SC-012 | C7: EDR | D7: Increased antimalware scans, manual endpoint review | E7: Partial | F7: IT to run full scans twice daily | G7: EDR platform unavailable | H7: 48 hours | I7: Untested
A8: CC-005 | B8: SC-014 | C8: Patch Management | D8: Critical patches only, manual review process | E8: Partial | F8: Security team manual patch review | G8: Patch management system unavailable | H8: 30 days for non-critical | I8: Tested | K8: Used during system upgrade
A9: CC-006 | B9: SC-009 | C9: Network Segmentation | D9: Enhanced firewall ACLs and manual traffic monitoring | E9: Partial | F9: Network team to apply ACL rules and review traffic logs hourly | G9: Emergency connectivity requirement | H9: 24 hours | I9: Tested | J9: 15.01.2026 | K9: Effective for short duration outages

Sheet BCDR Security Review
A1: BC/DR SECURITY REVIEW
A2: Security review status of all BC/DR plans — confirms CISO approval and security section coverage
A3: Plan_ID | B3: Plan_Name | C3: Plan_Type | D3: Plan_Owner | E3: Security_Section_Present | F3: CISO_Review_Date | G3: CISO_Approval_Status | H3: Gaps_Identified | I3: Remediation_Due_Date | J3: Remediation_Status | K3: Next_Review_Due
A4: BCP-001 | B4: Business Continuity Plan | C4: BCP | D4: CISO | E4: Yes | F4: 23.02.2026 | G4: Approved | H4: None identified | I4: 30.06.2026 | J4: Closed | K4: 23.02.2027

Sheet Evidence Register
A1: EVIDENCE REGISTER
A2: Document all evidence collected during this assessment
A4: Evidence ID | B4: Assessment Area | C4: Evidence Type | D4: Description | E4: Location / Path | F4: Date Collected | G4: Collected By | H4: Verification Status
A5: EV-001 | B5: Assessment Area | C5: Policy Document | D5: Example evidence description | E5: \\fileserver\policies\document.pdf | F5: 15.01.2026 | G5: Assessor Name | H5: ✅ Verified

Sheet Summary Dashboard
A1: SECURITY CONTROLS DURING DISRUPTION — SUMMARY DASHBOARD
A2: ISO/IEC 27001:2022 — Control A.5.29: Information Security During Disruption
A4: TABLE 1: ASSESSMENT AREA COMPLIANCE OVERVIEW
A5: Assessment Area | B5: Total Items | C5: Compliant | D5: Partial | E5: Non-Compliant | F5: N/A | G5: Compliance %
A6: Security Control Inventory | B6: =COUNTA('Security Control Inventory'!B14:B63) | C6: =COUNTIF('Security Control Inventory'!E14:E63,"Operational") | D6: =COUNTIF('Security Control Inventory'!E14:E63,"Partial") | E6: 0 | F6: =COUNTIF('Security Control Inventory'!E14:E63,"Not Applicable") | G6: =IFERROR(IF((B6-F6)=0,0,C6/(B6-F6)),"")
A7: Minimum Baseline | B7: =COUNTA('Minimum Baseline'!B10:B59) | C7: =COUNTIF('Minimum Baseline'!G10:G59,"Approved") | D7: =COUNTIF('Minimum Baseline'!G10:G59,"Pending") | E7: =COUNTIF('Minimum Baseline'!G10:G59,"Rejected") | F7: 0 | G7: =IFERROR(IF((B7-F7)=0,0,C7/(B7-F7)),"")
A8: BCDR Security Review | B8: =COUNTA('BCDR Security Review'!B5:B54) | C8: =COUNTIF('BCDR Security Review'!G5:G54,"Approved") | D8: =COUNTIF('BCDR Security Review'!G5:G54,"Pending") | E8: =COUNTIF('BCDR Security Review'!G5:G54,"Rejected") | F8: 0 | G8: =IFERROR(IF((B8-F8)=0,0,C8/(B8-F8)),"")
A9: TOTAL | B9: =SUM(B6:B8) | C9: =SUM(C6:C8) | D9: =SUM(D6:D8) | E9: =SUM(E6:E8) | F9: =SUM(F6:F8) | G9: =IFERROR(IF((B9-F9)=0,0,C9/(B9-F9)),"")
A11: TABLE 2: KEY METRICS
A12: Metric | B12: Value
A13: Total Security Controls Inventoried | B13: =COUNTA('Security Control Inventory'!B14:B63)
A14: Non-Negotiable Controls (Must Maintain) | B14: =COUNTIF('Security Control Inventory'!F14:F63,"Non-Negotiable")
A15: Degradable Controls | B15: =COUNTIF('Security Control Inventory'!F14:F63,"Degradable")
A16: Deferrable Controls | B16: =COUNTIF('Security Control Inventory'!F14:F63,"Deferrable")
A17: Critical Priority Controls | B17: =COUNTIF('Security Control Inventory'!G14:G63,"Critical")
A18: High Priority Controls | B18: =COUNTIF('Security Control Inventory'!G14:G63,"High")
A19: Controls Currently Operational | B19: =COUNTIF('Security Control Inventory'!E14:E63,"Operational")
A20: Controls Partially Operational | B20: =COUNTIF('Security Control Inventory'!E14:E63,"Partial")
A21: Baseline Controls Approved | B21: =COUNTIF('Minimum Baseline'!G10:G59,"Approved")
A22: Baseline Controls Pending Approval | B22: =COUNTIF('Minimum Baseline'!G10:G59,"Pending")
A23: Total Compensating Controls | B23: =COUNTA('Compensating Controls'!B10:B59)
A24: Compensating Controls Tested | B24: =COUNTIF('Compensating Controls'!I10:I59,"Tested")
A25: Compensating Controls Untested | B25: =COUNTIF('Compensating Controls'!I10:I59,"Untested")
A26: BC/DR Plans Reviewed | B26: =COUNTA('BCDR Security Review'!B5:B54)
A27: BC/DR Plans with Security Section | B27: =COUNTIF('BCDR Security Review'!E5:E54,"Yes")
A28: BC/DR Plans CISO-Approved | B28: =COUNTIF('BCDR Security Review'!G5:G54,"Approved")
A29: BC/DR Plans with Open Remediation | B29: =COUNTIF('BCDR Security Review'!J5:J54,"Open")
A33: TABLE 3: CRITICAL FINDINGS REQUIRING IMMEDIATE ATTENTION
A34: Category | B34: Finding | C34: Count | D34: Severity | E34: Action Required
A35: Security Control Inventory | B35: Non-Negotiable controls not Operational | C35: =COUNTIFS('Security Control Inventory'!F14:F63,"Non-Negotiable",'Security Control Inventory'!E14:E63,"Partial") | D35: Critical | E35: Immediate
A36: Security Control Inventory | B36: Critical priority controls not Operational | C36: =COUNTIFS('Security Control Inventory'!G14:G63,"Critical",'Security Control Inventory'!E14:E63,"Partial") | D36: Critical | E36: Immediate
A37: Minimum Baseline | B37: Baseline controls not yet Approved | C37: =COUNTIF('Minimum Baseline'!G10:G59,"Pending")+COUNTIF('Minimum Baseline'!G10:G59,"Rejected") | D37: Critical | E37: Immediate
A38: Compensating Controls | B38: Untested compensating controls | C38: =COUNTIF('Compensating Controls'!I10:I59,"Untested") | D38: High | E38: Urgent
A39: Compensating Controls | B39: Failed compensating controls | C39: =COUNTIF('Compensating Controls'!I10:I59,"Failed") | D39: Critical | E39: Immediate
A40: BCDR Security Review | B40: BC/DR plans missing security section | C40: =COUNTIF('BCDR Security Review'!E5:E54,"No") | D40: High | E40: Urgent
A41: BCDR Security Review | B41: BC/DR plans not CISO-approved | C41: =COUNTIF('BCDR Security Review'!G5:G54,"Pending")+COUNTIF('BCDR Security Review'!G5:G54,"Rejected") | D41: High | E41: Urgent
A42: BCDR Security Review | B42: Plans with open remediation items | C42: =COUNTIF('BCDR Security Review'!J5:J54,"Open") | D42: Medium | E42: Plan

Sheet Approval Sign-Off
A1: SECURITY CONTROLS DURING DISRUPTION — ASSESSMENT APPROVAL AND SIGN-OFF
A2: ISO/IEC 27001:2022 - Control A.5.29: Information Security During Disruption
A3: ASSESSMENT SUMMARY
A4: Document: | B4: ISMS-IMP-A.5.29.1 — Security Controls During Disruption
A5: Assessment Period:
A6: Overall Compliance Rating: | B6: =IFERROR(AVERAGE('Summary Dashboard'!G6:G8),"")
A7: Assessment Status:
A8: Assessed By:
A10: ASSESSMENT REVIEW AND APPROVAL
A11: Role / Function | B11: Name | C11: Signature / Initials | D11: Date (DD.MM.YYYY) | E11: Comments
A12: Lead Assessor / Author
A13: IT Security Manager
A14: Reviewer (Technical / Compliance)
A15: CISO / Final Approver
A17: FINAL DECISION: | B17: ☐ Approved ☐ Approved with Conditions ☐ Rejected ☐ Deferred
A19: NEXT REVIEW DETAILS
A20: Next Review Date (DD.MM.YYYY)
A21: Review Owner
