Workbook

Sheet Instructions & Legend
A1: ISMS-IMP-A.8.25-26-29.4 ISO/IEC 27001:2022 - Controls A.8.25, A.8.26, A.8.29: Secure Development
A2: ISO/IEC 27001:2022 - Control A.8.29: Security Testing in Development and Acceptance
A4: Document ID: | B4: ISMS-IMP-A.8.25-26-29.4
A5: Assessment Area: | B5: Vulnerability Remediation Tracking
A6: Related Policy: | B6: ISMS-POL-A.8.25-26-29-S4
A7: Version: | B7: 1.0
A8: Assessment Date: | B8: [USER INPUT]
A9: Completed By: | B9: [USER INPUT]
A10: Organization: | B10: [USER INPUT]
A11: Review Cycle: | B11: Monthly
A13: How to Use This Workbook
A14: 1. Maintain current vulnerability inventory in Open_Vulnerabilities_Inventory
A15: 2. Monitor SLA compliance in Remediation_SLA_Compliance
A16: 3. Track vulnerability trends over time in Vulnerability_Trends
A17: 4. Document accepted security risks in Security_Technical_Debt
A18: 5. Review Compliance_Summary for overall remediation performance
A19: 6. Document evidence in Evidence_Register
A20: 7. Obtain monthly approvals in Approval_Sign_Off
A22: Remediation SLA Reference
A23: Severity | B23: SLA | C23: Description
A24: Critical | B24: 7 days | C24: Immediate exploitation, high impact
A25: High | B25: 30 days | C25: Likely exploitation, significant impact
A26: Medium | B26: 90 days | C26: Exploitation requires conditions, moderate impact
A27: Low | B27: Best effort | C27: Difficult to exploit or minimal impact

Sheet Open_Vulnerabilities_Inventory
A1: Open Vulnerabilities Inventory
A2: Track all open security vulnerabilities with SLA monitoring
A3: Vulnerability ID | B3: Application Name | C3: Vulnerability Type | D3: Severity | E3: Source | F3: Discovered Date | G3: Age (days) | H3: SLA Due Date | I3: Days Until Due | J3: Status | K3: Owner | L3: Notes
A4: VULN-2025-001 | B4: Customer Portal | C4: SQL Injection | D4: High | E4: SAST | F4: 2024-12-15 | G4: =TODAY()-F4 | H4: =IF(D4="Critical",F4+7,IF(D4="High",F4+30,IF(D4="Medium",F4+90,"N/A"))) | I4: =IF(H4="N/A","N/A",H4-TODAY()) | J4: In Progress | K4: Dev Team A | L4: In payment module
A5: VULN-2025-002 | B5: Customer Portal | C5: XSS | D5: Medium | E5: DAST | F5: 2024-12-20 | G5: =TODAY()-F5 | H5: =IF(D5="Critical",F5+7,IF(D5="High",F5+30,IF(D5="Medium",F5+90,"N/A"))) | I5: =IF(H5="N/A","N/A",H5-TODAY()) | J5: Open | K5: Dev Team A | L5: User profile page
A6: VULN-2025-003 | B6: Internal HR | C6: Outdated Dependency | D6: High | E6: SCA | F6: 2024-12-10 | G6: =TODAY()-F6 | H6: =IF(D6="Critical",F6+7,IF(D6="High",F6+30,IF(D6="Medium",F6+90,"N/A"))) | I6: =IF(H6="N/A","N/A",H6-TODAY()) | J6: In Progress | K6: Dev Team B | L6: Log4j 2.14.0
A7: VULN-2025-004 | B7: Marketing Site | C7: Missing Security Headers | D7: Low | E7: DAST | F7: 2025-01-05 | G7: =TODAY()-F7 | H7: =IF(D7="Critical",F7+7,IF(D7="High",F7+30,IF(D7="Medium",F7+90,"N/A"))) | I7: =IF(H7="N/A","N/A",H7-TODAY()) | J7: Open | K7: Dev Team C | L7: X-Frame-Options
A8: VULN-2025-005 | B8: API Gateway | C8: Authentication Bypass | D8: Critical | E8: Pentest | F8: 2025-01-08 | G8: =TODAY()-F8 | H8: =IF(D8="Critical",F8+7,IF(D8="High",F8+30,IF(D8="Medium",F8+90,"N/A"))) | I8: =IF(H8="N/A","N/A",H8-TODAY()) | J8: In Progress | K8: Security Team | L8: OAuth implementation

Sheet Remediation_SLA_Compliance
A1: Remediation SLA Compliance
A2: Monitor vulnerability remediation SLA compliance by severity
A3: Severity Level | B3: SLA (days) | C3: Open Vulnerabilities | D3: Vulnerabilities Within SLA | E3: Vulnerabilities Overdue | F3: Avg Age (days) | G3: SLA Compliance Rate (%)
A4: Critical | B4: 7 | C4: =COUNTIFS(Open_Vulnerabilities_Inventory!D:D,A4,Open_Vulnerabilities_Inventory!J:J,"Open")+COUNTIFS(Open_Vulnerabilities_Inventory!D:D,A4,Open_Vulnerabilities_Inventory!J:J,"In Progress") | D4: =COUNTIFS(Open_Vulnerabilities_Inventory!D:D,A4,Open_Vulnerabilities_Inventory!I:I,">=0") | E4: =COUNTIFS(Open_Vulnerabilities_Inventory!D:D,A4,Open_Vulnerabilities_Inventory!I:I,"<0") | F4: =AVERAGEIFS(Open_Vulnerabilities_Inventory!G:G,Open_Vulnerabilities_Inventory!D:D,A4) | G4: =IF(C4>0,D4/C4*100,100)
A5: High | B5: 30 | C5: =COUNTIFS(Open_Vulnerabilities_Inventory!D:D,A5,Open_Vulnerabilities_Inventory!J:J,"Open")+COUNTIFS(Open_Vulnerabilities_Inventory!D:D,A5,Open_Vulnerabilities_Inventory!J:J,"In Progress") | D5: =COUNTIFS(Open_Vulnerabilities_Inventory!D:D,A5,Open_Vulnerabilities_Inventory!I:I,">=0") | E5: =COUNTIFS(Open_Vulnerabilities_Inventory!D:D,A5,Open_Vulnerabilities_Inventory!I:I,"<0") | F5: =AVERAGEIFS(Open_Vulnerabilities_Inventory!G:G,Open_Vulnerabilities_Inventory!D:D,A5) | G5: =IF(C5>0,D5/C5*100,100)
A6: Medium | B6: 90 | C6: =COUNTIFS(Open_Vulnerabilities_Inventory!D:D,A6,Open_Vulnerabilities_Inventory!J:J,"Open")+COUNTIFS(Open_Vulnerabilities_Inventory!D:D,A6,Open_Vulnerabilities_Inventory!J:J,"In Progress") | D6: =COUNTIFS(Open_Vulnerabilities_Inventory!D:D,A6,Open_Vulnerabilities_Inventory!I:I,">=0") | E6: =COUNTIFS(Open_Vulnerabilities_Inventory!D:D,A6,Open_Vulnerabilities_Inventory!I:I,"<0") | F6: =AVERAGEIFS(Open_Vulnerabilities_Inventory!G:G,Open_Vulnerabilities_Inventory!D:D,A6) | G6: =IF(C6>0,D6/C6*100,100)
A7: Low | B7: Best effort | C7: =COUNTIFS(Open_Vulnerabilities_Inventory!D:D,A7,Open_Vulnerabilities_Inventory!J:J,"Open")+COUNTIFS(Open_Vulnerabilities_Inventory!D:D,A7,Open_Vulnerabilities_Inventory!J:J,"In Progress") | D7: N/A | E7: N/A | F7: =AVERAGEIFS(Open_Vulnerabilities_Inventory!G:G,Open_Vulnerabilities_Inventory!D:D,A7) | G7: N/A

Sheet Vulnerability_Trends
A1: Vulnerability Trends Over Time
A2: Track vulnerability discovery and remediation trends month-over-month
A3: Month | B3: Critical Opened | C3: Critical Closed | D3: High Opened | E3: High Closed | F3: Medium Opened | G3: Medium Closed | H3: Low Opened | I3: Low Closed | J3: Total Opened | K3: Total Closed | L3: Net Change
A4: 2024-08 | B4: 0 | C4: 0 | D4: 3 | E4: 2 | F4: 8 | G4: 6 | H4: 12 | I4: 10 | J4: =B4+D4+F4+H4 | K4: =C4+E4+G4+I4 | L4: =J4-K4
A5: 2024-09 | B5: 0 | C5: 0 | D5: 2 | E5: 3 | F5: 10 | G5: 8 | H5: 15 | I5: 12 | J5: =B5+D5+F5+H5 | K5: =C5+E5+G5+I5 | L5: =J5-K5
A6: 2024-10 | B6: 1 | C6: 1 | D6: 4 | E6: 3 | F6: 6 | G6: 8 | H6: 10 | I6: 11 | J6: =B6+D6+F6+H6 | K6: =C6+E6+G6+I6 | L6: =J6-K6
A7: 2024-11 | B7: 0 | C7: 0 | D7: 3 | E7: 4 | F7: 9 | G7: 7 | H7: 14 | I7: 13 | J7: =B7+D7+F7+H7 | K7: =C7+E7+G7+I7 | L7: =J7-K7
A8: 2024-12 | B8: 0 | C8: 0 | D8: 5 | E8: 3 | F8: 12 | G8: 10 | H8: 18 | I8: 15 | J8: =B8+D8+F8+H8 | K8: =C8+E8+G8+I8 | L8: =J8-K8
A9: 2025-01 | B9: 1 | C9: 0 | D9: 4 | E9: 2 | F9: 8 | G9: 5 | H9: 11 | I9: 8 | J9: =B9+D9+F9+H9 | K9: =C9+E9+G9+I9 | L9: =J9-K9

Sheet Security_Technical_Debt
A1: Security Technical Debt (Accepted Risks)
A2: Track vulnerabilities accepted as risk with mitigating controls
A3: Vulnerability ID | B3: Application Name | C3: Vulnerability Type | D3: Severity | E3: Risk Acceptance Rationale | F3: Accepted Date | G3: Accepted By | H3: Mitigating Controls | I3: Review Date | J3: Status
A4: VULN-2024-087 | B4: Legacy App | C4: Outdated Framework | D4: Medium | E4: Decommissioning in 6 months | F4: 2024-09-15 | G4: CISO | H4: WAF rules block known exploits | I4: 2025-03-15 | J4: Active
A5: VULN-2024-102 | B5: Internal Tool | C5: Missing Security Headers | D5: Low | E5: Internal-only application | F5: 2024-11-10 | G5: Security Architect | H5: Network segmentation | I5: 2025-05-10 | J5: Active

Sheet Compliance_Summary
A1: Vulnerability Remediation Compliance Dashboard
A2: Overall vulnerability remediation performance and compliance
A4: Portfolio Vulnerability Statistics
A5: Total Open Vulnerabilities: | B5: [Calculated from data]
A6: Critical Vulnerabilities: | B6: [Calculated from data]
A7: High Vulnerabilities: | B7: [Calculated from data]
A8: Overdue Vulnerabilities: | B8: [Calculated from data]
A9: Average Remediation Time: | B9: [Calculated from data]
A10: Overall SLA Compliance Rate: | B10: [Calculated from data]
A11: Accepted Security Risks: | B11: [Calculated from data]
A13: SLA Compliance by Severity
A14: Severity | B14: SLA (days) | C14: Open Count | D14: Overdue Count | E14: Compliance Rate (%) | F14: Compliance Status
A15: Critical | B15: =Remediation_SLA_Compliance!B4 | C15: =Remediation_SLA_Compliance!C4 | D15: =Remediation_SLA_Compliance!E4 | E15: =Remediation_SLA_Compliance!G4 | F15: =IF(E15>=90,"✅ Compliant",IF(E15>=70,"⚠️ At Risk","❌ Non-Compliant"))
A16: High | B16: =Remediation_SLA_Compliance!B5 | C16: =Remediation_SLA_Compliance!C5 | D16: =Remediation_SLA_Compliance!E5 | E16: =Remediation_SLA_Compliance!G5 | F16: =IF(E16>=90,"✅ Compliant",IF(E16>=70,"⚠️ At Risk","❌ Non-Compliant"))
A17: Medium | B17: =Remediation_SLA_Compliance!B6 | C17: =Remediation_SLA_Compliance!C6 | D17: =Remediation_SLA_Compliance!E6 | E17: =Remediation_SLA_Compliance!G6 | F17: =IF(E17>=90,"✅ Compliant",IF(E17>=70,"⚠️ At Risk","❌ Non-Compliant"))
A18: Low | B18: =Remediation_SLA_Compliance!B7 | C18: =Remediation_SLA_Compliance!C7 | D18: =Remediation_SLA_Compliance!E7 | E18: =Remediation_SLA_Compliance!G7 | F18: N/A

Sheet Evidence_Register
A1: Evidence Register
A2: Centralized register of vulnerability remediation evidence
A3: Evidence Type | B3: Vulnerability ID | C3: Document Title/Description | D3: Document Location/Link | E3: Last Updated | F3: Owner | G3: Status
A4: Remediation Ticket | B4: VULN-2025-001 | C4: Jira Ticket PROJ-1234 | D4: https://jira.example.com/browse/PROJ-1234 | E4: 2025-01-10 | F4: Dev Team A | G4: Current
A5: Fix Validation | B5: VULN-2025-003 | C5: Re-scan Report (Snyk) | D5: /reports/vuln/VULN-2025-003-retest.pdf | E5: 2025-01-09 | F5: Security Team | G5: Current
A6: Risk Acceptance | B6: VULN-2024-087 | C6: Risk Acceptance Form | D6: /risk-acceptance/VULN-2024-087.pdf | E6: 2024-09-15 | F6: CISO | G6: Current

Sheet Approval_Sign_Off
A1: Monthly Assessment Approval and Sign-Off
A3: Assessment Information
A4: Assessment Date: | B4: [USER INPUT]
A5: Assessed By: | B5: [USER INPUT]
A6: Organization: | B6: [USER INPUT]
A7: Assessment Month: | B7: [USER INPUT - e.g., January 2025]
A8: Total Open Vulnerabilities: | B8: [Auto-calculated or USER INPUT]
A11: Approval Sign-Off
A12: Approver Name | B12: Role/Title | C12: Date | D12: Signature | E12: Comments
A13: [Name] | B13: Security Team Lead | C13: [Date] | D13: [Signature/Initials]
A14: [Name] | B14: Development Manager | C14: [Date] | D14: [Signature/Initials]
A15: [Name] | B15: CISO / Security Leadership | C15: [Date] | D15: [Signature/Initials]
A18: Overall Remediation Compliance
A19: SLA Compliance Status: | B19: [✅ Compliant / ⚠️ At Risk / ❌ Non-Compliant]
A20: Overall SLA Compliance Rate: | B20: [X%]
