Workbook

Sheet Instructions & Legend
A1: ISMS-IMP-A.8.25-26-29.1 ISO/IEC 27001:2022 - Controls A.8.25, A.8.26, A.8.29: Secure Development
A2: ISO/IEC 27001:2022 - Control A.8.26: Application Security Requirements
A4: Document ID: | B4: ISMS-IMP-A.8.25-26-29.1
A5: Assessment Area: | B5: Application Security Requirements
A6: Related Policy: | B6: ISMS-POL-A.8.25-26-29-S2
A7: Version: | B7: 1.0
A8: Assessment Date: | B8: [USER INPUT]
A9: Completed By: | B9: [USER INPUT]
A10: Organization: | B10: [USER INPUT]
A11: Review Cycle: | B11: Quarterly
A13: How to Use This Workbook
A14: 1. Complete the Application_Inventory sheet with all applications in your portfolio
A15: 2. For each application, complete the Requirements_Documentation_Status sheet
A16: 3. For each application, complete the Threat_Modeling_Status sheet
A17: 4. For each application, complete the Architecture_Review_Status sheet
A18: 5. For each application, complete the Traceability_Matrix_Status sheet
A19: 6. Review the Compliance_Summary sheet for overall compliance scores
A20: 7. Document evidence in the Evidence_Register sheet
A21: 8. Obtain approval and sign-off in the Approval_Sign_Off sheet
A23: Status Legend
A24: Symbol | B24: Status | C24: Description | D24: Color Code
A25: ✅ | B25: Compliant | C25: Requirement met, fully implemented | D25: Green
A26: ⚠️ | B26: Partial | C26: Partially implemented, needs improvement | D26: Yellow
A27: ❌ | B27: Non-Compliant | C27: Not implemented, not meeting requirement | D27: Red
A28: ⏳ | B28: Pending | C28: In progress, under review | D28: Blue
A29: N/A | B29: Not Applicable | C29: Not applicable to this application | D29: Gray
A31: Acceptable Evidence (Examples)
A32: ✓ Security Requirements Documents (SEC-REQ-XXX format)
A33: ✓ Threat Models (STRIDE, PASTA, LINDDUN methodologies)
A34: ✓ Architecture Review Reports (with findings and approvals)
A35: ✓ Requirements Traceability Matrices (linking requirements to design, code, tests)
A36: ✓ Security Approval Sign-offs (from Security Architects, Product Owners)
A37: ✓ Application Risk Classification Documentation
A38: ✓ Security Requirements Workshop Materials (agendas, attendees, outputs)
A39: ✓ Threat Modeling Workshop Materials (DFDs, threat lists, mitigations)

Sheet Application_Inventory
A1: Application Inventory
A2: Complete inventory of all applications requiring security requirements assessment
A3: Application Name | B3: Application ID | C3: Application Owner | D3: Business Criticality | E3: Risk Classification | F3: Technology Stack | G3: Deployment Model | H3: Regulatory Scope | I3: Internet Facing | J3: Last Assessment Date
A4: Customer Portal | B4: APP-001 | C4: Jane Doe | D4: High | E4: High Risk | F4: Java/Spring Boot | G4: AWS Cloud | H4: GDPR, PCI DSS | I4: Yes | J4: 2025-01-15
A5: Internal HR System | B5: APP-002 | C5: John Smith | D5: Medium | E5: Medium Risk | F5: Python/Django | G5: On-Premises | H5: GDPR | I5: No | J5: 2024-12-10
A6: Marketing Website | B6: APP-003 | C6: Alice Johnson | D6: Medium | E6: Medium Risk | F6: Static HTML/CSS | G6: CDN (Cloudflare) | H6: None | I6: Yes | J6: 2025-01-05
A7: Employee Portal | B7: APP-004 | C7: Bob Williams | D7: Medium | E7: Medium Risk | F7: ASP.NET Core | G7: Azure Cloud | H7: GDPR | I7: No | J7: 2024-11-22
A8: Finance Dashboard | B8: APP-005 | C8: Carol Davis | D8: High | E8: High Risk | F8: React + Node.js | G8: AWS Cloud | H8: SOX, GDPR | I8: No | J8: 2025-01-08

Sheet Requirements_Documentation_Status
A1: Security Requirements Documentation Assessment
A2: Assess completeness of security requirements documentation per application
A3: Application Name | B3: Requirements Document Exists? | C3: Document Location/Link | D3: Last Updated | E3: Requirements Approved? | F3: Approver Name | G3: Approval Date | H3: Functional Requirements (%) | I3: Non-Functional Requirements (%) | J3: Data Protection Requirements (%) | K3: Completeness Score (%)
A4: Customer Portal | B4: Yes | C4: /docs/security-requirements/APP-001-sec-req.pdf | D4: 2025-01-10 | E4: Yes | F4: Jane Doe | G4: 2025-01-12 | H4: 95 | I4: 90 | J4: 100
A5: Internal HR System | B5: Yes | C5: /docs/security-requirements/APP-002-sec-req.pdf | D5: 2024-11-20 | E5: Yes | F5: John Smith | G5: 2024-11-25 | H5: 85 | I5: 80 | J5: 90
A6: Marketing Website | B6: Partial | C6: /docs/security-requirements/APP-003-baseline.pdf | D6: 2024-12-15 | E6: Yes | F6: Alice Johnson | G6: 2024-12-18 | H6: 60 | I6: 50 | J6: 70
A7: Employee Portal | B7: Yes | C7: /docs/security-requirements/APP-004-sec-req.pdf | D7: 2024-11-15 | E7: Yes | F7: Bob Williams | G7: 2024-11-18 | H7: 88 | I7: 85 | J7: 92
A8: Finance Dashboard | B8: Yes | C8: /docs/security-requirements/APP-005-sec-req.pdf | D8: 2025-01-05 | E8: Yes | F8: Carol Davis | G8: 2025-01-07 | H8: 92 | I8: 88 | J8: 95

Sheet Threat_Modeling_Status
A1: Threat Modeling Status Assessment
A2: Assess threat modeling completion and quality per application
A3: Application Name | B3: Threat Model Exists? | C3: Methodology Used | D3: Threat Model Location/Link | E3: Last Updated | F3: DFD Created? | G3: Threats Documented? | H3: Mitigations Defined? | I3: Approval Status | J3: Approver Name | K3: Completeness Score (%)
A4: Customer Portal | B4: Yes | C4: STRIDE | D4: /docs/threat-models/APP-001-threat-model.pdf | E4: 2025-01-08 | F4: Yes | G4: Yes | H4: Yes | I4: ✅ Approved | J4: Jane Doe
A5: Internal HR System | B5: Yes | C5: STRIDE | D5: /docs/threat-models/APP-002-threat-model.pdf | E5: 2024-11-18 | F5: Yes | G5: Yes | H5: Yes | I5: ✅ Approved | J5: John Smith
A6: Marketing Website | B6: No | C6: N/A | F6: No | G6: No | H6: No | I6: ❌ Not Approved
A7: Employee Portal | B7: Yes | C7: STRIDE | D7: /docs/threat-models/APP-004-threat-model.pdf | E7: 2024-11-12 | F7: Yes | G7: Yes | H7: Partial | I7: ⏳ Pending | J7: Bob Williams
A8: Finance Dashboard | B8: Yes | C8: STRIDE | D8: /docs/threat-models/APP-005-threat-model.pdf | E8: 2025-01-03 | F8: Yes | G8: Yes | H8: Yes | I8: ✅ Approved | J8: Carol Davis

Sheet Architecture_Review_Status
A1: Security Architecture Review Status
A2: Assess security architecture review completion and findings per application
A3: Application Name | B3: Review Conducted? | C3: Review Date | D3: Review Report Location/Link | E3: Reviewers | F3: Critical Findings | G3: High Findings | H3: Medium Findings | I3: Low Findings | J3: Open Findings | K3: Approval Status | L3: Approval Date
A4: Customer Portal | B4: Yes | C4: 2025-01-09 | D4: /docs/arch-reviews/APP-001-arch-review.pdf | E4: Security Team, Tech Lead | F4: 0 | G4: 0 | H4: 2 | I4: 3 | J4: 0 | K4: ✅ Approved | L4: 2025-01-11
A5: Internal HR System | B5: Yes | C5: 2024-11-19 | D5: /docs/arch-reviews/APP-002-arch-review.pdf | E5: Security Architect | F5: 0 | G5: 1 | H5: 3 | I5: 2 | J5: 0 | K5: ✅ Approved | L5: 2024-11-22
A6: Marketing Website | B6: No | F6: 0 | G6: 0 | H6: 0 | I6: 0 | J6: 0 | K6: ❌ Not Approved
A7: Employee Portal | B7: Yes | C7: 2024-11-14 | D7: /docs/arch-reviews/APP-004-arch-review.pdf | E7: Security Team | F7: 0 | G7: 2 | H7: 1 | I7: 1 | J7: 2 | K7: ⏳ Pending
A8: Finance Dashboard | B8: Yes | C8: 2025-01-04 | D8: /docs/arch-reviews/APP-005-arch-review.pdf | E8: Security Architect, CTO | F8: 0 | G8: 0 | H8: 1 | I8: 2 | J8: 0 | K8: ✅ Approved | L8: 2025-01-06

Sheet Traceability_Matrix_Status
A1: Requirements Traceability Matrix Status
A2: Assess requirements traceability completeness per application
A3: Application Name | B3: Traceability Matrix Exists? | C3: Matrix Location/Link | D3: Last Updated | E3: Requirements → Design Traced? | F3: Requirements → Code Traced? | G3: Requirements → Tests Traced? | H3: Traceability Coverage (%) | I3: Quality Score (%)
A4: Customer Portal | B4: Yes | C4: /docs/traceability/APP-001-traceability.xlsx | D4: 2025-01-14 | E4: Yes | F4: Yes | G4: Yes | H4: 95
A5: Internal HR System | B5: Yes | C5: /docs/traceability/APP-002-traceability.xlsx | D5: 2024-12-08 | E5: Yes | F5: Yes | G5: Partial | H5: 85
A6: Marketing Website | B6: No | E6: No | F6: No | G6: No | H6: 0
A7: Employee Portal | B7: Yes | C7: /docs/traceability/APP-004-traceability.xlsx | D7: 2024-11-20 | E7: Yes | F7: Partial | G7: Partial | H7: 75
A8: Finance Dashboard | B8: Yes | C8: /docs/traceability/APP-005-traceability.xlsx | D8: 2025-01-07 | E8: Yes | F8: Yes | G8: Yes | H8: 90

Sheet Compliance_Summary
A1: A.8.26 Security Requirements Compliance Dashboard
A2: Overall compliance summary for application security requirements
A4: Portfolio Summary Statistics
A5: Total Applications: | B5: [Calculated from data]
A6: High Risk Applications: | B6: [Calculated from data]
A7: Medium Risk Applications: | B7: [Calculated from data]
A8: Low Risk Applications: | B8: [Calculated from data]
A9: Applications with Security Requirements: | B9: [Calculated from data]
A10: Applications with Threat Models: | B10: [Calculated from data]
A11: Applications with Architecture Reviews: | B11: [Calculated from data]
A12: Overall Portfolio Compliance Score: | B12: [Calculated from data]
A14: Application-Level Compliance Scores
A15: Application Name | B15: Risk Level | C15: Req Score (%) | D15: TM Score (%) | E15: Arch Score | F15: Trace Score (%) | G15: Overall Score (%) | H15: Compliance Status
A16: Customer Portal | B16: High Risk | C16: =Requirements_Documentation_Status!K4 | D16: =Threat_Modeling_Status!K4 | E16: =IF(Architecture_Review_Status!K4="✅ Approved",100,IF(Architecture_Review_Status!K4="⏳ Pending",50,0)) | F16: =Traceability_Matrix_Status!I4 | G16: =(C16*0.4+D16*0.3+E16*0.2+F16*0.1) | H16: =IF(G16>=80,"✅ Compliant",IF(G16>=60,"⚠️ Partial Compliance","❌ Non-Compliant"))
A17: Internal HR System | B17: High Risk | C17: =Requirements_Documentation_Status!K5 | D17: =Threat_Modeling_Status!K5 | E17: =IF(Architecture_Review_Status!K5="✅ Approved",100,IF(Architecture_Review_Status!K5="⏳ Pending",50,0)) | F17: =Traceability_Matrix_Status!I5 | G17: =(C17*0.4+D17*0.3+E17*0.2+F17*0.1) | H17: =IF(G17>=80,"✅ Compliant",IF(G17>=60,"⚠️ Partial Compliance","❌ Non-Compliant"))
A18: Marketing Website | B18: High Risk | C18: =Requirements_Documentation_Status!K6 | D18: =Threat_Modeling_Status!K6 | E18: =IF(Architecture_Review_Status!K6="✅ Approved",100,IF(Architecture_Review_Status!K6="⏳ Pending",50,0)) | F18: =Traceability_Matrix_Status!I6 | G18: =(C18*0.4+D18*0.3+E18*0.2+F18*0.1) | H18: =IF(G18>=80,"✅ Compliant",IF(G18>=60,"⚠️ Partial Compliance","❌ Non-Compliant"))
A19: Employee Portal | B19: High Risk | C19: =Requirements_Documentation_Status!K7 | D19: =Threat_Modeling_Status!K7 | E19: =IF(Architecture_Review_Status!K7="✅ Approved",100,IF(Architecture_Review_Status!K7="⏳ Pending",50,0)) | F19: =Traceability_Matrix_Status!I7 | G19: =(C19*0.4+D19*0.3+E19*0.2+F19*0.1) | H19: =IF(G19>=80,"✅ Compliant",IF(G19>=60,"⚠️ Partial Compliance","❌ Non-Compliant"))
A20: Finance Dashboard | B20: High Risk | C20: =Requirements_Documentation_Status!K8 | D20: =Threat_Modeling_Status!K8 | E20: =IF(Architecture_Review_Status!K8="✅ Approved",100,IF(Architecture_Review_Status!K8="⏳ Pending",50,0)) | F20: =Traceability_Matrix_Status!I8 | G20: =(C20*0.4+D20*0.3+E20*0.2+F20*0.1) | H20: =IF(G20>=80,"✅ Compliant",IF(G20>=60,"⚠️ Partial Compliance","❌ Non-Compliant"))
A22: Gap Analysis - Applications Requiring Attention
A23: Applications without Security Requirements: | B23: [List applications]
A24: Applications without Threat Models: | B24: [List applications]
A25: Applications without Architecture Reviews: | B25: [List applications]
A26: Applications with Open Critical Findings: | B26: [List applications]
A27: Applications below 80% Compliance Threshold: | B27: [List applications]

Sheet Evidence_Register
A1: Evidence Register
A2: Centralized register of all security requirements evidence
A3: Evidence Type | B3: Application Name | C3: Document Title/Description | D3: Document Location/Link | E3: Last Updated | F3: Owner | G3: Status
A4: Security Requirements | B4: Customer Portal | C4: APP-001 Security Requirements v1.2 | D4: /docs/security-requirements/APP-001-sec-req.pdf | E4: 2025-01-10 | F4: Jane Doe | G4: Current
A5: Threat Model | B5: Customer Portal | C5: APP-001 STRIDE Threat Model | D5: /docs/threat-models/APP-001-threat-model.pdf | E5: 2025-01-08 | F5: Security Team | G5: Current
A6: Architecture Review | B6: Customer Portal | C6: APP-001 Security Architecture Review Report | D6: /docs/arch-reviews/APP-001-arch-review.pdf | E6: 2025-01-09 | F6: Security Architect | G6: Current
A7: Traceability Matrix | B7: Customer Portal | C7: APP-001 Requirements Traceability | D7: /docs/traceability/APP-001-traceability.xlsx | E7: 2025-01-14 | F7: Dev Lead | G7: Current
A8: Security Requirements | B8: Internal HR System | C8: APP-002 Security Requirements v1.0 | D8: /docs/security-requirements/APP-002-sec-req.pdf | E8: 2024-11-20 | F8: John Smith | G8: Current
A9: Threat Model | B9: Internal HR System | C9: APP-002 STRIDE Threat Model | D9: /docs/threat-models/APP-002-threat-model.pdf | E9: 2024-11-18 | F9: Security Team | G9: Current
A10: Architecture Review | B10: Internal HR System | C10: APP-002 Security Architecture Review | D10: /docs/arch-reviews/APP-002-arch-review.pdf | E10: 2024-11-19 | F10: Security Architect | G10: Current
A11: Security Requirements | B11: Marketing Website | C11: APP-003 Baseline Security Requirements | D11: /docs/security-requirements/APP-003-baseline.pdf | E11: 2024-12-15 | F11: Alice Johnson | G11: Outdated

Sheet Approval_Sign_Off
A1: Assessment Approval and Sign-Off
A3: Assessment Information
A4: Assessment Date: | B4: [USER INPUT]
A5: Assessed By: | B5: [USER INPUT]
A6: Organization: | B6: [USER INPUT]
A7: Assessment Period: | B7: [USER INPUT - e.g., Q1 2025]
A8: Total Applications Assessed: | B8: [Auto-calculated or USER INPUT]
A11: Approval Sign-Off
A12: Approver Name | B12: Role/Title | C12: Date | D12: Signature | E12: Comments
A13: [Name] | B13: Security Architect | C13: [Date] | D13: [Signature/Initials]
A14: [Name] | B14: CISO / Security Leadership | C14: [Date] | D14: [Signature/Initials]
A15: [Name] | B15: Compliance Officer | C15: [Date] | D15: [Signature/Initials]
A16: [Name] | B16: Application Portfolio Manager | C16: [Date] | D16: [Signature/Initials]
A19: Overall Compliance Determination
A20: Overall Portfolio Compliance Status: | B20: [✅ Compliant / ⚠️ Partial Compliance / ❌ Non-Compliant]
A21: Overall Compliance Score: | B21: [X%]
A23: Recommended Actions
A24: [Document recommended actions based on gap analysis and compliance summary]
