Workbook

Sheet Instructions & Legend
A1: ISMS-IMP-A.8.25-26-29.3 ISO/IEC 27001:2022 - Controls A.8.25, A.8.26, A.8.29: Secure Development
A2: ISO/IEC 27001:2022 - Control A.8.29: Security Testing in Development and Acceptance
A4: Document ID: | B4: ISMS-IMP-A.8.25-26-29.3
A5: Assessment Area: | B5: Security Testing Results
A6: Related Policy: | B6: ISMS-POL-A.8.25-26-29-S4
A7: Version: | B7: 1.0
A8: Assessment Date: | B8: [USER INPUT]
A9: Completed By: | B9: [USER INPUT]
A10: Organization: | B10: [USER INPUT]
A11: Review Cycle: | B11: Quarterly
A13: How to Use This Workbook
A14: 1. Track security testing coverage in Security_Testing_Coverage
A15: 2. Record SAST scan results in SAST_Scan_Results
A16: 3. Record DAST scan results in DAST_Scan_Results
A17: 4. Record SCA scan results in SCA_Scan_Results
A18: 5. Record penetration testing results in Penetration_Testing_Results
A19: 6. Track security acceptance testing in Security_Acceptance_Testing
A20: 7. Review Compliance_Summary for overall testing compliance
A21: 8. Document evidence in Evidence_Register
A22: 9. Obtain approvals in Approval_Sign_Off
A24: Status Legend
A25: Symbol | B25: Status | C25: Description | D25: Color
A26: ✅ | B26: Passed/Compliant | C26: Testing passed or compliant | D26: Green
A27: ❌ | B27: Failed/Non-Compliant | C27: Testing failed or non-compliant | D27: Red
A28: ⏳ | B28: In Progress/Pending | C28: Testing in progress or pending | D28: Yellow
A29: N/A | B29: Not Applicable | C29: Not applicable | D29: Gray

Sheet Security_Testing_Coverage
A1: Security Testing Coverage Overview
A2: Track security testing coverage across all testing types per application
A3: Application Name | B3: SAST Enabled? | C3: Last SAST Scan | D3: DAST Enabled? | E3: Last DAST Scan | F3: SCA Enabled? | G3: Last SCA Scan | H3: Pentest Status | I3: Last Pentest Date | J3: Coverage Score (%)
A4: Customer Portal | B4: Yes | C4: 2025-01-10 | D4: Yes | E4: 2025-01-08 | F4: Yes | G4: 2025-01-10 | H4: Completed | I4: 2024-11-15
A5: Internal HR System | B5: Yes | C5: 2025-01-09 | D5: No | E5: N/A | F5: Yes | G5: 2025-01-09 | H5: Scheduled | I5: 2024-06-20
A6: Marketing Website | B6: Yes | C6: 2025-01-11 | D6: Yes | E6: 2025-01-05 | F6: Yes | G6: 2025-01-11 | H6: Completed | I6: 2024-09-10

Sheet SAST_Scan_Results
A1: SAST (Static Application Security Testing) Scan Results
A2: Track SAST scan findings by severity and remediation status
A3: Application Name | B3: Last Scan Date | C3: Critical Findings | D3: High Findings | E3: Medium Findings | F3: Low Findings | G3: Total Findings | H3: Findings Remediated | I3: Remediation Rate (%) | J3: Trend vs. Previous
A4: Customer Portal | B4: 2025-01-10 | C4: 0 | D4: 2 | E4: 5 | F4: 12
A5: Internal HR System | B5: 2025-01-09 | C5: 0 | D5: 3 | E5: 8 | F5: 15
A6: Marketing Website | B6: 2025-01-11 | C6: 0 | D6: 1 | E6: 3 | F6: 8

Sheet DAST_Scan_Results
A1: DAST (Dynamic Application Security Testing) Scan Results
A2: Track DAST scan findings by severity and scan type
A3: Application Name | B3: Last Scan Date | C3: Scan Type | D3: Critical Findings | E3: High Findings | F3: Medium Findings | G3: Low Findings | H3: Total Findings | I3: Remediation Status | J3: Next Scan Date
A4: Customer Portal | B4: 2025-01-08 | C4: Full | D4: 0 | E4: 1 | F4: 4 | G4: 8 | H4: =D4+E4+F4+G4 | I4: 2025-02-01
A5: Internal HR System | B5: 2024-12-15 | C5: Baseline | D5: 0 | E5: 0 | F5: 2 | G5: 5 | H5: =D5+E5+F5+G5 | I5: 2025-01-15
A6: Marketing Website | B6: 2025-01-05 | C6: Full | D6: 0 | E6: 0 | F6: 3 | G6: 6 | H6: =D6+E6+F6+G6 | I6: 2025-02-05

Sheet SCA_Scan_Results
A1: SCA (Software Composition Analysis) Scan Results
A2: Track vulnerable dependencies and license compliance
A3: Application Name | B3: Last Scan Date | C3: Critical Vulns | D3: High Vulns | E3: Medium Vulns | F3: Low Vulns | G3: Total Vulns | H3: License Issues | I3: Outdated Deps | J3: Remediation Status
A4: Customer Portal | B4: 2025-01-10 | C4: 0 | D4: 1 | E4: 3 | F4: 8 | G4: =C4+D4+E4+F4 | H4: 5 | I4: 80% Complete
A5: Internal HR System | B5: 2025-01-09 | C5: 0 | D5: 2 | E5: 5 | F5: 10 | G5: =C5+D5+E5+F5 | H5: 8 | I5: 60% Complete
A6: Marketing Website | B6: 2025-01-11 | C6: 0 | D6: 0 | E6: 2 | F6: 6 | G6: =C6+D6+E6+F6 | H6: 3 | I6: 100% Complete

Sheet Penetration_Testing_Results
A1: Penetration Testing Results
A2: Track penetration testing findings and remediation
A3: Application Name | B3: Pentest Date | C3: Pentester | D3: Critical Findings | E3: High Findings | F3: Medium Findings | G3: Low Findings | H3: Total Findings | I3: Retest Date | J3: Findings Resolved | K3: Closure Rate (%)
A4: Customer Portal | B4: 2024-11-15 | C4: External | D4: 0 | E4: 2 | F4: 5 | G4: 8 | H4: =D4+E4+F4+G4 | I4: 14
A5: Internal HR System | B5: 2024-06-20 | C5: Internal | D5: 0 | E5: 1 | F5: 3 | G5: 6 | H5: =D5+E5+F5+G5 | I5: 9
A6: Marketing Website | B6: 2024-09-10 | C6: External | D6: 0 | E6: 1 | F6: 2 | G6: 4 | H6: =D6+E6+F6+G6 | I6: 7

Sheet Security_Acceptance_Testing
A1: Security Acceptance Testing
A2: Track security test case execution and pass rates
A3: Application Name | B3: Release Version | C3: Test Cases Total | D3: Test Cases Passed | E3: Test Cases Failed | F3: Test Cases N/A | G3: Pass Rate (%) | H3: Security Sign-Off
A4: Customer Portal | B4: v2.5.0 | C4: 25 | D4: 24 | E4: 1 | F4: 0 | G4: =IF(C4>0,D4/C4*100,0)
A5: Internal HR System | B5: v1.8.2 | C5: 18 | D5: 15 | E5: 3 | F5: 0 | G5: =IF(C5>0,D5/C5*100,0)
A6: Marketing Website | B6: v3.1.0 | C6: 12 | D6: 12 | E6: 0 | F6: 0 | G6: =IF(C6>0,D6/C6*100,0)

Sheet Compliance_Summary
A1: A.8.29 Security Testing Compliance Dashboard
A2: Overall compliance summary for security testing activities
A4: Portfolio Testing Statistics
A5: Total Applications: | B5: [Calculated from data]
A6: Applications with SAST: | B6: [Calculated from data]
A7: Applications with DAST: | B7: [Calculated from data]
A8: Applications with SCA: | B8: [Calculated from data]
A9: Penetration Tests Completed (Last 12mo): | B9: [Calculated from data]
A10: Average SAST Remediation Rate: | B10: [Calculated from data]
A11: Overall Testing Compliance Score: | B11: [Calculated from data]
A13: Application-Level Testing Compliance
A14: Application Name | B14: SAST Score | C14: DAST Score | D14: SCA Score | E14: Pentest Score | F14: Security Acceptance | G14: Overall Testing Score | H14: Compliance Status
A15: Customer Portal | B15: =SAST_Scan_Results!I4 | C15: 85 | D15: 85 | E15: 85 | F15: =Security_Acceptance_Testing!G4 | G15: =(B15*0.25+C15*0.25+D15*0.25+E15*0.15+F15*0.10) | H15: =IF(G15>=80,"✅ Compliant",IF(G15>=60,"⚠️ Partial Compliance","❌ Non-Compliant"))
A16: Internal HR System | B16: =SAST_Scan_Results!I5 | C16: 85 | D16: 85 | E16: 85 | F16: =Security_Acceptance_Testing!G5 | G16: =(B16*0.25+C16*0.25+D16*0.25+E16*0.15+F16*0.10) | H16: =IF(G16>=80,"✅ Compliant",IF(G16>=60,"⚠️ Partial Compliance","❌ Non-Compliant"))
A17: Marketing Website | B17: =SAST_Scan_Results!I6 | C17: 85 | D17: 85 | E17: 85 | F17: =Security_Acceptance_Testing!G6 | G17: =(B17*0.25+C17*0.25+D17*0.25+E17*0.15+F17*0.10) | H17: =IF(G17>=80,"✅ Compliant",IF(G17>=60,"⚠️ Partial Compliance","❌ Non-Compliant"))

Sheet Evidence_Register
A1: Evidence Register
A2: Centralized register of all security testing evidence
A3: Evidence Type | B3: Application Name | C3: Document Title/Description | D3: Document Location/Link | E3: Last Updated | F3: Owner | G3: Status
A4: SAST Report | B4: Customer Portal | C4: SonarQube Security Report Jan 2025 | D4: /reports/sast/APP-001-202501.pdf | E4: 2025-01-10 | F4: Security Team | G4: Current
A5: DAST Report | B5: Customer Portal | C5: OWASP ZAP Full Scan Report | D5: /reports/dast/APP-001-20250108.html | E5: 2025-01-08 | F5: Security Team | G5: Current
A6: SCA Report | B6: Customer Portal | C6: Snyk Vulnerability Report | D6: https://app.snyk.io/org/myorg/project/... | E6: 2025-01-10 | F6: Dev Team | G6: Current
A7: Pentest Report | B7: Customer Portal | C7: External Pentest Report Q4 2024 | D7: /reports/pentest/APP-001-2024Q4.pdf | E7: 2024-11-20 | F7: Security Team | G7: Current
A8: Security Test Cases | B8: All Apps | C8: Security Acceptance Test Suite | D8: /tests/security-acceptance/ | E8: 2024-12-15 | F8: QA Team | G8: Current

Sheet Approval_Sign_Off
A1: Assessment Approval and Sign-Off
A3: Assessment Information
A4: Assessment Date: | B4: [USER INPUT]
A5: Assessed By: | B5: [USER INPUT]
A6: Organization: | B6: [USER INPUT]
A7: Assessment Period: | B7: [USER INPUT - e.g., Q1 2025]
A8: Total Applications Assessed: | B8: [Auto-calculated or USER INPUT]
A11: Approval Sign-Off
A12: Approver Name | B12: Role/Title | C12: Date | D12: Signature | E12: Comments
A13: [Name] | B13: Security Team Lead | C13: [Date] | D13: [Signature/Initials]
A14: [Name] | B14: QA Manager | C14: [Date] | D14: [Signature/Initials]
A15: [Name] | B15: Development Manager | C15: [Date] | D15: [Signature/Initials]
A16: [Name] | B16: CISO / Security Leadership | C16: [Date] | D16: [Signature/Initials]
A19: Overall Compliance Determination
A20: Overall Testing Compliance Status: | B20: [✅ Compliant / ⚠️ Partial Compliance / ❌ Non-Compliant]
A21: Overall Testing Score: | B21: [X%]
