Workbook

Sheet Instructions & Legend
A1: ISMS-IMP-A.7.8.S1 - Equipment Siting Assessment ISO/IEC 27001:2022 - Control A.7.8: Equipment Siting and Protection
A3: Document Information
A4: Document ID | B4: ISMS-IMP-A.7.8.S1
A5: Assessment Area | B5: Equipment Siting - Location, Environment, Security, Power
A6: Related Policy | B6: ISMS-POL-A.7.8-9
A7: Version | B7: 1.0
A8: Assessment Date
A9: Completed By
A10: Organisation
A11: Review Cycle | B11: Annual
A13: HOW TO USE THIS WORKBOOK
A14: 1. Complete Sheet 2 (Equipment Locations) - inventory all locations with equipment.
A15: 2. Complete Sheet 3 (Environmental Assessment) for each location.
A16: 3. Complete Sheet 4 (Physical Security) for each location.
A17: 4. Complete Sheet 5 (Power Infrastructure) for each location.
A18: 5. Complete Sheet 6 (Workstation Security) for office areas.
A19: 6. Document evidence in Sheet 7 (Evidence Register).
A20: 7. Review Sheet 8 (Summary Dashboard) for compliance scores.
A21: 8. Obtain approvals in Sheet 9 (Approval Sign-Off).
A23: STATUS LEGEND
A24: Symbol | B24: Status | C24: Description
A25: ✅ | B25: Compliant | C25: Meets all policy requirements
A26: ⚠ | B26: Partial | C26: Meets some requirements, gaps identified
A27: ❌ | B27: Non-Compliant | C27: Does not meet requirements, action needed
A28: N/A | B28: Not Applicable | C28: Not required for this location

Sheet Equipment Locations
A1: Equipment Locations Inventory Policy Requirement: Equipment should be sited securely and protected
A3: Location ID | B3: Location Name | C3: Location Type | D3: Building/Address | E3: Equipment Types | F3: Criticality Tier | G3: Access Control Type | H3: Environmental Monitoring | I3: CCTV Coverage | J3: UPS Protected | K3: Last Inspection | L3: Compliance Status | M3: Notes
A4: LOC-001
A5: LOC-002
A6: LOC-003
A7: LOC-004
A8: LOC-005
A9: LOC-006
A10: LOC-007
A11: LOC-008
A12: LOC-009
A13: LOC-010
A14: LOC-011
A15: LOC-012
... A103: LOC-100

Sheet Environmental
A1: Environmental Assessment Policy Requirement: Equipment should be protected from environmental threats
A3: Location ID | B3: Location Name | C3: Temperature Range | D3: Humidity Range | E3: Temperature Monitoring | F3: Flood Risk | G3: Fire Suppression | H3: Dust/Contamination | I3: Vibration Exposure | J3: Food/Drink Prohibited | K3: Incidents (12 months) | L3: Compliance Status | M3: Notes
A4: LOC-001
A5: LOC-002
A6: LOC-003
A7: LOC-004
A8: LOC-005
A9: LOC-006
A10: LOC-007
A11: LOC-008
A12: LOC-009
A13: LOC-010
A14: LOC-011
A15: LOC-012
... A103: LOC-100

Sheet Physical Security
A1: Physical Security Assessment Policy Requirement: Equipment should be protected by appropriate physical security measures
A3: Location ID | B3: Location Name | C3: Access Control System | D3: Access Levels Defined | E3: Log Retention (Days) | F3: CCTV System | G3: CCTV Retention (Days) | H3: Equipment Locking | I3: Cable Protection | J3: Asset Labels | K3: Segregation | L3: Last Security Review | M3: Compliance Status | N3: Notes
A4: LOC-001
A5: LOC-002
A6: LOC-003
A7: LOC-004
A8: LOC-005
A9: LOC-006
A10: LOC-007
A11: LOC-008
A12: LOC-009
A13: LOC-010
A14: LOC-011
A15: LOC-012
... A103: LOC-100

Sheet Power Infrastructure
A1: Power Infrastructure Assessment Policy Requirement: Equipment should be protected from power failures
A3: Location ID | B3: Location Name | C3: UPS Coverage | D3: UPS Runtime (min) | E3: Generator Backup | F3: Surge Protection | G3: Lightning Protection | H3: EPO Switch | I3: Power Redundancy | J3: Last UPS Test | K3: Last Generator Test | L3: Power Incidents (12m) | M3: Compliance Status | N3: Notes
A4: LOC-001
A5: LOC-002
A6: LOC-003
A7: LOC-004
A8: LOC-005
A9: LOC-006
A10: LOC-007
A11: LOC-008
A12: LOC-009
A13: LOC-010
A14: LOC-011
A15: LOC-012
... A103: LOC-100

Sheet Workstation Security
A1: Workstation Security Assessment Policy Requirement: Screens should be positioned to prevent unauthorised viewing
A3: Area ID | B3: Area Name | C3: Workstation Count | D3: Data Sensitivity | E3: Screen Positioning | F3: Privacy Screens | G3: Automatic Lock | H3: Clear Desk Policy | I3: Visitor Access | J3: Shoulder Surfing Risk | K3: Last Review | L3: Compliance Status | M3: Notes
A4: WS-001
A5: WS-002
A6: WS-003
A7: WS-004
A8: WS-005
A9: WS-006
A10: WS-007
A11: WS-008
A12: WS-009
A13: WS-010
A14: WS-011
A15: WS-012
... A103: WS-100

Sheet Evidence Register
A1: EVIDENCE REGISTER
A2: Document all supporting evidence for audit traceability.
A4: Evidence ID | B4: Evidence Type | C4: Description | D4: Related Sheet/Item | E4: File Name | F4: File Location | G4: Collection Date | H4: Collected By | I4: Retention Period | J4: Notes
A5: EVID-001
A6: EVID-002
A7: EVID-003
A8: EVID-004
A9: EVID-005
A10: EVID-006
A11: EVID-007
A12: EVID-008
A13: EVID-009
A14: EVID-010
A15: EVID-011
A16: EVID-012
... A104: EVID-100

Sheet Summary Dashboard
A1: EQUIPMENT SITING SUMMARY DASHBOARD
A3: Assessment Period:
A5: Compliance Metrics
A6: Domain | B6: Items | C6: ✅ Compliant | D6: ⚠ Partial | E6: ❌ Non-Compliant | F6: N/A | G6: % Compliant
A7: Equipment Locations | B7: =COUNTA('Equipment Locations'!L4:L103) | C7: =COUNTIF('Equipment Locations'!L4:L103,"✅*") | D7: =COUNTIF('Equipment Locations'!L4:L103,"⚠*") | E7: =COUNTIF('Equipment Locations'!L4:L103,"❌*") | F7: =COUNTIF('Equipment Locations'!L4:L103,"N/A") | G7: =IF((B7-F7)=0,"0%",ROUND(C7/(B7-F7)*100,1)&"%")
A8: Environmental | B8: =COUNTA('Environmental'!L4:L103) | C8: =COUNTIF('Environmental'!L4:L103,"✅*") | D8: =COUNTIF('Environmental'!L4:L103,"⚠*") | E8: =COUNTIF('Environmental'!L4:L103,"❌*") | F8: =COUNTIF('Environmental'!L4:L103,"N/A") | G8: =IF((B8-F8)=0,"0%",ROUND(C8/(B8-F8)*100,1)&"%")
A9: Physical Security | B9: =COUNTA('Physical Security'!M4:M103) | C9: =COUNTIF('Physical Security'!M4:M103,"✅*") | D9: =COUNTIF('Physical Security'!M4:M103,"⚠*") | E9: =COUNTIF('Physical Security'!M4:M103,"❌*") | F9: =COUNTIF('Physical Security'!M4:M103,"N/A") | G9: =IF((B9-F9)=0,"0%",ROUND(C9/(B9-F9)*100,1)&"%")
A10: Power Infrastructure | B10: =COUNTA('Power Infrastructure'!M4:M103) | C10: =COUNTIF('Power Infrastructure'!M4:M103,"✅*") | D10: =COUNTIF('Power Infrastructure'!M4:M103,"⚠*") | E10: =COUNTIF('Power Infrastructure'!M4:M103,"❌*") | F10: =COUNTIF('Power Infrastructure'!M4:M103,"N/A") | G10: =IF((B10-F10)=0,"0%",ROUND(C10/(B10-F10)*100,1)&"%")
A11: Workstation Security | B11: =COUNTA('Workstation Security'!L4:L103) | C11: =COUNTIF('Workstation Security'!L4:L103,"✅*") | D11: =COUNTIF('Workstation Security'!L4:L103,"⚠*") | E11: =COUNTIF('Workstation Security'!L4:L103,"❌*") | F11: =COUNTIF('Workstation Security'!L4:L103,"N/A") | G11: =IF((B11-F11)=0,"0%",ROUND(C11/(B11-F11)*100,1)&"%")
A12: TOTAL | B12: =SUM(B7:B11) | C12: =SUM(C7:C11) | D12: =SUM(D7:D11) | E12: =SUM(E7:E11) | F12: =SUM(F7:F11) | G12: =IF((B12-F12)=0,"0%",ROUND(C12/(B12-F12)*100,1)&"%")

Sheet Approval Sign-Off
A1: ASSESSMENT APPROVAL AND SIGN-OFF
A3: Assessment Summary
A4: Assessment Document | B4: ISMS-IMP-A.7.8.S1 - Equipment Siting Assessment
A5: Assessment Period
A6: Overall Compliance Rate | B6: ='Summary Dashboard'!G11
A7: Assessment Status
A10: Approval Workflow
A11: Level | B11: Role | C11: Name | D11: Date | E11: Signature
A12: Level 1 | B12: Assessor
A13: Level 2 | B13: Facilities Manager
A14: Level 3 | B14: CISO
A15: Level 4 | B15: Compliance Officer
