Workbook

Sheet Instructions & Legend
A1: ISMS-IMP-A.5.10-11.S3 - Asset Return and Offboarding Assessment ISO/IEC 27001:2022 — Control A.5.11: Return of Assets
A3: Document Information
A4: Document ID | B4: ISMS-IMP-A.5.10-11.S3
A5: Workbook Title | B5: Asset Return and Offboarding Assessment
A6: Control Reference | B6: ISO/IEC 27001:2022 — Control A.5.11: Return of Assets
A7: Version | B7: 1.0
A8: Assessment Date
A9: Completed By
A10: Organisation
A12: Instructions
A13: 1. Complete Return Process — document the asset return workflow for departing personnel.
A14: 2. Complete Asset Checklist — verify all assigned assets are listed and tracked for return.
A15: 3. Complete Offboarding Tracking — record asset returns for each leaver.
A16: 4. Complete Access Revocation — confirm access is revoked at or before departure.
A17: 5. Maintain Evidence Records with signed asset return forms and access revocation logs.
A18: 6. Obtain final approval and sign-off in the Approval Sign-Off sheet.
A20: Status Legend
A21: Symbol | B21: Status | C21: Description
A22: ✓ | B22: Compliant / Complete | C22: Requirement fully met
A23: ⚠ | B23: Partial / In Progress | C23: Partially met or in progress
A24: ✗ | B24: Non-Compliant / Not Started | C24: Requirement not met
A25: — | B25: Not Applicable | C25: Not applicable to this assessment

Sheet Return Process
A1: ASSET RETURN PROCESS ASSESSMENT
A2: Assess process completeness for ISO 27001:2022 A.5.11 Return of Assets requirements
A3: Requirement_ID | B3: Process_Requirement | C3: Category | D3: Implemented | E3: Documented | F3: Responsible_Role | G3: SLA_Days | H3: Automated | I3: Gap_Status | J3: Remediation_Notes | K3: Evidence_Ref
A4: PR-001 | B4: Formal offboarding procedure documented and approved | C4: Process | D4: Yes | E4: Yes | F4: HR Manager / IT Security | G4: 1 | H4: No | I4: Compliant | J4: Procedure reviewed annually | K4: HR-PROC-001.pdf
A5: PR-001 | B5: Formal offboarding procedure documented | C5: Process
A6: PR-002 | B6: Asset inventory linked to employee records | C6: Asset Management
A7: PR-003 | B7: Return checklist defined for each asset type | C7: Checklist
A8: PR-004 | B8: IT notified upon termination/transfer notice | C8: Communication
A9: PR-005 | B9: HR/Manager triggers offboarding workflow | C9: Workflow

Sheet Asset Checklist
A1: STANDARD ASSET RETURN CHECKLIST
A2: Standard checklist of assets to be returned upon employment termination or transfer
A3: Asset_Type | B3: Description | C3: Category | D3: Return_Required | E3: Verification_Method | F3: Responsible_Team | G3: SLA_Days | H3: Data_Wipe_Required | I3: Disposal_If_Not_Returned | J3: Notes
A4: Laptop/Desktop | B4: Company-issued computer — model and serial number from IT inventory | C4: Hardware | D4: Yes | E4: Physical handover receipt | F4: IT Operations | G4: 1 | H4: Yes | I4: Secure disposal via IT | J4: MDM wipe required before return
A5: Laptop/Desktop | B5: Company-issued computer equipment | C5: Hardware | D5: Yes
A6: Mobile Phone | B6: Company-issued mobile device | C6: Hardware | D6: Yes
A7: Tablet | B7: Company-issued tablet device | C7: Hardware | D7: Yes
A8: Monitor | B8: External display equipment | C8: Hardware | D8: Yes
A9: Docking Station | B9: Laptop docking equipment | C9: Hardware | D9: Yes
A10: Keyboard/Mouse | B10: Input peripherals | C10: Hardware | D10: Optional
A11: Headset | B11: Audio communication equipment | C11: Hardware | D11: Optional
A12: USB Tokens | B12: Authentication hardware tokens | C12: Authentication | D12: Yes
A13: Smart Cards | B13: Physical access/authentication cards | C13: Authentication | D13: Yes
A14: Physical Keys | B14: Office/facility keys | C14: Physical Access | D14: Yes
A15: Access Badges | B15: Building access cards | C15: Physical Access | D15: Yes
A16: Corporate Credit Card | B16: Company payment cards | C16: Financial | D16: Yes
... A26: System Accounts | B26: Application and system logins | C26: Digital | D26: Disable

Sheet Offboarding Tracking
A1: OFFBOARDING TRACKING REGISTER
A2: Track individual offboarding cases including asset return status and access revocation
A3: Offboard_ID | B3: Employee_Name | C3: Department | D3: Employee_Type | E3: Last_Working_Day | F3: Offboard_Reason | G3: Assets_Assigned | H3: Assets_Returned | I3: Return_Status | J3: Access_Revoked | K3: Data_Wiped | L3: Sign_Off_Date | M3: HR_Confirmed | N3: Notes
A4: OB-001 | B4: Jane Smith | C4: Finance | D4: Employee | E4: 2026-02-14 | F4: Resignation | G4: 5 | H4: 5 | I4: Complete | J4: Yes | K4: Yes | L4: 2026-02-15 | M4: Yes | N4: All assets returned on last day

Sheet Access Revocation
A1: ACCESS REVOCATION VERIFICATION
A2: Verify removal of all logical and physical access upon employment termination or transfer
A3: Revocation_ID | B3: Employee_Ref | C3: Access_Type | D3: System_Application | E3: Last_Working_Day | F3: Revocation_Date | G3: SLA_Met | H3: Revoked_By | I3: Verification_Method | J3: Verified_By | K3: Verification_Date | L3: Notes
A4: REV-001 | B4: OB-001 | C4: Network | D4: Active Directory / Corporate LAN | E4: 2026-02-14 | F4: 2026-02-14 | G4: Yes | H4: IT Operations | I4: AD Query | J4: Security Engineer | K4: 2026-02-14 | L4: Account disabled same day

Sheet Evidence Register
A1: EVIDENCE REGISTER
A2: List all evidence files and documents referenced in this assessment (audit traceability)
A4: Evidence_ID | B4: Evidence_Type | C4: Description | D4: Related_Offboarding | E4: Collection_Date | F4: Location | G4: Collected_By | H4: Valid_Until
A5: EV-001 | B5: Sign-off Form | C5: Completed offboarding checklist signed by HR and IT | D5: OB-001 | E5: 2026-02-15 | F5: /hr/offboarding/OB-001-checklist.pdf | G5: HR Manager | H5: 2031-02-15

Sheet Summary Dashboard
A1: ASSET RETURN AND OFFBOARDING — SUMMARY DASHBOARD
A2: ISO/IEC 27001:2022 — Control A.5.11: Return of Assets
A4: TABLE 1: ASSESSMENT AREA COMPLIANCE OVERVIEW
A5: Assessment Area | B5: Total Items | C5: Compliant | D5: Partial | E5: Non-Compliant | F5: N/A | G5: Compliance %
A6: Return Process Requirements | B6: =COUNTA('Return Process'!A5:A59) | C6: =COUNTIF('Return Process'!I5:I59,"Compliant") | D6: =COUNTIF('Return Process'!I5:I59,"Remediation In Progress") | E6: =COUNTIF('Return Process'!I5:I59,"Gap Identified") | F6: =0 | G6: =IFERROR(IF((B6-F6)=0,0,C6/(B6-F6)),"")
A7: Offboarding Cases | B7: =COUNTA('Offboarding Tracking'!B5:B54) | C7: =COUNTIF('Offboarding Tracking'!I5:I54,"Complete") | D7: =COUNTIF('Offboarding Tracking'!I5:I54,"In Progress")+COUNTIF('Offboarding Tracking'!I5:I54,"Pending") | E7: =COUNTIF('Offboarding Tracking'!I5:I54,"Overdue") | F7: =0 | G7: =IFERROR(IF((B7-F7)=0,0,C7/(B7-F7)),"")
A8: Access Revocations Verified | B8: =COUNTA('Access Revocation'!B5:B54) | C8: =COUNTIF('Access Revocation'!G5:G54,"Yes") | D8: =0 | E8: =COUNTIF('Access Revocation'!G5:G54,"No") | F8: =0 | G8: =IFERROR(IF((B8-F8)=0,0,C8/(B8-F8)),"")
A9: TOTAL | B9: =SUM(B6:B8) | C9: =SUM(C6:C8) | D9: =SUM(D6:D8) | E9: =SUM(E6:E8) | F9: =SUM(F6:F8) | G9: =IFERROR(IF((B9-F9)=0,0,C9/(B9-F9)),"")
A11: TABLE 2: KEY METRICS AND KPIs
A12: Metric | B12: Value
A13: Total Process Requirements Assessed | B13: =COUNTA('Return Process'!A5:A59)
A14: Process Requirements Implemented (Yes) | B14: =COUNTIF('Return Process'!D5:D59,"Yes")
A15: Process Requirements Documented | B15: =COUNTIF('Return Process'!E5:E59,"Yes")
A16: Process Requirements Automated | B16: =COUNTIF('Return Process'!H5:H59,"Yes")
A17: Total Offboarding Cases Tracked | B17: =COUNTA('Offboarding Tracking'!B5:B54)
A18: Offboardings Completed | B18: =COUNTIF('Offboarding Tracking'!I5:I54,"Complete")
A19: Offboardings In Progress | B19: =COUNTIF('Offboarding Tracking'!I5:I54,"In Progress")
A20: Offboardings Pending | B20: =COUNTIF('Offboarding Tracking'!I5:I54,"Pending")
A21: Offboardings Overdue | B21: =COUNTIF('Offboarding Tracking'!I5:I54,"Overdue")
A22: Access Confirmed Revoked | B22: =COUNTIF('Offboarding Tracking'!J5:J54,"Yes")
A23: Data Wipe Confirmed | B23: =COUNTIF('Offboarding Tracking'!K5:K54,"Yes")
A24: Total Access Revocations Verified | B24: =COUNTA('Access Revocation'!B5:B54)
A25: Revocations Meeting SLA | B25: =COUNTIF('Access Revocation'!G5:G54,"Yes")
A26: Revocations Breaching SLA | B26: =COUNTIF('Access Revocation'!G5:G54,"No")
A27: Asset Types in Standard Checklist | B27: =COUNTA('Asset Checklist'!A5:A76)
A28: Asset Types Requiring Return | B28: =COUNTIF('Asset Checklist'!D5:D76,"Yes")
A29: Asset Types Requiring Data Wipe | B29: =COUNTIF('Asset Checklist'!H5:H76,"Yes")
A33: TABLE 3: CRITICAL FINDINGS REQUIRING IMMEDIATE ATTENTION
A34: Category | B34: Finding | C34: Count | D34: Severity | E34: Action Required
A35: Asset Return | B35: Offboarding cases overdue (assets not returned) | C35: =COUNTIF('Offboarding Tracking'!I5:I54,"Overdue") | D35: Critical | E35: Immediate follow-up
A36: Access Revocation | B36: Access revocations breaching SLA | C36: =COUNTIF('Access Revocation'!G5:G54,"No") | D36: Critical | E36: Escalate to IT Security
A37: Return Process | B37: Process requirements with gaps | C37: =COUNTIF('Return Process'!I5:I59,"Gap Identified") | D37: Critical | E37: Implement process gaps
A38: Asset Return | B38: Offboarding cases still pending | C38: =COUNTIF('Offboarding Tracking'!I5:I54,"Pending") | D38: High | E38: Expedite completion
A39: Asset Return | B39: Cases where access not confirmed revoked | C39: =COUNTIF('Offboarding Tracking'!J5:J54,"No") | D39: High | E39: Verify access removal
A40: Asset Return | B40: Cases where data wipe not confirmed | C40: =COUNTIF('Offboarding Tracking'!K5:K54,"No") | D40: High | E40: Complete data sanitisation
A41: Return Process | B41: Process requirements in remediation | C41: =COUNTIF('Return Process'!I5:I59,"Remediation In Progress") | D41: Medium | E41: Track to completion

Sheet Approval Sign-Off
A1: ASSESSMENT APPROVAL AND SIGN-OFF
A2: ISO/IEC 27001:2022 — Control A.5.11: Return of Assets
A3: ASSESSMENT SUMMARY
A4: Document: | B4: ISMS-IMP-A.5.10-11.S3 - Asset Return and Offboarding Assessment
A5: Assessment Period:
A6: Overall Compliance Rating: | B6: =IFERROR(AVERAGE('Summary Dashboard'!G6:G8),"")
A7: Assessment Status:
A8: Assessed By:
A11: COMPLETED BY (ASSESSOR)
A12: Name:
A13: Title:
A14: Date:
A15: Signature:
A16: Comments:
A18: REVIEWED BY (INFORMATION SECURITY OFFICER)
A19: Name:
A20: Title:
A21: Date:
... A38: Special Considerations:
