Workbook

Sheet Instructions & Legend
A1: ISMS-IMP-A.5.10-11.S2 - Usage Rules Inventory ISO/IEC 27001:2022 — Control A.5.10: Acceptable Use of Information and Other Associated Assets
A3: Document Information
A4: Document ID | B4: ISMS-IMP-A.5.10-11.S2
A5: Workbook Title | B5: Usage Rules Inventory
A6: Control Reference | B6: ISO/IEC 27001:2022 — Control A.5.10: Acceptable Use of Information and Other Associated Assets
A7: Version | B7: 1.0
A8: Assessment Date
A9: Completed By
A10: Organisation
A12: Instructions
A13: 1. Complete Usage Rules — document specific rules for each asset type (devices, systems, data).
A14: 2. Complete Permitted Activities — list explicitly permitted uses per asset category.
A15: 3. Complete Prohibited Activities — list explicitly prohibited uses with consequence framework.
A16: 4. Complete Handling Requirements — document classification-based handling procedures.
A17: 5. Maintain Evidence Records with policy documentation and acknowledgement records.
A18: 6. Obtain final approval and sign-off in the Approval Sign-Off sheet.
A20: Status Legend
A21: Symbol | B21: Status | C21: Description
A22: ✓ | B22: Compliant / Complete | C22: Requirement fully met
A23: ⚠ | B23: Partial / In Progress | C23: Partially met or in progress
A24: ✗ | B24: Non-Compliant / Not Started | C24: Requirement not met
A25: — | B25: Not Applicable | C25: Not applicable to this assessment

Sheet Usage Rules
A1: USAGE RULES INVENTORY
A2: Document acceptable use rules for each asset category per ISO 27001:2022 A.5.10
A3: Rule_ID | B3: Asset_Category | C3: Rule_Description | D3: Classification | E3: Applies_To | F3: Enforcement_Method | G3: Monitoring_Required | H3: Exception_Process | I3: Policy_Reference | J3: Last_Updated | K3: Owner | L3: Notes
A4: UR-001 | B4: Email | C4: Business email for work communications only; personal use limited to 10 min/day | D4: Permitted with Conditions | E4: All Employees | F4: Email gateway monitoring | G4: Yes | H4: Formal exception request to IT Security | I4: AUP Section 4.1 | J4: 2026-01-15 | K4: IT Security Manager | L4: Reviewed annually
A5: UR-001 | B5: Email | C5: Business email for work communications only | D5: Permitted with Conditions
A6: UR-002 | B6: Email | C6: No forwarding of confidential data to personal accounts | D6: Prohibited
A7: UR-003 | B7: Internet | C7: Web browsing for business research permitted | D7: Permitted
A8: UR-004 | B8: Internet | C8: No access to prohibited website categories | D8: Prohibited
A9: UR-005 | B9: Software | C9: Only approved software may be installed | D9: Permitted with Conditions

Sheet Permitted Activities
A1: PERMITTED ACTIVITIES
A2: Document all permitted activities with conditions and approval requirements
A3: Activity_ID | B3: Asset_Category | C3: Permitted_Activity | D3: Conditions | E3: Approval_Required | F3: Approver_Role | G3: Time_Restrictions | H3: Location_Restrictions | I3: Documentation_Required | J3: Notes
A4: PA-001 | B4: Internet | C4: Access approved cloud SaaS tools for business purposes | D4: Must use corporate account; no personal cloud storage | E4: No | F4: N/A | G4: Business hours only | H4: Office and approved remote locations | I4: No | J4: Covered by AUP Section 4.2

Sheet Prohibited Activities
A1: PROHIBITED ACTIVITIES
A2: Document all prohibited activities with risk levels and detection methods
A3: Prohibition_ID | B3: Asset_Category | C3: Prohibited_Activity | D3: Reason | E3: Risk_Level | F3: Detection_Method | G3: Consequence | H3: Exception_Possible | I3: Related_Control | J3: Notes
A4: PH-001 | B4: All Assets | C4: Sharing credentials with others (passwords, tokens, certificates) | D4: Account compromise and audit trail loss | E4: Critical | F4: SIEM alerts, login anomaly detection | G4: Formal warning; potential dismissal | H4: No | I4: A.5.17 | J4: Zero tolerance policy
A5: PH-001 | B5: All Assets | C5: Sharing credentials with others | D5: Security breach risk | E5: Critical
A6: PH-002 | B6: All Assets | C6: Disabling security controls | D6: Compliance violation | E6: Critical
A7: PH-003 | B7: Email | C7: Sending unencrypted sensitive data externally | D7: Data breach risk | E7: High
A8: PH-004 | B8: Software | C8: Installing unauthorised software | D8: Malware risk | E8: High
A9: PH-005 | B9: Internet | C9: Accessing illegal or inappropriate content | D9: Legal/HR risk | E9: High

Sheet Handling Requirements
A1: ASSET HANDLING REQUIREMENTS
A2: Define handling requirements for each asset category by data classification
A3: Handling_ID | B3: Asset_Category | C3: Data_Classification | D3: Storage_Requirement | E3: Transmission_Requirement | F3: Disposal_Requirement | G3: Access_Restriction | H3: Labelling_Required | I3: Encryption_Required | J3: Retention_Period | K3: Notes
A4: HR-001 | B4: Information Assets | C4: Restricted | D4: Encrypted storage on approved systems only | E4: TLS 1.2+ encryption in transit; no email | F4: Secure deletion (DoD 5220.22-M or equivalent) | G4: Need-to-know basis; CISO approval | H4: Yes | I4: Yes | J4: 7 years (regulatory) | K4: PII data — GDPR/nFADP applies

Sheet Evidence Register
A1: EVIDENCE REGISTER
A2: List all evidence files and documents referenced in this assessment (audit traceability)
A4: Evidence_ID | B4: Evidence_Type | C4: Description | D4: Related_Rule | E4: Collection_Date | F4: Location | G4: Collected_By | H4: Valid_Until
A5: EV-001 | B5: Policy Document | C5: Acceptable Use Policy v2.3 — usage rules section | D5: UR-001 | E5: 2026-01-15 | F5: /policies/AUP-v2.3.pdf | G5: IT Security Manager | H5: 2027-01-15

Sheet Summary Dashboard
A1: USAGE RULES INVENTORY — SUMMARY DASHBOARD
A2: ISO/IEC 27001:2022 — Control A.5.10: Acceptable Use of Information and Other Associated Assets
A4: TABLE 1: ASSESSMENT AREA COMPLIANCE OVERVIEW
A5: Assessment Area | B5: Total Items | C5: Compliant | D5: Partial | E5: Non-Compliant | F5: N/A | G5: Compliance %
A6: Usage Rules Documented | B6: =COUNTA('Usage Rules'!B5:B59) | C6: =COUNTIF('Usage Rules'!D5:D59,"Permitted")+COUNTIF('Usage Rules'!D5:D59,"Permitted with Conditions") | D6: =0 | E6: =COUNTIF('Usage Rules'!D5:D59,"Not Applicable") | F6: =0 | G6: =IFERROR(IF((B6-F6)=0,0,C6/(B6-F6)),"")
A7: Prohibited Activities Defined | B7: =COUNTA('Prohibited Activities'!A5:A59) | C7: =COUNTA('Prohibited Activities'!A5:A59) | D7: =0 | E7: =0 | F7: =0 | G7: =IFERROR(IF((B7-F7)=0,0,C7/(B7-F7)),"")
A8: Handling Requirements Defined | B8: =COUNTA('Handling Requirements'!A5:A54) | C8: =COUNTA('Handling Requirements'!A5:A54) | D8: =0 | E8: =0 | F8: =0 | G8: =IFERROR(IF((B8-F8)=0,0,C8/(B8-F8)),"")
A9: TOTAL | B9: =SUM(B6:B8) | C9: =SUM(C6:C8) | D9: =SUM(D6:D8) | E9: =SUM(E6:E8) | F9: =SUM(F6:F8) | G9: =IFERROR(IF((B9-F9)=0,0,C9/(B9-F9)),"")
A11: TABLE 2: KEY METRICS AND KPIs
A12: Metric | B12: Value
A13: Total Usage Rules Documented | B13: =COUNTA('Usage Rules'!B5:B59)
A14: Rules Classified as Permitted | B14: =COUNTIF('Usage Rules'!D5:D59,"Permitted")
A15: Rules Permitted with Conditions | B15: =COUNTIF('Usage Rules'!D5:D59,"Permitted with Conditions")
A16: Rules Classified as Prohibited | B16: =COUNTIF('Usage Rules'!D5:D59,"Prohibited")
A17: Rules with Monitoring Required | B17: =COUNTIF('Usage Rules'!G5:G59,"Yes")
A18: Total Permitted Activities Documented | B18: =COUNTA('Permitted Activities'!A5:A54)
A19: Permitted Activities Requiring Approval | B19: =COUNTIF('Permitted Activities'!E5:E54,"Yes")
A20: Total Prohibited Activities Documented | B20: =COUNTA('Prohibited Activities'!A5:A59)
A21: Critical-Risk Prohibitions | B21: =COUNTIF('Prohibited Activities'!E5:E59,"Critical")
A22: High-Risk Prohibitions | B22: =COUNTIF('Prohibited Activities'!E5:E59,"High")
A23: Prohibitions Allowing Exceptions | B23: =COUNTIF('Prohibited Activities'!H5:H59,"Yes")
A24: Total Handling Requirements Defined | B24: =COUNTA('Handling Requirements'!A5:A54)
A25: Requirements for Restricted Data | B25: =COUNTIF('Handling Requirements'!C5:C54,"Restricted")
A26: Requirements with Encryption Mandated | B26: =COUNTIF('Handling Requirements'!I5:I54,"Yes")
A27: Requirements with Labelling Required | B27: =COUNTIF('Handling Requirements'!H5:H54,"Yes")
A31: TABLE 3: CRITICAL FINDINGS REQUIRING IMMEDIATE ATTENTION
A32: Category | B32: Finding | C32: Count | D32: Severity | E32: Action Required
A33: Prohibited Activities | B33: Critical-risk prohibited activities | C33: =COUNTIF('Prohibited Activities'!E5:E59,"Critical") | D33: Critical | E33: Verify enforcement
A34: Prohibited Activities | B34: High-risk prohibited activities | C34: =COUNTIF('Prohibited Activities'!E5:E59,"High") | D34: High | E34: Add detection controls
A35: Prohibited Activities | B35: Prohibitions allowing exceptions (review needed) | C35: =COUNTIF('Prohibited Activities'!H5:H59,"Yes") | D35: High | E35: Review exception process
A36: Usage Rules | B36: Rules without monitoring controls defined | C36: =COUNTIF('Usage Rules'!G5:G59,"No") | D36: High | E36: Add monitoring
A37: Handling Requirements | B37: Restricted data assets requiring encryption | C37: =COUNTIF('Handling Requirements'!I5:I54,"Yes") | D37: Medium | E37: Verify encryption
A38: Handling Requirements | B38: Assets requiring labelling (verify compliance) | C38: =COUNTIF('Handling Requirements'!H5:H54,"Yes") | D38: Medium | E38: Confirm labels applied

Sheet Approval Sign-Off
A1: ASSESSMENT APPROVAL AND SIGN-OFF
A2: ISO/IEC 27001:2022 — Control A.5.10: Acceptable Use of Information and Other Associated Assets
A3: ASSESSMENT SUMMARY
A4: Document: | B4: ISMS-IMP-A.5.10-11.S2 - Usage Rules Inventory
A5: Assessment Period:
A6: Overall Compliance Rating: | B6: =IFERROR(AVERAGE('Summary Dashboard'!G6:G8),"")
A7: Assessment Status:
A8: Assessed By:
A11: COMPLETED BY (ASSESSOR)
A12: Name:
A13: Title:
A14: Date:
A15: Signature:
A16: Comments:
A18: REVIEWED BY (INFORMATION SECURITY OFFICER)
A19: Name:
A20: Title:
A21: Date:
... A38: Special Considerations:
