Workbook

Sheet Instructions & Legend
A1: ISMS-IMP-A.5.10-11.S1 - Acceptable Use Policy Assessment ISO/IEC 27001:2022 — Control A.5.10: Acceptable Use of Information and Other Associated Assets
A3: Document Information
A4: Document ID | B4: ISMS-IMP-A.5.10-11.S1
A5: Workbook Title | B5: Acceptable Use Policy Assessment
A6: Control Reference | B6: ISO/IEC 27001:2022 — Control A.5.10: Acceptable Use of Information and Other Associated Assets
A7: Version | B7: 1.0
A8: Assessment Date
A9: Completed By
A10: Organisation
A12: Instructions
A13: 1. Complete Policy Assessment — evaluate acceptable use policy coverage for all asset types.
A14: 2. Complete Asset Coverage — confirm AUP scope includes all information asset categories.
A15: 3. Complete Awareness Tracking — verify all personnel have acknowledged the AUP.
A16: 4. Complete Communication Matrix — confirm AUP is communicated at onboarding and annually.
A17: 5. Maintain Evidence Records with policy acknowledgement signatures and training records.
A18: 6. Obtain final approval and sign-off in the Approval Sign-Off sheet.
A20: Status Legend
A21: Symbol | B21: Status | C21: Description
A22: ✓ | B22: Compliant / Complete | C22: Requirement fully met
A23: ⚠ | B23: Partial / In Progress | C23: Partially met or in progress
A24: ✗ | B24: Non-Compliant / Not Started | C24: Requirement not met
A25: — | B25: Not Applicable | C25: Not applicable to this assessment

Sheet Policy Assessment
A1: ACCEPTABLE USE POLICY ASSESSMENT
A2: Assess AUP policy content completeness against ISO 27001:2022 A.5.10 requirements
A3: Requirement_ID | B3: Policy_Requirement | C3: Category | D3: Addressed | E3: Policy_Section | F3: Clarity_Rating | G3: Last_Updated | H3: Owner | I3: Gap_Status | J3: Remediation_Notes | K3: Evidence_Ref
A4: REQ-001 | B4: Policy scope defines applicable assets (information, hardware, software, network, cloud) | C4: Scope | D4: Yes | E4: Section 2.1 | F4: Clear | G4: 2026-01-15 | H4: CISO | I4: Compliant | J4: Full coverage across all asset types confirmed | K4: AUP-v2.3.pdf
A5: REQ-001 | B5: Policy scope defines applicable assets | C5: Scope
A6: REQ-002 | B6: Policy defines acceptable business use | C6: Permitted Use
A7: REQ-003 | B7: Policy explicitly prohibits unauthorised activities | C7: Prohibited Use
A8: REQ-004 | B8: Personal use guidelines are documented | C8: Personal Use
A9: REQ-005 | B9: Monitoring and logging disclosure included | C9: Monitoring

Sheet Asset Coverage
A1: ASSET COVERAGE MATRIX
A2: Verify acceptable use policy coverage for each information asset category
A3: Asset_Category | B3: Asset_Examples | C3: Covered_In_AUP | D3: Policy_Section | E3: Usage_Rules_Defined | F3: Handling_Rules_Defined | G3: Gap_Notes | H3: Remediation_Required | I3: Evidence_Ref
A4: Information Assets | B4: Documents, databases, intellectual property, email | C4: Yes | D4: Section 3.1 | E4: Yes | F4: Yes | G4: Full coverage confirmed | H4: No | I4: AUP-v2.3.pdf p.5
A5: Information Assets | B5: Documents, databases, intellectual property
A6: Software Assets | B6: Applications, operating systems, development tools
A7: Hardware Assets | B7: Laptops, desktops, servers, mobile devices
A8: Network Assets | B8: Routers, switches, firewalls, VPN
A9: Cloud Services | B9: SaaS, IaaS, PaaS platforms

Sheet Awareness Tracking
A1: USER AWARENESS AND ACKNOWLEDGMENT TRACKING
A2: Track AUP acknowledgment rates by department and monitor awareness campaign effectiveness
A3: Department | B3: Total_Users | C3: Acknowledged | D3: Pending | E3: Acknowledgment_% | F3: Last_Campaign_Date | G3: Next_Due_Date | H3: Campaign_Method | I3: Escalation_Status | J3: Notes
A4: IT Operations | B4: 45 | C4: 43 | D4: 2 | E4: =IF(B4>0,C4/B4,"") | F4: 2026-01-10 | G4: 2027-01-10 | H4: LMS | I4: None Required | J4: Two users on extended leave
A5: Executive Leadership | E5: =IF(B5>0,C5/B5,"")
A6: Finance | E6: =IF(B6>0,C6/B6,"")
A7: Human Resources | E7: =IF(B7>0,C7/B7,"")
A8: IT Operations | E8: =IF(B8>0,C8/B8,"")
A9: Software Development | E9: =IF(B9>0,C9/B9,"")
A10: Sales | E10: =IF(B10>0,C10/B10,"")
A11: Marketing | E11: =IF(B11>0,C11/B11,"")
A12: Customer Support | E12: =IF(B12>0,C12/B12,"")
A13: Legal | E13: =IF(B13>0,C13/B13,"")
A14: Facilities | E14: =IF(B14>0,C14/B14,"")
A15: External Contractors | E15: =IF(B15>0,C15/B15,"")
E16: =IF(B16>0,C16/B16,"")
E17: =IF(B17>0,C17/B17,"")
E18: =IF(B18>0,C18/B18,"")
E19: =IF(B19>0,C19/B19,"")
E20: =IF(B20>0,C20/B20,"")
E21: =IF(B21>0,C21/B21,"")
E22: =IF(B22>0,C22/B22,"")
E23: =IF(B23>0,C23/B23,"")
E24: =IF(B24>0,C24/B24,"")
E25: =IF(B25>0,C25/B25,"")
E26: =IF(B26>0,C26/B26,"")
E27: =IF(B27>0,C27/B27,"")
... E65: =IF(B65>0,C65/B65,"")

Sheet Communication Matrix
A1: POLICY COMMUNICATION MATRIX
A2: Assess effectiveness of AUP communication channels and training delivery
A3: Communication_Channel | B3: Audience | C3: Frequency | D3: Last_Communication | E3: Next_Scheduled | F3: Effectiveness_Rating | G3: Owner | H3: Improvement_Actions | I3: Evidence_Ref
A4: New Employee Onboarding | B4: New hires | C4: Per hire | D4: 2026-02-01 | E4: 2026-03-01 | F4: Highly Effective | G4: HR Manager | H4: Include video tutorial module | I4: HR-ONBOARD-2026
A5: New Employee Onboarding | B5: New hires | C5: Per hire
A6: Annual AUP Refresh Campaign | B6: All employees | C6: Annual
A7: Intranet Policy Portal | B7: All employees | C7: Always available
A8: Security Awareness Training | B8: All employees | C8: Annual
A9: Manager Briefings | B9: People managers | C9: Quarterly
A10: Contractor Onboarding | B10: New contractors | C10: Per engagement
A11: Policy Update Notifications | B11: All employees | C11: As needed
A12: Compliance Reminders | B12: Non-compliant users | C12: As needed

Sheet Evidence Register
A1: EVIDENCE REGISTER
A2: List all evidence files and documents referenced in this assessment (audit traceability)
A4: Evidence_ID | B4: Evidence_Type | C4: Description | D4: Related_Requirement | E4: Collection_Date | F4: Location | G4: Collected_By | H4: Valid_Until
A5: EV-001 | B5: Policy Document | C5: Acceptable Use Policy v2.3 — signed and approved | D5: REQ-001 | E5: 2026-01-15 | F5: /policies/AUP-v2.3.pdf | G5: CISO | H5: 2027-01-15

Sheet Summary Dashboard
A1: ACCEPTABLE USE POLICY ASSESSMENT — SUMMARY DASHBOARD
A2: ISO/IEC 27001:2022 — Control A.5.10: Acceptable Use of Information and Other Associated Assets
A4: TABLE 1: ASSESSMENT AREA COMPLIANCE OVERVIEW
A5: Assessment Area | B5: Total Items | C5: Compliant | D5: Partial | E5: Non-Compliant | F5: N/A | G5: Compliance %
A6: AUP Policy Requirements | B6: =COUNTA('Policy Assessment'!A5:A59) | C6: =COUNTIF('Policy Assessment'!D5:D59,"Yes") | D6: =COUNTIF('Policy Assessment'!D5:D59,"Partial") | E6: =COUNTIF('Policy Assessment'!D5:D59,"No") | F6: =COUNTIF('Policy Assessment'!D5:D59,"N/A") | G6: =IFERROR(IF((B6-F6)=0,0,C6/(B6-F6)),"")
A7: Asset Category Coverage | B7: =COUNTA('Asset Coverage'!A5:A59) | C7: =COUNTIF('Asset Coverage'!C5:C59,"Yes") | D7: =COUNTIF('Asset Coverage'!C5:C59,"Partial") | E7: =COUNTIF('Asset Coverage'!C5:C59,"No") | F7: =0 | G7: =IFERROR(IF((B7-F7)=0,0,C7/(B7-F7)),"")
A8: TOTAL | B8: =SUM(B6:B7) | C8: =SUM(C6:C7) | D8: =SUM(D6:D7) | E8: =SUM(E6:E7) | F8: =SUM(F6:F7) | G8: =IFERROR(IF((B8-F8)=0,0,C8/(B8-F8)),"")
A10: TABLE 2: KEY METRICS AND KPIs
A11: Metric | B11: Value
A12: Total AUP Requirements Assessed | B12: =COUNTA('Policy Assessment'!A5:A59)
A13: Requirements Fully Addressed | B13: =COUNTIF('Policy Assessment'!D5:D59,"Yes")
A14: Requirements Partially Addressed | B14: =COUNTIF('Policy Assessment'!D5:D59,"Partial")
A15: Requirements with Gaps (No) | B15: =COUNTIF('Policy Assessment'!D5:D59,"No")
A16: Policy Sections with Clarity Issues | B16: =COUNTIF('Policy Assessment'!F5:F59,"Unclear")
A17: Asset Categories Assessed | B17: =COUNTA('Asset Coverage'!A5:A59)
A18: Asset Categories Fully Covered | B18: =COUNTIF('Asset Coverage'!C5:C59,"Yes")
A19: Asset Categories Partially Covered | B19: =COUNTIF('Asset Coverage'!C5:C59,"Partial")
A20: Asset Categories NOT Covered | B20: =COUNTIF('Asset Coverage'!C5:C59,"No")
A21: Departments / Groups Tracked | B21: =COUNTA('Awareness Tracking'!A5:A65)
A22: Departments with HR Escalation | B22: =COUNTIF('Awareness Tracking'!I5:I65,"HR Escalation")
A23: Departments with Manager Notification | B23: =COUNTIF('Awareness Tracking'!I5:I65,"Manager Notified")
A24: Communication Channels Assessed | B24: =COUNTA('Communication Matrix'!A5:A62)
A25: Channels Rated Highly Effective | B25: =COUNTIF('Communication Matrix'!F5:F62,"Highly Effective")
A26: Channels Needing Improvement | B26: =COUNTIF('Communication Matrix'!F5:F62,"Needs Improvement")+COUNTIF('Communication Matrix'!F5:F62,"Ineffective")
A30: TABLE 3: CRITICAL FINDINGS REQUIRING IMMEDIATE ATTENTION
A31: Category | B31: Finding | C31: Count | D31: Severity | E31: Action Required
A32: AUP Policy Completeness | B32: Policy requirements with unresolved gaps | C32: =COUNTIF('Policy Assessment'!D5:D59,"No") | D32: Critical | E32: Immediate
A33: AUP Policy Completeness | B33: Requirements in remediation (gap closure in progress) | C33: =COUNTIF('Policy Assessment'!D5:D59,"Partial") | D33: High | E33: Monitor
A34: AUP Policy Completeness | B34: Policy sections with unclear language | C34: =COUNTIF('Policy Assessment'!F5:F59,"Unclear") | D34: High | E34: Rewrite
A35: Asset Coverage | B35: Asset categories not covered in AUP | C35: =COUNTIF('Asset Coverage'!C5:C59,"No") | D35: Critical | E35: Extend AUP
A36: Asset Coverage | B36: Asset categories with only partial AUP coverage | C36: =COUNTIF('Asset Coverage'!C5:C59,"Partial") | D36: High | E36: Complete coverage
A37: User Awareness | B37: Departments requiring HR escalation | C37: =COUNTIF('Awareness Tracking'!I5:I65,"HR Escalation") | D37: High | E37: Enforce
A38: Communication | B38: Communication channels rated ineffective | C38: =COUNTIF('Communication Matrix'!F5:F62,"Ineffective") | D38: Medium | E38: Redesign

Sheet Approval Sign-Off
A1: ASSESSMENT APPROVAL AND SIGN-OFF
A2: ISO/IEC 27001:2022 — Control A.5.10: Acceptable Use of Information and Other Associated Assets
A3: ASSESSMENT SUMMARY
A4: Document: | B4: ISMS-IMP-A.5.10-11.S1 - Acceptable Use Policy Assessment
A5: Assessment Period:
A6: Overall Compliance Rating: | B6: =IFERROR(AVERAGE('Summary Dashboard'!G6:G7),"")
A7: Assessment Status:
A8: Assessed By:
A11: COMPLETED BY (ASSESSOR)
A12: Name:
A13: Title:
A14: Date:
A15: Signature:
A16: Comments:
A18: REVIEWED BY (INFORMATION SECURITY OFFICER)
A19: Name:
A20: Title:
A21: Date:
... A38: Special Considerations:
