Workbook

Sheet Instructions & Legend
A1: ISMS-IMP-A.8.16.4 - Alert Management & Response Assessment ISO/IEC 27001:2022 - Control A.8.16: Monitoring Activities
A3: Document Information
A4: Document ID | B4: ISMS-IMP-A.8.16.4
A5: Workbook Title | B5: Alert Management & Response Assessment
A6: Control Reference | B6: ISO/IEC 27001:2022 - Control A.8.16: Monitoring Activities
A7: Version | B7: 1.0
A8: Assessment Date
A9: Completed By
A10: Organisation
A12: Instructions
A13: 1. Complete Alert Generation inventory (Sheet 1).
A14: 2. Document Triage & Investigation processes (Sheet 2).
A15: 3. Define Escalation & Response procedures (Sheet 3).
A16: 4. Track Performance Metrics (Sheet 4).
A17: 5. Assess SOC Operational Readiness (Sheet 5).
A18: 6. Review Summary Dashboard for gaps.
A19: 7. Gather evidence and document in Evidence Register.
A20: 8. Obtain approvals via Approval Sign-Off sheet.
... A23: Status Legend
A24: Symbol | B24: Status | C24: Description
A25: ✓ | B25: Compliant / Complete | C25: Requirement fully met
A26: ⚠ | B26: Partial / In Progress | C26: Partially met or in progress
A27: ✗ | B27: Non-Compliant / Not Started | C27: Requirement not met
A28: — | B28: Not Applicable | C28: Not applicable to this assessment

Sheet 1. Alert Generation
A1: 1. ALERT GENERATION & CLASSIFICATION ASSESSMENT
A2: Policy Reference: ISMS-POL-A.8.16-S2.3.3 - Alert generation
A3: Are alerts properly generated, classified, enriched, and managed?
A6: Alert Type/Name | B6: Alert Source | C6: Detection Rule ID | D6: Alert Severity | E6: MITRE ATT&CK Technique | F6: Alert Description | G6: Trigger Criteria | H6: Enrichment Data | I6: Expected FP Rate | J6: Actual FP Rate (30d) | K6: Alert Volume (30d) | L6: True Positives (30d) | M6: Response Playbook | N6: SLA Timeframe | O6: Auto-Enrichment | P6: Auto-Containment | Q6: Deduplication Enabled | R6: Alert Status | S6: Last Tuned | T6: Compliance Status | U6: Issues/Gaps | V6: Tuning Priority
A7: Privilege Escalation Alert | B7: SIEM | C7: RULE-105 | D7: High (P2) | E7: T1068 | F7: Detects privilege escalation attempts | G7: Event 4672 + 4768 within 5 min | H7: User context, asset info, threat intel | I7: 10% | J7: 8% | K7: 45 | L7: 41 | M7: PB-PRIV-ESC-001 | N7: <1 hr | O7: Yes | P7: No | Q7: Yes | R7: Active | S7: 15.12.2024 | T7: ✅ Compliant | U7: None | V7: Low
A59: ALERT STATISTICS
A60: Metric | H60: Count/Value | O60: Target
A61: Total Active Alerts | H61: =COUNTIF(R8:R57,"Active") | O61: N/A
A62: Critical Alerts | H62: =COUNTIF(D8:D57,"Critical (P1)") | O62: Target
A63: High Alerts | H63: =COUNTIF(D8:D57,"High (P2)") | O63: Target
A64: Alerts with Playbooks | H64: =COUNTIFS(M8:M57,"<>") | O64: All
A65: Alerts with Auto-Enrichment | H65: =COUNTIF(O8:O57,"Yes") | O65: >80%
A66: Alerts Needing Tuning | H66: =COUNTIF(R8:R57,"Tuning Needed") | O66: <10%
A67: Average FP Rate | H67: =AVERAGE(J8:J57) | O67: <25%
A68: Alerts Without Deduplication | H68: =COUNTIF(Q8:Q57,"No") | O68: 0
A71: ALERT GENERATION CHECKLIST
A72: # | B72: Requirement
A73: 1 | B73: All alert types documented
A74: 2 | B74: Alert severity classification consistent
A75: 3 | B75: MITRE ATT&CK mapping documented
A76: 4 | B76: Trigger criteria documented
A77: 5 | B77: Alert enrichment configured
A78: 6 | B78: Response playbook exists
A79: 7 | B79: SLA timeframes defined
A80: 8 | B80: False positive rates tracked (<25% overall, <10% critical)
A81: 9 | B81: High FP alerts tuned within 30 days
A82: 10 | B82: Alert deduplication configured
A83: 11 | B83: Auto-containment for high-confidence
A84: 12 | B84: Alerts tested before production
... A87: 15 | B87: Retired alerts properly archived
A88: SCORE: | B88: =COUNTIF(V73:V87,"✅ Compliant")&" / 15"

Sheet 2. Triage Investigation
A1: 2. TRIAGE & INVESTIGATION PROCESS ASSESSMENT
A2: Policy Reference: ISMS-POL-A.8.16-S2.3.5 - Triage procedures
A3: Are triage and investigation processes documented, trained, and effective?
A6: Process Step | B6: Process Owner | C6: Procedure Documented | D6: Documentation Location | E6: Training Provided | F6: Tools/Systems Used | G6: Automation Level | H6: Average Time (Minutes) | I6: SLA Target (Minutes) | J6: SLA Compliance % | K6: Bottlenecks Identified | L6: Quality Metrics | M6: Error Rate % | N6: Analyst Workload | O6: Shift Coverage | P6: Escalation Criteria | Q6: Escalation Rate % | R6: Process Status | S6: Last Process Review | T6: Improvement Opportunities | U6: Priority
A7: Initial Assessment | B7: Tier 1 Analyst | C7: Yes | D7: SOC-SOP-002 | E7: Yes | F7: SIEM, EDR Console | G7: Partially Automated | H7: 8 | I7: 15 | J7: 92% | K7: Manual enrichment takes time | L7: First contact resolution rate | M7: 3% | N7: 35 alerts/shift | O7: 24/7 | P7: Severity High + Confirmed TP | Q7: 12% | R7: ✅ Defined | S7: 10.12.2024 | T7: Automate enrichment | U7: Medium
A59: TRIAGE PROCESS STATISTICS
A60: Metric | H60: Count/Value | N60: Target
A61: Process Steps Documented | H61: =COUNTIF(C8:C57,"Yes") | N61: All
A62: Fully Automated Steps | H62: =COUNTIF(G8:G57,"Fully Automated") | N62: Target
A63: Partially Automated Steps | H63: =COUNTIF(G8:G57,"Partially Automated") | N63: N/A
A64: Manual Steps | H64: =COUNTIF(G8:G57,"Manual") | N64: Minimize
A65: Steps Meeting SLA | H65: =COUNTIFS(J8:J57,">90%") | N65: All
A66: Staff Trained | H66: =COUNTIF(E8:E57,"Yes") | N66: All
A67: Processes Reviewed (90d) | H67: [Manual Count] | N67: All
A68: Average Escalation Rate | H68: =AVERAGE(Q8:Q57) | N68: <15%
A71: TRIAGE & INVESTIGATION CHECKLIST
A72: # | B72: Requirement
A73: 1 | B73: Triage procedure documented
A74: 2 | B74: Triage steps clearly defined
A75: 3 | B75: Disposition criteria documented (TP/FP/Benign/Investigation)
A76: 4 | B76: Triage timeframes defined per severity
A77: 5 | B77: SOC analysts trained on triage procedures
A78: 6 | B78: Triage tools accessible to all analysts
A79: 7 | B79: Context enrichment automated where possible
A80: 8 | B80: Common false positive scenarios documented
A81: 9 | B81: Investigation playbooks exist
A82: 10 | B82: Evidence collection guidance provided
A83: 11 | B83: Documentation requirements defined
A84: 12 | B84: Escalation criteria clearly defined
... A87: 15 | B87: Continuous improvement implemented
A88: SCORE: | B88: =COUNTIF(U73:U87,"✅ Compliant")&" / 15"

Sheet 3. Escalation Response
A1: 3. ESCALATION & RESPONSE PROCEDURES
A2: Policy Reference: ISMS-POL-A.8.16-S2.3.7 - Escalation procedures
A3: Are escalation paths documented, tested, and effective?
A6: Escalation Scenario | B6: Trigger Criteria | C6: Escalation Level | D6: Target Person/Team | E6: Primary Contact | F6: Backup Contact | G6: Contact Method | H6: Escalation Timeframe | I6: Information to Provide | J6: Expected Response Time | K6: Procedure Documented | L6: Tested Frequency | M6: Last Tested | N6: Test Result | O6: After-Hours Procedure | P6: Escalation Rate (30d) | Q6: Compliance Status | R6: Gaps/Issues | S6: Priority
A7: Critical Alert - Confirmed Ransomware | B7: Ransomware indicators + file encryption | C7: SOC→IR | D7: Incident Response Team | E7: IR Lead (+41 XX XXX XX XX) | F7: IR Manager (+41 XX XXX XX XX) | G7: Phone | H7: Within 15 min | I7: Alert details, affected systems, IOCs | J7: 30 min | K7: Yes | L7: Quarterly | M7: 15.10.2024 | N7: Successful | O7: On-Call | P7: 3 incidents | Q7: ✅ Compliant | R7: None | S7: Critical
A59: ESCALATION STATISTICS
A60: Metric | G60: Count/Value | M60: Target
A61: Total Escalation Paths Documented | G61: =COUNTA(A8:A87) | M61: N/A
A62: Paths with Procedures | G62: =COUNTIF(K8:K87,"Yes") | M62: All
A63: Tested Quarterly | G63: =COUNTIF(L8:L87,"Quarterly") | M63: Target
A64: Tested in Last 90 Days | G64: =COUNTIFS(M8:M87,">"&TODAY()-90) | M64: All
A65: Successful Test Results | G65: =COUNTIF(N8:N87,"Successful") | M65: All
A66: Paths with After-Hours Coverage | G66: =COUNTIFS(O8:O87,"<>None") | M66: Critical paths
A67: Paths Needing Improvement | G67: =COUNTIF(Q8:Q87,"⚠️ Partial") | M67: <3
A68: Critical Escalations (30d) | G68: [From logs] | M68: N/A
A71: ESCALATION & RESPONSE CHECKLIST
A72: # | B72: Requirement
A73: 1 | B73: Escalation paths documented for all severity levels
A74: 2 | B74: Escalation criteria clearly defined
A75: 3 | B75: Contact information current (verified quarterly)
A76: 4 | B76: Backup contacts identified
A77: 5 | B77: After-hours escalation procedures defined
A78: 6 | B78: On-call rotation established
A79: 7 | B79: Escalation timeframes defined
A80: 8 | B80: Information requirements documented (what to escalate)
A81: 9 | B81: Communication templates available
A82: 10 | B82: Escalation tracking in place
A83: 11 | B83: Escalation procedures tested (tabletop exercises)
A84: 12 | B84: External escalation procedures defined (law enforcement, regulators)
... A87: 15 | B87: False escalations analysed and reduced
A88: SCORE: | B88: =COUNTIF(S73:S87,"✅ Compliant")&" / 15"

Sheet 4. Performance Metrics
A1: 4. ALERT PERFORMANCE METRICS
A2: Policy Reference: ISMS-POL-A.8.16-S2.3.9 - Performance metrics
A3: Are alert performance metrics tracked, analysed, and driving improvement?
A6: Metric Name | B6: Metric Category | C6: Measurement Method | D6: Data Source | E6: Current Value | F6: Target/SLA | G6: Status | H6: Trend (30d) | I6: Measurement Frequency | J6: Reporting Frequency | K6: Reported To | L6: Automated Tracking | M6: Dashboard Available | N6: Alert on Threshold | O6: Last Review | P6: Action Items | Q6: Compliance Status | R6: Notes
A7: Mean Time To Acknowledge (MTTA) | B7: Response Time | C7: SIEM timestamp analysis | D7: SIEM | E7: 8 min | F7: <15 min | G7: ✅ Meeting Target | H7: Improving | I7: Real-Time | J7: Daily | K7: SOC Lead | L7: Yes | M7: Yes | N7: Yes | O7: 05.01.2025 | P7: None - on target | Q7: ✅ Compliant | R7: Critical alerts only
A60: METRICS TRACKING STATISTICS
A61: Metric | G61: Count/Value | L61: Target
A62: Total Metrics Tracked | G62: =COUNTA(A8:A57) | L62: N/A
A63: Metrics Meeting Target | G63: =COUNTIF(G8:G57,"✅ Meeting Target") | L63: >80%
A64: Metrics Below Target | G64: =COUNTIF(G8:G57,"⚠️ Below Target") | L64: <3
A65: Metrics in Critical State | G65: =COUNTIF(G8:G57,"❌ Critical") | L65: 0
A66: Improving Trends | G66: =COUNTIF(H8:H57,"Improving") | L66: Maximize
A67: Declining Trends | G67: =COUNTIF(H8:H57,"Declining") | L67: Minimize
A68: Automated Tracking | G68: =COUNTIF(L8:L57,"Yes") | L68: All
A69: Dashboard Visibility | G69: =COUNTIF(M8:M57,"Yes") | L69: All
A72: KEY METRICS REFERENCE (MTTA/MTTT/MTTI/MTTR)
A73: Metric | D73: Definition | I73: Target (Critical) | L73: Target (High) | O73: Target (Medium)
A74: MTTA | D74: Mean Time To Acknowledge | I74: <15 min | L74: <1 hr | O74: <4 hrs
A75: MTTT | D75: Mean Time To Triage | I75: <1 hr | L75: <4 hrs | O75: <1 day
A76: MTTI | D76: Mean Time To Investigate | I76: <4 hrs | L76: <1 day | O76: <3 days
A77: MTTR | D77: Mean Time To Resolve | I77: <24 hrs | L77: <3 days | O77: <1 week
A78: TP Rate | D78: True Positive Rate | I78: >30% | L78: >20% | O78: >15%
A79: FP Rate | D79: False Positive Rate | I79: <10% | L79: <20% | O79: <30%
A82: PERFORMANCE METRICS CHECKLIST
A83: # | B83: Requirement
A84: 1 | B84: Alert volume metrics tracked
A85: 2 | B85: Response time metrics tracked (MTTA, MTTT, MTTI, MTTR)
A86: 3 | B86: Quality metrics tracked (TP rate, FP rate)
A87: 4 | B87: Effectiveness metrics tracked (detection rate)
A88: 5 | B88: Metrics targets defined
A89: 6 | B89: Metrics measured consistently
A90: 7 | B90: Metrics reported to SOC Lead (weekly)
A91: 8 | B91: Metrics reported to CISO (monthly)
A92: 9 | B92: Metrics dashboard available
A93: 10 | B93: Trends analysed
A94: 11 | B94: Performance issues identified
A95: 12 | B95: Improvement actions taken
... A98: 15 | B98: Metrics included in management reporting
A99: SCORE: | B99: =COUNTIF(R84:R98,"✅ Compliant")&" / 15"

Sheet 5. SOC Readiness
A1: 5. SOC OPERATIONAL READINESS ASSESSMENT
A2: Policy Reference: ISMS-POL-A.8.16-S3 - SOC operations
A3: Is the SOC operationally ready with adequate staffing, training, tools, and procedures?
A6: Readiness Area | B6: Requirement | C6: Current State | D6: Status | E6: Evidence | F6: Gap Description | G6: Business Impact | H6: Risk Level | I6: Remediation Plan | J6: Target Date | K6: Owner | L6: Budget Required | M6: Dependencies | N6: Status | O6: Last Updated | P6: Compliance Status | Q6: Notes
A7: Staffing | B7: 24/7 SOC coverage with Tier 1/2 analysts | C7: 5 Tier 1, 3 Tier 2, 24/7 coverage | D7: ✅ Adequate | E7: Shift rosters, staffing plan | F7: None | G7: N/A | H7: Low | I7: N/A | J7: N/A | K7: SOC Manager | L7: No | M7: None | N7: Complete | O7: 01.01.2025 | P7: ✅ Compliant | Q7: Adequate staffing levels
A60: SOC READINESS STATISTICS
A61: Metric | G61: Count/Value | L61: Target
A62: Total Readiness Requirements | G62: =COUNTA(A8:A57) | L62: N/A
A63: Requirements Adequate | G63: =COUNTIF(D8:D57,"✅ Adequate") | L63: All
A64: Requirements Needing Improvement | G64: =COUNTIF(D8:D57,"⚠️ Needs Improvement") | L64: <5
A65: Requirements Inadequate | G65: =COUNTIF(D8:D57,"❌ Inadequate") | L65: 0
A66: Remediation Complete | G66: =COUNTIF(N8:N57,"Complete") | L66: Target
A67: Remediation In Progress | G67: =COUNTIF(N8:N57,"In Progress") | L67: N/A
A68: Staffing by Area | G68: =COUNTIF(A8:A57,"Staffing") | L68: Target
A69: Training by Area | G69: =COUNTIF(A8:A57,"Training") | L69: Target
A72: SOC OPERATIONAL READINESS CHECKLIST
A73: # | B73: Requirement
A74: 1 | B74: SOC staffing adequate for 24/7 coverage
A75: 2 | B75: Analyst to alert ratio acceptable (<50 alerts/shift)
A76: 3 | B76: SOC tiers defined (Tier 1, 2, 3)
A77: 4 | B77: On-call rotation established
A78: 5 | B78: Shift handover procedures defined
A79: 6 | B79: SOC analysts trained on triage procedures
A80: 7 | B80: SOC analysts trained on investigation playbooks
A81: 8 | B81: SOC analysts trained on tools (SIEM, EDR, etc.)
A82: 9 | B82: Training records maintained
A83: 10 | B83: Quarterly training refreshers conducted
A84: 11 | B84: All required tools accessible to SOC
A85: 12 | B85: Tool access tested and functional
... A98: 25 | B98: Disaster recovery procedures tested
A99: SCORE: | B99: =COUNTIF(Q74:Q98,"✅ Compliant")&" / 25"

Sheet Evidence Register
A1: EVIDENCE REGISTER
A2: List all evidence files/documents referenced in this assessment (audit traceability).
A4: Evidence ID | B4: Assessment Area | C4: Evidence Type | D4: Description | E4: Location/Path | F4: Date Collected | G4: Collected By | H4: Verification Status
A5: EV-001 | B5: Alert Management | C5: Configuration file | D5: Alert escalation workflow configuration — Tier 1/2/3 routing rules | E5: \\fileserver\isms\evidence\monitoring\alert-workflow-config.xml | F5: 2024-03-01 | G5: Emma Fischer | H5: Verified

Sheet Summary Dashboard
A1: ALERT MANAGEMENT & RESPONSE ASSESSMENT — SUMMARY DASHBOARD
A2: Summary Dashboard — Monitoring Activities | 07.03.2026
A4: TABLE 1: COMPLIANCE OVERVIEW
A5: Assessment Area | B5: Total Items | C5: Compliant | D5: Partial | E5: Non-Compliant | F5: N/A | G5: Compliance %
A6: 1. Alert Generation | B6: =SUM(C6:F6) | C6: =COUNTIF('1. Alert Generation'!V73:V87,"✅ Compliant") | D6: =COUNTIF('1. Alert Generation'!V73:V87,"⚠️ Partial") | E6: =COUNTIF('1. Alert Generation'!V73:V87,"❌ Non-Compliant") | F6: =COUNTIF('1. Alert Generation'!V73:V87,"N/A") | G6: =IF((B6-F6)=0,0,C6/(B6-F6))
A7: 2. Triage Investigation | B7: =SUM(C7:F7) | C7: =COUNTIF('2. Triage Investigation'!U73:U87,"✅ Compliant") | D7: =COUNTIF('2. Triage Investigation'!U73:U87,"⚠️ Partial") | E7: =COUNTIF('2. Triage Investigation'!U73:U87,"❌ Non-Compliant") | F7: =COUNTIF('2. Triage Investigation'!U73:U87,"N/A") | G7: =IF((B7-F7)=0,0,C7/(B7-F7))
A8: 3. Escalation Response | B8: =SUM(C8:F8) | C8: =COUNTIF('3. Escalation Response'!S73:S87,"✅ Compliant") | D8: =COUNTIF('3. Escalation Response'!S73:S87,"⚠️ Partial") | E8: =COUNTIF('3. Escalation Response'!S73:S87,"❌ Non-Compliant") | F8: =COUNTIF('3. Escalation Response'!S73:S87,"N/A") | G8: =IF((B8-F8)=0,0,C8/(B8-F8))
A9: 4. Performance Metrics | B9: =SUM(C9:F9) | C9: =COUNTIF('4. Performance Metrics'!R84:R98,"✅ Compliant") | D9: =COUNTIF('4. Performance Metrics'!R84:R98,"⚠️ Partial") | E9: =COUNTIF('4. Performance Metrics'!R84:R98,"❌ Non-Compliant") | F9: =COUNTIF('4. Performance Metrics'!R84:R98,"N/A") | G9: =IF((B9-F9)=0,0,C9/(B9-F9))
A10: 5. SOC Readiness | B10: =SUM(C10:F10) | C10: =COUNTIF('5. SOC Readiness'!Q74:Q98,"✅ Compliant") | D10: =COUNTIF('5. SOC Readiness'!Q74:Q98,"⚠️ Partial") | E10: =COUNTIF('5. SOC Readiness'!Q74:Q98,"❌ Non-Compliant") | F10: =COUNTIF('5. SOC Readiness'!Q74:Q98,"N/A") | G10: =IF((B10-F10)=0,0,C10/(B10-F10))
A11: TOTAL | B11: =SUM(B6:B10) | C11: =SUM(C6:C10) | D11: =SUM(D6:D10) | E11: =SUM(E6:E10) | F11: =SUM(F6:F10) | G11: =IF((B11-F11)=0,0,C11/(B11-F11))
A13: TABLE 2: KEY METRICS
A14: Metric | F14: Value
A15: Active Alert Types | F15: =COUNTIF('1. Alert Generation'!R8:R200,"Active")
A16: Alerts Needing Tuning | F16: =COUNTIF('1. Alert Generation'!R8:R200,"Tuning Needed")
A17: Critical (P1) Alert Types | F17: =COUNTIF('1. Alert Generation'!D8:D200,"Critical (P1)")
A18: High (P2) Alert Types | F18: =COUNTIF('1. Alert Generation'!D8:D200,"High (P2)")
A19: Triage Processes — Defined | F19: =COUNTIF('2. Triage Investigation'!R8:R200,"✅ Defined")
A20: Triage Processes — Undefined | F20: =COUNTIF('2. Triage Investigation'!R8:R200,"❌ Undefined")
A21: Triage Processes — Partial | F21: =COUNTIF('2. Triage Investigation'!R8:R200,"⚠️ Partial")
A22: SOC Readiness Items — Non-Compliant | F22: =COUNTIF('5. SOC Readiness'!Q8:Q200,"❌ Non-Compliant")
A24: TABLE 3: CRITICAL FINDINGS
A25: Category / Finding | F25: Count | G25: Action
A26: Alerts Needing Tuning | F26: =COUNTIF('1. Alert Generation'!R8:R200,"Tuning Needed")
A27: Critical (P1) Alerts — Tuning Needed | F27: =COUNTIFS('1. Alert Generation'!D8:D200,"Critical (P1)",'1. Alert Generation'!R8:R200,"Tuning Needed")
A28: Triage Processes — Undefined | F28: =COUNTIF('2. Triage Investigation'!R8:R200,"❌ Undefined")
A29: Triage Processes — Partial | F29: =COUNTIF('2. Triage Investigation'!R8:R200,"⚠️ Partial")
A30: SOC Readiness — Non-Compliant Items | F30: =COUNTIF('5. SOC Readiness'!Q8:Q200,"❌ Non-Compliant")
A31: Filter source sheets using AutoFilter — see column headers above

Sheet Approval Sign-Off
A1: ASSESSMENT APPROVAL AND SIGN-OFF
A2: Approval workflow for ISMS-IMP-A.8.16.4 — Alert Management & Response Assessment
A3: COMPLETED BY
A4: Name
A5: Title
A6: Date
A7: Signature
A8: Comments
A10: REVIEWED BY
A11: Name
A12: Title
A13: Date
... A30: Scheduled Review Date
A31: Review Frequency | B31: Quarterly
