Workbook

Sheet Instructions
A1: ISMS-IMP-A.8.27.5 - SSE Compliance Dashboard
A3: Dashboard Overview
A4: Document ID | B4: ISMS-IMP-A.8.27.5
A5: Control Reference | B5: ISO/IEC 27001:2022 - Control A.8.27: Secure System Architecture and Engineering Principles
A6: Purpose | B6: Consolidated SSE compliance dashboard for executive reporting
A7: Data Sources | B7: A.8.27.1-4 Assessment Workbooks
A8: Update Frequency | B8: Quarterly (after domain assessments)
A9: Generated Date | B9: 08.02.2026
A11: Dashboard Sheets
A12: ExecutiveSummary | B12: High-level SSE status for leadership
A13: DomainScores | B13: Compliance scores by assessment domain
A14: ZeroTrustRadar | B14: Zero Trust pillar maturity data
A15: GapConsolidation | B15: All SSE gaps from all domains
A16: TrendAnalysis | B16: Historical trend data
A17: AuditEvidence | B17: Evidence inventory for audits
A18: ActionTracker | B18: Remediation action tracking

Sheet ExecutiveSummary
A1: Secure Systems Engineering - Executive Dashboard
A2: Report Date: 08.02.2026
A4: Overall SSE Compliance Score
A5: =AVERAGE(DomainScores!D4:D7)
A9: Domain Status Summary
A10: Domain | B10: Name | C10: Score | D10: Status | E10: Gaps | F10: Trend
A11: A.8.27.1 | B11: Architecture Review Process | C11: =DomainScores!D4
A12: A.8.27.2 | B12: Threat Modelling Methodology | C12: =DomainScores!D5
A13: A.8.27.3 | B13: Secure Architecture Patterns | C13: =DomainScores!D6
A14: A.8.27.4 | B14: Zero Trust Implementation | C14: =DomainScores!D7
A16: Key Metrics
A17: Total Open Gaps | B17: =COUNTIF(GapConsolidation!H:H,"Open")
A18: High Risk Gaps | B18: =COUNTIF(GapConsolidation!D:D,"High")
A19: Overdue Actions | B19: =COUNTIF(ActionTracker!F:F,"Overdue")
A20: ZT Average Maturity | B20: =AVERAGE(ZeroTrustRadar!C4:C10)
A22: Priority Actions for Next Quarter
A23: 1.
A24: 2.
A25: 3.
A26: 4.
A27: 5.

Sheet DomainScores
A1: SSE Domain Compliance Scores
A3: Domain | B3: Name | C3: Assessment Date | D3: Compliance Score | E3: Gap Count | F3: High Risk | G3: Status | H3: Trend | I3: Next Assessment
A4: A.8.27.1 | B4: Security Architecture Review Process
A5: A.8.27.2 | B5: Threat Modelling Methodology
A6: A.8.27.3 | B6: Secure Architecture Pattern Catalogue
A7: A.8.27.4 | B7: Zero Trust Implementation
A9: OVERALL | D9: =AVERAGE(D4:D7) | E9: =SUM(E4:E7) | F9: =SUM(F4:F7)

Sheet ZeroTrustRadar
A1: Zero Trust Maturity - Radar Chart Data
A3: Pillar | B3: Current Level | C3: Current Score | D3: Target Level | E3: Target Score | F3: Gap | G3: Priority
A4: Identity | F4: =E4-C4
A5: Device | F5: =E5-C5
A6: Network | F6: =E6-C6
A7: Workload | F7: =E7-C7
A8: Data | F8: =E8-C8
A9: Visibility | F9: =E9-C9
A10: Automation | F10: =E10-C10
A12: AVERAGE | C12: =AVERAGE(C4:C10) | E12: =AVERAGE(E4:E10) | F12: =E12-C12

Sheet GapConsolidation
A1: SSE Gap Consolidation
A3: Gap-ID | B3: Source | C3: Description | D3: Risk | E3: Remediation | F3: Owner | G3: Due Date | H3: Status | I3: Days Open | J3: Overdue
A4: SSE-GAP-001 | I4: =IF(H4="Closed","",TODAY()-G4) | J4: =IF(AND(H4<>"Closed",G4<TODAY()),"OVERDUE","")
A5: SSE-GAP-002 | I5: =IF(H5="Closed","",TODAY()-G5) | J5: =IF(AND(H5<>"Closed",G5<TODAY()),"OVERDUE","")
A6: SSE-GAP-003 | I6: =IF(H6="Closed","",TODAY()-G6) | J6: =IF(AND(H6<>"Closed",G6<TODAY()),"OVERDUE","")
A7: SSE-GAP-004 | I7: =IF(H7="Closed","",TODAY()-G7) | J7: =IF(AND(H7<>"Closed",G7<TODAY()),"OVERDUE","")
A8: SSE-GAP-005 | I8: =IF(H8="Closed","",TODAY()-G8) | J8: =IF(AND(H8<>"Closed",G8<TODAY()),"OVERDUE","")
A9: SSE-GAP-006 | I9: =IF(H9="Closed","",TODAY()-G9) | J9: =IF(AND(H9<>"Closed",G9<TODAY()),"OVERDUE","")
A10: SSE-GAP-007 | I10: =IF(H10="Closed","",TODAY()-G10) | J10: =IF(AND(H10<>"Closed",G10<TODAY()),"OVERDUE","")
A11: SSE-GAP-008 | I11: =IF(H11="Closed","",TODAY()-G11) | J11: =IF(AND(H11<>"Closed",G11<TODAY()),"OVERDUE","")
A12: SSE-GAP-009 | I12: =IF(H12="Closed","",TODAY()-G12) | J12: =IF(AND(H12<>"Closed",G12<TODAY()),"OVERDUE","")
A13: SSE-GAP-010 | I13: =IF(H13="Closed","",TODAY()-G13) | J13: =IF(AND(H13<>"Closed",G13<TODAY()),"OVERDUE","")
A14: SSE-GAP-011 | I14: =IF(H14="Closed","",TODAY()-G14) | J14: =IF(AND(H14<>"Closed",G14<TODAY()),"OVERDUE","")
A15: SSE-GAP-012 | I15: =IF(H15="Closed","",TODAY()-G15) | J15: =IF(AND(H15<>"Closed",G15<TODAY()),"OVERDUE","")
... A53: SSE-GAP-050 | I53: =IF(H53="Closed","",TODAY()-G53) | J53: =IF(AND(H53<>"Closed",G53<TODAY()),"OVERDUE","")

Sheet TrendAnalysis
A1: SSE Compliance Trend Analysis
A3: Period | B3: Overall Score | C3: Domain 1 | D3: Domain 2 | E3: Domain 3 | F3: Domain 4 | G3: Open Gaps | H3: High Gaps Closed
A4: Q1 2026
A5: Q2 2026
A6: Q3 2026
A7: Q4 2026
A8: Q1 2027
A9: Q2 2027
A10: Q3 2027
A11: Q4 2027

Sheet AuditEvidence
A1: SSE Audit Evidence Inventory
A3: Evidence-ID | B3: Domain | C3: Description | D3: Location | E3: Date | F3: Status | G3: Audit Use
A4: EV-001 | B4: All | C4: ISMS-POL-A.8.27 Approved Policy
A5: EV-002 | B5: A.8.27.1 | C5: Architecture Review Procedures
A6: EV-003 | B6: A.8.27.1 | C6: Sample Architecture Reviews (3+)
A7: EV-004 | B7: A.8.27.2 | C7: Threat Modelling Methodology
A8: EV-005 | B8: A.8.27.2 | C8: Sample Threat Models (3+)
A9: EV-006 | B9: A.8.27.2 | C9: MITRE ATT&CK Coverage Matrix
A10: EV-007 | B10: A.8.27.3 | C10: Secure Pattern Catalogue
A11: EV-008 | B11: A.8.27.3 | C11: Pattern Adoption Metrics
A12: EV-009 | B12: A.8.27.4 | C12: Zero Trust Strategy Document
A13: EV-010 | B13: A.8.27.4 | C13: ZT Maturity Assessment Results
A14: EV-011 | B14: All | C14: SSE Training Records
A15: EV-012 | B15: All | C15: Quarterly Dashboard Reports

Sheet ActionTracker
A1: SSE Remediation Action Tracker
A3: Action-ID | B3: Gap-ID | C3: Action | D3: Owner | E3: Due Date | F3: Status | G3: Completion Date | H3: Evidence
A4: ACT-001
A5: ACT-002
A6: ACT-003
A7: ACT-004
A8: ACT-005
A9: ACT-006
A10: ACT-007
A11: ACT-008
A12: ACT-009
A13: ACT-010
A14: ACT-011
A15: ACT-012
... A33: ACT-030
