Workbook

Sheet Evidence_Register
A1: Evidence ID | B1: Requirement ID | C1: Control ID | D1: Regulation ID | E1: Evidence Type | F1: Evidence Description | G1: Evidence Location | H1: Collection Date | I1: Valid Until | J1: Responsible Party | K1: Verification Status | L1: Last Verified By | M1: Refresh Frequency | N1: Next Refresh Date | O1: Audit Ready | P1: Notes | Q1: Last Updated
A2: EV-2025-001 | B2: REG-GDPR-32-001 | C2: A.8.24 | D2: REG-EU-001 | E2: 📄 Policy | F2: Information Security Policy v3.0 - Encryption Requirements | G2: /Evidence/REG-GDPR/Policies/InfoSec_Policy_v3.0.pdf | H2: 46001.518 | I2: 46426.518 | J2: ISMS Manager | K2: ✅ Verified | L2: Compliance Analyst / 2024-12-15 | M2: Annual | N2: 46426.518 | O2: ✅ Yes | P2: Approved by CISO 2024-11-15 | Q2: 46061.518
A3: EV-2025-002 | B3: REG-GDPR-32-001 | C3: A.5.10 | D3: REG-EU-001 | E3: 📋 Procedure | F3: Data Encryption Standard Operating Procedure | G3: /Evidence/REG-GDPR/Procedures/Encryption_SOP_v2.1.pdf | H3: 46016.518 | I3: 46426.518 | J3: CISO | K3: ✅ Verified | L3: Security Ops Lead / 2024-12-10 | M3: Annual | N3: 46426.518 | O3: ✅ Yes | P3: Updated for GDPR compliance Q4 2024 | Q3: 46061.518
A4: EV-2025-003 | B4: REG-GDPR-33-001 | C4: A.5.26 | D4: REG-EU-001 | E4: 📋 Procedure | F4: Data Breach Notification Procedure (72h) | G4: /Evidence/REG-GDPR/Procedures/Breach_Notification_v1.0.pdf | H4: 45971.518 | I4: 46426.518 | J4: Incident Response Lead | K4: ⏳ Pending | L4: Awaiting legal review | M4: Annual | N4: 46426.518 | O4: ⚠ Needs Update | P4: Needs update for FDPIC notification (Swiss FADP) | Q4: 46061.518
A5: EV-2025-004 | B5: REG-GDPR-37-001 | C5: A.5.2 | D5: REG-EU-001 | E5: 📸 Screenshot | F5: DPO Appointment Documentation & Contact Info | G5: /Evidence/REG-GDPR/Organizational/DPO_Appointment_2024.pdf | H5: 45881.518 | J5: HR Manager | K5: ✅ Verified | L5: Compliance Officer / 2024-11-20 | M5: One-time | O5: ✅ Yes | P5: DPO: dpo@organization.ch, appointed June 2024 | Q5: 46061.518
A6: EV-2025-005 | B6: REG-ISO27001-5.1-001 | C6: A.5.1 | D6: REG-INT-001 | E6: 📄 Policy | F6: ISMS Policy Suite (Master Document) | G6: /Evidence/ISO27001/Policies/ISMS_Master_Policy_v2.0.pdf | H6: 46031.518 | I6: 46396.518 | J6: ISMS Manager | K6: ✅ Verified | L6: ISMS Manager / 2024-12-01 | M6: Annual | N6: 46396.518 | O6: ✅ Yes | P6: Annual review scheduled Q4 2025 | Q6: 46061.518
A7: EV-2025-006 | B7: REG-ISO27001-6.1-001 | C7: A.5.7 | D7: REG-INT-001 | E7: 📈 Report | F7: Risk Assessment Report 2024 | G7: /Evidence/ISO27001/Risk/Risk_Assessment_Report_2024.xlsx | H7: 46046.518 | I7: 46411.518 | J7: CISO | K7: ✅ Verified | L7: Risk Manager / 2024-12-20 | M7: Annual | N7: 46411.518 | O7: ✅ Yes | P7: Annual risk assessment completed Q4 2024 | Q7: 46061.518
A8: EV-2025-007 | B8: REG-FADP-7-001 | C8: A.8.24 | D8: REG-CH-001 | E8: ⚙️ Configuration | F8: Database Encryption Configuration Export | G8: /Evidence/REG-FADP/Technical/DB_Encryption_Config_2024.json | H8: 46056.518 | J8: Database Admin | K8: ⏳ Pending | L8: Awaiting verification | M8: Quarterly | N8: 46081.518 | O8: ⚠ Needs Update | P8: Configuration export from production DB. Needs verification. | Q8: 46061.518
A9: EV-2025-008 | B9: REG-FADP-24-001 | C9: A.5.26 | D9: REG-CH-001 | E9: 📋 Procedure | F9: FDPIC Breach Notification Procedure | G9: /Evidence/REG-FADP/Procedures/FDPIC_Notification_v1.0.pdf | J9: Incident Response Lead | K9: ❓ Missing | L9: Not collected | M9: As-needed | O9: ❌ No | P9: CRITICAL: Procedure not yet created. Target: Q1 2025 | Q9: 46061.518
A10: EV-2025-009 | B10: REG-NIS2-21-001 | C10: A.8.8 | D10: REG-EU-002 | E10: 🧪 Test Result | F10: Vulnerability Scan Results Q4 2024 | G10: /Evidence/REG-NIS2/Testing/Vuln_Scan_2024Q4.pdf | H10: 46051.518 | I10: 46141.518 | J10: Security Ops | K10: ✅ Verified | L10: Security Analyst / 2024-12-22 | M10: Quarterly | N10: 46081.518 | O10: ✅ Yes | P10: Tier 2 (Conditional) - maintained for readiness | Q10: 46061.518
A11: EV-2025-010 | B11: REG-NIST-ID.AM-001 | C11: A.5.9 | D11: REG-VOL-001 | E11: 📊 Log | F11: Asset Inventory System Export | G11: /Evidence/NIST/Inventory/Asset_Inventory_2024-12.csv | H11: 46059.518 | I11: 46089.518 | J11: IT Ops Manager | K11: ✅ Verified | L11: IT Operations / 2024-12-30 | M11: Monthly | N11: 46089.518 | O11: ✅ Yes | P11: 80% coverage achieved. Monthly exports automated. | Q11: 46061.518
A12: EV-2025-011 | B12: REG-GDPR-32-001 | C12: A.8.24 | D12: REG-EU-001 | E12: 🎓 Certificate | F12: TLS Certificate for production systems | G12: /Evidence/REG-GDPR/Certificates/TLS_Cert_2024.pem | H12: 45971.518 | I12: 46031.518 | J12: Security Engineer | K12: ❌ Expired | L12: Certificate expired | M12: Annual | N12: 46031.518 | O12: ❌ No | P12: URGENT: TLS certificate expired! Needs renewal immediately. | Q12: 46061.518

Sheet Instructions
A1: ISMS-IMP-A.5.31.5 | EVIDENCE REGISTER - INSTRUCTIONS | ISO/IEC 27001:2022 - Control A.5.31: Legal, Statutory, Regulatory and Contractual Requirements
A3: PURPOSE:
A4: Track all evidence demonstrating compliance with regulatory requirements.
A5: Ensures audit readiness and ongoing compliance monitoring.
A7: EVIDENCE ID FORMAT:
A8: EV-[Year]-[Seq]
A9: Example: EV-2025-001
A11: EVIDENCE TYPES:
A12: 📄 Policy: Policy documents
A13: 📋 Procedure: Documented procedures
A14: ⚙️ Configuration: System settings
A15: 📊 Log: Security logs, access logs
... A40: Requirements → Controls → Evidence Collection → This Register

Sheet Evidence_by_Regulation
A1: EVIDENCE SUMMARY - BY REGULATION
A2: Regulation ID | B2: Regulation | C2: Total Evidence | D2: Verified | E2: Pending | F2: Expired | G2: Missing
A3: REG-EU-001 | B3: GDPR | C3: =COUNTIF(Evidence_Register!D:D,"REG-EU-001") | D3: =COUNTIFS(Evidence_Register!D:D,"REG-EU-001",Evidence_Register!K:K,"*✅*") | E3: =COUNTIFS(Evidence_Register!D:D,"REG-EU-001",Evidence_Register!K:K,"*⏳*") | F3: =COUNTIFS(Evidence_Register!D:D,"REG-EU-001",Evidence_Register!K:K,"*❌*") | G3: =COUNTIFS(Evidence_Register!D:D,"REG-EU-001",Evidence_Register!K:K,"*❓*")
A4: REG-INT-001 | B4: ISO 27001 | C4: =COUNTIF(Evidence_Register!D:D,"REG-INT-001") | D4: =COUNTIFS(Evidence_Register!D:D,"REG-INT-001",Evidence_Register!K:K,"*✅*") | E4: =COUNTIFS(Evidence_Register!D:D,"REG-INT-001",Evidence_Register!K:K,"*⏳*") | F4: =COUNTIFS(Evidence_Register!D:D,"REG-INT-001",Evidence_Register!K:K,"*❌*") | G4: =COUNTIFS(Evidence_Register!D:D,"REG-INT-001",Evidence_Register!K:K,"*❓*")
A5: REG-CH-001 | B5: Swiss FADP | C5: =COUNTIF(Evidence_Register!D:D,"REG-CH-001") | D5: =COUNTIFS(Evidence_Register!D:D,"REG-CH-001",Evidence_Register!K:K,"*✅*") | E5: =COUNTIFS(Evidence_Register!D:D,"REG-CH-001",Evidence_Register!K:K,"*⏳*") | F5: =COUNTIFS(Evidence_Register!D:D,"REG-CH-001",Evidence_Register!K:K,"*❌*") | G5: =COUNTIFS(Evidence_Register!D:D,"REG-CH-001",Evidence_Register!K:K,"*❓*")

Sheet Evidence_by_Control
A1: EVIDENCE SUMMARY - BY ISO 27001 CONTROL
A2: Control ID | B2: Control | C2: Total Evidence | D2: Verified | E2: Pending | F2: Missing
A3: A.5.1 | B3: Policies for information security | C3: =COUNTIF(Evidence_Register!C:C,"A.5.1") | D3: =COUNTIFS(Evidence_Register!C:C,"A.5.1",Evidence_Register!K:K,"*✅*") | E3: =COUNTIFS(Evidence_Register!C:C,"A.5.1",Evidence_Register!K:K,"*⏳*") | F3: =COUNTIFS(Evidence_Register!C:C,"A.5.1",Evidence_Register!K:K,"*❓*")
A4: A.5.2 | B4: Roles and responsibilities | C4: =COUNTIF(Evidence_Register!C:C,"A.5.2") | D4: =COUNTIFS(Evidence_Register!C:C,"A.5.2",Evidence_Register!K:K,"*✅*") | E4: =COUNTIFS(Evidence_Register!C:C,"A.5.2",Evidence_Register!K:K,"*⏳*") | F4: =COUNTIFS(Evidence_Register!C:C,"A.5.2",Evidence_Register!K:K,"*❓*")
A5: A.8.24 | B5: Use of cryptography | C5: =COUNTIF(Evidence_Register!C:C,"A.8.24") | D5: =COUNTIFS(Evidence_Register!C:C,"A.8.24",Evidence_Register!K:K,"*✅*") | E5: =COUNTIFS(Evidence_Register!C:C,"A.8.24",Evidence_Register!K:K,"*⏳*") | F5: =COUNTIFS(Evidence_Register!C:C,"A.8.24",Evidence_Register!K:K,"*❓*")
A6: A.5.26 | B6: Response to incidents | C6: =COUNTIF(Evidence_Register!C:C,"A.5.26") | D6: =COUNTIFS(Evidence_Register!C:C,"A.5.26",Evidence_Register!K:K,"*✅*") | E6: =COUNTIFS(Evidence_Register!C:C,"A.5.26",Evidence_Register!K:K,"*⏳*") | F6: =COUNTIFS(Evidence_Register!C:C,"A.5.26",Evidence_Register!K:K,"*❓*")

Sheet Alerts_Actions
A1: EVIDENCE ALERTS & ACTION ITEMS
A3: EXPIRED EVIDENCE
A4: Evidence with Valid Until < Today
A5: Evidence ID | B5: Description | C5: Control | D5: Issue | E5: Responsible
A6: EV-2025-011 | B6: TLS Certificate expired | C6: A.8.24 | D6: Expired 30 days ago | E6: Security Engineer
A9: UPCOMING REFRESH (30 days)
A10: Evidence approaching refresh date
A11: Evidence ID | B11: Description | C11: Control | D11: Issue | E11: Responsible
A15: MISSING EVIDENCE
A16: Evidence not yet collected
A17: Evidence ID | B17: Description | C17: Control | D17: Issue | E17: Responsible
A18: EV-2025-008 | B18: FDPIC notification procedure | C18: A.5.26 | D18: Not collected | E18: Incident Response Lead
A21: NOT AUDIT READY
A22: Evidence that would not satisfy audit
A23: Evidence ID | B23: Description | C23: Control | D23: Issue | E23: Responsible
