Workbook

Sheet Requirements_Register
A1: Requirement ID | B1: Regulation ID | C1: Regulation Name | D1: Citation | E1: Original Requirement Text | F1: Interpreted Requirement | G1: Category | H1: Priority | I1: Implementation Deadline | J1: Implementation Status | K1: Mapped Controls | L1: Gap Status | M1: Responsible Party | N1: Notes | O1: Extracted By | P1: Reviewed By | Q1: Approved By | R1: Last Updated
A2: REG-GDPR-32-001 | B2: REG-EU-001 | C2: GDPR | D2: Article 32(1)(a) | E2: The controller and the processor shall implement appropriate technical and organisational measures to ensure a level of security appropriate to the risk, including inter alia as appropriate: (a) the pseudonymisation and encryption of personal data | F2: Implement encryption for personal data at rest and in transit where appropriate based on risk assessment | G2: Technical | H2: 🔴 High | I2: 45809 | J2: ⏳ In Progress | K2: A.8.24, A.5.10 | L2: ⚠ Partial Gap | M2: CISO | N2: Encryption in transit complete (TLS 1.3). Database encryption in progress (Q1 2025). | O2: Compliance Analyst / 2024-11-15 | P2: Legal Counsel / 2024-11-20 | Q2: Compliance Officer / 2024-11-22 | R2: 46061.492
A3: REG-GDPR-33-001 | B3: REG-EU-001 | C3: GDPR | D3: Article 33(1) | E3: In the case of a personal data breach, the controller shall without undue delay and, where feasible, not later than 72 hours after having become aware of it, notify the personal data breach to the supervisory authority | F3: Notify data protection authority within 72 hours of becoming aware of personal data breach | G3: Reporting | H3: 🔴 High | I3: 45717 | J3: ➖ Not Started | K3: A.5.26, A.5.25 | L3: ❌ Complete Gap | M3: Incident Response Lead | N3: Requires incident response procedure update and SIEM alerting configuration. | O3: Compliance Analyst / 2024-11-15 | P3: Legal Counsel / 2024-11-20 | Q3: Compliance Officer / 2024-11-22 | R3: 46061.492
A4: REG-GDPR-37-001 | B4: REG-EU-001 | C4: GDPR | D4: Article 37(1) | E4: The controller and the processor shall designate a data protection officer in cases where processing is carried out by a public authority or body | F4: Appoint Data Protection Officer (DPO) where required by Article 37 criteria | G4: Organizational | H4: 🔴 High | I4: 45657 | J4: ✅ Implemented | K4: A.5.2, A.6.1 | L4: ✅ No Gap | M4: Executive Management | N4: DPO appointed June 2024. Contact: dpo@organization.ch | O4: Compliance Analyst / 2024-11-15 | P4: Legal Counsel / 2024-11-20 | Q4: Compliance Officer / 2024-11-22 | R4: 46061.492
A5: REG-ISO27001-5.1-001 | B5: REG-INT-001 | C5: ISO 27001:2022 | D5: Clause 5.1 / A.5.1 | E5: Top management shall establish, implement and maintain information security policies that are approved, communicated to all relevant parties, and available as documented information | F5: Establish, document, approve, and communicate information security policies to all relevant parties | G5: Organizational | H5: 🔴 High | I5: 45688 | J5: ✅ Implemented | K5: A.5.1 | L5: ✅ No Gap | M5: ISMS Manager | N5: ISMS policies documented and approved. Annual review scheduled Q4. | O5: ISMS Analyst / 2024-10-01 | P5: ISMS Manager / 2024-10-05 | Q5: Executive Management / 2024-10-10 | R5: 46061.492
A6: REG-ISO27001-6.1-001 | B6: REG-INT-001 | C6: ISO 27001:2022 | D6: Clause 6.1.2 | E6: The organization shall define and apply an information security risk assessment process | F6: Define and implement systematic information security risk assessment process | G6: Organizational | H6: 🔴 High | I6: 45716 | J6: ⏳ In Progress | K6: A.5.7, A.8.8 | L6: ⚠ Partial Gap | M6: CISO | N6: Risk assessment methodology documented. Tool selection in progress (Q1 2025). | O6: ISMS Analyst / 2024-10-01 | P6: ISMS Manager / 2024-10-05 | Q6: Executive Management / 2024-10-10 | R6: 46061.492
A7: REG-ISO27001-8.1-001 | B7: REG-INT-001 | C7: ISO 27001:2022 | D7: Clause 8.1 / Annex A | E7: The organization shall plan, implement and control the processes needed to meet information security requirements, and to implement the actions determined in 6.1 | F7: Implement and control all applicable Annex A controls as documented in Statement of Applicability | G7: Technical | H7: 🔴 High | I7: 45930 | J7: ⏳ In Progress | K7: All 93 Annex A controls | L7: ⚠ Partial Gap | M7: ISMS Manager | N7: Control implementation roadmap in progress. 65/93 controls implemented (70%). | O7: ISMS Analyst / 2024-10-01 | P7: ISMS Manager / 2024-10-05 | Q7: Executive Management / 2024-10-10 | R7: 46061.492
A8: REG-FADP-7-001 | B8: REG-CH-001 | C8: Swiss FADP | D8: Article 7 | E8: The controller shall implement appropriate technical and organizational measures to ensure a level of data security appropriate to the risk to the personality and fundamental rights of the data subject arising from the processing | F8: Implement risk-appropriate technical and organizational measures to protect personal data | G8: Technical | H8: 🔴 High | I8: 45838 | J8: ⏳ In Progress | K8: A.5.10, A.5.14, A.8.1-8.34 | L8: ⚠ Partial Gap | M8: CISO | N8: Overlaps significantly with GDPR Art. 32. Using ISO 27001 controls framework. | O8: Compliance Analyst / 2024-12-01 | P8: Legal Counsel (CH) / 2024-12-05 | Q8: Compliance Officer / 2024-12-08 | R8: 46061.492
A9: REG-FADP-24-001 | B9: REG-CH-001 | C9: Swiss FADP | D9: Article 24 | E9: Controllers and processors shall notify the Federal Data Protection and Information Commissioner (FDPIC) of any data breach likely to result in a high risk to the personality or fundamental rights of the data subject as quickly as possible | F9: Notify FDPIC of high-risk data breaches as quickly as possible | G9: Reporting | H9: 🔴 High | I9: 45717 | J9: ➖ Not Started | K9: A.5.26, A.5.25 | L9: ❌ Complete Gap | M9: Incident Response Lead | N9: Similar to GDPR but reported to FDPIC. No 72-hour explicit deadline but 'quickly as possible'. | O9: Compliance Analyst / 2024-12-01 | P9: Legal Counsel (CH) / 2024-12-05 | Q9: Compliance Officer / 2024-12-08 | R9: 46061.492
A10: REG-NIS2-21-001 | B10: REG-EU-002 | C10: NIS2 | D10: Article 21 | E10: Essential and important entities shall take appropriate and proportionate technical, operational and organisational measures to manage the risks posed to the security of network and information systems | F10: Implement risk management measures for network and information systems security | G10: Technical | H10: 🟡 Medium | I10: 45947 | J10: ➖ Not Started | K10: A.5.7, A.8.8, A.8.20 | L10: 🔍 TBD | M10: CISO | N10: Tier 2 (Conditional): Only applicable if thresholds met. Monitor quarterly. | O10: Compliance Analyst / 2024-12-10 | P10: Legal Counsel / 2024-12-12 | Q10: Compliance Officer / 2024-12-15 | R10: 46061.492
A11: REG-NIS2-23-001 | B11: REG-EU-002 | C11: NIS2 | D11: Article 23 | E11: Essential and important entities shall notify, without undue delay, the CSIRT or, where applicable, the competent authority, of any incident having a significant impact on the provision of their services | F11: Notify CSIRT/competent authority of significant incidents without undue delay | G11: Reporting | H11: 🟡 Medium | I11: 45947 | J11: ➖ Not Started | K11: A.5.26, A.5.27 | L11: 🔍 TBD | M11: Incident Response Lead | N11: Tier 2 (Conditional): Two-stage notification (24h initial, 72h detailed report). | O11: Compliance Analyst / 2024-12-10 | P11: Legal Counsel / 2024-12-12 | Q11: Compliance Officer / 2024-12-15 | R11: 46061.492
A12: REG-NIST-ID.AM-001 | B12: REG-VOL-001 | C12: NIST CSF 2.0 | D12: ID.AM-1 | E12: Inventories of hardware managed by the organization are maintained | F12: Maintain inventory of all hardware assets managed by organization | G12: Organizational | H12: 🟢 Low | I12: 46203 | J12: ⏳ In Progress | K12: A.5.9, A.8.9 | L12: ⚠ Partial Gap | M12: IT Operations Manager | N12: Tier 3 (Informational): Voluntary framework. Asset inventory tool deployed (80% coverage). | O12: Security Analyst / 2024-11-01 | P12: CISO / 2024-11-05 | Q12: ISMS Manager / 2024-11-08 | R12: 46061.492
A13: REG-NIST-PR.DS-001 | B13: REG-VOL-001 | C13: NIST CSF 2.0 | D13: PR.DS-1 | E13: Data-at-rest is protected | F13: Implement protection measures for data at rest (encryption, access controls) | G13: Technical | H13: 🟢 Low | I13: 46203 | J13: ⏳ In Progress | K13: A.8.24, A.5.10, A.8.11 | L13: ⚠ Partial Gap | M13: CISO | N13: Tier 3 (Informational): Overlaps with GDPR/FADP requirements. | O13: Security Analyst / 2024-11-01 | P13: CISO / 2024-11-05 | Q13: ISMS Manager / 2024-11-08 | R13: 46061.492

Sheet Instructions
A1: ISMS-IMP-A.5.31.3 | REQUIREMENTS REGISTER - INSTRUCTIONS | ISO/IEC 27001:2022 - Control A.5.31: Legal, Statutory, Regulatory and Contractual Requirements
A3: PURPOSE:
A4: Master list of all requirements extracted from applicable regulations.
A5: Bridge between regulatory text and implementable controls.
A7: REQUIREMENT ID FORMAT:
A8: REG-[RegCode]-[Article]-[Seq]
A9: Example: REG-GDPR-32-001 (First requirement from GDPR Article 32)
A11: CATEGORIES:
A12: • Technical: Systems, technology, technical controls
A13: • Organizational: Policies, procedures, governance, roles
A14: • Reporting: Notifications, submissions, disclosures to authorities
A15: • Operational: Ongoing operations, monitoring, testing
... A128: • Filter by Implementation Status to track progress

Sheet Summary_Metrics
A1: REQUIREMENTS REGISTER - SUMMARY METRICS
A3: OVERVIEW
A4: Total Requirements: | B4: =COUNTA(Requirements_Register!A2:A1000)
A6: BY REGULATION (Top 5)
A7: GDPR: | B7: =COUNTIF(Requirements_Register!C:C,"*GDPR*")
A8: ISO 27001:2022: | B8: =COUNTIF(Requirements_Register!C:C,"*ISO 27001:2022*")
A9: Swiss FADP: | B9: =COUNTIF(Requirements_Register!C:C,"*Swiss FADP*")
A10: NIS2: | B10: =COUNTIF(Requirements_Register!C:C,"*NIS2*")
A11: NIST CSF 2.0: | B11: =COUNTIF(Requirements_Register!C:C,"*NIST CSF 2.0*")
A13: BY CATEGORY
A14: Technical: | B14: =COUNTIF(Requirements_Register!G:G,"Technical")
A15: Organizational: | B15: =COUNTIF(Requirements_Register!G:G,"Organizational")
A16: Reporting: | B16: =COUNTIF(Requirements_Register!G:G,"Reporting")
A17: Operational: | B17: =COUNTIF(Requirements_Register!G:G,"Operational")
A19: BY PRIORITY
A20: 🔴 High: | B20: =COUNTIF(Requirements_Register!H:H,"*🔴*")
A21: 🟡 Medium: | B21: =COUNTIF(Requirements_Register!H:H,"*🟡*")
A22: 🟢 Low: | B22: =COUNTIF(Requirements_Register!H:H,"*🟢*")
A24: BY IMPLEMENTATION STATUS
A25: {CHECK} Implemented: | B25: =COUNTIF(Requirements_Register!J:J,"*✅*")
A26: ⏳ In Progress: | B26: =COUNTIF(Requirements_Register!J:J,"*⏳*")
A27: ➖ Not Started: | B27: =COUNTIF(Requirements_Register!J:J,"*➖*")
A28: ❓ N/A: | B28: =COUNTIF(Requirements_Register!J:J,"*❓*")
A29: Implementation Progress: | B29: =COUNTIF(Requirements_Register!J:J,"*✅*")/(COUNTA(Requirements_Register!A2:A1000)-COUNTIF(Requirements_Register!J:J,"*❓*"))
A31: BY GAP STATUS
A32: {XMARK} Complete Gap: | B32: =COUNTIF(Requirements_Register!L:L,"*❌*")
A33: {WARNING} Partial Gap: | B33: =COUNTIF(Requirements_Register!L:L,"*⚠*")
A34: {CHECK} No Gap: | B34: =COUNTIF(Requirements_Register!L:L,"*✅*")
A35: 🔍 TBD: | B35: =COUNTIF(Requirements_Register!L:L,"*🔍*")
A37: APPROACHING DEADLINES
A38: Overdue: | B38: =COUNTIFS(Requirements_Register!I:I,"<"&TODAY(),Requirements_Register!J:J,"<>*✅*")
A39: Next 30 days: | B39: =COUNTIFS(Requirements_Register!I:I,">="&TODAY(),Requirements_Register!I:I,"<="&TODAY()+30,Requirements_Register!J:J,"<>*✅*")
A40: Next 90 days: | B40: =COUNTIFS(Requirements_Register!I:I,">="&TODAY(),Requirements_Register!I:I,"<="&TODAY()+90,Requirements_Register!J:J,"<>*✅*")

Sheet Extraction_Worksheet
A1: EXTRACTION WORKSHEET - Article-by-Article Review
A2: Article # | B2: Article Title | C2: Summary | D2: Contains Obligations? | E2: Est. # Requirements | F2: Complexity | G2: Legal Review? | H2: Status | I2: Notes
A3: Art. 32 | B3: Security of processing | C3: Requirements for technical and organizational measures | D3: Y | E3: 5 | F3: M | G3: N | H3: ✅ Complete | I3: 5 requirements extracted
A4: Art. 33 | B4: Breach notification | C4: 72-hour notification requirement | D4: Y | E4: 1 | F4: S | G4: Y | H4: ✅ Complete | I4: 1 requirement extracted
A5: Art. 34 | B5: Communication to data subjects | C5: Notification to affected individuals | D5: Y | E5: 2 | F5: M | G5: Y | H5: ⏳ In Progress
A6: Art. 35 | B6: Data protection impact assessment | C6: DPIA requirements and process | D6: Y | E6: 4 | F6: C | G6: Y | H6: ➖ Not Started
A7: Art. 36 | B7: Prior consultation | C7: Consultation with supervisory authority | D7: Y | E7: 1 | F7: M | G7: Y | H7: ➖ Not Started
